0.000000,0.015625,0.031250,0.046875,0.062500,0.078125,0.093750,0.109375,0.125000,0.140625,0.156250,0.171875,0.187500,0.203125,0.218750,0.234375,0.250000,0.265625,0.281250,0.296875,0.312500,0.328125,0.343750,0.359375,0.375000,0.390625,0.406250,0.421875,0.437500,0.453125,0.468750,0.484375,0.500000,0.515625,0.531250,0.546875,0.562500,0.578125,0.593750,0.609375,0.625000,0.640625,0.656250,0.671875,0.687500,0.703125,0.718750,0.734375,0.750000,0.765625,0.781250,0.796875,0.812500,0.828125,0.843750,0.859375,0.875000,0.890625,0.906250,0.921875,0.937500,0.953125,0.968750,0.984375
9.64813195e-03,9.82654434e-03,1.00451990e-02,1.02904631e-02,1.05475927e-02,1.08011881e-02,1.10356838e-02,1.12358713e-02,1.13874441e-02,1.14775526e-02,1.14952906e-02,1.14329796e-02,1.12850296e-02,1.10496664e-02,1.07289204e-02,1.03286768e-02,9.85866233e-03,9.33223148e-03,8.76595791e-03,8.17904295e-03,7.59256489e-03,7.02860583e-03,6.50930340e-03,6.05588037e-03,5.68770741e-03,5.42145073e-03,5.27035268e-03,5.24372091e-03,5.34595438e-03,5.57768342e-03,5.93458352e-03,6.40788771e-03,6.98476437e-03,7.64877749e-03,8.38047735e-03,9.15809063e-03,9.95828640e-03,1.07569957e-02,1.15302617e-02,1.22550963e-02,1.29103163e-02,1.34773298e-02,1.39408397e-02,1.42894314e-02,1.45160068e-02,1.46180146e-02,1.45975600e-02,1.44623600e-02,1.42219892e-02,1.38910437e-02,1.34868149e-02,1.30285921e-02,1.25367717e-02,1.20319389e-02,1.15339880e-02,1.10613324e-02,1.06302386e-02,1.02543090e-02,9.94412061e-03,9.70701638e-03,9.54703674e-03,9.46497755e-03,9.45861224e-03,9.52207284e-03
-6.81728399e-03,-6.20167620e-03,-5.45641715e-03,-4.58401034e-03,-3.58697818e-03,-2.46812532e-03,-1.23082480e-03,1.20692074e-04,1.58105643e-03,3.14352442e-03,4.79978545e-03,6.53982272e-03,8.35184254e-03,1.02222720e-02,1.21358238e-02,1.40756233e-02,1.60233914e-02,1.79596731e-02,1.98641027e-02,2.17156948e-02,2.34931518e-02,2.51751795e-02,2.67408042e-02,2.81696852e-02,2.94424210e-02,3.05408463e-02,3.14483196e-02,3.21499987e-02,3.26330964e-02,3.28870568e-02,3.29028123e-02,3.26829725e-02,3.22192275e-02,3.15144142e-02,3.05743936e-02,2.94086210e-02,2.80303364e-02,2.64565428e-02,2.47078336e-02,2.28080713e-02,2.07839180e-02,1.86642284e-02,1.64793278e-02,1.42602099e-02,1.20376986e-02,9.84162236e-03,7.70005022e-03,5.63863288e-03,3.68008286e-03,1.84381505e-03,1.45755493e-04,-1.40167978e-03,-2.78947090e-03,-4.01175768e-03,-5.06548812e-03,-5.95000865e-03,-6.66661572e-03,-7.21809445e-03,-7.60826454e-03,-7.84152815e-03,-7.92290386e-03,-7.85716830e-03,-7.64834581e-03,-7.30053329e-03
2.96654549e-02,2.88432823e-02,2.77808358e-02,2.64895515e-02,2.49849451e-02,2.32863571e-02,2.14164965e-02,1.94008097e-02,1.72667122e-02,1.50427385e-02,1.27576746e-02,1.04397421e-02,8.11589793e-03,5.81129904e-03,3.54896360e-03,1.34963457e-03,-7.68171070e-04,-2.78795086e-03,-4.69495079e-03,-6.47582268e-03,-8.11831128e-03,-9.61101084e-03,-1.09432223e-02,-1.21049260e-02,-1.30868669e-02,-1.38807321e-02,-1.44793851e-02,-1.48770882e-02,-1.50695076e-02,-1.50575391e-02,-1.48384123e-02,-1.44150316e-02,-1.37920175e-02,-1.29760157e-02,-1.19755798e-02,-1.08009745e-02,-9.46394413e-03,-7.97746939e-03,-6.35553111e-03,-4.61289463e-03,-2.76492442e-03,-8.27433842e-04,1.18342753e-03,3.25124212e-03,5.35939969e-03,7.49110838e-03,9.62940245e-03,1.17571395e-02,1.38569948e-02,1.59114587e-02,1.79028450e-02,1.98133162e-02,2.16249314e-02,2.33197247e-02,2.48798190e-02,2.62875821e-02,2.75258291e-02,2.85780757e-02,2.94288413e-02,3.00639977e-02,3.04711356e-02,3.06398037e-02,3.05632788e-02,3.02400116e-02
1.77670848e-02,1.65474412e-02,1.52538119e-02,1.39095532e-02,1.25409778e-02,1.11764485e-02,9.84527048e-03,8.57645814e-03,7.39747005e-03,6.33300602e-03,5.40395597e-03,4.62657236e-03,4.01191439e-03,3.56558634e-03,3.28776792e-03,3.17351936e-03,3.21323807e-03,3.39326280e-03,3.69729099e-03,4.10653039e-03,4.60099451e-03,5.16039934e-03,5.76504509e-03,6.39662480e-03,7.03892783e-03,7.67841139e-03,8.30461662e-03,8.91041035e-03,9.49203954e-03,1.00489947e-02,1.05836884e-02,1.11009688e-02,1.16074978e-02,1.21110393e-02,1.26197048e-02,1.31412132e-02,1.36822151e-02,1.42477295e-02,1.48407251e-02,1.54618684e-02,1.61094425e-02,1.67794266e-02,1.74657118e-02,1.81604215e-02,1.88542957e-02,1.95371002e-02,2.01980232e-02,2.08260267e-02,2.14101324e-02,2.19396279e-02,2.24041949e-02,2.27939680e-02,2.30995444e-02,2.33119676e-02,2.34226914e-02,2.34231885e-02,2.33088449e-02,2.30706248e-02,2.27036721e-02,2.22043430e-02,2.15710144e-02,2.08046648e-02,1.99094153e-02,1.88929968e-02
-1.40926429e-02,-1.54596487e-02,-1.69018859e-02,-1.84001142e-02,-1.99316994e-02,-2.14713223e-02,-2.29918537e-02,-2.44653391e-02,-2.58640245e-02,-2.71613561e-02,-2.83328925e-02,-2.93570768e-02,-3.02158338e-02,-3.08949687e-02,-3.13843453e-02,-3.16777486e-02,-3.17751321e-02,-3.16785246e-02,-3.13915424e-02,-3.09232083e-02,-3.02849508e-02,-2.94904302e-02,-2.85551624e-02,-2.74961271e-02,-2.63313902e-02,-2.50797468e-02,-2.37603849e-02,-2.23925694e-02,-2.09953440e-02,-1.95872480e-02,-1.81860481e-02,-1.68084841e-02,-1.54700314e-02,-1.41846815e-02,-1.29647474e-02,-1.18206974e-02,-1.07610263e-02,-9.79216978e-03,-8.91847125e-03,-8.14220635e-03,-7.46367232e-03,-6.88134542e-03,-6.39210740e-03,-5.99153857e-03,-5.67427072e-03,-5.43438891e-03,-5.26586700e-03,-5.16302114e-03,-5.12090952e-03,-5.13565926e-03,-5.20518143e-03,-5.32895144e-03,-5.50836649e-03,-5.74673584e-03,-6.04914945e-03,-6.42220452e-03,-6.87359262e-03,-7.41155979e-03,-8.04426207e-03,-8.77904717e-03,-9.62170148e-03,-1.05757081e-02,-1.16415653e-02,-1.28162170e-02
1.76152956e-02,1.68236418e-02,1.59523416e-02,1.50065051e-02,1.39885965e-02,1.28984382e-02,1.17334430e-02,1.04890790e-02,9.15955759e-03,7.73871383e-03,6.22103742e-03,4.60279137e-03,2.88314530e-03,1.06523807e-03,-8.42920871e-04,-2.82778553e-03,-4.86997502e-03,-6.94433804e-03,-9.02044178e-03,-1.10634734e-02,-1.30355049e-02,-1.48970339e-02,-1.66086835e-02,-1.81329269e-02,-1.94357001e-02,-2.04877825e-02,-2.12658346e-02,-2.17529364e-02,-2.19405278e-02,-2.18276254e-02,-2.14151177e-02,-2.07135219e-02,-1.97382636e-02,-1.85091988e-02,-1.70498038e-02,-1.53863404e-02,-1.35470633e-02,-1.15614965e-02,-9.45979319e-03,-7.27218201e-03,-5.02849737e-03,-2.75778564e-03,-4.87978898e-04,1.75436818e-03,3.94429907e-03,6.05866550e-03,8.07626659e-03,9.97798306e-03,1.17468956e-02,1.33683911e-02,1.48302602e-02,1.61227832e-02,1.72388046e-02,1.81737857e-02,1.89258280e-02,1.94956526e-02,1.98865205e-02,2.01040665e-02,2.01558953e-02,2.00534657e-02,1.98065983e-02,1.94270575e-02,1.89273953e-02,1.83197517e-02
1.31257601e-02,1.39339852e-02,1.45675254e-02,1.50109173e-02,1.52511187e-02,1.52777242e-02,1.50871032e-02,1.46745321e-02,1.40424659e-02,1.31979296e-02,1.21526442e-02,1.09229449e-02,9.52942566e-03,7.99634944e-03,6.35084986e-03,4.62196975e-03,2.83959791e-03,1.03337901e-03,-7.68324328e-04,-2.53932658e-03,-4.25637600e-03,-5.89963018e-03,-7.45289976e-03,-8.90365367e-03,-1.02428133e-02,-1.14643810e-02,-1.25649567e-02,-1.35432012e-02,-1.43992974e-02,-1.51344560e-02,-1.57504962e-02,-1.62495199e-02,-1.66336842e-02,-1.69050573e-02,-1.70655030e-02,-1.71174412e-02,-1.70625945e-02,-1.69022161e-02,-1.66382197e-02,-1.62725092e-02,-1.58070770e-02,-1.52440300e-02,-1.45855995e-02,-1.38341527e-02,-1.29922161e-02,-1.20625218e-02,-1.10480837e-02,-9.95230514e-03,-8.77911625e-03,-7.53313569e-03,-6.21984549e-03,-4.84576778e-03,-3.41862994e-03,-1.94750563e-03,-4.42920314e-04,1.08308561e-03,2.61694188e-03,4.14360354e-03,5.64664464e-03,7.10841390e-03,8.51024586e-03,9.83272649e-03,1.10560124e-02,1.21602023e-02
2.06677982e-02,1.81226054e-02,1.55659259e-02,1.30410173e-02,1.05894408e-02,8.24965080e-03,6.05574407e-03,4.03645113e-03,2.21443344e-03,6.05919417e-04,-7.79313321e-04,-1.93762680e-03,-2.87097968e-03,-3.58611441e-03,-4.09361669e-03,-4.40688652e-03,-4.54114170e-03,-4.51281049e-03,-4.33736813e-03,-4.03002235e-03,-3.60443853e-03,-3.07235158e-03,-2.44329352e-03,-1.72448559e-03,-9.20890093e-04,-3.54064675e-05,9.30808870e-04,1.97792879e-03,3.10697446e-03,4.31929555e-03,5.61604586e-03,6.99767998e-03,8.46349495e-03,1.00112354e-02,1.16367751e-02,1.33338833e-02,1.50940769e-02,1.69065572e-02,1.87582258e-02,2.06337721e-02,2.25158233e-02,2.43851494e-02,2.62209134e-02,2.80009620e-02,2.97021495e-02,3.13006917e-02,3.27725470e-02,3.40938223e-02,3.52412026e-02,3.61924009e-02,3.69266244e-02,3.74250351e-02,3.76710916e-02,3.76501888e-02,3.73614330e-02,3.67910252e-02,3.59394149e-02,3.48110643e-02,3.34156241e-02,3.17683050e-02,2.98899736e-02,2.78070243e-02,2.55510110e-02,2.31580226e-02
-1.42374334e-02,-1.48890685e-02,-1.54266375e-02,-1.58442962e-02,-1.61374583e-02,-1.63027599e-02,-1.63395556e-02,-1.62465071e-02,-1.60242180e-02,-1.56746236e-02,-1.52005422e-02,-1.46055931e-02,-1.38940905e-02,-1.30709580e-02,-1.21416736e-02,-1.11122469e-02,-9.98923014e-03,-8.77975723e-03,-7.49160940e-03,-6.13330007e-03,-4.71417350e-03,-3.24450994e-03,-1.73562900e-03,-1.99981878e-04,1.34877499e-03,2.89574334e-03,4.42480186e-03,5.91867154e-03,7.35905924e-03,8.72688564e-03,1.00026055e-02,1.11666235e-02,1.21998021e-02,1.30840495e-02,1.38029658e-02,1.43425135e-02,1.46916650e-02,1.48429321e-02,1.47931578e-02,1.45449509e-02,1.41021924e-02,1.34751954e-02,1.26780026e-02,1.17279333e-02,1.06447766e-02,9.44983255e-03,8.16490328e-03,6.81132810e-03,5.40914850e-03,3.97647361e-03,2.52909095e-03,1.08033800e-03,-3.58780381e-04,-1.77926660e-03,-3.17367033e-03,-4.53554677e-03,-5.85891562e-03,-7.13778488e-03,-8.36578781e-03,-9.53596408e-03,-1.06406954e-02,-1.16717870e-02,-1.26206702e-02,-1.34786894e-02
9.53546829e-03,9.21558764e-03,8.72234162e-03,8.07307614e-03,7.28790616e-03,6.38868473e-03,5.39779256e-03,4.33687811e-03,3.22566183e-03,2.08091178e-03,9.15682914e-04,-2.61112612e-04,-1.44476719e-03,-2.63447238e-03,-3.83266621e-03,-5.04410019e-03,-6.27470439e-03,-7.53034503e-03,-8.81557748e-03,-1.01324975e-02,-1.14797868e-02,-1.28520340e-02,-1.42393904e-02,-1.56275935e-02,-1.69983564e-02,-1.83300909e-02,-1.95988987e-02,-2.07797430e-02,-2.18476955e-02,-2.27791532e-02,-2.35529268e-02,-2.41511154e-02,-2.45596683e-02,-2.47681891e-02,-2.47761191e-02,-2.45778770e-02,-2.41774028e-02,-2.35814158e-02,-2.27994888e-02,-2.18435598e-02,-2.07273991e-02,-1.94661175e-02,-1.80757481e-02,-1.65729180e-02,-1.49746153e-02,-1.32980488e-02,-1.15605884e-02,-9.77977215e-03,-7.97335839e-03,-6.15940051e-03,-4.35631969e-03,-2.58295064e-03,-8.58536616e-04,7.97347824e-04,2.36494771e-03,3.82462607e-03,5.15722415e-03,6.34453810e-03,7.36988353e-03,8.21872240e-03,8.87931485e-03,9.34334663e-03,9.60646693e-03,9.66859216e-03
1.24640117e-02,1.31134455e-02,1.36232817e-02,1.39840003e-02,1.41883324e-02,1.42312393e-02,1.41117851e-02,1.38290172e-02,1.33852983e-02,1.27854220e-02,1.20361482e-02,1.11460676e-02,1.01254355e-02,8.98602105e-03,7.74098396e-03,6.40477719e-03,4.99306498e-03,3.52263773e-03,2.01130195e-03,4.77722519e-04,-1.05879830e-03,-2.57861486e-03,-4.06213026e-03,-5.49022513e-03,-6.84473629e-03,-8.10894434e-03,-9.26803438e-03,-1.03094945e-02,-1.12234204e-02,-1.20027041e-02,-1.26430927e-02,-1.31431157e-02,-1.35038855e-02,-1.37287667e-02,-1.38231719e-02,-1.37947175e-02,-1.36502524e-02,-1.33984280e-02,-1.30478915e-02,-1.26070354e-02,-1.20836955e-02,-1.14849107e-02,-1.08167664e-02,-1.00843247e-02,-9.29164547e-03,-8.44189200e-03,-7.53751548e-03,-6.58050531e-03,-5.57269026e-03,-4.51607166e-03,-3.41316792e-03,-2.26734833e-03,-1.08313444e-03,1.33551166e-04,1.37520323e-03,2.63264075e-03,3.89500500e-03,5.14984915e-03,6.38332234e-03,7.58043895e-03,8.72542121e-03,9.80209910e-03,1.07943482e-02,1.16865441e-02
-1.07992406e-02,-1.07224559e-02,-1.04779005e-02,-1.00643085e-02,-9.48449729e-03,-8.74531700e-03,-7.85737789e-03,-6.83463901e-03,-5.69389781e-03,-4.45421498e-03,-3.13630496e-03,-1.76191790e-03,-3.53234573e-04,1.06770511e-03,2.47952922e-03,3.86202108e-03,5.19651457e-03,6.46622253e-03,7.65648177e-03,8.75490962e-03,9.75147044e-03,1.06384538e-02,1.14103717e-02,1.20637863e-02,1.25970851e-02,1.30102254e-02,1.33044684e-02,1.34821236e-02,1.35462915e-02,1.35011689e-02,1.33513653e-02,1.31013417e-02,1.27567662e-02,1.23238193e-02,1.18092998e-02,1.12206551e-02,1.05659541e-02,9.85378952e-03,9.09309983e-03,8.29291246e-03,7.46202345e-03,6.60864039e-03,5.74002560e-03,4.86218180e-03,3.97962285e-03,3.09526697e-03,2.21047952e-03,1.32527857e-03,4.38699758e-04,-4.50699959e-04,-1.34423607e-03,-2.24243548e-03,-3.14438294e-03,-4.04713487e-03,-4.94526097e-03,-5.83056579e-03,-6.69202800e-03,-7.51597698e-03,-8.28650436e-03,-8.98608625e-03,-9.59637124e-03,-1.00990731e-02,-1.04768926e-02,-1.07143581e-02
-3.65129076e-02,-3.61611705e-02,-3.55837493e-02,-3.47873640e-02,-3.37825347e-02,-3.25833086e-02,-3.12068634e-02,-2.96730372e-02,-2.80038145e-02,-2.62227909e-02,-2.43546319e-02,-2.24245431e-02,-2.04577620e-02,-1.84790827e-02,-1.65124221e-02,-1.45804353e-02,-1.27041874e-02,-1.09028886e-02,-9.19369675e-03,-7.59159204e-03,-6.10932446e-03,-4.75743205e-03,-3.54432484e-03,-2.47642486e-03,-1.55834950e-03,-7.93122099e-04,-1.82392229e-04,2.73350620e-04,5.74585990e-04,7.22620995e-04,7.19466418e-04,5.67920238e-04,2.71184100e-04,-1.66748404e-04,-7.41215071e-04,-1.44684836e-03,-2.27755767e-03,-3.22654327e-03,-4.28634888e-03,-5.44895144e-03,-6.70588081e-03,-8.04835475e-03,-9.46740923e-03,-1.09540012e-02,-1.24990624e-02,-1.40934857e-02,-1.57280359e-02,-1.73931839e-02,-1.90788768e-02,-2.07742666e-02,-2.24674290e-02,-2.41451117e-02,-2.57925499e-02,-2.73933882e-02,-2.89297354e-02,-3.03823722e-02,-3.17311125e-02,-3.29553057e-02,-3.40344530e-02,-3.49488951e-02,-3.56805174e-02,-3.62133892e-02,-3.65341330e-02,-3.66359541e-02
-1.36896988e-02,-1.45077975e-02,-1.51966431e-02,-1.57359442e-02,-1.61095838e-02,-1.63058223e-02,-1.63209354e-02,-1.61511681e-02,-1.58005634e-02,-1.52774341e-02,-1.45941236e-02,-1.37665028e-02,-1.28133706e-02,-1.17558195e-02,-1.06165926e-02,-9.41945097e-03,-8.18855894e-03,-6.94789750e-03,-5.72070808e-03,-4.52897168e-03,-3.39292741e-03,-2.33063655e-03,-1.35760000e-03,-4.86438621e-04,2.73352394e-04,9.15557719e-04,1.43731926e-03,1.83909099e-03,2.12449133e-03,2.30004861e-03,2.37484247e-03,2.36006977e-03,2.26862162e-03,2.11417950e-03,1.91102304e-03,1.67324695e-03,1.41420382e-03,1.14597183e-03,8.78881022e-04,6.21114384e-04,3.78395514e-04,1.53771649e-04,-5.25014492e-05,-2.42968122e-04,-4.22870824e-04,-5.99935187e-04,-7.84042099e-04,-9.86788312e-04,-1.22094076e-03,-1.49979439e-03,-1.83644933e-03,-2.24303059e-03,-2.72988113e-03,-3.30476723e-03,-3.97214175e-03,-4.73251566e-03,-5.58198915e-03,-6.51198994e-03,-7.50925717e-03,-8.55609424e-03,-9.63089402e-03,-1.07089173e-02,-1.17632822e-02,-1.27661027e-02
1.04484660e-02,1.10148725e-02,1.15584422e-02,1.20639360e-02,1.25154752e-02,1.28970826e-02,1.31932750e-02,1.33896850e-02,1.34736608e-02,1.34351625e-02,1.32677494e-02,1.29668264e-02,1.25327304e-02,1.19698273e-02,1.12866617e-02,1.04958338e-02,9.61365526e-03,8.65959905e-03,7.65556786e-03,6.62502139e-03,5.59201566e-03,4.58021698e-03,3.61195553e-03,2.70737971e-03,1.88376183e-03,1.15499079e-03,5.31269506e-04,1.90169014e-05,-3.79038686e-04,-6.63611928e-04,-8.38484936e-04,-9.10054766e-04,-8.86845793e-04,-7.78876514e-04,-5.97296309e-04,-3.53846106e-04,-6.04353705e-05,2.71234179e-04,6.29994421e-04,1.00548997e-03,1.38840911e-03,1.77067600e-03,2.14560555e-03,2.50802225e-03,2.85434196e-03,3.18261344e-03,3.49251548e-03,3.78530472e-03,4.06371004e-03,4.33177112e-03,4.59462130e-03,4.85821818e-03,5.12902861e-03,5.41367810e-03,5.71857743e-03,6.04954100e-03,6.41141277e-03,6.80771578e-03,7.24034059e-03,7.70928650e-03,8.21246751e-03,8.74559274e-03,9.30212859e-03,9.87334751e-03
-1.09137666e-02,-1.07784156e-02,-1.07009627e-02,-1.06729967e-02,-1.06826700e-02,-1.07153959e-02,-1.07542825e-02,-1.07812448e-02,-1.07785590e-02,-1.07287086e-02,-1.06163996e-02,-1.04290049e-02,-1.01573159e-02,-9.79604000e-03,-9.34408330e-03,-8.80462730e-03,-8.18501116e-03,-7.49644454e-03,-6.75357990e-03,-5.97397523e-03,-5.17747643e-03,-4.38554501e-03,-3.62055245e-03,-2.90505855e-03,-2.26108831e-03,-1.70942032e-03,-1.26890030e-03,-9.55795426e-04,-7.83216489e-04,-7.60491803e-04,-8.93011926e-04,-1.18170102e-03,-1.62296488e-03,-2.20871339e-03,-2.92655486e-03,-3.76016709e-03,-4.68983312e-03,-5.69311901e-03,-6.74566083e-03,-7.82202058e-03,-8.89656657e-03,-9.94433431e-03,-1.09418280e-02,-1.18677304e-02,-1.27034976e-02,-1.34338260e-02,-1.40469861e-02,-1.45350255e-02,-1.48938457e-02,-1.51231427e-02,-1.52262710e-02,-1.52113470e-02,-1.50871140e-02,-1.48667293e-02,-1.45654597e-02,-1.42003447e-02,-1.37896262e-02,-1.33521066e-02,-1.29064598e-02,-1.24705154e-02,-1.20605378e-02,-1.16905303e-02,-1.13715978e-02,-1.11114044e-02
1.13066966e-02,8.90278782e-03,6.47966145e-03,4.09326038e-03,1.79779741e-03,-3.56686815e-04,-2.32634988e-03,-4.07513358e-03,-5.57568693e-03,-6.80968083e-03,-7.76759526e-03,-8.44805973e-03,-8.85683115e-03,-9.00625181e-03,-8.91333285e-03,-8.59752859e-03,-8.08184051e-03,-7.39062869e-03,-6.54887157e-03,-5.58147986e-03,-4.51273608e-03,-3.36585207e-03,-2.16262506e-03,-9.23171623e-04,3.34279914e-04,1.59354852e-03,2.84064330e-03,4.06386478e-03,5.25388126e-03,6.40377601e-03,7.50905548e-03,8.56760828e-03,9.57960397e-03,1.05473218e-02,1.14749016e-02,1.23680143e-02,1.32334527e-02,1.40786509e-02,1.49111452e-02,1.57379942e-02,1.65651817e-02,1.73970258e-02,1.82356210e-02,1.90803392e-02,1.99274142e-02,2.07696319e-02,2.15961466e-02,2.23924406e-02,2.31404432e-02,2.38188211e-02,2.44034525e-02,2.48680879e-02,2.51851912e-02,2.53268635e-02,2.52667388e-02,2.49834724e-02,2.44539020e-02,2.36637364e-02,2.26053450e-02,2.12792591e-02,1.96951721e-02,1.78724660e-02,1.58401786e-02,1.36363445e-02
-7.71359239e-03,-7.21611532e-03,-6.66440612e-03,-6.07890857e-03,-5.47815586e-03,-4.87821847e-03,-4.29232366e-03,-3.73064692e-03,-3.20026921e-03,-2.70528647e-03,-2.24705115e-03,-1.82451941e-03,-1.43467256e-03,-1.07297873e-03,-7.33860368e-04,-4.11136264e-04,-9.84121601e-05,2.10597699e-04,5.21826263e-04,8.40683369e-04,1.17195150e-03,1.51972713e-03,1.88738572e-03,2.27754668e-03,2.69201693e-03,3.13169690e-03,3.59644050e-03,4.08486960e-03,4.59415305e-03,5.11976908e-03,5.65527700e-03,6.19212932e-03,6.71955735e-03,7.22456300e-03,7.69204599e-03,8.10508947e-03,8.44541842e-03,8.69403314e-03,8.83199886e-03,8.84123524e-03,8.70703005e-03,8.41585612e-03,7.95956492e-03,7.33516578e-03,6.54569511e-03,5.60073323e-03,4.51653976e-03,3.31576466e-03,2.02671642e-03,6.82210360e-04,-6.81935225e-04,-2.02862690e-03,-3.32139203e-03,-4.52616958e-03,-5.61293337e-03,-6.55700841e-03,-7.33999775e-03,-7.95027950e-03,-8.38307313e-03,-8.64008735e-03,-8.72934158e-03,-8.66356219e-03,-8.45896264e-03,-8.13519851e-03
-1.18053812e-02,-1.10458631e-02,-1.03292277e-02,-9.65555935e-03,-9.02526186e-03,-8.43944365e-03,-7.90030760e-03,-7.41151346e-03,-6.97847867e-03,-6.60858409e-03,-6.31125415e-03,-6.09789119e-03,-5.98172561e-03,-5.97651514e-03,-6.09787500e-03,-6.36062204e-03,-6.77859463e-03,-7.36353834e-03,-8.12400518e-03,-9.06428783e-03,-1.01834675e-02,-1.14746673e-02,-1.29246013e-02,-1.45134970e-02,-1.62154424e-02,-1.79991726e-02,-1.98292640e-02,-2.16676607e-02,-2.34754137e-02,-2.52144884e-02,-2.68494881e-02,-2.83491502e-02,-2.96875049e-02,-3.08446257e-02,-3.18069496e-02,-3.25671866e-02,-3.31238664e-02,-3.34805410e-02,-3.36446479e-02,-3.36322188e-02,-3.34517753e-02,-3.31195803e-02,-3.26516900e-02,-3.20640948e-02,-3.13723006e-02,-3.05910006e-02,-2.97338725e-02,-2.88134917e-02,-2.78413382e-02,-2.68278728e-02,-2.57826564e-02,-2.47144869e-02,-2.36315336e-02,-2.25414497e-02,-2.14514520e-02,-2.03683585e-02,-1.92985835e-02,-1.82480941e-02,-1.72223352e-02,-1.62261387e-02,-1.52636314e-02,-1.43381618e-02,-1.34522622e-02,-1.26076643e-02
5.95764425e-03,5.37408618e-03,4.84698700e-03,4.38074023e-03,3.97723400e-03,3.63581904e-03,3.35342479e-03,3.12482285e-03,2.94302617e-03,2.79980291e-03,2.68627530e-03,2.59356717e-03,2.51345918e-03,2.43900851e-03,2.36509035e-03,2.28882216e-03,2.20983838e-03,2.13039117e-03,2.05526530e-03,1.99150853e-03,1.94799432e-03,1.93485030e-03,1.96274273e-03,2.04222026e-03,2.18298915e-03,2.39321513e-03,2.67898557e-03,3.04388296e-03,3.48871475e-03,4.01140596e-03,4.60705025e-03,5.26810364e-03,5.98469783e-03,6.74504439e-03,7.53589962e-03,8.34305961e-03,9.15185781e-03,9.94764045e-03,1.07161998e-02,1.14441499e-02,1.21192345e-02,1.27305613e-02,1.32687625e-02,1.37260840e-02,1.40964126e-02,1.43752507e-02,1.45596494e-02,1.46481018e-02,1.46403466e-02,1.45387599e-02,1.43446049e-02,1.40617242e-02,1.36949508e-02,1.32502530e-02,1.27347602e-02,1.21567650e-02,1.15256992e-02,1.08520637e-02,1.01472989e-02,9.42358236e-03,8.69354898e-03,7.96993761e-03,7.26517696e-03,6.59093264e-03
-1.66411919e-02,-1.86882836e-02,-2.08117225e-02,-2.29806470e-02,-2.51647892e-02,-2.73353021e-02,-2.94654458e-02,-3.15310958e-02,-3.35110547e-02,-3.53871687e-02,-3.71442688e-02,-3.87699696e-02,-4.02543714e-02,-4.15897099e-02,-4.27700016e-02,-4.37907185e-02,-4.46485218e-02,-4.53410653e-02,-4.58668612e-02,-4.62251433e-02,-4.64154515e-02,-4.64439339e-02,-4.63080542e-02,-4.60112860e-02,-4.55580599e-02,-4.49536067e-02,-4.42040583e-02,-4.33163892e-02,-4.22983081e-02,-4.11581292e-02,-3.99046394e-02,-3.85469807e-02,-3.70945576e-02,-3.55569823e-02,-3.39440616e-02,-3.22658283e-02,-3.05326140e-02,-2.87551552e-02,-2.69447227e-02,-2.51132629e-02,-2.32735337e-02,-2.14392232e-02,-1.96250362e-02,-1.78467365e-02,-1.61211341e-02,-1.44660106e-02,-1.28999768e-02,-1.14422604e-02,-1.01124232e-02,-8.93001095e-03,-7.91414151e-03,-7.08303881e-03,-6.45352771e-03,-6.04052355e-03,-5.85637900e-03,-5.90959056e-03,-6.20681881e-03,-6.74964786e-03,-7.53544901e-03,-8.55705958e-03,-9.80271109e-03,-1.12561480e-02,-1.28969403e-02,-1.47009867e-02
2.13870563e-02,2.12044277e-02,2.07445710e-02,2.00108041e-02,1.90131415e-02,1.77672802e-02,1.62946444e-02,1.46220217e-02,1.27808617e-02,1.08062676e-02,8.73573059e-03,6.60768766e-03,4.46000336e-03,2.32849185e-03,2.45590562e-04,-1.76070876e-03,-3.66762624e-03,-5.45800822e-03,-7.12034957e-03,-8.64849580e-03,-1.00410601e-02,-1.13006210e-02,-1.24327725e-02,-1.34450995e-02,-1.43461464e-02,-1.51444380e-02,-1.58476029e-02,-1.64616410e-02,-1.69903640e-02,-1.74350310e-02,-1.77941880e-02,-1.80637058e-02,-1.82369690e-02,-1.83057962e-02,-1.82610212e-02,-1.80910089e-02,-1.77852982e-02,-1.73340534e-02,-1.67288666e-02,-1.59633984e-02,-1.50338989e-02,-1.39395934e-02,-1.26829229e-02,-1.12696402e-02,-9.70877426e-03,-8.01248009e-03,-6.19579847e-03,-4.27635067e-03,-2.27399267e-03,-2.10451316e-04,1.89103148e-03,4.00605215e-03,6.10939132e-03,8.17530591e-03,1.01778108e-02,1.20909447e-02,1.38890310e-02,1.55469455e-02,1.70404075e-02,1.83463063e-02,1.94430784e-02,2.03111407e-02,2.09333783e-02,2.12956533e-02
1.55745183e-02,1.73429247e-02,1.92651334e-02,2.13122954e-02,2.34539503e-02,2.56586492e-02,2.78945433e-02,3.01299359e-02,3.23338007e-02,3.44762731e-02,3.65291175e-02,3.84661725e-02,4.02637753e-02,4.19011566e-02,4.33607982e-02,4.46287379e-02,4.56948029e-02,4.65527502e-02,4.72002862e-02,4.76389360e-02,4.78737067e-02,4.79120223e-02,4.77718941e-02,4.74612331e-02,4.69954439e-02,4.63912691e-02,4.56654676e-02,4.48343808e-02,4.39134334e-02,4.29166910e-02,4.18565186e-02,4.07433569e-02,3.95856152e-02,3.83896786e-02,3.71600133e-02,3.58993623e-02,3.46090171e-02,3.32891569e-02,3.19392477e-02,3.05584943e-02,2.91463384e-02,2.77029912e-02,2.62299857e-02,2.47307264e-02,2.32110035e-02,2.16794364e-02,2.01478017e-02,1.86312031e-02,1.71480441e-02,1.57197748e-02,1.43704021e-02,1.31257734e-02,1.20126647e-02,1.10577292e-02,1.02863762e-02,9.72166202e-03,9.38328212e-03,9.28682168e-03,9.44178440e-03,9.85372295e-03,1.05226608e-02,1.14426209e-02,1.26025135e-02,1.39864978e-02
-2.63905535e-02,-2.53941620e-02,-2.44005635e-02,-2.34154455e-02,-2.24443623e-02,-2.14928156e-02,-2.05663369e-02,-1.96705678e-02,-1.88113342e-02,-1.79947087e-02,-1.72270542e-02,-1.65150429e-02,-1.58656445e-02,-1.52860769e-02,-1.47837174e-02,-1.43659729e-02,-1.40401129e-02,-1.38130838e-02,-1.36914321e-02,-1.36794269e-02,-1.37826296e-02,-1.40039750e-02,-1.43449759e-02,-1.48054809e-02,-1.53835259e-02,-1.60752634e-02,-1.68749547e-02,-1.77750208e-02,-1.87661469e-02,-1.98374320e-02,-2.09765748e-02,-2.21700864e-02,-2.34035219e-02,-2.46617228e-02,-2.59290671e-02,-2.71897227e-02,-2.84279034e-02,-2.96281267e-02,-3.07754707e-02,-3.18558290e-02,-3.28561579e-02,-3.37647103e-02,-3.45712472e-02,-3.52672178e-02,-3.58458981e-02,-3.63024775e-02,-3.66340736e-02,-3.68396177e-02,-3.69206442e-02,-3.68813228e-02,-3.67236714e-02,-3.64537669e-02,-3.60784758e-02,-3.56054864e-02,-3.50431012e-02,-3.44000129e-02,-3.36850948e-02,-3.29072189e-02,-3.20751049e-02,-3.11972056e-02,-3.02816263e-02,-2.93360765e-02,-2.83678521e-02,-2.73838415e-02
-3.90074730e-02,-3.84995092e-02,-3.79269920e-02,-3.72965823e-02,-3.66144042e-02,-3.58860535e-02,-3.51166328e-02,-3.43108061e-02,-3.34728692e-02,-3.26068283e-02,-3.17164837e-02,-3.08055112e-02,-2.98775406e-02,-2.89362279e-02,-2.79853225e-02,-2.70287295e-02,-2.60705715e-02,-2.51152526e-02,-2.41675276e-02,-2.32325791e-02,-2.23161034e-02,-2.14244017e-02,-2.05644718e-02,-1.97440919e-02,-1.89718844e-02,-1.82573459e-02,-1.76108283e-02,-1.70434560e-02,-1.65669671e-02,-1.61934729e-02,-1.59351627e-02,-1.58041518e-02,-1.58090309e-02,-1.59612826e-02,-1.62676595e-02,-1.67326187e-02,-1.73574371e-02,-1.81397214e-02,-1.90730887e-02,-2.01470342e-02,-2.13470097e-02,-2.26547253e-02,-2.40486692e-02,-2.55048188e-02,-2.69974983e-02,-2.85003254e-02,-2.99871783e-02,-3.14331164e-02,-3.28151943e-02,-3.41131200e-02,-3.53097296e-02,-3.63912652e-02,-3.73474632e-02,-3.81714733e-02,-3.88596382e-02,-3.94111680e-02,-3.98277413e-02,-4.01130456e-02,-4.02721989e-02,-4.03138011e-02,-4.02439766e-02,-4.00700851e-02,-3.98005785e-02,-3.94437075e-02
5.13900847e-03,6.12318892e-03,7.06733768e-03,7.96002827e-03,8.78830392e-03,9.53796099e-03,1.01939403e-02,1.07408125e-02,1.11633375e-02,1.14470704e-02,1.15789569e-02,1.15480121e-02,1.13472748e-02,1.09702765e-02,1.04156753e-02,9.68577047e-03,8.78674801e-03,7.72863771e-03,6.52509314e-03,5.19301914e-03,3.75207338e-03,2.22407424e-03,6.32352239e-04,-9.98915200e-04,-2.64534300e-03,-4.28296806e-03,-5.88876705e-03,-7.44110507e-03,-8.92009463e-03,-1.03078661e-02,-1.15887562e-02,-1.27494238e-02,-1.37789055e-02,-1.46686201e-02,-1.54123346e-02,-1.60060973e-02,-1.64481420e-02,-1.67387422e-02,-1.68798010e-02,-1.68777872e-02,-1.67360744e-02,-1.64624426e-02,-1.60655410e-02,-1.55550440e-02,-1.49414458e-02,-1.42358094e-02,-1.34494941e-02,-1.25938745e-02,-1.16800587e-02,-1.07186200e-02,-9.71935360e-03,-8.69107305e-03,-7.64146064e-03,-6.57698295e-03,-5.50288141e-03,-4.42324311e-03,-3.34115220e-03,-2.25891703e-03,-1.17836239e-03,-1.01171003e-04,9.70745191e-04,2.03486781e-03,3.08771460e-03,4.12452435e-03
-1.40387809e-02,-1.26501417e-02,-1.13803515e-02,-1.02407992e-02,-9.23980478e-03,-8.38254088e-03,-7.67107391e-03,-7.10453095e-03,-6.67939139e-03,-6.38989682e-03,-6.22858544e-03,-6.18645443e-03,-6.25450205e-03,-6.42364594e-03,-6.68531750e-03,-7.03211814e-03,-7.45818464e-03,-7.95942942e-03,-8.53362144e-03,-9.18029695e-03,-9.90050336e-03,-1.06963918e-02,-1.15706864e-02,-1.25260667e-02,-1.35645109e-02,-1.46866476e-02,-1.58911685e-02,-1.71743500e-02,-1.85297217e-02,-1.99479114e-02,-2.14166780e-02,-2.29211283e-02,-2.44440959e-02,-2.59666477e-02,-2.74686708e-02,-2.89294918e-02,-3.03284789e-02,-3.16455887e-02,-3.28618276e-02,-3.39596160e-02,-3.49230536e-02,-3.57380982e-02,-3.63926730e-02,-3.68767044e-02,-3.71820233e-02,-3.73037940e-02,-3.72410110e-02,-3.69889252e-02,-3.65494265e-02,-3.59263956e-02,-3.51261688e-02,-3.41576162e-02,-3.30321347e-02,-3.17635746e-02,-3.03680995e-02,-2.88639747e-02,-2.72712883e-02,-2.56116072e-02,-2.39075777e-02,-2.21824806e-02,-2.04597528e-02,-1.87624886e-02,-1.71129357e-02,-1.55320005e-02
5.60033277e-02,5.47302245e-02,5.33476202e-02,5.18725185e-02,5.03222930e-02,4.87142606e-02,4.70653037e-02,4.53915670e-02,4.37082461e-02,4.20294775e-02,4.03683285e-02,3.87368742e-02,3.71463425e-02,3.56073019e-02,3.41298650e-02,3.27238800e-02,3.13990882e-02,3.01652295e-02,2.90320849e-02,2.80094510e-02,2.71070500e-02,2.63343818e-02,2.57005294e-02,2.52139349e-02,2.48821658e-02,2.47117252e-02,2.47084462e-02,2.48715012e-02,2.52064427e-02,2.57121932e-02,2.63861559e-02,2.72237225e-02,2.82182021e-02,2.93608577e-02,3.06410029e-02,3.20461461e-02,3.35621734e-02,3.51735627e-02,3.68636192e-02,3.86147237e-02,4.04085854e-02,4.22264910e-02,4.40495423e-02,4.58588782e-02,4.76358774e-02,4.93623387e-02,5.10206414e-02,5.25938861e-02,5.40660213e-02,5.54219605e-02,5.66476954e-02,5.77304115e-02,5.86586092e-02,5.94222317e-02,6.00127930e-02,6.04234924e-02,6.06492529e-02,6.06858992e-02,6.05412694e-02,6.02104619e-02,5.96977239e-02,5.90103048e-02,5.81575075e-02,5.71507388e-02
-1.30156075e-02,-1.30644199e-02,-1.30790346e-02,-1.30664896e-02,-1.30330881e-02,-1.29840660e-02,-1.29230844e-02,-1.28519452e-02,-1.27703946e-02,-1.26760490e-02,-1.25644573e-02,-1.24293052e-02,-1.22627579e-02,-1.20559266e-02,-1.17994337e-02,-1.14840434e-02,-1.11013186e-02,-1.06442644e-02,-1.01079165e-02,-9.48984010e-03,-8.79051079e-03,-8.01355618e-03,-7.16584866e-03,-6.25744672e-03,-5.30139057e-03,-4.31336447e-03,-3.31124226e-03,-2.31453620e-03,-1.34377114e-03,-4.19807477e-04,4.36862077e-04,1.20680890e-03,1.87236286e-03,2.41822764e-03,2.83202181e-03,3.10470933e-03,3.23088982e-03,3.20894670e-03,3.04140430e-03,2.73367706e-03,2.29487617e-03,1.73686133e-03,1.07372513e-03,3.21179932e-04,-5.04071681e-04,-1.38493333e-03,-2.30446408e-03,-3.24631662e-03,-4.19507878e-03,-5.13651150e-03,-6.05769512e-03,-6.94710442e-03,-7.79463687e-03,-8.59161839e-03,-9.33080663e-03,-1.00064048e-02,-1.06140902e-02,-1.11510535e-02,-1.16160372e-02,-1.20093570e-02,-1.23328881e-02,-1.25899991e-02,-1.27854197e-02,-1.29250355e-02
-1.05681410e-02,-1.05276800e-02,-1.05227310e-02,-1.05423959e-02,-1.05736996e-02,-1.06025945e-02,-1.06147236e-02,-1.05960392e-02,-1.05330927e-02,-1.04140116e-02,-1.02288008e-02,-9.96970530e-03,-9.63146578e-03,-9.21147024e-03,-8.70981280e-03,-8.12927741e-03,-7.47526566e-03,-6.75568678e-03,-5.98082470e-03,-5.16319162e-03,-4.31737092e-03,-3.45984473e-03,-2.60879457e-03,-1.78385765e-03,-1.00581737e-03,-2.96205848e-04,3.23201275e-04,8.31004427e-04,1.20694801e-03,1.43277747e-03,1.49317895e-03,1.37693417e-03,1.07752732e-03,5.94220619e-04,-6.72863549e-05,-8.94571613e-04,-1.86853725e-03,-2.96389499e-03,-4.15008396e-03,-5.39260509e-03,-6.65468012e-03,-7.89910887e-03,-9.09017190e-03,-1.01954195e-02,-1.11872036e-02,-1.20438408e-02,-1.27503425e-02,-1.32986912e-02,-1.36876866e-02,-1.39223974e-02,-1.40136859e-02,-1.39771578e-02,-1.38305264e-02,-1.35948582e-02,-1.32922655e-02,-1.29449911e-02,-1.25744894e-02,-1.22006159e-02,-1.18409432e-02,-1.15102124e-02,-1.12199202e-02,-1.09780463e-02,-1.07889187e-02,-1.06532206e-02
-4.39635915e-02,-4.32123183e-02,-4.23189681e-02,-4.12883553e-02,-4.01271319e-02,-3.88439472e-02,-3.74494992e-02,-3.59564736e-02,-3.43793770e-02,-3.27342752e-02,-3.10384556e-02,-2.93100324e-02,-2.75675218e-02,-2.58294075e-02,-2.41137239e-02,-2.24376776e-02,-2.08173280e-02,-1.92673446e-02,-1.78008526e-02,-1.64293756e-02,-1.51628741e-02,-1.40098772e-02,-1.29776908e-02,-1.20726643e-02,-1.13004886e-02,-1.06664929e-02,-1.01759111e-02,-9.83409177e-03,-9.64672361e-03,-9.61837040e-03,-9.75559466e-03,-1.00636168e-02,-1.05468750e-02,-1.12085129e-02,-1.20497262e-02,-1.30691184e-02,-1.42621039e-02,-1.56204220e-02,-1.71318223e-02,-1.87799743e-02,-2.05446366e-02,-2.24020975e-02,-2.43258718e-02,-2.62876093e-02,-2.82581458e-02,-3.02086121e-02,-3.21115046e-02,-3.39416308e-02,-3.56768540e-02,-3.72985865e-02,-3.87920090e-02,-4.01460220e-02,-4.13529622e-02,-4.24081336e-02,-4.33092187e-02,-4.40556364e-02,-4.46479081e-02,-4.50870703e-02,-4.53740988e-02,-4.55093155e-02,-4.54993538e-02,-4.53384125e-02,-4.50282110e-02,-4.45695532e-02
2.80374751e-03,1.14203120e-03,-4.83183910e-04,-2.04819294e-03,-3.53097787e-03,-4.91157625e-03,-6.17239027e-03,-7.29843937e-03,-8.27755753e-03,-9.10053694e-03,-9.76121706e-03,-1.02565140e-02,-1.05863726e-02,-1.07535015e-02,-1.07651274e-02,-1.06280555e-02,-1.03530608e-02,-9.95258039e-03,-9.44040440e-03,-8.83120485e-03,-8.14001309e-03,-7.38168503e-03,-6.57038129e-03,-5.71908897e-03,-4.83921067e-03,-3.94024445e-03,-3.02957469e-03,-2.11238828e-03,-1.19172385e-03,-2.68653562e-04,6.57411695e-04,1.58831153e-03,2.52664206e-03,3.47521329e-03,4.43649030e-03,5.41205288e-03,6.40210639e-03,7.40507190e-03,8.41727766e-03,9.43276665e-03,1.04432276e-02,1.14380497e-02,1.24044967e-02,1.33279886e-02,1.41924795e-02,1.49809148e-02,1.56757518e-02,1.62595239e-02,1.67154310e-02,1.70279287e-02,1.71832668e-02,1.71697885e-02,1.69818221e-02,1.66117847e-02,1.60587650e-02,1.53253701e-02,1.44180886e-02,1.33472637e-02,1.21268952e-02,1.07743069e-02,9.30969627e-03,7.75559345e-03,6.13625730e-03,4.47703957e-03
1.83092684e-02,1.84122257e-02,1.84612512e-02,1.84651167e-02,1.84340719e-02,1.83771549e-02,1.83037265e-02,1.82220689e-02,1.81390878e-02,1.80600959e-02,1.79887196e-02,1.79269349e-02,1.78752127e-02,1.78327447e-02,1.77977189e-02,1.77676106e-02,1.77394582e-02,1.77100998e-02,1.76763508e-02,1.76351174e-02,1.75834477e-02,1.75185296e-02,1.74376488e-02,1.73381266e-02,1.72172623e-02,1.70723001e-02,1.69004422e-02,1.66989227e-02,1.64651495e-02,1.61969141e-02,1.58926600e-02,1.55517924e-02,1.51750030e-02,1.47645783e-02,1.43246578e-02,1.38614062e-02,1.33830688e-02,1.28998864e-02,1.24238566e-02,1.19683416e-02,1.15475367e-02,1.11758289e-02,1.08670857e-02,1.06339235e-02,1.04870110e-02,1.04344847e-02,1.04810779e-02,1.06282676e-02,1.08744064e-02,1.12138757e-02,1.16377614e-02,1.21341912e-02,1.26888466e-02,1.32855926e-02,1.39071881e-02,1.45360380e-02,1.51549522e-02,1.57478716e-02,1.63005288e-02,1.68010076e-02,1.72401744e-02,1.76119564e-02,1.79134514e-02,1.81448634e-02
4.79009154e-02,4.69482648e-02,4.58899858e-02,4.47396120e-02,4.35115613e-02,4.22208247e-02,4.08826725e-02,3.95123972e-02,3.81251031e-02,3.67355488e-02,3.53580407e-02,3.40063676e-02,3.26937595e-02,3.14328539e-02,3.02356505e-02,2.91134393e-02,2.80766942e-02,2.71349326e-02,2.62965488e-02,2.55686374e-02,2.49568277e-02,2.44651513e-02,2.40959662e-02,2.38499573e-02,2.37262508e-02,2.37229934e-02,2.38337252e-02,2.40564632e-02,2.43853343e-02,2.48144537e-02,2.53378833e-02,2.59498051e-02,2.66446735e-02,2.74172964e-02,2.82628341e-02,2.91767181e-02,3.01544995e-02,3.11916445e-02,3.22832969e-02,3.34240333e-02,3.46076322e-02,3.58268806e-02,3.70734348e-02,3.83377477e-02,3.96090690e-02,4.08755199e-02,4.21242365e-02,4.33415738e-02,4.45133579e-02,4.56251731e-02,4.66626695e-02,4.76118778e-02,4.84595186e-02,4.91932971e-02,4.98021722e-02,5.02765938e-02,5.06086954e-02,5.07924010e-02,5.08229051e-02,5.07041018e-02,5.04319922e-02,5.00093271e-02,4.94414468e-02,4.87355965e-02
3.86968399e-02,3.73961195e-02,3.60319319e-02,3.46088370e-02,3.31326201e-02,3.16107118e-02,3.00525021e-02,2.84695137e-02,2.68754134e-02,2.52858550e-02,2.37181631e-02,2.21908837e-02,2.07232389e-02,1.93345319e-02,1.80435533e-02,1.68680315e-02,1.58241667e-02,1.49262707e-02,1.41865243e-02,1.36148478e-02,1.32188725e-02,1.30040055e-02,1.29737397e-02,1.31273971e-02,1.34656977e-02,1.39857660e-02,1.46829102e-02,1.55507005e-02,1.65809316e-02,1.77636123e-02,1.90869646e-02,2.05374414e-02,2.20997740e-02,2.37570605e-02,2.54909004e-02,2.72815821e-02,2.91083209e-02,3.09495474e-02,3.27832405e-02,3.45872971e-02,3.63399302e-02,3.80200835e-02,3.96078511e-02,4.10848877e-02,4.24347942e-02,4.36434631e-02,4.46993654e-02,4.55937638e-02,4.63208329e-02,4.68776751e-02,4.72642197e-02,4.74829813e-02,4.75383781e-02,4.74412974e-02,4.71976616e-02,4.68160893e-02,4.63070093e-02,4.56806002e-02,4.49465089e-02,4.41135381e-02,4.31894190e-02,4.21807104e-02,4.10928382e-02,3.99302738e-02
-2.26431841e-02,-2.17463280e-02,-2.07202014e-02,-1.95822238e-02,-1.83506824e-02,-1.70442362e-02,-1.56814821e-02,-1.42805915e-02,-1.28590243e-02,-1.14333209e-02,-1.00189686e-02,-8.63033676e-03,-7.28066689e-03,-5.98210765e-03,-4.74577602e-03,-3.58182909e-03,-2.49952893e-03,-1.50728502e-03,-6.12661913e-04,1.77656081e-04,8.57940346e-04,1.42354777e-03,1.87106939e-03,2.19849139e-03,2.40534577e-03,2.49281934e-03,2.46384017e-03,2.32313250e-03,2.07666284e-03,1.73190250e-03,1.29725224e-03,7.81630043e-04,1.93985703e-04,-4.57200728e-04,-1.16438885e-03,-1.92137504e-03,-2.72355890e-03,-3.56805622e-03,-4.45363393e-03,-5.38046139e-03,-6.34968941e-03,-7.36288450e-03,-8.42136005e-03,-9.52545770e-03,-1.06738391e-02,-1.18628504e-02,-1.30860192e-02,-1.43337357e-02,-1.55931544e-02,-1.68483391e-02,-1.80806482e-02,-1.92693411e-02,-2.03923634e-02,-2.14272534e-02,-2.23521033e-02,-2.31465045e-02,-2.37924063e-02,-2.42748227e-02,-2.45822793e-02,-2.47079586e-02,-2.46505066e-02,-2.44084245e-02,-2.39870099e-02,-2.33947582e-02
4.02203009e-02,3.58158638e-02,3.16649245e-02,2.78265155e-02,2.43482956e-02,2.12661908e-02,1.86047952e-02,1.63783505e-02,1.45920945e-02,1.32437804e-02,1.23252025e-02,1.18236299e-02,1.17233092e-02,1.20028121e-02,1.26441587e-02,1.36259960e-02,1.49258486e-02,1.65208410e-02,1.83877322e-02,2.05029778e-02,2.28427782e-02,2.53831243e-02,2.80998504e-02,3.09687029e-02,3.39654266e-02,3.70658700e-02,4.02461052e-02,4.34825600e-02,4.67521528e-02,5.00324274e-02,5.33016763e-02,5.65390466e-02,5.97246186e-02,6.28394486e-02,6.58655678e-02,6.87859298e-02,7.15843015e-02,7.42450943e-02,7.67531381e-02,7.90934014e-02,8.12506721e-02,8.32092132e-02,8.49524200e-02,8.64625060e-02,8.77202502e-02,8.87048310e-02,8.93937205e-02,8.97623360e-02,8.97793109e-02,8.94510482e-02,8.87281042e-02,8.75924072e-02,8.60284849e-02,8.40259577e-02,8.15821468e-02,7.87041187e-02,7.54103339e-02,7.17317733e-02,6.77123515e-02,6.34084563e-02,5.88875360e-02,5.42257694e-02,4.95049796e-02,4.48090657e-02
1.83393363e-02,1.70328776e-02,1.56157079e-02,1.40899751e-02,1.24615714e-02,1.07405260e-02,8.94119721e-03,7.08224281e-03,5.18635737e-03,3.27978118e-03,1.39159995e-03,-4.47130480e-04,-2.20436735e-03,-3.84818669e-03,-5.34786003e-03,-6.67487643e-03,-7.80386068e-03,-8.71333452e-03,-9.38628248e-03,-9.81046228e-03,-9.97911749e-03,-9.89099458e-03,-9.54758198e-03,-8.95638635e-03,-8.12885717e-03,-7.08004935e-03,-5.82812813e-03,-4.39384791e-03,-2.80003698e-03,-1.07110383e-03,7.67426690e-04,2.68932549e-03,4.66809868e-03,6.67734670e-03,8.69111845e-03,1.06842546e-02,1.26327236e-02,1.45139531e-02,1.63071578e-02,1.79936592e-02,1.95571889e-02,2.09841646e-02,2.22639207e-02,2.33888760e-02,2.43546179e-02,2.51598843e-02,2.58064291e-02,2.62987611e-02,2.66437569e-02,2.68501494e-02,2.69278530e-02,2.68880684e-02,2.67419005e-02,2.64978835e-02,2.61647767e-02,2.57493111e-02,2.52559806e-02,2.46868850e-02,2.40417366e-02,2.33180502e-02,2.25115111e-02,2.16165016e-02,2.06267577e-02,1.95361195e-02
1.59736182e-02,1.67300054e-02,1.75099251e-02,1.83073816e-02,1.91165525e-02,1.99317843e-02,2.07475598e-02,2.15584396e-02,2.23589815e-02,2.31436451e-02,2.39066917e-02,2.46420906e-02,2.53434475e-02,2.60039674e-02,2.66164640e-02,2.71734266e-02,2.76671480e-02,2.80899140e-02,2.84342467e-02,2.86931886e-02,2.88606015e-02,2.89314070e-02,2.89023107e-02,2.87727014e-02,2.85411043e-02,2.82097630e-02,2.77826799e-02,2.72656393e-02,2.66660267e-02,2.59925491e-02,2.52549002e-02,2.44634016e-02,2.36286507e-02,2.27612073e-02,2.18713381e-02,2.09688363e-02,2.00629206e-02,1.91622083e-02,1.82747495e-02,1.74081038e-02,1.65694353e-02,1.57656060e-02,1.50032456e-02,1.42887862e-02,1.36284530e-02,1.30282105e-02,1.24936713e-02,1.20299773e-02,1.16416679e-02,1.13325485e-02,1.11055752e-02,1.09627675e-02,1.09051728e-02,1.09326657e-02,1.10439031e-02,1.12373264e-02,1.15099382e-02,1.18579911e-02,1.22770419e-02,1.27620578e-02,1.33075309e-02,1.39075952e-02,1.45561391e-02,1.52469115e-02
7.77789297e-03,8.02345516e-03,8.19356697e-03,8.27812910e-03,8.26773668e-03,8.15488147e-03,7.93197337e-03,7.59378086e-03,7.13668109e-03,6.55886503e-03,5.86045871e-03,5.04363203e-03,4.11270839e-03,3.07427872e-03,1.93731409e-03,7.13262352e-04,-5.83893833e-04,-1.93763565e-03,-3.32903124e-03,-4.73695742e-03,-6.13846973e-03,-7.50932094e-03,-8.82461734e-03,-1.00595871e-02,-1.11904193e-02,-1.21951223e-02,-1.30543439e-02,-1.37520973e-02,-1.42763394e-02,-1.46193359e-02,-1.47778362e-02,-1.47553577e-02,-1.45557058e-02,-1.41893122e-02,-1.36698631e-02,-1.30139795e-02,-1.22405659e-02,-1.13700876e-02,-1.04238272e-02,-9.42314801e-03,-8.38879124e-03,-7.34022866e-03,-6.29509032e-03,-5.26868684e-03,-4.27364322e-03,-3.31965930e-03,-2.41340837e-03,-1.55858048e-03,-7.56070604e-04,-4.30366378e-06,7.00320169e-04,1.36288444e-03,1.98935075e-03,2.58592833e-03,3.15845758e-03,3.71184609e-03,4.24959163e-03,4.77341883e-03,5.28304765e-03,5.77610071e-03,6.24814695e-03,6.69286950e-03,7.10233818e-03,7.46736188e-03
2.12899808e-02,2.15534537e-02,2.17076398e-02,2.17500451e-02,2.16816473e-02,2.15038679e-02,2.12204228e-02,2.08374439e-02,2.03626431e-02,1.98050854e-02,1.91748773e-02,1.84828279e-02,1.77401114e-02,1.69579506e-02,1.61473370e-02,1.53187990e-02,1.44822241e-02,1.36467377e-02,1.28206333e-02,1.20113502e-02,1.12254878e-02,1.04688480e-02,9.74649573e-03,9.06282845e-03,8.42164750e-03,7.82622606e-03,7.27936955e-03,6.78346680e-03,6.34053147e-03,5.95223469e-03,5.61993077e-03,5.34467872e-03,5.12726265e-03,4.96821409e-03,4.86783925e-03,4.82625753e-03,4.84339532e-03,4.91896645e-03,5.05287136e-03,5.24478646e-03,5.49438889e-03,5.80134431e-03,6.16528565e-03,6.58576506e-03,7.06217535e-03,7.59364153e-03,8.17888647e-03,8.81607804e-03,9.50266807e-03,1.02352352e-02,1.10093446e-02,1.18194381e-02,1.26587645e-02,1.35193618e-02,1.43920948e-02,1.52667529e-02,1.61322068e-02,1.69766198e-02,1.77877086e-02,1.85530417e-02,1.92603676e-02,1.98979574e-02,2.04549488e-02,2.09216777e-02
1.20784424e-02,1.34425485e-02,1.48192401e-02,1.61823970e-02,1.75075404e-02,1.87723582e-02,1.99572182e-02,2.10456609e-02,2.20248520e-02,2.28859712e-02,2.36245068e-02,2.42404209e-02,2.47381545e-02,2.51264411e-02,2.54179130e-02,2.56284923e-02,2.57765808e-02,2.58820740e-02,2.59652433e-02,2.60455492e-02,2.61405075e-02,2.62646811e-02,2.64287622e-02,2.66388237e-02,2.68958307e-02,2.71954294e-02,2.75280124e-02,2.78790469e-02,2.82296460e-02,2.85573511e-02,2.88370911e-02,2.90422678e-02,2.91458752e-02,2.91217511e-02,2.89495234e-02,2.86063550e-02,2.80774959e-02,2.73537710e-02,2.64326166e-02,2.53187087e-02,2.40242380e-02,2.25688072e-02,2.09789342e-02,1.92871733e-02,1.75308945e-02,1.57507901e-02,1.39892056e-02,1.22884042e-02,1.06888818e-02,9.22783793e-03,7.93788865e-03,6.84608210e-03,5.97324329e-03,5.33364827e-03,4.93500389e-03,4.77870907e-03,4.86004179e-03,5.16879567e-03,5.69091529e-03,6.40778068e-03,7.29763208e-03,8.33621921e-03,9.49747355e-03,1.07541514e-02
-4.66631875e-03,-3.99288421e-03,-3.29949348e-03,-2.60545452e-03,-1.92787135e-03,-1.28107137e-03,-6.76135723e-04,-1.20557023e-04,3.81952039e-04,8.31481330e-04,1.23176337e-03,1.58982658e-03,1.91547518e-03,2.22061830e-03,2.51848439e-03,2.82276805e-03,3.14676173e-03,3.50252616e-03,3.90014865e-03,4.34713003e-03,4.84792873e-03,5.40367669e-03,6.01206813e-03,6.66741014e-03,7.36081487e-03,8.08050798e-03,8.81222579e-03,9.53967484e-03,1.02450312e-02,1.09094617e-02,1.15136552e-02,1.20383560e-02,1.24648969e-02,1.27757287e-02,1.29549348e-02,1.29886018e-02,1.28670394e-02,1.25815406e-02,1.21280363e-02,1.15067061e-02,1.07221296e-02,9.78352856e-03,8.70481597e-03,7.50444923e-03,6.20506872e-03,4.83291653e-03,3.41704604e-03,1.98835315e-03,5.78477309e-04,-7.81363193e-04,-2.06152163e-03,-3.23504113e-03,-4.27858679e-03,-5.17320377e-03,-5.90485189e-03,-6.46470162e-03,-6.84918941e-03,-7.05979943e-03,-7.10359463e-03,-6.99064333e-03,-6.73525796e-03,-6.35484865e-03,-5.86904305e-03,-5.29893789e-03
-3.37748419e-02,-3.33352857e-02,-3.26782151e-02,-3.18200089e-02,-3.07799496e-02,-2.95795504e-02,-2.82418980e-02,-2.67910470e-02,-2.52514768e-02,-2.36476106e-02,-2.20033947e-02,-2.03419275e-02,-1.86851327e-02,-1.70534680e-02,-1.54656662e-02,-1.39385070e-02,-1.24866221e-02,-1.11223398e-02,-9.85557661e-03,-8.69378547e-03,-7.64196960e-03,-6.70276914e-03,-5.87662408e-03,-5.16201252e-03,-4.55575772e-03,-4.05339190e-03,-3.64955979e-03,-3.33844164e-03,-3.11417351e-03,-2.97124537e-03,-2.90486402e-03,-2.91103700e-03,-2.98731415e-03,-3.13238738e-03,-3.34639251e-03,-3.63087458e-03,-3.98870460e-03,-4.42393168e-03,-4.94157151e-03,-5.54733158e-03,-6.24727156e-03,-7.04739687e-03,-7.95318441e-03,-8.96904390e-03,-1.00977249e-02,-1.13396905e-02,-1.26924885e-02,-1.41501662e-02,-1.57027808e-02,-1.73360662e-02,-1.90313130e-02,-2.07655117e-02,-2.25117850e-02,-2.42401147e-02,-2.59183332e-02,-2.75133227e-02,-2.89923359e-02,-3.03243395e-02,-3.14812770e-02,-3.24391533e-02,-3.31788591e-02,-3.36866236e-02,-3.39536735e-02,-3.39839759e-02
2.73910647e-02,2.62365850e-02,2.50728738e-02,2.39087121e-02,2.27493706e-02,2.15967552e-02,2.04498442e-02,1.93053839e-02,1.81587895e-02,1.70051781e-02,1.58404506e-02,1.46623352e-02,1.34713043e-02,1.22712859e-02,1.10701053e-02,9.87961329e-03,8.71548249e-03,7.59668470e-03,6.54468818e-03,5.58244165e-03,4.73322939e-03,4.01949167e-03,3.46170363e-03,3.07739516e-03,2.88038044e-03,2.88030696e-03,3.08156518e-03,3.48509808e-03,4.08673408e-03,4.87832591e-03,5.84814232e-03,6.98142069e-03,8.26096490e-03,9.66774582e-03,1.11814734e-02,1.27811178e-02,1.44453642e-02,1.61529928e-02,1.78831808e-02,1.96157277e-02,2.13312101e-02,2.30110752e-02,2.46376846e-02,2.61943255e-02,2.76652040e-02,2.90354419e-02,3.02910931e-02,3.14191986e-02,3.24078931e-02,3.32465737e-02,3.39261289e-02,3.44392223e-02,3.47806023e-02,3.49473510e-02,3.49385519e-02,3.47625356e-02,3.44204106e-02,3.39225685e-02,3.32817379e-02,3.25132030e-02,3.16343260e-02,3.06638177e-02,2.96208632e-02,2.85241766e-02
4.89005683e-02,4.86197026e-02,4.81610625e-02,4.75234967e-02,4.67101114e-02,4.57286117e-02,4.45913047e-02,4.33148344e-02,4.19196782e-02,4.04294434e-02,3.88700135e-02,3.72686083e-02,3.56528260e-02,3.40497339e-02,3.24850619e-02,3.09825395e-02,2.95633957e-02,2.82460260e-02,2.70458126e-02,2.59750735e-02,2.50431139e-02,2.42563486e-02,2.36184709e-02,2.31306501e-02,2.27917443e-02,2.25985370e-02,2.25461071e-02,2.26262584e-02,2.28316624e-02,2.31534374e-02,2.35811920e-02,2.41040493e-02,2.47108471e-02,2.53904033e-02,2.61317824e-02,2.69245461e-02,2.77589751e-02,2.86262540e-02,2.95186123e-02,3.04294144e-02,3.13531969e-02,3.22856515e-02,3.32235540e-02,3.41646417e-02,3.51074441e-02,3.60510718e-02,3.69949704e-02,3.79386472e-02,3.88813794e-02,3.98219147e-02,4.07581748e-02,4.16869753e-02,4.26037753e-02,4.35024722e-02,4.43752568e-02,4.52125436e-02,4.60029915e-02,4.67336264e-02,4.73900740e-02,4.79569076e-02,4.84181058e-02,4.87576032e-02,4.89598776e-02,4.90101495e-02
8.97707358e-04,2.48011401e-03,4.10659985e-03,5.74434338e-03,7.36268822e-03,8.93359472e-03,1.04320361e-02,1.18363521e-02,1.31285652e-02,1.42946565e-02,1.53247911e-02,1.62134763e-02,1.69596304e-02,1.75665419e-02,1.80416957e-02,1.83964515e-02,1.86455663e-02,1.88065627e-02,1.88989592e-02,1.89433873e-02,1.89606342e-02,1.89706517e-02,1.89913785e-02,1.90381274e-02,1.91228097e-02,1.92531265e-02,1.94320880e-02,1.96577190e-02,1.99229511e-02,2.02157065e-02,2.05191730e-02,2.08122640e-02,2.10702572e-02,2.12656010e-02,2.13688357e-02,2.13495998e-02,2.11811592e-02,2.08341603e-02,2.02856834e-02,1.95179739e-02,1.85202491e-02,1.72902070e-02,1.58352017e-02,1.41729609e-02,1.23317183e-02,1.03496585e-02,8.27363235e-03,6.15717799e-03,4.05797138e-03,2.03490796e-03,1.45071244e-04,-1.55911808e-03,-3.03238582e-03,-4.23850262e-03,-5.15141922e-03,-5.75568971e-03,-6.04609828e-03,-6.02904230e-03,-5.71609310e-03,-5.12805609e-03,-4.29120085e-03,-3.23603945e-03,-1.99598985e-03,-6.06160060e-04
1.15006005e-02,1.19427511e-02,1.23477990e-02,1.27248905e-02,1.30848692e-02,1.34396741e-02,1.38016965e-02,1.41831218e-02,1.45952883e-02,1.50480899e-02,1.55494482e-02,1.61048702e-02,1.67171058e-02,1.73859078e-02,1.81078934e-02,1.88765016e-02,1.96820379e-02,2.05117989e-02,2.13502689e-02,2.21793881e-02,2.29788900e-02,2.37267164e-02,2.43995153e-02,2.49732328e-02,2.54238035e-02,2.57279326e-02,2.58638840e-02,2.58130071e-02,2.55629065e-02,2.51004939e-02,2.44217986e-02,2.35292295e-02,2.24324212e-02,2.11485471e-02,1.97021824e-02,1.81246942e-02,1.64531594e-02,1.47288539e-02,1.29954093e-02,1.12967778e-02,9.67516710e-03,8.16911603e-03,6.81186092e-03,5.63010383e-03,4.64324586e-03,3.86309549e-03,3.29401632e-03,2.93344460e-03,2.77269220e-03,2.79792266e-03,2.99087542e-03,3.33095247e-03,3.79517625e-03,4.35965532e-03,5.00040993e-03,5.69413705e-03,6.41887404e-03,7.15456231e-03,7.88351616e-03,8.59080094e-03,9.26452207e-03,9.89602265e-03,1.04799849e-02,1.10144286e-02
7.22300124e-03,8.34285245e-03,9.30359144e-03,1.00889111e-02,1.06838621e-02,1.10750178e-02,1.12505919e-02,1.12007968e-02,1.09194968e-02,1.03997731e-02,9.63939814e-03,8.63907211e-03,7.40303462e-03,5.93953663e-03,4.26125860e-03,2.38563365e-03,3.35015426e-04,-1.86335896e-03,-4.17768102e-03,-6.57222061e-03,-9.00821483e-03,-1.14450440e-02,-1.38416072e-02,-1.61578039e-02,-1.83560124e-02,-2.04024511e-02,-2.22683212e-02,-2.39306525e-02,-2.53728029e-02,-2.65845989e-02,-2.75621324e-02,-2.83072540e-02,-2.88268057e-02,-2.91315854e-02,-2.92370361e-02,-2.91596773e-02,-2.89150039e-02,-2.85209769e-02,-2.79945914e-02,-2.73514708e-02,-2.66053993e-02,-2.57679980e-02,-2.48485674e-02,-2.38540991e-02,-2.27894427e-02,-2.16576115e-02,-2.04602005e-02,-1.91978861e-02,-1.78709734e-02,-1.64799550e-02,-1.50260466e-02,-1.35116677e-02,-1.19408400e-02,-1.03194852e-02,-8.65561010e-03,-6.95937461e-03,-5.24304741e-03,-3.52085943e-03,-1.80877060e-03,-1.24169012e-04,1.51447063e-03,3.08796297e-03,4.57680044e-03,5.96151174e-03
2.25486712e-02,2.23288539e-02,2.20548987e-02,2.17412349e-02,2.14040195e-02,2.10603347e-02,2.07273627e-02,2.04215931e-02,2.01581135e-02,1.99500188e-02,1.98079699e-02,1.97399274e-02,1.97510393e-02,1.98422457e-02,2.00140533e-02,2.02629403e-02,2.05831260e-02,2.09667002e-02,2.14038722e-02,2.18832361e-02,2.23920374e-02,2.29164433e-02,2.34418235e-02,2.39530530e-02,2.44348469e-02,2.48721374e-02,2.52504948e-02,2.55565918e-02,2.57786970e-02,2.59071649e-02,2.59347485e-02,2.58591618e-02,2.56788042e-02,2.53968101e-02,2.50204311e-02,2.45605984e-02,2.40316984e-02,2.34511012e-02,2.28384909e-02,2.22150374e-02,2.16024584e-02,2.10220306e-02,2.04936121e-02,2.00347397e-02,1.96598548e-02,1.93797004e-02,1.92009218e-02,1.91259110e-02,1.91525524e-02,1.92740070e-02,1.94815110e-02,1.97618307e-02,2.00992593e-02,2.04762031e-02,2.08739199e-02,2.12733011e-02,2.16556627e-02,2.20035170e-02,2.23012986e-02,2.25360174e-02,2.26978071e-02,2.27803247e-02,2.27807213e-02,2.27023556e-02
2.13143084e-02,1.85660647e-02,1.57368249e-02,1.28455862e-02,9.91362519e-03,6.96476741e-03,4.02555044e-03,1.12523643e-03,-1.70436316e-03,-4.42925638e-03,-7.01396756e-03,-9.42234649e-03,-1.16185831e-02,-1.35683308e-02,-1.52398584e-02,-1.66051419e-02,-1.76408051e-02,-1.83287654e-02,-1.86564134e-02,-1.86238543e-02,-1.82255735e-02,-1.74692023e-02,-1.63670268e-02,-1.49362047e-02,-1.31981914e-02,-1.11780632e-02,-8.90382807e-03,-6.40576334e-03,-3.71580275e-03,-8.66986553e-04,2.10701304e-03,5.17229384e-03,8.29514747e-03,1.14423353e-02,1.45813646e-02,1.76807380e-02,2.07101862e-02,2.36408913e-02,2.64457057e-02,2.90993680e-02,3.15787144e-02,3.38628814e-02,3.59334923e-02,3.77748176e-02,3.93738985e-02,4.07206215e-02,4.18077320e-02,4.26307720e-02,4.31879133e-02,4.34796051e-02,4.35070507e-02,4.32851991e-02,4.28118481e-02,4.20961739e-02,4.11479656e-02,3.99774945e-02,3.85955107e-02,3.70131239e-02,3.52417014e-02,3.32928210e-02,3.11782892e-02,2.89102257e-02,2.65012130e-02,2.39645081e-02
3.97405830e-02,4.14385477e-02,4.31019058e-02,4.47205956e-02,4.62845367e-02,4.77835499e-02,4.92072772e-02,5.05451080e-02,5.17861188e-02,5.29190336e-02,5.39322145e-02,5.48136913e-02,5.55512386e-02,5.61325071e-02,5.65452024e-02,5.67772474e-02,5.68161122e-02,5.66597411e-02,5.62936659e-02,5.57116041e-02,5.49105796e-02,5.38905632e-02,5.26551457e-02,5.12119755e-02,4.95730315e-02,4.77547226e-02,4.57777927e-02,4.36670195e-02,4.14507086e-02,3.91600029e-02,3.68280424e-02,3.44890226e-02,3.21772095e-02,2.99259703e-02,2.77668750e-02,2.57289167e-02,2.38378828e-02,2.21158980e-02,2.05811432e-02,1.92477424e-02,1.81258017e-02,1.72215752e-02,1.65377337e-02,1.60737091e-02,1.58261076e-02,1.57893885e-02,1.59531369e-02,1.63098457e-02,1.68483711e-02,1.75565818e-02,1.84217492e-02,1.94307309e-02,2.05701650e-02,2.18266328e-02,2.31867905e-02,2.46374687e-02,2.61657456e-02,2.77589966e-02,2.94049252e-02,3.10915782e-02,3.28073465e-02,3.45409554e-02,3.62814436e-02,3.80181322e-02
-2.75574465e-02,-2.79924449e-02,-2.81953928e-02,-2.81702495e-02,-2.79137416e-02,-2.74327232e-02,-2.67366722e-02,-2.58382071e-02,-2.47528255e-02,-2.34984811e-02,-2.20950676e-02,-2.05638483e-02,-1.89268598e-02,-1.72063201e-02,-1.54240668e-02,-1.36010468e-02,-1.17568776e-02,-9.90949501e-03,-8.07489992e-03,-6.26701209e-03,-4.49763596e-03,-2.77653832e-03,-1.11163301e-03,4.90737494e-04,2.02543544e-03,3.48811111e-03,4.87474112e-03,6.18116275e-03,7.40263349e-03,8.53344600e-03,9.56662783e-03,1.04937518e-02,1.13048779e-02,1.19886410e-02,1.25324906e-02,1.29230768e-02,1.31467573e-02,1.31900499e-02,1.30424363e-02,1.26925740e-02,1.21329055e-02,1.13594425e-02,1.03721187e-02,9.17526132e-03,7.77780506e-03,6.19325276e-03,4.43938247e-03,2.53772098e-03,5.12828307e-04,-1.60853559e-03,-3.79829025e-03,-6.02792057e-03,-8.26920231e-03,-1.04947892e-02,-1.26786152e-02,-1.47961147e-02,-1.68242888e-02,-1.87416664e-02,-2.05282187e-02,-2.21652861e-02,-2.36355653e-02,-2.49231900e-02,-2.60139132e-02,-2.68953793e-02
2.46545377e-02,2.49018433e-02,2.49545310e-02,2.48139936e-02,2.44792337e-02,2.39540024e-02,2.32453289e-02,2.23627190e-02,2.13179863e-02,2.01249013e-02,1.87987506e-02,1.73558549e-02,1.58130890e-02,1.41874450e-02,1.24956731e-02,1.07540265e-02,8.97812062e-03,7.18290637e-03,5.38274044e-03,3.59152726e-03,1.82289917e-03,9.03993468e-05,-1.59236102e-03,-3.21161073e-03,-4.75340630e-03,-6.20369151e-03,-7.54844422e-03,-8.77389398e-03,-9.86679296e-03,-1.08147185e-02,-1.16063843e-02,-1.22319361e-02,-1.26832053e-02,-1.29538420e-02,-1.30405469e-02,-1.29413350e-02,-1.26559438e-02,-1.21871605e-02,-1.15398545e-02,-1.07209522e-02,-9.73929690e-03,-8.60546684e-03,-7.33156635e-03,-5.93100161e-03,-4.41825064e-03,-2.80863619e-03,-1.11810985e-03,6.36945767e-04,2.43988057e-03,4.27394296e-03,6.12238926e-03,7.96856939e-03,9.79598838e-03,1.15883469e-02,1.33295685e-02,1.50038236e-02,1.65955594e-02,1.80895493e-02,1.94709697e-02,2.07255156e-02,2.18395600e-02,2.28003590e-02,2.35963009e-02,2.42171886e-02
-1.71963783e-02,-1.73086774e-02,-1.74680498e-02,-1.76778297e-02,-1.79405331e-02,-1.82577132e-02,-1.86298797e-02,-1.90564777e-02,-1.95359162e-02,-2.00656287e-02,-2.06421495e-02,-2.12611864e-02,-2.19176773e-02,-2.26058200e-02,-2.33190737e-02,-2.40501391e-02,-2.47909286e-02,-2.55325460e-02,-2.62652946e-02,-2.69787350e-02,-2.76618077e-02,-2.83030289e-02,-2.88907615e-02,-2.94135505e-02,-2.98605066e-02,-3.02217114e-02,-3.04886057e-02,-3.06542776e-02,-3.07147763e-02,-3.06683191e-02,-3.05137456e-02,-3.02539675e-02,-2.98941837e-02,-2.94418772e-02,-2.89065931e-02,-2.82996235e-02,-2.76336284e-02,-2.69222121e-02,-2.61794741e-02,-2.54195503e-02,-2.46561640e-02,-2.39022017e-02,-2.31693314e-02,-2.24676787e-02,-2.18055745e-02,-2.11893860e-02,-2.06234408e-02,-2.01100477e-02,-1.96496153e-02,-1.92408616e-02,-1.88811047e-02,-1.85666165e-02,-1.82930187e-02,-1.80556950e-02,-1.78501949e-02,-1.76726010e-02,-1.75198376e-02,-1.73899014e-02,-1.72820008e-02,-1.71965986e-02,-1.71353633e-02,-1.71010788e-02,-1.70968837e-02,-1.71272087e-02
-1.69313668e-03,-1.11552702e-03,-4.53485226e-04,2.91819434e-04,1.11773831e-03,2.01999633e-03,2.99260225e-03,4.02782575e-03,5.11623917e-03,6.24681826e-03,7.40709511e-03,8.58335544e-03,9.76087268e-03,1.09241721e-02,1.20573194e-02,1.31442286e-02,1.41689856e-02,1.51161832e-02,1.59712622e-02,1.67208526e-02,1.73531062e-02,1.78580094e-02,1.82276617e-02,1.84564977e-02,1.85413786e-02,1.84824981e-02,1.82825365e-02,1.79453297e-02,1.74783300e-02,1.68910013e-02,1.61945954e-02,1.54017827e-02,1.45262348e-02,1.35821973e-02,1.25840793e-02,1.15460850e-02,1.04819045e-02,9.40447388e-03,8.32580815e-03,7.25690119e-03,6.20768340e-03,5.18702222e-03,4.20275042e-03,3.26170836e-03,2.36978942e-03,1.53198287e-03,7.52413278e-04,3.43799819e-05,-6.19595484e-04,-1.20770903e-03,-1.72879135e-03,-2.18219610e-03,-2.56766207e-03,-2.88515280e-03,-3.13468312e-03,-3.31614597e-03,-3.42915097e-03,-3.47296435e-03,-3.44642147e-03,-3.34771009e-03,-3.17474379e-03,-2.92514810e-03,-2.59646762e-03,-2.18641257e-03
-1.20649876e-02,-1.36196704e-02,-1.52703164e-02,-1.69935429e-02,-1.87609083e-02,-2.05394239e-02,-2.22924044e-02,-2.39806391e-02,-2.55638327e-02,-2.70022283e-02,-2.82583009e-02,-2.92983930e-02,-3.00941565e-02,-3.06236029e-02,-3.08718332e-02,-3.08394737e-02,-3.05206627e-02,-2.99262230e-02,-2.90730573e-02,-2.79842972e-02,-2.66884120e-02,-2.52181245e-02,-2.36092451e-02,-2.18994781e-02,-2.01272358e-02,-1.83304901e-02,-1.65456813e-02,-1.48067046e-02,-1.31439929e-02,-1.15837199e-02,-1.01471478e-02,-8.85014921e-03,-7.70293014e-03,-6.70997952e-03,-5.87026128e-03,-5.17765246e-03,-4.62161460e-03,-4.18806709e-03,-3.86041370e-03,-3.62065879e-03,-3.45054113e-03,-3.33261178e-03,-3.25118860e-03,-3.19313338e-03,-3.14841507e-03,-3.11044424e-03,-3.07618536e-03,-3.04606937e-03,-3.02374273e-03,-3.01565750e-03,-3.03062794e-03,-3.07936973e-03,-3.17391664e-03,-3.32714693e-03,-3.55230823e-03,-3.86257149e-03,-4.27060750e-03,-4.78817274e-03,-5.42568744e-03,-6.19178939e-03,-7.09285156e-03,-8.13245991e-03,-9.31086029e-03,-1.06243978e-02
8.52532144e-03,8.81681891e-03,9.24253608e-03,9.79709855e-03,1.04732608e-02,1.12621308e-02,1.21534706e-02,1.31360427e-02,1.41979766e-02,1.53271286e-02,1.65114133e-02,1.77390819e-02,1.89989331e-02,2.02804415e-02,2.15737998e-02,2.28698752e-02,2.41600870e-02,2.54362221e-02,2.66902068e-02,2.79138614e-02,2.90986643e-02,3.02355523e-02,3.13147849e-02,3.23258911e-02,3.32577169e-02,3.40985783e-02,3.48365211e-02,3.54596757e-02,3.59566868e-02,3.63171876e-02,3.65322607e-02,3.65946332e-02,3.65022952e-02,3.62525408e-02,3.58456241e-02,3.52862124e-02,3.45817621e-02,3.37424225e-02,3.27806968e-02,3.17109701e-02,3.05489559e-02,2.93111133e-02,2.80140787e-02,2.66741557e-02,2.53068988e-02,2.39268149e-02,2.25471941e-02,2.11800697e-02,1.98362927e-02,1.85256990e-02,1.72573392e-02,1.60397358e-02,1.48811350e-02,1.37897214e-02,1.27737675e-02,1.18417015e-02,1.10020812e-02,1.02634744e-02,9.63425412e-03,9.12232567e-03,8.73481045e-03,8.47771549e-03,8.35563233e-03,8.37150555e-03
-1.43666171e-02,-1.57701769e-02,-1.70421614e-02,-1.81763373e-02,-1.91693957e-02,-2.00204284e-02,-2.07304283e-02,-2.13018445e-02,-2.17382159e-02,-2.20438784e-02,-2.22236978e-02,-2.22838776e-02,-2.22303670e-02,-2.20687048e-02,-2.18057476e-02,-2.14485121e-02,-2.10042050e-02,-2.04801220e-02,-1.98834964e-02,-1.92213096e-02,-1.85000805e-02,-1.77256507e-02,-1.69029886e-02,-1.60360350e-02,-1.51276144e-02,-1.41794295e-02,-1.31921549e-02,-1.21656357e-02,-1.10991880e-02,-9.99199098e-03,-8.84354974e-03,-7.65420069e-03,-6.42562754e-03,-5.16135221e-03,-3.86716581e-03,-2.55146799e-03,-1.22548774e-03,9.66344967e-05,1.39791073e-03,2.65873855e-03,3.85729107e-03,4.97004919e-03,5.97247569e-03,6.83980939e-03,7.54795501e-03,8.07443684e-03,8.39937118e-03,8.50635519e-03,8.38423317e-03,8.02642889e-03,7.43170713e-03,6.60567854e-03,5.56013791e-03,4.31287929e-03,2.88713832e-03,1.31072779e-03,-3.85076139e-04,-2.16680134e-03,-4.00017345e-03,-5.85145036e-03,-7.68863069e-03,-9.48246728e-03,-1.12072221e-02,-1.28411359e-02
-5.09239948e-02,-4.93426440e-02,-4.76661417e-02,-4.59164797e-02,-4.41139357e-02,-4.22768790e-02,-4.04216984e-02,-3.85628398e-02,-3.67129407e-02,-3.48830445e-02,-3.30828765e-02,-3.13211603e-02,-2.96059529e-02,-2.79449756e-02,-2.63459178e-02,-2.48166926e-02,-2.33656258e-02,-2.20015641e-02,-2.07338932e-02,-1.95724635e-02,-1.85274267e-02,-1.76089964e-02,-1.68271488e-02,-1.61912918e-02,-1.57099330e-02,-1.53904093e-02,-1.52387257e-02,-1.52568125e-02,-1.54491921e-02,-1.58159896e-02,-1.63560453e-02,-1.70668336e-02,-1.79446952e-02,-1.89851008e-02,-2.01828795e-02,-2.15323586e-02,-2.30273719e-02,-2.46611060e-02,-2.64257777e-02,-2.83121580e-02,-3.03089873e-02,-3.24023468e-02,-3.45750751e-02,-3.68063218e-02,-3.90713324e-02,-4.13415381e-02,-4.35849959e-02,-4.57671849e-02,-4.78521210e-02,-4.98037095e-02,-5.15872244e-02,-5.31707852e-02,-5.45266992e-02,-5.56325549e-02,-5.64719560e-02,-5.70347015e-02,-5.73157212e-02,-5.73308868e-02,-5.70754072e-02,-5.65656372e-02,-5.58198911e-02,-5.48592352e-02,-5.37067783e-02,-5.23868116e-02
-6.80796705e-04,-1.16568581e-03,-1.51320336e-03,-1.72732000e-03,-1.81283782e-03,-1.77514468e-03,-1.61973695e-03,-1.35235308e-03,-9.78661577e-04,-5.04151595e-04,6.59489287e-05,7.26715455e-04,1.47353599e-03,2.30207962e-03,3.20822574e-03,4.18796201e-03,5.23725381e-03,6.35189198e-03,7.52732686e-03,8.75849776e-03,1.00396675e-02,1.13642717e-02,1.27247915e-02,1.41126572e-02,1.55181890e-02,1.69305782e-02,1.83379115e-02,1.97272372e-02,2.10846734e-02,2.23955548e-02,2.36446144e-02,2.48161974e-02,2.58945036e-02,2.68638539e-02,2.77089796e-02,2.84153297e-02,2.89693923e-02,2.93590185e-02,2.95737089e-02,2.96044277e-02,2.94494365e-02,2.91020389e-02,2.85622879e-02,2.78335378e-02,2.69224115e-02,2.58389630e-02,2.45966467e-02,2.32121440e-02,2.17050521e-02,2.00974428e-02,1.84133034e-02,1.66778861e-02,1.49169994e-02,1.31562799e-02,1.14204880e-02,9.73286758e-03,8.11460349e-03,6.58440189e-03,5.15820764e-03,3.84906062e-03,2.66708259e-03,1.61957824e-03,7.11228172e-04,-5.56507066e-05
-1.44815267e-03,-7.22191613e-04,7.28429037e-05,9.26129420e-04,1.82619847e-03,2.76116183e-03,3.71893892e-03,4.68748071e-03,5.65498446e-03,6.61009544e-03,7.54209219e-03,8.44105206e-03,9.29799380e-03,1.01049936e-02,1.08552714e-02,1.15432437e-02,1.21645407e-02,1.27159850e-02,1.31955326e-02,1.36021766e-02,1.39358168e-02,1.41971025e-02,1.43872550e-02,1.45078773e-02,1.45607505e-02,1.45477170e-02,1.44710406e-02,1.43316338e-02,1.41308477e-02,1.38696508e-02,1.35487358e-02,1.31686134e-02,1.27297417e-02,1.22326860e-02,1.16782995e-02,1.10679108e-02,1.04035048e-02,9.68788090e-03,8.92478003e-03,8.11896772e-03,7.27627027e-03,6.40356118e-03,5.50870049e-03,4.60043251e-03,3.68825023e-03,2.78223516e-03,1.89288219e-03,1.03091700e-03,2.07112197e-04,-5.67893207e-04,-1.28377046e-03,-1.93068051e-03,-2.49944197e-03,-2.98169961e-03,-3.37008908e-03,-3.65839421e-03,-3.84168510e-03,-3.91652919e-03,-3.88115549e-03,-3.73502250e-03,-3.47952000e-03,-3.11767485e-03,-2.65413529e-03,-2.09509132e-03
3.71273993e-02,3.73558119e-02,3.75233630e-02,3.76221855e-02,3.76446125e-02,3.75858109e-02,3.74392852e-02,3.72007721e-02,3.68679846e-02,3.64402798e-02,3.59187872e-02,3.53064370e-02,3.46079285e-02,3.38296574e-02,3.29796114e-02,3.20672449e-02,3.11033357e-02,3.00998282e-02,2.90696623e-02,2.80265853e-02,2.69849437e-02,2.59594527e-02,2.49649402e-02,2.40160670e-02,2.31270279e-02,2.23112398e-02,2.15810277e-02,2.09473225e-02,2.04193811e-02,2.00045466e-02,1.97080588e-02,1.95329368e-02,1.94800152e-02,1.95467530e-02,1.97296321e-02,2.00231696e-02,2.04193348e-02,2.09085294e-02,2.14798129e-02,2.21212212e-02,2.28201231e-02,2.35635952e-02,2.43388032e-02,2.51333750e-02,2.59357524e-02,2.67355073e-02,2.75236063e-02,2.82926104e-02,2.90367963e-02,2.97521891e-02,3.04365006e-02,3.10889740e-02,3.17101394e-02,3.23014943e-02,3.28651285e-02,3.34033174e-02,3.39181126e-02,3.44109576e-02,3.48823581e-02,3.53316284e-02,3.57567326e-02,3.61542304e-02,3.65193291e-02,3.68460363e-02
3.49503131e-02,3.56055090e-02,3.62654867e-02,3.69222344e-02,3.75666590e-02,3.81888233e-02,3.87782190e-02,3.93240600e-02,3.98155798e-02,4.02423196e-02,4.05943948e-02,4.08627306e-02,4.10392538e-02,4.11169732e-02,4.10905774e-02,4.09582950e-02,4.07154463e-02,4.03619440e-02,3.98993763e-02,3.93313304e-02,3.86635470e-02,3.79040066e-02,3.70629528e-02,3.61528332e-02,3.51881396e-02,3.41851318e-02,3.31614398e-02,3.21355534e-02,3.11262195e-02,3.01517820e-02,2.92295073e-02,2.83749437e-02,2.76013626e-02,2.69193215e-02,2.63363776e-02,2.58569691e-02,2.54824621e-02,2.52113518e-02,2.50395975e-02,2.49610796e-02,2.49682028e-02,2.50506255e-02,2.52004079e-02,2.54075843e-02,2.56627100e-02,2.59570090e-02,2.62826258e-02,2.66328253e-02,2.70021237e-02,2.73863533e-02,2.77826655e-02,2.81894792e-02,2.86063787e-02,2.90339674e-02,2.94736812e-02,2.99275674e-02,3.03980343e-02,3.08875796e-02,3.13985067e-02,3.19326402e-02,3.24910547e-02,3.30738303e-02,3.36798484e-02,3.43066429e-02
-5.77453956e-02,-5.58078051e-02,-5.37678858e-02,-5.16462044e-02,-4.94639887e-02,-4.72429099e-02,-4.50048685e-02,-4.27717823e-02,-4.05653745e-02,-3.84069613e-02,-3.63172385e-02,-3.43160671e-02,-3.24222624e-02,-3.06533895e-02,-2.90255725e-02,-2.75533244e-02,-2.62494072e-02,-2.51247290e-02,-2.41882877e-02,-2.34471666e-02,-2.29065970e-02,-2.25701557e-02,-2.24388670e-02,-2.25115139e-02,-2.27889595e-02,-2.32681989e-02,-2.39453437e-02,-2.48154055e-02,-2.58722392e-02,-2.71084551e-02,-2.85152845e-02,-3.00824155e-02,-3.17978220e-02,-3.36476197e-02,-3.56159798e-02,-3.76851285e-02,-3.98354515e-02,-4.20457102e-02,-4.42933608e-02,-4.65549559e-02,-4.88065960e-02,-5.10243947e-02,-5.31849202e-02,-5.52655829e-02,-5.72449494e-02,-5.91029752e-02,-6.08211603e-02,-6.23826446e-02,-6.37722605e-02,-6.49765648e-02,-6.59838657e-02,-6.67842482e-02,-6.73695602e-02,-6.77332225e-02,-6.78736233e-02,-6.77938008e-02,-6.74867228e-02,-6.69567443e-02,-6.62095327e-02,-6.52528808e-02,-6.40967362e-02,-6.27531148e-02,-6.12359617e-02,-5.95609734e-02
-6.40309635e-03,-5.33480474e-03,-4.41136311e-03,-3.63777223e-03,-3.01713925e-03,-2.55063659e-03,-2.23753399e-03,-2.07534341e-03,-2.05970251e-03,-2.18544743e-03,-2.44624440e-03,-2.83533939e-03,-3.34602502e-03,-3.97210696e-03,-4.70831841e-03,-5.55063145e-03,-6.49642129e-03,-7.54444923e-03,-8.69464418e-03,-9.94768020e-03,-1.13043674e-02,-1.27648940e-02,-1.43279751e-02,-1.59899818e-02,-1.77441308e-02,-1.95798209e-02,-2.14821931e-02,-2.34319802e-02,-2.54056835e-02,-2.73760855e-02,-2.93130740e-02,-3.11847187e-02,-3.29585152e-02,-3.46026958e-02,-3.60875002e-02,-3.73863089e-02,-3.84765619e-02,-3.93404030e-02,-3.99649954e-02,-4.03423744e-02,-4.04726554e-02,-4.03589357e-02,-4.00044222e-02,-3.94201599e-02,-3.86197706e-02,-3.76192776e-02,-3.64365934e-02,-3.50910085e-02,-3.36027316e-02,-3.19924945e-02,-3.02812240e-02,-2.84897764e-02,-2.66387291e-02,-2.47482202e-02,-2.28378280e-02,-2.09264807e-02,-1.90323880e-02,-1.71729856e-02,-1.53648831e-02,-1.36238097e-02,-1.19645482e-02,-1.04008545e-02,-8.94535696e-03,-7.60943773e-03
-2.43503754e-02,-2.20954927e-02,-1.97832610e-02,-1.74377701e-02,-1.50812770e-02,-1.27339991e-02,-1.04139775e-02,-8.13701181e-03,-5.91666819e-03,-3.76436295e-03,-1.68951993e-03,3.00199733e-04,2.19859635e-03,4.00058495e-03,5.70179386e-03,7.29813279e-03,8.78535390e-03,1.01586258e-02,1.14121443e-02,1.25388057e-02,1.35299653e-02,1.43753051e-02,1.50628281e-02,1.55789910e-02,1.59089746e-02,1.60370129e-02,1.59479344e-02,1.56273750e-02,1.50599350e-02,1.42341565e-02,1.31415657e-02,1.17777036e-02,1.01429558e-02,8.24321811e-03,6.09035737e-03,3.70242971e-03,1.10362869e-03,-1.67603879e-03,-4.60130324e-03,-7.63254303e-03,-1.07267433e-02,-1.38386208e-02,-1.69218118e-02,-1.99300654e-02,-2.28183950e-02,-2.55441490e-02,-2.80679713e-02,-3.03546315e-02,-3.23737083e-02,-3.41001147e-02,-3.55144538e-02,-3.66031880e-02,-3.73585517e-02,-3.77778934e-02,-3.78714355e-02,-3.76430501e-02,-3.71054456e-02,-3.62767507e-02,-3.51780697e-02,-3.38331274e-02,-3.22676558e-02,-3.05087560e-02,-2.85842812e-02,-2.65222606e-02
1.33756361e-02,1.42300526e-02,1.51442800e-02,1.61121879e-02,1.71274780e-02,1.81835538e-02,1.92733614e-02,2.03892200e-02,2.15226604e-02,2.26642899e-02,2.38036993e-02,2.49294279e-02,2.60289956e-02,2.70890122e-02,2.80953671e-02,2.90334994e-02,2.98887441e-02,3.06467468e-02,3.12939298e-02,3.18179912e-02,3.22084086e-02,3.24569038e-02,3.25577465e-02,3.25090643e-02,3.23132202e-02,3.19720989e-02,3.14935299e-02,3.08880694e-02,3.01687710e-02,2.93506455e-02,2.84499808e-02,2.74836005e-02,2.64681237e-02,2.54192878e-02,2.43513885e-02,2.32768793e-02,2.22061566e-02,2.11475371e-02,2.01074164e-02,1.90905796e-02,1.81006223e-02,1.71404322e-02,1.62126783e-02,1.53202576e-02,1.44666549e-02,1.36561852e-02,1.28940971e-02,1.21865358e-02,1.15403745e-02,1.09629371e-02,1.04616466e-02,1.00436370e-02,9.71536962e-03,9.48229149e-03,9.34857160e-03,9.31698051e-03,9.38813916e-03,9.56200671e-03,9.83685093e-03,1.02095656e-02,1.06760572e-02,1.12314636e-02,1.18703836e-02,1.25870799e-02
-1.11539912e-02,-9.01216579e-03,-6.74827325e-03,-4.38269794e-03,-1.93534968e-03,5.74457250e-04,3.12806315e-03,5.70751081e-03,8.29552143e-03,1.08754310e-02,1.34311003e-02,1.59468008e-02,1.84070861e-02,2.07966567e-02,2.31002281e-02,2.53024101e-02,2.73876053e-02,2.93399345e-02,3.11431949e-02,3.27808589e-02,3.42361189e-02,3.54919848e-02,3.65314376e-02,3.73376419e-02,3.78942060e-02,3.81853993e-02,3.81949796e-02,3.79214934e-02,3.73452619e-02,3.64610808e-02,3.52664032e-02,3.37628150e-02,3.19568075e-02,2.98602955e-02,2.74909475e-02,2.48722975e-02,2.20336063e-02,1.90094497e-02,1.58390343e-02,1.25652657e-02,9.23361601e-03,5.89086254e-03,2.58377837e-03,-6.42138551e-04,-3.74377874e-03,-6.68146428e-03,-9.41969229e-03,-1.19276359e-02,-1.41794343e-02,-1.61542810e-02,-1.78363457e-02,-1.92145718e-02,-2.02823828e-02,-2.10373080e-02,-2.14804100e-02,-2.16187661e-02,-2.14598194e-02,-2.10127106e-02,-2.02910129e-02,-1.93100741e-02,-1.80869149e-02,-1.66399328e-02,-1.49885826e-02,-1.31530586e-02
1.82229825e-02,1.75901339e-02,1.70308141e-02,1.65483297e-02,1.61439459e-02,1.58169752e-02,1.55649743e-02,1.53840371e-02,1.52691681e-02,1.52147213e-02,1.52149722e-02,1.52635939e-02,1.53563752e-02,1.54892488e-02,1.56595885e-02,1.58662574e-02,1.61096306e-02,1.63914934e-02,1.67148096e-02,1.70833731e-02,1.75013663e-02,1.79728567e-02,1.85012710e-02,1.90888861e-02,1.97363755e-02,2.04424473e-02,2.12035981e-02,2.20140024e-02,2.28655432e-02,2.37479803e-02,2.46492446e-02,2.55558365e-02,2.64533030e-02,2.73267622e-02,2.81614439e-02,2.89432126e-02,2.96590436e-02,3.02974249e-02,3.08486647e-02,3.13050886e-02,3.16611229e-02,3.19132622e-02,3.20599223e-02,3.21010723e-02,3.20398939e-02,3.18785089e-02,3.16202088e-02,3.12697423e-02,3.08322779e-02,3.03133847e-02,2.97190221e-02,2.90555820e-02,2.83299777e-02,2.75497578e-02,2.67232169e-02,2.58594757e-02,2.49685053e-02,2.40610761e-02,2.31486221e-02,2.22430188e-02,2.13562865e-02,2.05002348e-02,1.96860761e-02,1.89240344e-02
2.63540877e-02,2.59546039e-02,2.51627048e-02,2.39746823e-02,2.23906005e-02,2.04157691e-02,1.80613347e-02,1.53446477e-02,1.22894610e-02,8.92594335e-03,5.29048541e-03,1.42528087e-03,-2.62231103e-03,-6.80057958e-03,-1.10546833e-02,-1.53277985e-02,-1.95624468e-02,-2.37018599e-02,-2.76913140e-02,-3.14793697e-02,-3.50189630e-02,-3.82683028e-02,-4.11915504e-02,-4.37592673e-02,-4.59486324e-02,-4.77434394e-02,-4.91338808e-02,-5.01160666e-02,-5.06910619e-02,-5.08721825e-02,-5.06699971e-02,-5.00946987e-02,-4.91661532e-02,-4.79058156e-02,-4.63368774e-02,-4.44838310e-02,-4.23720022e-02,-4.00271288e-02,-3.74750034e-02,-3.47411865e-02,-3.18507907e-02,-2.88283325e-02,-2.56976494e-02,-2.24818743e-02,-1.92034631e-02,-1.58842660e-02,-1.25456359e-02,-9.20856255e-03,-5.89382564e-03,-2.62215400e-03,5.85617994e-04,3.70838709e-03,6.72469233e-03,9.61262958e-03,1.23498015e-02,1.49133274e-02,1.72799118e-02,1.94259758e-02,2.13278559e-02,2.29620711e-02,2.43056562e-02,2.53365555e-02,2.60340539e-02,2.63791327e-02
7.20776810e-04,1.48738053e-03,2.31181535e-03,3.18046698e-03,4.07942680e-03,4.99476136e-03,5.91278269e-03,6.82031678e-03,7.70496486e-03,8.55535033e-03,9.36134223e-03,1.01142456e-02,1.08069490e-02,1.14340211e-02,1.19917495e-02,1.24781193e-02,1.28927312e-02,1.32366630e-02,1.35122826e-02,1.37230213e-02,1.38731204e-02,1.39673615e-02,1.40107876e-02,1.40083864e-02,1.39654695e-02,1.38859080e-02,1.37735554e-02,1.36313846e-02,1.34614440e-02,1.32647858e-02,1.30414289e-02,1.27903678e-02,1.25096313e-02,1.21963988e-02,1.18471763e-02,1.14580347e-02,1.10249089e-02,1.05439507e-02,1.00119223e-02,9.42661132e-03,8.78724196e-03,8.09485249e-03,7.35260681e-03,6.56600866e-03,5.74299172e-03,4.89386641e-03,4.03111569e-03,3.16904507e-03,2.32330539e-03,1.51031927e-03,7.46650973e-04,4.83640377e-05,-5.69586452e-04,-1.09389620e-03,-1.51335519e-03,-1.81916445e-03,-2.00512407e-03,-2.06781510e-03,-2.00640795e-03,-1.82253528e-03,-1.52029644e-03,-1.10592634e-03,-5.87554618e-04,2.50564080e-05
-2.07481044e-02,-2.04875399e-02,-2.01556388e-02,-1.97537901e-02,-1.92824266e-02,-1.87411510e-02,-1.81289665e-02,-1.74445950e-02,-1.66868606e-02,-1.58551084e-02,-1.49496305e-02,-1.39720674e-02,-1.29257583e-02,-1.18160177e-02,-1.06503194e-02,-9.43837813e-03,-8.19212144e-03,-6.92555440e-03,-5.65452016e-03,-4.39636651e-03,-3.16953061e-03,-1.99305691e-03,-8.86065929e-04,1.32806664e-04,1.04597140e-03,1.83744893e-03,2.49338262e-03,3.00248094e-03,3.35637238e-03,3.54984379e-03,3.58090960e-03,3.45132640e-03,3.16515065e-03,2.72964037e-03,2.15447342e-03,1.45125144e-03,6.32997521e-04,-2.86355088e-04,-1.29243003e-03,-2.37082002e-03,-3.50738733e-03,-4.68845786e-03,-5.90091174e-03,-7.13218374e-03,-8.37019961e-03,-9.60328052e-03,-1.08200502e-02,-1.20093757e-02,-1.31603669e-02,-1.42624462e-02,-1.53054927e-02,-1.62800468e-02,-1.71775555e-02,-1.79906292e-02,-1.87132765e-02,-1.93410871e-02,-1.98713353e-02,-2.03029860e-02,-2.06365946e-02,-2.08740999e-02,-2.10184965e-02,-2.10738757e-02,-2.10449039e-02,-2.09349730e-02
-4.40843564e-02,-4.45902474e-02,-4.50227336e-02,-4.53846832e-02,-4.56818689e-02,-4.59225613e-02,-4.61170560e-02,-4.62771505e-02,-4.64155849e-02,-4.65454696e-02,-4.66797159e-02,-4.68304654e-02,-4.70085174e-02,-4.72227752e-02,-4.74797394e-02,-4.77830722e-02,-4.81332540e-02,-4.85273555e-02,-4.89589460e-02,-4.94181578e-02,-4.98919185e-02,-5.03643555e-02,-5.08173641e-02,-5.12313170e-02,-5.15858793e-02,-5.18608615e-02,-5.20369635e-02,-5.20990183e-02,-5.20339724e-02,-5.18289109e-02,-5.14778790e-02,-5.09791188e-02,-5.03354598e-02,-4.95543331e-02,-4.86475961e-02,-4.76311962e-02,-4.65246963e-02,-4.53506873e-02,-4.41341127e-02,-4.29015295e-02,-4.16803255e-02,-4.04979128e-02,-3.93809157e-02,-3.83543726e-02,-3.74409709e-02,-3.66603404e-02,-3.60284314e-02,-3.55570172e-02,-3.52534128e-02,-3.51199061e-02,-3.51504513e-02,-3.53418054e-02,-3.56814330e-02,-3.61535187e-02,-3.67391112e-02,-3.74168683e-02,-3.81639349e-02,-3.89568690e-02,-3.97725588e-02,-4.05890809e-02,-4.13864608e-02,-4.21473034e-02,-4.28572743e-02,-4.35054242e-02
9.50133327e-03,9.58610113e-03,9.56510403e-03,9.44317740e-03,9.22644130e-03,8.92395628e-03,8.54638121e-03,8.10546562e-03,7.61340683e-03,7.08218322e-03,6.52292547e-03,5.94537956e-03,5.35750583e-03,4.76524483e-03,4.17246401e-03,3.58108233e-03,2.99135358e-03,2.40227592e-03,1.81208559e-03,1.21878804e-03,6.20679194e-04,1.68134620e-05,-5.92617619e-04,-1.20602223e-03,-1.82027665e-03,-2.43072637e-03,-3.03131175e-03,-3.61479955e-03,-4.17309418e-03,-4.69759819e-03,-5.17959032e-03,-5.61059108e-03,-5.98269084e-03,-6.28882121e-03,-6.52295772e-03,-6.68024386e-03,-6.75700821e-03,-6.75142170e-03,-6.66182962e-03,-6.48832706e-03,-6.23196651e-03,-5.89472437e-03,-5.47941022e-03,-4.98958405e-03,-4.42949199e-03,-3.80402397e-03,-3.11869438e-03,-2.37964346e-03,-1.59365545e-03,-7.68187434e-04,8.85990338e-05,9.67810455e-04,1.85981481e-03,2.75426059e-03,3.64013130e-03,4.50584851e-03,5.33942989e-03,6.12870688e-03,6.86160256e-03,7.52646517e-03,8.11244640e-03,8.60990754e-03,9.01082972e-03,9.30919917e-03
-7.82548811e-03,-9.04499477e-03,-1.00732956e-02,-1.09073553e-02,-1.15481142e-02,-1.19998449e-02,-1.22694347e-02,-1.23663325e-02,-1.23012266e-02,-1.20847482e-02,-1.17289503e-02,-1.12459136e-02,-1.06475765e-02,-9.94554785e-03,-9.15096070e-03,-8.27436441e-03,-7.32564556e-03,-6.31397188e-03,-5.24775531e-03,-4.13463374e-03,-2.98147351e-03,-1.79439585e-03,-5.78831104e-04,6.60396103e-04,1.91894760e-03,3.19282678e-03,4.47819872e-03,5.77119016e-03,7.06767504e-03,8.36305504e-03,9.65204599e-03,1.09284810e-02,1.21851408e-02,1.34136208e-02,1.46042428e-02,1.57460184e-02,1.68266687e-02,1.78327042e-02,1.87495675e-02,1.95618417e-02,2.02535234e-02,2.08083631e-02,2.12102653e-02,2.14437261e-02,2.14940694e-02,2.13512249e-02,2.10034712e-02,2.04435591e-02,1.96683811e-02,1.86790083e-02,1.74812679e-02,1.60861067e-02,1.45097432e-02,1.27735720e-02,1.09037951e-02,8.93076970e-03,6.88809099e-03,4.81145485e-03,2.73737193e-03,7.01823420e-04,-1.26103806e-03,-3.12004312e-03,-4.84799694e-03,-6.42233226e-03
-1.10310186e-02,-1.20766614e-02,-1.28922433e-02,-1.34962736e-02,-1.39089673e-02,-1.41508360e-02,-1.42418785e-02,-1.42003880e-02,-1.40408275e-02,-1.37755900e-02,-1.34135355e-02,-1.29600653e-02,-1.24173111e-02,-1.17845062e-02,-1.10585134e-02,-1.02344730e-02,-9.30652481e-03,-8.26855670e-03,-7.11493408e-03,-5.84116851e-03,-4.44449232e-03,-2.92431621e-03,-1.28255797e-03,4.76158453e-04,2.34441604e-03,4.31204297e-03,6.36622178e-03,8.49165597e-03,1.06707754e-02,1.28839570e-02,1.51097449e-02,1.73250572e-02,1.95053760e-02,2.16249202e-02,2.36568098e-02,2.55732362e-02,2.73456569e-02,2.89450397e-02,3.03421834e-02,3.15081426e-02,3.24147763e-02,3.30354230e-02,3.33455901e-02,3.33228756e-02,3.29613534e-02,3.22412040e-02,3.11608752e-02,2.97258491e-02,2.79505076e-02,2.58587998e-02,2.34842806e-02,2.08695311e-02,1.80649413e-02,1.51268914e-02,1.21154420e-02,9.09170761e-03,6.11513468e-03,3.24092119e-03,5.17793051e-04,-2.01367903e-03,-4.32216059e-03,-6.38602010e-03,-8.19310131e-03,-9.74001277e-03
-1.63431708e-02,-1.56467009e-02,-1.49873970e-02,-1.43742911e-02,-1.38154816e-02,-1.33179242e-02,-1.28872354e-02,-1.25275194e-02,-1.22412290e-02,-1.20290738e-02,-1.18899971e-02,-1.18212936e-02,-1.18178055e-02,-1.18743585e-02,-1.19837679e-02,-1.21381696e-02,-1.23293511e-02,-1.25491963e-02,-1.27901479e-02,-1.30456465e-02,-1.33105092e-02,-1.35812151e-02,-1.38560712e-02,-1.41352420e-02,-1.44206355e-02,-1.47156511e-02,-1.50248052e-02,-1.53532626e-02,-1.57063057e-02,-1.60887844e-02,-1.65045862e-02,-1.69561681e-02,-1.74441863e-02,-1.79672501e-02,-1.85218178e-02,-1.91022388e-02,-1.97009355e-02,-2.03087040e-02,-2.09151075e-02,-2.15089264e-02,-2.20786298e-02,-2.26128326e-02,-2.31007100e-02,-2.35323461e-02,-2.38990044e-02,-2.41933145e-02,-2.44093725e-02,-2.45427277e-02,-2.45910335e-02,-2.45532763e-02,-2.44287311e-02,-2.42189837e-02,-2.39267635e-02,-2.35559627e-02,-2.31115746e-02,-2.25996236e-02,-2.20270905e-02,-2.14018308e-02,-2.07324841e-02,-2.00283682e-02,-1.92993585e-02,-1.85557495e-02,-1.78080991e-02,-1.70670555e-02
-1.69019949e-02,-1.74561322e-02,-1.79711654e-02,-1.84522697e-02,-1.89042317e-02,-1.93309405e-02,-1.97349129e-02,-2.01168877e-02,-2.04755211e-02,-2.08072158e-02,-2.11061013e-02,-2.13641787e-02,-2.15716165e-02,-2.17171563e-02,-2.17886543e-02,-2.17756526e-02,-2.16650018e-02,-2.14467322e-02,-2.11125131e-02,-2.06563874e-02,-2.00752293e-02,-1.93690410e-02,-1.85410981e-02,-1.75979553e-02,-1.65493246e-02,-1.54078444e-02,-1.41887592e-02,-1.29095300e-02,-1.15893968e-02,-1.02489085e-02,-8.90943596e-03,-7.59267942e-03,-6.32017912e-03,-5.11283727e-03,-3.99045725e-03,-2.97130680e-03,-2.07171220e-03,-1.30569165e-03,-6.84637249e-04,-2.17055954e-04,9.16204010e-05,2.39134783e-04,2.26443982e-04,5.76746713e-05,-2.60167517e-04,-7.17315283e-04,-1.30164950e-03,-1.99909266e-03,-2.79406509e-03,-3.66996865e-03,-4.60967691e-03,-5.59601231e-03,-6.61219351e-03,-7.64224043e-03,-8.67132894e-03,-9.68609067e-03,-1.06748564e-02,-1.16278425e-02,-1.25372801e-02,-1.33974848e-02,-1.42048635e-02,-1.49578542e-02,-1.56567920e-02,-1.63036991e-02
4.92049900e-02,4.95039841e-02,4.96194235e-02,4.95444584e-02,4.92741325e-02,4.87997968e-02,4.81197411e-02,4.72349746e-02,4.61499104e-02,4.48727143e-02,4.34154258e-02,4.17938733e-02,4.00273843e-02,3.81383056e-02,3.61513641e-02,3.40929172e-02,3.19901496e-02,2.98702819e-02,2.77598481e-02,2.56840909e-02,2.36665071e-02,2.17285549e-02,1.98895161e-02,1.81664918e-02,1.65744953e-02,1.51266050e-02,1.38341358e-02,1.27067970e-02,1.17528113e-02,1.09789796e-02,1.03906911e-02,9.99188408e-03,9.78498883e-03,9.77105420e-03,9.94737039e-03,1.03127054e-02,1.08620499e-02,1.15886741e-02,1.24840255e-02,1.35377904e-02,1.47380308e-02,1.60713737e-02,1.75232388e-02,1.90780963e-02,2.07197410e-02,2.24315732e-02,2.41968735e-02,2.59990614e-02,2.78219265e-02,2.96498229e-02,3.14678211e-02,3.32618080e-02,3.50185343e-02,3.67256073e-02,3.83714312e-02,3.99451000e-02,4.14362544e-02,4.28349125e-02,4.41312924e-02,4.53156435e-02,4.63781074e-02,4.73086261e-02,4.80969179e-02,4.87325322e-02
2.33016515e-03,3.38167908e-03,4.41960230e-03,5.42556472e-03,6.38097070e-03,7.26740087e-03,8.06701278e-03,8.76294073e-03,9.33969535e-03,9.78356139e-03,1.00829872e-02,1.02289405e-02,1.02151486e-02,1.00402029e-02,9.70333392e-03,9.20910855e-03,8.56561158e-03,7.78454822e-03,6.88104505e-03,5.87328058e-03,4.78196376e-03,3.62968065e-03,2.44013963e-03,1.23735521e-03,4.48163978e-05,-1.11530805e-03,-2.22289762e-03,-3.26049413e-03,-4.21376330e-03,-5.07180499e-03,-5.82730186e-03,-6.47651196e-03,-7.01911791e-03,-7.45795083e-03,-7.79860939e-03,-8.04899554e-03,-8.21878736e-03,-8.31886539e-03,-8.36071805e-03,-8.35604407e-03,-8.31554308e-03,-8.24912548e-03,-8.16506495e-03,-8.06963849e-03,-7.96682996e-03,-7.85815126e-03,-7.74259781e-03,-7.61674607e-03,-7.47499243e-03,-7.30992387e-03,-7.11280163e-03,-6.87413022e-03,-6.58427745e-03,-6.23410705e-03,-5.81558550e-03,-5.32232779e-03,-4.75005297e-03,-4.09692884e-03,-3.36379428e-03,-2.55425718e-03,-1.67467402e-03,-7.34023841e-04,2.56306588e-04,1.28280269e-03
1.35848684e-02,1.31141811e-02,1.27188747e-02,1.24012330e-02,1.21621402e-02,1.20011774e-02,1.19167743e-02,1.19064689e-02,1.19662118e-02,1.20927241e-02,1.22816549e-02,1.25285285e-02,1.28289083e-02,1.31785157e-02,1.35733207e-02,1.40095916e-02,1.44839028e-02,1.49931029e-02,1.55342508e-02,1.61045258e-02,1.67011219e-02,1.73211355e-02,1.79614560e-02,1.86186674e-02,1.92889682e-02,1.99681144e-02,2.06513894e-02,2.13336020e-02,2.20091120e-02,2.26718817e-02,2.33155505e-02,2.39335282e-02,2.45191027e-02,2.50655575e-02,2.55662943e-02,2.60149562e-02,2.64055484e-02,2.67325506e-02,2.69910213e-02,2.71766860e-02,2.72860020e-02,2.73161063e-02,2.72661811e-02,2.71348238e-02,2.69217450e-02,2.66280917e-02,2.62559220e-02,2.58082629e-02,2.52891192e-02,2.47034656e-02,2.40572279e-02,2.33572517e-02,2.26112559e-02,2.18277676e-02,2.10160336e-02,2.01859061e-02,1.93476984e-02,1.85120130e-02,1.76895415e-02,1.68908437e-02,1.61261125e-02,1.54049354e-02,1.47360653e-02,1.41272120e-02
2.21879601e-02,2.36831081e-02,2.51650450e-02,2.66104982e-02,2.79959244e-02,2.92979303e-02,3.04937297e-02,3.15616399e-02,3.24816157e-02,3.32358119e-02,3.38091564e-02,3.41898968e-02,3.43700097e-02,3.43454114e-02,3.41224360e-02,3.37019646e-02,3.30958032e-02,3.23197217e-02,3.13935123e-02,3.03403825e-02,2.91860792e-02,2.79578536e-02,2.66833425e-02,2.53894443e-02,2.41012650e-02,2.28412048e-02,2.16282370e-02,2.04774163e-02,1.93996291e-02,1.84015825e-02,1.74860106e-02,1.66520643e-02,1.58958488e-02,1.52110637e-02,1.45897086e-02,1.40228142e-02,1.35011666e-02,1.30159952e-02,1.25595976e-02,1.21258803e-02,1.17107949e-02,1.13126544e-02,1.09323164e-02,1.05732266e-02,1.02413195e-02,9.94478150e-03,9.69368879e-03,9.49953922e-03,9.37470758e-03,9.33188298e-03,9.38308255e-03,9.53954410e-03,9.81132064e-03,1.02061495e-02,1.07293933e-02,1.13837189e-02,1.21689028e-02,1.30817432e-02,1.41160667e-02,1.52628167e-02,1.65102105e-02,1.78439490e-02,1.92474673e-02,2.07022153e-02
-1.55037619e-02,-1.54939318e-02,-1.53313148e-02,-1.50113156e-02,-1.45334530e-02,-1.39014913e-02,-1.31231392e-02,-1.22095869e-02,-1.11749509e-02,-1.00356802e-02,-8.80996279e-03,-7.51716666e-03,-6.17733643e-03,-4.81076060e-03,-3.43761458e-03,-2.07767814e-03,-7.50119687e-04,5.26665066e-04,1.73516624e-03,2.85888078e-03,3.88240579e-03,4.79155675e-03,5.57351979e-03,6.21704869e-03,6.71271175e-03,7.05318439e-03,7.23356749e-03,7.25161006e-03,7.10934981e-03,6.81027366e-03,6.36251325e-03,5.77774364e-03,5.07109273e-03,4.26081899e-03,3.36775813e-03,2.41456271e-03,1.42477018e-03,4.21753840e-04,-5.72371910e-04,-1.53780827e-03,-2.45803267e-03,-3.32054804e-03,-4.11739228e-03,-4.84536122e-03,-5.50592883e-03,-6.10487090e-03,-6.65161850e-03,-7.15838412e-03,-7.63911633e-03,-8.10834751e-03,-8.58000430e-03,-9.06625274e-03,-9.57644969e-03,-1.01162689e-02,-1.06870625e-02,-1.12855073e-02,-1.19035663e-02,-1.25287755e-02,-1.31448400e-02,-1.37324985e-02,-1.42705912e-02,-1.47372475e-02,-1.51110964e-02,-1.53723776e-02
2.20776509e-02,2.18744852e-02,2.13155066e-02,2.03972030e-02,1.91257871e-02,1.75155407e-02,1.55892461e-02,1.33780127e-02,1.09205766e-02,8.26209749e-03,5.45251302e-03,2.54456071e-03,-4.08380289e-04,-3.35441494e-03,-6.24518201e-03,-9.03751901e-03,-1.16946691e-02,-1.41870194e-02,-1.64923462e-02,-1.85956118e-02,-2.04883896e-02,-2.21680122e-02,-2.36365436e-02,-2.48996661e-02,-2.59655639e-02,-2.68438646e-02,-2.75446864e-02,-2.80778203e-02,-2.84520532e-02,-2.86745764e-02,-2.87520057e-02,-2.86885032e-02,-2.84845753e-02,-2.81407749e-02,-2.76560445e-02,-2.70282965e-02,-2.62549065e-02,-2.53332211e-02,-2.42610641e-02,-2.30372145e-02,-2.16618321e-02,-2.01368122e-02,-1.84660567e-02,-1.66556580e-02,-1.47139987e-02,-1.26517744e-02,-1.04819538e-02,-8.21969001e-03,-5.88219885e-03,-3.48861923e-03,-1.05986621e-03,1.38151316e-03,3.81146057e-03,6.20458541e-03,8.53428391e-03,1.07728919e-02,1.28918655e-02,1.48620087e-02,1.66537675e-02,1.82376122e-02,1.95845272e-02,2.06666215e-02,2.14578621e-02,2.19348928e-02
1.17979362e-02,1.24562218e-02,1.29684624e-02,1.33333601e-02,1.35526415e-02,1.36309115e-02,1.35760151e-02,1.33978382e-02,1.31073573e-02,1.27175962e-02,1.22420757e-02,1.16941952e-02,1.10865711e-02,1.04304390e-02,9.73517373e-03,9.00796562e-03,8.25367725e-03,7.47488934e-03,6.67212805e-03,5.84425215e-03,4.98896645e-03,4.10341955e-03,3.18483987e-03,2.23116301e-03,1.24160653e-03,2.17154181e-04,-8.39079438e-04,-1.92162354e-03,-3.02258048e-03,-4.13169843e-03,-5.23658212e-03,-6.32302117e-03,-7.37541089e-03,-8.37723708e-03,-9.31159558e-03,-1.01617188e-02,-1.09114847e-02,-1.15458881e-02,-1.20514570e-02,-1.24165951e-02,-1.26317762e-02,-1.26909280e-02,-1.25892177e-02,-1.23245682e-02,-1.18980240e-02,-1.13132048e-02,-1.05762794e-02,-9.69584553e-03,-8.68276148e-03,-7.54994275e-03,-6.31213043e-03,-4.98563860e-03,-3.58808627e-03,-2.13811851e-03,-6.55120233e-04,8.41074730e-04,2.33047045e-03,3.79323224e-03,5.20998380e-03,6.56212328e-03,7.83214722e-03,9.00398088e-03,1.00633103e-02,1.09979074e-02
1.19136592e-02,1.28707245e-02,1.37360412e-02,1.45060722e-02,1.51788411e-02,1.57537609e-02,1.62314498e-02,1.66135423e-02,1.69024981e-02,1.71014144e-02,1.72138394e-02,1.72435370e-02,1.71951682e-02,1.70723262e-02,1.68787204e-02,1.66181013e-02,1.62938571e-02,1.59089807e-02,1.54660237e-02,1.49670645e-02,1.44136941e-02,1.38070261e-02,1.31477333e-02,1.24361182e-02,1.16722239e-02,1.08559914e-02,9.98746807e-03,9.06706954e-03,8.09588984e-03,7.07605073e-03,6.01107151e-03,4.90623349e-03,3.76890651e-03,2.60880057e-03,1.43810491e-03,2.71480708e-04,-8.74114944e-04,-1.97978715e-03,-3.02525264e-03,-3.98952582e-03,-4.85172335e-03,-5.59192767e-03,-6.19204718e-03,-6.63660708e-03,-6.91338720e-03,-7.01434115e-03,-6.93546661e-03,-6.67635181e-03,-6.24134620e-03,-5.63867044e-03,-4.88007240e-03,-3.98032542e-03,-2.95664621e-03,-1.82807316e-03,-6.14838640e-04,6.62237185e-04,1.98229885e-03,3.32498323e-03,4.67084254e-03,6.00170437e-03,7.30095435e-03,8.55374268e-03,9.74711810e-03,1.08700948e-02
2.98412725e-02,3.09969095e-02,3.20566067e-02,3.30117694e-02,3.38545354e-02,3.45779117e-02,3.51759339e-02,3.56438358e-02,3.59782070e-02,3.61771039e-02,3.62399453e-02,3.61698415e-02,3.59693018e-02,3.56416684e-02,3.51930769e-02,3.46305790e-02,3.39619781e-02,3.31955289e-02,3.23396055e-02,3.14023845e-02,3.03915779e-02,2.93142430e-02,2.81766944e-02,2.69845315e-02,2.57427887e-02,2.44562026e-02,2.31295778e-02,2.17682241e-02,2.03784265e-02,1.89679016e-02,1.75461918e-02,1.61249498e-02,1.47180703e-02,1.33416394e-02,1.20136846e-02,1.07537306e-02,9.58218188e-03,8.51957415e-03,7.58574825e-03,6.79901080e-03,6.17534589e-03,5.72773756e-03,5.46565476e-03,5.39476942e-03,5.51620068e-03,5.82784937e-03,6.32380007e-03,6.99459422e-03,7.82796502e-03,8.80935830e-03,9.92250357e-03,1.11499796e-02,1.24737416e-02,1.38755869e-02,1.53375425e-02,1.68421668e-02,1.83727632e-02,1.99135110e-02,2.14495212e-02,2.29668322e-02,2.44523606e-02,2.58938238e-02,2.72796546e-02,2.85989217e-02
-2.14025663e-02,-2.38189710e-02,-2.60026384e-02,-2.79197296e-02,-2.95415342e-02,-3.08452683e-02,-3.18145392e-02,-3.24393379e-02,-3.27164712e-02,-3.26561454e-02,-3.22591008e-02,-3.15407397e-02,-3.05195697e-02,-2.92174578e-02,-2.76589909e-02,-2.58707872e-02,-2.38808497e-02,-2.17179821e-02,-1.94112746e-02,-1.69896541e-02,-1.44814975e-02,-1.19143004e-02,-9.31439778e-03,-6.70673218e-03,-4.11466838e-03,-1.55985435e-03,9.37870022e-04,3.36049863e-03,5.69188215e-03,7.91765278e-03,1.00251114e-02,1.20030721e-02,1.38416705e-02,1.55321462e-02,1.70666152e-02,1.84378465e-02,1.96390619e-02,2.06637735e-02,2.15056709e-02,2.21585681e-02,2.26164064e-02,2.28732845e-02,2.29232219e-02,2.27643264e-02,2.23900275e-02,2.17969486e-02,2.09832409e-02,1.99482983e-02,1.86930486e-02,1.72201558e-02,1.55342065e-02,1.36419036e-02,1.15522843e-02,9.27697197e-03,6.83046083e-03,4.23042036e-03,1.49798816e-03,-1.34199292e-03,-4.26081293e-03,-7.22600662e-03,-1.02015972e-02,-1.31486272e-02,-1.60259597e-02,-1.87913265e-02
2.80622652e-02,2.74092701e-02,2.67858447e-02,2.62065889e-02,2.56850144e-02,2.52331017e-02,2.48609400e-02,2.45764618e-02,2.43852792e-02,2.42906431e-02,2.42937532e-02,2.43909086e-02,2.45805598e-02,2.48566596e-02,2.52117421e-02,2.56369100e-02,2.61220697e-02,2.66562035e-02,2.72276499e-02,2.78243853e-02,2.84343054e-02,2.90455029e-02,2.96465403e-02,3.02267161e-02,3.07763200e-02,3.12868713e-02,3.17513355e-02,3.21643088e-02,3.25221624e-02,3.28231356e-02,3.30673686e-02,3.32568660e-02,3.33953846e-02,3.34882439e-02,3.35420629e-02,3.35644305e-02,3.35634887e-02,3.35478525e-02,3.35250308e-02,3.35023997e-02,3.34860931e-02,3.34807516e-02,3.34890134e-02,3.35117473e-02,3.35478643e-02,3.35941285e-02,3.36454326e-02,3.36950270e-02,3.37348388e-02,3.37558380e-02,3.37485081e-02,3.37042709e-02,3.36135399e-02,3.34685507e-02,3.32629527e-02,3.29922446e-02,3.26541226e-02,3.22487271e-02,3.17787804e-02,3.12496081e-02,3.06690423e-02,3.00472069e-02,2.93961942e-02,2.87296467e-02
-2.47250295e-02,-2.35160450e-02,-2.25029227e-02,-2.16908978e-02,-2.10824128e-02,-2.06773287e-02,-2.04735421e-02,-2.04626527e-02,-2.06414384e-02,-2.10008055e-02,-2.15308365e-02,-2.22206463e-02,-2.30585798e-02,-2.40324408e-02,-2.51297110e-02,-2.63377564e-02,-2.76440236e-02,-2.90362271e-02,-3.05025285e-02,-3.20316991e-02,-3.36132582e-02,-3.52375693e-02,-3.68958777e-02,-3.85802695e-02,-4.02835397e-02,-4.19989589e-02,-4.37199431e-02,-4.54396401e-02,-4.71504602e-02,-4.88435921e-02,-5.05085515e-02,-5.21328184e-02,-5.37016140e-02,-5.51978612e-02,-5.66023598e-02,-5.78941825e-02,-5.90512782e-02,-6.00512394e-02,-6.08721661e-02,-6.14935185e-02,-6.18967514e-02,-6.20681191e-02,-6.20046430e-02,-6.16902662e-02,-6.11251362e-02,-6.03129014e-02,-5.92616409e-02,-5.79837410e-02,-5.64955537e-02,-5.48169304e-02,-5.29706830e-02,-5.09820119e-02,-4.88779308e-02,-4.66867060e-02,-4.44373221e-02,-4.21589785e-02,-3.98806194e-02,-3.76304956e-02,-3.54357583e-02,-3.33220837e-02,-3.13133300e-02,-2.94312306e-02,-2.76951258e-02,-2.61217431e-02
-2.42625145e-02,-2.42960757e-02,-2.42709588e-02,-2.41836246e-02,-2.40342249e-02,-2.38260578e-02,-2.35657140e-02,-2.32629787e-02,-2.29305301e-02,-2.25834506e-02,-2.22385689e-02,-2.19136619e-02,-2.16265560e-02,-2.13941785e-02,-2.12316336e-02,-2.11513779e-02,-2.11603366e-02,-2.12646950e-02,-2.14638956e-02,-2.17528464e-02,-2.21218420e-02,-2.25569727e-02,-2.30408324e-02,-2.35534667e-02,-2.40734915e-02,-2.45792976e-02,-2.50502496e-02,-2.54677895e-02,-2.58163657e-02,-2.60841251e-02,-2.62633072e-02,-2.63501789e-02,-2.63477369e-02,-2.62582800e-02,-2.60902382e-02,-2.58542990e-02,-2.55630256e-02,-2.52301246e-02,-2.48697133e-02,-2.44956474e-02,-2.41209459e-02,-2.37573367e-02,-2.34149376e-02,-2.31020743e-02,-2.28252304e-02,-2.25891100e-02,-2.23967920e-02,-2.22499438e-02,-2.21490688e-02,-2.20937862e-02,-2.20823360e-02,-2.21133433e-02,-2.21844430e-02,-2.22926178e-02,-2.24342304e-02,-2.26048802e-02,-2.27992680e-02,-2.30110853e-02,-2.32329624e-02,-2.34565055e-02,-2.36724465e-02,-2.38709136e-02,-2.40418218e-02,-2.41753595e-02
9.52493364e-03,7.69779868e-03,5.84415492e-03,3.98738223e-03,2.15456521e-03,3.75675473e-04,-1.31749891e-03,-2.89260791e-03,-4.31810991e-03,-5.56457058e-03,-6.60585405e-03,-7.42010501e-03,-7.99045297e-03,-8.30528793e-03,-8.36030555e-03,-8.15398343e-03,-7.69126407e-03,-6.98189678e-03,-6.03971901e-03,-4.88206815e-03,-3.52914293e-03,-2.00337592e-03,-3.28842785e-04,1.46927157e-03,3.36515784e-03,5.33284064e-03,7.34654501e-03,9.38103662e-03,1.14119246e-02,1.34159322e-02,1.53711383e-02,1.72571928e-02,1.90555043e-02,2.07494012e-02,2.23242625e-02,2.37676171e-02,2.50692088e-02,2.62210269e-02,2.72172994e-02,2.80544494e-02,2.87310155e-02,2.92475350e-02,2.96063897e-02,2.98115971e-02,2.98683949e-02,2.97854514e-02,2.95692973e-02,2.92274892e-02,2.87687620e-02,2.82015779e-02,2.75338723e-02,2.67727319e-02,2.59240976e-02,2.49925357e-02,2.39811094e-02,2.28913769e-02,2.17235412e-02,2.04767615e-02,1.91496285e-02,1.77407892e-02,1.62496894e-02,1.46773890e-02,1.30273879e-02,1.13063908e-02
-2.77189855e-02,-2.73492769e-02,-2.68216177e-02,-2.61446454e-02,-2.53280491e-02,-2.43823396e-02,-2.33186782e-02,-2.21487657e-02,-2.08847852e-02,-1.95393884e-02,-1.81257084e-02,-1.66573860e-02,-1.51485930e-02,-1.36140376e-02,-1.20689418e-02,-1.05289777e-02,-9.01015829e-03,-7.52867524e-03,-6.10068517e-03,-4.74204488e-03,-3.46800263e-03,-2.29285566e-03,-1.22958850e-03,-2.89511071e-04,5.18079081e-04,1.18618517e-03,1.71034124e-03,2.08872193e-03,2.32213818e-03,2.41389183e-03,2.36956906e-03,2.19661613e-03,1.90353670e-03,1.49974000e-03,9.94713758e-04,3.97451330e-04,-2.84059853e-04,-1.04322065e-03,-1.87504452e-03,-2.77617689e-03,-3.74471418e-03,-4.77983051e-03,-5.88124086e-03,-7.04854633e-03,-8.28052012e-03,-9.57440063e-03,-1.09252600e-02,-1.23255120e-02,-1.37646130e-02,-1.52289913e-02,-1.67022220e-02,-1.81654379e-02,-1.95979465e-02,-2.09780007e-02,-2.22836587e-02,-2.34936599e-02,-2.45882469e-02,-2.55498716e-02,-2.63637404e-02,-2.70181693e-02,-2.75047327e-02,-2.78181613e-02,-2.79564564e-02,-2.79234116e-02
7.65152727e-03,6.06816838e-03,4.51827584e-03,3.03488602e-03,1.64706832e-03,3.78985836e-04,-7.50668073e-04,-1.72886029e-03,-2.54809249e-03,-3.20596886e-03,-3.70457480e-03,-4.04973109e-03,-4.25018531e-03,-4.31702873e-03,-4.26262530e-03,-4.10001327e-03,-3.84272463e-03,-3.50414154e-03,-3.09720596e-03,-2.63419693e-03,-2.12657322e-03,-1.58486340e-03,-1.01858495e-03,-4.36176654e-04,1.55066818e-04,7.49063210e-04,1.34101768e-03,1.92749378e-03,2.50647375e-03,3.07739512e-03,3.64114846e-03,4.20002188e-03,4.75757968e-03,5.31846660e-03,5.88813384e-03,6.47248979e-03,7.07748407e-03,7.70864036e-03,8.37055839e-03,9.06640947e-03,9.79745267e-03,1.05625988e-02,1.13580493e-02,1.21770327e-02,1.30096620e-02,1.38429273e-02,1.46608372e-02,1.54447179e-02,1.61736720e-02,1.68251956e-02,1.73759448e-02,1.78026347e-02,1.80830341e-02,1.81969523e-02,1.81281245e-02,1.78652947e-02,1.73998713e-02,1.67311828e-02,1.58650436e-02,1.48140882e-02,1.35976060e-02,1.22409516e-02,1.07745596e-02,9.23262258e-03
-2.75609090e-02,-2.75519680e-02,-2.75331905e-02,-2.75047889e-02,-2.74668376e-02,-2.74195122e-02,-2.73633377e-02,-2.72994135e-02,-2.72295843e-02,-2.71565298e-02,-2.70837552e-02,-2.70154755e-02,-2.69563977e-02,-2.69114220e-02,-2.68853260e-02,-2.68817457e-02,-2.69041772e-02,-2.69543635e-02,-2.70324221e-02,-2.71366721e-02,-2.72635722e-02,-2.74078047e-02,-2.75624971e-02,-2.77195678e-02,-2.78701727e-02,-2.80052196e-02,-2.81159113e-02,-2.81942601e-02,-2.82335094e-02,-2.82300012e-02,-2.81798171e-02,-2.80827608e-02,-2.79408157e-02,-2.77582468e-02,-2.75414332e-02,-2.72985670e-02,-2.70392461e-02,-2.67739868e-02,-2.65136802e-02,-2.62690230e-02,-2.60499522e-02,-2.58651184e-02,-2.57214301e-02,-2.56237133e-02,-2.55746056e-02,-2.55729898e-02,-2.56177471e-02,-2.57041954e-02,-2.58260641e-02,-2.59758007e-02,-2.61450937e-02,-2.63254356e-02,-2.65086673e-02,-2.66874560e-02,-2.68556681e-02,-2.70086104e-02,-2.71431275e-02,-2.72575577e-02,-2.73515651e-02,-2.74258749e-02,-2.74819512e-02,-2.75216544e-02,-2.75469183e-02,-2.75594661e-02
3.61333064e-03,3.71710797e-03,3.92731294e-03,4.24782435e-03,4.67961403e-03,5.22042696e-03,5.86463157e-03,6.60321914e-03,7.42395338e-03,8.31166548e-03,9.24868246e-03,1.02153703e-02,1.11907688e-02,1.21532907e-02,1.30814583e-02,1.39546458e-02,1.47537993e-02,1.54621030e-02,1.60655650e-02,1.65534934e-02,1.69188401e-02,1.71583889e-02,1.72727561e-02,1.72660640e-02,1.71478453e-02,1.69271735e-02,1.66176380e-02,1.62343156e-02,1.57932888e-02,1.53109400e-02,1.48032503e-02,1.42851551e-02,1.37699930e-02,1.32690701e-02,1.27913550e-02,1.23433092e-02,1.19288507e-02,1.15494397e-02,1.12042732e-02,1.08905666e-02,1.06039036e-02,1.03386309e-02,1.00882749e-02,9.84596031e-03,9.60481214e-03,9.35832406e-03,9.10068250e-03,8.82703781e-03,8.53371907e-03,8.21839281e-03,7.88016972e-03,7.51966583e-03,7.13902607e-03,6.74191744e-03,6.33349719e-03,5.92035774e-03,5.51044615e-03,5.11295152e-03,4.73815107e-03,4.39720395e-03,4.10188327e-03,3.86424081e-03,3.69620566e-03,3.60912975e-03
-1.82916938e-02,-1.91821495e-02,-1.98722353e-02,-2.03556275e-02,-2.06281401e-02,-2.06905593e-02,-2.05418760e-02,-2.01845316e-02,-1.96235466e-02,-1.88657678e-02,-1.79199231e-02,-1.67965815e-02,-1.55080827e-02,-1.40684406e-02,-1.24932162e-02,-1.07993600e-02,-9.00502425e-03,-7.12934791e-03,-5.19222036e-03,-3.21402912e-03,-1.21539842e-03,7.83075076e-04,2.76106949e-03,4.69881816e-03,6.57733919e-03,8.37865826e-03,1.00860136e-02,1.16840387e-02,1.31589185e-02,1.44985175e-02,1.56924738e-02,1.67322564e-02,1.76111803e-02,1.83243774e-02,1.88687183e-02,1.92426831e-02,1.94461661e-02,1.94800059e-02,1.93487447e-02,1.90534388e-02,1.85977483e-02,1.79858144e-02,1.72219326e-02,1.63105568e-02,1.52563430e-02,1.40642804e-02,1.27399132e-02,1.12896405e-02,9.72106904e-03,8.04338025e-03,6.26767083e-03,4.40722027e-03,2.47764413e-03,4.96900540e-04,-1.51486377e-03,-3.53563144e-03,-5.54200862e-03,-7.50979597e-03,-9.41463706e-03,-1.12326788e-02,-1.29411928e-02,-1.45191141e-02,-1.59474676e-02,-1.72096680e-02
-3.45331938e-02,-3.33126665e-02,-3.19158287e-02,-3.03555619e-02,-2.86459755e-02,-2.68023103e-02,-2.48408565e-02,-2.27788858e-02,-2.06345912e-02,-1.84270315e-02,-1.61760735e-02,-1.39023251e-02,-1.16270543e-02,-9.37208337e-03,-7.15965537e-03,-5.01226283e-03,-2.95243574e-03,-1.00248398e-03,8.15806877e-04,2.48150053e-03,3.97494107e-03,5.27814617e-03,6.37523241e-03,7.25283227e-03,7.90047591e-03,8.31090544e-03,8.48026023e-03,8.40853542e-03,8.09988233e-03,7.55999893e-03,6.79897375e-03,5.82943878e-03,4.66616786e-03,3.32551607e-03,1.82483859e-03,1.81950344e-04,-1.58531812e-03,-3.45944897e-03,-5.42342899e-03,-7.46076640e-03,-9.55538646e-03,-1.16914266e-02,-1.38529746e-02,-1.60237996e-02,-1.81871229e-02,-2.03254701e-02,-2.24206331e-02,-2.44537543e-02,-2.64055322e-02,-2.82565306e-02,-2.99875640e-02,-3.15801254e-02,-3.30168200e-02,-3.42817711e-02,-3.53609706e-02,-3.62425515e-02,-3.69169616e-02,-3.73769636e-02,-3.76170414e-02,-3.76414238e-02,-3.74442553e-02,-3.70289968e-02,-3.64006256e-02,-3.55658703e-02
4.21971305e-02,4.08585511e-02,3.96220352e-02,3.85376875e-02,3.76504452e-02,3.69981042e-02,3.66099464e-02,3.65064734e-02,3.66923751e-02,3.71707571e-02,3.79344012e-02,3.89659558e-02,4.02414089e-02,4.17310238e-02,4.34004566e-02,4.52118630e-02,4.71249335e-02,4.90978369e-02,5.10880769e-02,5.30532774e-02,5.49519213e-02,5.67440687e-02,5.83920834e-02,5.98613871e-02,6.11212573e-02,6.21456675e-02,6.29141487e-02,6.34125998e-02,6.36337491e-02,6.35789015e-02,6.32662644e-02,6.27036943e-02,6.19189843e-02,6.09465055e-02,5.98268232e-02,5.86052876e-02,5.73300810e-02,5.60499699e-02,5.48119408e-02,5.36589012e-02,5.26276169e-02,5.17470277e-02,5.10370416e-02,5.05078592e-02,5.01598492e-02,4.99840383e-02,4.99637172e-02,5.00676335e-02,5.02699095e-02,5.05335084e-02,5.08186842e-02,5.10846524e-02,5.12911333e-02,5.13999410e-02,5.13765575e-02,5.11990173e-02,5.08414026e-02,5.02923850e-02,4.95500543e-02,4.86227784e-02,4.75294033e-02,4.62988245e-02,4.49689246e-02,4.35849090e-02
6.72813007e-03,7.09142264e-03,7.49875253e-03,7.95052191e-03,8.44596945e-03,8.98311865e-03,9.55880423e-03,1.01687652e-02,1.08077880e-02,1.14698812e-02,1.21484617e-02,1.28365333e-02,1.35268445e-02,1.42120131e-02,1.48846130e-02,1.55372238e-02,1.61624483e-02,1.67529089e-02,1.73012347e-02,1.78000563e-02,1.82420209e-02,1.86198432e-02,1.89263987e-02,1.91548659e-02,1.92989102e-02,1.93528601e-02,1.93125387e-02,1.91750246e-02,1.89379539e-02,1.86016338e-02,1.81683489e-02,1.76425766e-02,1.70310609e-02,1.63427737e-02,1.55887652e-02,1.47819030e-02,1.39365069e-02,1.30678945e-02,1.21918596e-02,1.13241103e-02,1.04796998e-02,9.67248245e-03,8.91462947e-03,8.21623232e-03,7.58501933e-03,7.02620120e-03,6.54245369e-03,6.13403589e-03,5.79903390e-03,5.53371148e-03,5.33294264e-03,5.19069641e-03,5.10054157e-03,5.05613974e-03,5.05170849e-03,5.08218040e-03,5.14398002e-03,5.23468188e-03,5.35325604e-03,5.49998325e-03,5.67627060e-03,5.88438395e-03,6.12711965e-03,6.40744390e-03
-7.31137090e-03,-6.80728110e-03,-6.40750664e-03,-6.11054153e-03,-5.91422965e-03,-5.81628717e-03,-5.81398761e-03,-5.90622477e-03,-6.09201740e-03,-6.37134565e-03,-6.74502579e-03,-7.21449688e-03,-7.78146984e-03,-8.44745695e-03,-9.21321756e-03,-1.00781671e-02,-1.10398049e-02,-1.20932187e-02,-1.32307231e-02,-1.44416806e-02,-1.57125375e-02,-1.70270925e-02,-1.83669855e-02,-1.97123767e-02,-2.10427594e-02,-2.23378369e-02,-2.35783835e-02,-2.47470133e-02,-2.58287893e-02,-2.68116272e-02,-2.76864680e-02,-2.84472219e-02,-2.90905084e-02,-2.96152343e-02,-3.00220650e-02,-3.03128394e-02,-3.04899419e-02,-3.05566306e-02,-3.05161975e-02,-3.03693129e-02,-3.01178919e-02,-2.97632137e-02,-2.93062981e-02,-2.87482270e-02,-2.80905094e-02,-2.73354635e-02,-2.64865797e-02,-2.55488307e-02,-2.45288996e-02,-2.34353057e-02,-2.22784177e-02,-2.10703506e-02,-1.98247540e-02,-1.85565026e-02,-1.72813092e-02,-1.60152807e-02,-1.47744437e-02,-1.35742646e-02,-1.24291923e-02,-1.13522492e-02,-1.03546947e-02,-9.44578203e-03,-8.63262470e-03,-7.92018283e-03
-4.15415715e-02,-4.07646153e-02,-4.01067183e-02,-3.95846997e-02,-3.92133882e-02,-3.90053640e-02,-3.89653482e-02,-3.91013891e-02,-3.94142445e-02,-3.98997315e-02,-4.05492415e-02,-4.13497079e-02,-4.22839168e-02,-4.33310571e-02,-4.44674737e-02,-4.56675785e-02,-4.69048636e-02,-4.81529518e-02,-4.93866153e-02,-5.05826988e-02,-5.17208941e-02,-5.27843248e-02,-5.37599230e-02,-5.46385912e-02,-5.54151619e-02,-5.60881772e-02,-5.66595197e-02,-5.71339281e-02,-5.75184334e-02,-5.78217484e-02,-5.80536408e-02,-5.82243171e-02,-5.83438385e-02,-5.84215877e-02,-5.84657903e-02,-5.84832314e-02,-5.84794200e-02,-5.84566627e-02,-5.84161851e-02,-5.83570976e-02,-5.82766598e-02,-5.81705268e-02,-5.80330595e-02,-5.78576908e-02,-5.76373257e-02,-5.73647570e-02,-5.70330738e-02,-5.66360463e-02,-5.61684725e-02,-5.56264784e-02,-5.50077651e-02,-5.43118027e-02,-5.35399718e-02,-5.26956567e-02,-5.17842933e-02,-5.08133767e-02,-4.97924293e-02,-4.87329319e-02,-4.76482147e-02,-4.65533070e-02,-4.54647403e-02,-4.44003001e-02,-4.33787208e-02,-4.24193201e-02
-1.42283725e-02,-1.50842617e-02,-1.59233307e-02,-1.67289227e-02,-1.74846133e-02,-1.81746155e-02,-1.87841418e-02,-1.92997242e-02,-1.97094916e-02,-2.00033951e-02,-2.01732886e-02,-2.02148235e-02,-2.01238866e-02,-1.98994607e-02,-1.95435484e-02,-1.90607001e-02,-1.84580581e-02,-1.77452844e-02,-1.69344173e-02,-1.60396607e-02,-1.50771090e-02,-1.40644101e-02,-1.30203709e-02,-1.19645107e-02,-1.09165714e-02,-9.89599368e-03,-8.92137135e-03,-8.00989981e-03,-7.17683656e-03,-6.43499594e-03,-5.79430311e-03,-5.26143442e-03,-4.83957229e-03,-4.52830092e-03,-4.32366527e-03,-4.21842230e-03,-4.20212340e-03,-4.26248475e-03,-4.38530789e-03,-4.55557330e-03,-4.75830689e-03,-4.97942615e-03,-5.20653030e-03,-5.42957540e-03,-5.64138869e-03,-5.83798990e-03,-6.01870277e-03,-6.18605580e-03,-6.34548614e-03,-6.50487310e-03,-6.67393726e-03,-6.86354601e-03,-7.08496879e-03,-7.34912608e-03,-7.66587481e-03,-8.04336835e-03,-8.48752302e-03,-9.00161535e-03,-9.58602521e-03,-1.02381311e-02,-1.09523535e-02,-1.17203345e-02,-1.25312328e-02,-1.33721090e-02
-2.77310301e-03,-3.77949063e-03,-4.64729805e-03,-5.36341758e-03,-5.91630606e-03,-6.29620657e-03,-6.49527618e-03,-6.50931357e-03,-6.33462344e-03,-5.97159365e-03,-5.42353818e-03,-4.69687964e-03,-3.80116039e-03,-2.74893464e-03,-1.55555656e-03,-2.38874193e-04,1.18115272e-03,2.68290459e-03,4.24362139e-03,5.83992752e-03,7.44838484e-03,9.04604819e-03,1.06110086e-02,1.21229093e-02,1.35634192e-02,1.49166467e-02,1.61694764e-02,1.73118108e-02,1.83366997e-02,1.92403425e-02,2.00219542e-02,2.06834913e-02,2.12292450e-02,2.16653170e-02,2.19990046e-02,2.22381314e-02,2.23903635e-02,2.24625433e-02,2.24599375e-02,2.23877129e-02,2.22461623e-02,2.20351573e-02,2.17523183e-02,2.13935008e-02,2.09532771e-02,2.04255308e-02,1.98041364e-02,1.90836742e-02,1.82601288e-02,1.73315158e-02,1.62983889e-02,1.51641894e-02,1.39354137e-02,1.26215902e-02,1.12350771e-02,9.79070733e-03,8.30532143e-03,6.79723712e-03,5.28570629e-03,3.79040444e-03,2.33098677e-03,9.26730094e-04,-4.03736854e-04,-1.64261685e-03
-2.67468947e-02,-2.60946198e-02,-2.53795036e-02,-2.45928099e-02,-2.37265968e-02,-2.27743626e-02,-2.17315866e-02,-2.05961450e-02,-1.93685890e-02,-1.80522865e-02,-1.66534355e-02,-1.51809684e-02,-1.36463699e-02,-1.20634344e-02,-1.04479911e-02,-8.81761992e-03,-7.19137768e-03,-5.58954973e-03,-4.03343174e-03,-2.54514053e-03,-1.14744330e-03,1.36412594e-04,1.28288181e-03,2.26838490e-03,3.06964532e-03,3.66413177e-03,4.03064232e-03,4.15000551e-03,4.00647386e-03,3.58789574e-03,2.88693853e-03,1.90280269e-03,6.41799424e-04,-8.81867953e-04,-2.64567223e-03,-4.61891558e-03,-6.76332367e-03,-9.03424719e-03,-1.13823922e-02,-1.37559693e-02,-1.61030920e-02,-1.83742169e-02,-2.05244118e-02,-2.25152575e-02,-2.43162413e-02,-2.59055621e-02,-2.72703373e-02,-2.84062572e-02,-2.93167814e-02,-3.00119871e-02,-3.05071888e-02,-3.08214238e-02,-3.09757983e-02,-3.09956269e-02,-3.08999973e-02,-3.07101334e-02,-3.04447714e-02,-3.01195859e-02,-2.97468234e-02,-2.93350747e-02,-2.88892360e-02,-2.84106617e-02,-2.78974929e-02,-2.73451408e-02
2.38102887e-02,2.38812565e-02,2.38443759e-02,2.36955789e-02,2.34305335e-02,2.30486118e-02,2.25515414e-02,2.19436401e-02,2.12318261e-02,2.04254727e-02,1.95361297e-02,1.85771284e-02,1.75631008e-02,1.65094445e-02,1.54317741e-02,1.43453960e-02,1.32648450e-02,1.22035094e-02,1.11733672e-02,1.01848414e-02,9.24677347e-03,8.36650120e-03,7.55002153e-03,6.80220960e-03,6.12706447e-03,5.52795129e-03,5.00781277e-03,4.56932868e-03,4.21500897e-03,3.94721460e-03,3.76810869e-03,3.67955076e-03,3.68298076e-03,3.77880426e-03,3.96723239e-03,4.24707937e-03,4.61606290e-03,5.07067295e-03,5.60614301e-03,6.21649200e-03,6.89463364e-03,7.63254748e-03,8.42150094e-03,9.25230818e-03,1.01156085e-02,1.10021449e-02,1.19030232e-02,1.28099322e-02,1.37153089e-02,1.46124340e-02,1.54954514e-02,1.63593079e-02,1.71996183e-02,1.80124672e-02,1.87941658e-02,1.95409854e-02,2.02488949e-02,2.09133288e-02,2.15290115e-02,2.20898601e-02,2.25889812e-02,2.30187703e-02,2.33711135e-02,2.36376808e-02
8.26587460e-03,8.59754744e-03,9.05136484e-03,9.61993800e-03,1.02947229e-02,1.10662344e-02,1.19242666e-02,1.28581064e-02,1.38567330e-02,1.49089961e-02,1.60037693e-02,1.71300752e-02,1.82771824e-02,1.94346752e-02,2.05924983e-02,2.17409812e-02,2.28708466e-02,2.39732090e-02,2.50395681e-02,2.60618032e-02,2.70321725e-02,2.79433202e-02,2.87882947e-02,2.95605767e-02,3.02541169e-02,3.08633812e-02,3.13833983e-02,3.18098073e-02,3.21388984e-02,3.23676408e-02,3.24936745e-02,3.25150361e-02,3.24332668e-02,3.22462973e-02,3.19547426e-02,3.15600661e-02,3.10643336e-02,3.04702845e-02,2.97813667e-02,2.90017789e-02,2.81365261e-02,2.71914872e-02,2.61734874e-02,2.50903666e-02,2.39510322e-02,2.27654859e-02,2.15448129e-02,2.03011260e-02,1.90474589e-02,1.77976087e-02,1.65659293e-02,1.53670833e-02,1.42157621e-02,1.31263869e-02,1.21128018e-02,1.11879748e-02,1.03637166e-02,9.65042933e-03,9.05689381e-03,8.59010250e-03,8.25514340e-03,8.05514173e-03,7.99129151e-03,8.06240622e-03
-1.08055669e-02,-9.19727772e-03,-7.50656128e-03,-5.74055822e-03,-3.90912242e-03,-2.02494275e-03,-1.03611330e-04,1.83635596e-03,3.77356690e-03,5.68387477e-03,7.54055286e-03,9.31456214e-03,1.09749194e-02,1.24891827e-02,1.38240720e-02,1.49462395e-02,1.58231979e-02,1.64243968e-02,1.67223727e-02,1.66936806e-02,1.63265433e-02,1.56067536e-02,1.45343338e-02,1.31182465e-02,1.13774906e-02,9.34120339e-03,7.04809477e-03,4.54522761e-03,1.88619278e-03,-8.71204514e-04,-3.66751292e-03,-6.44443558e-03,-9.14734849e-03,-1.17274689e-02,-1.41435115e-02,-1.63627325e-02,-1.83613476e-02,-2.01243775e-02,-2.16450213e-02,-2.29236826e-02,-2.39667813e-02,-2.47854694e-02,-2.53943466e-02,-2.58102386e-02,-2.60510332e-02,-2.61357674e-02,-2.60824365e-02,-2.59062658e-02,-2.56224883e-02,-2.52441048e-02,-2.47818524e-02,-2.42441170e-02,-2.36369252e-02,-2.29640227e-02,-2.22270351e-02,-2.14257045e-02,-2.05581922e-02,-1.96214366e-02,-1.86115546e-02,-1.75242727e-02,-1.63553718e-02,-1.51011327e-02,-1.37587679e-02,-1.23268271e-02
2.47340761e-02,2.18944631e-02,1.89669237e-02,1.60027776e-02,1.30541090e-02,1.01717712e-02,7.40347944e-03,4.79214083e-03,2.37453768e-03,1.80440142e-04,-1.76780947e-03,-3.45530967e-03,-4.87423413e-03,-6.02312269e-03,-6.90598595e-03,-7.53128765e-03,-7.91085964e-03,-8.05922054e-03,-7.99264353e-03,-7.72672705e-03,-7.27806939e-03,-6.66258850e-03,-5.89523020e-03,-4.98971712e-03,-3.95840634e-03,-2.81225051e-03,-1.56084904e-03,-2.12574227e-04,1.22524080e-03,2.74607273e-03,4.34395419e-03,6.01319401e-03,7.74809998e-03,9.54271145e-03,1.13905519e-02,1.32844103e-02,1.52161567e-02,1.71765971e-02,1.91553686e-02,2.11408735e-02,2.31202514e-02,2.50793840e-02,2.70029288e-02,2.88743772e-02,3.06761336e-02,3.23896125e-02,3.39953557e-02,3.54731716e-02,3.68023035e-02,3.79616360e-02,3.89299506e-02,3.96862403e-02,4.02100793e-02,4.04819562e-02,4.04819754e-02,4.02068394e-02,3.96340301e-02,3.87577235e-02,3.75756978e-02,3.60913409e-02,3.43145804e-02,3.22624617e-02,2.99594123e-02,2.74371346e-02
2.03179321e-02,2.11652873e-02,2.19907237e-02,2.27886582e-02,2.35539048e-02,2.42817075e-02,2.49677486e-02,2.56081289e-02,2.61993162e-02,2.67380613e-02,2.72212845e-02,2.76459373e-02,2.80088495e-02,2.83065754e-02,2.85352560e-02,2.86905124e-02,2.87673642e-02,2.87600631e-02,2.86650131e-02,2.84742758e-02,2.81825285e-02,2.77848655e-02,2.72775218e-02,2.66584632e-02,2.59279465e-02,2.50890188e-02,2.41479041e-02,2.31142239e-02,2.20010126e-02,2.08244984e-02,1.96036492e-02,1.83595025e-02,1.71143253e-02,1.58906713e-02,1.47104118e-02,1.35938239e-02,1.25588098e-02,1.16203063e-02,1.07899191e-02,1.00757937e-02,9.48270819e-03,9.01235447e-03,8.66375984e-03,8.43379688e-03,8.31773317e-03,8.30985223e-03,8.40284617e-03,8.59071971e-03,8.86656551e-03,9.22376033e-03,9.65598057e-03,1.01571958e-02,1.07216193e-02,1.13436262e-02,1.20176571e-02,1.27381236e-02,1.34993293e-02,1.42954149e-02,1.51203306e-02,1.59678388e-02,1.68315410e-02,1.77049288e-02,1.85814498e-02,1.94545850e-02
1.48941791e-03,-1.51147195e-04,-1.81995137e-03,-3.48578626e-03,-5.11818382e-03,-6.68832415e-03,-8.16986651e-03,-9.53965894e-03,-1.07782996e-02,-1.18705331e-02,-1.28054758e-02,-1.35766735e-02,-1.41820008e-02,-1.46234169e-02,-1.49065773e-02,-1.50401580e-02,-1.50376665e-02,-1.49110850e-02,-1.46762344e-02,-1.43494671e-02,-1.39473288e-02,-1.34859515e-02,-1.29804591e-02,-1.24444207e-02,-1.18893771e-02,-1.13244574e-02,-1.07561088e-02,-1.01879527e-02,-9.62078127e-03,-9.05269978e-03,-8.47941405e-03,-7.89465233e-03,-7.29070326e-03,-6.65904288e-03,-5.99101709e-03,-5.27854174e-03,-4.51478135e-03,-3.69476915e-03,-2.81593591e-03,-1.87852203e-03,-8.85855648e-04,1.55511916e-04,1.23580987e-03,2.34219552e-03,3.45902457e-03,4.56822651e-03,5.64977297e-03,6.68221931e-03,7.64330178e-03,8.51057317e-03,9.26206103e-03,9.87693264e-03,1.03361500e-02,1.06230918e-02,1.07240711e-02,1.06296633e-02,1.03340746e-02,9.83505025e-03,9.13579987e-03,8.24419559e-03,7.17280561e-03,5.93870167e-03,4.56308730e-03,3.07075923e-03
-6.81132247e-03,-6.33126923e-03,-5.90598267e-03,-5.53062737e-03,-5.19995837e-03,-4.90876777e-03,-4.65231216e-03,-4.42669719e-03,-4.22919864e-03,-4.05850364e-03,-3.91486055e-03,-3.80013154e-03,-3.71774825e-03,-3.67259440e-03,-3.67056716e-03,-3.71873637e-03,-3.82453691e-03,-3.99553306e-03,-4.23896066e-03,-4.56127585e-03,-4.96771826e-03,-5.46190776e-03,-6.04549485e-03,-6.71788322e-03,-7.47604091e-03,-8.31441168e-03,-9.22493368e-03,-1.01971656e-02,-1.12185144e-02,-1.22745516e-02,-1.33494005e-02,-1.44261724e-02,-1.54874282e-02,-1.65156428e-02,-1.74936524e-02,-1.84050684e-02,-1.92346480e-02,-1.99686146e-02,-2.05949285e-02,-2.11035049e-02,-2.14863804e-02,-2.17377936e-02,-2.18542514e-02,-2.18370912e-02,-2.16854739e-02,-2.14038004e-02,-2.09984342e-02,-2.04778795e-02,-1.98526264e-02,-1.91349161e-02,-1.83384484e-02,-1.74780403e-02,-1.65692440e-02,-1.56279363e-02,-1.46698911e-02,-1.37103516e-02,-1.27636175e-02,-1.18426648e-02,-1.09588149e-02,-1.01214694e-02,-9.33792378e-03,-8.61327213e-03,-7.95040834e-03,-7.35012739e-03
-5.85986705e-02,-5.99192569e-02,-6.11863173e-02,-6.23778971e-02,-6.34738628e-02,-6.44566172e-02,-6.53116742e-02,-6.60280572e-02,-6.65984944e-02,-6.70193886e-02,-6.72904856e-02,-6.74144022e-02,-6.74045568e-02,-6.72608363e-02,-6.69950208e-02,-6.66185248e-02,-6.61431170e-02,-6.55805724e-02,-6.49423134e-02,-6.42391224e-02,-6.34809477e-02,-6.26768042e-02,-6.18347629e-02,-6.09620134e-02,-6.00649825e-02,-5.91494889e-02,-5.82209137e-02,-5.72843665e-02,-5.63448335e-02,-5.54072938e-02,-5.44767964e-02,-5.35584977e-02,-5.26576594e-02,-5.17796145e-02,-5.09297104e-02,-5.01132407e-02,-4.93353771e-02,-4.86011127e-02,-4.79152253e-02,-4.72822671e-02,-4.67065833e-02,-4.61923582e-02,-4.57436831e-02,-4.53646408e-02,-4.50593953e-02,-4.48322865e-02,-4.46879696e-02,-4.46305588e-02,-4.46633683e-02,-4.47933089e-02,-4.50246855e-02,-4.53616963e-02,-4.58079234e-02,-4.63659611e-02,-4.70370265e-02,-4.78205622e-02,-4.87138532e-02,-4.97116894e-02,-5.08061034e-02,-5.19862159e-02,-5.32382159e-02,-5.45454986e-02,-5.58889714e-02,-5.72475277e-02
-4.31234442e-02,-4.27689747e-02,-4.23219869e-02,-4.17753857e-02,-4.11245812e-02,-4.03677684e-02,-3.95060519e-02,-3.85434312e-02,-3.74866672e-02,-3.63450607e-02,-3.51301712e-02,-3.38555051e-02,-3.25361974e-02,-3.11887049e-02,-2.98305237e-02,-2.84799345e-02,-2.71557757e-02,-2.58772362e-02,-2.46636565e-02,-2.35343240e-02,-2.25082458e-02,-2.16038855e-02,-2.08388505e-02,-2.02295257e-02,-1.97906723e-02,-1.95351284e-02,-1.94708741e-02,-1.96056000e-02,-1.99425373e-02,-2.04800075e-02,-2.12118226e-02,-2.21269695e-02,-2.32095799e-02,-2.44391509e-02,-2.57910268e-02,-2.72371366e-02,-2.87469630e-02,-3.02886915e-02,-3.18304722e-02,-3.33417099e-02,-3.47942944e-02,-3.61636877e-02,-3.74297956e-02,-3.85775715e-02,-3.95973245e-02,-4.04847247e-02,-4.12405223e-02,-4.18700133e-02,-4.23822974e-02,-4.27893818e-02,-4.31051879e-02,-4.33445179e-02,-4.35220381e-02,-4.36513294e-02,-4.37440545e-02,-4.38092811e-02,-4.38529873e-02,-4.38777354e-02,-4.38832477e-02,-4.38654176e-02,-4.38173697e-02,-4.37300910e-02,-4.35929636e-02,-4.33945580e-02
-3.39128380e-03,-3.43057153e-03,-3.43047622e-03,-3.39450998e-03,-3.32623154e-03,-3.22878181e-03,-3.10466320e-03,-2.95556461e-03,-2.78226750e-03,-2.58464549e-03,-2.36176035e-03,-2.11204888e-03,-1.83358582e-03,-1.52440102e-03,-1.18282303e-03,-8.07818987e-04,-3.99300292e-04,4.16327637e-05,5.12528313e-04,1.00951749e-03,1.52735058e-03,2.05953020e-03,2.59853111e-03,3.13608839e-03,3.66353105e-03,4.17213577e-03,4.65347499e-03,5.09973506e-03,5.50398397e-03,5.86037285e-03,6.16426184e-03,6.41226734e-03,6.60223457e-03,6.73314486e-03,6.80497057e-03,6.81847331e-03,6.77534769e-03,6.67727658e-03,6.52646385e-03,6.32532535e-03,6.07638354e-03,5.78225051e-03,5.44564800e-03,5.06946243e-03,4.65682500e-03,4.21120392e-03,3.73649483e-03,3.23709609e-03,2.71795699e-03,2.18458954e-03,1.64303734e-03,1.09979869e-03,5.61704316e-04,3.57541621e-05,-4.71078721e-04,-9.52068366e-04,-1.40096641e-03,-1.81222548e-03,-2.18120257e-03,-2.50432582e-03,-2.77921077e-03,-3.00471436e-03,-3.18091901e-03,-3.30904377e-03
4.50177832e-04,-7.64172912e-04,-1.94521745e-03,-3.07710398e-03,-4.14493270e-03,-5.13503651e-03,-6.03522178e-03,-6.83496551e-03,-7.52556748e-03,-8.10025753e-03,-8.55425843e-03,-8.88480285e-03,-9.09108861e-03,-9.17440939e-03,-9.13817596e-03,-8.98653979e-03,-8.72585842e-03,-8.36371916e-03,-7.90876298e-03,-7.37042193e-03,-6.75863101e-03,-6.08353028e-03,-5.35517097e-03,-4.58323945e-03,-3.77681346e-03,-2.94416422e-03,-2.09261603e-03,-1.22847244e-03,-3.57013398e-04,5.17436148e-04,1.39137121e-03,2.26191815e-03,3.12660159e-03,3.98308889e-03,4.82893072e-03,5.66131690e-03,6.47686577e-03,7.27146177e-03,8.04015209e-03,8.77710804e-03,9.47565234e-03,1.01283487e-02,1.07271464e-02,1.12635699e-02,1.17289427e-02,1.21146316e-02,1.24123026e-02,1.26141725e-02,1.27132357e-02,1.27033963e-02,1.25812323e-02,1.23423440e-02,1.19853780e-02,1.15105859e-02,1.09200713e-02,1.02178763e-02,9.41001157e-03,8.50443758e-03,7.51099313e-03,6.44127025e-03,5.30843460e-03,4.12699404e-03,2.91252119e-03,1.68133858e-03
3.71106488e-02,3.71880746e-02,3.72255025e-02,3.72315511e-02,3.72167779e-02,3.71908996e-02,3.71643672e-02,3.71468509e-02,3.71467289e-02,3.71695128e-02,3.72196873e-02,3.72984095e-02,3.74041697e-02,3.75327984e-02,3.76776970e-02,3.78302240e-02,3.79802014e-02,3.81165038e-02,3.82276912e-02,3.83026378e-02,3.83310592e-02,3.83047812e-02,3.82175027e-02,3.80640450e-02,3.78425731e-02,3.75537512e-02,3.72007368e-02,3.67890135e-02,3.63261129e-02,3.58212537e-02,3.52849310e-02,3.47284820e-02,3.41636579e-02,3.36022246e-02,3.30556119e-02,3.25346224e-02,3.20492044e-02,3.16082894e-02,3.12196839e-02,3.08900081e-02,3.06246648e-02,3.04278311e-02,3.03024625e-02,3.02503421e-02,3.02717164e-02,3.03649075e-02,3.05289028e-02,3.07600458e-02,3.10534882e-02,3.14030997e-02,3.18014965e-02,3.22401321e-02,3.27094416e-02,3.31990447e-02,3.36980049e-02,3.41951428e-02,3.46793962e-02,3.51402127e-02,3.55679603e-02,3.59543358e-02,3.62927445e-02,3.65786298e-02,3.68097224e-02,3.69861874e-02
-2.22122707e-02,-2.10596452e-02,-1.97872478e-02,-1.84120330e-02,-1.69527834e-02,-1.54297635e-02,-1.38643397e-02,-1.22785748e-02,-1.06948003e-02,-9.13517602e-03,-7.62124381e-03,-6.17348660e-03,-4.81090390e-03,-3.55061689e-03,-2.40751710e-03,-1.39397277e-03,-5.19606724e-04,2.08842381e-04,7.87557759e-04,1.21560852e-03,1.49479329e-03,1.62939442e-03,1.62583264e-03,1.49255379e-03,1.23893229e-03,8.75511286e-04,4.13260833e-04,-1.36807700e-04,-7.64009993e-04,-1.45830934e-03,-2.21056230e-03,-3.01269067e-03,-3.85778051e-03,-4.74010917e-03,-5.65510451e-03,-6.59924199e-03,-7.56988538e-03,-8.56507745e-03,-9.58328754e-03,-1.06231242e-02,-1.16830231e-02,-1.27609226e-02,-1.38539436e-02,-1.49580908e-02,-1.60679962e-02,-1.71767249e-02,-1.82756623e-02,-1.93544958e-02,-2.04013031e-02,-2.14027453e-02,-2.23443617e-02,-2.32109501e-02,-2.39870133e-02,-2.46572455e-02,-2.52070305e-02,-2.56229127e-02,-2.58929607e-02,-2.60077481e-02,-2.59620262e-02,-2.57485891e-02,-2.53660405e-02,-2.48155880e-02,-2.41013432e-02,-2.32303076e-02
5.17439267e-03,6.17038637e-03,7.22010555e-03,8.30025046e-03,9.38999324e-03,1.04714400e-02,1.15299322e-02,1.25541868e-02,1.35362784e-02,1.44714723e-02,1.53579211e-02,1.61962486e-02,1.69890448e-02,1.77403079e-02,1.84548666e-02,1.91378227e-02,1.97940461e-02,2.04277522e-02,2.10421827e-02,2.16393990e-02,2.22201885e-02,2.27840717e-02,2.33293885e-02,2.38534382e-02,2.43526409e-02,2.48226909e-02,2.52586750e-02,2.56551391e-02,2.60060919e-02,2.63049507e-02,2.65444426e-02,2.67164847e-02,2.68120585e-02,2.68208651e-02,2.67341846e-02,2.65389096e-02,2.62235928e-02,2.57769611e-02,2.51887195e-02,2.44504868e-02,2.35568026e-02,2.25061567e-02,2.13019542e-02,1.99533095e-02,1.84755646e-02,1.68904345e-02,1.52257115e-02,1.35144988e-02,1.17939958e-02,1.01039067e-02,8.48459350e-03,6.97512560e-03,5.61139158e-03,4.42442825e-03,3.43909385e-03,2.67316810e-03,2.13691360e-03,1.83308757e-03,1.75736688e-03,1.89883109e-03,2.24145505e-03,2.76481240e-03,3.44527796e-03,4.25727726e-03
7.21253794e-02,7.07468219e-02,6.91521063e-02,6.73692781e-02,6.54326791e-02,6.33818889e-02,6.12602480e-02,5.91130525e-02,5.69855533e-02,5.49209172e-02,5.29583228e-02,5.11313424e-02,4.94667310e-02,4.79836981e-02,4.66936808e-02,4.56005959e-02,4.47015052e-02,4.39876045e-02,4.34454381e-02,4.30582402e-02,4.28073175e-02,4.26734001e-02,4.26379689e-02,4.26821297e-02,4.27924672e-02,4.29577748e-02,4.31695467e-02,4.34230026e-02,4.37168811e-02,4.40531023e-02,4.44362752e-02,4.48730731e-02,4.53715192e-02,4.59402283e-02,4.65876559e-02,4.73213986e-02,4.81475852e-02,4.90703864e-02,5.00916587e-02,5.12107277e-02,5.24243030e-02,5.37265088e-02,5.51090079e-02,5.65611936e-02,5.80704231e-02,5.96222686e-02,6.12007656e-02,6.27886438e-02,6.43675318e-02,6.59181326e-02,6.74203752e-02,6.88535508e-02,7.01964488e-02,7.14275121e-02,7.25250335e-02,7.34674156e-02,7.42335120e-02,7.48030563e-02,7.51571212e-02,7.52780457e-02,7.51579696e-02,7.47874358e-02,7.41564570e-02,7.32666297e-02
-2.24745980e-02,-2.16585947e-02,-2.08805797e-02,-2.01463037e-02,-1.94625651e-02,-1.88371633e-02,-1.82788009e-02,-1.77969365e-02,-1.74015913e-02,-1.71031208e-02,-1.69119957e-02,-1.68379238e-02,-1.68897420e-02,-1.70768225e-02,-1.74060341e-02,-1.78825822e-02,-1.85095303e-02,-1.92874296e-02,-2.02139971e-02,-2.12838517e-02,-2.24883284e-02,-2.38153884e-02,-2.52496452e-02,-2.67725221e-02,-2.83625504e-02,-2.99958118e-02,-3.16465160e-02,-3.32876972e-02,-3.48919985e-02,-3.64325056e-02,-3.78835861e-02,-3.92216849e-02,-4.04260305e-02,-4.14792135e-02,-4.23676066e-02,-4.30816074e-02,-4.36156879e-02,-4.39681812e-02,-4.41403700e-02,-4.41447617e-02,-4.39828048e-02,-4.36671430e-02,-4.32110934e-02,-4.26291744e-02,-4.19366912e-02,-4.11492651e-02,-4.02823919e-02,-3.93510536e-02,-3.83693896e-02,-3.73504343e-02,-3.63059222e-02,-3.52461604e-02,-3.41799676e-02,-3.31146767e-02,-3.20561976e-02,-3.10091339e-02,-2.99769476e-02,-2.89621630e-02,-2.79666009e-02,-2.69916323e-02,-2.60384402e-02,-2.51082796e-02,-2.42027226e-02,-2.33238814e-02
3.38363029e-02,3.18478934e-02,2.94867695e-02,2.67794116e-02,2.37637085e-02,2.04885785e-02,1.70128175e-02,1.34031626e-02,9.73166168e-03,6.07253605e-03,2.49880494e-03,-9.21018793e-04,-4.12578668e-03,-7.06415607e-03,-9.69605672e-03,-1.19933323e-02,-1.39395980e-02,-1.55294131e-02,-1.67669380e-02,-1.76642539e-02,-1.82394710e-02,-1.85143079e-02,-1.85186535e-02,-1.82739735e-02,-1.78076565e-02,-1.71451497e-02,-1.63100277e-02,-1.53235883e-02,-1.42045900e-02,-1.29691555e-02,-1.16308178e-02,-1.02006781e-02,-8.68764861e-03,-7.09875525e-03,-5.43947733e-03,-3.71410773e-03,-1.92611867e-03,-7.85227050e-05,1.82577748e-03,3.78365938e-03,5.79147365e-03,7.84475673e-03,9.93797009e-03,1.20642651e-02,1.42152748e-02,1.63809333e-02,1.85493255e-02,2.07065687e-02,2.28367284e-02,2.49217726e-02,2.69415687e-02,2.88739259e-02,3.06946931e-02,3.23779169e-02,3.38960720e-02,3.52203761e-02,3.63212027e-02,3.71686023e-02,3.77329205e-02,3.79853209e-02,3.78999874e-02,3.74612662e-02,3.66436884e-02,3.54366171e-02
-1.01648610e-02,-1.10274330e-02,-1.18001250e-02,-1.24668912e-02,-1.30111133e-02,-1.34166075e-02,-1.36685751e-02,-1.37554698e-02,-1.36684976e-02,-1.34017252e-02,-1.29542955e-02,-1.23294655e-02,-1.15345354e-02,-1.05805002e-02,-9.48153626e-03,-8.25438058e-03,-6.91765644e-03,-5.49119008e-03,-3.99535767e-03,-2.45049296e-03,-8.76378139e-04,7.08167318e-04,2.28558203e-03,3.83977968e-03,5.35623038e-03,6.82195446e-03,8.22543178e-03,9.55644174e-03,1.08058531e-02,1.19653851e-02,1.30273633e-02,1.39844949e-02,1.48296858e-02,1.55559236e-02,1.61562428e-02,1.66237862e-02,1.69519654e-02,1.71347042e-02,1.71665802e-02,1.70455922e-02,1.67683030e-02,1.63350095e-02,1.57487922e-02,1.50156296e-02,1.41445913e-02,1.31477903e-02,1.20401057e-02,1.08386785e-02,9.56220602e-03,8.23008638e-03,6.86148653e-03,5.47442281e-03,4.08494818e-03,2.70653263e-03,1.34970558e-03,2.20007895e-05,-1.27178732e-03,-2.52906606e-03,-3.74867778e-03,-4.92998927e-03,-6.07193840e-03,-7.17214026e-03,-8.22615152e-03,-9.22697489e-03
-1.45969961e-02,-1.46032454e-02,-1.45405697e-02,-1.44103264e-02,-1.42128805e-02,-1.39478245e-02,-1.36142016e-02,-1.32107627e-02,-1.27362477e-02,-1.21896787e-02,-1.15706435e-02,-1.08795535e-02,-1.01178593e-02,-9.28821124e-03,-8.39455671e-03,-7.44217092e-03,-6.43762231e-03,-5.38867989e-03,-4.30417343e-03,-3.19382042e-03,-2.06803600e-03,-9.37741858e-04,1.85811054e-04,1.29119048e-03,2.36690566e-03,3.40148826e-03,4.38353746e-03,5.30174053e-03,6.14488028e-03,6.90184632e-03,7.56166918e-03,8.11359670e-03,8.54722976e-03,8.85272844e-03,9.02108564e-03,9.04436226e-03,8.91745153e-03,8.63546948e-03,8.19706476e-03,7.60388912e-03,6.86092662e-03,5.97673402e-03,4.96348785e-03,3.83682499e-03,2.61546765e-03,1.32064236e-03,-2.46757508e-05,-1.39663602e-03,-2.77145834e-03,-4.12636346e-03,-5.44040562e-03,-6.69516572e-03,-7.87525439e-03,-8.96860109e-03,-9.96652686e-03,-1.08636172e-02,-1.16574268e-02,-1.23480564e-02,-1.29376479e-02,-1.34298401e-02,-1.38292259e-02,-1.41408423e-02,-1.43697176e-02,-1.45204851e-02
-1.05429721e-02,-1.06509793e-02,-1.07818281e-02,-1.09396841e-02,-1.11280247e-02,-1.13492801e-02,-1.16044895e-02,-1.18930010e-02,-1.22122471e-02,-1.25576217e-02,-1.29224829e-02,-1.32982941e-02,-1.36749075e-02,-1.40409797e-02,-1.43844970e-02,-1.46933773e-02,-1.49561039e-02,-1.51623445e-02,-1.53034951e-02,-1.53730541e-02,-1.53683099e-02,-1.52871069e-02,-1.51313668e-02,-1.49054799e-02,-1.46161873e-02,-1.42722206e-02,-1.38838479e-02,-1.34623673e-02,-1.30195830e-02,-1.25672935e-02,-1.21168181e-02,-1.16785841e-02,-1.12617900e-02,-1.08741545e-02,-1.05217569e-02,-1.02089687e-02,-9.93847028e-03,-9.71134449e-03,-9.52723406e-03,-9.38454773e-03,-9.28069824e-03,-9.21235518e-03,-9.17570217e-03,-9.16653273e-03,-9.18078434e-03,-9.21442561e-03,-9.26361563e-03,-9.32483056e-03,-9.39489922e-03,-9.47101401e-03,-9.55072210e-03,-9.63190746e-03,-9.71277417e-03,-9.79184056e-03,-9.86795069e-03,-9.94030640e-03,-1.00085193e-02,-1.00726774e-02,-1.01334186e-02,-1.01919989e-02,-1.02503427e-02,-1.03110614e-02,-1.03774285e-02,-1.04532998e-02
1.79248460e-02,1.76853821e-02,1.74264440e-02,1.71512130e-02,1.68621188e-02,1.65607855e-02,1.62479650e-02,1.59234656e-02,1.55860889e-02,1.52335942e-02,1.48627127e-02,1.44692321e-02,1.40481719e-02,1.35940610e-02,1.31013217e-02,1.25647515e-02,1.19800825e-02,1.13445852e-02,1.06576707e-02,9.92143956e-03,9.14111933e-03,8.32533624e-03,7.48617534e-03,6.63899796e-03,5.80200691e-03,4.99557332e-03,4.24136398e-03,3.56132891e-03,2.97662453e-03,2.50655393e-03,2.16760388e-03,1.97264763e-03,1.93037767e-03,2.04473526e-03,2.31529787e-03,2.73701291e-03,3.30060721e-03,3.99312407e-03,4.79853092e-03,5.69840788e-03,6.67267236e-03,7.70030412e-03,8.76004248e-03,9.83103330e-03,1.08934094e-02,1.19287923e-02,1.29207061e-02,1.38548994e-02,1.47195703e-02,1.55054944e-02,1.62060570e-02,1.68171935e-02,1.73372457e-02,1.77667437e-02,1.81081280e-02,1.83654282e-02,1.85439167e-02,1.86497548e-02,1.86896301e-02,1.86706982e-02,1.86001018e-02,1.84840962e-02,1.83290999e-02,1.81409429e-02
-1.64607893e-02,-1.72022277e-02,-1.78514729e-02,-1.83858780e-02,-1.87840517e-02,-1.90267330e-02,-1.90994091e-02,-1.89897577e-02,-1.86893598e-02,-1.81952841e-02,-1.75090397e-02,-1.66365076e-02,-1.55876339e-02,-1.43759946e-02,-1.30182855e-02,-1.15337738e-02,-9.94374446e-03,-8.27096759e-03,-6.53920331e-03,-4.77275779e-03,-2.99609464e-03,-1.23350176e-03,4.91191948e-04,2.15484588e-03,3.73524598e-03,5.21130023e-03,6.56324060e-03,7.77284684e-03,8.82370150e-03,9.70148452e-03,1.03943085e-02,1.08930866e-02,1.11919073e-02,1.12883263e-02,1.11847143e-02,1.08866690e-02,1.04036133e-02,9.74989121e-03,8.94364194e-03,8.00634688e-03,6.96207861e-03,5.83653359e-03,4.65591059e-03,3.44571164e-03,2.22955541e-03,1.02809596e-03,-1.41867045e-04,-1.26801414e-03,-2.34283445e-03,-3.36361745e-03,-4.33212473e-03,-5.25397538e-03,-6.13779258e-03,-6.99417403e-03,-7.83455649e-03,-8.67004735e-03,-9.51029519e-03,-1.03624673e-02,-1.12303955e-02,-1.21139433e-02,-1.30086342e-02,-1.39055666e-02,-1.47916247e-02,-1.56499710e-02
1.61989068e-02,1.61395292e-02,1.61413138e-02,1.62192360e-02,1.63875665e-02,1.66557979e-02,1.70293151e-02,1.75087953e-02,1.80899719e-02,1.87636478e-02,1.95159383e-02,2.03287190e-02,2.11802516e-02,2.20459541e-02,2.28992844e-02,2.37127037e-02,2.44586902e-02,2.51107728e-02,2.56445544e-02,2.60386891e-02,2.62757585e-02,2.63428264e-02,2.62347878e-02,2.59493781e-02,2.54905883e-02,2.48694865e-02,2.41026955e-02,2.32118848e-02,2.22229080e-02,2.11646999e-02,2.00680114e-02,1.89640658e-02,1.78832251e-02,1.68537530e-02,1.59007492e-02,1.50453130e-02,1.43039670e-02,1.36883521e-02,1.32051804e-02,1.28564133e-02,1.26396284e-02,1.25485421e-02,1.25734577e-02,1.27014398e-02,1.29189342e-02,1.32099348e-02,1.35576758e-02,1.39450466e-02,1.43550503e-02,1.47712300e-02,1.51780630e-02,1.55613315e-02,1.59084780e-02,1.62089489e-02,1.64545285e-02,1.66396524e-02,1.67616866e-02,1.68211401e-02,1.68216647e-02,1.67712916e-02,1.66794707e-02,1.65596844e-02,1.64277356e-02,1.63012513e-02
-1.80033574e-02,-1.75246080e-02,-1.70277453e-02,-1.65202800e-02,-1.60116888e-02,-1.55131862e-02,-1.50374515e-02,-1.45983146e-02,-1.42104068e-02,-1.38887774e-02,-1.36484876e-02,-1.35042461e-02,-1.34688585e-02,-1.35548574e-02,-1.37724722e-02,-1.41290583e-02,-1.46288339e-02,-1.52723261e-02,-1.60559301e-02,-1.69715980e-02,-1.80066996e-02,-1.91440942e-02,-2.03624421e-02,-2.16367697e-02,-2.29392761e-02,-2.42403482e-02,-2.55097275e-02,-2.67177528e-02,-2.78365946e-02,-2.88413952e-02,-2.97112365e-02,-3.04298780e-02,-3.09862213e-02,-3.13744672e-02,-3.15938649e-02,-3.16511888e-02,-3.15539043e-02,-3.13141666e-02,-3.09481376e-02,-3.04740507e-02,-2.99115445e-02,-2.92808936e-02,-2.86022671e-02,-2.78950486e-02,-2.71772354e-02,-2.64649290e-02,-2.57719237e-02,-2.51094001e-02,-2.44857263e-02,-2.39063700e-02,-2.33739201e-02,-2.28882167e-02,-2.24465829e-02,-2.20441495e-02,-2.16742586e-02,-2.13289298e-02,-2.09993678e-02,-2.06764894e-02,-2.03514461e-02,-2.00161217e-02,-1.96635819e-02,-1.92884609e-02,-1.88872699e-02,-1.84586202e-02
-1.45010848e-02,-1.47565802e-02,-1.48734409e-02,-1.48445607e-02,-1.46593466e-02,-1.43095041e-02,-1.37876780e-02,-1.30883312e-02,-1.22083682e-02,-1.11476075e-02,-9.90909060e-03,-8.49922360e-03,-6.92776103e-03,-5.20765044e-03,-3.35476449e-03,-1.38754942e-03,6.73380247e-04,2.80565710e-03,4.98562738e-03,7.18876545e-03,9.39006676e-03,1.15644112e-02,1.36868898e-02,1.57330961e-02,1.76793839e-02,1.95030993e-02,2.11827903e-02,2.26984033e-02,2.40314722e-02,2.51653056e-02,2.60851781e-02,2.67785242e-02,2.72351256e-02,2.74472055e-02,2.74096317e-02,2.71254721e-02,2.65915385e-02,2.58138483e-02,2.48014774e-02,2.35671538e-02,2.21273359e-02,2.05021036e-02,1.87148904e-02,1.67920501e-02,1.47622569e-02,1.26557495e-02,1.05034493e-02,8.33599654e-03,6.18276572e-03,4.07092746e-03,2.02462847e-03,6.43535469e-05,-1.79347279e-03,-3.53663638e-03,-5.15700539e-03,-6.65013117e-03,-8.01463725e-03,-9.25144317e-03,-1.03628906e-02,-1.13518457e-02,-1.22208503e-02,-1.29713918e-02,-1.36033450e-02,-1.41146274e-02
-3.36725262e-02,-3.32896382e-02,-3.27349785e-02,-3.20167429e-02,-3.11440625e-02,-3.01267718e-02,-2.89752273e-02,-2.77001885e-02,-2.63127604e-02,-2.48243900e-02,-2.32469078e-02,-2.15926008e-02,-1.98743032e-02,-1.81054922e-02,-1.63003732e-02,-1.44739452e-02,-1.26420314e-02,-1.08212688e-02,-9.02904624e-03,-7.28338455e-03,-5.60275599e-03,-4.00583940e-03,-2.51121354e-03,-1.13699331e-03,9.95811162e-05,1.18257735e-03,2.09784015e-03,2.83343621e-03,3.38004770e-03,3.73129715e-03,3.88395640e-03,3.83811452e-03,3.59745432e-03,3.16777701e-03,2.55811739e-03,1.77962826e-03,8.45075258e-04,-2.31756995e-04,-1.43663976e-03,-2.75542686e-03,-4.17444604e-03,-5.68073174e-03,-7.26208813e-03,-8.90698109e-03,-1.06042820e-02,-1.23429044e-02,-1.41113874e-02,-1.58974870e-02,-1.76878342e-02,-1.94677140e-02,-2.12210024e-02,-2.29302807e-02,-2.45771270e-02,-2.61425623e-02,-2.76076101e-02,-2.89539205e-02,-3.01643982e-02,-3.12237799e-02,-3.21191117e-02,-3.28400895e-02,-3.33792327e-02,-3.37318184e-02,-3.38956537e-02,-3.38766136e-02
-9.44688894e-03,-1.03132994e-02,-1.14192170e-02,-1.27685249e-02,-1.43587154e-02,-1.61800192e-02,-1.82148481e-02,-2.04376440e-02,-2.28152051e-02,-2.53075190e-02,-2.78690820e-02,-3.04506311e-02,-3.30011630e-02,-3.54700796e-02,-3.78092871e-02,-3.99750799e-02,-4.19296765e-02,-4.36423168e-02,-4.50898834e-02,-4.62570576e-02,-4.71360472e-02,-4.77258704e-02,-4.80308758e-02,-4.80707246e-02,-4.78516914e-02,-4.73933273e-02,-4.67171269e-02,-4.58458706e-02,-4.48031497e-02,-4.36127978e-02,-4.22983872e-02,-4.08828082e-02,-3.93879273e-02,-3.78343162e-02,-3.62410408e-02,-3.46255039e-02,-3.30033333e-02,-3.13883114e-02,-2.97923429e-02,-2.82254581e-02,-2.66958529e-02,-2.52099638e-02,-2.37725809e-02,-2.23869983e-02,-2.10552038e-02,-1.97781082e-02,-1.85558115e-02,-1.73879050e-02,-1.62738038e-02,-1.52131010e-02,-1.42059366e-02,-1.32533658e-02,-1.23577142e-02,-1.15229030e-02,-1.07547250e-02,-1.00610549e-02,-9.45197273e-03,-8.93978373e-03,-8.53891948e-03,-8.26572280e-03,-8.13798456e-03,-8.17338562e-03,-8.39169683e-03,-8.81079249e-03
1.05452043e-02,9.57750376e-03,8.48701821e-03,7.27923152e-03,5.96389406e-03,4.55496899e-03,3.07024871e-03,1.53066888e-03,-4.06184542e-05,-1.61931577e-03,-3.18111391e-03,-4.70275875e-03,-6.16293979e-03,-7.54294739e-03,-8.82704895e-03,-1.00025775e-02,-1.10597606e-02,-1.19913443e-02,-1.27920858e-02,-1.34581952e-02,-1.39868021e-02,-1.43755076e-02,-1.46220363e-02,-1.47244288e-02,-1.46815975e-02,-1.44906027e-02,-1.41505379e-02,-1.36613374e-02,-1.30243400e-02,-1.22427155e-02,-1.13218164e-02,-1.02694313e-02,-9.09591878e-03,-7.81420826e-03,-6.43966614e-03,-4.98983255e-03,-3.48404199e-03,-1.94294584e-03,-3.87958305e-04,1.15934659e-03,2.67786496e-03,4.14761037e-03,5.55030357e-03,6.86991033e-03,8.09308673e-03,9.20950219e-03,1.02120140e-02,1.10966729e-02,1.18625492e-02,1.25113800e-02,1.30470523e-02,1.34749533e-02,1.38012302e-02,1.40320157e-02,1.41726776e-02,1.42271348e-02,1.41976281e-02,1.40843477e-02,1.38843868e-02,1.35934026e-02,1.32053496e-02,1.27131940e-02,1.21097530e-02,1.13886341e-02
3.39299361e-02,3.53317100e-02,3.66527888e-02,3.78715892e-02,3.89661120e-02,3.99142659e-02,4.06942427e-02,4.12849494e-02,4.16664798e-02,4.18204190e-02,4.17328398e-02,4.13948363e-02,4.07941074e-02,3.99284853e-02,3.88010739e-02,3.74212323e-02,3.58050934e-02,3.39757318e-02,3.19629604e-02,2.98027185e-02,2.75360416e-02,2.52076472e-02,2.28642137e-02,2.05524707e-02,1.83172476e-02,1.61996343e-02,1.42353986e-02,1.24537735e-02,1.08766872e-02,9.51845766e-03,8.38593270e-03,7.47901691e-03,6.79150385e-03,6.31212148e-03,6.02570030e-03,5.91439478e-03,5.95868824e-03,6.13849852e-03,6.43490823e-03,6.82978784e-03,7.30703232e-03,7.85296903e-03,8.45664393e-03,9.10994703e-03,9.80758185e-03,1.05468914e-02,1.13275585e-02,1.21512008e-02,1.30208875e-02,1.39406040e-02,1.49146939e-02,1.59473088e-02,1.70418905e-02,1.82007107e-02,1.94244849e-02,2.07120709e-02,2.20602589e-02,2.34636496e-02,2.49146140e-02,2.64033248e-02,2.79178468e-02,2.94442709e-02,3.09668823e-02,3.24683505e-02
-6.57476192e-03,-6.13455790e-03,-5.78582731e-03,-5.54037352e-03,-5.40688546e-03,-5.38999598e-03,-5.49159400e-03,-5.70931589e-03,-6.03712327e-03,-6.46549270e-03,-6.98174050e-03,-7.57049016e-03,-8.21425720e-03,-8.89412380e-03,-9.59046801e-03,-1.02837078e-02,-1.09550188e-02,-1.15869877e-02,-1.21641701e-02,-1.26735301e-02,-1.31047517e-02,-1.34504208e-02,-1.37060856e-02,-1.38701979e-02,-1.39440009e-02,-1.39321998e-02,-1.38402364e-02,-1.36767654e-02,-1.34521742e-02,-1.31784098e-02,-1.28686739e-02,-1.25370776e-02,-1.21982566e-02,-1.18669405e-02,-1.15574739e-02,-1.12832924e-02,-1.10563646e-02,-1.08866245e-02,-1.07814402e-02,-1.07448374e-02,-1.07775200e-02,-1.08767219e-02,-1.10355674e-02,-1.12435583e-02,-1.14869312e-02,-1.17492684e-02,-1.20123157e-02,-1.22569504e-02,-1.24642345e-02,-1.26164616e-02,-1.26979855e-02,-1.26975854e-02,-1.26056361e-02,-1.24179864e-02,-1.21346812e-02,-1.17600808e-02,-1.13026155e-02,-1.07743495e-02,-1.01904078e-02,-9.56830893e-03,-8.92724572e-03,-8.28734551e-03,-7.66893868e-03,-7.09185491e-03
1.33904275e-02,1.36516730e-02,1.37816378e-02,1.37674483e-02,1.36014739e-02,1.32763103e-02,1.27908248e-02,1.21481323e-02,1.13558068e-02,1.04256931e-02,9.37347319e-03,8.21802779e-03,6.98064337e-03,5.68412472e-03,4.35188435e-03,3.00707902e-03,1.67185558e-03,3.66753016e-04,-8.89711263e-04,-2.08126912e-03,-3.19397485e-03,-4.21612434e-03,-5.13809222e-03,-5.95212684e-03,-6.65214707e-03,-7.23357591e-03,-7.69323275e-03,-8.02929037e-03,-8.24127700e-03,-8.33026848e-03,-8.29928116e-03,-8.15192438e-03,-7.89417947e-03,-7.53361285e-03,-7.07935863e-03,-6.54195068e-03,-5.93305719e-03,-5.26513020e-03,-4.55098630e-03,-3.80334057e-03,-3.03432086e-03,-2.25499265e-03,-1.47492649e-03,-7.01839122e-04,5.86634404e-05,8.03217178e-04,1.53069148e-03,2.24202994e-03,2.93994632e-03,3.62849019e-03,4.31250664e-03,4.99702359e-03,5.68660679e-03,6.38472541e-03,7.09317104e-03,7.81156894e-03,8.53701395e-03,9.26385492e-03,9.98364229e-03,1.06852437e-02,1.13551239e-02,1.19777775e-02,1.25362963e-02,1.30130465e-02
-4.69031458e-02,-4.63948528e-02,-4.58469790e-02,-4.52780059e-02,-4.47047717e-02,-4.41419708e-02,-4.36017759e-02,-4.30935884e-02,-4.26239199e-02,-4.21964003e-02,-4.18119059e-02,-4.14687920e-02,-4.11632124e-02,-4.08895033e-02,-4.06406070e-02,-4.04085112e-02,-4.01846817e-02,-3.99604705e-02,-3.97274891e-02,-3.94779405e-02,-3.92049095e-02,-3.89026131e-02,-3.85666166e-02,-3.81940201e-02,-3.77836214e-02,-3.73360592e-02,-3.68539337e-02,-3.63419027e-02,-3.58067429e-02,-3.52573647e-02,-3.47047679e-02,-3.41619228e-02,-3.36435628e-02,-3.31658786e-02,-3.27461058e-02,-3.24020111e-02,-3.21513168e-02,-3.20113256e-02,-3.19941552e-02,-3.21151128e-02,-3.23833414e-02,-3.28040661e-02,-3.33778868e-02,-3.41002282e-02,-3.49610811e-02,-3.59450314e-02,-3.70315966e-02,-3.81958755e-02,-3.94094856e-02,-4.06417399e-02,-4.18609876e-02,-4.30360242e-02,-4.41374735e-02,-4.51390435e-02,-4.60185749e-02,-4.67588224e-02,-4.73479323e-02,-4.77795966e-02,-4.80528330e-02,-4.81719257e-02,-4.81499019e-02,-4.79945191e-02,-4.77226014e-02,-4.73523431e-02
3.03689477e-02,3.03597602e-02,3.01246066e-02,2.96358719e-02,2.88768599e-02,2.78350435e-02,2.65037853e-02,2.48834148e-02,2.29820133e-02,2.08159079e-02,1.84098226e-02,1.57966429e-02,1.30167645e-02,1.01170314e-02,7.14929946e-03,4.16870062e-03,1.23170867e-03,-1.60586413e-03,-4.29077254e-03,-6.77423040e-03,-9.01334706e-03,-1.09722758e-02,-1.26229775e-02,-1.39455966e-02,-1.49284663e-02,-1.55677400e-02,-1.58665885e-02,-1.58395727e-02,-1.54984639e-02,-1.48653063e-02,-1.39654511e-02,-1.28272611e-02,-1.14812838e-02,-9.95941477e-03,-8.29409945e-03,-6.51758259e-03,-4.66120975e-03,-2.75478232e-03,-8.25970129e-04,1.10021073e-03,3.00183686e-03,4.86046934e-03,6.66139510e-03,8.39376598e-03,1.00506020e-02,1.16286468e-02,1.31280674e-02,1.45520024e-02,1.59059662e-02,1.71971344e-02,1.84335392e-02,1.96232155e-02,2.07733413e-02,2.18894193e-02,2.29745426e-02,2.40287844e-02,2.50487416e-02,2.60272543e-02,2.69533127e-02,2.78121561e-02,2.85855584e-02,2.92522892e-02,2.97887364e-02,3.01696553e-02
-4.31279317e-02,-4.33560031e-02,-4.36295735e-02,-4.39440528e-02,-4.42918083e-02,-4.46624350e-02,-4.50431581e-02,-4.54193514e-02,-4.57751481e-02,-4.60941125e-02,-4.63599350e-02,-4.65570815e-02,-4.66712021e-02,-4.66931628e-02,-4.66117592e-02,-4.64205469e-02,-4.61166497e-02,-4.57004545e-02,-4.51757059e-02,-4.45494101e-02,-4.38316276e-02,-4.30351801e-02,-4.21752879e-02,-4.12691526e-02,-4.03354994e-02,-3.93940883e-02,-3.84652058e-02,-3.75691436e-02,-3.67256722e-02,-3.59535167e-02,-3.52698416e-02,-3.46897569e-02,-3.42258592e-02,-3.38878405e-02,-3.36822501e-02,-3.36107078e-02,-3.36718866e-02,-3.38625430e-02,-3.41738690e-02,-3.45938447e-02,-3.51074392e-02,-3.56971250e-02,-3.63435428e-02,-3.70262709e-02,-3.77246555e-02,-3.84186579e-02,-3.90896685e-02,-3.97212444e-02,-4.02997287e-02,-4.08147199e-02,-4.12593739e-02,-4.16305260e-02,-4.19286391e-02,-4.21575881e-02,-4.23243005e-02,-4.24382796e-02,-4.25110345e-02,-4.25554343e-02,-4.25849746e-02,-4.26130766e-02,-4.26526055e-02,-4.27152344e-02,-4.28107955e-02,-4.29467768e-02
-2.46887990e-02,-2.41584412e-02,-2.36099498e-02,-2.30521129e-02,-2.24953046e-02,-2.19511902e-02,-2.14323541e-02,-2.09518636e-02,-2.05227853e-02,-2.01576742e-02,-1.98680606e-02,-1.96639708e-02,-1.95536400e-02,-1.95411456e-02,-1.96307745e-02,-1.98223285e-02,-2.01127392e-02,-2.04960818e-02,-2.09637506e-02,-2.15047985e-02,-2.21063972e-02,-2.27543890e-02,-2.34338926e-02,-2.41299249e-02,-2.48279956e-02,-2.55146370e-02,-2.61778385e-02,-2.68073624e-02,-2.73949309e-02,-2.79342846e-02,-2.84211248e-02,-2.88529584e-02,-2.92288731e-02,-2.95492693e-02,-2.98155792e-02,-3.00299972e-02,-3.01952405e-02,-3.03143511e-02,-3.03905346e-02,-3.04269593e-02,-3.04279789e-02,-3.03959286e-02,-3.03344183e-02,-3.02468659e-02,-3.01366274e-02,-3.00069655e-02,-2.98609720e-02,-2.97014585e-02,-2.95308245e-02,-2.93509132e-02,-2.91628730e-02,-2.89670403e-02,-2.87628634e-02,-2.85488812e-02,-2.83227703e-02,-2.80814657e-02,-2.78213550e-02,-2.75385395e-02,-2.72291482e-02,-2.68896864e-02,-2.65173956e-02,-2.61106010e-02,-2.56690223e-02,-2.51940253e-02
-4.05502173e-02,-4.13288703e-02,-4.20001056e-02,-4.25570775e-02,-4.29922360e-02,-4.32976151e-02,-4.34648959e-02,-4.34911415e-02,-4.33668762e-02,-4.30879135e-02,-4.26520840e-02,-4.20593107e-02,-4.13119161e-02,-4.04147142e-02,-3.93749796e-02,-3.82023157e-02,-3.69084428e-02,-3.55069234e-02,-3.40128436e-02,-3.24424700e-02,-3.08128986e-02,-2.91417110e-02,-2.74466538e-02,-2.57453501e-02,-2.40550549e-02,-2.23924592e-02,-2.07735497e-02,-1.92135216e-02,-1.77267448e-02,-1.63267758e-02,-1.50264042e-02,-1.38377198e-02,-1.27721822e-02,-1.18406720e-02,-1.10535044e-02,-1.04203856e-02,-9.95030080e-03,-9.65135644e-03,-9.53015390e-03,-9.59127483e-03,-9.83879441e-03,-1.02733057e-02,-1.08926683e-02,-1.16915656e-02,-1.26612690e-02,-1.37895766e-02,-1.50609519e-02,-1.64568756e-02,-1.79564018e-02,-1.95368891e-02,-2.11748536e-02,-2.28468745e-02,-2.45304739e-02,-2.62048957e-02,-2.78517153e-02,-2.94552339e-02,-3.10026323e-02,-3.24838863e-02,-3.38914690e-02,-3.52198848e-02,-3.64650934e-02,-3.76238893e-02,-3.86933000e-02,-3.96700616e-02
-2.27860047e-02,-2.33577953e-02,-2.38786693e-02,-2.43397836e-02,-2.47374996e-02,-2.50732853e-02,-2.53533508e-02,-2.55880562e-02,-2.57911432e-02,-2.59788449e-02,-2.61689334e-02,-2.63797422e-02,-2.66291865e-02,-2.69338103e-02,-2.73078951e-02,-2.77626655e-02,-2.83056154e-02,-2.89399811e-02,-2.96643837e-02,-3.04726628e-02,-3.13539190e-02,-3.22927733e-02,-3.32698417e-02,-3.42624119e-02,-3.52452897e-02,-3.61917765e-02,-3.70747220e-02,-3.78675933e-02,-3.85454984e-02,-3.90860989e-02,-3.94703122e-02,-3.96824842e-02,-3.97168209e-02,-3.95633426e-02,-3.92210430e-02,-3.86936494e-02,-3.79891030e-02,-3.71193805e-02,-3.61001254e-02,-3.49502082e-02,-3.36912523e-02,-3.23471393e-02,-3.09435018e-02,-2.95072043e-02,-2.80658081e-02,-2.66470156e-02,-2.52780871e-02,-2.39852271e-02,-2.27929405e-02,-2.17233656e-02,-2.07956005e-02,-2.00250466e-02,-1.94228075e-02,-1.89951947e-02,-1.87434504e-02,-1.86623225e-02,-1.87424465e-02,-1.89700274e-02,-1.93258364e-02,-1.97872417e-02,-2.03291698e-02,-2.09253353e-02,-2.15495696e-02,-2.21771459e-02
3.38870114e-02,3.53237406e-02,3.67378166e-02,3.81185575e-02,3.94557123e-02,4.07393338e-02,4.19596399e-02,4.31068835e-02,4.41712512e-02,4.51428088e-02,4.60115100e-02,4.67672789e-02,4.74001709e-02,4.79006075e-02,4.82596703e-02,4.84693974e-02,4.85227033e-02,4.84189278e-02,4.81532855e-02,4.77248321e-02,4.71366172e-02,4.63942110e-02,4.55058209e-02,4.44821657e-02,4.33362009e-02,4.20827385e-02,4.07379968e-02,3.93191156e-02,3.78436741e-02,3.63292444e-02,3.47930079e-02,3.32514543e-02,3.17201705e-02,3.02137192e-02,2.87455987e-02,2.73282691e-02,2.59732252e-02,2.46910978e-02,2.34917634e-02,2.23844447e-02,2.13777879e-02,2.04799055e-02,1.96983779e-02,1.90402098e-02,1.85117433e-02,1.81185347e-02,1.78652074e-02,1.77553347e-02,1.77910053e-02,1.79716128e-02,1.82977358e-02,1.87664485e-02,1.93732512e-02,2.01119241e-02,2.09745782e-02,2.19517882e-02,2.30327865e-02,2.42057022e-02,2.54578320e-02,2.67759249e-02,2.81464642e-02,2.95559290e-02,3.09910204e-02,3.24388400e-02
-2.46237209e-02,-2.40944278e-02,-2.34487673e-02,-2.27051023e-02,-2.18849533e-02,-2.10121239e-02,-2.01117992e-02,-1.92096551e-02,-1.83310028e-02,-1.74999914e-02,-1.67388839e-02,-1.60674210e-02,-1.55022812e-02,-1.50566503e-02,-1.47399140e-02,-1.45575419e-02,-1.45098471e-02,-1.45945594e-02,-1.48051613e-02,-1.51311371e-02,-1.55587877e-02,-1.60716573e-02,-1.66510903e-02,-1.72768637e-02,-1.79278701e-02,-1.85828291e-02,-1.92210028e-02,-1.98228928e-02,-2.03708939e-02,-2.08498815e-02,-2.12477124e-02,-2.15556178e-02,-2.17684660e-02,-2.18848147e-02,-2.19083916e-02,-2.18444138e-02,-2.17025943e-02,-2.14959263e-02,-2.12400140e-02,-2.09525578e-02,-2.06527135e-02,-2.03603723e-02,-2.00953844e-02,-1.98767496e-02,-1.97218230e-02,-1.96455246e-02,-1.96577871e-02,-1.97676205e-02,-1.99776358e-02,-2.02857045e-02,-2.06846080e-02,-2.11620942e-02,-2.17012294e-02,-2.22810394e-02,-2.28774131e-02,-2.34642260e-02,-2.40146136e-02,-2.45023132e-02,-2.49029767e-02,-2.51953428e-02,-2.53620293e-02,-2.53931598e-02,-2.52802719e-02,-2.50222502e-02
-4.15274670e-02,-4.09452437e-02,-4.02314462e-02,-3.93869441e-02,-3.84143459e-02,-3.73181312e-02,-3.61046953e-02,-3.47823132e-02,-3.33610348e-02,-3.18525239e-02,-3.02698609e-02,-2.86273234e-02,-2.69401635e-02,-2.52243926e-02,-2.34965864e-02,-2.17737148e-02,-2.00729999e-02,-1.84118007e-02,-1.68075175e-02,-1.52775097e-02,-1.38390134e-02,-1.25090471e-02,-1.13042923e-02,-1.02409355e-02,-9.33446194e-03,-8.59939422e-03,-8.04897819e-03,-7.69484470e-03,-7.54633951e-03,-7.60969957e-03,-7.88973017e-03,-8.38677067e-03,-9.09750043e-03,-1.00145834e-02,-1.11265410e-02,-1.24178082e-02,-1.38689863e-02,-1.54572958e-02,-1.71572197e-02,-1.89413070e-02,-2.07810919e-02,-2.26480694e-02,-2.45146607e-02,-2.63551032e-02,-2.81462035e-02,-2.98679063e-02,-3.15036490e-02,-3.30404893e-02,-3.44690139e-02,-3.57830519e-02,-3.69792293e-02,-3.80564121e-02,-3.90150853e-02,-3.98567211e-02,-4.05831801e-02,-4.11961877e-02,-4.16969151e-02,-4.20856826e-02,-4.23617717e-02,-4.25232453e-02,-4.25695594e-02,-4.24969453e-02,-4.23010208e-02,-4.19787679e-02
3.02739156e-02,3.18372879e-02,3.33379849e-02,3.47658789e-02,3.61126294e-02,3.73717530e-02,3.85385848e-02,3.96101188e-02,4.05847303e-02,4.14617892e-02,4.22411864e-02,4.29228054e-02,4.35059781e-02,4.39889707e-02,4.43685431e-02,4.46396222e-02,4.47950900e-02,4.48253297e-02,4.47234245e-02,4.44750082e-02,4.40675764e-02,4.34894395e-02,4.27300689e-02,4.17812652e-02,4.06382535e-02,3.93006867e-02,3.77734844e-02,3.60674275e-02,3.41994371e-02,3.21924853e-02,3.00751136e-02,2.78805729e-02,2.56456317e-02,2.34091403e-02,2.12104614e-02,1.90878930e-02,1.70772082e-02,1.52104182e-02,1.35148380e-02,1.20124959e-02,1.07198938e-02,9.64808759e-03,8.80303571e-03,8.18614677e-03,7.79495345e-03,7.62386209e-03,7.66477244e-03,7.90687091e-03,8.33996329e-03,8.95177513e-03,9.72964183e-03,1.06605723e-02,1.17313269e-02,1.29284330e-02,1.42381533e-02,1.56464310e-02,1.71388374e-02,1.87005423e-02,2.03163260e-02,2.19706448e-02,2.36477549e-02,2.53318967e-02,2.70075312e-02,2.86596177e-02
3.65739964e-03,4.90449447e-03,5.92117252e-03,6.69317566e-03,7.20904981e-03,7.46059818e-03,7.44315714e-03,7.15828520e-03,6.60829105e-03,5.80214909e-03,4.75298873e-03,3.47805254e-03,1.99823344e-03,3.37400806e-04,-1.47842281e-03,-3.42199060e-03,-5.46582710e-03,-7.58313174e-03,-9.74859351e-03,-1.19390376e-02,-1.41338616e-02,-1.63152390e-02,-1.84680887e-02,-2.05798295e-02,-2.26399553e-02,-2.46394790e-02,-2.65703018e-02,-2.84245674e-02,-3.01940610e-02,-3.18697055e-02,-3.34412021e-02,-3.48968470e-02,-3.62235424e-02,-3.74070047e-02,-3.84321504e-02,-3.92836277e-02,-3.99464323e-02,-4.04064722e-02,-4.06505507e-02,-4.06758727e-02,-4.04690589e-02,-4.00275023e-02,-3.93515106e-02,-3.84447724e-02,-3.73144376e-02,-3.59709403e-02,-3.44276973e-02,-3.27007336e-02,-3.08082715e-02,-2.87703128e-02,-2.66082401e-02,-2.43444543e-02,-2.20020610e-02,-1.96046113e-02,-1.71758968e-02,-1.47397948e-02,-1.23201542e-02,-9.94071011e-03,-7.62501463e-03,-5.39636598e-03,-3.27772237e-03,-1.29158421e-03,5.40168532e-04,2.19647219e-03
-7.59994069e-03,-6.08568750e-03,-4.52321027e-03,-2.91983876e-03,-1.28272357e-03,3.80814412e-04,2.06291034e-03,3.75479910e-03,5.44648736e-03,7.12648319e-03,8.78160604e-03,1.03968920e-02,1.19556071e-02,1.34393761e-02,1.48284327e-02,1.61019898e-02,1.72387270e-02,1.82173861e-02,1.90174587e-02,1.96199413e-02,2.00081143e-02,2.01682188e-02,2.00911103e-02,1.97734290e-02,1.92127102e-02,1.84146118e-02,1.73898713e-02,1.61542834e-02,1.47282011e-02,1.31357431e-02,1.14037880e-02,9.56084222e-03,7.63587940e-03,5.65725565e-03,3.65179316e-03,1.64410419e-03,-3.43804338e-04,-2.29263113e-03,-4.18564983e-03,-6.00835978e-03,-7.74801333e-03,-9.39311064e-03,-1.09329371e-02,-1.23572098e-02,-1.36558777e-02,-1.48190955e-02,-1.58373664e-02,-1.67018233e-02,-1.74046030e-02,-1.79392535e-02,-1.83010887e-02,-1.84871886e-02,-1.85002527e-02,-1.83398772e-02,-1.80112847e-02,-1.75215428e-02,-1.68795186e-02,-1.60955257e-02,-1.51808779e-02,-1.41474231e-02,-1.30070994e-02,-1.17715494e-02,-1.04518189e-02,-9.05815872e-03
-1.26565958e-02,-1.31287665e-02,-1.35225051e-02,-1.38334321e-02,-1.40588508e-02,-1.41976336e-02,-1.42503490e-02,-1.42188280e-02,-1.41050228e-02,-1.39121376e-02,-1.36436509e-02,-1.33031498e-02,-1.28941715e-02,-1.24201123e-02,-1.18842126e-02,-1.12896176e-02,-1.06395032e-02,-9.93725230e-03,-9.18666238e-03,-8.39216189e-03,-7.55901411e-03,-6.69348717e-03,-5.80297239e-03,-4.89603661e-03,-3.98239913e-03,-3.07282827e-03,-2.17895798e-03,-1.31302939e-03,-4.87566777e-04,2.84998334e-04,9.92732943e-04,1.62463538e-03,2.17104596e-03,2.62402497e-03,2.97766974e-03,3.22834494e-03,3.37480314e-03,3.41816944e-03,3.36198719e-03,3.21159001e-03,2.97392943e-03,2.65720436e-03,2.27023800e-03,1.82195936e-03,1.32090931e-03,7.74823111e-04,1.90327275e-04,-4.27222534e-04,-1.07375063e-03,-1.74632264e-03,-2.44287229e-03,-3.16182962e-03,-3.90169061e-03,-4.66057467e-03,-5.43581730e-03,-6.22364092e-03,-7.01893846e-03,-7.81519230e-03,-8.60453724e-03,-9.37796126e-03,-1.01256244e-02,-1.08372640e-02,-1.15026484e-02,-1.21120353e-02
-1.24165386e-02,-1.30690588e-02,-1.36357389e-02,-1.41090216e-02,-1.44807352e-02,-1.47423695e-02,-1.48852950e-02,-1.49031234e-02,-1.47877803e-02,-1.45341203e-02,-1.41388776e-02,-1.36010398e-02,-1.29221360e-02,-1.21063836e-02,-1.11607114e-02,-1.00946667e-02,-8.92021972e-03,-7.65148128e-03,-6.30435310e-03,-4.89613115e-03,-3.44508192e-03,-1.97001030e-03,-4.89835614e-04,9.76807767e-04,2.41193201e-03,3.79853293e-03,5.12084938e-03,6.36457343e-03,7.51699888e-03,8.56710801e-03,9.50559896e-03,1.03248595e-02,1.10188958e-02,1.15832283e-02,1.20147671e-02,1.23116809e-02,1.24732627e-02,1.24996962e-02,1.23935319e-02,1.21560700e-02,1.17906575e-02,1.13016993e-02,1.06946355e-02,9.97603718e-03,9.15366075e-03,8.23646051e-03,7.23454843e-03,6.15908910e-03,5.02212499e-03,3.83633482e-03,2.61473623e-03,1.37035218e-03,1.15866132e-04,-1.13670248e-03,-2.37627969e-03,-3.59294646e-03,-4.77804615e-03,-5.92418942e-03,-7.02515131e-03,-8.07566992e-03,-9.07116622e-03,-1.00074130e-02,-1.08801871e-02,-1.16849424e-02
1.28730263e-02,1.18220358e-02,1.07641678e-02,9.70307513e-03,8.64446540e-03,7.59625548e-03,6.56850274e-03,5.57312424e-03,4.62343614e-03,3.73356350e-03,2.91778091e-03,2.18984807e-03,1.56239922e-03,1.04643472e-03,6.50946877e-04,3.82694808e-04,2.46126840e-04,2.43434757e-04,3.74670286e-04,6.38047650e-04,1.03012106e-03,1.54608532e-03,2.18001552e-03,2.92507330e-03,3.77366567e-03,4.71755269e-03,5.74790623e-03,6.85532733e-03,8.02983213e-03,9.26081854e-03,1.05370261e-02,1.18465012e-02,1.31765785e-02,1.45138890e-02,1.58444022e-02,1.71535104e-02,1.84261586e-02,1.96470259e-02,2.08007580e-02,2.18722513e-02,2.28469850e-02,2.37113932e-02,2.44532652e-02,2.50621570e-02,2.55297889e-02,2.58504002e-02,2.60210063e-02,2.60412236e-02,2.59174996e-02,2.56532495e-02,2.52578599e-02,2.47430030e-02,2.41220730e-02,2.34095755e-02,2.26203905e-02,2.17690128e-02,2.08688436e-02,1.99316002e-02,1.89669014e-02,1.79820657e-02,1.69821441e-02,1.59701800e-02,1.49476700e-02,1.39151758e-02
-1.98217167e-02,-2.06862137e-02,-2.15447136e-02,-2.23720341e-02,-2.31439589e-02,-2.38384328e-02,-2.44365855e-02,-2.49235138e-02,-2.52887722e-02,-2.55265227e-02,-2.56354219e-02,-2.56208865e-02,-2.54872129e-02,-2.52448103e-02,-2.49059914e-02,-2.44845595e-02,-2.39951128e-02,-2.34523976e-02,-2.28707611e-02,-2.22637271e-02,-2.16437015e-02,-2.10218033e-02,-2.04078070e-02,-1.98101753e-02,-1.92361557e-02,-1.86919133e-02,-1.81826687e-02,-1.77128180e-02,-1.72860119e-02,-1.69051811e-02,-1.65725030e-02,-1.62893137e-02,-1.60559785e-02,-1.58717418e-02,-1.57345825e-02,-1.56411053e-02,-1.55865008e-02,-1.55645765e-02,-1.55678282e-02,-1.55881728e-02,-1.56167073e-02,-1.56445209e-02,-1.56631824e-02,-1.56656327e-02,-1.56461074e-02,-1.56011923e-02,-1.55300863e-02,-1.54348769e-02,-1.53206542e-02,-1.51954387e-02,-1.50699200e-02,-1.49570181e-02,-1.48712994e-02,-1.48281901e-02,-1.48423418e-02,-1.49288672e-02,-1.51001990e-02,-1.53660731e-02,-1.57326487e-02,-1.62018314e-02,-1.67708214e-02,-1.74319214e-02,-1.81726389e-02,-1.89760932e-02
-2.02003125e-02,-2.17202203e-02,-2.30549124e-02,-2.41844644e-02,-2.50941547e-02,-2.57744485e-02,-2.62206948e-02,-2.64323684e-02,-2.64190636e-02,-2.61832964e-02,-2.57373704e-02,-2.50953091e-02,-2.42731758e-02,-2.32887107e-02,-2.21609526e-02,-2.09098852e-02,-1.95561112e-02,-1.81205445e-02,-1.66241134e-02,-1.50874656e-02,-1.35306713e-02,-1.19729222e-02,-1.04322298e-02,-8.92512745e-03,-7.46638824e-03,-6.06877011e-03,-4.74280404e-03,-3.49664167e-03,-2.33597850e-03,-1.26406677e-03,-2.81828855e-04,6.11923049e-04,1.42016299e-03,2.14723283e-03,2.79833987e-03,3.37899992e-03,3.89445326e-03,4.34908652e-03,4.74589552e-03,5.08602291e-03,5.36840152e-03,5.58952868e-03,5.74338945e-03,5.82153298e-03,5.81327905e-03,5.70678801e-03,5.48808448e-03,5.14329902e-03,4.65886105e-03,4.02246117e-03,3.22400481e-03,2.25654930e-03,1.11717458e-03,-1.92270740e-04,-1.66459818e-03,-3.28697032e-03,-5.04087521e-03,-6.90240475e-03,-8.84285829e-03,-1.08296426e-02,-1.28274167e-02,-1.47994053e-02,-1.67087882e-02,-1.85200667e-02
1.97922743e-02,1.97781778e-02,1.98118561e-02,1.98885702e-02,2.00016154e-02,2.01428767e-02,2.03032142e-02,2.04727505e-02,2.06412262e-02,2.07984019e-02,2.09344935e-02,2.10406237e-02,2.11092670e-02,2.11346396e-02,2.11134131e-02,2.10446142e-02,2.09294247e-02,2.07721544e-02,2.05797014e-02,2.03613498e-02,2.01283890e-02,1.98935906e-02,1.96705750e-02,1.94731050e-02,1.93143546e-02,1.92062036e-02,1.91586294e-02,1.91789915e-02,1.92712164e-02,1.94375167e-02,1.96760937e-02,1.99821655e-02,2.03481490e-02,2.07640188e-02,2.12177701e-02,2.16959478e-02,2.21842122e-02,2.26679127e-02,2.31326443e-02,2.35647669e-02,2.39518708e-02,2.42831733e-02,2.45498384e-02,2.47452103e-02,2.48649515e-02,2.49070375e-02,2.48724306e-02,2.47639317e-02,2.45857234e-02,2.43446007e-02,2.40488521e-02,2.37080106e-02,2.33325305e-02,2.29334450e-02,2.25220248e-02,2.21094479e-02,2.17064905e-02,2.13232417e-02,2.09688484e-02,2.06512900e-02,2.03771867e-02,2.01516405e-02,1.99781119e-02,1.98583349e-02
-2.32264453e-02,-2.29453636e-02,-2.25145153e-02,-2.19304002e-02,-2.11921042e-02,-2.03014429e-02,-1.92630021e-02,-1.80840911e-02,-1.67746266e-02,-1.53469631e-02,-1.38156876e-02,-1.21973910e-02,-1.05104265e-02,-8.77466089e-03,-7.01122074e-03,-5.24223216e-03,-3.49054865e-03,-1.77946121e-03,-1.32383412e-04,1.42748755e-03,2.87755823e-03,4.19627212e-03,5.36355456e-03,6.36129382e-03,7.17383389e-03,7.78845834e-03,8.19583647e-03,8.39038291e-03,8.37044828e-03,8.14030137e-03,7.70549648e-03,7.07749836e-03,6.27134381e-03,5.30533770e-03,4.20042608e-03,2.97943322e-03,1.66622094e-03,2.84823287e-04,-1.14138619e-03,-2.59045298e-03,-4.04249414e-03,-5.48017628e-03,-6.88903500e-03,-8.25762025e-03,-9.57747332e-03,-1.08429502e-02,-1.20509124e-02,-1.32003112e-02,-1.42916922e-02,-1.53266501e-02,-1.63072625e-02,-1.72355307e-02,-1.81128568e-02,-1.89395843e-02,-1.97146262e-02,-2.04352027e-02,-2.10967058e-02,-2.16927005e-02,-2.22150638e-02,-2.26542540e-02,-2.29996885e-02,-2.32401701e-02,-2.33640046e-02,-2.33635637e-02
-3.58901189e-02,-3.59416177e-02,-3.58881143e-02,-3.57318484e-02,-3.54784442e-02,-3.51351835e-02,-3.47108917e-02,-3.42156414e-02,-3.36603943e-02,-3.30566114e-02,-3.24158505e-02,-3.17493740e-02,-3.10677835e-02,-3.03807023e-02,-2.96965215e-02,-2.90222227e-02,-2.83632885e-02,-2.77237017e-02,-2.71060349e-02,-2.65116194e-02,-2.59407831e-02,-2.53931360e-02,-2.48678848e-02,-2.43641501e-02,-2.38812653e-02,-2.34190354e-02,-2.29779388e-02,-2.25592602e-02,-2.21651496e-02,-2.17986071e-02,-2.14634016e-02,-2.11639325e-02,-2.09050511e-02,-2.06918586e-02,-2.05294990e-02,-2.04229830e-02,-2.03768384e-02,-2.03944351e-02,-2.04799918e-02,-2.06360107e-02,-2.08642607e-02,-2.11656368e-02,-2.15401085e-02,-2.19866827e-02,-2.25033675e-02,-2.30871355e-02,-2.37338849e-02,-2.44384026e-02,-2.51943357e-02,-2.59941797e-02,-2.68292927e-02,-2.76899450e-02,-2.85654113e-02,-2.94441090e-02,-3.03137862e-02,-3.11617543e-02,-3.19751610e-02,-3.27412947e-02,-3.34479080e-02,-3.40835484e-02,-3.46378816e-02,-3.51019928e-02,-3.54686490e-02,-3.57324968e-02
5.84978181e-03,6.77073230e-03,7.70359515e-03,8.63544997e-03,9.55399636e-03,1.04476326e-02,1.13055039e-02,1.21175347e-02,1.28744607e-02,1.35678714e-02,1.41902724e-02,1.47351718e-02,1.51971886e-02,1.55721778e-02,1.58573610e-02,1.60514481e-02,1.61547260e-02,1.61690002e-02,1.60990154e-02,1.59490382e-02,1.57259037e-02,1.54377099e-02,1.50935147e-02,1.47030184e-02,1.42761764e-02,1.38227785e-02,1.33520198e-02,1.28720917e-02,1.23898166e-02,1.19103529e-02,1.14369906e-02,1.09710567e-02,1.05119408e-02,1.00572486e-02,9.60308056e-03,9.14442743e-03,8.67566473e-03,8.19112174e-03,7.68569202e-03,7.15544687e-03,6.59820870e-03,6.01403975e-03,5.40560371e-03,4.77836390e-03,4.14059206e-03,3.50317590e-03,2.87923017e-03,2.28353363e-03,1.73183060e-03,1.24004865e-03,8.23491617e-04,4.96068766e-04,2.69615639e-04,1.53352362e-04,1.53510088e-04,2.73117084e-04,5.12021990e-04,8.66995405e-04,1.33202670e-03,1.89869736e-03,2.55661923e-03,3.29389936e-03,4.09759893e-03,4.95416013e-03
-1.27627534e-02,-1.30565335e-02,-1.33782429e-02,-1.37273502e-02,-1.41031985e-02,-1.45048601e-02,-1.49309611e-02,-1.53794947e-02,-1.58476437e-02,-1.63316382e-02,-1.68266667e-02,-1.73268603e-02,-1.78253588e-02,-1.83144600e-02,-1.87858463e-02,-1.92308732e-02,-1.96408988e-02,-2.00076288e-02,-2.03234531e-02,-2.05817479e-02,-2.07771220e-02,-2.09055769e-02,-2.09646322e-02,-2.09545164e-02,-2.08748295e-02,-2.07280098e-02,-2.05176801e-02,-2.02486302e-02,-1.99266425e-02,-1.95582921e-02,-1.91507354e-02,-1.87114981e-02,-1.82482657e-02,-1.77686821e-02,-1.72801584e-02,-1.67896980e-02,-1.63037407e-02,-1.58280337e-02,-1.53675321e-02,-1.49263376e-02,-1.45076767e-02,-1.41139229e-02,-1.37466603e-02,-1.34067863e-02,-1.30946457e-02,-1.28101846e-02,-1.25531130e-02,-1.23230599e-02,-1.21197103e-02,-1.19429093e-02,-1.17927271e-02,-1.16694812e-02,-1.15737154e-02,-1.15061472e-02,-1.14676046e-02,-1.14586930e-02,-1.14802245e-02,-1.15327332e-02,-1.16164775e-02,-1.17314784e-02,-1.18775254e-02,-1.20542206e-02,-1.22610413e-02,-1.24974102e-02
-3.61348358e-04,-1.06410743e-03,-1.69357289e-03,-2.25193315e-03,-2.74012849e-03,-3.15751646e-03,-3.50175285e-03,-3.76888728e-03,-3.95364885e-03,-4.04983363e-03,-4.05139330e-03,-3.95180036e-03,-3.74584963e-03,-3.42967401e-03,-3.00121590e-03,-2.46051793e-03,-1.80986270e-03,-1.05376728e-03,-1.98847621e-04,7.46421179e-04,1.77202098e-03,2.86676103e-03,4.01864784e-03,5.21524433e-03,6.44399027e-03,7.69246598e-03,8.94858829e-03,1.02007334e-02,1.14377878e-02,1.26491334e-02,1.38245784e-02,1.49542484e-02,1.60284560e-02,1.70375679e-02,1.79718905e-02,1.88215925e-02,1.95766826e-02,2.02270567e-02,2.07626259e-02,2.11735269e-02,2.14504117e-02,2.15847684e-02,2.15691695e-02,2.14010987e-02,2.10750231e-02,2.05913020e-02,1.99531414e-02,1.91671620e-02,1.82435634e-02,1.71960626e-02,1.60416128e-02,1.47999025e-02,1.34926535e-02,1.21427589e-02,1.07733188e-02,9.40664936e-03,8.06334719e-03,6.76148638e-03,5.51601778e-03,4.33841781e-03,3.23661099e-03,2.21516289e-03,1.27571511e-03,4.17611757e-04
1.91566249e-02,1.82458969e-02,1.71615213e-02,1.59183812e-02,1.45350191e-02,1.30332448e-02,1.14375336e-02,9.77423833e-03,8.07066293e-03,6.35405972e-03,4.65062627e-03,2.98457853e-03,1.37737061e-03,-1.52882924e-04,-1.59174108e-03,-2.92853805e-03,-4.15623411e-03,-5.27105517e-03,-6.27197480e-03,-7.16008878e-03,-7.93793940e-03,-8.60884471e-03,-9.17628101e-03,-9.64335793e-03,-1.00124137e-02,-1.02847449e-02,-1.04604622e-02,-1.05385662e-02,-1.05177168e-02,-1.03944446e-02,-1.01656904e-02,-9.82822657e-03,-9.37913034e-03,-8.81617569e-03,-8.13818697e-03,-7.34534066e-03,-6.43940214e-03,-5.42388887e-03,-4.30415678e-03,-3.08741144e-03,-1.78264960e-03,-4.00540135e-04,1.04674262e-03,2.54572039e-03,4.08185284e-03,5.63977017e-03,7.20351126e-03,8.75674995e-03,1.02830013e-02,1.17658022e-02,1.31888648e-02,1.45362025e-02,1.57922350e-02,1.69418796e-02,1.79706400e-02,1.88647065e-02,1.96110805e-02,2.01977366e-02,2.06138284e-02,2.08499223e-02,2.08980298e-02,2.07552052e-02,2.04167510e-02,1.98826576e-02
2.99219950e-02,3.14205027e-02,3.27946410e-02,3.40301147e-02,3.51153722e-02,3.60418483e-02,3.68041500e-02,3.74001675e-02,3.78310870e-02,3.81012822e-02,3.82179983e-02,3.81913250e-02,3.80360562e-02,3.77627716e-02,3.73868222e-02,3.69233948e-02,3.63871297e-02,3.57914904e-02,3.51481505e-02,3.44664779e-02,3.37531543e-02,3.30119568e-02,3.22437193e-02,3.14464813e-02,3.06158216e-02,2.97453674e-02,2.88274586e-02,2.78539401e-02,2.68170459e-02,2.57103308e-02,2.45295970e-02,2.32737576e-02,2.19455748e-02,2.05522099e-02,1.91055311e-02,1.76221339e-02,1.61230531e-02,1.46331649e-02,1.31803099e-02,1.17941912e-02,1.05051271e-02,9.34274969e-03,8.33474566e-03,7.50572853e-03,6.87631285e-03,6.46244124e-03,6.27500374e-03,6.31963279e-03,6.59586426e-03,7.10024445e-03,7.82370029e-03,8.75336817e-03,9.87304480e-03,1.11637505e-02,1.26042868e-02,1.41717600e-02,1.58420612e-02,1.75902986e-02,1.93911879e-02,2.12194063e-02,2.30499230e-02,2.48583121e-02,2.66210606e-02,2.83158755e-02
4.91366285e-02,4.89350487e-02,4.88243577e-02,4.88013159e-02,4.88561903e-02,4.89810475e-02,4.91636848e-02,4.93897969e-02,4.96441580e-02,4.99111247e-02,5.01751524e-02,5.04212713e-02,5.06355120e-02,5.08052770e-02,5.09196568e-02,5.09696317e-02,5.09488556e-02,5.08548900e-02,5.06845108e-02,5.04395329e-02,5.01245909e-02,4.97472897e-02,4.93181603e-02,4.88504683e-02,4.83598839e-02,4.78640095e-02,4.73817764e-02,4.69327271e-02,4.65362189e-02,4.62105899e-02,4.59723422e-02,4.58354245e-02,4.58110277e-02,4.59022405e-02,4.61144282e-02,4.64458896e-02,4.68902338e-02,4.74370310e-02,4.80720642e-02,4.87777951e-02,4.95339634e-02,5.03182828e-02,5.11072073e-02,5.18767435e-02,5.26032871e-02,5.32644643e-02,5.38399517e-02,5.43122543e-02,5.46674051e-02,5.48955410e-02,5.49911964e-02,5.49546962e-02,5.47932946e-02,5.45128551e-02,5.41278892e-02,5.36563884e-02,5.31192849e-02,5.25395299e-02,5.19410044e-02,5.13473745e-02,5.07809782e-02,5.02618170e-02,4.98067163e-02,4.94287031e-02
2.07466784e-02,1.96807535e-02,1.85018763e-02,1.72387991e-02,1.59216912e-02,1.45806332e-02,1.32441402e-02,1.19378385e-02,1.06834023e-02,9.49783065e-03,8.39310367e-03,7.37622183e-03,6.44959286e-03,5.61170401e-03,4.85799774e-03,4.18185993e-03,3.57563057e-03,3.03155511e-03,2.54260828e-03,2.10314010e-03,1.70931320e-03,1.35932030e-03,1.05338982e-03,7.93603964e-04,5.83567213e-04,4.27971839e-04,3.32111548e-04,3.01393707e-04,3.40883957e-04,4.54949943e-04,6.46991929e-04,9.19272137e-04,1.27287123e-03,1.70773045e-03,2.22276625e-03,2.81602971e-03,3.48488125e-03,4.22615254e-03,5.03627118e-03,5.91132987e-03,6.84708868e-03,7.83890728e-03,8.88161155e-03,9.96930610e-03,1.10951503e-02,1.22511193e-02,1.34277756e-02,1.46140751e-02,1.57972334e-02,1.69626763e-02,1.80940910e-02,1.91735974e-02,2.01820472e-02,2.10994568e-02,2.19055713e-02,2.25805494e-02,2.31057467e-02,2.34645600e-02,2.36432433e-02,2.36313169e-02,2.34277270e-02,2.30285058e-02,2.24399919e-02,2.16737246e-02
-5.09362789e-03,-5.71378587e-03,-6.35363165e-03,-7.01886110e-03,-7.71658993e-03,-8.45461934e-03,-9.24062101e-03,-1.00812896e-02,-1.09815136e-02,-1.19436172e-02,-1.29667234e-02,-1.40462842e-02,-1.51738178e-02,-1.63368790e-02,-1.75192769e-02,-1.87015353e-02,-1.98615733e-02,-2.09755659e-02,-2.20189291e-02,-2.29673622e-02,-2.37978772e-02,-2.44897462e-02,-2.50252982e-02,-2.53904748e-02,-2.55746762e-02,-2.55770220e-02,-2.53917280e-02,-2.50227915e-02,-2.44772420e-02,-2.37654054e-02,-2.29004639e-02,-2.18979275e-02,-2.07750964e-02,-1.95505467e-02,-1.82436618e-02,-1.68742231e-02,-1.54620639e-02,-1.40267859e-02,-1.25875325e-02,-1.11628077e-02,-9.77032787e-03,-8.42689017e-03,-7.14824556e-03,-5.94896130e-03,-4.84226469e-03,-3.83986267e-03,-2.95173806e-03,-2.18592989e-03,-1.54831128e-03,-1.04238494e-03,-6.69120435e-04,-4.26860066e-04,-3.11322280e-04,-3.15679852e-04,-4.30891795e-04,-6.45994400e-04,-9.48646840e-04,-1.32573516e-03,-1.76404871e-03,-2.25098249e-03,-2.77521489e-03,-3.32730997e-03,-3.90019750e-03,-4.48949258e-03
1.29413130e-02,1.26565441e-02,1.25365632e-02,1.25667288e-02,1.27283315e-02,1.30021266e-02,1.33659686e-02,1.37970917e-02,1.42727087e-02,1.47706803e-02,1.52701504e-02,1.57521400e-02,1.62000977e-02,1.66003976e-02,1.69427738e-02,1.72206719e-02,1.74314951e-02,1.75767226e-02,1.76618803e-02,1.76963465e-02,1.76930034e-02,1.76678060e-02,1.76383759e-02,1.76242536e-02,1.76452415e-02,1.77204127e-02,1.78680105e-02,1.81036387e-02,1.84397858e-02,1.88851685e-02,1.94442251e-02,2.01167873e-02,2.08979283e-02,2.17779816e-02,2.27427154e-02,2.37736490e-02,2.48484963e-02,2.59417226e-02,2.70252061e-02,2.80689958e-02,2.90421618e-02,2.99137316e-02,3.06537060e-02,3.12341345e-02,3.16302155e-02,3.18212962e-02,3.17917476e-02,3.15383477e-02,3.10543167e-02,3.03467270e-02,2.94298976e-02,2.83256659e-02,2.70628006e-02,2.56759113e-02,2.42039636e-02,2.26885023e-02,2.11717188e-02,1.96945089e-02,1.82946720e-02,1.70053789e-02,1.58540036e-02,1.48613668e-02,1.40413974e-02,1.34011782e-02
1.75664792e-02,1.81079988e-02,1.84923937e-02,1.87224126e-02,1.88018194e-02,1.87361596e-02,1.85309775e-02,1.81913146e-02,1.77235082e-02,1.71338127e-02,1.64283340e-02,1.56129027e-02,1.46929619e-02,1.36734865e-02,1.25589494e-02,1.13533475e-02,1.00602996e-02,8.68322976e-03,7.22563993e-03,5.69147124e-03,4.08554063e-03,2.41402839e-03,6.84979933e-04,-1.09122426e-03,-2.90147684e-03,-4.72971673e-03,-6.55686581e-03,-8.36099345e-03,-1.01177154e-02,-1.18008173e-02,-1.33830682e-02,-1.48371688e-02,-1.61367633e-02,-1.72574365e-02,-1.81776205e-02,-1.88793404e-02,-1.93487052e-02,-1.95759070e-02,-1.95608303e-02,-1.92991088e-02,-1.87962049e-02,-1.80609664e-02,-1.71058079e-02,-1.59462890e-02,-1.46006256e-02,-1.30891940e-02,-1.14340507e-02,-9.65847927e-03,-7.78656858e-03,-5.84282239e-03,-3.85179787e-03,-1.83776925e-03,1.75586494e-04,2.16547354e-03,4.11026619e-03,5.98976464e-03,7.78541471e-03,9.48050443e-03,1.10603243e-02,1.25122847e-02,1.38259866e-02,1.49932395e-02,1.60080286e-02,1.68664301e-02
2.88372652e-02,2.98208624e-02,3.08584783e-02,3.19508528e-02,3.30977453e-02,3.42974873e-02,3.55466280e-02,3.68396929e-02,3.81690628e-02,3.95249758e-02,4.08956444e-02,4.22674732e-02,4.36253605e-02,4.49530616e-02,4.62335905e-02,4.74496400e-02,4.85839984e-02,4.96199456e-02,5.05416149e-02,5.13343084e-02,5.19847595e-02,5.24813352e-02,5.28141619e-02,5.29750740e-02,5.29570967e-02,5.27637291e-02,5.23862087e-02,5.18261168e-02,5.10864819e-02,5.01724811e-02,4.90916783e-02,4.78541672e-02,4.64726899e-02,4.49627197e-02,4.33424828e-02,4.16328860e-02,3.98573189e-02,3.80413066e-02,3.62120007e-02,3.43975131e-02,3.26261162e-02,3.09253514e-02,2.93211032e-02,2.78367046e-02,2.64921410e-02,2.53034124e-02,2.42821014e-02,2.34351751e-02,2.27650287e-02,2.22697628e-02,2.19436729e-02,2.17779372e-02,2.17616939e-02,2.18792869e-02,2.21194954e-02,2.24680970e-02,2.29117345e-02,2.34383882e-02,2.40377526e-02,2.47015121e-02,2.54234674e-02,2.61995008e-02,2.70273893e-02,2.79064812e-02
-3.85393526e-02,-3.94016473e-02,-4.00606903e-02,-4.05016262e-02,-4.07144451e-02,-4.07047466e-02,-4.04660976e-02,-4.00083168e-02,-3.93442794e-02,-3.84905507e-02,-3.74667438e-02,-3.62947468e-02,-3.49979465e-02,-3.36004970e-02,-3.21266589e-02,-3.06002233e-02,-2.90440266e-02,-2.74795591e-02,-2.59266650e-02,-2.44033298e-02,-2.29255491e-02,-2.15072711e-02,-2.01604035e-02,-1.88948738e-02,-1.77187331e-02,-1.66382877e-02,-1.56582504e-02,-1.47818953e-02,-1.40112095e-02,-1.33470310e-02,-1.27891713e-02,-1.23365190e-02,-1.19871321e-02,-1.17383247e-02,-1.15867776e-02,-1.15284110e-02,-1.15585895e-02,-1.16731020e-02,-1.18670723e-02,-1.21358190e-02,-1.24750503e-02,-1.28811237e-02,-1.33513045e-02,-1.38839933e-02,-1.44788903e-02,-1.51370676e-02,-1.58609207e-02,-1.66539789e-02,-1.75205611e-02,-1.84652778e-02,-1.94923914e-02,-2.06050678e-02,-2.18045624e-02,-2.30894021e-02,-2.44546355e-02,-2.58912266e-02,-2.73856677e-02,-2.89198746e-02,-3.04714064e-02,-3.20140252e-02,-3.35185753e-02,-3.49541302e-02,-3.62893214e-02,-3.74937484e-02
-2.81080939e-02,-3.06604687e-02,-3.29957895e-02,-3.50838881e-02,-3.68991114e-02,-3.84209105e-02,-3.96342247e-02,-4.05296100e-02,-4.11029667e-02,-4.13558929e-02,-4.13031613e-02,-4.09465004e-02,-4.03026185e-02,-3.93898873e-02,-3.82288533e-02,-3.68416919e-02,-3.52516094e-02,-3.34822933e-02,-3.15574351e-02,-2.95003362e-02,-2.73335937e-02,-2.50788658e-02,-2.27567099e-02,-2.03864881e-02,-1.79863313e-02,-1.55731577e-02,-1.31627368e-02,-1.07697941e-02,-8.40814906e-03,-6.09088103e-03,-3.83051535e-03,-1.63922247e-03,4.70978848e-04,2.48801368e-03,4.39958476e-03,6.19301739e-03,7.85514405e-03,9.37224588e-03,1.07300592e-02,1.19138573e-02,1.29086137e-02,1.36992509e-02,1.42709675e-02,1.46096205e-02,1.47019961e-02,1.45385910e-02,1.41095717e-02,1.34081371e-02,1.24315064e-02,1.11804320e-02,9.65961084e-03,7.87790636e-03,5.84843391e-03,3.58852422e-03,1.11957787e-03,-1.53316887e-03,-4.34091638e-03,-7.27174532e-03,-1.02909940e-02,-1.33617249e-02,-1.64452507e-02,-1.95017312e-02,-2.24908547e-02,-2.53726032e-02
2.21157651e-03,1.05868923e-03,2.86143235e-05,-8.60029152e-04,-1.59219282e-03,-2.15669762e-03,-2.54631207e-03,-2.75762340e-03,-2.79126439e-03,-2.65048732e-03,-2.34177310e-03,-1.87408187e-03,-1.25840216e-03,-5.07352371e-04,3.65191449e-04,1.34441990e-03,2.41489724e-03,3.56080652e-03,4.76616666e-03,6.01502362e-03,7.29162157e-03,8.58056082e-03,9.86694781e-03,1.11365418e-02,1.23759010e-02,1.35725286e-02,1.47150191e-02,1.57932018e-02,1.67982769e-02,1.77229381e-02,1.85614749e-02,1.93098428e-02,1.99656944e-02,2.05283589e-02,2.09987625e-02,2.13792821e-02,2.16735297e-02,2.18860675e-02,2.20220595e-02,2.20868594e-02,2.20854068e-02,2.20235027e-02,2.19034279e-02,2.17276311e-02,2.14967541e-02,2.12096743e-02,2.08635292e-02,2.04538722e-02,1.99749803e-02,1.94203097e-02,1.87830815e-02,1.80569685e-02,1.72368425e-02,1.63195339e-02,1.53045459e-02,1.41946662e-02,1.29964188e-02,1.17203076e-02,1.03808173e-02,8.99615332e-03,7.58773059e-03,6.17943693e-03,4.79672509e-03,3.46559976e-03
-1.19406353e-03,6.95293274e-04,2.48465152e-03,4.15224190e-03,5.67826203e-03,7.04533299e-03,8.23892558e-03,9.24772844e-03,1.00639301e-02,1.06833867e-02,1.11056493e-02,1.13338225e-02,1.13741264e-02,1.12372673e-02,1.09335044e-02,1.04759426e-02,9.87857319e-03,9.15537942e-03,8.31968572e-03,7.38358934e-03,6.35754906e-03,5.25016815e-03,4.06818617e-03,2.81667413e-03,1.49940819e-03,1.19381289e-04,-1.32059773e-03,-2.81727734e-03,-4.36636757e-03,-5.96202152e-03,-7.59644182e-03,-9.25963926e-03,-1.09393575e-02,-1.26211630e-02,-1.42886849e-02,-1.59239795e-02,-1.75079847e-02,-1.90210290e-02,-2.04433581e-02,-2.17556464e-02,-2.29394703e-02,-2.39777223e-02,-2.48549581e-02,-2.55576686e-02,-2.60744631e-02,-2.63960808e-02,-2.65169608e-02,-2.64342397e-02,-2.61440452e-02,-2.56477829e-02,-2.49490559e-02,-2.40538947e-02,-2.29707414e-02,-2.17103859e-02,-2.02858771e-02,-1.87124094e-02,-1.70071873e-02,-1.51892621e-02,-1.32793422e-02,-1.12995725e-02,-9.27328311e-03,-7.22470354e-03,-5.17864372e-03,-3.16013935e-03
2.22908550e-02,2.23387698e-02,2.24182306e-02,2.25169797e-02,2.26226315e-02,2.27231261e-02,2.28071941e-02,2.28647381e-02,2.28870909e-02,2.28675293e-02,2.28011609e-02,2.26843508e-02,2.25157576e-02,2.22958416e-02,2.20268414e-02,2.17127188e-02,2.13590940e-02,2.09731773e-02,2.05636882e-02,2.01407508e-02,1.97157512e-02,1.93011392e-02,1.89101609e-02,1.85565153e-02,1.82539324e-02,1.80156850e-02,1.78540543e-02,1.77798040e-02,1.78015192e-02,1.79240643e-02,1.81514365e-02,1.84829435e-02,1.89144503e-02,1.94382397e-02,2.00431211e-02,2.07147085e-02,2.14358487e-02,2.21871813e-02,2.29478096e-02,2.36960579e-02,2.44102872e-02,2.50697394e-02,2.56553767e-02,2.61506804e-02,2.65423712e-02,2.68210118e-02,2.69814402e-02,2.70228738e-02,2.69509805e-02,2.67731778e-02,2.65015658e-02,2.61521838e-02,2.57435117e-02,2.52955794e-02,2.48289397e-02,2.43636205e-02,2.39181368e-02,2.35086285e-02,2.31481762e-02,2.28463294e-02,2.26088634e-02,2.24377614e-02,2.23314059e-02,2.22849566e-02
-1.93765865e-02,-2.00805988e-02,-2.07926431e-02,-2.14994289e-02,-2.21854268e-02,-2.28333152e-02,-2.34245638e-02,-2.39401299e-02,-2.43612260e-02,-2.46700933e-02,-2.48505882e-02,-2.48914511e-02,-2.47813912e-02,-2.45138002e-02,-2.40865489e-02,-2.35015795e-02,-2.27649780e-02,-2.18868246e-02,-2.08809020e-02,-1.97642946e-02,-1.85569036e-02,-1.72809014e-02,-1.59601442e-02,-1.46195573e-02,-1.32845055e-02,-1.19801582e-02,-1.07308568e-02,-9.55949405e-03,-8.48691487e-03,-7.53135312e-03,-6.70792070e-03,-6.02817020e-03,-5.49975489e-03,-5.12621260e-03,-4.90691391e-03,-4.83685026e-03,-4.90745518e-03,-5.10683861e-03,-5.42005007e-03,-5.83005047e-03,-6.31849410e-03,-6.86657704e-03,-7.45588012e-03,-8.06915169e-03,-8.69098319e-03,-9.30834125e-03,-9.91093351e-03,-1.04914000e-02,-1.10453356e-02,-1.15711624e-02,-1.20698752e-02,-1.25446940e-02,-1.30006514e-02,-1.34441445e-02,-1.38824751e-02,-1.43233932e-02,-1.47746561e-02,-1.52436066e-02,-1.57367726e-02,-1.62594870e-02,-1.68155288e-02,-1.74067899e-02,-1.80329767e-02,-1.86913587e-02
-1.30320661e-02,-1.29014144e-02,-1.25712701e-02,-1.20493030e-02,-1.13462208e-02,-1.04752887e-02,-9.45173961e-03,-8.29216443e-03,-7.01392563e-03,-5.63462324e-03,-4.17163646e-03,-2.64175669e-03,-1.06092154e-03,5.55946028e-04,2.19498822e-03,3.84338682e-03,5.48923338e-03,7.12133536e-03,8.72897653e-03,1.03016539e-02,1.18288179e-02,1.32996423e-02,1.47028506e-02,1.60266220e-02,1.72585954e-02,1.83859830e-02,1.93957992e-02,2.02751969e-02,2.10118972e-02,2.15946856e-02,2.20139358e-02,2.22621027e-02,2.23339950e-02,2.22293274e-02,2.19485546e-02,2.14953546e-02,2.08774175e-02,2.01049966e-02,1.91904936e-02,1.81478299e-02,1.69917334e-02,1.57370220e-02,1.43979629e-02,1.29877740e-02,1.15183200e-02,1.00000341e-02,8.44206965e-03,6.85265967e-03,5.23963864e-03,3.61106176e-03,1.97584508e-03,3.44346421e-04,-1.27118485e-03,-2.85635268e-03,-4.39461001e-03,-5.86748958e-03,-7.25508036e-03,-8.53670649e-03,-9.69174985e-03,-1.07005432e-02,-1.15452552e-02,-1.22106898e-02,-1.26849264e-02,-1.29596640e-02
-1.68728555e-03,-1.38251040e-03,-1.07291302e-03,-7.55595996e-04,-4.26650400e-04,-8.13842330e-05,2.85396294e-04,6.79061258e-04,1.10479836e-03,1.56723715e-03,2.07007030e-03,2.61568884e-03,3.20484847e-03,3.83638298e-03,4.50698024e-03,5.21103382e-03,5.94058172e-03,6.68534054e-03,7.43284124e-03,8.16866925e-03,8.87680874e-03,9.54008706e-03,1.01407115e-02,1.06608856e-02,1.10834865e-02,1.13927778e-02,1.15751185e-02,1.16195536e-02,1.15195939e-02,1.12712631e-02,1.08752686e-02,1.03370366e-02,9.66635153e-03,8.87710435e-03,7.98678332e-03,7.01575883e-03,5.98641272e-03,4.92217387e-03,3.84653017e-03,2.78208772e-03,1.74974080e-03,7.68001725e-04,-1.47478721e-04,-9.84186544e-04,-1.73284023e-03,-2.38731084e-03,-2.94440999e-03,-3.40358754e-03,-3.76657565e-03,-4.03701212e-03,-4.22006813e-03,-4.32208831e-03,-4.35043292e-03,-4.31283369e-03,-4.21738887e-03,-4.07236177e-03,-3.88588668e-03,-3.66577561e-03,-3.41932511e-03,-3.15313012e-03,-2.87290854e-03,-2.58334252e-03,-2.28794418e-03,-1.98895467e-03
-3.68661567e-03,-4.63097943e-03,-5.46976512e-03,-6.20535552e-03,-6.83986400e-03,-7.37476706e-03,-7.81060757e-03,-8.14678447e-03,-8.38143661e-03,-8.51136967e-03,-8.53301034e-03,-8.44073251e-03,-8.22886176e-03,-7.89155380e-03,-7.42318082e-03,-6.81880476e-03,-6.07462494e-03,-5.18838695e-03,-4.15973347e-03,-2.99048268e-03,-1.68482604e-03,-2.49443773e-04,1.30645437e-03,2.97116111e-03,4.73058001e-03,6.56836152e-03,8.46608613e-03,1.04034783e-02,1.23586455e-02,1.43083409e-02,1.62282479e-02,1.80932923e-02,1.98779860e-02,2.15568073e-02,2.31046240e-02,2.44971631e-02,2.57115252e-02,2.67267394e-02,2.75243438e-02,2.80889657e-02,2.84088356e-02,2.84758010e-02,2.82915086e-02,2.78547552e-02,2.71724254e-02,2.62571537e-02,2.51261300e-02,2.38007588e-02,2.23060012e-02,2.06695291e-02,1.89207633e-02,1.70898619e-02,1.52067262e-02,1.33000856e-02,1.13967123e-02,9.52080066e-03,7.69353017e-03,5.93281175e-03,4.25320697e-03,2.66599833e-03,1.17938513e-03,-2.01221833e-04,-1.47282813e-03,-2.63444137e-03
2.21319067e-02,2.24082108e-02,2.25758733e-02,2.26353921e-02,2.25896147e-02,2.24424297e-02,2.21980394e-02,2.18627020e-02,2.14434169e-02,2.09477885e-02,2.03838282e-02,1.97597603e-02,1.90838517e-02,1.83642733e-02,1.76089947e-02,1.68257135e-02,1.60218138e-02,1.52043493e-02,1.43800420e-02,1.35552895e-02,1.27361730e-02,1.19284602e-02,1.11376018e-02,1.03687206e-02,9.62659681e-03,8.91565591e-03,8.23996475e-03,7.60324321e-03,7.00889596e-03,6.46006654e-03,5.95971232e-03,5.51069484e-03,5.11587649e-03,4.77821183e-03,4.50082058e-03,4.28702949e-03,4.14037296e-03,4.06454770e-03,4.06335837e-03,4.14014423e-03,4.29854903e-03,4.54134497e-03,4.87058986e-03,5.28734400e-03,5.79144107e-03,6.38129589e-03,7.05375934e-03,7.80402989e-03,8.62562754e-03,9.51043215e-03,1.04487846e-02,1.14296460e-02,1.24408074e-02,1.34691420e-02,1.45008882e-02,1.55219542e-02,1.65182331e-02,1.74759180e-02,1.83818066e-02,1.92235883e-02,1.99901023e-02,2.06715626e-02,2.12597413e-02,2.17481058e-02
-1.60203967e-02,-1.65764453e-02,-1.69999423e-02,-1.72865271e-02,-1.74338626e-02,-1.74441838e-02,-1.73175510e-02,-1.70582836e-02,-1.66721694e-02,-1.61665801e-02,-1.55504351e-02,-1.48341269e-02,-1.40294195e-02,-1.31493034e-02,-1.22077989e-02,-1.12197015e-02,-1.02002683e-02,-9.16485801e-03,-8.12853459e-03,-7.10565853e-03,-6.10948686e-03,-5.15180801e-03,-4.24263513e-03,-3.38997943e-03,-2.59971963e-03,-1.87557733e-03,-1.21920050e-03,-6.30349566e-04,-1.07172885e-04,3.53447242e-04,7.55502170e-04,1.10344346e-03,1.40177217e-03,1.65465535e-03,1.86558763e-03,2.03711167e-03,2.17060624e-03,2.26614630e-03,2.32243586e-03,2.33680818e-03,2.30537186e-03,2.22302540e-03,2.08376124e-03,1.88095935e-03,1.60771756e-03,1.25726581e-03,8.23427577e-04,3.01114280e-04,-3.13170619e-04,-1.02084399e-03,-1.82081914e-03,-2.70916750e-03,-3.67891118e-03,-4.71997471e-03,-5.81931483e-03,-6.96123261e-03,-8.12785452e-03,-9.29975177e-03,-1.04566523e-02,-1.15781907e-02,-1.26446368e-02,-1.36375518e-02,-1.45403266e-02,-1.53385784e-02
2.63694245e-02,2.61644236e-02,2.58762921e-02,2.55022811e-02,2.50414157e-02,2.44948493e-02,2.38661604e-02,2.31615607e-02,2.23899844e-02,2.15630348e-02,2.06947725e-02,1.98013441e-02,1.89004638e-02,1.80107746e-02,1.71511284e-02,1.63398314e-02,1.55939068e-02,1.49284235e-02,1.43559321e-02,1.38860421e-02,1.35251578e-02,1.32763809e-02,1.31395786e-02,1.31116733e-02,1.31858672e-02,1.33546323e-02,1.36079207e-02,1.39342465e-02,1.43213672e-02,1.47567641e-02,1.52281152e-02,1.57237260e-02,1.62328987e-02,1.67462310e-02,1.72558355e-02,1.77554752e-02,1.82406143e-02,1.87083854e-02,1.91574796e-02,1.95879676e-02,2.00010657e-02,2.03988602e-02,2.07840094e-02,2.11594403e-02,2.15280569e-02,2.18924779e-02,2.22548149e-02,2.26164996e-02,2.29781661e-02,2.33395857e-02,2.36996506e-02,2.40563975e-02,2.44070621e-02,2.47481504e-02,2.50755201e-02,2.53844593e-02,2.56697608e-02,2.59257891e-02,2.61465419e-02,2.63257152e-02,2.64567766e-02,2.65330501e-02,2.65477063e-02,2.64954164e-02
2.46531990e-02,2.53952034e-02,2.61575916e-02,2.69284908e-02,2.76971775e-02,2.84543466e-02,2.91923057e-02,2.99050817e-02,3.05884363e-02,3.12397905e-02,3.18580634e-02,3.24434390e-02,3.29970750e-02,3.35207773e-02,3.40166585e-02,3.44868051e-02,3.49329710e-02,3.53563168e-02,3.57572046e-02,3.61350573e-02,3.64882846e-02,3.68142738e-02,3.71094393e-02,3.73693229e-02,3.75887357e-02,3.77619293e-02,3.78827838e-02,3.79449781e-02,3.79418875e-02,3.78701483e-02,3.77221906e-02,3.74938598e-02,3.71817432e-02,3.67836053e-02,3.62986328e-02,3.57276297e-02,3.50731762e-02,3.43397434e-02,3.35337541e-02,3.26635813e-02,3.17394744e-02,3.07734125e-02,2.97788813e-02,2.87705840e-02,2.77640929e-02,2.67754596e-02,2.58207987e-02,2.49158656e-02,2.40756449e-02,2.33139653e-02,2.26431537e-02,2.20737386e-02,2.16142086e-02,2.12708313e-02,2.10475392e-02,2.09459159e-02,2.09651665e-02,2.11004381e-02,2.13479833e-02,2.16999666e-02,2.21469878e-02,2.26781839e-02,2.32815410e-02,2.39442682e-02
6.80111975e-03,7.18825305e-03,7.56986062e-03,7.93448789e-03,8.27148032e-03,8.57145384e-03,8.82672005e-03,9.03164268e-03,9.18290350e-03,9.27965881e-03,9.32356842e-03,9.31868816e-03,9.27159009e-03,9.19006935e-03,9.08372915e-03,8.96299577e-03,8.83858927e-03,8.72093775e-03,8.61960926e-03,8.54280002e-03,8.49691155e-03,8.48625664e-03,8.51264114e-03,8.57581051e-03,8.67313294e-03,8.79984782e-03,8.94941405e-03,9.11388331e-03,9.28433576e-03,9.45134708e-03,9.60545942e-03,9.73763107e-03,9.83964185e-03,9.90443373e-03,9.92635831e-03,9.90155784e-03,9.82775201e-03,9.70423275e-03,9.53210473e-03,9.31397735e-03,9.05380484e-03,8.75668744e-03,8.42866209e-03,8.07649951e-03,7.70751938e-03,7.32942941e-03,6.95018809e-03,6.57788562e-03,6.22063320e-03,5.88644886e-03,5.58312804e-03,5.31808966e-03,5.09819314e-03,4.92952729e-03,4.81717898e-03,4.76499840e-03,4.77536501e-03,4.84875651e-03,4.98424618e-03,5.17872962e-03,5.42720848e-03,5.72284827e-03,6.05715177e-03,6.42022429e-03
2.47098041e-04,-1.29123443e-04,-5.42042418e-04,-9.73143987e-04,-1.40380418e-03,-1.81599302e-03,-2.19294813e-03,-2.51979293e-03,-2.78407603e-03,-2.97621131e-03,-3.08979475e-03,-3.12195359e-03,-3.07312524e-03,-2.94719132e-03,-2.75135624e-03,-2.49579742e-03,-2.19329358e-03,-1.85876248e-03,-1.50872874e-03,-1.16073795e-03,-8.32732092e-04,-5.42401082e-04,-3.06524718e-04,-1.40320220e-04,-5.68115752e-05,-6.62368976e-05,-1.75525670e-04,-3.87853385e-04,-7.02315392e-04,-1.11374140e-03,-1.61267929e-03,-2.18557039e-03,-2.81512921e-03,-3.48092909e-03,-4.16017926e-03,-4.82866260e-03,-5.46178744e-03,-6.03569357e-03,-6.52834524e-03,-6.92054159e-03,-7.19677484e-03,-7.34580843e-03,-7.36217556e-03,-7.24388393e-03,-6.99478672e-03,-6.62342134e-03,-6.14258227e-03,-5.56872255e-03,-4.92122378e-03,-4.22158651e-03,-3.49258101e-03,-2.75739289e-03,-2.03879336e-03,-1.35835904e-03,-7.35762268e-04,-1.88149478e-04,2.70377208e-04,6.29162256e-04,8.81285520e-04,1.02370773e-03,1.05728252e-03,9.86719554e-04,8.20150131e-04,5.68921669e-04
-1.40010860e-02,-1.54414542e-02,-1.69127819e-02,-1.83982237e-02,-1.98783176e-02,-2.13316174e-02,-2.27354438e-02,-2.40666963e-02,-2.53026681e-02,-2.64218090e-02,-2.74043925e-02,-2.82330575e-02,-2.88932016e-02,-2.93732068e-02,-2.96643991e-02,-2.97632039e-02,-2.96678688e-02,-2.93775029e-02,-2.88962955e-02,-2.82307890e-02,-2.73899052e-02,-2.63847720e-02,-2.52285229e-02,-2.39360914e-02,-2.25240030e-02,-2.10101640e-02,-1.94136430e-02,-1.77544428e-02,-1.60532603e-02,-1.43312310e-02,-1.26096574e-02,-1.09097211e-02,-9.25217741e-03,-7.65703438e-03,-6.14321946e-03,-4.72823733e-03,-3.42782718e-03,-2.25562941e-03,-1.22287575e-03,-3.38120014e-04,3.92969719e-04,9.67731919e-04,1.38655087e-03,1.65274932e-03,1.77235436e-03,1.75373328e-03,1.60727353e-03,1.34427365e-03,9.76831777e-04,5.16897543e-04,-2.43843267e-05,-6.37277117e-04,-1.31393835e-03,-2.04873841e-03,-2.83838034e-03,-3.68181176e-03,-4.57992940e-03,-5.53509576e-03,-6.55050287e-03,-7.62943010e-03,-8.77445242e-03,-9.98665979e-03,-1.12649487e-02,-1.26054422e-02
-1.78933723e-02,-1.68789622e-02,-1.57014825e-02,-1.43764545e-02,-1.29209419e-02,-1.13532002e-02,-9.69232605e-03,-7.95792182e-03,-6.16978262e-03,-4.34761591e-03,-2.51079872e-03,-6.78175687e-04,1.13210031e-03,2.90268399e-03,4.61714863e-03,6.26004099e-03,7.81693260e-03,9.27446568e-03,1.06204026e-02,1.18436862e-02,1.29345137e-02,1.38844259e-02,1.46864040e-02,1.53349671e-02,1.58262551e-02,1.61580789e-02,1.63299054e-02,1.63425194e-02,1.62010390e-02,1.59074154e-02,1.54673571e-02,1.48872841e-02,1.41742064e-02,1.33354955e-02,1.23786559e-02,1.13111487e-02,1.01402963e-02,8.87328041e-03,7.51723798e-03,6.07944519e-03,4.56757124e-03,2.98997399e-03,1.35600445e-03,-3.23714739e-04,-2.03706314e-03,-3.77029730e-03,-5.50802361e-03,-7.23328308e-03,-8.92775317e-03,-1.05720539e-02,-1.21461402e-02,-1.36297576e-02,-1.50029351e-02,-1.62464876e-02,-1.73425064e-02,-1.82748123e-02,-1.90293549e-02,-1.95945350e-02,-1.99613884e-02,-2.01240302e-02,-2.00821449e-02,-1.98330870e-02,-1.93806344e-02,-1.87310755e-02
-5.17928722e-03,-5.15734233e-03,-5.12934468e-03,-5.09026923e-03,-5.03687348e-03,-4.96785983e-03,-4.88397698e-03,-4.78805693e-03,-4.68498364e-03,-4.58158964e-03,-4.48647823e-03,-4.40977083e-03,-4.36280042e-03,-4.35748626e-03,-4.40631691e-03,-4.52142354e-03,-4.71412063e-03,-4.99428818e-03,-5.36974696e-03,-5.84565796e-03,-6.42397804e-03,-7.10300918e-03,-7.87708069e-03,-8.73640130e-03,-9.66711167e-03,-1.06515572e-02,-1.16687860e-02,-1.26952580e-02,-1.37057356e-02,-1.46743033e-02,-1.55754565e-02,-1.63851873e-02,-1.70819974e-02,-1.76477723e-02,-1.80684595e-02,-1.83344732e-02,-1.84414886e-02,-1.83906439e-02,-1.81851822e-02,-1.78343546e-02,-1.73509090e-02,-1.67506390e-02,-1.60517134e-02,-1.52739548e-02,-1.44381119e-02,-1.35651537e-02,-1.26756079e-02,-1.17889593e-02,-1.09231223e-02,-1.00939967e-02,-9.31511612e-03,-8.59739254e-03,-7.94896114e-03,-7.37512497e-03,-6.87839670e-03,-6.45863168e-03,-6.11324332e-03,-5.83748938e-03,-5.62481550e-03,-5.46724105e-03,-5.35577213e-03,-5.28082660e-03,-5.23265790e-03,-5.20176622e-03
1.92799264e-02,1.66486740e-02,1.39844047e-02,1.13260917e-02,8.70883767e-03,6.16318402e-03,3.71478142e-03,1.38439540e-03,-8.11806929e-04,-2.86174680e-03,-4.75683805e-03,-6.49129175e-03,-8.06144584e-03,-9.46515860e-03,-1.07012974e-02,-1.17693395e-02,-1.26690881e-02,-1.34004938e-02,-1.39635632e-02,-1.43583221e-02,-1.45847305e-02,-1.46441918e-02,-1.45365471e-02,-1.42622319e-02,-1.38224933e-02,-1.32188794e-02,-1.24533516e-02,-1.15283377e-02,-1.04467804e-02,-9.21219821e-03,-7.82876612e-03,-6.30142188e-03,-4.63600059e-03,-2.83939596e-03,-9.19743510e-04,1.11338201e-03,3.24875275e-03,5.47332201e-03,7.77204214e-03,1.01277300e-02,1.25209796e-02,1.49301332e-02,1.73313207e-02,1.96985767e-02,2.20040427e-02,2.42182610e-02,2.63105673e-02,2.82495849e-02,3.00038246e-02,3.15423870e-02,3.28357630e-02,3.38567126e-02,3.45811894e-02,3.49892041e-02,3.50648356e-02,3.48073889e-02,3.42088301e-02,3.32743706e-02,3.20175180e-02,3.04588548e-02,2.86257726e-02,2.65516535e-02,2.42746772e-02,2.18363584e-02
3.44954718e-03,2.42647897e-03,1.32569207e-03,1.61830962e-04,-1.04910378e-03,-2.29021648e-03,-3.54420703e-03,-4.79383733e-03,-6.02236493e-03,-7.21391661e-03,-8.35378840e-03,-9.42866751e-03,-1.04267789e-02,-1.13379658e-02,-1.21537160e-02,-1.28671478e-02,-1.34729678e-02,-1.39674104e-02,-1.43481638e-02,-1.46142796e-02,-1.47660141e-02,-1.48057077e-02,-1.47355858e-02,-1.45591397e-02,-1.42810705e-02,-1.39068002e-02,-1.34423973e-02,-1.28944616e-02,-1.22700053e-02,-1.15763382e-02,-1.08209620e-02,-1.00114758e-02,-9.15549509e-03,-8.26058481e-03,-7.33420634e-03,-6.38367721e-03,-5.41614254e-03,-4.43855650e-03,-3.45767271e-03,-2.48004278e-03,-1.51202261e-03,-5.59786791e-04,3.70648468e-04,1.27339101e-03,2.14263547e-03,2.97261171e-03,3.75752838e-03,4.49151420e-03,5.16856232e-03,5.78248533e-03,6.32688999e-03,6.79518120e-03,7.18060489e-03,7.47633788e-03,7.67562872e-03,7.77198174e-03,7.75936762e-03,7.63338719e-03,7.38935834e-03,7.02491881e-03,6.53940926e-03,5.93423255e-03,5.21307207e-03,4.38201181e-03
3.52610714e-03,4.68613915e-03,5.82204849e-03,6.92123541e-03,7.96961128e-03,8.95173918e-03,9.85113822e-03,1.06507512e-02,1.13335620e-02,1.18833360e-02,1.22854400e-02,1.25276812e-02,1.26010275e-02,1.25014550e-02,1.22283385e-02,1.17857358e-02,1.11831772e-02,1.04347034e-02,9.55832673e-03,8.57516123e-03,7.50832676e-03,6.38172568e-03,5.21879835e-03,4.04136662e-03,2.86866390e-03,1.71662818e-03,5.97504451e-04,-4.80230240e-04,-1.51163640e-03,-2.49482987e-03,-3.43029711e-03,-4.32009630e-03,-5.16701841e-03,-5.97378120e-03,-6.74231959e-03,-7.47322213e-03,-8.16534814e-03,-8.81564323e-03,-9.41915493e-03,-9.96923477e-03,-1.04578997e-02,-1.08763147e-02,-1.12153504e-02,-1.14661617e-02,-1.16207081e-02,-1.16727594e-02,-1.16175244e-02,-1.14518247e-02,-1.11751107e-02,-1.07889393e-02,-1.02968802e-02,-9.70427180e-03,-9.01789012e-03,-8.24556735e-03,-7.39579835e-03,-6.47737056e-03,-5.49904991e-03,-4.46934929e-03,-3.39639840e-03,-2.28792441e-03,-1.15134258e-03,6.05430893e-06,1.17682692e-03,2.35307453e-03
3.00594407e-02,3.08901987e-02,3.16051108e-02,3.21934643e-02,3.26465470e-02,3.29578601e-02,3.31231854e-02,3.31400693e-02,3.30132598e-02,3.27416361e-02,3.23300719e-02,3.17847284e-02,3.11127574e-02,3.03220487e-02,2.94209612e-02,2.84181205e-02,2.73223160e-02,2.61425090e-02,2.48879510e-02,2.35683918e-02,2.21943471e-02,2.07773806e-02,1.93303533e-02,1.78675902e-02,1.64049208e-02,1.49595636e-02,1.35498402e-02,1.21947249e-02,1.09132567e-02,9.72385853e-03,8.64361905e-03,7.68760223e-03,6.86824420e-03,6.19489052e-03,5.67351147e-03,5.30661572e-03,5.09336601e-03,5.02990269e-03,5.10942161e-03,5.32346146e-03,5.66213405e-03,6.11454294e-03,6.66961089e-03,7.31658748e-03,8.04547509e-03,8.84733359e-03,9.71444836e-03,1.06403588e-02,1.16197548e-02,1.26482567e-02,1.37221048e-02,1.48377858e-02,1.59916309e-02,1.71794181e-02,1.83960112e-02,1.96350630e-02,2.08888058e-02,2.21479426e-02,2.34016488e-02,2.46376841e-02,2.58426074e-02,2.70020844e-02,2.81012682e-02,2.91252338e-02
-4.76603542e-02,-4.76241082e-02,-4.75732705e-02,-4.75213662e-02,-4.74789405e-02,-4.74531579e-02,-4.74469411e-02,-4.74603935e-02,-4.74896830e-02,-4.75275383e-02,-4.75638490e-02,-4.75861160e-02,-4.75820334e-02,-4.75360434e-02,-4.74339655e-02,-4.72621581e-02,-4.70083996e-02,-4.66624563e-02,-4.62165221e-02,-4.56655479e-02,-4.50074590e-02,-4.42432673e-02,-4.33770931e-02,-4.24161117e-02,-4.13704375e-02,-4.02529572e-02,-3.90791199e-02,-3.78666863e-02,-3.66354382e-02,-3.54068435e-02,-3.42036735e-02,-3.30495661e-02,-3.19685315e-02,-3.09843984e-02,-3.01202036e-02,-2.93975352e-02,-2.88358530e-02,-2.84518785e-02,-2.82595816e-02,-2.82621526e-02,-2.84692620e-02,-2.88784357e-02,-2.94827726e-02,-3.02699733e-02,-3.12224528e-02,-3.23177797e-02,-3.35293817e-02,-3.48274845e-02,-3.61802380e-02,-3.75549678e-02,-3.89194795e-02,-4.02433363e-02,-4.14990333e-02,-4.26630026e-02,-4.37163927e-02,-4.46455906e-02,-4.54424675e-02,-4.61043524e-02,-4.66337495e-02,-4.70378324e-02,-4.73277562e-02,-4.75178314e-02,-4.76245872e-02,-4.76658805e-02
6.99659930e-03,8.65322045e-03,1.01989731e-02,1.16097510e-02,1.28613070e-02,1.39296571e-02,1.47915739e-02,1.54251756e-02,1.58105969e-02,1.59305862e-02,1.57735633e-02,1.53305748e-02,1.45975579e-02,1.35780290e-02,1.22822545e-02,1.07276987e-02,8.93901062e-03,6.94757062e-03,4.79059131e-03,2.50979911e-03,1.49773282e-04,-2.24391806e-03,-4.62668520e-03,-6.95680031e-03,-9.19697491e-03,-1.13155882e-02,-1.32874655e-02,-1.50941829e-02,-1.67239240e-02,-1.81709549e-02,-1.94348091e-02,-2.05192869e-02,-2.14313708e-02,-2.21801464e-02,-2.27758023e-02,-2.32287574e-02,-2.35489414e-02,-2.37452093e-02,-2.38253293e-02,-2.37964288e-02,-2.36614747e-02,-2.34236511e-02,-2.30845295e-02,-2.26444867e-02,-2.21030067e-02,-2.14589926e-02,-2.07110868e-02,-1.98579894e-02,-1.88987654e-02,-1.78331323e-02,-1.66617217e-02,-1.53863109e-02,-1.40100201e-02,-1.25374731e-02,-1.09749195e-02,-9.33031947e-03,-7.61339091e-03,-5.83562164e-03,-4.01024984e-03,-2.15221591e-03,-2.78089804e-04,1.59401811e-03,3.44456998e-03,5.25274776e-03
4.61623175e-02,4.59277831e-02,4.55502892e-02,4.50259004e-02,4.43521380e-02,4.35284740e-02,4.25567008e-02,4.14412133e-02,4.01891992e-02,3.88107243e-02,3.73187069e-02,3.57287795e-02,3.40590460e-02,3.23297462e-02,3.05628460e-02,2.87815734e-02,2.70099206e-02,2.52721310e-02,2.35921875e-02,2.19933152e-02,2.04975082e-02,1.91250901e-02,1.78943151e-02,1.68210179e-02,1.59183201e-02,1.51964029e-02,1.46623550e-02,1.43201085e-02,1.41705049e-02,1.42111971e-02,1.44355515e-02,1.48373588e-02,1.54061094e-02,1.61295470e-02,1.69938675e-02,1.79840937e-02,1.90844679e-02,2.02788318e-02,2.15509762e-02,2.28849510e-02,2.42653277e-02,2.56774116e-02,2.71074026e-02,2.85425065e-02,2.99709997e-02,3.13822535e-02,3.27667206e-02,3.41158907e-02,3.54222197e-02,3.66790341e-02,3.78804179e-02,3.90210807e-02,4.00962134e-02,4.11013332e-02,4.20321232e-02,4.28842732e-02,4.36533282e-02,4.43345556e-02,4.49228402e-02,4.54126188e-02,4.57978619e-02,4.60721074e-02,4.62285148e-02,4.62595725e-02
9.18320661e-03,8.80733985e-03,8.30230876e-03,7.65936516e-03,6.87131595e-03,5.93298747e-03,4.84171479e-03,3.59784603e-03,2.20524219e-03,6.71742075e-04,-9.90446366e-04,-2.76446258e-03,-4.62872984e-03,-6.55706817e-03,-8.51907910e-03,-1.04808071e-02,-1.24056721e-02,-1.42556400e-02,-1.59925708e-02,-1.75796600e-02,-1.89828778e-02,-2.01723036e-02,-2.11232623e-02,-2.18171702e-02,-2.22419397e-02,-2.23941441e-02,-2.22765764e-02,-2.18955898e-02,-2.12662125e-02,-2.04083345e-02,-1.93460926e-02,-1.81069466e-02,-1.67206931e-02,-1.52184777e-02,-1.36318384e-02,-1.19918050e-02,-1.03280705e-02,-8.66825017e-03,-7.03724267e-03,-5.45670548e-03,-3.94465918e-03,-2.51523324e-03,-1.17856405e-03,5.91480953e-05,1.19542066e-03,2.23112568e-03,3.16998605e-03,4.01796178e-03,4.78256440e-03,5.47213690e-03,6.09514193e-03,6.65949869e-03,7.17200449e-03,7.63786828e-03,8.06037325e-03,8.44067499e-03,8.77773108e-03,9.06834986e-03,9.30733991e-03,9.48773820e-03,9.60109195e-03,9.63774549e-03,9.58758029e-03,9.43977226e-03
1.11411674e-02,1.29262793e-02,1.45691301e-02,1.60534118e-02,1.73631800e-02,1.84829779e-02,1.93979847e-02,2.00941937e-02,2.05586163e-02,2.07794515e-02,2.07462421e-02,2.04550658e-02,1.98962654e-02,1.90677941e-02,1.79703714e-02,1.66083453e-02,1.49901293e-02,1.31284955e-02,1.10407272e-02,8.74860340e-03,6.27819538e-03,3.65946370e-03,9.25664887e-04,-1.88740069e-03,-4.74225035e-03,-7.60074109e-03,-1.04250026e-02,-1.31783619e-02,-1.58261744e-02,-1.83365248e-02,-2.06807737e-02,-2.28339437e-02,-2.47749495e-02,-2.64866849e-02,-2.79559891e-02,-2.91735112e-02,-3.01334938e-02,-3.08334745e-02,-3.12738314e-02,-3.14583765e-02,-3.13966119e-02,-3.10916741e-02,-3.05541104e-02,-2.97952470e-02,-2.88275060e-02,-2.76642354e-02,-2.63195150e-02,-2.48079817e-02,-2.31446858e-02,-2.13449778e-02,-1.94244243e-02,-1.73987515e-02,-1.52838100e-02,-1.30955579e-02,-1.08500562e-02,-8.56347222e-03,-6.25208637e-03,-3.93229805e-03,-1.62062780e-03,6.66287020e-04,2.91169216e-03,5.09875942e-03,7.21061223e-03,9.23036365e-03
-2.08973462e-02,-2.03343560e-02,-1.96734436e-02,-1.89172425e-02,-1.80696355e-02,-1.71358486e-02,-1.61225318e-02,-1.50378169e-02,-1.38913407e-02,-1.26942256e-02,-1.14590064e-02,-1.01995010e-02,-8.93062011e-03,-7.66812048e-03,-6.42830719e-03,-5.22769543e-03,-4.08264555e-03,-3.00898710e-03,-2.02164885e-03,-1.13431142e-03,-3.59097967e-04,2.93684494e-04,8.15736177e-04,1.20091371e-03,1.44529009e-03,1.54715748e-03,1.50701488e-03,1.32751969e-03,1.01307344e-03,5.70035061e-04,6.38724583e-06,-6.68430005e-04,-1.44371752e-03,-2.30773325e-03,-3.24791724e-03,-4.25113984e-03,-5.30396875e-03,-6.39295101e-03,-7.50490138e-03,-8.62718423e-03,-9.74797264e-03,-1.08564670e-02,-1.19430565e-02,-1.29994091e-02,-1.40184850e-02,-1.49944694e-02,-1.59226367e-02,-1.67991558e-02,-1.76208608e-02,-1.83850078e-02,-1.90890419e-02,-1.97303963e-02,-2.03063396e-02,-2.08138817e-02,-2.12497401e-02,-2.16103655e-02,-2.18920115e-02,-2.20908266e-02,-2.22028660e-02,-2.22257548e-02,-2.21554111e-02,-2.19890472e-02,-2.17246622e-02,-2.13609285e-02
-1.27128623e-02,-1.35168196e-02,-1.42544767e-02,-1.49143512e-02,-1.54857319e-02,-1.59588600e-02,-1.63251037e-02,-1.65771092e-02,-1.67087561e-02,-1.67177184e-02,-1.65999361e-02,-1.63553766e-02,-1.59858560e-02,-1.54952706e-02,-1.48896287e-02,-1.41769944e-02,-1.33673621e-02,-1.24724689e-02,-1.15055488e-02,-1.04810410e-02,-9.41426015e-03,-8.32104176e-03,-7.21737480e-03,-6.11903358e-03,-5.04122028e-03,-3.99822881e-03,-3.00313977e-03,-2.06755518e-03,-1.20138086e-03,-4.12663325e-04,2.92512846e-04,9.10059082e-04,1.43785994e-03,1.87566968e-03,2.22494546e-03,2.48861827e-03,2.67080958e-03,2.77650512e-03,2.81119644e-03,2.78059366e-03,2.69014071e-03,2.54472634e-03,2.34852642e-03,2.10473408e-03,1.81545698e-03,1.48170065e-03,1.10344565e-03,6.79814720e-04,2.09319051e-04,-3.09833357e-04,-8.79388578e-04,-1.50068416e-03,-2.17429645e-03,-2.89972521e-03,-3.67513736e-03,-4.49718702e-03,-5.36092242e-03,-6.25978268e-03,-7.18568011e-03,-8.12915666e-03,-9.07959828e-03,-1.00254881e-02,-1.09546790e-02,-1.18546685e-02
-5.07402494e-02,-5.09960282e-02,-5.11976490e-02,-5.13505261e-02,-5.14563375e-02,-5.15129176e-02,-5.15174913e-02,-5.14605703e-02,-5.13328730e-02,-5.11236621e-02,-5.08217148e-02,-5.04161278e-02,-4.98970262e-02,-4.92561754e-02,-4.84874739e-02,-4.75873150e-02,-4.65548152e-02,-4.53919206e-02,-4.41034039e-02,-4.26967760e-02,-4.11821342e-02,-3.95719680e-02,-3.78809443e-02,-3.61256883e-02,-3.43245704e-02,-3.24975078e-02,-3.06657813e-02,-2.88518650e-02,-2.70792597e-02,-2.53723199e-02,-2.37560574e-02,-2.22559032e-02,-2.08974099e-02,-1.97058725e-02,-1.87058546e-02,-1.79206112e-02,-1.73714436e-02,-1.70773426e-02,-1.70491625e-02,-1.73002708e-02,-1.78343673e-02,-1.86489986e-02,-1.97346636e-02,-2.10743588e-02,-2.26435645e-02,-2.44106914e-02,-2.63380100e-02,-2.83830439e-02,-3.05003530e-02,-3.26435827e-02,-3.47676148e-02,-3.68306407e-02,-3.87959803e-02,-4.06335029e-02,-4.23205517e-02,-4.38423300e-02,-4.51917610e-02,-4.63688819e-02,-4.73798606e-02,-4.82357484e-02,-4.89510787e-02,-4.95424195e-02,-5.00269747e-02,-5.04213078e-02
-3.35178118e-02,-3.33939605e-02,-3.32349107e-02,-3.30408864e-02,-3.28123458e-02,-3.25500195e-02,-3.22549574e-02,-3.19285832e-02,-3.15727510e-02,-3.11898001e-02,-3.07825996e-02,-3.03545763e-02,-2.99097203e-02,-2.94525628e-02,-2.89881236e-02,-2.85218301e-02,-2.80594090e-02,-2.76067578e-02,-2.71698027e-02,-2.67543521e-02,-2.63659550e-02,-2.60097718e-02,-2.56904653e-02,-2.54121155e-02,-2.51781612e-02,-2.49913684e-02,-2.48538254e-02,-2.47669766e-02,-2.47314340e-02,-2.47467785e-02,-2.48131653e-02,-2.49293281e-02,-2.50935117e-02,-2.53034017e-02,-2.55561261e-02,-2.58482721e-02,-2.61759162e-02,-2.65346730e-02,-2.69197647e-02,-2.73261138e-02,-2.77484562e-02,-2.81814688e-02,-2.86199053e-02,-2.90587283e-02,-2.94932285e-02,-2.99191212e-02,-3.03326116e-02,-3.07304256e-02,-3.11098052e-02,-3.14684716e-02,-3.18045631e-02,-3.21165568e-02,-3.24031831e-02,-3.26633448e-02,-3.28960469e-02,-3.31003447e-02,-3.32753111e-02,-3.34200242e-02,-3.35335706e-02,-3.36150543e-02,-3.36635845e-02,-3.36787993e-02,-3.36600156e-02,-3.36064447e-02
-4.50208700e-02,-4.71711266e-02,-4.93567175e-02,-5.15449309e-02,-5.37012282e-02,-5.57902511e-02,-5.77769651e-02,-5.96278636e-02,-6.13121461e-02,-6.28027833e-02,-6.40773925e-02,-6.51188615e-02,-6.59156700e-02,-6.64618006e-02,-6.67560111e-02,-6.68121926e-02,-6.66320176e-02,-6.62287750e-02,-6.56197615e-02,-6.48241415e-02,-6.38625561e-02,-6.27564779e-02,-6.15275830e-02,-6.01971929e-02,-5.87858010e-02,-5.73126887e-02,-5.57956313e-02,-5.42506902e-02,-5.26920893e-02,-5.11321688e-02,-4.95814153e-02,-4.80485609e-02,-4.65407463e-02,-4.50637422e-02,-4.36222164e-02,-4.22200389e-02,-4.08606072e-02,-3.95471782e-02,-3.82831878e-02,-3.70725398e-02,-3.59198487e-02,-3.48306199e-02,-3.38113576e-02,-3.28695937e-02,-3.20138373e-02,-3.12534488e-02,-3.05984517e-02,-3.00592968e-02,-2.96466102e-02,-2.93709923e-02,-2.92426410e-02,-2.92673279e-02,-2.94568736e-02,-2.98174783e-02,-3.03543392e-02,-3.10709957e-02,-3.19690433e-02,-3.30478723e-02,-3.43044005e-02,-3.57327902e-02,-3.73241574e-02,-3.90662901e-02,-4.09434101e-02,-4.29360183e-02
2.59997189e-03,2.86163578e-03,3.24458026e-03,3.74531787e-03,4.35943351e-03,5.08181262e-03,5.90687101e-03,6.82875940e-03,7.84152013e-03,8.93917878e-03,1.01157595e-02,1.13652196e-02,1.26813074e-02,1.40573522e-02,1.54860051e-02,1.69589512e-02,1.84666205e-02,1.99979226e-02,2.15400357e-02,2.30782726e-02,2.45960476e-02,2.60749609e-02,2.74950128e-02,2.88349515e-02,3.00727549e-02,3.11862349e-02,3.21537469e-02,3.29549755e-02,3.35717603e-02,3.39889007e-02,3.41948140e-02,3.41814500e-02,3.39534049e-02,3.35075914e-02,3.28536214e-02,3.20052886e-02,3.09807178e-02,2.98016781e-02,2.84926040e-02,2.70794704e-02,2.55886269e-02,2.40456880e-02,2.24745704e-02,2.08967470e-02,1.93307650e-02,1.77920414e-02,1.62929265e-02,1.48429930e-02,1.34494977e-02,1.21179462e-02,1.08526935e-02,9.65751483e-03,8.53609395e-03,7.49239070e-03,6.53086452e-03,5.65654890e-03,4.87498622e-03,4.19204536e-03,3.61365372e-03,3.14548055e-03,2.79260975e-03,2.55923824e-03,2.44843317e-03,2.46197383e-03
-7.76000352e-04,-3.04602792e-05,6.41737207e-04,1.23568777e-03,1.74810482e-03,2.17744753e-03,2.52393547e-03,2.78943280e-03,2.97719807e-03,3.09150735e-03,3.13716950e-03,3.11900888e-03,3.04130789e-03,2.90704959e-03,2.71773966e-03,2.47293601e-03,2.17010799e-03,1.80469560e-03,1.37039553e-03,8.59673839e-04,2.64483813e-04,-4.22851981e-04,-1.20865389e-03,-2.09687546e-03,-3.08815034e-03,-4.17899314e-03,-5.36124126e-03,-6.62181133e-03,-7.94281990e-03,-9.30208463e-03,-1.06739835e-02,-1.20306107e-02,-1.33431337e-02,-1.45832332e-02,-1.57244994e-02,-1.67436659e-02,-1.76215853e-02,-1.83438805e-02,-1.89012445e-02,-1.92893833e-02,-1.95085534e-02,-1.95648309e-02,-1.94652462e-02,-1.92200774e-02,-1.88419496e-02,-1.83443881e-02,-1.77412222e-02,-1.70460414e-02,-1.62717819e-02,-1.54304576e-02,-1.45330332e-02,-1.35894227e-02,-1.26085924e-02,-1.15987430e-02,-1.05675387e-02,-9.52235571e-03,-8.47052009e-03,-7.41950931e-03,-6.37709607e-03,-5.35141864e-03,-4.35096828e-03,-3.38449152e-03,-2.46081221e-03,-1.58858523e-03
-6.69854389e-03,-5.47012699e-03,-4.28049480e-03,-3.14496555e-03,-2.07754694e-03,-1.09074510e-03,-1.95411480e-04,5.99371849e-04,1.28637389e-03,1.86027100e-03,2.31766021e-03,2.65704642e-03,2.87879760e-03,2.98506341e-03,2.97963239e-03,2.86816034e-03,2.65705212e-03,2.35419260e-03,1.96827513e-03,1.50855589e-03,9.84547886e-04,4.05703744e-04,-2.18895227e-04,-8.80824416e-04,-1.57256704e-03,-2.28770344e-03,-3.02103276e-03,-3.76861716e-03,-4.52774359e-03,-5.29680334e-03,-6.07509494e-03,-6.86256009e-03,-7.65946685e-03,-8.46605735e-03,-9.28218021e-03,-1.01069293e-02,-1.09383115e-02,-1.17729651e-02,-1.26059497e-02,-1.34306250e-02,-1.42386309e-02,-1.50199769e-02,-1.57632412e-02,-1.64558726e-02,-1.70845822e-02,-1.76358034e-02,-1.80961935e-02,-1.84531437e-02,-1.86952384e-02,-1.88126023e-02,-1.87999596e-02,-1.86500585e-02,-1.83609992e-02,-1.79333580e-02,-1.73704922e-02,-1.66785001e-02,-1.58660704e-02,-1.49442494e-02,-1.39261446e-02,-1.28265835e-02,-1.16617412e-02,-1.04487527e-02,-9.20532314e-03,-7.94934656e-03
1.61388262e-02,1.65441302e-02,1.69211628e-02,1.72751565e-02,1.76121199e-02,1.79383157e-02,1.82597608e-02,1.85817802e-02,1.89086398e-02,1.92432776e-02,1.95871405e-02,1.99401288e-02,2.03006376e-02,2.06656796e-02,2.10310680e-02,2.13916350e-02,2.17414624e-02,2.20741025e-02,2.23827735e-02,2.26605187e-02,2.29003255e-02,2.30952089e-02,2.32382678e-02,2.33227193e-02,2.33418405e-02,2.32902659e-02,2.31615892e-02,2.29504619e-02,2.26526142e-02,2.22649279e-02,2.17858359e-02,2.12157186e-02,2.05572851e-02,1.98159039e-02,1.89998403e-02,1.81203604e-02,1.71916674e-02,1.62306483e-02,1.52564246e-02,1.42897212e-02,1.33520845e-02,1.24649993e-02,1.16489647e-02,1.09225946e-02,1.03018075e-02,9.79916041e-03,9.42336826e-03,9.17903579e-03,9.06662058e-03,9.08260505e-03,9.21890633e-03,9.46588789e-03,9.81027662e-03,1.02369996e-02,1.07297885e-02,1.12718899e-02,1.18467611e-02,1.24387173e-02,1.30335037e-02,1.36187723e-02,1.41844470e-02,1.47229625e-02,1.52293695e-02,1.57013046e-02
-1.28761484e-03,3.55560699e-04,2.04879237e-03,3.77862819e-03,5.53270215e-03,7.29968932e-03,9.06923143e-03,1.08318346e-02,1.25787432e-02,1.43017932e-02,1.59932493e-02,1.76456284e-02,1.92515154e-02,2.08033766e-02,2.22933761e-02,2.37132067e-02,2.50539404e-02,2.63059114e-02,2.74586408e-02,2.85008126e-02,2.94203096e-02,3.02043177e-02,3.08395018e-02,3.13122505e-02,3.16089700e-02,3.17162517e-02,3.16235730e-02,3.13211213e-02,3.07982022e-02,3.00492630e-02,2.90716598e-02,2.78663644e-02,2.64384457e-02,2.47974097e-02,2.29573923e-02,2.09371869e-02,1.87600908e-02,1.64535623e-02,1.40486951e-02,1.15795234e-02,9.08218615e-03,6.59398665e-03,4.15239090e-03,1.79401263e-03,-4.46366778e-04,-2.53667291e-03,-4.44836017e-03,-6.15703154e-03,-7.64288093e-03,-8.89096046e-03,-9.89126141e-03,-1.06386146e-02,-1.11324017e-02,-1.13758144e-02,-1.13790387e-02,-1.11499308e-02,-1.07023370e-02,-1.00516807e-02,-9.21479847e-03,-8.20945110e-03,-7.05385158e-03,-5.76624931e-03,-4.36458086e-03,-2.86618993e-03
3.56945829e-02,3.57276399e-02,3.56371384e-02,3.54193051e-02,3.50719184e-02,3.45931765e-02,3.39814193e-02,3.32356200e-02,3.23558813e-02,3.13439541e-02,3.02037448e-02,2.89417638e-02,2.75674604e-02,2.60933985e-02,2.45352337e-02,2.29114726e-02,2.12430155e-02,1.95525087e-02,1.78635548e-02,1.61998482e-02,1.45843110e-02,1.30383089e-02,1.15810107e-02,1.02289425e-02,8.99575983e-03,7.89223533e-03,6.92643766e-03,6.10405551e-03,5.42881070e-03,4.90289987e-03,4.52740852e-03,4.30265347e-03,4.22843864e-03,4.30390362e-03,4.52793466e-03,4.89902336e-03,5.41468327e-03,6.07146172e-03,6.86466929e-03,7.78815500e-03,8.83413915e-03,9.99312241e-03,1.12538822e-02,1.26035595e-02,1.40278308e-02,1.55111547e-02,1.70370764e-02,1.85885735e-02,2.01484228e-02,2.16995702e-02,2.32254861e-02,2.47104911e-02,2.61400385e-02,2.75009439e-02,2.87815510e-02,2.99718315e-02,3.10634127e-02,3.20495342e-02,3.29249372e-02,3.36856917e-02,3.43289732e-02,3.48528032e-02,3.52557688e-02,3.55367401e-02
-2.77101684e-02,-2.53774307e-02,-2.29083884e-02,-2.03225051e-02,-1.76404588e-02,-1.48840420e-02,-1.20760856e-02,-9.24040242e-03,-6.40174498e-03,-3.58576994e-03,-8.18997870e-04,1.87123729e-03,4.45686192e-03,6.90924385e-03,9.19936685e-03,1.12981098e-02,1.31766200e-02,1.48067929e-02,1.61618628e-02,1.72170998e-02,1.79505937e-02,1.83440469e-02,1.83829469e-02,1.80648507e-02,1.73828644e-02,1.63427138e-02,1.49570255e-02,1.32455554e-02,1.12349664e-02,8.95812467e-03,6.45301145e-03,3.76132795e-03,9.26898618e-04,-2.00598854e-03,-4.99416416e-03,-7.99706174e-03,-1.09777770e-02,-1.39038073e-02,-1.67474037e-02,-1.94855546e-02,-2.20996566e-02,-2.45749483e-02,-2.68997979e-02,-2.90649311e-02,-3.10626796e-02,-3.28863149e-02,-3.45295124e-02,-3.59859740e-02,-3.72492178e-02,-3.83125253e-02,-3.91690216e-02,-3.98118387e-02,-4.02342269e-02,-4.04299005e-02,-4.04014451e-02,-4.01378469e-02,-3.96391315e-02,-3.89060826e-02,-3.79414009e-02,-3.67499205e-02,-3.53386691e-02,-3.37168400e-02,-3.18957029e-02,-2.98884750e-02
1.16785171e-02,9.03466936e-03,6.28621023e-03,3.48848647e-03,6.98441191e-04,-2.02789744e-03,-4.63780169e-03,-7.08398995e-03,-9.32618007e-03,-1.13321367e-02,-1.30781503e-02,-1.45489894e-02,-1.57374117e-02,-1.66433389e-02,-1.72727984e-02,-1.76366519e-02,-1.77512001e-02,-1.76336997e-02,-1.73025381e-02,-1.67783588e-02,-1.60818034e-02,-1.52331133e-02,-1.42517341e-02,-1.31560248e-02,-1.19630700e-02,-1.06885781e-02,-9.34684933e-03,-7.95079485e-03,-6.51199054e-03,-5.04075160e-03,-3.54621621e-03,-2.03643023e-03,-5.18428245e-04,1.00168951e-03,2.51868141e-03,4.02809028e-03,5.52614953e-03,7.00967041e-03,8.47589779e-03,9.92232607e-03,1.13464696e-02,1.27455863e-02,1.41163574e-02,1.54545336e-02,1.67545616e-02,1.80092116e-02,1.92092321e-02,2.03430597e-02,2.13966156e-02,2.23532205e-02,2.31936582e-02,2.38964148e-02,2.44381128e-02,2.47941373e-02,2.49393326e-02,2.48504367e-02,2.45074942e-02,2.38892972e-02,2.29827035e-02,2.17807107e-02,2.02839843e-02,1.85019311e-02,1.64533314e-02,1.41664447e-02
-5.51191636e-03,-4.64327222e-03,-3.89327523e-03,-3.27472989e-03,-2.80151837e-03,-2.48826402e-03,-2.34983849e-03,-2.40063077e-03,-2.65466670e-03,-3.12410739e-03,-3.81888673e-03,-4.74595349e-03,-5.90855952e-03,-7.30561278e-03,-8.93113643e-03,-1.07738775e-02,-1.28171057e-02,-1.50386357e-02,-1.74110923e-02,-1.99024243e-02,-2.24766516e-02,-2.50948142e-02,-2.77160735e-02,-3.02989054e-02,-3.28023187e-02,-3.51870307e-02,-3.74165417e-02,-3.94580579e-02,-4.12832299e-02,-4.28686849e-02,-4.41963500e-02,-4.52535675e-02,-4.60329932e-02,-4.65321713e-02,-4.67536448e-02,-4.67127930e-02,-4.64112642e-02,-4.58654068e-02,-4.50929109e-02,-4.41134845e-02,-4.29484148e-02,-4.16200447e-02,-4.01512552e-02,-3.85649772e-02,-3.68837407e-02,-3.51292698e-02,-3.33221280e-02,-3.14814211e-02,-2.96245623e-02,-2.77671052e-02,-2.59226490e-02,-2.41028195e-02,-2.23173263e-02,-2.05740956e-02,-1.88794744e-02,-1.72384976e-02,-1.56552076e-02,-1.41330120e-02,-1.26750631e-02,-1.12846403e-02,-9.96551730e-03,-8.72229538e-03,-7.56068574e-03,-6.48772568e-03
-2.26130179e-02,-2.28326937e-02,-2.30041345e-02,-2.31185437e-02,-2.31680995e-02,-2.31468438e-02,-2.30483079e-02,-2.28688045e-02,-2.26062898e-02,-2.22605732e-02,-2.18333828e-02,-2.13283683e-02,-2.07510504e-02,-2.01087234e-02,-1.94103175e-02,-1.86662257e-02,-1.78881020e-02,-1.70886336e-02,-1.62812904e-02,-1.54800529e-02,-1.46991196e-02,-1.39525951e-02,-1.32541613e-02,-1.26167339e-02,-1.20521134e-02,-1.15706364e-02,-1.11808432e-02,-1.08891780e-02,-1.06997522e-02,-1.06141326e-02,-1.06304891e-02,-1.07458220e-02,-1.09536411e-02,-1.12452474e-02,-1.16099650e-02,-1.20355660e-02,-1.25087839e-02,-1.30158820e-02,-1.35432413e-02,-1.40779330e-02,-1.46082413e-02,-1.51241052e-02,-1.56174554e-02,-1.60824304e-02,-1.65154636e-02,-1.69152437e-02,-1.72825567e-02,-1.76200261e-02,-1.79317718e-02,-1.82230100e-02,-1.84996203e-02,-1.87677020e-02,-1.90331433e-02,-1.93012220e-02,-1.95762539e-02,-1.98613022e-02,-2.01579585e-02,-2.04661991e-02,-2.07843221e-02,-2.11089637e-02,-2.14351896e-02,-2.17566577e-02,-2.20658413e-02,-2.23543048e-02
2.84523249e-03,4.96315978e-03,7.27091637e-03,9.72797248e-03,1.22936817e-02,1.49277726e-02,1.75907693e-02,2.02443729e-02,2.28518335e-02,2.53783377e-02,2.77914315e-02,3.00614877e-02,3.21622197e-02,3.40712326e-02,3.57705875e-02,3.72473446e-02,3.84940386e-02,3.95090303e-02,4.02966752e-02,4.08672461e-02,4.12365427e-02,4.14250993e-02,4.14567248e-02,4.13627010e-02,4.11671406e-02,4.08978253e-02,4.05804252e-02,4.02365532e-02,3.98825745e-02,3.95285859e-02,3.91777356e-02,3.88259501e-02,3.84620831e-02,3.80684700e-02,3.76218493e-02,3.70946119e-02,3.64563367e-02,3.56755722e-02,3.47218074e-02,3.35675636e-02,3.21905208e-02,3.05755777e-02,2.87167192e-02,2.66185470e-02,2.42973190e-02,2.17813500e-02,1.91106582e-02,1.63357997e-02,1.35159137e-02,1.07160908e-02,8.00426517e-03,5.44789481e-03,3.11072140e-03,1.04988636e-03,-6.86377707e-04,-2.06026810e-03,-3.04536942e-03,-3.62663553e-03,-3.80068105e-03,-3.57327251e-03,-2.95879778e-03,-1.97944916e-03,-6.63308930e-04,9.56951737e-04
2.74675234e-02,2.76833341e-02,2.80354363e-02,2.85117813e-02,2.90999044e-02,2.97871257e-02,3.05608179e-02,3.14086482e-02,3.23187756e-02,3.32800016e-02,3.42818747e-02,3.53147513e-02,3.63698152e-02,3.74390604e-02,3.85152420e-02,3.95918025e-02,4.06627819e-02,4.17227186e-02,4.27665510e-02,4.37895262e-02,4.47871211e-02,4.57549805e-02,4.66888697e-02,4.75846410e-02,4.84382065e-02,4.92455118e-02,5.00025014e-02,5.07050686e-02,5.13489870e-02,5.19298214e-02,5.24428222e-02,5.28828134e-02,5.32440874e-02,5.35203218e-02,5.37045262e-02,5.37889525e-02,5.37655318e-02,5.36295811e-02,5.33695631e-02,5.29785704e-02,5.24505163e-02,5.17809928e-02,5.09679725e-02,5.00124341e-02,4.89188949e-02,4.76958001e-02,4.63557203e-02,4.49153185e-02,4.33950646e-02,4.18187013e-02,4.02124859e-02,3.86042576e-02,3.70223987e-02,3.54947650e-02,3.40476667e-02,3.27049678e-02,3.14873610e-02,3.04118507e-02,2.94914571e-02,2.87351335e-02,2.81478721e-02,2.77309663e-02,2.74824023e-02,2.73974470e-02
3.20713749e-02,3.14336617e-02,3.08027454e-02,3.01870473e-02,2.95960682e-02,2.90402050e-02,2.85305128e-02,2.80784158e-02,2.76953722e-02,2.73925057e-02,2.71802230e-02,2.70678593e-02,2.70637412e-02,2.71708676e-02,2.73956655e-02,2.77390736e-02,2.81998224e-02,2.87741155e-02,2.94555988e-02,3.02354512e-02,3.11025599e-02,3.20437651e-02,3.30441629e-02,3.40874564e-02,3.51563432e-02,3.62329291e-02,3.72991589e-02,3.83372547e-02,3.93301520e-02,4.02619253e-02,4.11181911e-02,4.18864779e-02,4.25565495e-02,4.31206675e-02,4.35737789e-02,4.39136093e-02,4.41406396e-02,4.42579145e-02,4.42703279e-02,4.41894010e-02,4.40210247e-02,4.37762506e-02,4.34666468e-02,4.31037835e-02,4.26988194e-02,4.22620581e-02,4.18025652e-02,4.13278833e-02,4.08438603e-02,4.03545947e-02,3.98624916e-02,3.93684142e-02,3.88719143e-02,3.83715159e-02,3.78650318e-02,3.73498901e-02,3.68234532e-02,3.62833153e-02,3.57275693e-02,3.51550365e-02,3.45654594e-02,3.39596551e-02,3.33396323e-02,3.27086726e-02
2.09596481e-02,2.02836531e-02,1.97253728e-02,1.92936740e-02,1.89953845e-02,1.88352102e-02,1.88159439e-02,1.89356602e-02,1.91942653e-02,1.95874320e-02,2.01088902e-02,2.07505581e-02,2.15026610e-02,2.23539150e-02,2.32917400e-02,2.43024967e-02,2.53717418e-02,2.64845000e-02,2.76255481e-02,2.87797057e-02,2.99321280e-02,3.10685920e-02,3.21757681e-02,3.32414684e-02,3.42548618e-02,3.52066474e-02,3.60891767e-02,3.68965191e-02,3.76244656e-02,3.82704677e-02,3.88335153e-02,3.93139556e-02,3.97132629e-02,4.00337696e-02,4.02783732e-02,4.04502330e-02,4.05524661e-02,4.05877918e-02,4.05592599e-02,4.04686192e-02,4.03159526e-02,4.01015115e-02,3.98246694e-02,3.94841243e-02,3.90781057e-02,3.86046254e-02,3.80617679e-02,3.74480073e-02,3.67625322e-02,3.60055599e-02,3.51786210e-02,3.42847980e-02,3.33289010e-02,3.23175723e-02,3.12593095e-02,3.01644067e-02,2.90448131e-02,2.79139184e-02,2.67862708e-02,2.56772452e-02,2.46026723e-02,2.35784488e-02,2.26201431e-02,2.17426128e-02
1.81332569e-03,2.54022693e-03,3.35300140e-03,4.24342509e-03,5.20273052e-03,6.22165196e-03,7.29041180e-03,8.39866228e-03,9.53540265e-03,1.06888956e-02,1.18466075e-02,1.29951975e-02,1.41205731e-02,1.52080301e-02,1.62424816e-02,1.72087768e-02,1.80921013e-02,1.88784396e-02,1.95550768e-02,2.01111061e-02,2.05379065e-02,2.08295491e-02,2.09830794e-02,2.09984016e-02,2.08815517e-02,2.06368881e-02,2.02741541e-02,1.98052827e-02,1.92438934e-02,1.86046776e-02,1.79027051e-02,1.71527322e-02,1.63685652e-02,1.55625228e-02,1.47450310e-02,1.39243714e-02,1.31065914e-02,1.22955722e-02,1.14932440e-02,1.06999233e-02,9.91474827e-03,9.13617853e-03,8.36252630e-03,7.59248361e-03,6.82561133e-03,6.06275695e-03,5.30637225e-03,4.56070708e-03,3.83186340e-03,3.12770311e-03,2.45761422e-03,1.83215157e-03,1.26257877e-03,7.60347221e-04,3.36553092e-04,1.41509611e-06,-2.36184518e-04,-3.69068828e-04,-3.92063807e-04,-3.02028048e-04,-9.79446830e-05,2.19198886e-04,6.46595678e-04,1.17986775e-03
-7.04851757e-03,-6.56823862e-03,-6.17517932e-03,-5.86738256e-03,-5.64366614e-03,-5.50396926e-03,-5.44946381e-03,-5.48267385e-03,-5.60785668e-03,-5.83019853e-03,-6.15576888e-03,-6.59103573e-03,-7.14229765e-03,-7.81504563e-03,-8.61329138e-03,-9.53890670e-03,-1.05910221e-02,-1.17655342e-02,-1.30547667e-02,-1.44473241e-02,-1.59281613e-02,-1.74788777e-02,-1.90782240e-02,-2.07027883e-02,-2.23278141e-02,-2.39280847e-02,-2.54788081e-02,-2.69564357e-02,-2.83393583e-02,-2.96084410e-02,-3.07473744e-02,-3.17428450e-02,-3.25845380e-02,-3.32650044e-02,-3.37794216e-02,-3.41252369e-02,-3.43013895e-02,-3.43140685e-02,-3.41616154e-02,-3.38493721e-02,-3.33833664e-02,-3.27707390e-02,-3.20198166e-02,-3.11401333e-02,-3.01424428e-02,-2.90387129e-02,-2.78420874e-02,-2.65668045e-02,-2.52280619e-02,-2.38418248e-02,-2.24245772e-02,-2.09930234e-02,-1.95637491e-02,-1.81528568e-02,-1.67755946e-02,-1.54459969e-02,-1.41765611e-02,-1.29779794e-02,-1.18589484e-02,-1.08260710e-02,-9.88386369e-03,-9.03487384e-03,-8.27990404e-03,-7.61833355e-03
7.53949700e-03,7.52105393e-03,7.60569260e-03,7.77258480e-03,7.99793450e-03,8.25693179e-03,8.52488949e-03,8.77833828e-03,8.99607667e-03,9.16013072e-03,9.25658487e-03,9.27620644e-03,9.21554012e-03,9.07579134e-03,8.86398895e-03,8.59244165e-03,8.27809811e-03,7.94173526e-03,7.60690199e-03,7.29868687e-03,7.04238785e-03,6.86217364e-03,6.77983966e-03,6.81361242e-03,6.97688725e-03,7.27902739e-03,7.72349948e-03,8.30845758e-03,9.02691401e-03,9.86715991e-03,1.08133511e-02,1.18462026e-02,1.29437397e-02,1.40820619e-02,1.52360825e-02,1.63802190e-02,1.74890198e-02,1.85377223e-02,1.95027447e-02,2.03621233e-02,2.10959098e-02,2.16865425e-02,2.21192064e-02,2.23821760e-02,2.24670203e-02,2.23708532e-02,2.20933888e-02,2.16381009e-02,2.10145214e-02,2.02368848e-02,1.93241439e-02,1.82996572e-02,1.71905984e-02,1.60270987e-02,1.48411483e-02,1.36653119e-02,1.25313354e-02,1.14687407e-02,1.05035090e-02,9.65694636e-03,8.94481150e-03,8.37675426e-03,7.95609072e-03,7.67991088e-03
-2.31930654e-02,-2.39473463e-02,-2.46071279e-02,-2.51486792e-02,-2.55498480e-02,-2.57906501e-02,-2.58567069e-02,-2.57344628e-02,-2.54147345e-02,-2.48940523e-02,-2.41736760e-02,-2.32598017e-02,-2.21635217e-02,-2.09006414e-02,-1.94913760e-02,-1.79599424e-02,-1.63340541e-02,-1.46443299e-02,-1.29236188e-02,-1.12062461e-02,-9.52718335e-03,-7.92114710e-03,-6.42163480e-03,-5.05991289e-03,-3.86398205e-03,-2.85755580e-03,-2.05910136e-03,-1.48100345e-03,-1.12892406e-03,-1.00134559e-03,-1.08959887e-03,-1.37821649e-03,-1.84545893e-03,-2.46448174e-03,-3.20470977e-03,-4.03344770e-03,-4.91760368e-03,-5.82539311e-03,-6.72789344e-03,-7.60033897e-03,-8.42307557e-03,-9.18213347e-03,-9.86941428e-03,-1.04825226e-02,-1.10242976e-02,-1.15021133e-02,-1.19270228e-02,-1.23128148e-02,-1.26750450e-02,-1.30300876e-02,-1.33942423e-02,-1.37829167e-02,-1.42098959e-02,-1.46867068e-02,-1.52220815e-02,-1.58215232e-02,-1.64869793e-02,-1.72166265e-02,-1.80047764e-02,-1.88419073e-02,-1.97148310e-02,-2.06069954e-02,-2.14989245e-02,-2.23687848e-02
1.45990629e-02,1.37367993e-02,1.27697095e-02,1.17144885e-02,1.05904792e-02,9.41885948e-03,8.22168322e-03,7.02085683e-03,5.83713829e-03,4.68924501e-03,3.59314392e-03,2.56157620e-03,1.60384349e-03,7.25855211e-04,-6.95882284e-05,-7.82319839e-04,-1.41420130e-03,-1.96844585e-03,-2.44893505e-03,-2.85958759e-03,-3.20382546e-03,-3.48417040e-03,-3.70198966e-03,-3.85739445e-03,-3.94927361e-03,-3.97561686e-03,-3.93350928e-03,-3.81961907e-03,-3.63065741e-03,-3.36369179e-03,-3.01651802e-03,-2.58797676e-03,-2.07820176e-03,-1.48878840e-03,-8.22877166e-04,-8.51516767e-05,7.18242086e-04,1.57984940e-03,2.49112242e-03,3.44267253e-03,4.42455010e-03,5.42653025e-03,6.43838509e-03,7.45012333e-03,8.45218037e-03,9.43554485e-03,1.03918127e-02,1.13131658e-02,1.21922792e-02,1.30221690e-02,1.37960002e-02,1.45068791e-02,1.51476622e-02,1.57108112e-02,1.61883266e-02,1.65717845e-02,1.68524929e-02,1.70217663e-02,1.70712300e-02,1.69945233e-02,1.67856441e-02,1.64406714e-02,1.59589649e-02,1.53430598e-02
-3.07439718e-03,-5.07581191e-03,-6.91194851e-03,-8.55420228e-03,-9.98252385e-03,-1.11854860e-02,-1.21598678e-02,-1.29098498e-02,-1.34459243e-02,-1.37836107e-02,-1.39418539e-02,-1.39442759e-02,-1.38117774e-02,-1.35678492e-02,-1.32347071e-02,-1.28328384e-02,-1.23803919e-02,-1.18927075e-02,-1.13820022e-02,-1.08572068e-02,-1.03239458e-02,-9.78464723e-03,-9.23876920e-03,-8.68312916e-03,-8.11231732e-03,-7.51917644e-03,-6.89532839e-03,-6.23172722e-03,-5.51921928e-03,-4.74909183e-03,-3.91359327e-03,-3.00641118e-03,-2.02309672e-03,-9.61427358e-04,1.78297161e-04,1.39302497e-03,2.67679721e-03,4.02066104e-03,5.41264554e-03,6.83780349e-03,8.27831655e-03,9.71366495e-03,1.11208645e-02,1.24747768e-02,1.37485007e-02,1.49138555e-02,1.59419673e-02,1.68039678e-02,1.74718106e-02,1.79191932e-02,1.81225026e-02,1.80622808e-02,1.77271295e-02,1.71059056e-02,1.61984066e-02,1.50122319e-02,1.35635868e-02,1.18774105e-02,9.98696516e-03,7.93287695e-03,5.76165076e-03,3.52373688e-03,1.27128258e-03,-9.44254646e-04
-2.07928109e-02,-2.15976270e-02,-2.22135212e-02,-2.26270099e-02,-2.28284312e-02,-2.28177703e-02,-2.25898616e-02,-2.21491819e-02,-2.15030366e-02,-2.06618345e-02,-1.96387614e-02,-1.84494131e-02,-1.71114376e-02,-1.56441990e-02,-1.40684624e-02,-1.24060938e-02,-1.06797665e-02,-8.91266599e-03,-7.12818565e-03,-5.34960952e-03,-3.59977991e-03,-1.90075176e-03,-2.73438640e-04,1.26273732e-03,2.69019239e-03,3.99352040e-03,5.15977451e-03,6.17871221e-03,7.04298085e-03,7.74823173e-03,8.29315211e-03,8.67940637e-03,8.91147693e-03,8.99637844e-03,8.94366737e-03,8.76457157e-03,8.47097247e-03,8.07603303e-03,7.59293374e-03,7.03431178e-03,6.41167338e-03,5.73485791e-03,5.01159522e-03,4.24719173e-03,3.44437535e-03,2.60332125e-03,1.72187130e-03,7.95947181e-04,-1.79855711e-04,-1.21152154e-03,-2.30475222e-03,-3.46404913e-03,-4.69180120e-03,-5.98744862e-03,-7.34679341e-03,-8.76152232e-03,-1.02189945e-02,-1.17023265e-02,-1.31907827e-02,-1.46604492e-02,-1.60851439e-02,-1.74374907e-02,-1.86900729e-02,-1.98165720e-02
-3.57779940e-02,-3.56586248e-02,-3.53164685e-02,-3.47590540e-02,-3.39941797e-02,-3.30302511e-02,-3.18763863e-02,-3.05424949e-02,-2.90393478e-02,-2.73786309e-02,-2.55729801e-02,-2.36359941e-02,-2.15822224e-02,-1.94271311e-02,-1.71870455e-02,-1.48790739e-02,-1.25210149e-02,-1.01312501e-02,-7.72862784e-03,-5.33233811e-03,-2.96178453e-03,-6.36454582e-04,1.62420348e-03,3.80089651e-03,5.87462621e-03,7.82677918e-03,9.63922016e-03,1.12943744e-02,1.27753016e-02,1.40657651e-02,1.51503061e-02,1.60143289e-02,1.66442111e-02,1.70274327e-02,1.71526049e-02,1.70117915e-02,1.65974709e-02,1.59035183e-02,1.49283009e-02,1.36735760e-02,1.21452017e-02,1.03536844e-02,8.31459168e-03,6.04877970e-03,3.58237720e-03,9.46481943e-04,-1.82344357e-03,-4.68844996e-03,-7.60733326e-03,-1.05379177e-02,-1.34384437e-02,-1.62689102e-02,-1.89922634e-02,-2.15753492e-02,-2.39895698e-02,-2.62112276e-02,-2.82215684e-02,-3.00065654e-02,-3.15565065e-02,-3.28654515e-02,-3.39306282e-02,-3.47518200e-02,-3.53307589e-02,-3.56704180e-02
2.50225068e-02,2.71256014e-02,2.91578765e-02,3.10983602e-02,3.29253621e-02,3.46166130e-02,3.61494271e-02,3.75009008e-02,3.86481584e-02,3.95686616e-02,4.02405873e-02,4.06432356e-02,4.07569778e-02,4.05711735e-02,4.00708774e-02,3.92458123e-02,3.80937558e-02,3.66183810e-02,3.48303191e-02,3.27477978e-02,3.03968997e-02,2.78113903e-02,2.50320665e-02,2.21056142e-02,1.90830211e-02,1.60176451e-02,1.29630890e-02,9.97105992e-03,7.08939713e-03,4.36042792e-03,1.81976982e-03,-5.04361866e-04,-2.59131379e-03,-4.42777718e-03,-6.00713477e-03,-7.32855529e-03,-8.39595049e-03,-9.21688458e-03,-9.80151381e-03,-1.01615889e-02,-1.03098846e-02,-1.02600730e-02,-1.00234636e-02,-9.61205313e-03,-9.03673158e-03,-8.30732192e-03,-7.43259091e-03,-6.42032605e-03,-5.27747383e-03,-4.01032611e-03,-2.62474094e-03,-1.12638479e-03,4.79015977e-04,2.18541999e-03,3.98624485e-03,5.87415052e-03,7.84085322e-03,9.87697615e-03,1.19719384e-02,1.41138830e-02,1.62896432e-02,1.84847429e-02,2.06834281e-02,2.28687233e-02
-2.19764926e-02,-2.26210410e-02,-2.31399290e-02,-2.35239230e-02,-2.37651474e-02,-2.38582120e-02,-2.38000424e-02,-2.35869967e-02,-2.32195663e-02,-2.27002472e-02,-2.20337176e-02,-2.12268016e-02,-2.02883628e-02,-1.92291508e-02,-1.80616101e-02,-1.67996609e-02,-1.54584577e-02,-1.40541351e-02,-1.26035450e-02,-1.11239916e-02,-9.63296729e-03,-8.14789443e-03,-6.68587371e-03,-5.26344293e-03,-3.89634794e-03,-2.59932821e-03,-1.38592038e-03,-2.68282742e-04,7.42952852e-04,1.63880082e-03,2.41201907e-03,3.05715295e-03,3.57054507e-03,3.95030269e-03,4.19622165e-03,4.30966239e-03,4.29338871e-03,4.15185371e-03,3.88972106e-03,3.51300027e-03,3.02825233e-03,2.44244061e-03,1.76275146e-03,9.96438975e-04,1.50705246e-04,-7.67376692e-04,-1.75089758e-03,-2.79310791e-03,-3.88736662e-03,-5.02705934e-03,-6.20549130e-03,-7.41576433e-03,-8.65064878e-03,-9.90246071e-03,-1.11629548e-02,-1.24232417e-02,-1.36737381e-02,-1.49041549e-02,-1.61035270e-02,-1.72602886e-02,-1.83623918e-02,-1.93974686e-02,-2.03530311e-02,-2.12167058e-02
3.17409095e-02,2.94422842e-02,2.72329554e-02,2.51365893e-02,2.31771796e-02,2.13786183e-02,1.97641545e-02,1.83557718e-02,1.71735260e-02,1.62348937e-02,1.55541845e-02,1.51420785e-02,1.50054422e-02,1.51453938e-02,1.55601656e-02,1.62449841e-02,1.71898447e-02,1.83814991e-02,1.98037708e-02,2.14380229e-02,2.32636511e-02,2.52585615e-02,2.73996078e-02,2.96629740e-02,3.20244963e-02,3.44599225e-02,3.69451136e-02,3.94561962e-02,4.19696763e-02,4.44625263e-02,4.69122575e-02,4.92969906e-02,5.15955328e-02,5.37874708e-02,5.58532850e-02,5.77744858e-02,5.95337736e-02,6.11152176e-02,6.25044463e-02,6.36888407e-02,6.46577142e-02,6.54024542e-02,6.59165883e-02,6.61956715e-02,6.62358592e-02,6.60499988e-02,6.56311385e-02,6.49848924e-02,6.41194725e-02,6.30445688e-02,6.17714283e-02,6.03127184e-02,5.86823244e-02,5.68951354e-02,5.49668449e-02,5.29137803e-02,5.07527726e-02,4.85010709e-02,4.61763081e-02,4.37965153e-02,4.13801814e-02,3.89463485e-02,3.65147251e-02,3.41057974e-02
2.74085955e-03,3.63621335e-03,4.52934256e-03,5.41731330e-03,6.29736160e-03,7.16661459e-03,8.02182184e-03,8.85911634e-03,9.67382388e-03,1.04603367e-02,1.12120643e-02,1.19214688e-02,1.25801870e-02,1.31792359e-02,1.37092914e-02,1.41610232e-02,1.45254675e-02,1.47944092e-02,1.49607426e-02,1.50187402e-02,1.49649586e-02,1.47975063e-02,1.45158496e-02,1.41220818e-02,1.36200974e-02,1.30154611e-02,1.23151685e-02,1.15273648e-02,1.06610592e-02,9.72586297e-03,8.73177752e-03,7.68904754e-03,6.60808656e-03,5.49946996e-03,4.37398094e-03,3.24268659e-03,2.11701575e-03,1.00880938e-03,-6.96835017e-05,-1.10588072e-03,-2.08703482e-03,-3.00048393e-03,-3.83397122e-03,-4.57601826e-03,-5.21632047e-03,-5.74613153e-03,-6.15860304e-03,-6.44904663e-03,-6.61506511e-03,-6.65713559e-03,-6.57742230e-03,-6.38046721e-03,-6.07291185e-03,-5.66300441e-03,-5.16024595e-03,-4.57499000e-03,-3.91803463e-03,-3.20023166e-03,-2.43213264e-03,-1.62368813e-03,-7.84012230e-04,7.87791140e-05,9.57650487e-04,1.84665415e-03
1.28421434e-02,1.37315859e-02,1.43999195e-02,1.48368001e-02,1.50373674e-02,1.50024998e-02,1.47415562e-02,1.42649145e-02,1.35916956e-02,1.27460095e-02,1.17566470e-02,1.06562886e-02,9.48046780e-03,8.26634103e-03,7.05131357e-03,5.87158460e-03,4.76068596e-03,3.74809533e-03,2.85800301e-03,2.10830288e-03,1.50986294e-03,1.06611171e-03,7.72956971e-04,6.19034569e-04,5.86271018e-04,6.50683570e-04,7.83587615e-04,9.52805057e-04,1.12418115e-03,1.26321519e-03,1.33676926e-03,1.31482179e-03,1.17232006e-03,8.90423314e-04,4.58257863e-04,-1.26155264e-04,-8.55246676e-04,-1.71180089e-03,-2.66945569e-03,-3.69381404e-03,-4.74413777e-03,-5.77551384e-03,-6.74133067e-03,-7.59586283e-03,-8.29674845e-03,-8.80714879e-03,-9.09729985e-03,-9.14768543e-03,-8.94508200e-03,-8.48666465e-03,-7.77844247e-03,-6.83435029e-03,-5.67527884e-03,-4.32792445e-03,-2.82357909e-03,-1.19693474e-03,5.15050250e-04,2.27417526e-03,4.04198295e-03,5.78060118e-03,7.45350536e-03,9.02621527e-03,1.04669342e-02,1.17471414e-02
-3.08857997e-02,-3.15847429e-02,-3.19459178e-02,-3.19865413e-02,-3.17118180e-02,-3.11384356e-02,-3.02845931e-02,-2.91697657e-02,-2.78143628e-02,-2.62393055e-02,-2.44656515e-02,-2.25142869e-02,-2.04056888e-02,-1.81597541e-02,-1.57956887e-02,-1.33319517e-02,-1.07862473e-02,-8.17555877e-03,-5.51621821e-03,-2.82400830e-03,-1.14290642e-04,2.59783604e-03,5.29737263e-03,7.96924741e-03,1.05981190e-02,1.31681892e-02,1.56630251e-02,1.80654029e-02,2.03571829e-02,2.25192320e-02,2.45314055e-02,2.63726043e-02,2.80209187e-02,2.94538722e-02,3.06487693e-02,3.15831478e-02,3.22353176e-02,3.25848873e-02,3.26121616e-02,3.23117617e-02,3.16640362e-02,3.06635651e-02,2.93095561e-02,2.76068220e-02,2.55663630e-02,2.32056006e-02,2.05483564e-02,1.76245906e-02,1.44699122e-02,1.11248844e-02,7.63415628e-03,4.04546089e-03,4.08519821e-04,-3.22607607e-03,-6.80803968e-03,-1.02885830e-02,-1.36214462e-02,-1.67638747e-02,-1.96774679e-02,-2.23288693e-02,-2.46902743e-02,-2.67397397e-02,-2.84612891e-02,-2.98448178e-02
-3.00987601e-02,-3.01694264e-02,-3.02409218e-02,-3.03112455e-02,-3.03784491e-02,-3.04407719e-02,-3.04968024e-02,-3.05456511e-02,-3.05871158e-02,-3.06218165e-02,-3.06512806e-02,-3.06779602e-02,-3.07051725e-02,-3.07369642e-02,-3.07778931e-02,-3.08327303e-02,-3.09061043e-02,-3.10021145e-02,-3.11239449e-02,-3.12735092e-02,-3.14511607e-02,-3.16554951e-02,-3.18832696e-02,-3.21294531e-02,-3.23874087e-02,-3.26491999e-02,-3.29059999e-02,-3.31485737e-02,-3.33677937e-02,-3.35551503e-02,-3.37032147e-02,-3.38060028e-02,-3.38590954e-02,-3.38617903e-02,-3.38122916e-02,-3.37125678e-02,-3.35661201e-02,-3.33779275e-02,-3.31541683e-02,-3.29018849e-02,-3.26286317e-02,-3.23421306e-02,-3.20499501e-02,-3.17592228e-02,-3.14764107e-02,-3.12071242e-02,-3.09559988e-02,-3.07266289e-02,-3.05215577e-02,-3.03423174e-02,-3.01895146e-02,-3.00629501e-02,-2.99617649e-02,-2.98845987e-02,-2.98297507e-02,-2.97953346e-02,-2.97794480e-02,-2.97797410e-02,-2.97947964e-02,-2.98227597e-02,-2.98619574e-02,-2.99107835e-02,-2.99676399e-02,-3.00308793e-02
-5.97420114e-02,-6.02833159e-02,-6.05400872e-02,-6.05257560e-02,-6.02259336e-02,-5.96496502e-02,-5.88061213e-02,-5.77070983e-02,-5.63668755e-02,-5.48020349e-02,-5.30311337e-02,-5.10743847e-02,-4.89533496e-02,-4.66906570e-02,-4.43097483e-02,-4.18346547e-02,-3.92898030e-02,-3.66998450e-02,-3.40895059e-02,-3.14834407e-02,-2.89060934e-02,-2.63815469e-02,-2.39333586e-02,-2.15843742e-02,-1.93565169e-02,-1.72705515e-02,-1.53458287e-02,-1.36000170e-02,-1.20488349e-02,-1.07058017e-02,-9.58202363e-03,-8.68603861e-03,-8.02374028e-03,-7.59841870e-03,-7.41076029e-03,-7.45808382e-03,-7.73776854e-03,-8.24407219e-03,-8.97003703e-03,-9.90769424e-03,-1.10483447e-02,-1.23827691e-02,-1.39013303e-02,-1.55939513e-02,-1.74499723e-02,-1.94579031e-02,-2.16051055e-02,-2.38774462e-02,-2.62589707e-02,-2.87316433e-02,-3.12751937e-02,-3.38670981e-02,-3.64827078e-02,-3.90955235e-02,-4.16775992e-02,-4.42000490e-02,-4.66336246e-02,-4.89493274e-02,-5.11190249e-02,-5.31160419e-02,-5.49157046e-02,-5.64958220e-02,-5.78370898e-02,-5.89234012e-02
-5.40736142e-04,-9.45865390e-04,-1.31588519e-03,-1.64646717e-03,-1.93525890e-03,-2.18201997e-03,-2.38865881e-03,-2.55915943e-03,-2.69939403e-03,-2.81682364e-03,-2.92009587e-03,-3.01855511e-03,-3.12168627e-03,-3.23851723e-03,-3.37700961e-03,-3.54347249e-03,-3.74203624e-03,-3.97422362e-03,-4.23865340e-03,-4.53090644e-03,-4.84357566e-03,-5.16650985e-03,-5.48724671e-03,-5.79161515e-03,-6.06447129e-03,-6.29051960e-03,-6.45515739e-03,-6.54522114e-03,-6.55043208e-03,-6.46236057e-03,-6.27643237e-03,-5.99153768e-03,-5.61012482e-03,-5.13806470e-03,-4.58434387e-03,-3.96062288e-03,-3.28069646e-03,-2.55989383e-03,-1.81445538e-03,-1.06091947e-03,-3.15547904e-04,4.06186300e-04,1.09002909e-03,1.72329622e-03,2.29511670e-03,2.79658636e-03,3.22083349e-03,3.56300779e-03,3.82020712e-03,3.99135852e-03,4.07706777e-03,4.07941633e-03,4.00226204e-03,3.85002404e-03,3.62863310e-03,3.34496558e-03,3.00678500e-03,2.62264190e-03,2.20175378e-03,1.75385671e-03,1.28901910e-03,8.17412261e-04,3.49037730e-04,-1.06582131e-04
-1.10990801e-02,-9.19062364e-03,-7.30574349e-03,-5.46637373e-03,-3.69529199e-03,-2.01559958e-03,-4.50186391e-04,9.78794937e-04,2.25042697e-03,3.34551700e-03,4.24698529e-03,4.94019619e-03,5.41320537e-03,5.65690740e-03,5.66493711e-03,5.43546299e-03,4.96691531e-03,4.26208991e-03,3.32632915e-03,2.16759829e-03,7.96456202e-04,-7.73945881e-04,-2.52780228e-03,-4.44662789e-03,-6.50917206e-03,-8.69139394e-03,-1.09665296e-02,-1.33052974e-02,-1.56762796e-02,-1.80465012e-02,-2.03822012e-02,-2.26497663e-02,-2.48167715e-02,-2.68530510e-02,-2.87317158e-02,-3.04300321e-02,-3.19300901e-02,-3.32192110e-02,-3.42900658e-02,-3.51405059e-02,-3.57731214e-02,-3.61945273e-02,-3.64142123e-02,-3.64489791e-02,-3.63085612e-02,-3.60078110e-02,-3.55613384e-02,-3.49826211e-02,-3.42836003e-02,-3.34743422e-02,-3.25628678e-02,-3.15551667e-02,-3.04553849e-02,-2.92661673e-02,-2.79891222e-02,-2.66253718e-02,-2.51761464e-02,-2.36433794e-02,-2.20302622e-02,-2.03417252e-02,-1.85848151e-02,-1.67689507e-02,-1.49060470e-02,-1.30105058e-02
-1.56846810e-02,-1.69243897e-02,-1.81451396e-02,-1.93249126e-02,-2.04441073e-02,-2.14860175e-02,-2.24371210e-02,-2.32871824e-02,-2.40291934e-02,-2.46591784e-02,-2.51758997e-02,-2.55804979e-02,-2.58760930e-02,-2.60673531e-02,-2.61598810e-02,-2.61626923e-02,-2.60809294e-02,-2.59228243e-02,-2.56963441e-02,-2.54093495e-02,-2.50695007e-02,-2.46841549e-02,-2.42602756e-02,-2.38043488e-02,-2.33223036e-02,-2.28194326e-02,-2.23003130e-02,-2.17687292e-02,-2.12276039e-02,-2.06789454e-02,-2.01238209e-02,-1.95623665e-02,-1.89938451e-02,-1.84167601e-02,-1.78290299e-02,-1.72282242e-02,-1.66118577e-02,-1.59777293e-02,-1.53242932e-02,-1.46510390e-02,-1.39588587e-02,-1.32503746e-02,-1.25302020e-02,-1.18051263e-02,-1.10841721e-02,-1.03785520e-02,-9.70148623e-03,-9.06789039e-03,-8.49393707e-03,-7.99650237e-03,-7.59251724e-03,-7.29825521e-03,-7.12864618e-03,-7.09568567e-03,-7.20953746e-03,-7.47635133e-03,-7.89813454e-03,-8.47251062e-03,-9.19256790e-03,-1.00469537e-02,-1.10202058e-02,-1.20933051e-02,-1.32444192e-02,-1.44497867e-02
1.07630840e-02,9.02179011e-03,7.47622372e-03,6.13289130e-03,4.99200008e-03,4.04847473e-03,3.29309109e-03,2.71363309e-03,2.29599672e-03,2.02518647e-03,1.88616981e-03,1.86458301e-03,1.94707165e-03,2.12211492e-03,2.37982202e-03,2.71219510e-03,3.11314381e-03,3.57840920e-03,4.10543003e-03,4.69316456e-03,5.34187980e-03,6.05291704e-03,6.82843975e-03,7.67116748e-03,8.58409749e-03,9.57021561e-03,1.06321977e-02,1.17721040e-02,1.29910701e-02,1.42890000e-02,1.56642676e-02,1.71134353e-02,1.86309973e-02,2.02091574e-02,2.18376502e-02,2.35036137e-02,2.51915213e-02,2.68831817e-02,2.85578145e-02,3.01922094e-02,3.17609781e-02,3.32369090e-02,3.45914335e-02,3.57952139e-02,3.68188572e-02,3.76337537e-02,3.82130198e-02,3.85324471e-02,3.85704482e-02,3.83212073e-02,3.77685648e-02,3.69119546e-02,3.57587683e-02,3.43246665e-02,3.26337889e-02,3.07183200e-02,2.86175105e-02,2.63762036e-02,2.40429592e-02,2.16679137e-02,1.93005469e-02,1.69875408e-02,1.47709055e-02,1.26865066e-02
-4.71575684e-02,-4.71230300e-02,-4.70672605e-02,-4.69843573e-02,-4.68684680e-02,-4.67140936e-02,-4.65163321e-02,-4.62710575e-02,-4.59750362e-02,-4.56259905e-02,-4.52226244e-02,-4.47646274e-02,-4.42526734e-02,-4.36884296e-02,-4.30745854e-02,-4.24149043e-02,-4.17142984e-02,-4.09789167e-02,-4.02162338e-02,-3.94351233e-02,-3.86458955e-02,-3.78602819e-02,-3.70913483e-02,-3.63533232e-02,-3.56613316e-02,-3.50310327e-02,-3.44781642e-02,-3.40180087e-02,-3.36648084e-02,-3.34312115e-02,-3.33272510e-02,-3.33572707e-02,-3.35280064e-02,-3.38385174e-02,-3.42840822e-02,-3.48557969e-02,-3.55407116e-02,-3.63222286e-02,-3.71807305e-02,-3.80944015e-02,-3.90401915e-02,-3.99948564e-02,-4.09360011e-02,-4.18430522e-02,-4.26980951e-02,-4.34865225e-02,-4.41974617e-02,-4.48239659e-02,-4.53629746e-02,-4.58150657e-02,-4.61840303e-02,-4.64763138e-02,-4.67003650e-02,-4.68659407e-02,-4.69834048e-02,-4.70630611e-02,-4.71145510e-02,-4.71463425e-02,-4.71653312e-02,-4.71765673e-02,-4.71831104e-02,-4.71860278e-02,-4.71846835e-02,-4.71764783e-02
2.24145974e-04,2.29657139e-04,3.09407034e-04,4.62597925e-04,6.84564953e-04,9.67142599e-04,1.29913386e-03,1.66686880e-03,2.05481693e-03,2.44622329e-03,2.82374337e-03,3.17005737e-03,3.46844990e-03,3.70334532e-03,3.86079201e-03,3.92888550e-03,3.89820699e-03,3.76225669e-03,3.51714406e-03,3.16246216e-03,2.70113345e-03,2.13948504e-03,1.48721617e-03,7.57263417e-04,-3.44450312e-05,-8.69349721e-04,-1.72674894e-03,-2.58440377e-03,-3.41923914e-03,-4.20812767e-03,-4.92872103e-03,-5.56028984e-03,-6.08452883e-03,-6.48628255e-03,-6.75414137e-03,-6.88087082e-03,-6.86463462e-03,-6.70662303e-03,-6.41356259e-03,-5.99637457e-03,-5.46986924e-03,-4.85220527e-03,-4.16422223e-03,-3.42867857e-03,-2.66942187e-03,-1.91051754e-03,-1.17536248e-03,-4.85811294e-04,1.38655449e-04,6.81684680e-04,1.13071024e-03,1.47745975e-03,1.71828776e-03,1.85430702e-03,1.89129085e-03,1.83945081e-03,1.71264852e-03,1.52782724e-03,1.30409961e-03,1.06168253e-03,8.20835168e-04,6.00814306e-04,4.18915621e-04,2.89656984e-04
1.59568253e-02,1.69055161e-02,1.76463822e-02,1.81586414e-02,1.84230751e-02,1.84219004e-02,1.81467690e-02,1.75830558e-02,1.67269383e-02,1.55795661e-02,1.41484760e-02,1.24482492e-02,1.05008307e-02,8.33547523e-03,5.98826670e-03,3.50118229e-03,9.20721278e-04,-1.70382506e-03,-4.32233199e-03,-6.88600757e-03,-9.34935483e-03,-1.16719404e-02,-1.38197901e-02,-1.57663213e-02,-1.74927744e-02,-1.89881558e-02,-2.02487501e-02,-2.12772858e-02,-2.20818570e-02,-2.26747015e-02,-2.30709151e-02,-2.32870991e-02,-2.33422260e-02,-2.32519849e-02,-2.30316611e-02,-2.26953122e-02,-2.22546124e-02,-2.17187535e-02,-2.10944426e-02,-2.03860486e-02,-1.95958838e-02,-1.87245924e-02,-1.77716135e-02,-1.67356860e-02,-1.56153617e-02,-1.44094974e-02,-1.31177010e-02,-1.17407129e-02,-1.02807103e-02,-8.74152951e-03,-7.12880866e-03,-5.45005542e-03,-3.71465185e-03,-1.93380774e-03,-1.20475845e-04,1.71075404e-03,3.54378385e-03,5.36115149e-03,7.14416388e-03,8.87303935e-03,1.05270560e-02,1.20847115e-02,1.35239046e-02,1.48221474e-02
3.00632228e-02,2.79024780e-02,2.57578011e-02,2.36683312e-02,2.16704325e-02,1.97964344e-02,1.80736406e-02,1.65236623e-02,1.51620925e-02,1.39985086e-02,1.30367687e-02,1.22755438e-02,1.17090266e-02,1.13277503e-02,1.11194652e-02,1.10700861e-02,1.11634042e-02,1.13844502e-02,1.17179949e-02,1.21494615e-02,1.26656657e-02,1.32551063e-02,1.39081770e-02,1.46172699e-02,1.53767744e-02,1.61829746e-02,1.70338576e-02,1.79288435e-02,1.88684538e-02,1.98539348e-02,2.08868566e-02,2.19687050e-02,2.31004868e-02,2.42823643e-02,2.55133325e-02,2.67909503e-02,2.81111318e-02,2.94679999e-02,3.08538029e-02,3.22588897e-02,3.36717401e-02,3.50790432e-02,3.64658189e-02,3.78155785e-02,3.91105205e-02,4.03317614e-02,4.14596029e-02,4.24738386e-02,4.33541050e-02,4.40802808e-02,4.46329352e-02,4.49938004e-02,4.51460829e-02,4.50767919e-02,4.47791675e-02,4.42413725e-02,4.34617877e-02,4.24434197e-02,4.11947510e-02,3.97301266e-02,3.80698271e-02,3.62398359e-02,3.42712834e-02,3.21995734e-02
2.47320180e-02,2.44932160e-02,2.42512744e-02,2.40110169e-02,2.37756058e-02,2.35465195e-02,2.33235785e-02,2.31050134e-02,2.28875732e-02,2.26666722e-02,2.24365781e-02,2.21906452e-02,2.19215958e-02,2.16218528e-02,2.12839230e-02,2.09008261e-02,2.04665577e-02,1.99765688e-02,1.94282390e-02,1.88213118e-02,1.81582611e-02,1.74445539e-02,1.66887767e-02,1.59026014e-02,1.51005731e-02,1.42997162e-02,1.35189709e-02,1.27784846e-02,1.20987984e-02,1.14999774e-02,1.10007399e-02,1.06176410e-02,1.03643623e-02,1.02511708e-02,1.02844017e-02,1.04654526e-02,1.07933984e-02,1.12621789e-02,1.18621217e-02,1.25802360e-02,1.34006927e-02,1.43053853e-02,1.52745377e-02,1.62873342e-02,1.73225515e-02,1.83591770e-02,1.93769956e-02,2.03571344e-02,2.12825508e-02,2.21384513e-02,2.29126301e-02,2.35957159e-02,2.41813175e-02,2.46660620e-02,2.50495223e-02,2.53340345e-02,2.55244132e-02,2.56275732e-02,2.56520194e-02,2.56086517e-02,2.55072323e-02,2.53584681e-02,2.51731215e-02,2.49612717e-02
1.04993996e-03,1.44726384e-03,1.79203744e-03,2.09025504e-03,2.34922192e-03,2.57715197e-03,2.78274673e-03,2.97476557e-03,3.16159665e-03,3.35083852e-03,3.54890312e-03,3.76065267e-03,3.98908396e-03,4.23507533e-03,4.49721138e-03,4.77169951e-03,5.05238977e-03,5.33090548e-03,5.59688686e-03,5.83834424e-03,6.04211045e-03,6.19437592e-03,6.28128045e-03,6.28948173e-03,6.20739536e-03,6.02447733e-03,5.73301438e-03,5.32815722e-03,4.80831777e-03,4.17543015e-03,3.43506855e-03,2.59642216e-03,1.67212901e-03,6.77975854e-04,-3.67524315e-04,-1.44365387e-03,-2.52812290e-03,-3.59775161e-03,-4.62920050e-03,-5.59972204e-03,-6.48790507e-03,-7.27438274e-03,-7.94247433e-03,-8.47873126e-03,-8.87335814e-03,-9.12046573e-03,-9.21847824e-03,-9.17010588e-03,-8.98084931e-03,-8.66053357e-03,-8.22197042e-03,-7.68048058e-03,-7.05327585e-03,-6.35879075e-03,-5.61600059e-03,-4.84375570e-03,-4.06015822e-03,-3.28200363e-03,-2.52430486e-03,-1.79991218e-03,-1.11923710e-03,-4.90083565e-04,8.24146771e-05,5.95755275e-04
-6.96000360e-03,-4.87867152e-03,-2.76987315e-03,-6.41273259e-04,1.49782819e-03,3.63616740e-03,5.76025548e-03,7.85415974e-03,9.89936596e-03,1.18747270e-02,1.37565083e-02,1.55185428e-02,1.71325048e-02,1.85683181e-02,1.97947092e-02,2.07799154e-02,2.14925496e-02,2.19025767e-02,2.19819184e-02,2.17121813e-02,2.10720047e-02,2.00502970e-02,1.86447874e-02,1.68624188e-02,1.47203021e-02,1.22460781e-02,9.47767084e-03,6.46238932e-03,3.25538417e-03,-8.24612280e-05,-3.48700790e-03,-6.89364321e-03,-1.02400184e-02,-1.34684414e-02,-1.65278597e-02,-1.93752662e-02,-2.19764773e-02,-2.43063046e-02,-2.63482041e-02,-2.80935187e-02,-2.95404505e-02,-3.06928909e-02,-3.15592150e-02,-3.21510929e-02,-3.24822230e-02,-3.25714519e-02,-3.24332311e-02,-3.20831840e-02,-3.15383775e-02,-3.08151425e-02,-2.99291075e-02,-2.88950965e-02,-2.77270394e-02,-2.64379011e-02,-2.50396288e-02,-2.35431152e-02,-2.19581796e-02,-2.02935748e-02,-1.85570250e-02,-1.67553046e-02,-1.48943647e-02,-1.29795106e-02,-1.10156321e-02,-9.00748320e-03
-2.14366731e-02,-2.04440045e-02,-1.94711317e-02,-1.85198639e-02,-1.75914010e-02,-1.66865275e-02,-1.58057999e-02,-1.49497253e-02,-1.41189342e-02,-1.33143465e-02,-1.25373348e-02,-1.17898858e-02,-1.10747576e-02,-1.03956318e-02,-9.75725092e-03,-9.16553363e-03,-8.62765299e-03,-8.15206432e-03,-7.74846678e-03,-7.42768512e-03,-7.20146783e-03,-7.08230758e-03,-7.08182560e-03,-7.21296281e-03,-7.48670396e-03,-7.91254038e-03,-8.49763678e-03,-9.24612371e-03,-1.01584571e-02,-1.12308880e-02,-1.24550900e-02,-1.38179908e-02,-1.53018373e-02,-1.68845150e-02,-1.85401167e-02,-2.02397376e-02,-2.19524526e-02,-2.36464166e-02,-2.52900144e-02,-2.68529897e-02,-2.83074806e-02,-2.96289057e-02,-3.07966563e-02,-3.17945712e-02,-3.26111852e-02,-3.32397552e-02,-3.36780604e-02,-3.39278893e-02,-3.39976088e-02,-3.38951028e-02,-3.36313010e-02,-3.32205806e-02,-3.26785325e-02,-3.20215614e-02,-3.12663677e-02,-3.04294625e-02,-2.95267448e-02,-2.85731512e-02,-2.75823851e-02,-2.65667254e-02,-2.55369131e-02,-2.45021122e-02,-2.34699344e-02,-2.24465218e-02
-2.50238466e-02,-2.57887527e-02,-2.67111219e-02,-2.77898794e-02,-2.90203641e-02,-3.03940013e-02,-3.18981501e-02,-3.35161499e-02,-3.52275785e-02,-3.70087178e-02,-3.88332000e-02,-4.06727952e-02,-4.24982862e-02,-4.42803732e-02,-4.59905504e-02,-4.76019066e-02,-4.90898131e-02,-5.04324760e-02,-5.16113473e-02,-5.26113952e-02,-5.34212444e-02,-5.40331830e-02,-5.44429508e-02,-5.46488587e-02,-5.46624213e-02,-5.44806385e-02,-5.41140003e-02,-5.35741877e-02,-5.28747595e-02,-5.20309383e-02,-5.10592341e-02,-4.99770304e-02,-4.88021638e-02,-4.75525144e-02,-4.62456226e-02,-4.48983415e-02,-4.35265392e-02,-4.21448553e-02,-4.07665193e-02,-3.94032325e-02,-3.80651141e-02,-3.67607090e-02,-3.54970512e-02,-3.42797788e-02,-3.31132908e-02,-3.20009380e-02,-3.09452390e-02,-2.99481136e-02,-2.90111237e-02,-2.81357154e-02,-2.73234551e-02,-2.65762517e-02,-2.58965590e-02,-2.52875519e-02,-2.47532671e-02,-2.42987030e-02,-2.39298690e-02,-2.36537860e-02,-2.34784781e-02,-2.34120247e-02,-2.34627867e-02,-2.36411086e-02,-2.39556403e-02,-2.44143515e-02
1.83387246e-02,1.80879837e-02,1.79123968e-02,1.78038783e-02,1.77529333e-02,1.77492828e-02,1.77815553e-02,1.78398726e-02,1.79142698e-02,1.79961135e-02,1.80784540e-02,1.81563625e-02,1.82271835e-02,1.82906719e-02,1.83490000e-02,1.84066277e-02,1.84700394e-02,1.85473616e-02,1.86478813e-02,1.87814836e-02,1.89580396e-02,1.91867846e-02,1.94757268e-02,1.98311214e-02,2.02570402e-02,2.07550574e-02,2.13240647e-02,2.19602186e-02,2.26570136e-02,2.34054697e-02,2.41944150e-02,2.50108419e-02,2.58403160e-02,2.66674142e-02,2.74761737e-02,2.82505344e-02,2.89747627e-02,2.96338451e-02,3.02138480e-02,3.07022381e-02,3.10881631e-02,3.13626876e-02,3.15189666e-02,3.15521382e-02,3.14625413e-02,3.12489125e-02,3.09141204e-02,3.04640312e-02,2.99069322e-02,2.92534875e-02,2.85165549e-02,2.77109080e-02,2.68528729e-02,2.59598867e-02,2.50499903e-02,2.41412734e-02,2.32512965e-02,2.23965183e-02,2.15917588e-02,2.08497258e-02,2.01806322e-02,1.95919223e-02,1.90881206e-02,1.86708084e-02
3.37320502e-02,3.36345077e-02,3.35474025e-02,3.34701186e-02,3.34004386e-02,3.33346151e-02,3.32675351e-02,3.31929731e-02,3.31039238e-02,3.29930045e-02,3.28529181e-02,3.26769491e-02,3.24594656e-02,3.21963922e-02,3.18856227e-02,3.15273397e-02,3.11242144e-02,3.06814628e-02,3.02067487e-02,2.97099289e-02,2.92026558e-02,2.86978589e-02,2.82091409e-02,2.77501326e-02,2.73338499e-02,2.69721011e-02,2.66749824e-02,2.64504933e-02,2.63042942e-02,2.62396421e-02,2.62572640e-02,2.63544718e-02,2.65289710e-02,2.67751603e-02,2.70861753e-02,2.74540999e-02,2.78702751e-02,2.83255968e-02,2.88107756e-02,2.93165535e-02,2.98338752e-02,3.03540209e-02,3.08687073e-02,3.13701674e-02,3.18512180e-02,3.23053233e-02,3.27266627e-02,3.31102027e-02,3.34517768e-02,3.37481668e-02,3.39971822e-02,3.41977274e-02,3.43498488e-02,3.44547522e-02,3.45147812e-02,3.45333160e-02,3.45152766e-02,3.44656753e-02,3.43900759e-02,3.42947981e-02,3.41862012e-02,3.40704275e-02,3.39531069e-02,3.38390647e-02
-1.29005440e-02,-1.27114855e-02,-1.24694621e-02,-1.21728700e-02,-1.18203072e-02,-1.14107790e-02,-1.09438574e-02,-1.04197925e-02,-9.83957297e-03,-9.20494495e-03,-8.51839589e-03,-7.78311652e-03,-7.00295306e-03,-6.18236187e-03,-5.32637692e-03,-4.44059727e-03,-3.53119839e-03,-2.60496684e-03,-1.66935397e-03,-7.32540298e-04,1.96500602e-04,1.10794941e-03,1.99112391e-03,2.83450134e-03,3.62579683e-03,4.35211111e-03,5.00015410e-03,5.55654768e-03,6.00820528e-03,6.34277936e-03,6.54915826e-03,6.61796297e-03,6.54249633e-03,6.31859147e-03,5.94507379e-03,5.42470019e-03,4.76397750e-03,3.97320679e-03,3.06630344e-03,2.06040943e-03,9.75311439e-04,-1.67305815e-04,-1.34471885e-03,-2.53410350e-03,-3.71345916e-03,-4.86245805e-03,-5.96316913e-03,-7.00060635e-03,-7.96307130e-03,-8.84227963e-03,-9.63327875e-03,-1.03341805e-02,-1.09457445e-02,-1.14708563e-02,-1.19139454e-02,-1.22803913e-02,-1.25759569e-02,-1.28062841e-02,-1.29764784e-02,-1.30907940e-02,-1.31523977e-02,-1.31638129e-02,-1.31257279e-02,-1.30382029e-02
4.27479735e-03,3.75473125e-03,3.19122888e-03,2.59229364e-03,1.96847475e-03,1.33253173e-03,6.98917919e-04,8.31185209e-05,-4.99105579e-04,-1.03251391e-03,-1.50316267e-03,-1.89909440e-03,-2.21090201e-03,-2.43212931e-03,-2.55947975e-03,-2.59299905e-03,-2.53561174e-03,-2.39306032e-03,-2.17349176e-03,-1.88689095e-03,-1.54451737e-03,-1.15831206e-03,-7.40311449e-04,-3.02098167e-04,1.45684999e-04,5.93734619e-04,1.03438637e-03,1.46179476e-03,1.87199035e-03,2.26281410e-03,2.63373620e-03,2.98557536e-03,3.32014185e-03,3.63983424e-03,3.94722379e-03,4.24466207e-03,4.53394514e-03,4.81606275e-03,5.09105232e-03,5.35796761e-03,5.61495992e-03,5.85945864e-03,6.08842744e-03,6.29866475e-03,6.48711255e-03,6.65113653e-03,6.78874419e-03,6.89871375e-03,6.98061754e-03,7.03473473e-03,7.06186095e-03,7.06301672e-03,7.03936663e-03,6.99134537e-03,6.91891334e-03,6.82110983e-03,6.69596037e-03,6.54049766e-03,6.35092073e-03,6.12289117e-03,5.85194898e-03,5.53401739e-03,5.16595491e-03,4.74610591e-03
-9.18884415e-03,-8.84992681e-03,-8.56549807e-03,-8.34720100e-03,-8.20409249e-03,-8.14207905e-03,-8.16326126e-03,-8.26670019e-03,-8.44704159e-03,-8.69511122e-03,-8.99812474e-03,-9.34015660e-03,-9.70281938e-03,-1.00661198e-02,-1.04094422e-02,-1.07125955e-02,-1.09568530e-02,-1.11258981e-02,-1.12066606e-02,-1.11908907e-02,-1.10729353e-02,-1.08526914e-02,-1.05344187e-02,-1.01265878e-02,-9.64146366e-03,-9.09454031e-03,-8.50387122e-03,-7.88933210e-03,-7.27184969e-03,-6.67262438e-03,-6.11237001e-03,-5.61059001e-03,-5.18490631e-03,-4.85045648e-03,-4.61937812e-03,-4.50045674e-03,-4.49809861e-03,-4.61380571e-03,-4.84445320e-03,-5.18308443e-03,-5.61907935e-03,-6.13853469e-03,-6.72478711e-03,-7.35905456e-03,-8.02116646e-03,-8.69034734e-03,-9.34601430e-03,-9.96854761e-03,-1.05399964e-02,-1.10446870e-02,-1.14697094e-02,-1.18052672e-02,-1.20448819e-02,-1.21854254e-02,-1.22276467e-02,-1.21748651e-02,-1.20333132e-02,-1.18122182e-02,-1.15230714e-02,-1.11792761e-02,-1.07957323e-02,-1.03883915e-02,-9.97378679e-03,-9.56853991e-03
-1.53534301e-02,-1.29924517e-02,-1.05710109e-02,-8.10001032e-03,-5.59056165e-03,-3.05430269e-03,-5.03677983e-04,2.04782348e-03,4.58548828e-03,7.09328141e-03,9.55379066e-03,1.19482492e-02,1.42566267e-02,1.64577866e-02,1.85297061e-02,2.04497513e-02,2.21950030e-02,2.37426214e-02,2.50702421e-02,2.61563888e-02,2.69808902e-02,2.75252695e-02,2.77729765e-02,2.77101823e-02,2.73314910e-02,2.66238941e-02,2.55845982e-02,2.42141689e-02,2.25174006e-02,2.05037441e-02,1.81876497e-02,1.55888638e-02,1.27326594e-02,9.64995482e-03,6.37726583e-03,2.95643002e-03,-5.65948968e-04,-4.13932267e-03,-7.71045480e-03,-1.12248984e-02,-1.46286453e-02,-1.78698937e-02,-2.09007764e-02,-2.36789138e-02,-2.61686725e-02,-2.83420406e-02,-3.01790719e-02,-3.16678952e-02,-3.28043170e-02,-3.35910362e-02,-3.40363449e-02,-3.41585660e-02,-3.39728272e-02,-3.34978565e-02,-3.27563998e-02,-3.17714945e-02,-3.05660267e-02,-2.91621685e-02,-2.75809354e-02,-2.58418902e-02,-2.39629903e-02,-2.19605637e-02,-1.98493966e-02,-1.76429140e-02
-3.49158795e-03,-5.06437498e-03,-6.52293258e-03,-7.86075481e-03,-9.07089888e-03,-1.01458396e-02,-1.10774477e-02,-1.18570879e-02,-1.24758201e-02,-1.29246746e-02,-1.31949057e-02,-1.32795636e-02,-1.31718219e-02,-1.28658929e-02,-1.23586497e-02,-1.16490258e-02,-1.07383189e-02,-9.63034636e-03,-8.33151314e-03,-6.85080294e-03,-5.19970278e-03,-3.39207159e-03,-1.44396476e-03,6.26573366e-04,2.79972129e-03,5.05414863e-03,7.36725353e-03,9.71540203e-03,1.20741691e-02,1.44185772e-02,1.67233344e-02,1.89630755e-02,2.11126118e-02,2.31471927e-02,2.50427851e-02,2.67763743e-02,2.83262870e-02,2.96725374e-02,3.07971925e-02,3.16847475e-02,3.23224946e-02,3.27008353e-02,3.28132099e-02,3.26610506e-02,3.22448262e-02,3.15688727e-02,3.06439432e-02,2.94845352e-02,2.81088346e-02,2.65383361e-02,2.47972794e-02,2.29119564e-02,2.09099274e-02,1.88191934e-02,1.66673769e-02,1.44809641e-02,1.22846575e-02,1.01008808e-02,7.94946265e-03,5.84751186e-03,3.80947741e-03,1.84737437e-03,-2.88583913e-05,-1.81090549e-03
6.35106488e-03,7.10608023e-03,7.57235250e-03,7.73135722e-03,7.56898948e-03,7.07470897e-03,6.24207157e-03,5.07120884e-03,3.56847569e-03,1.74709478e-03,-3.72450144e-04,-2.76224787e-03,-5.38720132e-03,-8.20560797e-03,-1.11701136e-02,-1.42290757e-02,-1.73282622e-02,-2.04127884e-02,-2.34291600e-02,-2.63272719e-02,-2.90622098e-02,-3.15957226e-02,-3.38972674e-02,-3.59445748e-02,-3.77237269e-02,-3.92287880e-02,-4.04610541e-02,-4.14280116e-02,-4.21420930e-02,-4.26192901e-02,-4.28775695e-02,-4.29401401e-02,-4.28233918e-02,-4.25449395e-02,-4.21217378e-02,-4.15680319e-02,-4.08952492e-02,-4.01119154e-02,-3.92237424e-02,-3.82338903e-02,-3.71433798e-02,-3.59516227e-02,-3.46570317e-02,-3.32576702e-02,-3.17519026e-02,-3.01390079e-02,-2.84197278e-02,-2.65967239e-02,-2.46749315e-02,-2.26618010e-02,-2.05674298e-02,-1.84045902e-02,-1.61886665e-02,-1.39375144e-02,-1.16712589e-02,-9.41204396e-03,-7.18374852e-03,-5.01167684e-03,-2.92223176e-03,-9.42573760e-04,8.99733051e-04,2.57706213e-03,4.06216969e-03,5.32858558e-03
4.38043300e-02,4.43058287e-02,4.49698699e-02,4.57899593e-02,4.67564372e-02,4.78568641e-02,4.90764728e-02,5.03986403e-02,5.18053488e-02,5.32776117e-02,5.47958497e-02,5.63402101e-02,5.78908279e-02,5.94280367e-02,6.09325378e-02,6.23855430e-02,6.37689068e-02,6.50652636e-02,6.62581860e-02,6.73323744e-02,6.82738871e-02,6.90704117e-02,6.97115727e-02,7.01892567e-02,7.04979096e-02,7.06346060e-02,7.06000595e-02,7.04041415e-02,7.00472963e-02,6.95410798e-02,6.88993785e-02,6.81384548e-02,6.72764966e-02,6.63329302e-02,6.53276277e-02,6.42800750e-02,6.32085631e-02,6.21294595e-02,6.10566116e-02,6.00009216e-02,5.89701181e-02,5.79687366e-02,5.69983043e-02,5.60577115e-02,5.51437434e-02,5.42517365e-02,5.33763186e-02,5.25121885e-02,5.16548898e-02,5.08015318e-02,4.99514125e-02,4.91065019e-02,4.82717481e-02,4.74551799e-02,4.66677893e-02,4.59231952e-02,4.52371054e-02,4.46266107e-02,4.41093619e-02,4.37026926e-02,4.34227649e-02,4.32838761e-02,4.32982798e-02,4.34684794e-02
2.35818431e-02,2.36648926e-02,2.35259478e-02,2.31554971e-02,2.25486091e-02,2.17064962e-02,2.06355622e-02,1.93477062e-02,1.78602928e-02,1.61958459e-02,1.43814833e-02,1.24481134e-02,1.04294371e-02,8.36081416e-03,6.27806446e-03,4.21628125e-03,2.20872764e-03,2.85878570e-04,-1.52533867e-03,-3.20209962e-03,-4.72602794e-03,-6.08329205e-03,-7.26452547e-03,-8.26458663e-03,-9.08219268e-03,-9.71946207e-03,-1.01813958e-02,-1.04753105e-02,-1.06102153e-02,-1.05977209e-02,-1.04477591e-02,-1.01721235e-02,-9.78231390e-03,-9.28938224e-03,-8.70367379e-03,-8.03461973e-03,-7.29059350e-03,-6.47883193e-03,-5.60541879e-03,-4.67532680e-03,-3.69251225e-03,-2.66005610e-03,-1.58034400e-03,-4.55277966e-04,7.13488079e-04,1.92429554e-03,3.17522312e-03,4.46382381e-03,5.78686925e-03,7.14010704e-03,8.51803833e-03,9.91372314e-03,1.13186208e-02,1.27224735e-02,1.41132404e-02,1.54770907e-02,1.67984626e-02,1.80601955e-02,1.92437414e-02,2.03294604e-02,2.12970021e-02,2.21257734e-02,2.27954871e-02,2.32867770e-02
1.66432826e-02,1.76670661e-02,1.87465257e-02,1.98640177e-02,2.10017893e-02,2.21424273e-02,2.32692883e-02,2.43668966e-02,2.54212984e-02,2.64203603e-02,2.73540001e-02,2.82143391e-02,2.89957678e-02,2.96949193e-02,3.03105481e-02,3.08433195e-02,3.12955176e-02,3.16706889e-02,3.19732400e-02,3.22080159e-02,3.23798820e-02,3.24933352e-02,3.25521579e-02,3.25590047e-02,3.25170187e-02,3.24256494e-02,3.22845730e-02,3.20924330e-02,3.18470358e-02,3.15456436e-02,3.11852817e-02,3.07630589e-02,3.02764834e-02,2.97237585e-02,2.91040424e-02,2.84176599e-02,2.76662611e-02,2.68529209e-02,2.59821847e-02,2.50600627e-02,2.40939817e-02,2.30927036e-02,2.20662191e-02,2.10256239e-02,1.99829816e-02,1.89511742e-02,1.79437377e-02,1.69746772e-02,1.60582556e-02,1.52087497e-02,1.44401694e-02,1.37659433e-02,1.31985749e-02,1.27492822e-02,1.24276403e-02,1.22412537e-02,1.21955605e-02,1.22924101e-02,1.25324328e-02,1.29130745e-02,1.34287503e-02,1.40712803e-02,1.48300452e-02,1.56922539e-02
3.98471635e-02,4.01213073e-02,4.03183258e-02,4.04311057e-02,4.04541814e-02,4.03869321e-02,4.02270003e-02,3.99759608e-02,3.96382029e-02,3.92204784e-02,3.87319032e-02,3.81838230e-02,3.75895769e-02,3.69641644e-02,3.63238197e-02,3.56855037e-02,3.50663300e-02,3.44829468e-02,3.39509047e-02,3.34840412e-02,3.30939163e-02,3.27893289e-02,3.25759456e-02,3.24560692e-02,3.24286975e-02,3.24874335e-02,3.26256185e-02,3.28326046e-02,3.30949306e-02,3.33973796e-02,3.37235934e-02,3.40568008e-02,3.43805877e-02,3.46796661e-02,3.49406041e-02,3.51524771e-02,3.53074028e-02,3.54009201e-02,3.54321284e-02,3.54045834e-02,3.53244530e-02,3.52005395e-02,3.50449076e-02,3.48713801e-02,3.46948267e-02,3.45303630e-02,3.43925559e-02,3.42946979e-02,3.42482265e-02,3.42621142e-02,3.43411752e-02,3.44900175e-02,3.47087207e-02,3.49946062e-02,3.53423447e-02,3.57442321e-02,3.61905444e-02,3.66699335e-02,3.71698441e-02,3.76769313e-02,3.81774680e-02,3.86577327e-02,3.91043711e-02,3.95047302e-02
-2.35314369e-02,-2.30528664e-02,-2.23777920e-02,-2.15172479e-02,-2.04847506e-02,-1.92960223e-02,-1.79686453e-02,-1.65216628e-02,-1.49751419e-02,-1.33497120e-02,-1.16660943e-02,-9.94464031e-03,-8.20489469e-03,-6.46520036e-03,-4.74236322e-03,-3.05139196e-03,-1.40532705e-03,1.84830111e-04,1.71007806e-03,3.16327973e-03,4.53891869e-03,5.83276625e-03,7.04148451e-03,8.16218986e-03,9.19200844e-03,1.01276578e-02,1.09650886e-02,1.16992185e-02,1.23237819e-02,1.28313156e-02,1.32132859e-02,1.34603501e-02,1.35627002e-02,1.35109646e-02,1.32970869e-02,1.29124476e-02,1.23516105e-02,1.16115260e-02,1.06921104e-02,9.59660900e-03,8.33179106e-03,6.90797147e-03,5.33886175e-03,3.64126509e-03,1.83464382e-03,-5.94030780e-05,-2.01769904e-03,-4.01607437e-03,-6.02991462e-03,-8.03462908e-03,-1.00060512e-02,-1.19207587e-02,-1.37563214e-02,-1.54914932e-02,-1.71063686e-02,-1.85825239e-02,-1.99031621e-02,-2.10532703e-02,-2.20197946e-02,-2.27918263e-02,-2.33607750e-02,-2.37204472e-02,-2.38680232e-02,-2.38051254e-02
3.63183983e-03,2.07041307e-03,4.38963305e-04,-1.24094943e-03,-2.94683485e-03,-4.65594733e-03,-6.34586306e-03,-7.99496801e-03,-9.58282546e-03,-1.10904213e-02,-1.25003014e-02,-1.37966273e-02,-1.49651835e-02,-1.59933687e-02,-1.68702015e-02,-1.75863568e-02,-1.81342390e-02,-1.85080605e-02,-1.87036800e-02,-1.87222869e-02,-1.85620416e-02,-1.82265363e-02,-1.77215647e-02,-1.70552688e-02,-1.62380829e-02,-1.52825496e-02,-1.42030494e-02,-1.30154650e-02,-1.17367944e-02,-1.03847342e-02,-8.97725032e-03,-7.53215616e-03,-6.06671390e-03,-4.59727541e-03,-3.13897465e-03,-1.70548239e-03,-3.08830840e-04,1.04068484e-03,2.33452865e-03,3.56587350e-03,4.72946527e-03,5.82142203e-03,6.83897305e-03,7.78015003e-03,8.64344618e-03,9.42746212e-03,1.01305596e-02,1.07505457e-02,1.12844114e-02,1.17281459e-02,1.20766462e-02,1.23237356e-02,1.24622910e-02,1.24843697e-02,1.23829974e-02,1.21495051e-02,1.17768722e-02,1.12594714e-02,1.05935927e-02,9.77801892e-03,8.81448541e-03,7.70799964e-03,6.46699205e-03,5.10327953e-03
-2.00280551e-02,-1.91850731e-02,-1.83106790e-02,-1.74042092e-02,-1.64645754e-02,-1.54905017e-02,-1.44807510e-02,-1.34343450e-02,-1.23507801e-02,-1.12302430e-02,-1.00738267e-02,-8.88374707e-03,-7.66355623e-03,-6.41834746e-03,-5.15494359e-03,-3.88205943e-03,-2.61042707e-03,-1.35287279e-03,-1.24333301e-04,1.05819611e-03,2.17580153e-03,3.20789330e-03,4.13253946e-03,4.92691710e-03,5.56788172e-03,6.03265469e-03,6.29961518e-03,6.34909372e-03,6.16560438e-03,5.73608369e-03,5.05328851e-03,4.11609822e-03,2.93016085e-03,1.50843258e-03,-1.28643233e-04,-1.95334678e-03,-3.93137849e-03,-6.02299644e-03,-8.18451868e-03,-1.03701419e-02,-1.25339276e-02,-1.46317992e-02,-1.66233905e-02,-1.84736025e-02,-2.01537641e-02,-2.16423335e-02,-2.29251316e-02,-2.39951392e-02,-2.48519250e-02,-2.55007910e-02,-2.59517202e-02,-2.62181724e-02,-2.63168640e-02,-2.62659212e-02,-2.60815445e-02,-2.57816344e-02,-2.53827844e-02,-2.49000341e-02,-2.43465789e-02,-2.37336004e-02,-2.30702180e-02,-2.23635443e-02,-2.16188216e-02,-2.08396168e-02
-4.29336724e-02,-4.06808782e-02,-3.83736610e-02,-3.60260195e-02,-3.36519114e-02,-3.12654079e-02,-2.88808182e-02,-2.65127786e-02,-2.41763027e-02,-2.18867893e-02,-1.96599911e-02,-1.75119446e-02,-1.54588689e-02,-1.35170375e-02,-1.17026334e-02,-1.00315955e-02,-8.51946746e-03,-7.18125513e-03,-6.03130350e-03,-5.08319533e-03,-4.34967477e-03,-3.84259839e-03,-3.57298673e-03,-3.54996799e-03,-3.78298406e-03,-4.27942650e-03,-5.04529538e-03,-6.08482544e-03,-7.40003303e-03,-8.99015773e-03,-1.08510037e-02,-1.29742156e-02,-1.53465487e-02,-1.79492116e-02,-2.07573769e-02,-2.37399564e-02,-2.68597298e-02,-3.00738853e-02,-3.33349959e-02,-3.65923986e-02,-3.97938985e-02,-4.28876679e-02,-4.58241870e-02,-4.85580631e-02,-5.10495784e-02,-5.32658563e-02,-5.51815774e-02,-5.67792313e-02,-5.80489269e-02,-5.89877971e-02,-5.95988693e-02,-5.98886240e-02,-5.98867313e-02,-5.95915313e-02,-5.90258398e-02,-5.82103415e-02,-5.71659786e-02,-5.59136333e-02,-5.44737420e-02,-5.28660059e-02,-5.11092154e-02,-4.92211776e-02,-4.72187311e-02,-4.51178289e-02
3.27481174e-02,3.39207818e-02,3.49134762e-02,3.57078491e-02,3.62871258e-02,3.66367266e-02,3.67445437e-02,3.66062119e-02,3.62171366e-02,3.55764568e-02,3.46908187e-02,3.35716154e-02,3.22350170e-02,3.07015685e-02,2.89955069e-02,2.71438742e-02,2.51755004e-02,2.31199392e-02,2.10064455e-02,1.88630732e-02,1.67159597e-02,1.45888355e-02,1.25027743e-02,1.04761698e-02,8.52490396e-03,6.66265603e-03,4.90129344e-03,3.25128510e-03,1.72208453e-03,3.22441306e-04,-9.39383655e-04,-2.05551553e-03,-3.01848895e-03,-3.82134637e-03,-4.45781775e-03,-4.92254260e-03,-5.21128539e-03,-5.32141518e-03,-5.25194777e-03,-5.00297108e-03,-4.57686216e-03,-3.97773559e-03,-3.21142138e-03,-2.28534279e-03,-1.20834094e-03,9.53399931e-06,1.35724118e-03,2.82297754e-03,4.39438991e-03,6.05874343e-03,7.80305571e-03,9.61418357e-03,1.14788597e-02,1.33836799e-02,1.53150464e-02,1.72590740e-02,1.92014725e-02,2.11274162e-02,2.30214187e-02,2.48672290e-02,2.66477659e-02,2.83451089e-02,2.99405610e-02,3.14147986e-02
-2.26113861e-02,-2.23107669e-02,-2.20522004e-02,-2.18553838e-02,-2.17357071e-02,-2.17023771e-02,-2.17601772e-02,-2.19078360e-02,-2.21377265e-02,-2.24367427e-02,-2.27869329e-02,-2.31664612e-02,-2.35507986e-02,-2.39140568e-02,-2.42303659e-02,-2.44751840e-02,-2.46263439e-02,-2.46668411e-02,-2.45820010e-02,-2.43619805e-02,-2.40024912e-02,-2.35040498e-02,-2.28718044e-02,-2.21151519e-02,-2.12472513e-02,-2.02844876e-02,-1.92459237e-02,-1.81527646e-02,-1.70278493e-02,-1.58951711e-02,-1.47794214e-02,-1.37055444e-02,-1.26982852e-02,-1.17817151e-02,-1.09787199e-02,-1.03104414e-02,-9.79567465e-03,-9.45025028e-03,-9.28640579e-03,-9.31052745e-03,-9.52687291e-03,-9.93258132e-03,-1.05192627e-02,-1.12727269e-02,-1.21731454e-02,-1.31955320e-02,-1.43105361e-02,-1.54855247e-02,-1.66859013e-02,-1.78765856e-02,-1.90235572e-02,-2.00953626e-02,-2.10644828e-02,-2.19084790e-02,-2.26108494e-02,-2.31615608e-02,-2.35572370e-02,-2.38009853e-02,-2.39022442e-02,-2.38770755e-02,-2.37430284e-02,-2.35234525e-02,-2.32438459e-02,-2.29309174e-02
6.80826876e-03,5.62438088e-03,4.18786449e-03,2.52195098e-03,6.55302382e-04,-1.37869633e-03,-3.54292273e-03,-5.79783803e-03,-8.10289369e-03,-1.04180563e-02,-1.27053083e-02,-1.49300128e-02,-1.70620449e-02,-1.90766120e-02,-2.09547191e-02,-2.26832669e-02,-2.42548033e-02,-2.56669744e-02,-2.69217397e-02,-2.80244265e-02,-2.89826999e-02,-2.98055212e-02,-3.05021609e-02,-3.10813175e-02,-3.15503853e-02,-3.19148968e-02,-3.21781461e-02,-3.23409441e-02,-3.24025315e-02,-3.23603607e-02,-3.22077591e-02,-3.19385706e-02,-3.15457557e-02,-3.10221645e-02,-3.03611707e-02,-2.95572593e-02,-2.86065488e-02,-2.75072271e-02,-2.62598883e-02,-2.48677623e-02,-2.33368401e-02,-2.16759022e-02,-1.98964601e-02,-1.80126278e-02,-1.60409362e-02,-1.40001058e-02,-1.19107918e-02,-9.79530981e-03,-7.67735309e-03,-5.58170280e-03,-3.53393531e-03,-1.56012403e-03,3.13467458e-04,2.06068927e-03,3.65587386e-03,5.07420821e-03,6.29213589e-03,7.28780952e-03,8.04158778e-03,8.53656959e-03,8.75912296e-03,8.69963467e-03,8.35452797e-03,7.72213498e-03
-6.66104098e-03,-6.23421220e-03,-5.79462436e-03,-5.33766881e-03,-4.85939194e-03,-4.35696335e-03,-3.82914165e-03,-3.27670394e-03,-2.70280342e-03,-2.11322063e-03,-1.51647825e-03,-9.23796420e-04,-3.48874733e-04,1.92502226e-04,6.83023220e-04,1.10456915e-03,1.43903971e-03,1.66925795e-03,1.77989869e-03,1.75839327e-03,1.59595153e-03,1.28763310e-03,8.33422613e-04,2.38191795e-04,-4.88339964e-04,-1.33193698e-03,-2.27446740e-03,-3.29471633e-03,-4.36936599e-03,-5.47405731e-03,-6.58445207e-03,-7.67721865e-03,-8.73087755e-03,-9.72646165e-03,-1.06479686e-02,-1.14826042e-02,-1.22208358e-02,-1.28562854e-02,-1.33855027e-02,-1.38076585e-02,-1.41241924e-02,-1.43384423e-02,-1.44552310e-02,-1.44813984e-02,-1.44234583e-02,-1.42891037e-02,-1.40866137e-02,-1.38244670e-02,-1.35111935e-02,-1.31552172e-02,-1.27647090e-02,-1.23474505e-02,-1.19107077e-02,-1.14611133e-02,-1.10045590e-02,-1.05460949e-02,-1.00898398e-02,-9.63890079e-03,-9.19530840e-03,-8.75996955e-03,-8.33264776e-03,-7.91197884e-03,-7.49553286e-03,-7.07993311e-03
-1.28652123e-02,-1.56222638e-02,-1.84116132e-02,-2.12012955e-02,-2.39568339e-02,-2.66421304e-02,-2.92205344e-02,-3.16560093e-02,-3.39143034e-02,-3.59640328e-02,-3.77775934e-02,-3.93318427e-02,-4.06085144e-02,-4.15943505e-02,-4.22808990e-02,-4.26637125e-02,-4.27500848e-02,-4.25396534e-02,-4.20393339e-02,-4.12603375e-02,-4.02157791e-02,-3.89206236e-02,-3.73914477e-02,-3.56462347e-02,-3.37042248e-02,-3.15858116e-02,-2.93124689e-02,-2.69066901e-02,-2.43919226e-02,-2.17924826e-02,-1.91334384e-02,-1.64404554e-02,-1.37395978e-02,-1.10570868e-02,-8.41901866e-03,-5.85104807e-03,-3.37804540e-03,-1.02373965e-03,1.18963846e-03,3.24167974e-03,5.11415795e-03,6.79127062e-03,8.25984116e-03,9.50944277e-03,1.05324333e-02,1.13238940e-02,1.18814701e-02,1.22051075e-02,1.22966008e-02,1.21608022e-02,1.18019530e-02,1.12252929e-02,1.04372129e-02,9.44421504e-03,8.25280828e-03,6.86945948e-03,5.30066851e-03,3.55318070e-03,1.63433152e-03,-4.47495419e-04,-2.68231639e-03,-5.05798919e-03,-7.55965559e-03,-1.01692592e-02
3.49522216e-02,3.39679799e-02,3.28336364e-02,3.15444216e-02,3.00966641e-02,2.84887302e-02,2.67220223e-02,2.48019623e-02,2.27388618e-02,2.05485835e-02,1.82528940e-02,1.58794315e-02,1.34612403e-02,1.10358688e-02,8.64407444e-03,6.32822979e-03,4.13055977e-03,2.09136144e-03,2.47359145e-04,-1.36965848e-03,-2.73386308e-03,-3.82602138e-03,-4.63365860e-03,-5.15085179e-03,-5.37783995e-03,-5.32117593e-03,-4.99009209e-03,-4.39879061e-03,-3.56425429e-03,-2.50561096e-03,-1.24349745e-03,2.00470719e-04,1.80410172e-03,3.54495911e-03,5.40058949e-03,7.34867402e-03,9.36714714e-03,1.14342941e-02,1.35288445e-02,1.56300759e-02,1.77179347e-02,1.97731787e-02,2.17775400e-02,2.37139022e-02,2.55664847e-02,2.73210214e-02,2.89649240e-02,3.04874140e-02,3.18796155e-02,3.31345948e-02,3.42473416e-02,3.52146857e-02,3.60351478e-02,3.67087265e-02,3.72366258e-02,3.76209291e-02,3.78642211e-02,3.79690961e-02,3.79382248e-02,3.77760123e-02,3.74805983e-02,3.70524025e-02,3.64902062e-02,3.57914093e-02
-1.97698474e-02,-1.77564951e-02,-1.57182921e-02,-1.36725024e-02,-1.16368651e-02,-9.62953253e-03,-7.66896954e-03,-5.77381382e-03,-3.96269730e-03,-2.25403204e-03,-6.65765653e-04,7.84885581e-04,2.08170592e-03,3.20979906e-03,4.15585648e-03,4.90842643e-03,5.45815721e-03,5.79800110e-03,5.92334276e-03,5.83251322e-03,5.52641730e-03,5.00792742e-03,4.28310010e-03,3.36038578e-03,2.25049336e-03,9.66152668e-04,-4.78172655e-04,-2.06658701e-03,-3.78211198e-03,-5.60699071e-03,-7.52296269e-03,-9.51149079e-03,-1.15539250e-02,-1.36315989e-02,-1.57258642e-02,-1.78180780e-02,-1.98895658e-02,-2.19215880e-02,-2.38953390e-02,-2.57920040e-02,-2.75928917e-02,-2.92796508e-02,-3.08345621e-02,-3.22408927e-02,-3.34832805e-02,-3.45481193e-02,-3.54239046e-02,-3.61015026e-02,-3.65742722e-02,-3.68378052e-02,-3.68950903e-02,-3.67444149e-02,-3.63891930e-02,-3.58357903e-02,-3.50922016e-02,-3.41679480e-02,-3.30738317e-02,-3.18216939e-02,-3.04242062e-02,-2.88947079e-02,-2.72470918e-02,-2.54957357e-02,-2.36554727e-02,-2.17415904e-02
-3.75998427e-02,-3.73478273e-02,-3.69990689e-02,-3.65515970e-02,-3.60054058e-02,-3.53624996e-02,-3.46268974e-02,-3.38046058e-02,-3.29035620e-02,-3.19335547e-02,-3.09061215e-02,-2.98344261e-02,-2.87331121e-02,-2.76181303e-02,-2.65065346e-02,-2.54162394e-02,-2.43657318e-02,-2.33737338e-02,-2.24588085e-02,-2.16389123e-02,-2.09308959e-02,-2.03499670e-02,-1.99091388e-02,-1.96187264e-02,-1.94857580e-02,-1.95112256e-02,-1.96965270e-02,-2.00359682e-02,-2.05199051e-02,-2.11346625e-02,-2.18629434e-02,-2.26844832e-02,-2.35768978e-02,-2.45166744e-02,-2.54802390e-02,-2.64450274e-02,-2.73904806e-02,-2.82988974e-02,-2.91560842e-02,-2.99517659e-02,-3.06797391e-02,-3.13377733e-02,-3.19272827e-02,-3.24528058e-02,-3.29213432e-02,-3.33416037e-02,-3.37232152e-02,-3.40759478e-02,-3.44089957e-02,-3.47303510e-02,-3.50462977e-02,-3.53610415e-02,-3.56764853e-02,-3.59921497e-02,-3.63052303e-02,-3.66107778e-02,-3.69019783e-02,-3.71705124e-02,-3.74069651e-02,-3.76012588e-02,-3.77430602e-02,-3.78219718e-02,-3.78306867e-02,-3.77589547e-02
-3.57426233e-02,-3.52462629e-02,-3.46751105e-02,-3.40337661e-02,-3.33249303e-02,-3.25495579e-02,-3.17071112e-02,-3.07958973e-02,-2.98134742e-02,-2.87571048e-02,-2.76242345e-02,-2.64129705e-02,-2.51225388e-02,-2.37536989e-02,-2.23090983e-02,-2.07935556e-02,-1.92142627e-02,-1.75809042e-02,-1.59056930e-02,-1.42033272e-02,-1.24908728e-02,-1.07875782e-02,-9.11462700e-03,-7.49483366e-03,-5.95228405e-03,-4.51192364e-03,-3.19909190e-03,-2.03900259e-03,-1.05616922e-03,-2.73777353e-04,2.86988758e-04,6.07642994e-04,6.73155544e-04,4.72801864e-04,4.60281491e-07,-7.44451100e-04,-1.75660835e-03,-3.02456136e-03,-4.53068243e-03,-6.25140377e-03,-8.15773906e-03,-1.02160831e-02,-1.23892590e-02,-1.46377579e-02,-1.69210978e-02,-1.91992141e-02,-2.14337947e-02,-2.35894773e-02,-2.56348447e-02,-2.75431709e-02,-2.92929000e-02,-3.08678556e-02,-3.22572019e-02,-3.34551885e-02,-3.44607177e-02,-3.52767797e-02,-3.59097923e-02,-3.63688812e-02,-3.66650959e-02,-3.68103620e-02,-3.68217474e-02,-3.67081548e-02,-3.64828790e-02,-3.61576423e-02
-1.75771973e-03,-1.53319140e-03,-1.28564838e-03,-1.01379006e-03,-7.18383764e-04,-4.02378325e-04,-7.09527115e-05,2.68505288e-04,6.06497399e-04,9.31600458e-04,1.23074297e-03,1.48958253e-03,1.69298679e-03,1.82561538e-03,1.87258762e-03,1.82030414e-03,1.65714031e-03,1.37417858e-03,9.66103056e-04,4.31746046e-04,-2.25452107e-04,-9.97208639e-04,-1.87045029e-03,-2.82764617e-03,-3.84742948e-03,-4.90547811e-03,-5.97559384e-03,-7.03089992e-03,-8.04506462e-03,-8.99345745e-03,-9.85415509e-03,-1.06087340e-02,-1.12428125e-02,-1.17463313e-02,-1.21135837e-02,-1.23430074e-02,-1.24370770e-02,-1.24021542e-02,-1.22459731e-02,-1.19796570e-02,-1.16159898e-02,-1.11690137e-02,-1.06535686e-02,-1.00848613e-02,-9.47807161e-03,-8.84799211e-03,-8.20869773e-03,-7.57324129e-03,-6.95337475e-03,-6.35929870e-03,-5.79944622e-03,-5.28030955e-03,-4.80631950e-03,-4.37978754e-03,-4.00091877e-03,-3.66790098e-03,-3.37707107e-03,-3.12315490e-03,-2.89957241e-03,-2.69879501e-03,-2.51273965e-03,-2.33318187e-03,-2.15217045e-03,-1.96242743e-03
4.57193084e-02,4.57994229e-02,4.56266120e-02,4.51895173e-02,4.44833969e-02,4.35099368e-02,4.22755303e-02,4.07917404e-02,3.90753514e-02,3.71481167e-02,3.50362359e-02,3.27695966e-02,3.03808334e-02,2.79042755e-02,2.53748650e-02,2.28271271e-02,2.02942629e-02,1.78074180e-02,1.53951568e-02,1.30831431e-02,1.08940126e-02,8.84739873e-03,6.96007047e-03,5.24613427e-03,3.71725951e-03,2.38289396e-03,1.25044747e-03,3.25433021e-04,-3.88433653e-04,-8.89162620e-04,-1.17646687e-03,-1.25189110e-03,-1.11842934e-03,-7.80728653e-04,-2.45059934e-04,4.80826201e-04,1.38778822e-03,2.46545348e-03,3.70235601e-03,5.08610598e-03,6.60356641e-03,8.24103011e-03,9.98438924e-03,1.18192904e-02,1.37312688e-02,1.57058563e-02,1.77286584e-02,1.97853992e-02,2.18619305e-02,2.39442081e-02,2.60182362e-02,2.80699850e-02,3.00852874e-02,3.20497234e-02,3.39485033e-02,3.57663611e-02,3.74874728e-02,3.90954148e-02,4.05731775e-02,4.19032494e-02,4.30677860e-02,4.40488724e-02,4.48288827e-02,4.53909258e-02
2.22800984e-02,2.11328969e-02,1.99708299e-02,1.88162099e-02,1.76912109e-02,1.66172029e-02,1.56141075e-02,1.46998048e-02,1.38896215e-02,1.31959212e-02,1.26278135e-02,1.21909862e-02,1.18876631e-02,1.17166853e-02,1.16737609e-02,1.17508032e-02,1.19383778e-02,1.22244808e-02,1.25951313e-02,1.30351592e-02,1.35286960e-02,1.40597180e-02,1.46126050e-02,1.51726970e-02,1.57268322e-02,1.62638437e-02,1.67749917e-02,1.72543030e-02,1.76987910e-02,1.81085308e-02,1.84865693e-02,1.88386627e-02,1.91728429e-02,1.94988310e-02,1.98273307e-02,2.01692453e-02,2.05348716e-02,2.09331245e-02,2.13708484e-02,2.18522588e-02,2.23785526e-02,2.29477042e-02,2.35544530e-02,2.41904710e-02,2.48446871e-02,2.55037377e-02,2.61525067e-02,2.67747196e-02,2.73535559e-02,2.78722516e-02,2.83146679e-02,2.86658072e-02,2.89122617e-02,2.90425575e-02,2.90469296e-02,2.89226053e-02,2.86625561e-02,2.82666553e-02,2.77374414e-02,2.70804746e-02,2.63043695e-02,2.54207041e-02,2.44438380e-02,2.33906361e-02
1.13466700e-03,1.53982371e-03,1.75350647e-03,1.77548705e-03,1.60648898e-03,1.24702291e-03,6.98099477e-04,-3.92052868e-05,-9.63708694e-04,-2.07397839e-03,-3.36806836e-03,-4.84312480e-03,-6.49490434e-03,-8.31723012e-03,-1.03014282e-02,-1.24357940e-02,-1.47051433e-02,-1.70904994e-02,-1.95689668e-02,-2.21138270e-02,-2.46948796e-02,-2.72790293e-02,-2.98310979e-02,-3.23148191e-02,-3.46939516e-02,-3.69334361e-02,-3.90005135e-02,-4.08657280e-02,-4.25037492e-02,-4.38939649e-02,-4.50208188e-02,-4.58738718e-02,-4.64474923e-02,-4.67396275e-02,-4.67639278e-02,-4.65175851e-02,-4.60128339e-02,-4.52631935e-02,-4.42838633e-02,-4.30914506e-02,-4.17036009e-02,-4.01386796e-02,-3.84155277e-02,-3.65532887e-02,-3.45712986e-02,-3.24890235e-02,-3.03260298e-02,-2.81019700e-02,-2.58365698e-02,-2.35496015e-02,-2.12608343e-02,-1.89899534e-02,-1.67564418e-02,-1.45794275e-02,-1.24774960e-02,-1.04684775e-02,-8.56921791e-03,-6.79534809e-03,-5.16106629e-03,-3.67895064e-03,-2.35981791e-03,-1.21264285e-03,-2.44548648e-04,5.39122932e-04
-7.32607146e-03,-6.17637189e-03,-4.92831730e-03,-3.59315374e-03,-2.18203865e-03,-7.05971536e-04,8.24192285e-04,2.39764740e-03,4.00350609e-03,5.63060568e-03,7.26730774e-03,8.90130522e-03,1.05194613e-02,1.21077010e-02,1.36509742e-02,1.51333022e-02,1.65379187e-02,1.78475053e-02,1.90445206e-02,2.01116129e-02,2.10321020e-02,2.17905082e-02,2.23731022e-02,2.27684376e-02,2.29677894e-02,2.29649051e-02,2.27626482e-02,2.23585417e-02,2.17591971e-02,2.09742310e-02,2.00165225e-02,1.89018234e-02,1.76481790e-02,1.62752496e-02,1.48035868e-02,1.32539195e-02,1.16465014e-02,1.00005660e-02,8.33392287e-03,6.66271794e-03,5.00136094e-03,3.36261162e-03,1.75779888e-03,1.97137386e-04,-1.30990030e-03,-2.75420885e-03,-4.12672102e-03,-5.41815103e-03,-6.61885490e-03,-7.71882195e-03,-8.70780045e-03,-9.57554588e-03,-1.03121658e-02,-1.09085242e-02,-1.13566595e-02,-1.16501482e-02,-1.17844656e-02,-1.17586599e-02,-1.15712959e-02,-1.12249163e-02,-1.07240216e-02,-1.00750266e-02,-9.28598230e-03,-8.36623553e-03
-9.34699245e-03,-9.14917405e-03,-8.85386779e-03,-8.46872701e-03,-8.00197589e-03,-7.46228680e-03,-6.85861144e-03,-6.19997012e-03,-5.49520835e-03,-4.75273444e-03,-3.98025635e-03,-3.18453816e-03,-2.37119765e-03,-1.54456531e-03,-7.07622372e-04,1.37969441e-04,9.91739617e-04,1.85418253e-03,2.72644005e-03,3.60991000e-03,4.50580183e-03,5.41466637e-03,6.33592958e-03,7.26746083e-03,8.20520523e-03,9.14290596e-03,1.00719382e-02,1.09812701e-02,1.18575615e-02,1.26854024e-02,1.34476911e-02,1.41261410e-02,1.47019047e-02,1.51562911e-02,1.54715464e-02,1.56316376e-02,1.56227724e-02,1.54376380e-02,1.50678389e-02,1.45125676e-02,1.37756392e-02,1.28658968e-02,1.17971036e-02,1.05875407e-02,9.25935066e-03,7.83766691e-03,6.34959443e-03,4.82311506e-03,3.28600132e-03,1.76481780e-03,2.84077243e-04,-1.13439725e-03,-2.47188921e-03,-3.71299186e-03,-4.84558714e-03,-5.86067044e-03,-6.75205990e-03,-7.51604081e-03,-8.15099181e-03,-8.65703106e-03,-9.03570820e-03,-9.28974979e-03,-9.42279268e-03,-9.44030730e-03
3.62457646e-02,3.64195804e-02,3.65285908e-02,3.65623620e-02,3.65102879e-02,3.63594597e-02,3.60960232e-02,3.57073702e-02,3.51821512e-02,3.45113026e-02,3.36890159e-02,3.27136132e-02,3.15882730e-02,3.03215357e-02,2.89275323e-02,2.74258918e-02,2.58413059e-02,2.42027588e-02,2.25424595e-02,2.08945438e-02,1.92936362e-02,1.77733758e-02,1.63650140e-02,1.50961808e-02,1.39899002e-02,1.30639042e-02,1.23302694e-02,1.17953720e-02,1.14601331e-02,1.13205416e-02,1.13680434e-02,1.15898103e-02,1.19722750e-02,1.24985944e-02,1.31509884e-02,1.39113188e-02,1.47616830e-02,1.56849043e-02,1.66649011e-02,1.76869299e-02,1.87377135e-02,1.98054650e-02,2.08798286e-02,2.19517592e-02,2.30133648e-02,2.40577378e-02,2.50787956e-02,2.60711509e-02,2.70300233e-02,2.79511993e-02,2.88310379e-02,2.96665130e-02,3.04552768e-02,3.11957227e-02,3.18870255e-02,3.25291344e-02,3.31227005e-02,3.36689244e-02,3.41693216e-02,3.46254090e-02,3.50383322e-02,3.54084574e-02,3.57349639e-02,3.60154747e-02
3.78365089e-03,2.11964544e-03,4.55217734e-04,-1.20111665e-03,-2.84100415e-03,-4.45583533e-03,-6.03634554e-03,-7.57229426e-03,-9.05225734e-03,-1.04635597e-02,-1.17923621e-02,-1.30238991e-02,-1.41428517e-02,-1.51338221e-02,-1.59818709e-02,-1.66730700e-02,-1.71950193e-02,-1.75372452e-02,-1.76917213e-02,-1.76553676e-02,-1.74231932e-02,-1.69959374e-02,-1.63767579e-02,-1.55713757e-02,-1.45879060e-02,-1.34366310e-02,-1.21297541e-02,-1.06811564e-02,-9.10616648e-03,-7.42135001e-03,-5.64432012e-03,-3.79356699e-03,-1.88830075e-03,5.16988478e-05,2.00622535e-03,3.95481323e-03,5.87691691e-03,7.75209296e-03,9.56020895e-03,1.12816712e-02,1.28976691e-02,1.43904321e-02,1.57434929e-02,1.69419514e-02,1.79727305e-02,1.88248167e-02,1.94894745e-02,1.99604246e-02,2.02339576e-02,2.03088221e-02,2.01886330e-02,1.98768346e-02,1.93798732e-02,1.87074428e-02,1.78712361e-02,1.68847081e-02,1.57626896e-02,1.45209356e-02,1.31756451e-02,1.17429826e-02,1.02386367e-02,8.67744763e-03,7.07313514e-03,5.43814813e-03
8.63755486e-03,9.31041594e-03,1.00498302e-02,1.08469783e-02,1.16937275e-02,1.25828140e-02,1.35079450e-02,1.44638158e-02,1.54460427e-02,1.64510187e-02,1.74756997e-02,1.85173366e-02,1.95731694e-02,2.06401018e-02,2.17143758e-02,2.27912688e-02,2.38648306e-02,2.49276820e-02,2.59708885e-02,2.69839262e-02,2.79547471e-02,2.88699524e-02,2.97150724e-02,3.04749510e-02,3.11342216e-02,3.16778591e-02,3.20917782e-02,3.23634376e-02,3.24823303e-02,3.24411067e-02,3.22380112e-02,3.18693009e-02,3.13383842e-02,3.06520328e-02,2.98204277e-02,2.88568118e-02,2.77769492e-02,2.65984665e-02,2.53401386e-02,2.40211837e-02,2.26606247e-02,2.12767677e-02,1.98868279e-02,1.85067161e-02,1.71509761e-02,1.58328474e-02,1.45644124e-02,1.33567822e-02,1.22202746e-02,1.11645451e-02,1.01986432e-02,9.33098112e-03,8.56921743e-03,7.92007142e-03,7.38909501e-03,6.98043488e-03,6.69661936e-03,6.53840473e-03,6.50474453e-03,6.59218999e-03,6.79638153e-03,7.11106427e-03,7.52862053e-03,8.04049877e-03
-1.82070418e-02,-1.68324152e-02,-1.54927717e-02,-1.42029201e-02,-1.29781847e-02,-1.18339665e-02,-1.07852828e-02,-9.84630996e-03,-9.02995665e-03,-8.34749478e-03,-7.80827384e-03,-7.41954339e-03,-7.18642881e-03,-7.11148589e-03,-7.19573235e-03,-7.43871530e-03,-7.83823727e-03,-8.39111931e-03,-9.09347714e-03,-9.94095317e-03,-1.09288307e-02,-1.20519931e-02,-1.33047122e-02,-1.46802750e-02,-1.61704798e-02,-1.77650632e-02,-1.94511330e-02,-2.12126981e-02,-2.30303849e-02,-2.48814185e-02,-2.67399197e-02,-2.85775349e-02,-3.03643733e-02,-3.20701839e-02,-3.36656732e-02,-3.51238399e-02,-3.64212029e-02,-3.75388079e-02,-3.84629274e-02,-3.91853996e-02,-3.97035777e-02,-4.00198357e-02,-4.01423694e-02,-4.00842255e-02,-3.98556110e-02,-3.94728284e-02,-3.89524359e-02,-3.83108295e-02,-3.75635630e-02,-3.67247907e-02,-3.58068863e-02,-3.48202496e-02,-3.37732936e-02,-3.26725936e-02,-3.15231734e-02,-3.03288938e-02,-2.90929092e-02,-2.78181553e-02,-2.65078303e-02,-2.51658399e-02,-2.37971756e-02,-2.24082070e-02,-2.10068706e-02,-1.96027500e-02
-3.97544105e-02,-3.94414728e-02,-3.91573584e-02,-3.89110052e-02,-3.87088740e-02,-3.85545972e-02,-3.84487552e-02,-3.83888096e-02,-3.83688202e-02,-3.83805553e-02,-3.84136550e-02,-3.84554402e-02,-3.84921075e-02,-3.85096695e-02,-3.84952029e-02,-3.84353614e-02,-3.83195026e-02,-3.81393090e-02,-3.78893081e-02,-3.75672132e-02,-3.71740955e-02,-3.67143998e-02,-3.61958206e-02,-3.56290503e-02,-3.50274178e-02,-3.44064349e-02,-3.37832659e-02,-3.31761406e-02,-3.26037228e-02,-3.20844548e-02,-3.16358941e-02,-3.12740667e-02,-3.10128836e-02,-3.08637788e-02,-3.08325259e-02,-3.09250335e-02,-3.11419747e-02,-3.14797822e-02,-3.19311924e-02,-3.24854232e-02,-3.31285822e-02,-3.38442243e-02,-3.46140154e-02,-3.54184579e-02,-3.62376307e-02,-3.70519016e-02,-3.78425729e-02,-3.85924332e-02,-3.92861999e-02,-3.99108491e-02,-4.04558377e-02,-4.09132317e-02,-4.12777551e-02,-4.15467682e-02,-4.17201525e-02,-4.18000736e-02,-4.17942610e-02,-4.17065750e-02,-4.15467263e-02,-4.13255967e-02,-4.10554076e-02,-4.07493891e-02,-4.04213518e-02,-4.00852012e-02
-6.57246073e-03,-5.69501727e-03,-4.85924860e-03,-4.08250234e-03,-3.38014505e-03,-2.76500929e-03,-2.24692023e-03,-1.83233064e-03,-1.52409084e-03,-1.32137768e-03,-1.21980631e-03,-1.21158309e-03,-1.28625682e-03,-1.43101811e-03,-1.63154636e-03,-1.87279667e-03,-2.13981685e-03,-2.41853646e-03,-2.69647504e-03,-2.96332542e-03,-3.21137928e-03,-3.43577578e-03,-3.63456819e-03,-3.80861683e-03,-3.96132779e-03,-4.09826544e-03,-4.22667221e-03,-4.35493132e-03,-4.49200774e-03,-4.64689876e-03,-4.82812190e-03,-5.04326282e-03,-5.29859977e-03,-5.59881451e-03,-5.94679289e-03,-6.34351198e-03,-6.78800609e-03,-7.27739965e-03,-7.80699364e-03,-8.37039162e-03,-8.95965338e-03,-9.56546746e-03,-1.01773379e-02,-1.07837850e-02,-1.13725632e-02,-1.19309023e-02,-1.24457779e-02,-1.29042146e-02,-1.32936239e-02,-1.36021689e-02,-1.38191331e-02,-1.39351491e-02,-1.39443060e-02,-1.38404412e-02,-1.36213825e-02,-1.32876099e-02,-1.28424951e-02,-1.22923591e-02,-1.16464056e-02,-1.09165449e-02,-1.01171152e-02,-9.26451180e-03,-8.37673261e-03,-7.47285541e-03
1.65854447e-02,1.65357371e-02,1.64553659e-02,1.63417523e-02,1.61963434e-02,1.60246874e-02,1.58362644e-02,1.56440669e-02,1.54639448e-02,1.53137482e-02,1.52123229e-02,1.51784760e-02,1.52292615e-02,1.53797861e-02,1.56423871e-02,1.60250827e-02,1.65315035e-02,1.71606202e-02,1.79067397e-02,1.87597336e-02,1.97054644e-02,2.07263692e-02,2.18021583e-02,2.29105850e-02,2.40282453e-02,2.51313700e-02,2.61965795e-02,2.72015735e-02,2.81257375e-02,2.89506496e-02,2.96604815e-02,3.02422870e-02,3.06861800e-02,3.09854024e-02,3.11362514e-02,3.11372418e-02,3.09954170e-02,3.07115148e-02,3.02941325e-02,2.97535867e-02,2.91022606e-02,2.83544588e-02,2.75261746e-02,2.66348123e-02,2.56988580e-02,2.47374908e-02,2.37701282e-02,2.28159109e-02,2.18931384e-02,2.10186809e-02,2.02073956e-02,1.94715864e-02,1.88205417e-02,1.82601864e-02,1.77928744e-02,1.74173410e-02,1.71288248e-02,1.69193572e-02,1.67782089e-02,1.66924753e-02,1.66477769e-02,1.66290420e-02,1.66213360e-02,1.66107961e-02
7.53262847e-03,8.40158192e-03,9.19737985e-03,9.91187364e-03,1.05398388e-02,1.10791505e-02,1.15308220e-02,1.18988896e-02,1.21901343e-02,1.24136466e-02,1.25802496e-02,1.27018128e-02,1.27904946e-02,1.28579631e-02,1.29146439e-02,1.29690487e-02,1.30272276e-02,1.30923700e-02,1.31645685e-02,1.32407601e-02,1.33148469e-02,1.33779837e-02,1.34190080e-02,1.34249367e-02,1.33821899e-02,1.32762192e-02,1.30931306e-02,1.28202710e-02,1.24469822e-02,1.19653260e-02,1.13707138e-02,1.06624080e-02,9.84386023e-03,8.92285341e-03,7.91142662e-03,6.82557388e-03,5.68472515e-03,4.51103587e-03,3.32852854e-03,2.16214383e-03,1.03676627e-03,-2.37092752e-05,-9.97205144e-04,-1.86415620e-03,-2.60802644e-03,-3.21563187e-03,-3.67729137e-03,-3.98681684e-03,-4.14129383e-03,-4.14177719e-03,-3.99089248e-03,-3.69469760e-03,-3.26148728e-03,-2.70161900e-03,-2.02726815e-03,-1.25218948e-03,-3.91483350e-04,5.38642852e-04,1.52112453e-03,2.53833859e-03,3.57241641e-03,4.60560468e-03,5.62066505e-03,6.60130523e-03
2.07907558e-02,2.09384439e-02,2.09896210e-02,2.09360567e-02,2.07702446e-02,2.04855620e-02,2.00783953e-02,1.95477132e-02,1.88954893e-02,1.81269424e-02,1.72506053e-02,1.62782114e-02,1.52243946e-02,1.41062165e-02,1.29425500e-02,1.17533632e-02,1.05589577e-02,9.37922191e-03,8.23295348e-03,7.13729790e-03,6.10733526e-03,5.15582858e-03,4.29313015e-03,3.52722627e-03,2.86388960e-03,2.30690183e-03,1.85830912e-03,1.51867631e-03,1.28731429e-03,1.16246491e-03,1.14144400e-03,1.22062847e-03,1.39574334e-03,1.66167919e-03,2.01259011e-03,2.44194127e-03,2.94257258e-03,3.50679655e-03,4.12653086e-03,4.79346188e-03,5.49923097e-03,6.23563209e-03,6.99480718e-03,7.76942541e-03,8.55283364e-03,9.33916723e-03,1.01234138e-02,1.09014260e-02,1.16698818e-02,1.24261967e-02,1.31683909e-02,1.38949221e-02,1.46044893e-02,1.52958215e-02,1.59674583e-02,1.66175350e-02,1.72435817e-02,1.78423468e-02,1.84096551e-02,1.89403110e-02,1.94280558e-02,1.98655883e-02,2.02446581e-02,2.05562348e-02
7.41356682e-04,-6.83160846e-04,-2.21964563e-03,-3.85755470e-03,-5.58364687e-03,-7.38165626e-03,-9.23211716e-03,-1.11123933e-02,-1.29969492e-02,-1.48578782e-02,-1.66656733e-02,-1.83902005e-02,-2.00018069e-02,-2.14724799e-02,-2.27769657e-02,-2.38937588e-02,-2.48058855e-02,-2.55014243e-02,-2.59736926e-02,-2.62208017e-02,-2.62507883e-02,-2.60677639e-02,-2.56844070e-02,-2.51162392e-02,-2.43809317e-02,-2.34975883e-02,-2.24859810e-02,-2.13658429e-02,-2.01562565e-02,-1.88751577e-02,-1.75389688e-02,-1.61623642e-02,-1.47581689e-02,-1.33373818e-02,-1.19093105e-02,-1.04818005e-02,-9.06153582e-03,-7.65438546e-03,-6.26576821e-03,-4.90100755e-03,-3.56565054e-03,-2.26572781e-03,-1.00793679e-03,2.00263311e-04,1.35064545e-03,2.43430732e-03,3.44183984e-03,4.36355788e-03,5.18977667e-03,5.91110858e-03,6.51875557e-03,7.00477297e-03,7.36228322e-03,7.58561993e-03,7.67037013e-03,7.61367688e-03,7.41393524e-03,7.06997296e-03,6.58210986e-03,5.95141936e-03,5.17966339e-03,4.26924920e-03,3.22326838e-03,2.04563921e-03
2.90087228e-02,2.84014569e-02,2.78890804e-02,2.74778597e-02,2.71707493e-02,2.69675590e-02,2.68652759e-02,2.68587601e-02,2.69380455e-02,2.70960392e-02,2.73218391e-02,2.76040337e-02,2.79309095e-02,2.82907537e-02,2.86721650e-02,2.90643379e-02,2.94573175e-02,2.98422289e-02,3.02114835e-02,3.05589637e-02,3.08801809e-02,3.11723991e-02,3.14347155e-02,3.16680816e-02,3.18752563e-02,3.20606763e-02,3.22302416e-02,3.23910153e-02,3.25508473e-02,3.27179390e-02,3.29003714e-02,3.31056203e-02,3.33400868e-02,3.36086696e-02,3.39144082e-02,3.42582136e-02,3.46387021e-02,3.50521357e-02,3.54924677e-02,3.59514875e-02,3.64190517e-02,3.68833922e-02,3.73314847e-02,3.77494683e-02,3.81231022e-02,3.84382506e-02,3.86813809e-02,3.88400542e-02,3.89033037e-02,3.88631467e-02,3.87146462e-02,3.84530031e-02,3.80786536e-02,3.75953203e-02,3.70102009e-02,3.63339041e-02,3.55801973e-02,3.47655834e-02,3.39087250e-02,3.30297430e-02,3.21494294e-02,3.12884211e-02,3.04663883e-02,2.97012871e-02
-6.42483517e-03,-5.45259032e-03,-4.35660648e-03,-3.15559846e-03,-1.86658891e-03,-5.04695011e-04,9.16977014e-04,2.38733578e-03,3.89723205e-03,5.43928661e-03,7.00765701e-03,8.59774813e-03,1.02058808e-02,1.18289329e-02,1.34639686e-02,1.51078695e-02,1.67569845e-02,1.84068081e-02,2.00517020e-02,2.16846671e-02,2.32971736e-02,2.48790542e-02,2.64184616e-02,2.79018916e-02,2.93142692e-02,3.06390945e-02,3.18586468e-02,3.29542407e-02,3.39065328e-02,3.46958750e-02,3.53027094e-02,3.57079857e-02,3.58934757e-02,3.58427764e-02,3.55470613e-02,3.49897979e-02,3.41642413e-02,3.30673393e-02,3.17008573e-02,3.00720759e-02,2.81942976e-02,2.60871550e-02,2.37766735e-02,2.12950343e-02,1.86800053e-02,1.59740301e-02,1.32229984e-02,1.04747569e-02,7.77745003e-03,5.17780454e-03,2.71947768e-03,4.41587213e-04,-1.62246823e-03,-3.44586059e-03,-5.00884732e-03,-6.29884263e-03,-7.31018095e-03,-8.04359349e-03,-8.50544026e-03,-8.70692454e-03,-8.66435017e-03,-8.39425350e-03,-7.91685821e-03,-7.25325990e-03
1.75099727e-02,1.74568419e-02,1.74072528e-02,1.73564877e-02,1.73036531e-02,1.72517679e-02,1.72075998e-02,1.71812642e-02,1.71856663e-02,1.72348511e-02,1.73448321e-02,1.75309789e-02,1.78076733e-02,1.81873373e-02,1.86796616e-02,1.92910265e-02,2.00241235e-02,2.08777789e-02,2.18469663e-02,2.29229812e-02,2.40937442e-02,2.53441961e-02,2.66567496e-02,2.80117684e-02,2.93880497e-02,3.07632963e-02,3.21145701e-02,3.34187269e-02,3.46528355e-02,3.57945900e-02,3.68227209e-02,3.77174126e-02,3.84607286e-02,3.90370380e-02,3.94334207e-02,3.96399663e-02,3.96490446e-02,3.94661055e-02,3.90860332e-02,3.85161475e-02,3.77673517e-02,3.68545163e-02,3.57963258e-02,3.46148425e-02,3.33348924e-02,3.19833139e-02,3.05881052e-02,2.91775103e-02,2.77790859e-02,2.64187937e-02,2.51201594e-02,2.39035375e-02,2.27855122e-02,2.17784634e-02,2.08903107e-02,2.01244501e-02,1.94798813e-02,1.89515225e-02,1.85306987e-02,1.82057835e-02,1.79629692e-02,1.77871317e-02,1.76627551e-02,1.75748715e-02
-1.48865954e-02,-1.47504790e-02,-1.46914826e-02,-1.47098166e-02,-1.48057960e-02,-1.49777189e-02,-1.52229459e-02,-1.55379854e-02,-1.59186888e-02,-1.63604682e-02,-1.68585108e-02,-1.74079647e-02,-1.80040799e-02,-1.86422896e-02,-1.93182228e-02,-2.00276485e-02,-2.07663562e-02,-2.15299872e-02,-2.23138346e-02,-2.31126364e-02,-2.39203856e-02,-2.47301846e-02,-2.55341650e-02,-2.63234905e-02,-2.70884541e-02,-2.78186701e-02,-2.85033549e-02,-2.91316798e-02,-2.96931728e-02,-3.01781397e-02,-3.05780730e-02,-3.08860113e-02,-3.10967979e-02,-3.12070414e-02,-3.12183193e-02,-3.11295566e-02,-3.09444538e-02,-3.06683228e-02,-3.03079432e-02,-2.98712694e-02,-2.93670612e-02,-2.88045013e-02,-2.81928304e-02,-2.75410240e-02,-2.68575298e-02,-2.61500796e-02,-2.54255832e-02,-2.46901044e-02,-2.39489143e-02,-2.32066114e-02,-2.24672908e-02,-2.17347452e-02,-2.10126749e-02,-2.03048867e-02,-1.96154617e-02,-1.89488766e-02,-1.83100658e-02,-1.77044193e-02,-1.71377149e-02,-1.66159900e-02,-1.61453632e-02,-1.57318184e-02,-1.53809708e-02,-1.50978318e-02
2.81580543e-02,2.74127687e-02,2.65959556e-02,2.57075852e-02,2.47499573e-02,2.37278716e-02,2.26486969e-02,2.15223416e-02,2.03611274e-02,1.91795720e-02,1.79940853e-02,1.68225872e-02,1.56840565e-02,1.45980235e-02,1.35840227e-02,1.26610263e-02,1.18468824e-02,1.11577822e-02,1.06077811e-02,1.02083985e-02,9.96831849e-03,9.89325534e-03,9.98506331e-03,1.02431773e-02,1.06642089e-02,1.12413964e-02,1.19653993e-02,1.28245240e-02,1.38050196e-02,1.48913928e-02,1.60667276e-02,1.73130016e-02,1.86113987e-02,1.99426193e-02,2.12871934e-02,2.26258011e-02,2.39396063e-02,2.52106059e-02,2.64219926e-02,2.75585258e-02,2.86068968e-02,2.95560725e-02,3.03975921e-02,3.11257935e-02,3.17379408e-02,3.22342317e-02,3.26176661e-02,3.28937683e-02,3.30701636e-02,3.31559909e-02,3.31608994e-02,3.30974979e-02,3.29734564e-02,3.27980785e-02,3.25787806e-02,3.23209323e-02,3.20276880e-02,3.16999422e-02,3.13364512e-02,3.09341092e-02,3.04883520e-02,2.99936558e-02,2.94440917e-02,2.88339009e-02
3.05039769e-03,2.69479287e-03,2.22312781e-03,1.65871226e-03,1.02684122e-03,3.53689969e-04,-3.34838660e-04,-1.01423794e-03,-1.66244999e-03,-2.26074886e-03,-2.79443617e-03,-3.25331436e-03,-3.63192711e-03,-3.92957305e-03,-4.15011185e-03,-4.30159047e-03,-4.39572190e-03,-4.44724980e-03,-4.47322261e-03,-4.49217864e-03,-4.52337137e-03,-4.58594756e-03,-4.69807430e-03,-4.87610373e-03,-5.13376941e-03,-5.48143421e-03,-5.92541953e-03,-6.46745096e-03,-7.10426004e-03,-7.82738258e-03,-8.62319059e-03,-9.47318502e-03,-1.03545611e-02,-1.12410369e-02,-1.21039137e-02,-1.29133105e-02,-1.36395002e-02,-1.42542588e-02,-1.47321319e-02,-1.50515011e-02,-1.51956792e-02,-1.51552157e-02,-1.49227169e-02,-1.44990184e-02,-1.38904537e-02,-1.31086965e-02,-1.21702431e-02,-1.10957567e-02,-9.90933070e-03,-8.63771138e-03,-7.30950659e-03,-5.95440019e-03,-4.60238346e-03,-3.28300905e-03,-2.02466965e-03,-8.53902726e-04,2.05275909e-04,1.13199227e-03,1.90911597e-03,2.52377407e-03,2.96777429e-03,3.23791172e-03,3.33611364e-03,3.26959258e-03
-6.99323182e-03,-8.25512605e-03,-9.41070318e-03,-1.04516636e-02,-1.13703764e-02,-1.21597505e-02,-1.28131617e-02,-1.33244498e-02,-1.36879831e-02,-1.38987099e-02,-1.39537157e-02,-1.38496749e-02,-1.35850161e-02,-1.31603047e-02,-1.25779474e-02,-1.18423766e-02,-1.09600985e-02,-9.93963888e-03,-8.79139921e-03,-7.52743693e-03,-6.16118902e-03,-4.70716177e-03,-3.18061025e-03,-1.59722931e-03,2.71249831e-05,1.67666427e-03,3.33585497e-03,4.98954759e-03,6.62304322e-03,8.22211910e-03,9.77301937e-03,1.12624252e-02,1.26774191e-02,1.40054595e-02,1.52343775e-02,1.63524100e-02,1.73482729e-02,1.82112806e-02,1.89315077e-02,1.94999867e-02,1.99089275e-02,2.01519308e-02,2.02240561e-02,2.01238888e-02,1.98501190e-02,1.94034661e-02,1.87878025e-02,1.80091333e-02,1.70756352e-02,1.59975572e-02,1.47870533e-02,1.34579650e-02,1.20255682e-02,1.05062920e-02,8.91741836e-03,7.27676997e-03,5.60239346e-03,3.91224590e-03,2.22389454e-03,5.54242087e-04,-1.08070725e-03,-2.66602609e-03,-4.18799683e-03,-5.63414876e-03
1.37014172e-02,1.39313077e-02,1.42453489e-02,1.46313752e-02,1.50766464e-02,1.55683128e-02,1.60938006e-02,1.66411068e-02,1.71990004e-02,1.77571443e-02,1.83061503e-02,1.88375902e-02,1.93439842e-02,1.98187871e-02,2.02563917e-02,2.06521612e-02,2.10024973e-02,2.13049409e-02,2.15582979e-02,2.17627701e-02,2.19200713e-02,2.20335005e-02,2.21079482e-02,2.21498143e-02,2.21668267e-02,2.21677236e-02,2.21619666e-02,2.21588367e-02,2.21673824e-02,2.21955069e-02,2.22497530e-02,2.23344600e-02,2.24514514e-02,2.25997519e-02,2.27754489e-02,2.29717195e-02,2.31790289e-02,2.33854914e-02,2.35773791e-02,2.37397544e-02,2.38571949e-02,2.39145489e-02,2.38978332e-02,2.37964652e-02,2.35999932e-02,2.33028417e-02,2.29032649e-02,2.24037742e-02,2.18112769e-02,2.11369631e-02,2.03959409e-02,1.96066309e-02,1.87899540e-02,1.79683609e-02,1.71647706e-02,1.64014915e-02,1.56992006e-02,1.50760511e-02,1.45469638e-02,1.41231402e-02,1.38118149e-02,1.36162457e-02,1.35359429e-02,1.35668085e-02
1.96561009e-02,2.01685237e-02,2.06122023e-02,2.09824075e-02,2.12751899e-02,2.14873894e-02,2.16166688e-02,2.16615246e-02,2.16220790e-02,2.14991706e-02,2.12942334e-02,2.10107402e-02,2.06534725e-02,2.02285728e-02,1.97434732e-02,1.92067345e-02,1.86278078e-02,1.80167276e-02,1.73837582e-02,1.67390151e-02,1.60920910e-02,1.54517117e-02,1.48254495e-02,1.42195111e-02,1.36386157e-02,1.30859669e-02,1.25633177e-02,1.20711203e-02,1.16087465e-02,1.11747630e-02,1.07672425e-02,1.03840911e-02,1.00233729e-02,9.68361496e-03,9.36407472e-03,9.06495561e-03,8.78755831e-03,8.53435689e-03,8.30899274e-03,8.11618302e-03,7.96154525e-03,7.85134526e-03,7.79218529e-03,7.79071101e-03,7.85259398e-03,7.98355059e-03,8.18761385e-03,8.46737734e-03,8.82369758e-03,9.25553200e-03,9.75988004e-03,1.03318247e-02,1.09646682e-02,1.16501490e-02,1.23787227e-02,1.31398859e-02,1.39225190e-02,1.47152267e-02,1.55066551e-02,1.62857688e-02,1.70420753e-02,1.77657914e-02,1.84479511e-02,1.90804590e-02
-1.06735640e-02,-1.02315726e-02,-9.76965030e-03,-9.29860418e-03,-8.83208545e-03,-8.38605943e-03,-7.97814798e-03,-7.62687388e-03,-7.35084086e-03,-7.16790039e-03,-7.09407853e-03,-7.14276244e-03,-7.32482043e-03,-7.64677287e-03,-8.11083171e-03,-8.71455719e-03,-9.45076328e-03,-1.03076586e-02,-1.12692230e-02,-1.23158056e-02,-1.34249124e-02,-1.45721343e-02,-1.57321539e-02,-1.68797635e-02,-1.79908235e-02,-1.90431035e-02,-2.00169576e-02,-2.08958060e-02,-2.16664156e-02,-2.23189884e-02,-2.28470828e-02,-2.32474028e-02,-2.35194759e-02,-2.36651482e-02,-2.36905029e-02,-2.35999972e-02,-2.34013554e-02,-2.31036785e-02,-2.27170805e-02,-2.22525772e-02,-2.17219440e-02,-2.11375654e-02,-2.05122643e-02,-1.98590970e-02,-1.91911025e-02,-1.85210026e-02,-1.78608547e-02,-1.72216689e-02,-1.66130081e-02,-1.60425970e-02,-1.55159712e-02,-1.50361994e-02,-1.46037119e-02,-1.42162637e-02,-1.38690528e-02,-1.35550033e-02,-1.32652078e-02,-1.29895115e-02,-1.27172052e-02,-1.24377835e-02,-1.21417215e-02,-1.18212140e-02,-1.14708302e-02,-1.10880378e-02
-1.08442754e-03,-2.57400200e-03,-4.13926578e-03,-5.74318766e-03,-7.34556540e-03,-8.90500427e-03,-1.03810203e-02,-1.17360891e-02,-1.29374684e-02,-1.39586499e-02,-1.47803435e-02,-1.53909438e-02,-1.57864576e-02,-1.59698848e-02,-1.59533847e-02,-1.57492816e-02,-1.53772066e-02,-1.48591527e-02,-1.42186182e-02,-1.34795012e-02,-1.26651118e-02,-1.17973609e-02,-1.08961460e-02,-9.97893694e-03,-9.06055468e-03,-8.15312366e-03,-7.26617112e-03,-6.40684113e-03,-5.58018720e-03,-4.78950628e-03,-4.03667928e-03,-3.32248747e-03,-2.64688153e-03,-2.00918875e-03,-1.40825356e-03,-8.42516296e-04,-3.10043648e-04,1.91469656e-04,6.64704386e-04,1.11270051e-03,1.53879971e-03,1.94652931e-03,2.33941755e-03,2.72073849e-03,3.09319403e-03,3.45854876e-03,3.81724083e-03,4.16799767e-03,4.50748890e-03,4.83004991e-03,5.12750886e-03,5.38914682e-03,5.60181582e-03,5.75023241e-03,5.81744774e-03,5.78560597e-03,5.63707423e-03,5.35443699e-03,4.92275837e-03,4.33034315e-03,3.56996151e-03,2.63995062e-03,1.54511033e-03,2.97289260e-04
-1.47441057e-03,-2.72031981e-03,-4.11755648e-03,-5.63674186e-03,-7.24253802e-03,-8.89520797e-03,-1.05524640e-02,-1.21714621e-02,-1.37107844e-02,-1.51322594e-02,-1.64024918e-02,-1.74940121e-02,-1.83860036e-02,-1.90646001e-02,-1.95227644e-02,-1.97595487e-02,-1.97837544e-02,-1.96025488e-02,-1.92311634e-02,-1.86878857e-02,-1.79934049e-02,-1.71700924e-02,-1.62413003e-02,-1.52307344e-02,-1.41619078e-02,-1.30576722e-02,-1.19398160e-02,-1.08287202e-02,-9.74306019e-03,-8.69954428e-03,-7.71268122e-03,-6.79457170e-03,-5.95472316e-03,-5.19989052e-03,-4.53395061e-03,-3.95782180e-03,-3.46944450e-03,-3.06384025e-03,-2.73326760e-03,-2.46749081e-03,-2.25417234e-03,-2.07939220e-03,-1.92828681e-03,-1.78578840e-03,-1.63743521e-03,-1.47021419e-03,-1.27339018e-03,-1.03927197e-03,-7.63866306e-04,-4.47376810e-04,-9.45126654e-05,2.85417452e-04,6.78640527e-04,1.06729317e-03,1.43002013e-03,1.74278988e-03,1.97990449e-03,2.11517180e-03,2.12316972e-03,1.98098997e-03,1.66882013e-03,1.17205597e-03,4.82210133e-04,-4.02086525e-04
-1.77268871e-02,-1.83551037e-02,-1.89955784e-02,-1.96355777e-02,-2.02600700e-02,-2.08522546e-02,-2.13941747e-02,-2.18673861e-02,-2.22536471e-02,-2.25355779e-02,-2.26971040e-02,-2.27266418e-02,-2.26118298e-02,-2.23449409e-02,-2.19219262e-02,-2.13424093e-02,-2.06098756e-02,-1.97316965e-02,-1.87190333e-02,-1.75866341e-02,-1.63525290e-02,-1.50376346e-02,-1.36652745e-02,-1.22606255e-02,-1.08501015e-02,-9.46068509e-03,-8.11922093e-03,-6.85168642e-03,-5.68245791e-03,-4.63359376e-03,-3.72415953e-03,-2.96962296e-03,-2.38134895e-03,-1.96622544e-03,-1.72645708e-03,-1.65936817e-03,-1.75788279e-03,-2.01064958e-03,-2.40254426e-03,-2.91542800e-03,-3.52894993e-03,-4.22143500e-03,-4.97080162e-03,-5.75545756e-03,-6.55512773e-03,-7.35157490e-03,-8.12918491e-03,-8.87539836e-03,-9.58098125e-03,-1.02401357e-02,-1.08504587e-02,-1.14127609e-02,-1.19307608e-02,-1.24106716e-02,-1.28606979e-02,-1.32904620e-02,-1.37103806e-02,-1.41310126e-02,-1.45624023e-02,-1.50134433e-02,-1.54912886e-02,-1.60008348e-02,-1.65443041e-02,-1.71209476e-02
7.36906780e-03,6.09852183e-03,4.82780620e-03,3.58142402e-03,2.38426199e-03,1.26065280e-03,2.33451461e-04,-6.76811248e-04,-1.45265074e-03,-2.08019736e-03,-2.54954689e-03,-2.85491036e-03,-2.99457499e-03,-2.97107951e-03,-2.78976535e-03,-2.45948233e-03,-1.99157138e-03,-1.39935845e-03,-6.97613543e-04,9.79634283e-05,9.71203296e-04,1.90587856e-03,2.88604400e-03,3.89631036e-03,4.92206499e-03,5.94964582e-03,6.96647915e-03,7.96119147e-03,8.92370328e-03,9.84531003e-03,1.07187515e-02,1.15382670e-02,1.22996309e-02,1.30001592e-02,1.36386785e-02,1.42154479e-02,1.47320258e-02,1.51910808e-02,1.55961445e-02,1.59513161e-02,1.62609293e-02,1.65291968e-02,1.67598552e-02,1.69558278e-02,1.71189281e-02,1.72496229e-02,1.73468679e-02,1.74080267e-02,1.74288510e-02,1.74039246e-02,1.73264301e-02,1.71882942e-02,1.69811346e-02,1.66963999e-02,1.63258830e-02,1.58622549e-02,1.52996107e-02,1.46340097e-02,1.38639827e-02,1.29909770e-02,1.20197085e-02,1.09583898e-02,9.81880596e-03,8.61621625e-03
-1.42165537e-02,-1.44967415e-02,-1.46168841e-02,-1.45853897e-02,-1.44087278e-02,-1.40953894e-02,-1.36537045e-02,-1.30918366e-02,-1.24176866e-02,-1.16388454e-02,-1.07626011e-02,-9.79599348e-03,-8.74590286e-03,-7.61916101e-03,-6.42267018e-03,-5.16351776e-03,-3.84907574e-03,-2.48707708e-03,-1.08566441e-03,3.46590190e-04,1.80068762e-03,3.26723561e-03,4.73648874e-03,6.19839300e-03,7.64262819e-03,9.05864003e-03,1.04356572e-02,1.17626921e-02,1.30285276e-02,1.42216964e-02,1.53304618e-02,1.63428125e-02,1.72464856e-02,1.80290318e-02,1.86779342e-02,1.91807915e-02,1.95255647e-02,1.97008542e-02,1.96958070e-02,1.95054726e-02,1.91198837e-02,1.85357657e-02,1.77524637e-02,1.67728025e-02,1.56034940e-02,1.42553710e-02,1.27434485e-02,1.10867936e-02,9.30819145e-03,7.43361298e-03,5.49150381e-03,3.51193096e-03,1.52563854e-03,-4.36928486e-04,-2.34655316e-03,-4.17613062e-03,-5.90137802e-03,-7.50136857e-03,-8.95887795e-03,-1.02605351e-02,-1.13967898e-02,-1.23617221e-02,-1.31527245e-02,-1.37700926e-02
-1.62075319e-02,-1.54486926e-02,-1.46305484e-02,-1.37550714e-02,-1.28229347e-02,-1.18337738e-02,-1.07865127e-02,-9.67973911e-03,-8.51211429e-03,-7.28279818e-03,-5.99186988e-03,-4.64072482e-03,-3.23243068e-03,-1.77202684e-03,-2.66755145e-04,1.27378417e-03,2.83755966e-03,4.41013194e-03,5.97474895e-03,7.51252894e-03,9.00272384e-03,1.04230596e-02,1.17501497e-02,1.29599774e-02,1.40284422e-02,1.49319636e-02,1.56481327e-02,1.61563955e-02,1.64387251e-02,1.64799560e-02,1.62724603e-02,1.58076579e-02,1.50848770e-02,1.41090574e-02,1.28908602e-02,1.14467583e-02,9.79882522e-03,7.97425573e-03,6.00463238e-03,3.92496543e-03,1.77255338e-03,-4.14271174e-04,-2.59741234e-03,-4.74029806e-03,-6.80900873e-03,-8.77321646e-03,-1.06069074e-02,-1.22888532e-02,-1.38028303e-02,-1.51376031e-02,-1.62867042e-02,-1.72480506e-02,-1.80234395e-02,-1.86179652e-02,-1.90393879e-02,-1.92974538e-02,-1.94035827e-02,-1.93710412e-02,-1.92107460e-02,-1.89353483e-02,-1.85566860e-02,-1.80856386e-02,-1.75318676e-02,-1.69036079e-02
3.48451555e-03,1.16072306e-03,-1.01182952e-03,-2.99075199e-03,-4.73789399e-03,-6.22084221e-03,-7.41408798e-03,-8.29974746e-03,-8.86778009e-03,-9.11602689e-03,-9.05116405e-03,-8.68279597e-03,-8.02823968e-03,-7.10893362e-03,-5.94956800e-03,-4.57706067e-03,-3.01960087e-03,-1.30580776e-03,5.35977432e-04,2.47824332e-03,4.49477647e-03,6.56096084e-03,8.65397054e-03,1.07528721e-02,1.28386468e-02,1.48941499e-02,1.69040225e-02,1.88545712e-02,2.07336299e-02,2.25304153e-02,2.42353879e-02,2.58401241e-02,2.73372077e-02,2.87201400e-02,2.99832715e-02,3.11217488e-02,3.21314739e-02,3.30090660e-02,3.37518192e-02,3.43576467e-02,3.48250019e-02,3.51527686e-02,3.53400920e-02,3.53859194e-02,3.52922453e-02,3.50565401e-02,3.46770949e-02,3.41524882e-02,3.34805660e-02,3.26585603e-02,3.16832366e-02,3.05511599e-02,2.92591089e-02,2.78046473e-02,2.61868399e-02,2.44070875e-02,2.24700265e-02,2.03844262e-02,1.81639924e-02,1.58279816e-02,1.34015243e-02,1.09155760e-02,8.40643560e-03,5.91481852e-03
-1.32642354e-02,-1.31577389e-02,-1.27979130e-02,-1.21880521e-02,-1.13329628e-02,-1.02390849e-02,-8.91447924e-03,-7.36879976e-03,-5.61326535e-03,-3.66063257e-03,-1.52516830e-03,7.77380050e-04,3.22979907e-03,5.81348737e-03,8.50849542e-03,1.12935812e-02,1.41462798e-02,1.70429824e-02,1.99590256e-02,2.28687908e-02,2.57458175e-02,2.85629318e-02,3.12923972e-02,3.39060924e-02,3.63757237e-02,3.86730816e-02,4.07703489e-02,4.26404670e-02,4.42575664e-02,4.55974571e-02,4.66381682e-02,4.73605034e-02,4.77484847e-02,4.77881467e-02,4.74872646e-02,4.68321614e-02,4.58286456e-02,4.44881637e-02,4.28277955e-02,4.08702970e-02,3.86436439e-02,3.61802632e-02,3.35160285e-02,3.06891011e-02,2.77387099e-02,2.47039668e-02,2.16228118e-02,1.85311606e-02,1.54623020e-02,1.24465588e-02,9.51119605e-03,6.68053195e-03,3.97619109e-03,1.41743298e-03,-9.78507688e-04,-3.19609517e-03,-5.22131161e-03,-7.04149616e-03,-8.64529058e-03,-1.00226583e-02,-1.11649515e-02,-1.20649996e-02,-1.27171856e-02,-1.31174276e-02
2.83131717e-02,3.02519987e-02,3.22887672e-02,3.44200337e-02,3.66416011e-02,3.89481360e-02,4.13328252e-02,4.37870808e-02,4.63002993e-02,4.88596794e-02,5.14500979e-02,5.40540447e-02,5.66516130e-02,5.92205434e-02,6.17363178e-02,6.41723026e-02,6.64999413e-02,6.86889993e-02,7.07078672e-02,7.25239306e-02,7.41040168e-02,7.54149284e-02,7.64240614e-02,7.71000538e-02,7.74130333e-02,7.73367396e-02,7.68680795e-02,7.59740433e-02,7.46491177e-02,7.28947831e-02,7.07217024e-02,6.81509829e-02,6.52147616e-02,6.19561883e-02,5.84287402e-02,5.46948270e-02,5.08237116e-02,4.68888580e-02,4.29648968e-02,3.91244626e-02,3.54351792e-02,3.19570556e-02,2.87404974e-02,2.58250599e-02,2.32389736e-02,2.09993885e-02,1.91132184e-02,1.75784280e-02,1.63855915e-02,1.55195680e-02,1.49611654e-02,1.46887360e-02,1.46800781e-02,1.49086848e-02,1.53559315e-02,1.60004264e-02,1.68233093e-02,1.78080438e-02,1.89404598e-02,2.02087218e-02,2.16031958e-02,2.31162256e-02,2.47418376e-02,2.64753885e-02
-3.53621517e-02,-3.74942282e-02,-3.93816177e-02,-4.10064607e-02,-4.23553371e-02,-4.34189727e-02,-4.41918119e-02,-4.46713596e-02,-4.48602845e-02,-4.47666499e-02,-4.43900648e-02,-4.37401493e-02,-4.28276145e-02,-4.16649232e-02,-4.02663028e-02,-3.86476950e-02,-3.68266905e-02,-3.48224460e-02,-3.26555772e-02,-3.03480186e-02,-2.79228500e-02,-2.54040857e-02,-2.28164304e-02,-2.01850051e-02,-1.75350497e-02,-1.48916079e-02,-1.22792067e-02,-9.72153774e-03,-7.24115398e-03,-4.85919380e-03,-2.59514477e-03,-4.66660072e-04,1.51055587e-03,3.32279334e-03,4.95832995e-03,6.40730842e-03,7.66155722e-03,8.71435099e-03,9.56012861e-03,1.01941916e-02,1.06124070e-02,1.08109171e-02,1.07858562e-02,1.05356201e-02,1.00548399e-02,9.34078411e-03,8.39109413e-03,7.20448421e-03,5.78134656e-03,4.12440986e-03,2.23942156e-03,1.35798843e-04,-2.17280254e-03,-4.66809677e-03,-7.32701871e-03,-1.01217962e-02,-1.30203272e-02,-1.59868402e-02,-1.89828067e-02,-2.19680446e-02,-2.49019301e-02,-2.77446283e-02,-3.04582465e-02,-3.30078317e-02
-2.94594365e-02,-3.08212839e-02,-3.20988966e-02,-3.32662784e-02,-3.42974700e-02,-3.51678485e-02,-3.58553566e-02,-3.63415017e-02,-3.66117564e-02,-3.66623810e-02,-3.64859071e-02,-3.60841963e-02,-3.54645759e-02,-3.46386644e-02,-3.36219045e-02,-3.24328630e-02,-3.10924736e-02,-2.96232848e-02,-2.80487547e-02,-2.63926157e-02,-2.46783256e-02,-2.29286118e-02,-2.11651102e-02,-1.94080959e-02,-1.76763001e-02,-1.59868062e-02,-1.43550164e-02,-1.27946793e-02,-1.13179677e-02,-9.93559377e-03,-8.65694951e-03,-7.49025549e-03,-6.44270406e-03,-5.52058014e-03,-4.72934534e-03,-4.07367349e-03,-3.55743002e-03,-3.18359477e-03,-2.95414261e-03,-2.86974594e-03,-2.92971644e-03,-3.13201375e-03,-3.47270285e-03,-3.94610108e-03,-4.54479566e-03,-5.25980063e-03,-6.08084722e-03,-6.99679713e-03,-7.99615237e-03,-9.06761863e-03,-1.02006667e-02,-1.13860284e-02,-1.26160651e-02,-1.38849526e-02,-1.51886454e-02,-1.65246010e-02,-1.78912737e-02,-1.92874128e-02,-2.07112236e-02,-2.21594722e-02,-2.36266269e-02,-2.51041322e-02,-2.65799078e-02,-2.80381433e-02
2.06096706e-02,2.06966601e-02,2.07587488e-02,2.07945573e-02,2.08003380e-02,2.07707742e-02,2.06980119e-02,2.05731830e-02,2.03867052e-02,2.01289054e-02,1.97907357e-02,1.93644788e-02,1.88444113e-02,1.82273816e-02,1.75132665e-02,1.67052713e-02,1.58100497e-02,1.48376322e-02,1.38011609e-02,1.27164502e-02,1.16014003e-02,1.04753069e-02,9.35811699e-03,8.26968517e-03,7.22907992e-03,6.25398472e-03,5.36022488e-03,4.56143696e-03,3.86888277e-03,3.29139596e-03,2.83543850e-03,2.50523751e-03,2.30297113e-03,2.22897838e-03,2.28186598e-03,2.45876026e-03,2.75556206e-03,3.16675532e-03,3.68560009e-03,4.30414264e-03,5.01322855e-03,5.80252669e-03,6.66058032e-03,7.57490021e-03,8.53211122e-03,9.51815905e-03,1.05185783e-02,1.15188174e-02,1.25046094e-02,1.34623745e-02,1.43796324e-02,1.52454018e-02,1.60505604e-02,1.67881400e-02,1.74535296e-02,1.80445666e-02,1.85615000e-02,1.90068180e-02,1.93849413e-02,1.97017968e-02,1.99642921e-02,2.01797250e-02,2.03551661e-02,2.04968576e-02
6.08785126e-02,6.08469996e-02,6.05382969e-02,5.99289253e-02,5.90155075e-02,5.78007583e-02,5.62953667e-02,5.45188336e-02,5.24996278e-02,5.02747076e-02,4.78883877e-02,4.53905923e-02,4.28346054e-02,4.02745038e-02,3.77625076e-02,3.53464967e-02,3.30679208e-02,3.09602783e-02,2.90482585e-02,2.73475657e-02,2.58653642e-02,2.46012317e-02,2.35484742e-02,2.26956465e-02,2.20281332e-02,2.15296646e-02,2.11836740e-02,2.09744356e-02,2.08879782e-02,2.09124553e-02,2.10377866e-02,2.12587908e-02,2.15713185e-02,2.19736638e-02,2.24659810e-02,2.30497502e-02,2.37272277e-02,2.45009060e-02,2.53730131e-02,2.63450782e-02,2.74175799e-02,2.85896851e-02,2.98590799e-02,3.12218854e-02,3.26726475e-02,3.42043841e-02,3.58086730e-02,3.74757625e-02,3.91946874e-02,4.09533760e-02,4.27387363e-02,4.45367134e-02,4.63323139e-02,4.81095981e-02,4.98516457e-02,5.15405041e-02,5.31571357e-02,5.46813816e-02,5.60919684e-02,5.73665817e-02,5.84820378e-02,5.94145796e-02,6.01403159e-02,6.06357941e-02
-3.12894928e-03,-2.49329950e-03,-1.82049729e-03,-1.12012166e-03,-4.02838272e-04,3.19886378e-04,1.03608586e-03,1.73361092e-03,2.40043365e-03,3.02494131e-03,3.59621023e-03,4.10425423e-03,4.54024363e-03,4.89669244e-03,5.16761211e-03,5.34863013e-03,5.43706794e-03,5.43194103e-03,5.33457329e-03,5.14710482e-03,4.87391688e-03,4.52090292e-03,4.09539175e-03,3.60597474e-03,3.06229127e-03,2.47478109e-03,1.85441051e-03,1.21238054e-03,5.59826378e-04,-9.24814555e-05,-7.34422122e-04,-1.35679084e-03,-1.95152970e-03,-2.51191562e-03,-3.03269957e-03,-3.51018968e-03,-3.94227367e-03,-4.32837821e-03,-4.66936482e-03,-4.96736479e-03,-5.22555824e-03,-5.44790558e-03,-5.63884255e-03,-5.80295276e-03,-5.94463404e-03,-6.06777625e-03,-6.17546893e-03,-6.26975651e-03,-6.35145655e-03,-6.42005380e-03,-6.47367762e-03,-6.50916125e-03,-6.52225798e-03,-6.50781913e-03,-6.45997706e-03,-6.37267427e-03,-6.23994858e-03,-6.05631254e-03,-5.81711298e-03,-5.51885503e-03,-5.15947376e-03,-4.73854073e-03,-4.25739709e-03,-3.71920950e-03
1.19072242e-03,1.86791804e-03,2.49101457e-03,3.05188995e-03,3.54284159e-03,3.95666866e-03,4.28675524e-03,4.52715885e-03,4.67270776e-03,4.71909621e-03,4.66324224e-03,4.50304421e-03,4.23764661e-03,3.86785400e-03,3.39612295e-03,2.82671720e-03,2.16580743e-03,1.42150737e-03,6.03829873e-04,-2.75450304e-04,-1.20302904e-03,-2.16441614e-03,-3.14435519e-03,-4.12730908e-03,-5.09798223e-03,-6.04184336e-03,-6.94561202e-03,-7.79767431e-03,-8.58839858e-03,-9.31033115e-03,-9.95826207e-03,-1.05291626e-02,-1.10220062e-02,-1.14374927e-02,-1.17777038e-02,-1.20457177e-02,-1.22452141e-02,-1.23800939e-02,-1.24541124e-02,-1.24710763e-02,-1.24335824e-02,-1.23437895e-02,-1.22032361e-02,-1.20127730e-02,-1.17726875e-02,-1.14828612e-02,-1.11429586e-02,-1.07526316e-02,-1.03117256e-02,-9.82047316e-03,-9.27966364e-03,-8.69078289e-03,-8.05611592e-03,-7.37881155e-03,-6.66290902e-03,-5.91332891e-03,-5.13583209e-03,-4.33695138e-03,-3.52390125e-03,-2.70447100e-03,-1.88690679e-03,-1.07978768e-03,-2.91900261e-04,4.67883714e-04
2.44030462e-02,2.35490422e-02,2.24526104e-02,2.11111193e-02,1.95261743e-02,1.77042162e-02,1.56570066e-02,1.34019567e-02,1.09622560e-02,8.36676125e-03,5.64961710e-03,2.84959694e-03,9.17306147e-06,-2.82662438e-03,-5.61157937e-03,-8.29977073e-03,-1.08470138e-02,-1.32122514e-02,-1.53587839e-02,-1.72552696e-02,-1.88764483e-02,-2.02035649e-02,-2.12244906e-02,-2.19335327e-02,-2.23307656e-02,-2.24257518e-02,-2.22271216e-02,-2.17496111e-02,-2.10123668e-02,-2.00369908e-02,-1.88469864e-02,-1.74671083e-02,-1.59227481e-02,-1.42393788e-02,-1.24420653e-02,-1.05550387e-02,-8.60133714e-03,-6.60250859e-03,-4.57837733e-03,-2.54687379e-03,-5.23929097e-04,1.47656172e-03,3.44271028e-03,5.36454972e-03,7.23386381e-03,9.04396276e-03,1.07894047e-02,1.24656734e-02,1.40688258e-02,1.55951252e-02,1.70406773e-02,1.84010873e-02,1.96711558e-02,2.08446278e-02,2.19140098e-02,2.28704640e-02,2.37037872e-02,2.44024779e-02,2.49538907e-02,2.53444713e-02,2.55600305e-02,2.55856087e-02,2.54113092e-02,2.50208122e-02
-2.16383813e-02,-2.06244002e-02,-1.96040664e-02,-1.85856215e-02,-1.75783117e-02,-1.65924242e-02,-1.56393106e-02,-1.47313833e-02,-1.38820707e-02,-1.31057170e-02,-1.24174136e-02,-1.18327496e-02,-1.13674764e-02,-1.10370944e-02,-1.08565120e-02,-1.08375188e-02,-1.09925124e-02,-1.13295992e-02,-1.18534450e-02,-1.25645452e-02,-1.34586397e-02,-1.45263239e-02,-1.57528967e-02,-1.71184867e-02,-1.85984875e-02,-2.01643014e-02,-2.17843665e-02,-2.34254062e-02,-2.50538184e-02,-2.66371001e-02,-2.81452006e-02,-2.95517015e-02,-3.08347411e-02,-3.19776300e-02,-3.29691317e-02,-3.38034177e-02,-3.44797280e-02,-3.50017881e-02,-3.53770377e-02,-3.56157012e-02,-3.57295810e-02,-3.57353634e-02,-3.56431376e-02,-3.54668454e-02,-3.52188046e-02,-3.49097483e-02,-3.45486140e-02,-3.41424224e-02,-3.36962844e-02,-3.32135256e-02,-3.26959080e-02,-3.21439217e-02,-3.15571189e-02,-3.09344620e-02,-3.02746612e-02,-2.95764817e-02,-2.88390051e-02,-2.80618383e-02,-2.72452673e-02,-2.63903600e-02,-2.54990275e-02,-2.45740532e-02,-2.36191039e-02,-2.26387320e-02
-6.36489291e-03,-4.76945363e-03,-3.21757112e-03,-1.71758872e-03,-2.78762791e-04,1.08865241e-03,2.37338317e-03,3.56319303e-03,4.64499478e-03,5.60503691e-03,6.42915602e-03,7.10308893e-03,7.61283424e-03,7.94504717e-03,8.08742607e-03,8.02937382e-03,7.76291915e-03,7.28073915e-03,6.57931171e-03,5.65802129e-03,4.51949756e-03,3.16980319e-03,1.61854103e-03,-1.21110160e-04,-2.03241387e-03,-4.09518869e-03,-6.28598696e-03,-8.57832725e-03,-1.09430235e-02,-1.33486119e-02,-1.57618853e-02,-1.81485408e-02,-2.04739342e-02,-2.27039218e-02,-2.48057588e-02,-2.67490060e-02,-2.85063923e-02,-3.00545768e-02,-3.13747574e-02,-3.24530852e-02,-3.32808511e-02,-3.38543973e-02,-3.41745611e-02,-3.42513052e-02,-3.40915270e-02,-3.37076853e-02,-3.31160482e-02,-3.23344953e-02,-3.13820461e-02,-3.02782573e-02,-2.90426627e-02,-2.76942940e-02,-2.62512942e-02,-2.47306272e-02,-2.31478843e-02,-2.15171807e-02,-1.98511351e-02,-1.81609247e-02,-1.64564039e-02,-1.47462767e-02,-1.30383115e-02,-1.13395869e-02,-9.65675650e-03,-7.99632039e-03
-1.56044576e-02,-1.50225653e-02,-1.44728628e-02,-1.39592436e-02,-1.34845311e-02,-1.30502640e-02,-1.26565042e-02,-1.23016978e-02,-1.19826208e-02,-1.16944332e-02,-1.14308579e-02,-1.11844888e-02,-1.09472221e-02,-1.07107906e-02,-1.04673715e-02,-1.02102314e-02,-9.93436292e-03,-9.63706992e-03,-9.31845619e-03,-8.98178032e-03,-8.63364539e-03,-8.28400150e-03,-7.94594796e-03,-7.63533176e-03,-7.37014869e-03,-7.16976801e-03,-7.05407733e-03,-7.04157710e-03,-7.15008486e-03,-7.39389031e-03,-7.78323934e-03,-8.32333264e-03,-9.01354885e-03,-9.84697583e-03,-1.08103090e-02,-1.18841591e-02,-1.30437782e-02,-1.42601739e-02,-1.55015361e-02,-1.67348696e-02,-1.79276946e-02,-1.90496741e-02,-2.00740342e-02,-2.09786724e-02,-2.17468842e-02,-2.23676856e-02,-2.28357434e-02,-2.31509498e-02,-2.33175886e-02,-2.33460473e-02,-2.32455571e-02,-2.30293483e-02,-2.27118064e-02,-2.23075787e-02,-2.18310478e-02,-2.12959099e-02,-2.07149012e-02,-2.00996645e-02,-1.94607337e-02,-1.88076044e-02,-1.81488566e-02,-1.74922951e-02,-1.68450738e-02,-1.62137797e-02
-7.10087737e-02,-7.26717883e-02,-7.41423704e-02,-7.53989303e-02,-7.64235128e-02,-7.72020176e-02,-7.77240332e-02,-7.79815620e-02,-7.79897768e-02,-7.77333850e-02,-7.72225545e-02,-7.64678013e-02,-7.54825239e-02,-7.42829735e-02,-7.28879425e-02,-7.13183883e-02,-6.95970332e-02,-6.77479586e-02,-6.57961976e-02,-6.37673297e-02,-6.16870800e-02,-5.95809222e-02,-5.74736888e-02,-5.53891916e-02,-5.33498552e-02,-5.13763728e-02,-4.94873920e-02,-4.76992442e-02,-4.60257293e-02,-4.44779740e-02,-4.30643743e-02,-4.17906387e-02,-4.06599372e-02,-3.96731593e-02,-3.88292756e-02,-3.81257869e-02,-3.75592405e-02,-3.71257848e-02,-3.68217458e-02,-3.66442701e-02,-3.65897795e-02,-3.66578647e-02,-3.68503551e-02,-3.71692225e-02,-3.76179831e-02,-3.82012205e-02,-3.89241053e-02,-3.97918210e-02,-4.08089186e-02,-4.19786354e-02,-4.33022200e-02,-4.47783062e-02,-4.64023758e-02,-4.81663472e-02,-5.00583167e-02,-5.20624745e-02,-5.41592028e-02,-5.63253551e-02,-5.85347021e-02,-6.07585234e-02,-6.29663108e-02,-6.51265478e-02,-6.72075267e-02,-6.91781630e-02
7.86626300e-03,8.50294717e-03,8.97221553e-03,9.26373060e-03,9.36951519e-03,9.28485758e-03,9.00784230e-03,8.53885643e-03,7.88233191e-03,7.04589606e-03,6.04035917e-03,4.87954669e-03,3.58002783e-03,2.16075327e-03,6.42612535e-04,-9.52073945e-04,-2.60010136e-03,-4.27799653e-03,-5.96259326e-03,-7.63160045e-03,-9.26412061e-03,-1.08410937e-02,-1.23456450e-02,-1.37633208e-02,-1.50822062e-02,-1.62929230e-02,-1.73885200e-02,-1.83642694e-02,-1.92173941e-02,-1.99467499e-02,-2.05524888e-02,-2.10357279e-02,-2.13982411e-02,-2.16421709e-02,-2.17696275e-02,-2.17849045e-02,-2.16886685e-02,-2.14834994e-02,-2.11717953e-02,-2.07558687e-02,-2.02380558e-02,-1.96208061e-02,-1.89067745e-02,-1.80989143e-02,-1.72005719e-02,-1.62155789e-02,-1.51483449e-02,-1.40039473e-02,-1.27882214e-02,-1.15078463e-02,-1.01704276e-02,-8.78457047e-03,-7.35994104e-03,-5.90730850e-03,-4.43856315e-03,-2.96670342e-03,-1.50578623e-03,-7.08356103e-05,1.32228964e-03,2.65708328e-03,3.91663079e-03,5.08388222e-03,6.14197138e-03,7.07456933e-03
-2.19660703e-03,-1.42572618e-03,-6.10527355e-04,2.34744078e-04,1.09669295e-03,1.96296069e-03,2.82234207e-03,3.66485089e-03,4.48174578e-03,5.26552630e-03,6.00990999e-03,6.70979985e-03,7.36124907e-03,7.96142741e-03,8.50859009e-03,9.00204700e-03,9.44212687e-03,9.83012896e-03,1.01682531e-02,1.04594994e-02,1.07075288e-02,1.09164811e-02,1.10907467e-02,1.12346981e-02,1.13523878e-02,1.14472281e-02,1.15216715e-02,1.15769127e-02,1.16126357e-02,1.16268231e-02,1.16157461e-02,1.15739936e-02,1.14943204e-02,1.13683112e-02,1.11866238e-02,1.09395204e-02,1.06174878e-02,1.02119239e-02,9.71585259e-03,9.12462348e-03,8.43654735e-03,7.65341710e-03,6.78086655e-03,5.82852680e-03,4.80995203e-03,3.74230304e-03,2.64579651e-03,1.54294839e-03,4.57658849e-04,-5.85798052e-04,-1.56380248e-03,-2.45439735e-03,-3.23815460e-03,-3.89888520e-03,-4.42414720e-03,-4.80553304e-03,-5.03872318e-03,-5.12359249e-03,-5.06365350e-03,-4.86532230e-03,-4.53813850e-03,-4.09382155e-03,-3.54573214e-03,-2.90831999e-03
-5.32592404e-02,-5.20921323e-02,-5.07432873e-02,-4.92344171e-02,-4.75901603e-02,-4.58373746e-02,-4.40044402e-02,-4.21205963e-02,-4.02153228e-02,-3.83177762e-02,-3.64562806e-02,-3.46578739e-02,-3.29479047e-02,-3.13496770e-02,-2.98841351e-02,-2.85695846e-02,-2.74214462e-02,-2.64520391e-02,-2.56703974e-02,-2.50821293e-02,-2.46893679e-02,-2.44911379e-02,-2.44783212e-02,-2.46462454e-02,-2.49822080e-02,-2.54710733e-02,-2.60952869e-02,-2.68353736e-02,-2.76706090e-02,-2.85797888e-02,-2.95420537e-02,-3.05377215e-02,-3.15490754e-02,-3.25610595e-02,-3.35618325e-02,-3.45431444e-02,-3.55005084e-02,-3.64331568e-02,-3.73437785e-02,-3.82380532e-02,-3.91240042e-02,-4.00112006e-02,-4.09098496e-02,-4.18298201e-02,-4.27796497e-02,-4.37655857e-02,-4.47907172e-02,-4.58542552e-02,-4.69510141e-02,-4.80711415e-02,-4.92001304e-02,-5.03191320e-02,-5.14055631e-02,-5.24339791e-02,-5.33771601e-02,-5.42073334e-02,-5.48974420e-02,-5.54223333e-02,-5.57596563e-02,-5.58934584e-02,-5.58151341e-02,-5.55109626e-02,-5.49801118e-02,-5.42265158e-02
-2.01650320e-02,-2.14604373e-02,-2.27175125e-02,-2.39223531e-02,-2.50631854e-02,-2.61304855e-02,-2.71170276e-02,-2.80178605e-02,-2.88302118e-02,-2.95533199e-02,-3.01881977e-02,-3.07373354e-02,-3.12043532e-02,-3.15936182e-02,-3.19098444e-02,-3.21576932e-02,-3.23413950e-02,-3.24643972e-02,-3.25289691e-02,-3.25376553e-02,-3.24892554e-02,-3.23825807e-02,-3.22151950e-02,-3.19836047e-02,-3.16835617e-02,-3.13103997e-02,-3.08594085e-02,-3.03262282e-02,-2.97072429e-02,-2.89999540e-02,-2.82033166e-02,-2.73180243e-02,-2.63467335e-02,-2.52942203e-02,-2.41674676e-02,-2.29756823e-02,-2.17302438e-02,-2.04445867e-02,-1.91340210e-02,-1.78154924e-02,-1.65072870e-02,-1.52286833e-02,-1.39995565e-02,-1.28399408e-02,-1.17695566e-02,-1.08073146e-02,-9.97080836e-03,-9.27581385e-03,-8.73581574e-03,-8.36159275e-03,-8.16099008e-03,-8.13716752e-03,-8.29191353e-03,-8.62224351e-03,-9.12171982e-03,-9.78061751e-03,-1.05862091e-02,-1.15231685e-02,-1.25740542e-02,-1.37198425e-02,-1.49404850e-02,-1.62154627e-02,-1.75243180e-02,-1.88471455e-02
-5.08002619e-03,-3.43540853e-03,-1.89037023e-03,-4.60161763e-04,8.40167348e-04,1.99584193e-03,2.99248259e-03,3.81622145e-03,4.45386255e-03,4.89307817e-03,5.12263362e-03,5.13251692e-03,4.91573788e-03,4.46521293e-03,3.77756271e-03,2.85211828e-03,1.69144075e-03,3.01715272e-04,-1.30690890e-03,-3.12005950e-03,-5.11903743e-03,-7.28081047e-03,-9.57820861e-03,-1.19803266e-02,-1.44531443e-02,-1.69603576e-02,-1.94643901e-02,-2.19275345e-02,-2.43131534e-02,-2.65868593e-02,-2.87175874e-02,-3.06784862e-02,-3.24475649e-02,-3.40080591e-02,-3.53485065e-02,-3.64625454e-02,-3.73484711e-02,-3.80085956e-02,-3.84484149e-02,-3.86753514e-02,-3.87046873e-02,-3.85419851e-02,-3.81991821e-02,-3.76878101e-02,-3.70187572e-02,-3.62022203e-02,-3.52476759e-02,-3.41639469e-02,-3.29593547e-02,-3.16419327e-02,-3.02196707e-02,-2.87007623e-02,-2.70938325e-02,-2.54081251e-02,-2.36536384e-02,-2.18412039e-02,-1.99825078e-02,-1.80900624e-02,-1.61771353e-02,-1.42576493e-02,-1.23460652e-02,-1.04572581e-02,-8.60639781e-03,-6.80883927e-03
1.26344400e-02,1.25686503e-02,1.23904860e-02,1.21048829e-02,1.17193360e-02,1.12432030e-02,1.06874338e-02,1.00642201e-02,9.38660753e-03,8.66808725e-03,7.92218593e-03,7.16206750e-03,6.40016337e-03,5.64784519e-03,4.91515345e-03,4.21059276e-03,3.54100146e-03,2.91149951e-03,2.32551404e-03,1.78487792e-03,1.28999206e-03,8.40039137e-04,4.33233867e-04,6.70938883e-05,-2.61284261e-04,-5.54958362e-04,-8.16894473e-04,-1.04975014e-03,-1.25569255e-03,-1.43625400e-03,-1.59222513e-03,-1.72358478e-03,-1.82946497e-03,-1.90814959e-03,-1.95710389e-03,-1.97307426e-03,-1.95214194e-03,-1.88986019e-03,-1.78147697e-03,-1.62212054e-03,-1.40704547e-03,-1.13190179e-03,-7.93018944e-04,-3.87692132e-04,8.55434706e-05,6.26664851e-04,1.23395870e-03,1.90387440e-03,2.63094287e-03,3.40777052e-03,4.22511116e-03,5.07201538e-03,5.93605308e-03,6.80360163e-03,7.66018882e-03,8.49087822e-03,9.28068240e-03,1.00149888e-02,1.06799828e-02,1.12630518e-02,1.17531560e-02,1.21411525e-02,1.24200571e-02,1.25852319e-02
2.56457921e-02,2.30358915e-02,2.03046376e-02,1.74841469e-02,1.46073305e-02,1.17073224e-02,8.81691775e-03,5.96803965e-03,3.19125080e-03,5.15327554e-04,-2.03308182e-03,-4.42972543e-03,-6.65296342e-03,-8.68384609e-03,-1.05061411e-02,-1.21063000e-02,-1.34733785e-02,-1.45989266e-02,-1.54768586e-02,-1.61032993e-02,-1.64763192e-02,-1.65975410e-02,-1.64691066e-02,-1.60939250e-02,-1.54780722e-02,-1.46290790e-02,-1.35559989e-02,-1.22693426e-02,-1.07809886e-02,-9.10408512e-03,-7.25294946e-03,-5.24296826e-03,-3.09050260e-03,-8.12800689e-04,1.57207624e-03,4.04530808e-03,6.58740541e-03,9.17823820e-03,1.17970781e-02,1.44226400e-02,1.70331293e-02,1.96063008e-02,2.21195354e-02,2.45499423e-02,2.68744918e-02,2.90701836e-02,3.11142542e-02,3.29844245e-02,3.46591871e-02,3.61181299e-02,3.73422883e-02,3.83145156e-02,3.90198490e-02,3.94458143e-02,3.95822853e-02,3.94272229e-02,3.89772760e-02,3.82308123e-02,3.71936161e-02,3.58750098e-02,3.42881124e-02,3.24497793e-02,3.03803970e-02,2.81035808e-02
-1.74454483e-02,-1.68483072e-02,-1.62573621e-02,-1.56816796e-02,-1.51294403e-02,-1.46079661e-02,-1.41237385e-02,-1.36823911e-02,-1.32886630e-02,-1.29463078e-02,-1.26579628e-02,-1.24249871e-02,-1.22472912e-02,-1.21231824e-02,-1.20492622e-02,-1.20203249e-02,-1.20294219e-02,-1.20684532e-02,-1.21278558e-02,-1.21973630e-02,-1.22665106e-02,-1.23252452e-02,-1.23645527e-02,-1.23772804e-02,-1.23583932e-02,-1.23054784e-02,-1.22192837e-02,-1.21037261e-02,-1.19658554e-02,-1.18156139e-02,-1.16654112e-02,-1.15295338e-02,-1.14234249e-02,-1.13629684e-02,-1.13625903e-02,-1.14365670e-02,-1.15960344e-02,-1.18490653e-02,-1.21999089e-02,-1.26485128e-02,-1.31902796e-02,-1.38160829e-02,-1.45125523e-02,-1.52626202e-02,-1.60463005e-02,-1.68416509e-02,-1.76258482e-02,-1.83763027e-02,-1.90717280e-02,-1.96930934e-02,-2.02243985e-02,-2.06532248e-02,-2.09710430e-02,-2.11732439e-02,-2.12592461e-02,-2.12330604e-02,-2.10991279e-02,-2.08661829e-02,-2.05446806e-02,-2.01463958e-02,-1.96838908e-02,-1.91700291e-02,-1.86175640e-02,-1.80388174e-02
2.40262423e-03,1.93160834e-03,1.37503495e-03,7.40660237e-04,3.65088242e-05,-7.29320457e-04,-1.54879672e-03,-2.41403812e-03,-3.31732765e-03,-4.25108013e-03,-5.20777434e-03,-6.17987040e-03,-7.15973368e-03,-8.13958386e-03,-9.11148285e-03,-1.00673680e-02,-1.09991290e-02,-1.18987203e-02,-1.27582935e-02,-1.35703340e-02,-1.43277834e-02,-1.50241348e-02,-1.56534900e-02,-1.62105795e-02,-1.66907461e-02,-1.70899046e-02,-1.74044880e-02,-1.76313896e-02,-1.77678759e-02,-1.78122850e-02,-1.77629036e-02,-1.76181267e-02,-1.73775720e-02,-1.70415475e-02,-1.66112338e-02,-1.60888049e-02,-1.54775214e-02,-1.47817892e-02,-1.40071809e-02,-1.31604155e-02,-1.22493002e-02,-1.12826384e-02,-1.02701110e-02,-9.22213971e-03,-8.14974021e-03,-7.06437248e-03,-5.97779279e-03,-4.90191004e-03,-3.84864661e-03,-2.82980169e-03,-1.85691359e-03,-9.41117372e-04,-9.29943934e-05,6.77585784e-04,1.36163575e-03,1.95122862e-03,2.43966691e-03,2.82164231e-03,3.09337050e-03,3.25268653e-03,3.29907658e-03,3.23386618e-03,3.05973970e-03,2.78083136e-03
-4.35874883e-03,-5.21710771e-03,-6.04932275e-03,-6.83273480e-03,-7.54589493e-03,-8.16947083e-03,-8.68702163e-03,-9.08559580e-03,-9.35611499e-03,-9.49340750e-03,-9.49783502e-03,-9.37118427e-03,-9.12029556e-03,-8.75497863e-03,-8.28767158e-03,-7.73292082e-03,-7.10683260e-03,-6.42652799e-03,-5.70961608e-03,-4.97369363e-03,-4.23587528e-03,-3.51235623e-03,-2.81800944e-03,-2.16602033e-03,-1.56756447e-03,-1.03153619e-03,-5.64338498e-04,-1.69745878e-04,1.51148222e-04,3.99888329e-04,5.80517636e-04,6.99331929e-04,7.64539855e-04,7.85840012e-04,7.73943602e-04,7.40025351e-04,6.95195102e-04,6.49986802e-04,6.13863752e-04,5.94800396e-04,5.98941822e-04,6.30336676e-04,6.90816274e-04,7.79886947e-04,8.94762826e-04,1.03046032e-03,1.17996442e-03,1.33445917e-03,1.48361678e-03,1.61594173e-03,1.71916706e-03,1.78069974e-03,1.78810116e-03,1.72973259e-03,1.59506820e-03,1.37548210e-03,1.06473392e-03,6.59483420e-04,1.59726658e-04,-4.30885590e-04,-1.10488144e-03,-1.85099732e-03,-2.65440202e-03,-3.49713581e-03
1.27058322e-02,1.11011040e-02,9.44043606e-03,7.75562717e-03,6.07885706e-03,4.44139115e-03,2.87234308e-03,1.39759016e-03,3.89186523e-05,-1.18654348e-03,-2.26660824e-03,-3.19401216e-03,-3.96612879e-03,-4.58448078e-03,-5.05410406e-03,-5.38282392e-03,-5.58049079e-03,-5.65834701e-03,-5.62837961e-03,-5.50211815e-03,-5.29098777e-03,-5.00548332e-03,-4.65490513e-03,-4.24715628e-03,-3.78862672e-03,-3.28416072e-03,-2.73710125e-03,-2.14940410e-03,-1.52181391e-03,-8.54093562e-04,-1.45296703e-04,6.05928148e-04,1.40101545e-03,2.24115750e-03,3.12699091e-03,4.05831011e-03,5.03382076e-03,6.05094368e-03,7.10567641e-03,8.19251551e-03,9.30443847e-03,1.04329407e-02,1.15681198e-02,1.26987975e-02,1.38126690e-02,1.48964703e-02,1.59361554e-02,1.69170792e-02,1.78241855e-02,1.86422021e-02,1.93558514e-02,1.99500856e-02,2.04103569e-02,2.07229279e-02,2.08751891e-02,2.08559079e-02,2.06594213e-02,2.02768360e-02,1.97059517e-02,1.89480103e-02,1.80084706e-02,1.68973865e-02,1.56295607e-02,1.42244560e-02
1.79402595e-02,1.83125378e-02,1.84961258e-02,1.84857749e-02,1.82834186e-02,1.78878672e-02,1.73050023e-02,1.65433148e-02,1.56140057e-02,1.45306696e-02,1.33088934e-02,1.19658307e-02,1.05197886e-02,8.98985017e-03,7.39554982e-03,5.75660851e-03,4.09272360e-03,2.42340050e-03,7.67806150e-04,-8.55377709e-04,-2.42811201e-03,-3.93322684e-03,-5.35465405e-03,-6.67770682e-03,-7.88937841e-03,-8.97863592e-03,-9.93667983e-03,-1.07571396e-02,-1.14361787e-02,-1.19724903e-02,-1.23671708e-02,-1.26234589e-02,-1.27462165e-02,-1.27434428e-02,-1.26210837e-02,-1.23873852e-02,-1.20503003e-02,-1.16173032e-02,-1.10950654e-02,-1.04892155e-02,-9.80421421e-03,-9.04335181e-03,-8.20886686e-03,-7.30217572e-03,-6.32419331e-03,-5.27572030e-03,-4.15786785e-03,-2.97248917e-03,-1.72258804e-03,-4.12677606e-04,9.50931834e-04,2.35993087e-03,3.80391935e-03,5.27040565e-03,6.74491099e-03,8.21116919e-03,9.65141294e-03,1.10467346e-02,1.23775089e-02,1.36238621e-02,1.47661742e-02,1.57855955e-02,1.66645634e-02,1.73872982e-02
1.41007472e-03,3.90104755e-04,-5.73817191e-04,-1.47429801e-03,-2.30517975e-03,-3.06155083e-03,-3.73977421e-03,-4.33751808e-03,-4.85377325e-03,-5.28883928e-03,-5.64426212e-03,-5.92270992e-03,-6.12777983e-03,-6.26373501e-03,-6.33516157e-03,-6.34693132e-03,-6.30305702e-03,-6.20706897e-03,-6.06146515e-03,-5.86746614e-03,-5.62489821e-03,-5.33219308e-03,-4.98651800e-03,-4.58403367e-03,-4.12026578e-03,-3.59056493e-03,-2.99062164e-03,-2.31699815e-03,-1.56763770e-03,-7.42314514e-04,1.57006147e-04,1.12591750e-03,2.15745162e-03,3.24208675e-03,4.36787535e-03,5.52068442e-03,6.68452989e-03,7.84198572e-03,8.97464739e-03,1.00636302e-02,1.10900841e-02,1.20357093e-02,1.28832577e-02,1.36170073e-02,1.42231967e-02,1.46904084e-02,1.50098828e-02,1.51757376e-02,1.51848261e-02,1.50398234e-02,1.47420988e-02,1.42985065e-02,1.37183877e-02,1.30134297e-02,1.21972910e-02,1.12851392e-02,1.02931553e-02,9.23803635e-03,8.13652950e-03,7.00502040e-03,5.85919624e-03,4.71379189e-03,3.58241912e-03,2.47746947e-03
5.83484247e-03,6.87692723e-03,7.92432109e-03,8.97287543e-03,1.00180381e-02,1.10545862e-02,1.20764034e-02,1.30763193e-02,1.40460295e-02,1.49761052e-02,1.58561004e-02,1.66747539e-02,1.74202807e-02,1.80807391e-02,1.86444522e-02,1.91004613e-02,1.94389803e-02,1.96518116e-02,1.97326375e-02,1.96780710e-02,1.94872046e-02,1.91600581e-02,1.87003818e-02,1.81140762e-02,1.74090153e-02,1.65947062e-02,1.56818924e-02,1.46821506e-02,1.36075216e-02,1.24702091e-02,1.12823693e-02,1.00560016e-02,8.80293750e-03,7.53491027e-03,6.26367647e-03,5.00115471e-03,3.75954299e-03,2.55137982e-03,1.38952198e-03,2.87023183e-04,-7.43086366e-04,-1.68810909e-03,-2.53606585e-03,-3.27609841e-03,-3.89887162e-03,-4.39693258e-03,-4.76499300e-03,-5.00010135e-03,-5.10177214e-03,-5.07224272e-03,-4.91520115e-03,-4.63682037e-03,-4.24487126e-03,-3.74839823e-03,-3.15732401e-03,-2.48204735e-03,-1.73306018e-03,-9.20604275e-04,-5.43839715e-05,8.56651158e-04,1.80444974e-03,2.78192094e-03,3.78291042e-03,4.80210080e-03
-3.63741483e-02,-3.63027324e-02,-3.58404386e-02,-3.49938995e-02,-3.37743578e-02,-3.21980923e-02,-3.02856716e-02,-2.80610959e-02,-2.55509700e-02,-2.27837631e-02,-1.97891854e-02,-1.65976964e-02,-1.32401447e-02,-9.74753098e-03,-6.15088014e-03,-2.48120351e-03,1.23046731e-03,4.95295772e-03,8.65490124e-03,1.23045906e-02,1.58698542e-02,1.93179732e-02,2.26156529e-02,2.57290741e-02,2.86240491e-02,3.12663069e-02,3.36219321e-02,3.56579724e-02,3.73432228e-02,3.86491722e-02,3.95510610e-02,4.00288781e-02,4.00664929e-02,3.96743410e-02,3.88408600e-02,3.75799705e-02,3.59140233e-02,3.38739447e-02,3.14985206e-02,2.88328188e-02,2.59260363e-02,2.28289922e-02,1.95915247e-02,1.62600666e-02,1.28756615e-02,9.47262770e-03,6.07799778e-03,2.71176147e-03,-6.12151693e-04,-3.88429070e-03,-7.09773053e-03,-1.02459512e-02,-1.33208163e-02,-1.63108717e-02,-1.92001418e-02,-2.19675439e-02,-2.45869740e-02,-2.70280373e-02,-2.92573286e-02,-3.12401044e-02,-3.29421535e-02,-3.43316551e-02,-3.53808093e-02,-3.60669336e-02
9.57964940e-03,1.08043336e-02,1.18730394e-02,1.27682395e-02,1.34749245e-02,1.39810560e-02,1.42779204e-02,1.43602408e-02,1.42281371e-02,1.38833773e-02,1.33316315e-02,1.25826593e-02,1.16491689e-02,1.05464567e-02,9.29192707e-03,7.90457685e-03,6.40448815e-03,4.81235523e-03,3.14906570e-03,1.43534557e-03,-3.08530314e-04,-2.06295952e-03,-3.80920705e-03,-5.52954817e-03,-7.20738356e-03,-8.82734352e-03,-1.03753824e-02,-1.18388640e-02,-1.32066366e-02,-1.44690899e-02,-1.56181885e-02,-1.66474753e-02,-1.75520365e-02,-1.83284280e-02,-1.89745598e-02,-1.94895425e-02,-1.98734976e-02,-2.01273141e-02,-2.02521084e-02,-2.02523849e-02,-2.01277340e-02,-1.98809470e-02,-1.95142971e-02,-1.90298841e-02,-1.84296647e-02,-1.77155145e-02,-1.68893414e-02,-1.59532502e-02,-1.49097486e-02,-1.37619846e-02,-1.25140002e-02,-1.11709861e-02,-9.73952174e-03,-8.22778600e-03,-6.64572412e-03,-5.00515949e-03,-3.31984045e-03,-1.60541504e-03,1.20670855e-04,1.83934611e-03,3.53018148e-03,5.17172851e-03,6.74191669e-03,8.21851630e-03
1.49924033e-02,1.56878113e-02,1.63146869e-02,1.68622661e-02,1.73206838e-02,1.76811609e-02,1.79361522e-02,1.80794439e-02,1.81060735e-02,1.80142425e-02,1.78012171e-02,1.74670096e-02,1.70134879e-02,1.64442700e-02,1.57648542e-02,1.49827084e-02,1.41073278e-02,1.31502439e-02,1.21249597e-02,1.10467911e-02,9.93259592e-03,8.80038731e-03,7.66883793e-03,6.55669691e-03,5.48215420e-03,4.46219583e-03,3.51199825e-03,2.64440793e-03,1.86954532e-03,1.19456107e-03,6.23557547e-04,1.57674803e-04,-2.04673330e-04,-4.67437596e-04,-6.36484249e-04,-7.19074873e-04,-7.23406298e-04,-6.57919916e-04,-5.30991301e-04,-3.50439263e-04,-1.23189364e-04,1.44978468e-04,4.49588503e-04,7.87536074e-04,1.15706042e-03,1.55763523e-03,1.98978613e-03,2.45484813e-03,2.95467825e-03,3.49133961e-03,4.06677422e-03,4.68248146e-03,5.33921858e-03,6.03673759e-03,6.77357113e-03,7.54687656e-03,8.35234491e-03,9.18417731e-03,1.00351289e-02,1.08966162e-02,1.17588821e-02,1.26112089e-02,1.34421693e-02,1.42399024e-02
3.01246176e-02,2.90949953e-02,2.79828389e-02,2.67931950e-02,2.55326300e-02,2.42093402e-02,2.28332465e-02,2.14160679e-02,1.99713590e-02,1.85144990e-02,1.70626124e-02,1.56344087e-02,1.42499254e-02,1.29301687e-02,1.16966527e-02,1.05708456e-02,9.57354661e-03,8.72421900e-03,8.04031914e-03,7.53665981e-03,7.22485255e-03,7.11289807e-03,7.20437053e-03,7.49884796e-03,7.99237598e-03,8.67633053e-03,9.53837728e-03,1.05628091e-02,1.17310310e-02,1.30221269e-02,1.44134765e-02,1.58813980e-02,1.74017940e-02,1.89507809e-02,2.05052826e-02,2.20435732e-02,2.35457511e-02,2.49941321e-02,2.63735481e-02,2.76715402e-02,2.88784407e-02,2.99873395e-02,3.09939401e-02,3.18963108e-02,3.26945500e-02,3.33903846e-02,3.39867272e-02,3.44872218e-02,3.48958061e-02,3.52163155e-02,3.54521518e-02,3.56060250e-02,3.56797497e-02,3.56739335e-02,3.55909984e-02,3.54280123e-02,3.51840702e-02,3.48575223e-02,3.44464425e-02,3.39488999e-02,3.33631956e-02,3.26880811e-02,3.19229585e-02,3.10680615e-02
-2.98909011e-02,-3.03877238e-02,-3.08802202e-02,-3.13750143e-02,-3.18787225e-02,-3.23972837e-02,-3.29353364e-02,-3.34956853e-02,-3.40788925e-02,-3.46830201e-02,-3.53035433e-02,-3.59334365e-02,-3.65634249e-02,-3.71823803e-02,-3.77778279e-02,-3.83365229e-02,-3.88450532e-02,-3.92904215e-02,-3.96605660e-02,-3.99447785e-02,-4.01339546e-02,-4.02209478e-02,-4.02039286e-02,-4.00766453e-02,-3.98389289e-02,-3.94920546e-02,-3.90390123e-02,-3.84844147e-02,-3.78343777e-02,-3.70964048e-02,-3.62792859e-02,-3.53930109e-02,-3.44486938e-02,-3.34584963e-02,-3.24355403e-02,-3.13937982e-02,-3.03479484e-02,-2.93131894e-02,-2.83050054e-02,-2.73388835e-02,-2.64299834e-02,-2.55927679e-02,-2.48406056e-02,-2.41853607e-02,-2.36369909e-02,-2.32031761e-02,-2.28890120e-02,-2.26968317e-02,-2.26253588e-02,-2.26703351e-02,-2.28261613e-02,-2.30832735e-02,-2.34300221e-02,-2.38530468e-02,-2.43378713e-02,-2.48695782e-02,-2.54335137e-02,-2.60159742e-02,-2.66048302e-02,-2.71900460e-02,-2.77640608e-02,-2.83220084e-02,-2.88617611e-02,-2.93837968e-02
-1.72641787e-02,-1.67854690e-02,-1.62452091e-02,-1.56510301e-02,-1.50097366e-02,-1.43273376e-02,-1.36090931e-02,-1.28595682e-02,-1.20826886e-02,-1.12817948e-02,-1.04596956e-02,-9.61872489e-03,-8.76080590e-03,-7.88752914e-03,-7.00025000e-03,-6.10021020e-03,-5.18868549e-03,-4.26715944e-03,-3.33751984e-03,-2.40227138e-03,-1.46475514e-03,-5.29363430e-04,3.98263528e-04,1.31107018e-03,2.20047247e-03,3.05629924e-03,3.86680803e-03,4.61878491e-03,5.29773667e-03,5.88818090e-03,6.37403587e-03,6.73910739e-03,6.96766080e-03,7.04503038e-03,6.95881819e-03,6.69890016e-03,6.25807340e-03,5.63352095e-03,4.82692185e-03,3.84488923e-03,2.69916362e-03,1.40654712e-03,-1.14421842e-05,-1.52918716e-03,-3.11786493e-03,-4.74655126e-03,-6.38343810e-03,-7.99710795e-03,-9.55776153e-03,-1.10383107e-02,-1.24152640e-02,-1.36693560e-02,-1.47858969e-02,-1.57548476e-02,-1.65706466e-02,-1.72318331e-02,-1.77405184e-02,-1.81017586e-02,-1.83228547e-02,-1.84129830e-02,-1.83830925e-02,-1.82425541e-02,-1.80023186e-02,-1.76728783e-02
-7.14167663e-03,-6.99878831e-03,-6.75986929e-03,-6.43819971e-03,-6.04672202e-03,-5.59755724e-03,-5.10158646e-03,-4.56811585e-03,-4.00463664e-03,-3.41668762e-03,-2.80782402e-03,-2.17969217e-03,-1.53220508e-03,-8.63808879e-04,-1.71826071e-04,5.47142977e-04,1.29678128e-03,2.08060097e-03,2.90149965e-03,3.76134686e-03,4.66062014e-03,5.59810586e-03,6.57067592e-03,7.57314671e-03,8.59822293e-03,9.63652495e-03,1.06766959e-02,1.17055830e-02,1.27084848e-02,1.36694588e-02,1.45716793e-02,1.53978382e-02,1.61305804e-02,1.67529641e-02,1.72489362e-02,1.76038076e-02,1.78046994e-02,1.78407476e-02,1.77061866e-02,1.73947339e-02,1.69051131e-02,1.62398520e-02,1.54051820e-02,1.44111206e-02,1.32713873e-02,1.20031836e-02,1.06268424e-02,9.16535380e-03,7.64377700e-03,6.08855942e-03,4.52678575e-03,2.98538863e-03,1.49035567e-03,6.59697536e-05,-1.26587468e-03,-2.48626658e-03,-3.57974420e-03,-4.53459669e-03,-5.34301527e-03,-6.00108534e-03,-6.50862760e-03,-6.86890183e-03,-7.08818234e-03,-7.17540477e-03
1.54410148e-02,1.70294688e-02,1.84393612e-02,1.96440200e-02,2.06183292e-02,2.13393466e-02,2.17869209e-02,2.19441198e-02,2.18003935e-02,2.13487144e-02,2.05848945e-02,1.95131979e-02,1.81438640e-02,1.64934807e-02,1.45849606e-02,1.24472309e-02,1.01146470e-02,7.62614228e-03,5.02413749e-03,2.35325950e-03,-3.41066367e-04,-3.01404221e-03,-5.62295884e-03,-8.12849498e-03,-1.04958009e-02,-1.26953504e-02,-1.47035083e-02,-1.65028024e-02,-1.80819072e-02,-1.94353666e-02,-2.05630935e-02,-2.14696929e-02,-2.21636550e-02,-2.26564615e-02,-2.29616111e-02,-2.30938166e-02,-2.30703146e-02,-2.29033078e-02,-2.26069329e-02,-2.21932590e-02,-2.16722485e-02,-2.10515544e-02,-2.03364480e-02,-1.95299005e-02,-1.86328149e-02,-1.76443908e-02,-1.65625990e-02,-1.53847356e-02,-1.41080199e-02,-1.27302014e-02,-1.12501412e-02,-9.66833610e-03,-7.98736298e-03,-6.21222482e-03,-4.35059056e-03,-2.41292653e-03,-4.12524381e-04,1.63456090e-03,3.70965615e-03,5.79170828e-03,7.85755219e-03,9.88223693e-03,1.18393932e-02,1.37016381e-02
-3.67092601e-02,-3.52054318e-02,-3.37076339e-02,-3.22351690e-02,-3.08057836e-02,-2.94354571e-02,-2.81382060e-02,-2.69259005e-02,-2.58080993e-02,-2.47919102e-02,-2.38818896e-02,-2.30799982e-02,-2.23856302e-02,-2.17957343e-02,-2.13050398e-02,-2.09063952e-02,-2.05912171e-02,-2.03500391e-02,-2.01731349e-02,-2.00511872e-02,-1.99759649e-02,-1.99410296e-02,-1.99414107e-02,-1.99760688e-02,-2.00460254e-02,-2.01553724e-02,-2.03110301e-02,-2.05224147e-02,-2.08009324e-02,-2.11593180e-02,-2.16108451e-02,-2.21684464e-02,-2.28437851e-02,-2.36463251e-02,-2.45824468e-02,-2.56546606e-02,-2.68609653e-02,-2.81943986e-02,-2.96428166e-02,-3.11889326e-02,-3.28106274e-02,-3.44815282e-02,-3.61718327e-02,-3.78493376e-02,-3.94806110e-02,-4.10322395e-02,-4.24720719e-02,-4.37703851e-02,-4.49009037e-02,-4.58416188e-02,-4.65753592e-02,-4.70900412e-02,-4.73783710e-02,-4.74443739e-02,-4.72876469e-02,-4.69154621e-02,-4.63403780e-02,-4.55779464e-02,-4.46463498e-02,-4.35658170e-02,-4.23580317e-02,-4.10455749e-02,-3.96514206e-02,-3.81984895e-02
-1.63991826e-02,-1.62189485e-02,-1.60243639e-02,-1.58207356e-02,-1.56134975e-02,-1.54081463e-02,-1.52101853e-02,-1.50250680e-02,-1.48581358e-02,-1.47145434e-02,-1.45991697e-02,-1.45165166e-02,-1.44706352e-02,-1.44644099e-02,-1.45007196e-02,-1.45810461e-02,-1.47057252e-02,-1.48737856e-02,-1.50827965e-02,-1.53287619e-02,-1.56060739e-02,-1.59075412e-02,-1.62245093e-02,-1.65470830e-02,-1.68644548e-02,-1.71653334e-02,-1.74384542e-02,-1.76731467e-02,-1.78599180e-02,-1.79910051e-02,-1.80607672e-02,-1.80673199e-02,-1.80097939e-02,-1.78913795e-02,-1.77180881e-02,-1.74985568e-02,-1.72436431e-02,-1.69658646e-02,-1.66787279e-02,-1.63959931e-02,-1.61309165e-02,-1.58955219e-02,-1.56999475e-02,-1.55519131e-02,-1.54563530e-02,-1.54151396e-02,-1.54267539e-02,-1.54877563e-02,-1.55916139e-02,-1.57298878e-02,-1.58927641e-02,-1.60696945e-02,-1.62500397e-02,-1.64236632e-02,-1.65814335e-02,-1.67156076e-02,-1.68200793e-02,-1.68904866e-02,-1.69241799e-02,-1.69207570e-02,-1.68802209e-02,-1.68045092e-02,-1.66965208e-02,-1.65599679e-02
2.71535634e-02,2.66297489e-02,2.60440251e-02,2.53853961e-02,2.46457017e-02,2.38203415e-02,2.29088409e-02,2.19152216e-02,2.08481515e-02,1.97208563e-02,1.85507907e-02,1.73590800e-02,1.61697625e-02,1.50088750e-02,1.39034372e-02,1.28803985e-02,1.19656085e-02,1.11828722e-02,1.05531351e-02,1.00938351e-02,9.81844525e-03,9.73627608e-03,9.85135446e-03,1.01643701e-02,1.06719211e-02,1.13661479e-02,1.22356294e-02,1.32656896e-02,1.44387779e-02,1.57348731e-02,1.71318972e-02,1.86061376e-02,2.01326773e-02,2.16858381e-02,2.32396413e-02,2.47682894e-02,2.62466725e-02,2.76508971e-02,2.89588324e-02,3.01506626e-02,3.12094289e-02,3.21215372e-02,3.28772042e-02,3.34708089e-02,3.39011152e-02,3.41713240e-02,3.42888682e-02,3.42652822e-02,3.41179379e-02,3.38616067e-02,3.35164211e-02,3.31029795e-02,3.26416253e-02,3.21514672e-02,3.16494342e-02,3.11494643e-02,3.06618801e-02,3.01929887e-02,2.97449238e-02,2.93157299e-02,2.88996767e-02,2.84877767e-02,2.80684727e-02,2.76284541e-02
2.94775012e-03,5.79198467e-04,-1.84477041e-03,-4.28084275e-03,-6.68551431e-03,-9.01658040e-03,-1.12345157e-02,-1.33036319e-02,-1.51929600e-02,-1.68768357e-02,-1.83351935e-02,-1.95536004e-02,-2.05230725e-02,-2.12397177e-02,-2.17042043e-02,-2.19209843e-02,-2.19028779e-02,-2.16571144e-02,-2.11989253e-02,-2.05449254e-02,-1.97133089e-02,-1.87234864e-02,-1.75956895e-02,-1.63505771e-02,-1.50088476e-02,-1.35908579e-02,-1.21162509e-02,-1.06035967e-02,-9.07005752e-03,-7.53108613e-03,-6.00017167e-03,-4.48864816e-03,-3.00557945e-03,-1.55773377e-03,-1.49657742e-04,1.21614478e-03,2.53893143e-03,3.81934184e-03,5.05893440e-03,6.25966235e-03,7.42331353e-03,8.55094348e-03,9.64233286e-03,1.06954999e-02,1.17062962e-02,1.26681098e-02,1.35716950e-02,1.44051440e-02,1.51540060e-02,1.58015602e-02,1.63292384e-02,1.67171881e-02,1.69449463e-02,1.69920082e-02,1.68413790e-02,1.64749389e-02,1.58789353e-02,1.50441133e-02,1.39662491e-02,1.26469963e-02,1.10944695e-02,9.32354764e-03,7.35585270e-03,5.21937586e-03
-1.54400050e-02,-1.60010833e-02,-1.65318791e-02,-1.70297457e-02,-1.74937835e-02,-1.79245869e-02,-1.83239143e-02,-1.86943089e-02,-1.90386988e-02,-1.93600064e-02,-1.96607931e-02,-1.99429641e-02,-2.02075493e-02,-2.04545734e-02,-2.06830173e-02,-2.08908692e-02,-2.10752536e-02,-2.12326225e-02,-2.13589881e-02,-2.14501669e-02,-2.15019657e-02,-2.15112080e-02,-2.14741410e-02,-2.13881336e-02,-2.12513510e-02,-2.10627344e-02,-2.08220230e-02,-2.05297221e-02,-2.01870457e-02,-1.97958478e-02,-1.93585548e-02,-1.88781104e-02,-1.83579420e-02,-1.78019511e-02,-1.72145292e-02,-1.66005954e-02,-1.59656483e-02,-1.53158217e-02,-1.46579332e-02,-1.39995107e-02,-1.33487861e-02,-1.27146446e-02,-1.21065196e-02,-1.15342316e-02,-1.10077676e-02,-1.05370069e-02,-1.01314030e-02,-9.79963439e-03,-9.54924597e-03,-9.38631336e-03,-9.31504110e-03,-9.33709924e-03,-9.45290850e-03,-9.65986619e-03,-9.95309606e-03,-1.03255164e-02,-1.07680818e-02,-1.12701382e-02,-1.18198653e-02,-1.24047826e-02,-1.30122839e-02,-1.36301685e-02,-1.42471330e-02,-1.48531923e-02
2.88496041e-03,3.65982696e-03,4.56327879e-03,5.59262948e-03,6.74042600e-03,7.99461654e-03,9.33883259e-03,1.07527591e-02,1.22125715e-02,1.36914255e-02,1.51599909e-02,1.65870304e-02,1.79400279e-02,1.91858766e-02,2.02916358e-02,2.12253688e-02,2.19570605e-02,2.24596022e-02,2.27097583e-02,2.26887244e-02,2.23903738e-02,2.18047692e-02,2.09363013e-02,1.97972486e-02,1.84085642e-02,1.67997147e-02,1.50079586e-02,1.30771137e-02,1.10558643e-02,8.99570848e-03,6.94868870e-03,4.96507419e-03,3.09117344e-03,1.36743619e-03,-1.73030845e-04,-1.50544129e-03,-2.61384432e-03,-3.49111495e-03,-4.13850751e-03,-4.56487088e-03,-4.78556882e-03,-4.82202805e-03,-4.69858526e-03,-4.44298276e-03,-4.08445616e-03,-3.65245195e-03,-3.17547586e-03,-2.68002037e-03,-2.18960162e-03,-1.72392749e-03,-1.29821997e-03,-9.22716302e-04,-6.02373619e-04,-3.36798495e-04,-1.20415822e-04,5.71198153e-05,2.10282415e-04,3.56826810e-04,5.16780746e-04,7.11332671e-04,9.61679308e-04,1.28789871e-03,1.70791029e-03,2.23657327e-03
1.36985111e-02,1.53664731e-02,1.68505232e-02,1.81335438e-02,1.92001955e-02,2.00371597e-02,2.06334047e-02,2.09804429e-02,2.10723474e-02,2.09094290e-02,2.04913833e-02,1.98223772e-02,1.89114635e-02,1.77713794e-02,1.64185595e-02,1.48728867e-02,1.31572591e-02,1.12969984e-02,9.31912604e-03,7.25154551e-03,5.12217894e-03,2.95811469e-03,7.84823575e-04,-1.37449927e-03,-3.49941852e-03,-5.57257552e-03,-7.57974213e-03,-9.50967379e-03,-1.13537624e-02,-1.31055228e-02,-1.47599590e-02,-1.63128667e-02,-1.77601339e-02,-1.90971008e-02,-2.03180389e-02,-2.14157954e-02,-2.23816387e-02,-2.32053184e-02,-2.38753352e-02,-2.43793821e-02,-2.47048422e-02,-2.48403258e-02,-2.47774966e-02,-2.45050148e-02,-2.40174572e-02,-2.33121743e-02,-2.23899171e-02,-2.12550363e-02,-1.99154900e-02,-1.83826984e-02,-1.66712737e-02,-1.47986588e-02,-1.27847055e-02,-1.06512263e-02,-8.42154322e-03,-6.12005732e-03,-3.77185222e-03,-1.40234091e-03,9.63040465e-04,3.29907138e-03,5.58100624e-03,7.78474073e-03,9.88696784e-03,1.18653208e-02
8.09618256e-03,9.31505664e-03,1.05253790e-02,1.17098264e-02,1.28520673e-02,1.39372171e-02,1.49523079e-02,1.58867464e-02,1.67327232e-02,1.74855346e-02,1.81437803e-02,1.87094005e-02,1.91875273e-02,1.95861366e-02,1.99155050e-02,2.01874901e-02,2.04146770e-02,2.06094424e-02,2.07830046e-02,2.09445280e-02,2.11003487e-02,2.12533747e-02,2.14027054e-02,2.15434953e-02,2.16670766e-02,2.17613265e-02,2.18112318e-02,2.17996307e-02,2.17097670e-02,2.15225004e-02,2.12211332e-02,2.07910968e-02,2.02211088e-02,1.95041381e-02,1.86381599e-02,1.76266592e-02,1.64788458e-02,1.52095535e-02,1.38388157e-02,1.23911385e-02,1.08945140e-02,9.37924442e-03,7.87666277e-03,6.41784339e-03,5.03239545e-03,3.74741702e-03,2.58666793e-03,1.56999308e-03,7.13001875e-04,2.69853847e-05,-4.80957727e-04,-8.07654624e-04,-9.53492893e-04,-9.22107837e-04,-7.19582937e-04,-3.54430857e-04,1.62930006e-04,8.20463637e-04,1.60477616e-03,2.50131281e-03,3.49451861e-03,4.56798292e-03,5.70458439e-03,6.88665538e-03
1.73079483e-03,2.19078881e-03,2.61641229e-03,3.00269752e-03,3.34661450e-03,3.64702830e-03,3.90455380e-03,4.12131888e-03,4.30065316e-03,4.44672446e-03,4.56414831e-03,4.65759813e-03,4.73144270e-03,4.78943553e-03,4.83447558e-03,4.86845331e-03,4.89218842e-03,4.90545831e-03,4.90710392e-03,4.89527491e-03,4.86752979e-03,4.82121687e-03,4.75370434e-03,4.66263285e-03,4.54613058e-03,4.40297187e-03,4.23266800e-03,4.03548507e-03,3.81239070e-03,3.56493896e-03,3.29510975e-03,3.00512412e-03,2.69726055e-03,2.37369781e-03,2.03640745e-03,1.68711390e-03,1.32733206e-03,9.58482707e-04,5.82075661e-04,1.99940742e-04,-1.85521415e-04,-5.71101348e-04,-9.52592280e-04,-1.32468051e-03,-1.68094122e-03,-2.01395418e-03,-2.31554142e-03,-2.57711529e-03,-2.79011289e-03,-2.94648144e-03,-3.03916463e-03,-3.06271676e-03,-3.01339879e-03,-2.88968674e-03,-2.69244874e-03,-2.42493796e-03,-2.09270021e-03,-1.70335050e-03,-1.26624041e-03,-7.92040444e-04,-2.92264937e-04,2.21232007e-04,7.36759085e-04,1.24327092e-03
1.29444799e-03,3.28964667e-04,-6.96693208e-04,-1.76176905e-03,-2.84474789e-03,-3.92405684e-03,-4.97877450e-03,-5.98930410e-03,-6.93797549e-03,-7.80954658e-03,-8.59158305e-03,-9.27470454e-03,-9.85269497e-03,-1.03224835e-02,-1.06840089e-02,-1.09399828e-02,-1.10955601e-02,-1.11580986e-02,-1.11368811e-02,-1.10416306e-02,-1.08834873e-02,-1.06738810e-02,-1.04241657e-02,-1.01452124e-02,-9.84702039e-03,-9.53836245e-03,-9.22647629e-03,-8.91681342e-03,-8.61285940e-03,-8.31603769e-03,-8.02570772e-03,-7.73926439e-03,-7.45234109e-03,-7.15911207e-03,-6.85268309e-03,-6.52555272e-03,-6.17012080e-03,-5.77921611e-03,-5.34661362e-03,-4.86751176e-03,-4.33894354e-03,-3.76009992e-03,-3.13255059e-03,-2.46035390e-03,-1.75005487e-03,-1.01057594e-03,-2.53010104e-04,5.09669834e-04,1.26296991e-03,1.99129721e-03,2.67841090e-03,3.30790117e-03,3.86367972e-03,4.33046973e-03,4.69428421e-03,4.94288091e-03,5.06617593e-03,5.05656579e-03,4.91005637e-03,4.62452623e-03,4.20190731e-03,3.64743199e-03,2.96968126e-03,2.18044421e-03
-6.35347789e-03,-6.98501405e-03,-7.47965309e-03,-7.82950153e-03,-8.03200923e-03,-8.09036491e-03,-8.01184311e-03,-7.80802049e-03,-7.49435281e-03,-7.08911724e-03,-6.61267692e-03,-6.08669981e-03,-5.53337521e-03,-4.97464427e-03,-4.43145572e-03,-3.92305725e-03,-3.46633558e-03,-3.07522173e-03,-2.76018255e-03,-2.52782336e-03,-2.38062995e-03,-2.31685940e-03,-2.33054145e-03,-2.41204218e-03,-2.54819107e-03,-2.72307809e-03,-2.91882379e-03,-3.11646446e-03,-3.29688669e-03,-3.44175193e-03,-3.53434431e-03,-3.56048471e-03,-3.50883589e-03,-3.37148715e-03,-3.14429547e-03,-2.82691746e-03,-2.42276705e-03,-1.93884212e-03,-1.38544982e-03,-7.75855510e-04,-1.25875114e-04,5.46573387e-04,1.22195353e-03,1.87963236e-03,2.49842576e-03,3.05718311e-03,3.53540974e-03,3.91392554e-03,4.17555128e-03,4.30580046e-03,4.29352458e-03,4.13227677e-03,3.81906117e-03,3.35657311e-03,2.75268075e-03,2.02049247e-03,1.17809879e-03,2.48030095e-04,-7.43553017e-04,-1.76790273e-03,-2.79492231e-03,-3.79447433e-03,-4.73770452e-03,-5.59828229e-03
2.76562046e-02,2.65887091e-02,2.53225157e-02,2.38815341e-02,2.22920260e-02,2.05816830e-02,1.87786462e-02,1.69105347e-02,1.50035537e-02,1.30817420e-02,1.11664069e-02,9.27577282e-03,7.42485203e-03,5.62552555e-03,3.88680566e-03,2.21524216e-03,6.15427718e-04,-9.09441854e-04,-2.35699288e-03,-3.72513013e-03,-5.01153778e-03,-6.21325989e-03,-7.32637331e-03,-8.34576428e-03,-9.26501507e-03,-1.00764031e-02,-1.07710104e-02,-1.13389370e-02,-1.17696026e-02,-1.20520912e-02,-1.21758203e-02,-1.21319656e-02,-1.19104076e-02,-1.15042224e-02,-1.09084310e-02,-1.01205202e-02,-9.14076100e-03,-7.97242112e-03,-6.62187628e-03,-5.09862196e-03,-3.41519236e-03,-1.58699745e-03,3.67908155e-04,2.42909473e-03,4.57410023e-03,6.77877713e-03,9.01764387e-03,1.12642468e-02,1.34915203e-02,1.56721416e-02,1.77788823e-02,1.97849583e-02,2.16643822e-02,2.33923263e-02,2.49454977e-02,2.63025327e-02,2.74444076e-02,2.83548623e-02,2.90208207e-02,2.94327669e-02,2.95848804e-02,2.94777305e-02,2.91157846e-02,2.85042390e-02
-9.85350275e-03,-1.05082356e-02,-1.10477267e-02,-1.14605843e-02,-1.17386043e-02,-1.18767994e-02,-1.18757460e-02,-1.17361048e-02,-1.14639202e-02,-1.10679444e-02,-1.05594828e-02,-9.95193477e-03,-9.26027242e-03,-8.50049745e-03,-7.68910041e-03,-6.84254336e-03,-5.97678206e-03,-5.10684126e-03,-4.24645333e-03,-3.40776776e-03,-2.60113651e-03,-1.83497768e-03,-1.11571732e-03,-4.47807150e-04,1.66186949e-04,7.25431687e-04,1.23062146e-03,1.68372678e-03,2.08771218e-03,2.44623633e-03,2.76334730e-03,3.04318584e-03,3.28970845e-03,3.50644029e-03,3.69626593e-03,3.86126372e-03,4.00258682e-03,4.12039195e-03,4.21381449e-03,4.28098711e-03,4.31909699e-03,4.32446467e-03,4.29281808e-03,4.21912311e-03,4.09804740e-03,3.92407114e-03,3.69170896e-03,3.39575888e-03,3.03156941e-03,2.59532398e-03,2.08433802e-03,1.49736091e-03,8.34870594e-04,9.93452126e-05,-7.04506461e-04,-1.56957971e-03,-2.48630008e-03,-3.44265063e-03,-4.42432446e-03,-5.41500891e-03,-6.39680018e-03,-7.35073626e-03,-8.25742487e-03,-9.09773370e-03
3.47272050e-02,3.52451763e-02,3.56805371e-02,3.60233269e-02,3.62638522e-02,3.63930430e-02,3.64022706e-02,3.62891698e-02,3.60455336e-02,3.56692375e-02,3.51600476e-02,3.45198746e-02,3.37528417e-02,3.28652275e-02,3.18653458e-02,3.07633928e-02,2.95712782e-02,2.83024540e-02,2.69717479e-02,2.55951986e-02,2.41898858e-02,2.27737413e-02,2.13653279e-02,1.99835710e-02,1.86474384e-02,1.73755662e-02,1.61858428e-02,1.50949676e-02,1.41180101e-02,1.32679986e-02,1.25555654e-02,1.19886752e-02,1.15724538e-02,1.13091317e-02,1.11981282e-02,1.12360013e-02,1.14162056e-02,1.17316781e-02,1.21724413e-02,1.27272290e-02,1.33837784e-02,1.41292079e-02,1.49503911e-02,1.58343045e-02,1.67683405e-02,1.77405789e-02,1.87400108e-02,1.97567125e-02,2.07819634e-02,2.18083061e-02,2.28295467e-02,2.38406915e-02,2.48378249e-02,2.58179287e-02,2.67786520e-02,2.77180412e-02,2.86342452e-02,2.95252121e-02,3.03883986e-02,3.12205102e-02,3.20172942e-02,3.27734013e-02,3.34823309e-02,3.41364663e-02
2.24775012e-03,-7.96171665e-04,-3.77480738e-03,-6.64711202e-03,-9.37283180e-03,-1.19136720e-02,-1.42343352e-02,-1.63033677e-02,-1.80937841e-02,-1.95834664e-02,-2.07553464e-02,-2.15973708e-02,-2.21021327e-02,-2.22695611e-02,-2.21018489e-02,-2.16029697e-02,-2.07833391e-02,-1.96563533e-02,-1.82383278e-02,-1.65482090e-02,-1.46072704e-02,-1.24388198e-02,-1.00679238e-02,-7.52114586e-03,-4.82629616e-03,-2.01218777e-03,8.91606006e-04,3.85497024e-03,6.84755705e-03,9.83904365e-03,1.27994179e-02,1.56992932e-02,1.85102448e-02,2.12051664e-02,2.37586386e-02,2.61472989e-02,2.83501990e-02,3.03491297e-02,3.21288906e-02,3.36774819e-02,3.49861940e-02,3.60495749e-02,3.68652626e-02,3.74336747e-02,3.77575286e-02,3.78408432e-02,3.76940784e-02,3.73210505e-02,3.67273789e-02,3.59198879e-02,3.49043556e-02,3.36855534e-02,3.22673440e-02,3.06529714e-02,2.88455588e-02,2.68487873e-02,2.46677047e-02,2.23095965e-02,1.97848361e-02,1.71076306e-02,1.42965781e-02,1.13749691e-02,8.37078234e-03,5.31635674e-03
-3.82698738e-02,-3.86827109e-02,-3.88827460e-02,-3.88811176e-02,-3.86776133e-02,-3.82859687e-02,-3.77217111e-02,-3.70027604e-02,-3.61488304e-02,-3.51807650e-02,-3.41199086e-02,-3.29875360e-02,-3.18043481e-02,-3.05900370e-02,-2.93629165e-02,-2.81396166e-02,-2.69348388e-02,-2.57611701e-02,-2.46289594e-02,-2.35462559e-02,-2.25188158e-02,-2.15501791e-02,-2.06418208e-02,-1.97933747e-02,-1.90029264e-02,-1.82673672e-02,-1.75827951e-02,-1.69449453e-02,-1.63496279e-02,-1.57931527e-02,-1.52727145e-02,-1.47867224e-02,-1.43350534e-02,-1.39192192e-02,-1.35424425e-02,-1.32096397e-02,-1.29273185e-02,-1.27034010e-02,-1.25470029e-02,-1.24682231e-02,-1.24764464e-02,-1.25832713e-02,-1.27987894e-02,-1.31325637e-02,-1.35930472e-02,-1.41871053e-02,-1.49195428e-02,-1.57926334e-02,-1.68056620e-02,-1.79545017e-02,-1.92312556e-02,-2.06240003e-02,-2.21166715e-02,-2.36891320e-02,-2.53174542e-02,-2.69744338e-02,-2.86303340e-02,-3.02538343e-02,-3.18131332e-02,-3.32771379e-02,-3.46166574e-02,-3.58055137e-02,-3.68214934e-02,-3.76470743e-02
2.03348421e-03,1.72294185e-03,1.24247404e-03,6.02410910e-04,-1.83238054e-04,-1.09719759e-03,-2.11953100e-03,-3.22836568e-03,-4.40070688e-03,-5.61329453e-03,-6.84344349e-03,-8.06981354e-03,-9.27306355e-03,-1.04363569e-02,-1.15457008e-02,-1.25901164e-02,-1.35616525e-02,-1.44552620e-02,-1.52685704e-02,-1.60015635e-02,-1.66562216e-02,-1.72361234e-02,-1.77460358e-02,-1.81915028e-02,-1.85784407e-02,-1.89127464e-02,-1.91999234e-02,-1.94447343e-02,-1.96508866e-02,-1.98207663e-02,-1.99552305e-02,-2.00534715e-02,-2.01129326e-02,-2.01298837e-02,-2.00986765e-02,-2.00123807e-02,-1.98634782e-02,-1.96440412e-02,-1.93462426e-02,-1.89628649e-02,-1.84877960e-02,-1.79164827e-02,-1.72463189e-02,-1.64769474e-02,-1.56104652e-02,-1.46515296e-02,-1.36073660e-02,-1.24876889e-02,-1.13045462e-02,-1.00721023e-02,-8.80637225e-03,-7.52491978e-03,-6.24652754e-03,-4.99084615e-03,-3.77802461e-03,-2.62832258e-03,-1.56170368e-03,-5.97408611e-04,2.46491597e-04,9.53547642e-04,1.50942259e-03,1.90235198e-03,2.12358257e-03,2.16774387e-03
2.10297960e-02,2.29958214e-02,2.48565923e-02,2.65864901e-02,2.81607206e-02,2.95557795e-02,3.07499584e-02,3.17238788e-02,3.24610356e-02,3.29483079e-02,3.31763029e-02,3.31396454e-02,3.28443919e-02,3.22890703e-02,3.14844223e-02,3.04451040e-02,2.91899306e-02,2.77414156e-02,2.61250652e-02,2.43685429e-02,2.25007687e-02,2.05510125e-02,1.85480377e-02,1.65193400e-02,1.44905163e-02,1.24847825e-02,1.05226472e-02,8.62173630e-03,6.79675615e-03,5.05957757e-03,3.41942156e-03,1.88312770e-03,4.55487007e-04,-8.60377238e-04,-2.06259768e-03,-3.15014882e-03,-4.12242663e-03,-4.97885941e-03,-5.71856473e-03,-6.34007174e-03,-6.84112535e-03,-7.21858365e-03,-7.46840412e-03,-7.58573933e-03,-7.56609241e-03,-7.40304356e-03,-7.09127704e-03,-6.62587220e-03,-6.00282125e-03,-5.21944740e-03,-4.27477855e-03,-3.16986270e-03,-1.90801151e-03,-4.94964463e-04,1.06102583e-03,2.74917876e-03,4.55627155e-03,6.46674937e-03,8.46289348e-03,1.05250245e-02,1.26317316e-02,1.47601199e-02,1.68860739e-02,1.89845347e-02
-2.86671170e-02,-2.79660258e-02,-2.72926954e-02,-2.66663442e-02,-2.61046295e-02,-2.56229570e-02,-2.52338423e-02,-2.49463674e-02,-2.47658027e-02,-2.46928965e-02,-2.47235437e-02,-2.48517597e-02,-2.50661542e-02,-2.53522847e-02,-2.56931906e-02,-2.60702105e-02,-2.64638949e-02,-2.68549455e-02,-2.72251183e-02,-2.75580366e-02,-2.78398730e-02,-2.80598662e-02,-2.82106439e-02,-2.82882259e-02,-2.82942160e-02,-2.82302064e-02,-2.81030622e-02,-2.79222977e-02,-2.76998015e-02,-2.74493661e-02,-2.71861432e-02,-2.69260588e-02,-2.66852057e-02,-2.64792288e-02,-2.63227300e-02,-2.62287918e-02,-2.62070211e-02,-2.62660593e-02,-2.64109946e-02,-2.66432552e-02,-2.69607881e-02,-2.73580099e-02,-2.78259506e-02,-2.83525548e-02,-2.89231232e-02,-2.95208704e-02,-3.01275691e-02,-3.07242466e-02,-3.12918971e-02,-3.18121746e-02,-3.22680365e-02,-3.26443131e-02,-3.29281741e-02,-3.31094322e-02,-3.31816228e-02,-3.31422615e-02,-3.29890722e-02,-3.27253460e-02,-3.23574003e-02,-3.18946267e-02,-3.13492753e-02,-3.07361369e-02,-3.00721448e-02,-2.93758987e-02
-1.39420947e-02,-1.41878003e-02,-1.43422632e-02,-1.44002674e-02,-1.43600544e-02,-1.42223673e-02,-1.39917772e-02,-1.36755633e-02,-1.32833639e-02,-1.28267225e-02,-1.23186069e-02,-1.17729310e-02,-1.12040970e-02,-1.06265728e-02,-1.00545122e-02,-9.50142221e-03,-8.97987666e-03,-8.50127383e-03,-8.07563270e-03,-7.71142168e-03,-7.41541383e-03,-7.19256461e-03,-7.04591464e-03,-6.97653366e-03,-6.98293076e-03,-7.06237705e-03,-7.20950323e-03,-7.41697223e-03,-7.67554775e-03,-7.97430100e-03,-8.30091210e-03,-8.64206367e-03,-8.98391979e-03,-9.31267462e-03,-9.61514693e-03,-9.87938941e-03,-1.00952763e-02,-1.02550305e-02,-1.03536421e-02,-1.03893828e-02,-1.03637079e-02,-1.02810384e-02,-1.01491975e-02,-9.97876414e-03,-9.78263691e-03,-9.57544622e-03,-9.37286350e-03,-9.19084156e-03,-9.04482328e-03,-8.94897301e-03,-8.91517250e-03,-8.95267653e-03,-9.06772438e-03,-9.26261022e-03,-9.53572843e-03,-9.88152966e-03,-1.02907059e-02,-1.07505841e-02,-1.12457079e-02,-1.17585737e-02,-1.22704752e-02,-1.27624035e-02,-1.32159442e-02,-1.36141150e-02
1.28943440e-02,1.22849650e-02,1.15972557e-02,1.08424580e-02,1.00323346e-02,9.17870278e-03,8.29297257e-03,7.38572403e-03,6.46635691e-03,5.54283912e-03,4.62157398e-03,3.70739611e-03,2.80369669e-03,1.91266869e-03,1.03565370e-03,1.73564031e-04,-6.72652229e-04,-1.50154013e-03,-2.31070091e-03,-3.09642604e-03,-3.85343776e-03,-4.57476368e-03,-5.25176381e-03,-5.87431614e-03,-6.43115351e-03,-6.91033070e-03,-7.29978802e-03,-7.58796488e-03,-7.76438682e-03,-7.82070725e-03,-7.75043485e-03,-7.54947091e-03,-7.21688643e-03,-6.75465783e-03,-6.16763658e-03,-5.46335327e-03,-4.65170222e-03,-3.74453863e-03,-2.75522142e-03,-1.69813483e-03,-5.88219647e-04,5.59458920e-04,1.73007853e-03,2.90937325e-03,4.08384384e-03,5.24089035e-03,6.36886543e-03,7.45705888e-03,8.49562962e-03,9.47550443e-03,1.03882655e-02,1.12260478e-02,1.19814672e-02,1.26475947e-02,1.32179865e-02,1.36867766e-02,1.40488251e-02,1.42999113e-02,1.44369439e-02,1.44580491e-02,1.43643801e-02,1.41565805e-02,1.38382999e-02,1.34151073e-02
6.81142407e-02,6.72243658e-02,6.62770808e-02,6.52750999e-02,6.42227354e-02,6.31262903e-02,6.19943755e-02,6.08381056e-02,5.96711362e-02,5.85095156e-02,5.73713398e-02,5.62762215e-02,5.52446003e-02,5.42969419e-02,5.34528836e-02,5.27303924e-02,5.21450000e-02,5.17091740e-02,5.14318881e-02,5.13185685e-02,5.13694526e-02,5.15793112e-02,5.19459853e-02,5.24596588e-02,5.31083233e-02,5.38780122e-02,5.47532822e-02,5.57177432e-02,5.67545654e-02,5.78469357e-02,5.89784498e-02,6.01334339e-02,6.12971929e-02,6.24561883e-02,6.35981503e-02,6.47121305e-02,6.57885051e-02,6.68189363e-02,6.77963025e-02,6.87146062e-02,6.95688697e-02,7.03550262e-02,7.10698130e-02,7.17106733e-02,7.22756710e-02,7.27634187e-02,7.31730221e-02,7.35040335e-02,7.37564116e-02,7.39304720e-02,7.40268020e-02,7.40458268e-02,7.39925791e-02,7.38659068e-02,7.36673503e-02,7.33991162e-02,7.30632634e-02,7.26616980e-02,7.21961072e-02,7.16678863e-02,7.10780909e-02,7.04274362e-02,6.97163603e-02,6.89451654e-02
-1.89664116e-02,-2.00064613e-02,-2.12899798e-02,-2.28138347e-02,-2.45668396e-02,-2.65293510e-02,-2.86733250e-02,-3.09628875e-02,-3.33554277e-02,-3.58031702e-02,-3.82551229e-02,-4.06592547e-02,-4.29647276e-02,-4.51240027e-02,-4.70946611e-02,-4.88408209e-02,-5.03340797e-02,-5.15539686e-02,-5.24879365e-02,-5.31308531e-02,-5.34838694e-02,-5.35625855e-02,-5.33744607e-02,-5.29362716e-02,-5.22697551e-02,-5.13986239e-02,-5.03481699e-02,-4.91446459e-02,-4.78146816e-02,-4.63847600e-02,-4.48807505e-02,-4.33274902e-02,-4.17484025e-02,-4.01651476e-02,-3.85973029e-02,-3.70620760e-02,-3.55740559e-02,-3.41450156e-02,-3.27837782e-02,-3.14961622e-02,-3.02850205e-02,-2.91503844e-02,-2.80897206e-02,-2.70983013e-02,-2.61696805e-02,-2.52962617e-02,-2.44699347e-02,-2.36827522e-02,-2.29276151e-02,-2.21989305e-02,-2.14932114e-02,-2.08095877e-02,-2.01502041e-02,-1.95204866e-02,-1.89292640e-02,-1.83887372e-02,-1.79142921e-02,-1.75241582e-02,-1.72389381e-02,-1.70812746e-02,-1.70718743e-02,-1.72356586e-02,-1.75938986e-02,-1.81656841e-02
-2.31069424e-02,-2.32361899e-02,-2.31584728e-02,-2.28666195e-02,-2.23599377e-02,-2.16414078e-02,-2.07179814e-02,-1.96005104e-02,-1.83035121e-02,-1.68448079e-02,-1.52450651e-02,-1.35272691e-02,-1.17161536e-02,-9.83761324e-03,-7.91812042e-03,-5.98416339e-03,-4.06171856e-03,-2.17576611e-03,-3.49854970e-04,1.39427373e-03,3.03701278e-03,4.56117354e-03,5.95218082e-03,7.19821597e-03,8.29029289e-03,9.22226342e-03,9.99074901e-03,1.05949971e-02,1.10366628e-02,1.13195172e-02,1.14490746e-02,1.14321558e-02,1.12778448e-02,1.09933668e-02,1.05876054e-02,1.00690610e-02,9.44572902e-03,8.72491802e-03,7.91314670e-03,7.01613386e-03,6.03887886e-03,4.98581981e-03,3.86105075e-03,2.66857512e-03,1.41257140e-03,9.76486313e-05,-1.27092509e-03,-2.68703792e-03,-4.14360029e-03,-5.63245250e-03,-7.14431612e-03,-8.66877737e-03,-1.01942926e-02,-1.17082083e-02,-1.31967917e-02,-1.46452756e-02,-1.60379266e-02,-1.73581511e-02,-1.85886562e-02,-1.97116829e-02,-2.07093227e-02,-2.15639200e-02,-2.22585513e-02,-2.27775461e-02
6.59961629e-03,8.08091169e-03,9.52813355e-03,1.09261367e-02,1.22601005e-02,1.35157978e-02,1.46798564e-02,1.57400019e-02,1.66852703e-02,1.75061802e-02,1.81948565e-02,1.87450990e-02,1.91523898e-02,1.94138366e-02,1.95280131e-02,1.94950495e-02,1.93177651e-02,1.89968108e-02,1.85357847e-02,1.79388164e-02,1.72106581e-02,1.63566814e-02,1.53829166e-02,1.42961552e-02,1.31041050e-02,1.18155841e-02,1.04407222e-02,8.99114079e-03,7.48007536e-03,5.92240843e-03,4.33458972e-03,2.73442916e-03,1.14076408e-03,-4.26983907e-04,-1.94932289e-03,-3.40727266e-03,-4.78292051e-03,-6.05992801e-03,-7.22395088e-03,-8.26294009e-03,-9.16730842e-03,-9.92996072e-03,-1.05461989e-02,-1.10135217e-02,-1.13313370e-02,-1.15005179e-02,-1.15246394e-02,-1.14059519e-02,-1.11486680e-02,-1.07575180e-02,-1.02375940e-02,-9.59431150e-03,-8.83340766e-03,-7.96098642e-03,-6.98360248e-03,-5.90836951e-03,-4.74307749e-03,-3.49630451e-03,-2.17750977e-03,-7.97096538e-04,6.33563134e-04,2.10214032e-03,3.59542874e-03,5.09945139e-03
-1.52299870e-02,-1.46815255e-02,-1.41015003e-02,-1.35026400e-02,-1.28977848e-02,-1.22995572e-02,-1.17200752e-02,-1.11707051e-02,-1.06618508e-02,-1.02027725e-02,-9.80143187e-03,-9.46435724e-03,-9.19652948e-03,-9.00128965e-03,-8.88028285e-03,-8.83327107e-03,-8.85818096e-03,-8.95165648e-03,-9.10834139e-03,-9.32140949e-03,-9.58272115e-03,-9.88306499e-03,-1.02124521e-02,-1.05604511e-02,-1.09165508e-02,-1.12705367e-02,-1.16128648e-02,-1.19350172e-02,-1.22298226e-02,-1.24917298e-02,-1.27170195e-02,-1.29039452e-02,-1.30527970e-02,-1.31658804e-02,-1.32474110e-02,-1.33033223e-02,-1.33409892e-02,-1.33688660e-02,-1.33960669e-02,-1.34319233e-02,-1.34854817e-02,-1.35649701e-02,-1.36772822e-02,-1.38275037e-02,-1.40185075e-02,-1.42506473e-02,-1.45215765e-02,-1.48262131e-02,-1.51568663e-02,-1.55035229e-02,-1.58542857e-02,-1.61959393e-02,-1.65146070e-02,-1.67964557e-02,-1.70283983e-02,-1.71987361e-02,-1.72976368e-02,-1.73186259e-02,-1.72565369e-02,-1.71095626e-02,-1.68788736e-02,-1.65682977e-02,-1.61840967e-02,-1.57346346e-02
4.55727067e-02,4.57684021e-02,4.57019435e-02,4.53722176e-02,4.47690578e-02,4.38935256e-02,4.27497824e-02,4.13458545e-02,3.96939912e-02,3.78109012e-02,3.57179096e-02,3.34410065e-02,3.10107403e-02,2.84619085e-02,2.58330045e-02,2.31653978e-02,2.05022549e-02,1.78872353e-02,1.53630350e-02,1.29698735e-02,1.07440368e-02,8.71659258e-03,6.91237777e-03,5.34933412e-03,4.03823373e-03,2.98279820e-03,2.18018245e-03,1.62176684e-03,1.29418419e-03,1.18050278e-03,1.26139852e-03,1.51648953e-03,1.92554279e-03,2.46931674e-03,3.13051441e-03,3.89440452e-03,4.74922243e-03,5.68633573e-03,6.70017861e-03,7.78797246e-03,8.94926142e-03,1.01853018e-02,1.14983515e-02,1.28909115e-02,1.43649682e-02,1.59212882e-02,1.75588032e-02,1.92741190e-02,2.10611676e-02,2.29110118e-02,2.48117995e-02,2.67488582e-02,2.87049108e-02,3.06603915e-02,3.25938390e-02,3.44823428e-02,3.63020213e-02,3.80285132e-02,3.96374659e-02,4.11050069e-02,4.24081898e-02,4.35254068e-02,4.44367604e-02,4.51243874e-02
7.11303407e-03,7.95086416e-03,8.70685486e-03,9.36655583e-03,9.91601811e-03,1.03421628e-02,1.06331298e-02,1.07785825e-02,1.07698352e-02,1.06022197e-02,1.02702808e-02,9.77301334e-03,9.11196525e-03,8.29156120e-03,7.31920545e-03,6.20530689e-03,4.96322883e-03,3.60915441e-03,2.16185826e-03,6.42378841e-04,-9.26407411e-04,-2.52029358e-03,-4.11436667e-03,-5.68364429e-03,-7.20375031e-03,-8.65158268e-03,-1.00059397e-02,-1.12480734e-02,-1.23621440e-02,-1.33355559e-02,-1.41591637e-02,-1.48273450e-02,-1.53379410e-02,-1.56920673e-02,-1.58937506e-02,-1.59507134e-02,-1.58714598e-02,-1.56663657e-02,-1.53475544e-02,-1.49277645e-02,-1.44199142e-02,-1.38366356e-02,-1.31898451e-02,-1.24903758e-02,-1.17476872e-02,-1.09696632e-02,-1.01625105e-02,-9.33075801e-03,-8.47735897e-03,-7.60388822e-03,-6.71082296e-03,-5.79788981e-03,-4.86445712e-03,-3.90994839e-03,-2.93425187e-03,-1.93810194e-03,-9.23410548e-04,1.06469392e-04,1.14655992e-03,2.19016524e-03,3.22886983e-03,4.25262199e-03,5.24989844e-03,6.20793836e-03
-1.66879196e-02,-1.61051900e-02,-1.54802546e-02,-1.48213083e-02,-1.41354930e-02,-1.34288253e-02,-1.27061814e-02,-1.19713401e-02,-1.12270800e-02,-1.04753273e-02,-9.71734814e-03,-8.95397629e-03,-8.18586504e-03,-7.41375050e-03,-6.63871113e-03,-5.86240852e-03,-5.08729440e-03,-4.31677081e-03,-3.55529300e-03,-2.80840853e-03,-2.08273007e-03,-1.38584393e-03,-7.26160949e-04,-1.12719271e-04,4.45046944e-04,9.37561132e-04,1.35536945e-03,1.68939498e-03,1.93117879e-03,2.07309796e-03,2.10854773e-03,2.03226999e-03,1.84017096e-03,1.52970056e-03,1.09997437e-03,5.51854669e-04,-1.11920796e-04,-8.86618009e-04,-1.76541234e-03,-2.73932188e-03,-3.79718643e-03,-4.92571777e-03,-6.10963679e-03,-7.33191081e-03,-8.57409630e-03,-9.81678227e-03,-1.10401186e-02,-1.22244032e-02,-1.33506945e-02,-1.44014099e-02,-1.53608730e-02,-1.62157732e-02,-1.69555122e-02,-1.75724191e-02,-1.80618276e-02,-1.84220161e-02,-1.86539999e-02,-1.87611676e-02,-1.87509820e-02,-1.86291464e-02,-1.84049414e-02,-1.80882786e-02,-1.76895603e-02,-1.72193266e-02
-1.01578284e-02,-1.24502125e-02,-1.45308087e-02,-1.63667810e-02,-1.79324069e-02,-1.92095683e-02,-2.01878020e-02,-2.08639276e-02,-2.12411466e-02,-2.13319592e-02,-2.11484826e-02,-2.07084022e-02,-2.00331308e-02,-1.91457842e-02,-1.80704994e-02,-1.68317355e-02,-1.54536698e-02,-1.39597039e-02,-1.23720719e-02,-1.07115435e-02,-8.99720970e-03,-7.24634199e-03,-5.47431850e-03,-3.69461057e-03,-1.91882655e-03,-1.56809753e-04,1.58321039e-03,3.29442381e-03,4.97120360e-03,6.60882939e-03,8.20318951e-03,9.75047066e-03,1.12468486e-02,1.26881944e-02,1.40698093e-02,1.53862018e-02,1.66309162e-02,1.77964195e-02,1.88740503e-02,1.98540291e-02,2.07255268e-02,2.14767851e-02,2.20952826e-02,2.25679369e-02,2.28813280e-02,2.30218747e-02,2.29765011e-02,2.27352101e-02,2.22839294e-02,2.16131854e-02,2.07152731e-02,1.95851096e-02,1.82209493e-02,1.66251043e-02,1.48046553e-02,1.27720974e-02,1.05458492e-02,8.15053979e-03,5.61699549e-03,2.98185765e-03,2.86798080e-04,-2.42264355e-03,-5.09859492e-03,-7.69267072e-03
1.09976218e-02,1.14890313e-02,1.20615383e-02,1.27078027e-02,1.34186274e-02,1.41831711e-02,1.49892137e-02,1.58234647e-02,1.66719056e-02,1.75201567e-02,1.83538599e-02,1.91590680e-02,1.99226301e-02,2.06325624e-02,2.12783889e-02,2.18514387e-02,2.23450829e-02,2.27548956e-02,2.30787246e-02,2.33166623e-02,2.34709071e-02,2.35455058e-02,2.35457694e-02,2.34800307e-02,2.33542121e-02,2.31763989e-02,2.29542459e-02,2.26948278e-02,2.24043656e-02,2.20880311e-02,2.17498555e-02,2.13927444e-02,2.10185890e-02,2.06284507e-02,2.02227966e-02,1.98017539e-02,1.93653573e-02,1.89137639e-02,1.84474182e-02,1.79671578e-02,1.74742591e-02,1.69704298e-02,1.64577635e-02,1.59386747e-02,1.54158335e-02,1.48921191e-02,1.43706045e-02,1.38545796e-02,1.33476118e-02,1.28536336e-02,1.23770446e-02,1.19228044e-02,1.14964980e-02,1.11043518e-02,1.07531853e-02,1.04502900e-02,1.02032340e-02,1.00196024e-02,9.90668937e-03,9.87119330e-03,9.91847105e-03,1.00528886e-02,1.02773426e-02,1.05926427e-02
-2.19836554e-02,-2.22667321e-02,-2.25067572e-02,-2.27000055e-02,-2.28430197e-02,-2.29326287e-02,-2.29663888e-02,-2.29424108e-02,-2.28585425e-02,-2.27140209e-02,-2.25088486e-02,-2.22439694e-02,-2.19213735e-02,-2.15441687e-02,-2.11166136e-02,-2.06441046e-02,-2.01331133e-02,-1.95910704e-02,-1.90261977e-02,-1.84472949e-02,-1.78634872e-02,-1.72839483e-02,-1.67176114e-02,-1.61728835e-02,-1.56573805e-02,-1.51776979e-02,-1.47392305e-02,-1.43460542e-02,-1.40008749e-02,-1.37050498e-02,-1.34586789e-02,-1.32607591e-02,-1.31093911e-02,-1.30020240e-02,-1.29357240e-02,-1.29074096e-02,-1.29138703e-02,-1.29527237e-02,-1.30216955e-02,-1.31191060e-02,-1.32438573e-02,-1.33953943e-02,-1.35736161e-02,-1.37787452e-02,-1.40111684e-02,-1.42712655e-02,-1.45592402e-02,-1.48749679e-02,-1.52178705e-02,-1.55868259e-02,-1.59801164e-02,-1.63954152e-02,-1.68298077e-02,-1.72798423e-02,-1.77416033e-02,-1.82107976e-02,-1.86828474e-02,-1.91529823e-02,-1.96163254e-02,-2.00679690e-02,-2.05030374e-02,-2.09167373e-02,-2.13043956e-02,-2.16614871e-02
1.43270206e-02,1.36612440e-02,1.30103266e-02,1.23838566e-02,1.17891671e-02,1.12310022e-02,1.07113285e-02,1.02293156e-02,9.78149944e-03,9.36212932e-03,8.96368390e-03,8.57753042e-03,8.19468730e-03,7.80664111e-03,7.40616179e-03,6.98805615e-03,6.54980095e-03,6.09200168e-03,5.61863462e-03,5.13704500e-03,4.65769406e-03,4.19366922e-03,3.75999295e-03,3.37278447e-03,3.04834109e-03,2.80221237e-03,2.64833853e-03,2.59832338e-03,2.66073131e-03,2.84092507e-03,3.14086712e-03,3.55897368e-03,4.09040718e-03,4.72738754e-03,5.45960645e-03,6.27469938e-03,7.15873899e-03,8.09672018e-03,9.07301383e-03,1.00717736e-02,1.10772870e-02,1.20742678e-02,1.30480911e-02,1.39849780e-02,1.48721356e-02,1.56978632e-02,1.64516339e-02,1.71241610e-02,1.77074568e-02,1.81948908e-02,1.85812520e-02,1.88628151e-02,1.90374053e-02,1.91044172e-02,1.90654024e-02,1.89237729e-02,1.86834627e-02,1.83512258e-02,1.79354507e-02,1.74461283e-02,1.68946666e-02,1.62936090e-02,1.56562643e-02,1.49962576e-02
6.72537202e-03,8.44211202e-03,1.01965466e-02,1.19532172e-02,1.36740769e-02,1.53192234e-02,1.68476774e-02,1.82182296e-02,1.93903785e-02,2.03253811e-02,2.09874185e-02,2.13448201e-02,2.13705666e-02,2.10525922e-02,2.03749587e-02,1.93385436e-02,1.79547368e-02,1.62464792e-02,1.42484432e-02,1.20064191e-02,9.57592537e-03,7.02007693e-03,4.40682604e-03,1.80577659e-03,-7.15166706e-04,-3.09297411e-03,-5.27242468e-03,-7.20829725e-03,-8.86683601e-03,-1.02264470e-02,-1.12776534e-02,-1.20224085e-02,-1.24728702e-02,-1.26504020e-02,-1.25840022e-02,-1.23055402e-02,-1.18523721e-02,-1.12635215e-02,-1.05783314e-02,-9.83505598e-03,-9.06956219e-03,-8.31415990e-03,-7.59657140e-03,-6.93905463e-03,-6.35770324e-03,-5.86195420e-03,-5.45433792e-03,-5.13050471e-03,-4.87955336e-03,-4.68467312e-03,-4.52408852e-03,-4.37226522e-03,-4.20130852e-03,-3.98248456e-03,-3.68778057e-03,-3.29139955e-03,-2.77109734e-03,-2.10929253e-03,-1.29390412e-03,-3.18898007e-04,8.15449363e-04,2.10253917e-03,3.52968617e-03,5.07849552e-03
-8.17579202e-03,-7.15783766e-03,-5.94377342e-03,-4.55123599e-03,-3.00216138e-03,-1.32212830e-03,4.60358858e-04,2.31460248e-03,4.20850658e-03,6.10933534e-03,7.98446023e-03,9.80209501e-03,1.15320052e-02,1.31461835e-02,1.46194795e-02,1.59301697e-02,1.70604499e-02,1.79968294e-02,1.87304066e-02,1.92570045e-02,1.95771400e-02,1.96957431e-02,1.96228939e-02,1.93721278e-02,1.89581263e-02,1.83997590e-02,1.77173544e-02,1.69320884e-02,1.60652569e-02,1.51375761e-02,1.41685561e-02,1.31759686e-02,1.21754176e-02,1.11800180e-02,1.02001767e-02,9.24347464e-03,8.31464156e-03,7.41562232e-03,6.54573162e-03,5.70189831e-03,4.87900035e-03,4.07029160e-03,3.26791852e-03,2.46352074e-03,1.64890248e-03,8.16754160e-04,-3.86057068e-05,-9.20506629e-04,-1.82926440e-03,-2.76163654e-03,-3.71044245e-03,-4.66439441e-03,-5.60817524e-03,-6.52278202e-03,-7.38613418e-03,-8.17392132e-03,-8.86064294e-03,-9.42077142e-03,-9.82994736e-03,-1.00660116e-02,-1.01117207e-02,-9.95197667e-03,-9.57756781e-03,-8.98486229e-03
-3.30868212e-02,-3.23667645e-02,-3.15688603e-02,-3.07011046e-02,-2.97740033e-02,-2.88004416e-02,-2.77954827e-02,-2.67760983e-02,-2.57608315e-02,-2.47693961e-02,-2.38222110e-02,-2.29398741e-02,-2.21425796e-02,-2.14494900e-02,-2.08780772e-02,-2.04434638e-02,-2.01578331e-02,-2.00296539e-02,-2.00612349e-02,-2.02546856e-02,-2.06047621e-02,-2.11019126e-02,-2.17322755e-02,-2.24781593e-02,-2.33187687e-02,-2.42311144e-02,-2.51910452e-02,-2.61743292e-02,-2.71577068e-02,-2.81198424e-02,-2.90421122e-02,-2.99091846e-02,-3.07093718e-02,-3.14347495e-02,-3.20810643e-02,-3.26474601e-02,-3.31360647e-02,-3.35514819e-02,-3.39002301e-02,-3.41901689e-02,-3.44299417e-02,-3.46284594e-02,-3.47944402e-02,-3.49360134e-02,-3.50603919e-02,-3.51736092e-02,-3.52803189e-02,-3.53836500e-02,-3.54851137e-02,-3.55845604e-02,-3.56801850e-02,-3.57685813e-02,-3.58448468e-02,-3.59027189e-02,-3.59346074e-02,-3.59335795e-02,-3.58898086e-02,-3.57946469e-02,-3.56394297e-02,-3.54160937e-02,-3.51175906e-02,-3.47382698e-02,-3.42742266e-02,-3.37236018e-02
-1.85940697e-02,-2.00324651e-02,-2.15936792e-02,-2.32647506e-02,-2.50307122e-02,-2.68747294e-02,-2.87782975e-02,-3.07214926e-02,-3.26832649e-02,-3.46417658e-02,-3.65746950e-02,-3.84596586e-02,-4.02745274e-02,-4.19977870e-02,-4.36088729e-02,-4.50884847e-02,-4.64188774e-02,-4.75841230e-02,-4.85703404e-02,-4.93658811e-02,-4.99614462e-02,-5.03500237e-02,-5.05271690e-02,-5.04994359e-02,-5.02595542e-02,-4.98134027e-02,-4.91681256e-02,-4.83331267e-02,-4.73200281e-02,-4.61424931e-02,-4.48159853e-02,-4.33574853e-02,-4.17851799e-02,-4.01181336e-02,-3.83759545e-02,-3.65784615e-02,-3.47453626e-02,-3.28959539e-02,-3.10488450e-02,-2.92217204e-02,-2.74311428e-02,-2.56924029e-02,-2.40194205e-02,-2.24246982e-02,-2.09193273e-02,-1.95130428e-02,-1.82143217e-02,-1.70305161e-02,-1.59680102e-02,-1.50323888e-02,-1.42286029e-02,-1.35611203e-02,-1.30340478e-02,-1.26512228e-02,-1.24163040e-02,-1.23321270e-02,-1.24013592e-02,-1.26271009e-02,-1.30109707e-02,-1.35538212e-02,-1.42554289e-02,-1.51142475e-02,-1.61271797e-02,-1.72893758e-02
3.90426961e-02,4.03171866e-02,4.16603292e-02,4.30617333e-02,4.45127605e-02,4.60064793e-02,4.75375146e-02,4.91017959e-02,5.06962181e-02,5.23182291e-02,5.39653713e-02,5.56348002e-02,5.73228107e-02,5.90243976e-02,6.07328753e-02,6.24395786e-02,6.41336590e-02,6.58019871e-02,6.74291652e-02,6.89976496e-02,7.04879768e-02,7.18790865e-02,7.31487295e-02,7.42739503e-02,7.52316295e-02,7.59990713e-02,7.65546104e-02,7.68781243e-02,7.69503042e-02,7.67689106e-02,7.63161352e-02,7.55846490e-02,7.45748426e-02,7.32921767e-02,7.17477856e-02,6.99586750e-02,6.79476266e-02,6.57428435e-02,6.33773412e-02,6.08881012e-02,5.83150235e-02,5.56997335e-02,5.30843125e-02,5.05100288e-02,4.80161466e-02,4.56388802e-02,4.34105421e-02,4.13589182e-02,3.95068762e-02,3.78721965e-02,3.64676008e-02,3.53009408e-02,3.43755126e-02,3.36904606e-02,3.32412534e-02,3.30202706e-02,3.30184410e-02,3.32163883e-02,3.36062605e-02,3.41711520e-02,3.48944439e-02,3.57594097e-02,3.67495404e-02,3.78489407e-02
1.96347223e-02,2.07937990e-02,2.20088543e-02,2.32605597e-02,2.45260808e-02,2.57797411e-02,2.69937559e-02,2.81390157e-02,2.91859013e-02,3.01051198e-02,3.08685514e-02,3.14500913e-02,3.18264571e-02,3.19777849e-02,3.18901908e-02,3.15561921e-02,3.09684104e-02,3.01297146e-02,2.90491679e-02,2.77423720e-02,2.62313306e-02,2.45439910e-02,2.27135012e-02,2.07772104e-02,1.87754565e-02,1.67502020e-02,1.47435932e-02,1.27965208e-02,1.09472639e-02,9.23028408e-03,7.67522504e-03,6.30615484e-03,5.14106596e-03,4.19163321e-03,3.46321413e-03,2.95506698e-03,2.66075718e-03,2.56873161e-03,2.66278518e-03,2.92324847e-03,3.32766623e-03,3.85148800e-03,4.46916469e-03,5.15506389e-03,5.88439286e-03,6.63409402e-03,7.38368444e-03,8.11600866e-03,8.81786968e-03,9.48050174e-03,1.00998491e-02,1.06766204e-02,1.12160983e-02,1.17276974e-02,1.22242829e-02,1.27212813e-02,1.32356322e-02,1.37846450e-02,1.43848334e-02,1.50507996e-02,1.57942363e-02,1.66231038e-02,1.75410192e-02,1.85468800e-02
-2.82915594e-02,-2.97566396e-02,-3.09660289e-02,-3.19141503e-02,-3.25968593e-02,-3.30110678e-02,-3.31575508e-02,-3.30375059e-02,-3.26493424e-02,-3.19970831e-02,-3.10861658e-02,-2.99240032e-02,-2.85201637e-02,-2.68864478e-02,-2.50368848e-02,-2.29876576e-02,-2.07569605e-02,-1.83648014e-02,-1.58327610e-02,-1.31837233e-02,-1.04415925e-02,-7.63100897e-03,-4.77707633e-03,-1.90510771e-03,9.59601665e-04,3.79194889e-03,6.56723384e-03,9.26128199e-03,1.18505510e-02,1.43122204e-02,1.66242656e-02,1.87655246e-02,2.07157646e-02,2.24557583e-02,2.39673782e-02,2.52337163e-02,2.62392358e-02,2.69699533e-02,2.74136243e-02,2.75596829e-02,2.74032239e-02,2.69392138e-02,2.61637687e-02,2.50793017e-02,2.36918136e-02,2.20114429e-02,2.00527374e-02,1.78347657e-02,1.53810690e-02,1.27194348e-02,9.88148250e-03,6.90206092e-03,3.81847699e-03,6.69590518e-04,-2.50515965e-03,-5.66675905e-03,-8.77763387e-03,-1.18024633e-02,-1.47088601e-02,-1.74678472e-02,-2.00541138e-02,-2.24460576e-02,-2.46256398e-02,-2.65780966e-02
-1.58388667e-02,-1.68822383e-02,-1.78851350e-02,-1.88215382e-02,-1.96669720e-02,-2.03993696e-02,-2.09997419e-02,-2.14526274e-02,-2.17462744e-02,-2.18731114e-02,-2.18312008e-02,-2.16179170e-02,-2.12367827e-02,-2.06940628e-02,-1.99987190e-02,-1.91621314e-02,-1.81978178e-02,-1.71211778e-02,-1.59492630e-02,-1.47005706e-02,-1.33948474e-02,-1.20528899e-02,-1.06963257e-02,-9.34735689e-03,-8.02845119e-03,-6.76196663e-03,-5.56970193e-03,-4.47236998e-03,-3.48900112e-03,-2.63629292e-03,-1.92793463e-03,-1.37394636e-03,-9.80083485e-04,-7.47367003e-04,-6.71750005e-04,-7.44145887e-04,-9.50631148e-04,-1.27294500e-03,-1.68936811e-03,-2.17583119e-03,-2.70723061e-03,-3.25885791e-03,-3.80783511e-03,-4.33444392e-03,-4.82324523e-03,-5.26390502e-03,-5.65167052e-03,-5.98747138e-03,-6.27765128e-03,-6.53336176e-03,-6.76967125e-03,-7.00445683e-03,-7.25715231e-03,-7.54742475e-03,-7.89385100e-03,-8.31266611e-03,-8.81665165e-03,-9.41422393e-03,-1.01087720e-02,-1.08982831e-02,-1.17752773e-02,-1.27270545e-02,-1.37362353e-02,-1.47815570e-02
-1.00320519e-02,-9.25204971e-03,-8.42845420e-03,-7.56410103e-03,-6.66193330e-03,-5.72516178e-03,-4.75739340e-03,-3.76272425e-03,-2.74579681e-03,-1.71182383e-03,-6.66584242e-04,3.83602380e-04,1.43191209e-03,2.47106541e-03,3.49336846e-03,4.49074757e-03,5.45477319e-03,6.37667173e-03,7.24732774e-03,8.05728170e-03,8.79673216e-03,9.45555310e-03,1.00233398e-02,1.04894966e-02,1.08433793e-02,1.10744988e-02,1.11727659e-02,1.11291004e-02,1.09362726e-02,1.05871993e-02,1.00780771e-02,9.40778741e-03,8.57846656e-03,7.59591647e-03,6.46987184e-03,5.21408896e-03,3.84622466e-03,2.38748769e-03,8.62064611e-04,-7.03656409e-04,-2.28200274e-03,-3.84507852e-03,-5.36580108e-03,-6.81889646e-03,-8.18177177e-03,-9.43520696e-03,-1.05638284e-02,-1.15563480e-02,-1.24055714e-02,-1.31081997e-02,-1.36644575e-02,-1.40775923e-02,-1.43532817e-02,-1.44989173e-02,-1.45243822e-02,-1.44380817e-02,-1.42496501e-02,-1.39685094e-02,-1.36034499e-02,-1.31624452e-02,-1.26525337e-02,-1.20797860e-02,-1.14493479e-02,-1.07655478e-02
1.75081224e-02,1.84038204e-02,1.89566025e-02,1.91480793e-02,1.89677058e-02,1.84095636e-02,1.74722218e-02,1.61644821e-02,1.45025885e-02,1.25102793e-02,1.02182485e-02,7.66318529e-03,4.88647629e-03,1.93267068e-03,-1.15216407e-03,-4.32201032e-03,-7.53245565e-03,-1.07418466e-02,-1.39121399e-02,-1.70094052e-02,-2.00039911e-02,-2.28704072e-02,-2.55869984e-02,-2.81354947e-02,-3.05005143e-02,-3.26690888e-02,-3.46302540e-02,-3.63747335e-02,-3.78947222e-02,-3.91837613e-02,-4.02366833e-02,-4.10495945e-02,-4.16198204e-02,-4.19455821e-02,-4.20315553e-02,-4.18769861e-02,-4.14835512e-02,-4.08563350e-02,-4.00013843e-02,-3.89259319e-02,-3.76383671e-02,-3.61481639e-02,-3.44658064e-02,-3.26027226e-02,-3.05712350e-02,-2.83845327e-02,-2.60566670e-02,-2.36025715e-02,-2.10381048e-02,-1.83801145e-02,-1.56465163e-02,-1.28563835e-02,-1.00300381e-02,-7.18913675e-03,-4.35673845e-03,-1.55734583e-03,1.18309468e-03,3.83721383e-03,6.37639779e-03,8.77096713e-03,1.09904737e-02,1.30041077e-02,1.47812226e-02,1.62919817e-02
1.88385529e-02,1.87708712e-02,1.86365680e-02,1.84349956e-02,1.81679798e-02,1.78399502e-02,1.74578857e-02,1.70311400e-02,1.65711575e-02,1.60910856e-02,1.56052976e-02,1.51288464e-02,1.46768745e-02,1.42640101e-02,1.39037798e-02,1.36080709e-02,1.33866676e-02,1.32468892e-02,1.31933674e-02,1.32275916e-02,1.33481309e-02,1.35514716e-02,1.38309241e-02,1.41775365e-02,1.45803972e-02,1.50270377e-02,1.55038800e-02,1.59967104e-02,1.64911622e-02,1.69731928e-02,1.74295408e-02,1.78481530e-02,1.82185656e-02,1.85322320e-02,1.87827853e-02,1.89662255e-02,1.90810233e-02,1.91281147e-02,1.91110152e-02,1.90358189e-02,1.89095923e-02,1.87418630e-02,1.85433847e-02,1.83257610e-02,1.81009701e-02,1.78808628e-02,1.76766615e-02,1.74984852e-02,1.73549236e-02,1.72526800e-02,1.71963058e-02,1.71880971e-02,1.72272025e-02,1.73115798e-02,1.74363342e-02,1.75945313e-02,1.77775167e-02,1.79752609e-02,1.81767646e-02,1.83704971e-02,1.85448514e-02,1.86886005e-02,1.87913381e-02,1.88438792e-02
1.41742250e-02,1.31076979e-02,1.19946161e-02,1.08510463e-02,9.69262842e-03,8.53410249e-03,7.38888461e-03,6.26872040e-03,5.18343830e-03,4.14081826e-03,3.14658343e-03,2.20451343e-03,1.31667047e-03,4.83721655e-04,-2.94664566e-04,-1.01937411e-03,-1.69138776e-03,-2.31133404e-03,-2.87908857e-03,-3.39344801e-03,-3.85190364e-03,-4.25053311e-03,-4.58402120e-03,-4.84581060e-03,-5.02836960e-03,-5.12349101e-03,-5.12345988e-03,-5.01993893e-03,-4.80608245e-03,-4.47635217e-03,-4.02702949e-03,-3.45657459e-03,-2.76587597e-03,-1.95838426e-03,-1.04012934e-03,-1.96271602e-05,1.09230722e-03,2.28283373e-03,3.53742476e-03,4.84023181e-03,6.17447501e-03,7.52283252e-03,8.86781329e-03,1.01921002e-02,1.14788541e-02,1.27119720e-02,1.38762996e-02,1.49577962e-02,1.59436608e-02,1.68224238e-02,1.75840158e-02,1.82198220e-02,1.87227342e-02,1.90872035e-02,1.93092932e-02,1.93866597e-02,1.93196830e-02,1.91100257e-02,1.87602971e-02,1.82762267e-02,1.76654611e-02,1.69376123e-02,1.61041501e-02,1.51781953e-02
-3.37891387e-02,-3.37420393e-02,-3.36230183e-02,-3.34331034e-02,-3.31753439e-02,-3.28547136e-02,-3.24779633e-02,-3.20534732e-02,-3.15911087e-02,-3.11020711e-02,-3.05987347e-02,-3.00944534e-02,-2.96033283e-02,-2.91399213e-02,-2.87189115e-02,-2.83546912e-02,-2.80609091e-02,-2.78499938e-02,-2.77328241e-02,-2.77156045e-02,-2.78053760e-02,-2.80039680e-02,-2.83094915e-02,-2.87161546e-02,-2.92141438e-02,-2.97897518e-02,-3.04257356e-02,-3.11018988e-02,-3.17958820e-02,-3.24841230e-02,-3.31429352e-02,-3.37496344e-02,-3.42836424e-02,-3.47274895e-02,-3.50676446e-02,-3.52950767e-02,-3.54052679e-02,-3.54031459e-02,-3.52906590e-02,-3.50792077e-02,-3.47834155e-02,-3.44209877e-02,-3.40118676e-02,-3.35772714e-02,-3.31386802e-02,-3.27168425e-02,-3.23308322e-02,-3.19972033e-02,-3.17292845e-02,-3.15366567e-02,-3.14248953e-02,-3.13941094e-02,-3.14419736e-02,-3.15620693e-02,-3.17440817e-02,-3.19750996e-02,-3.22403018e-02,-3.25237633e-02,-3.28092688e-02,-3.30810736e-02,-3.33245653e-02,-3.35267945e-02,-3.36768447e-02,-3.37659789e-02
-1.37339071e-02,-1.43765790e-02,-1.51877191e-02,-1.61551928e-02,-1.72616444e-02,-1.84850369e-02,-1.97994785e-02,-2.11762891e-02,-2.25852332e-02,-2.39958268e-02,-2.53786169e-02,-2.67063384e-02,-2.79548663e-02,-2.91039099e-02,-3.01374232e-02,-3.10437375e-02,-3.18154460e-02,-3.24490910e-02,-3.29447096e-02,-3.33052931e-02,-3.35361755e-02,-3.36441912e-02,-3.36413444e-02,-3.35338415e-02,-3.33328515e-02,-3.30492747e-02,-3.26940968e-02,-3.22782537e-02,-3.18124736e-02,-3.13071144e-02,-3.07719913e-02,-3.02161908e-02,-2.96478726e-02,-2.90740671e-02,-2.85004803e-02,-2.79313237e-02,-2.73691868e-02,-2.68149719e-02,-2.62679071e-02,-2.57256495e-02,-2.51844849e-02,-2.46396215e-02,-2.40855690e-02,-2.35165848e-02,-2.29271664e-02,-2.23125600e-02,-2.16692589e-02,-2.09954608e-02,-2.02914593e-02,-1.95599492e-02,-1.88062278e-02,-1.80382837e-02,-1.72667680e-02,-1.65048466e-02,-1.57679356e-02,-1.50733252e-02,-1.44396965e-02,-1.38865412e-02,-1.34334937e-02,-1.30996038e-02,-1.29026584e-02,-1.28569072e-02,-1.29752943e-02,-1.32663824e-02
2.28985812e-02,2.18296018e-02,2.06687783e-02,1.94357083e-02,1.81529260e-02,1.68451564e-02,1.55384227e-02,1.42590591e-02,1.30326929e-02,1.18832671e-02,1.08321691e-02,9.89752446e-03,9.09369694e-03,8.43101346e-03,7.91571550e-03,7.55011594e-03,7.33292939e-03,7.25975480e-03,7.32321580e-03,7.51414914e-03,7.82212295e-03,8.23527220e-03,8.74113942e-03,9.32697736e-03,9.98000918e-03,1.06876278e-02,1.14375459e-02,1.22179151e-02,1.30174319e-02,1.38254484e-02,1.46320974e-02,1.54284379e-02,1.62066173e-02,1.69600419e-02,1.76835385e-02,1.83734867e-02,1.90279009e-02,1.96464394e-02,2.02303253e-02,2.07821687e-02,2.13056901e-02,2.18053538e-02,2.22859307e-02,2.27520175e-02,2.32075449e-02,2.36553108e-02,2.40965702e-02,2.45307129e-02,2.49550499e-02,2.53647230e-02,2.57527424e-02,2.61101473e-02,2.64262819e-02,2.66891680e-02,2.68859552e-02,2.70034131e-02,2.70282771e-02,2.69499929e-02,2.67567962e-02,2.64397779e-02,2.59928615e-02,2.54129652e-02,2.47004829e-02,2.38596193e-02
4.35600681e-03,4.82355718e-03,5.15899523e-03,5.36523784e-03,5.44626583e-03,5.40703135e-03,5.25317083e-03,4.99012987e-03,4.62371587e-03,4.15937758e-03,3.60195912e-03,2.95546689e-03,2.22290024e-03,1.40617079e-03,5.06129728e-04,-4.77283799e-04,-1.54476516e-03,-2.69724926e-03,-3.93539939e-03,-5.25901348e-03,-6.66638135e-03,-8.15363820e-03,-9.71416727e-03,-1.13381076e-02,-1.30120219e-02,-1.47187723e-02,-1.64376381e-02,-1.81446909e-02,-1.98134206e-02,-2.14155807e-02,-2.29221996e-02,-2.43046880e-02,-2.55359611e-02,-2.65914954e-02,-2.74502430e-02,-2.80953334e-02,-2.85144448e-02,-2.87004509e-02,-2.86553847e-02,-2.83771957e-02,-2.78739288e-02,-2.71569353e-02,-2.62408833e-02,-2.51432089e-02,-2.38835087e-02,-2.24829432e-02,-2.09636802e-02,-1.93483921e-02,-1.76598166e-02,-1.59203821e-02,-1.41518959e-02,-1.23752915e-02,-1.06104268e-02,-8.87592796e-03,-7.18906893e-03,-5.56568027e-03,-4.02008034e-03,-2.56502311e-03,-1.21165836e-03,3.04981476e-05,1.15358055e-03,2.15138949e-03,3.01939171e-03,3.75469544e-03
-3.59640339e-02,-3.73889276e-02,-3.86512346e-02,-3.97464102e-02,-4.06678538e-02,-4.14071517e-02,-4.19544983e-02,-4.22991101e-02,-4.24322036e-02,-4.23470762e-02,-4.20313209e-02,-4.14798682e-02,-4.06897092e-02,-3.96607084e-02,-3.83958631e-02,-3.69013800e-02,-3.51866205e-02,-3.32639403e-02,-3.11484513e-02,-2.88577339e-02,-2.64115253e-02,-2.38314040e-02,-2.11404897e-02,-1.83631693e-02,-1.55248562e-02,-1.26517873e-02,-9.77085645e-03,-6.90948054e-03,-4.09549105e-03,-1.35704199e-03,1.27747869e-03,3.77951192e-03,6.12052223e-03,8.27213635e-03,1.02063794e-02,1.18959944e-02,1.33148615e-02,1.44385276e-02,1.52448468e-02,1.57146973e-02,1.58325041e-02,1.55909555e-02,1.49837626e-02,1.40124112e-02,1.26866065e-02,1.10235580e-02,9.04816382e-03,6.79265767e-03,4.29576797e-03,1.60141837e-03,-1.24296124e-03,-4.18833848e-03,-7.18625295e-03,-1.01907570e-02,-1.31601465e-02,-1.60582940e-02,-1.88554807e-02,-2.15286857e-02,-2.40613528e-02,-2.64427041e-02,-2.86667106e-02,-3.07308488e-02,-3.26347772e-02,-3.43790585e-02
-6.31299144e-03,-6.17645286e-03,-6.11230379e-03,-6.12283563e-03,-6.20985370e-03,-6.37331666e-03,-6.61165168e-03,-6.92161593e-03,-7.29829037e-03,-7.73518118e-03,-8.22442801e-03,-8.75711080e-03,-9.32363623e-03,-9.91417598e-03,-1.05191214e-02,-1.11295161e-02,-1.17374287e-02,-1.23362332e-02,-1.29207720e-02,-1.34873900e-02,-1.40338391e-02,-1.45590657e-02,-1.50629038e-02,-1.55457062e-02,-1.60079493e-02,-1.64498493e-02,-1.68710268e-02,-1.72702477e-02,-1.76452648e-02,-1.79927723e-02,-1.83084741e-02,-1.85872587e-02,-1.88234629e-02,-1.90111961e-02,-1.91446876e-02,-1.92185502e-02,-1.92292731e-02,-1.91728231e-02,-1.90473329e-02,-1.88524000e-02,-1.85891056e-02,-1.82599947e-02,-1.78689604e-02,-1.74210641e-02,-1.69223120e-02,-1.63794067e-02,-1.57994947e-02,-1.51899268e-02,-1.45580460e-02,-1.39110140e-02,-1.32556846e-02,-1.25985260e-02,-1.19455921e-02,-1.13025381e-02,-1.06746730e-02,-1.00670387e-02,-9.48450477e-03,-8.93186488e-03,-8.41392291e-03,-7.93555575e-03,-7.50174216e-03,-7.11754856e-03,-6.78806605e-03,-6.51829666e-03
1.18106715e-02,1.08809317e-02,9.93674886e-03,8.99391877e-03,8.06830194e-03,7.17535796e-03,6.32967184e-03,5.54449526e-03,4.83132602e-03,4.19954768e-03,3.65614925e-03,3.20554090e-03,2.84947750e-03,2.58709640e-03,2.41507093e-03,2.32787596e-03,2.31816578e-03,2.37703730e-03,2.49498244e-03,2.66199337e-03,2.86828875e-03,3.10483650e-03,3.36382354e-03,3.63904221e-03,3.92616419e-03,4.22288083e-03,4.52889795e-03,4.84578372e-03,5.17667968e-03,5.52589646e-03,5.89842534e-03,6.29940401e-03,6.73357837e-03,7.20480128e-03,7.71560481e-03,8.26687408e-03,8.85764048e-03,9.48500063e-03,1.01441564e-02,1.08285617e-02,1.15301551e-02,1.22396533e-02,1.29468777e-02,1.36410908e-02,1.43113199e-02,1.49466520e-02,1.55364892e-02,1.60707604e-02,1.65400899e-02,1.69359283e-02,1.72506537e-02,1.74776520e-02,1.76113781e-02,1.76473351e-02,1.75832427e-02,1.74169017e-02,1.71477454e-02,1.67771159e-02,1.63079570e-02,1.57449444e-02,1.50945512e-02,1.43650628e-02,1.35665329e-02,1.27106735e-02
1.52191906e-02,1.46901934e-02,1.42052124e-02,1.37687905e-02,1.33827774e-02,1.30464985e-02,1.27570374e-02,1.25096026e-02,1.22979518e-02,1.21148457e-02,1.19525066e-02,1.18030607e-02,1.16589502e-02,1.15133021e-02,1.13602484e-02,1.11951950e-02,1.10150358e-02,1.08183120e-02,1.06053129e-02,1.03781178e-02,1.01405735e-02,9.89820733e-03,9.65807117e-03,9.42851714e-03,9.21890807e-03,9.03926905e-03,8.89989237e-03,8.81091391e-03,8.78190127e-03,8.82114380e-03,8.93568790e-03,9.13095658e-03,9.41011992e-03,9.77410020e-03,1.02214409e-02,1.07482773e-02,1.13483941e-02,1.20133590e-02,1.27327233e-02,1.34942769e-02,1.42843477e-02,1.50881342e-02,1.58900651e-02,1.66741771e-02,1.74245081e-02,1.81255018e-02,1.87624173e-02,1.93217420e-02,1.97915965e-02,2.01621224e-02,2.04258356e-02,2.05779156e-02,2.06163129e-02,2.05434300e-02,2.03627788e-02,2.00814008e-02,1.97095075e-02,1.92596424e-02,1.87462434e-02,1.81850543e-02,1.75924560e-02,1.69847636e-02,1.63775342e-02,1.57849326e-02
7.26105652e-03,7.14791405e-03,7.04202004e-03,6.94495394e-03,6.85709232e-03,6.77765527e-03,6.70486215e-03,6.63617843e-03,6.56862752e-03,6.49913710e-03,6.42488830e-03,6.34363749e-03,6.25398435e-03,6.15556509e-03,6.04915657e-03,5.93668456e-03,5.82113697e-03,5.70639007e-03,5.59696186e-03,5.49771175e-03,5.41350910e-03,5.34889521e-03,5.30776365e-03,5.29308588e-03,5.30663639e-03,5.34892276e-03,5.41916835e-03,5.51522040e-03,5.63373978e-03,5.77039927e-03,5.92015468e-03,6.07756661e-03,6.23715008e-03,6.39372723e-03,6.54275704e-03,6.68061677e-03,6.80481241e-03,6.91409982e-03,7.00850463e-03,7.08923689e-03,7.15850539e-03,7.21924569e-03,7.27478432e-03,7.32846889e-03,7.38329751e-03,7.44158231e-03,7.50467864e-03,7.57280688e-03,7.64498548e-03,7.71908338e-03,7.79198852e-03,7.85987749e-03,7.91856148e-03,7.96387569e-03,7.99207378e-03,8.00018186e-03,7.98639398e-03,7.95007191e-03,7.89192697e-03,7.81401219e-03,7.71950355e-03,7.61242596e-03,7.49729829e-03,7.37873661e-03
1.99193907e-02,1.82235995e-02,1.65636460e-02,1.49646750e-02,1.34535811e-02,1.20581227e-02,1.08059161e-02,9.72337810e-03,8.83468663e-03,8.16082979e-03,7.71880589e-03,7.52104526e-03,7.57489109e-03,7.88135767e-03,8.43860537e-03,9.23837982e-03,1.02680079e-02,1.15107529e-02,1.29463746e-02,1.45517543e-02,1.63015422e-02,1.81688026e-02,2.01256364e-02,2.21437701e-02,2.41951013e-02,2.62521953e-02,2.82887319e-02,3.02798970e-02,3.22027206e-02,3.40363583e-02,3.57623150e-02,3.73646097e-02,3.88298801e-02,4.01474275e-02,4.13092024e-02,4.23097344e-02,4.31460081e-02,4.38172916e-02,4.43249191e-02,4.46720337e-02,4.48632739e-02,4.49040985e-02,4.48056083e-02,4.45725774e-02,4.42129745e-02,4.37356861e-02,4.31493266e-02,4.24621215e-02,4.16817127e-02,4.08149688e-02,3.98678290e-02,3.88451987e-02,3.77509150e-02,3.65877956e-02,3.53577830e-02,3.40621907e-02,3.27020500e-02,3.12785504e-02,2.97935534e-02,2.82501542e-02,2.66532537e-02,2.50100968e-02,2.33307317e-02,2.16283393e-02
2.83986996e-02,2.94370781e-02,3.04149984e-02,3.13123497e-02,3.21095392e-02,3.27879201e-02,3.33302366e-02,3.37210775e-02,3.39473044e-02,3.39981148e-02,3.38701249e-02,3.35577486e-02,3.30614875e-02,3.23869958e-02,3.15442919e-02,3.05478538e-02,2.94164249e-02,2.81725924e-02,2.68421536e-02,2.54532966e-02,2.40356295e-02,2.26191133e-02,2.12329588e-02,1.99045555e-02,1.86584957e-02,1.75157507e-02,1.64930401e-02,1.56024212e-02,1.48511072e-02,1.42415083e-02,1.37714768e-02,1.34347309e-02,1.32214267e-02,1.31188603e-02,1.31123886e-02,1.31848213e-02,1.33205762e-02,1.35030845e-02,1.37170159e-02,1.39488399e-02,1.41873959e-02,1.44243616e-02,1.46545762e-02,1.48761960e-02,1.50906713e-02,1.53025386e-02,1.55190395e-02,1.57495855e-02,1.60051014e-02,1.62972880e-02,1.66378488e-02,1.70377307e-02,1.75064221e-02,1.80513505e-02,1.86774067e-02,1.93866130e-02,2.01779398e-02,2.10472623e-02,2.19874437e-02,2.29885216e-02,2.40379755e-02,2.51210514e-02,2.62211237e-02,2.73200772e-02
2.92424336e-02,2.72017293e-02,2.51478704e-02,2.31039467e-02,2.10927027e-02,1.91363521e-02,1.72563541e-02,1.54731362e-02,1.38057657e-02,1.22715807e-02,1.08858062e-02,9.66118583e-03,8.60766796e-03,7.73218119e-03,7.03852898e-03,6.52742407e-03,6.19667109e-03,6.04150120e-03,6.05507696e-03,6.22802077e-03,6.55150868e-03,7.01524761e-03,7.60914860e-03,8.32367835e-03,9.15020452e-03,1.00812171e-02,1.11104045e-02,1.22325826e-02,1.34434869e-02,1.47394499e-02,1.61169943e-02,1.75723781e-02,1.91011297e-02,2.06976100e-02,2.23546336e-02,2.40631763e-02,2.58121843e-02,2.75884963e-02,2.93768783e-02,3.11601662e-02,3.29195060e-02,3.46346765e-02,3.62844806e-02,3.78471888e-02,3.93010194e-02,4.06246407e-02,4.17976813e-02,4.28012341e-02,4.36183376e-02,4.42344152e-02,4.46376335e-02,4.48190216e-02,4.47732502e-02,4.45043386e-02,4.40079814e-02,4.32906452e-02,4.23615111e-02,4.12327457e-02,3.99192751e-02,3.84384081e-02,3.68094103e-02,3.50530700e-02,3.31912881e-02,3.12467131e-02
4.53775712e-03,2.84128440e-03,1.19470662e-03,-3.90554035e-04,-1.90479786e-03,-3.33962507e-03,-4.68741455e-03,-5.94079084e-03,-7.09215059e-03,-8.13330734e-03,-9.05529895e-03,-9.84838092e-03,-1.05022059e-02,-1.10061660e-02,-1.13498369e-02,-1.15232491e-02,-1.15203357e-02,-1.13327483e-02,-1.09571282e-02,-1.03925878e-02,-9.64129221e-03,-8.70861334e-03,-7.60312064e-03,-6.33643971e-03,-4.92300065e-03,-3.37969780e-03,-1.72548381e-03,1.90804175e-05,1.83229160e-03,3.69179460e-03,5.57506451e-03,7.45984996e-03,9.32459189e-03,1.11487982e-02,1.29133637e-02,1.46008265e-02,1.61955507e-02,1.76838315e-02,1.90539167e-02,2.02959469e-02,2.14018204e-02,2.23649943e-02,2.31802409e-02,2.38433823e-02,2.43510321e-02,2.47003669e-02,2.48889327e-02,2.49141911e-02,2.47777075e-02,2.44757429e-02,2.40083845e-02,2.33769056e-02,2.25840905e-02,2.16347104e-02,2.05358843e-02,1.92973197e-02,1.79313946e-02,1.64530498e-02,1.48794823e-02,1.32296513e-02,1.15236361e-02,9.78190488e-03,8.02456777e-03,6.27069301e-03
-2.67264928e-02,-2.56293108e-02,-2.44303653e-02,-2.31357899e-02,-2.17525737e-02,-2.02887529e-02,-1.87535413e-02,-1.71573948e-02,-1.55120084e-02,-1.38302485e-02,-1.21260278e-02,-1.04141306e-02,-8.71000014e-03,-7.02949875e-03,-5.38865298e-03,-3.80339674e-03,-2.28932345e-03,-8.61458900e-04,4.65935665e-04,1.67951168e-03,2.76696737e-03,3.71710963e-03,4.51987805e-03,5.16633295e-03,5.64861601e-03,5.95989600e-03,6.09430113e-03,6.04703047e-03,5.81480699e-03,5.39423918e-03,4.78400962e-03,3.98426890e-03,2.99704869e-03,1.82666922e-03,4.80164809e-04,-1.03230795e-03,-2.69712442e-03,-4.49701530e-03,-6.41102723e-03,-8.41472147e-03,-1.04806182e-02,-1.25788840e-02,-1.46782328e-02,-1.67469811e-02,-1.87541811e-02,-2.06707375e-02,-2.24704182e-02,-2.41306764e-02,-2.56332245e-02,-2.69643258e-02,-2.81148022e-02,-2.90797788e-02,-2.98582127e-02,-3.04522604e-02,-3.08665328e-02,-3.11072168e-02,-3.11833889e-02,-3.11027128e-02,-3.08718718e-02,-3.04987989e-02,-2.99905997e-02,-2.93536791e-02,-2.85938290e-02,-2.77163919e-02
-1.43586071e-02,-1.46964844e-02,-1.52304200e-02,-1.59543627e-02,-1.68589179e-02,-1.79315642e-02,-1.91569786e-02,-2.05174485e-02,-2.19933451e-02,-2.35636385e-02,-2.52064260e-02,-2.68994522e-02,-2.86205980e-02,-3.03483201e-02,-3.20620272e-02,-3.37423839e-02,-3.53715387e-02,-3.69332786e-02,-3.84131155e-02,-3.97983165e-02,-4.10778880e-02,-4.22425296e-02,-4.32845690e-02,-4.41978883e-02,-4.49778500e-02,-4.56212259e-02,-4.61261233e-02,-4.64918904e-02,-4.67189268e-02,-4.68096786e-02,-4.67692856e-02,-4.65981941e-02,-4.63016590e-02,-4.58851198e-02,-4.53544455e-02,-4.47158184e-02,-4.39755839e-02,-4.31401090e-02,-4.22156694e-02,-4.12083772e-02,-4.01241590e-02,-3.89687878e-02,-3.77479717e-02,-3.64674937e-02,-3.51333938e-02,-3.37521819e-02,-3.23310632e-02,-3.08781603e-02,-2.94027113e-02,-2.79152277e-02,-2.64275953e-02,-2.49531057e-02,-2.35064092e-02,-2.21033849e-02,-2.07609269e-02,-1.94966523e-02,-1.83285364e-02,-1.72744901e-02,-1.63518932e-02,-1.55771024e-02,-1.49649583e-02,-1.45283262e-02,-1.42778071e-02,-1.42194460e-02
-8.62976351e-03,-7.64835303e-03,-6.54906596e-03,-5.34691456e-03,-4.05952832e-03,-2.70683248e-03,-1.31066705e-03,1.05649892e-04,1.51780317e-03,2.90102713e-03,4.23068917e-03,5.48289764e-03,6.63513841e-03,7.66691881e-03,8.56039792e-03,9.30097710e-03,9.87781970e-03,1.02842647e-02,1.05180922e-02,1.05815469e-02,1.04822885e-02,1.02308171e-02,9.84155941e-03,9.33229240e-03,8.72287744e-03,8.03437005e-03,7.28804863e-03,6.50446102e-03,5.70255622e-03,4.89895536e-03,4.10740141e-03,3.33840993e-03,2.59912602e-03,1.89337710e-03,1.22189901e-03,5.82704758e-04,-2.84389215e-05,-6.17462847e-04,-1.19140518e-03,-1.75781010e-03,-2.32414218e-03,-2.89723498e-03,-3.48279141e-03,-4.08495003e-03,-4.70592924e-03,-5.34575953e-03,-6.00211191e-03,-6.67022850e-03,-7.34295839e-03,-8.01089837e-03,-8.66263411e-03,-9.28507294e-03,-9.86385538e-03,-1.03838284e-02,-1.08295605e-02,-1.11858752e-02,-1.14383680e-02,-1.15737382e-02,-1.15820758e-02,-1.14530809e-02,-1.11805082e-02,-1.07608098e-02,-1.01934720e-02,-9.48116037e-03
-2.90926991e-02,-2.87382348e-02,-2.82900950e-02,-2.77565506e-02,-2.71439266e-02,-2.64565213e-02,-2.56966941e-02,-2.48651166e-02,-2.39611654e-02,-2.29834276e-02,-2.19302800e-02,-2.08004995e-02,-1.95938597e-02,-1.83116721e-02,-1.69572350e-02,-1.55361639e-02,-1.40565846e-02,-1.25291845e-02,-1.09671226e-02,-9.38581399e-03,-7.80260324e-03,-6.23635361e-03,-4.70697488e-03,-3.23491711e-03,-1.84065534e-03,-5.44188490e-04,6.35426202e-04,1.68047682e-03,2.57497224e-03,3.30490767e-03,3.85846814e-03,4.22615847e-03,4.40085844e-03,4.37781303e-03,4.15545316e-03,3.73316041e-03,3.11353038e-03,2.30141308e-03,1.30402743e-03,1.31021901e-04,-1.20545007e-03,-2.69066671e-03,-4.30732121e-03,-6.03554165e-03,-7.85301827e-03,-9.73525504e-03,-1.16559634e-02,-1.35876020e-02,-1.55020492e-02,-1.73713790e-02,-1.91686950e-02,-2.08689697e-02,-2.24498288e-02,-2.38922273e-02,-2.51809686e-02,-2.63050328e-02,-2.72576977e-02,-2.80364467e-02,-2.86426771e-02,-2.90812261e-02,-2.93597071e-02,-2.94875901e-02,-2.94793643e-02,-2.93435146e-02
-5.05686954e-02,-5.08492804e-02,-5.11487083e-02,-5.14603953e-02,-5.17795656e-02,-5.21033758e-02,-5.24308883e-02,-5.27629006e-02,-5.31016502e-02,-5.34504225e-02,-5.38130955e-02,-5.41936578e-02,-5.45957361e-02,-5.50221668e-02,-5.54746404e-02,-5.59534402e-02,-5.64572895e-02,-5.69833111e-02,-5.75270932e-02,-5.80828513e-02,-5.86436640e-02,-5.92017588e-02,-5.97488242e-02,-6.02763193e-02,-6.07757621e-02,-6.12389755e-02,-6.16582841e-02,-6.20266535e-02,-6.23377762e-02,-6.25861079e-02,-6.27668452e-02,-6.28758044e-02,-6.29112392e-02,-6.28708853e-02,-6.27517245e-02,-6.25533255e-02,-6.22759554e-02,-6.19208338e-02,-6.14902521e-02,-6.09876764e-02,-6.04178388e-02,-5.97868030e-02,-5.91019943e-02,-5.83721817e-02,-5.76074063e-02,-5.68188482e-02,-5.60186318e-02,-5.52195708e-02,-5.44348569e-02,-5.36777006e-02,-5.29609373e-02,-5.22966132e-02,-5.16955693e-02,-5.11670460e-02,-5.07183311e-02,-5.03544769e-02,-5.00781121e-02,-4.98893887e-02,-4.97861365e-02,-4.97618205e-02,-4.98112472e-02,-4.99264024e-02,-5.00976766e-02,-5.03150744e-02
1.12015723e-02,9.98749419e-03,8.67562607e-03,7.28990520e-03,5.85686456e-03,4.40455663e-03,2.96134932e-03,1.55468775e-03,2.09921315e-04,-1.05070605e-03,-2.20883815e-03,-3.25051152e-03,-4.16633435e-03,-4.95137789e-03,-5.60480615e-03,-6.12929800e-03,-6.53032721e-03,-6.81536835e-03,-6.99308890e-03,-7.07258650e-03,-7.06324410e-03,-6.97285314e-03,-6.80872707e-03,-6.57684630e-03,-6.28188045e-03,-5.92728183e-03,-5.51548090e-03,-5.04815651e-03,-4.52654696e-03,-3.95176830e-03,-3.32510914e-03,-2.64827701e-03,-1.92357898e-03,-1.15402766e-03,-3.43372074e-04,5.03939114e-04,1.38284715e-03,2.28781491e-03,3.21296923e-03,4.15224167e-03,5.09948766e-03,6.04856977e-03,6.99339546e-03,7.92790500e-03,8.84601108e-03,9.74149660e-03,1.06078819e-02,1.14382758e-02,1.22252286e-02,1.29606043e-02,1.36354919e-02,1.42401731e-02,1.47641632e-02,1.51963370e-02,1.55251502e-02,1.57389534e-02,1.58263553e-02,1.57772023e-02,1.55833040e-02,1.52367473e-02,1.47335842e-02,1.40731241e-02,1.32585639e-02,1.22973910e-02
-9.22142610e-03,-8.61754140e-03,-7.96970007e-03,-7.28030526e-03,-6.55326469e-03,-5.79400242e-03,-5.00935855e-03,-4.20739411e-03,-3.39712402e-03,-2.58820360e-03,-1.79059389e-03,-1.01422910e-03,-2.68706125e-04,4.36987542e-04,1.09469499e-03,1.69725984e-03,2.23862683e-03,2.71388191e-03,3.11923079e-03,3.45192007e-03,3.71010825e-03,3.89269650e-03,3.99913152e-03,4.02918614e-03,3.98293815e-03,3.86025642e-03,3.66090040e-03,3.38454309e-03,3.03073998e-03,2.59908651e-03,2.08946376e-03,1.50236646e-03,8.39290633e-04,1.03145753e-04,-7.01350994e-04,-1.56734986e-03,-2.48566626e-03,-3.44473329e-03,-4.43074775e-03,-5.42801946e-03,-6.41951384e-03,-7.38755487e-03,-8.31463465e-03,-9.18426068e-03,-9.98176441e-03,-1.06949969e-02,-1.13148479e-02,-1.18355435e-02,-1.22546999e-02,-1.25731352e-02,-1.27944616e-02,-1.29244861e-02,-1.29708041e-02,-1.29416810e-02,-1.28450199e-02,-1.26886167e-02,-1.24791321e-02,-1.22217938e-02,-1.19202363e-02,-1.15765209e-02,-1.11913235e-02,-1.07642611e-02,-1.02943181e-02,-9.78032253e-03
-2.35111544e-02,-2.50184314e-02,-2.62475369e-02,-2.71784784e-02,-2.78000122e-02,-2.81084190e-02,-2.81171256e-02,-2.78302620e-02,-2.72677737e-02,-2.64530497e-02,-2.54129594e-02,-2.41769377e-02,-2.27760598e-02,-2.12422026e-02,-1.96073030e-02,-1.79027088e-02,-1.61586109e-02,-1.44035412e-02,-1.26639272e-02,-1.09636941e-02,-9.32391302e-03,-7.76249759e-03,-6.29395702e-03,-4.92921746e-03,-3.67552644e-03,-2.53645505e-03,-1.51201174e-03,-5.98876747e-04,2.09239186e-04,9.21115975e-04,1.54744009e-03,2.10013039e-03,2.59160733e-03,3.03403713e-03,3.43858624e-03,3.81472089e-03,4.16958331e-03,4.50747133e-03,4.82944112e-03,5.13304718e-03,5.41222724e-03,5.65733584e-03,5.85532696e-03,5.99008363e-03,6.04287784e-03,5.99319898e-03,5.81945121e-03,5.49935796e-03,5.01177874e-03,4.33757927e-03,3.46092157e-03,2.37057439e-03,1.06118621e-03,-4.65570015e-04,-2.20006563e-03,-4.12417827e-03,-6.21117355e-03,-8.42610674e-03,-1.07267880e-02,-1.30652836e-02,-1.53898705e-02,-1.76473038e-02,-1.97852161e-02,-2.17544530e-02
-1.71548991e-02,-1.90324138e-02,-2.08547920e-02,-2.25903157e-02,-2.42103669e-02,-2.56900818e-02,-2.70087575e-02,-2.81500291e-02,-2.91018489e-02,-2.98563128e-02,-3.04093672e-02,-3.07603762e-02,-3.09122019e-02,-3.08738403e-02,-3.06495718e-02,-3.02507279e-02,-2.96900738e-02,-2.89820682e-02,-2.81426654e-02,-2.71890538e-02,-2.61393552e-02,-2.50122860e-02,-2.38267792e-02,-2.26015715e-02,-2.13547650e-02,-2.01033783e-02,-1.88629063e-02,-1.76469116e-02,-1.64666730e-02,-1.53309177e-02,-1.42456600e-02,-1.32141665e-02,-1.22370623e-02,-1.13125811e-02,-1.04369560e-02,-9.60493297e-03,-8.81038315e-03,-8.04697862e-03,-7.30889227e-03,-6.59147915e-03,-5.89189799e-03,-5.20963526e-03,-4.54690069e-03,-3.90887166e-03,-3.30377166e-03,-2.74277725e-03,-2.23975445e-03,-1.81083251e-03,-1.47382800e-03,-1.24754016e-03,-1.15089844e-03,-1.20202281e-03,-1.41748289e-03,-1.81106874e-03,-2.39297453e-03,-3.16894915e-03,-4.13960038e-03,-5.29990377e-03,-6.63896624e-03,-8.14008198e-03,-9.78109826e-03,-1.15350840e-02,-1.33712659e-02,-1.52561720e-02
-3.66950890e-03,-4.01987295e-03,-4.50269433e-03,-5.12345135e-03,-5.88644609e-03,-6.79420067e-03,-7.84683334e-03,-9.04146429e-03,-1.03717078e-02,-1.18273075e-02,-1.33939661e-02,-1.50534072e-02,-1.67836877e-02,-1.85597542e-02,-2.03542151e-02,-2.21382711e-02,-2.38827377e-02,-2.55590779e-02,-2.71403706e-02,-2.86021474e-02,-2.99230518e-02,-3.10852936e-02,-3.20748962e-02,-3.28817498e-02,-3.34994944e-02,-3.39252327e-02,-3.41589226e-02,-3.42074257e-02,-3.40736783e-02,-3.37654654e-02,-3.32929134e-02,-3.26674387e-02,-3.19016076e-02,-3.10088967e-02,-3.00034527e-02,-2.88998631e-02,-2.77129378e-02,-2.64575026e-02,-2.51482042e-02,-2.37993300e-02,-2.24246449e-02,-2.10372490e-02,-1.96494597e-02,-1.82727206e-02,-1.69175386e-02,-1.55934506e-02,-1.43090178e-02,-1.30718451e-02,-1.18886243e-02,-1.07651965e-02,-9.70663058e-03,-8.71731633e-03,-7.80106876e-03,-6.96124373e-03,-6.20086376e-03,-5.52275354e-03,-4.92968369e-03,-4.42451965e-03,-4.01037015e-03,-3.69072686e-03,-3.46958584e-03,-3.35157043e-03,-3.34153943e-03,-3.44549175e-03
3.63687569e-02,3.67843383e-02,3.70962960e-02,3.72963951e-02,3.73776005e-02,3.73352912e-02,3.71675028e-02,3.68704953e-02,3.64447611e-02,3.58922096e-02,3.52161774e-02,3.44212847e-02,3.35132774e-02,3.24989043e-02,3.13858570e-02,3.01827828e-02,2.88993676e-02,2.75464754e-02,2.61363162e-02,2.46826075e-02,2.32006914e-02,2.17075679e-02,2.02218126e-02,1.87633580e-02,1.73531301e-02,1.60125475e-02,1.47629091e-02,1.36247038e-02,1.26168909e-02,1.17562000e-02,1.10565002e-02,1.05282828e-02,1.01782950e-02,1.00093620e-02,1.00205206e-02,1.02051740e-02,1.05562610e-02,1.10617496e-02,1.17072785e-02,1.24765647e-02,1.33520400e-02,1.43155212e-02,1.53488641e-02,1.64345723e-02,1.75563341e-02,1.86994628e-02,1.98512236e-02,2.10010309e-02,2.21405097e-02,2.32634189e-02,2.43654451e-02,2.54438807e-02,2.64972106e-02,2.75246382e-02,2.85255857e-02,2.94992064e-02,3.04439460e-02,3.13571862e-02,3.22349965e-02,3.30720122e-02,3.38614456e-02,3.45952273e-02,3.52642627e-02,3.58587826e-02
-3.27584806e-02,-3.15628426e-02,-3.02350714e-02,-2.87932660e-02,-2.72573051e-02,-2.56485011e-02,-2.39892695e-02,-2.23028074e-02,-2.06127744e-02,-1.89429685e-02,-1.73169885e-02,-1.57578795e-02,-1.42877571e-02,-1.29274124e-02,-1.16959018e-02,-1.06101307e-02,-9.68444578e-03,-8.93025129e-03,-8.35567254e-03,-7.96529801e-03,-7.76012037e-03,-7.73605055e-03,-7.88737821e-03,-8.20364678e-03,-8.67125306e-03,-9.27389570e-03,-9.99316255e-03,-1.08092431e-02,-1.17017162e-02,-1.26503696e-02,-1.36360078e-02,-1.46412001e-02,-1.56509278e-02,-1.66530906e-02,-1.76388439e-02,-1.86027440e-02,-1.95426945e-02,-2.04596933e-02,-2.13573931e-02,-2.22414987e-02,-2.31190313e-02,-2.39975013e-02,-2.48840345e-02,-2.57845039e-02,-2.67027215e-02,-2.76397447e-02,-2.85933470e-02,-2.95576982e-02,-3.05232809e-02,-3.14770607e-02,-3.24029010e-02,-3.32821980e-02,-3.40946894e-02,-3.48193779e-02,-3.54354960e-02,-3.59234351e-02,-3.62655128e-02,-3.64461118e-02,-3.64590176e-02,-3.62914303e-02,-3.59403248e-02,-3.54059089e-02,-3.46920256e-02,-3.38060251e-02
1.23322021e-02,1.40228534e-02,1.56467353e-02,1.71776696e-02,1.85901647e-02,1.98599395e-02,2.09644744e-02,2.18835860e-02,2.26000115e-02,2.30999807e-02,2.33737161e-02,2.34154455e-02,2.32290217e-02,2.28159643e-02,2.21866907e-02,2.13567939e-02,2.03464179e-02,1.91797183e-02,1.78840127e-02,1.64887304e-02,1.50242333e-02,1.35205903e-02,1.20063880e-02,1.05076639e-02,9.04703042e-03,7.64304449e-03,6.30984954e-03,5.05709473e-03,3.89011249e-03,2.81031826e-03,1.81578429e-03,9.01934331e-04,6.23059268e-05,-7.10668886e-04,-1.42490517e-03,-2.08796230e-03,-2.70642505e-03,-3.28538488e-03,-3.82803419e-03,-4.33538143e-03,-4.80609105e-03,-5.23644968e-03,-5.62045663e-03,-5.95003349e-03,-6.21534294e-03,-6.40519733e-03,-6.50745637e-03,-6.51046448e-03,-6.40163541e-03,-6.16997765e-03,-5.80586513e-03,-5.30163448e-03,-4.65203885e-03,-3.85460356e-03,-2.90987956e-03,-1.82159162e-03,-5.96683851e-04,7.54729838e-04,2.21948746e-03,3.78160964e-03,5.42255233e-03,7.12151715e-03,8.85579732e-03,1.06011516e-02
5.12240703e-03,3.34690382e-03,1.43635393e-03,-5.98499344e-04,-2.74324603e-03,-4.97947139e-03,-7.28462489e-03,-9.63216141e-03,-1.19919795e-02,-1.43311443e-02,-1.66148565e-02,-1.88076025e-02,-2.08743994e-02,-2.27820409e-02,-2.45002495e-02,-2.60026550e-02,-2.72675384e-02,-2.82783046e-02,-2.90236575e-02,-2.94974022e-02,-2.96990012e-02,-2.96362395e-02,-2.93119908e-02,-2.87385510e-02,-2.79303743e-02,-2.69040883e-02,-2.56780143e-02,-2.42716923e-02,-2.27054622e-02,-2.10001144e-02,-1.91766067e-02,-1.72558430e-02,-1.52585027e-02,-1.32049130e-02,-1.11149517e-02,-9.00797262e-03,-6.90274388e-03,-4.81739241e-03,-2.76934808e-03,-7.75283275e-04,1.14895385e-03,2.98840800e-03,4.72912576e-03,6.35823717e-03,7.86405311e-03,9.23616064e-03,1.04655091e-02,1.15444785e-02,1.24669203e-02,1.32281612e-02,1.38249615e-02,1.42554191e-02,1.45188121e-02,1.46153266e-02,1.45465664e-02,1.43144646e-02,1.39199714e-02,1.33651425e-02,1.26517531e-02,1.17813071e-02,1.07550773e-02,9.57426422e-03,8.24029270e-03,6.75524443e-03
4.37150855e-02,4.16388541e-02,3.95629621e-02,3.75238733e-02,3.55528105e-02,3.36747766e-02,3.19080321e-02,3.02640379e-02,2.87478260e-02,2.73587352e-02,2.60914220e-02,2.49370554e-02,2.38845995e-02,2.29220967e-02,2.20378770e-02,2.12216311e-02,2.04652968e-02,1.97637259e-02,1.91151096e-02,1.85211531e-02,1.79870065e-02,1.75209689e-02,1.71339981e-02,1.68390681e-02,1.66504318e-02,1.65829062e-02,1.66502341e-02,1.68653102e-02,1.72402664e-02,1.77840050e-02,1.85027222e-02,1.93995384e-02,2.04743151e-02,2.17235973e-02,2.31406544e-02,2.47155977e-02,2.64355519e-02,2.82848638e-02,3.02453304e-02,3.22964362e-02,3.44155917e-02,3.65783712e-02,3.87587508e-02,4.09293525e-02,4.30617019e-02,4.51265125e-02,4.70940089e-02,4.89343041e-02,5.06178448e-02,5.21159373e-02,5.34013621e-02,5.44490746e-02,5.52369754e-02,5.57466866e-02,5.59640170e-02,5.58821100e-02,5.55060723e-02,5.48325026e-02,5.38751028e-02,5.26539775e-02,5.11958992e-02,4.95337003e-02,4.77051306e-02,4.57513374e-02
-6.52265816e-03,-6.65997512e-03,-6.81434085e-03,-6.96419481e-03,-7.08789932e-03,-7.16453512e-03,-7.17522651e-03,-7.10271422e-03,-6.93291609e-03,-6.65514698e-03,-6.26249407e-03,-5.75209812e-03,-5.12531928e-03,-4.38779923e-03,-3.54942649e-03,-2.62420991e-03,-1.63006332e-03,-5.88501932e-04,4.75751936e-04,1.53524695e-03,2.56041698e-03,3.52027709e-03,4.38324670e-03,5.11809681e-03,5.69501689e-03,6.08678495e-03,6.26999249e-03,6.22637600e-03,5.94510574e-03,5.42078411e-03,4.65763285e-03,3.66868930e-03,2.47602239e-03,1.11032321e-03,-3.90081510e-04,-1.98074586e-03,-3.61315908e-03,-5.23709602e-03,-6.80312247e-03,-8.26506254e-03,-9.58222191e-03,-1.07211998e-02,-1.16571741e-02,-1.23746037e-02,-1.28673410e-02,-1.31381188e-02,-1.31995325e-02,-1.30685354e-02,-1.27688719e-02,-1.23288543e-02,-1.17794764e-02,-1.11530358e-02,-1.04817874e-02,-9.79671173e-03,-9.12642551e-03,-8.49625282e-03,-7.92746855e-03,-7.43672303e-03,-7.03565476e-03,-6.73069582e-03,-6.52307122e-03,-6.40900161e-03,-6.37977381e-03,-6.42299638e-03
-2.52622906e-02,-2.53209648e-02,-2.52144143e-02,-2.49374419e-02,-2.44887590e-02,-2.38700627e-02,-2.30861612e-02,-2.21449170e-02,-2.10570985e-02,-1.98361643e-02,-1.84979932e-02,-1.70605716e-02,-1.55436476e-02,-1.39683590e-02,-1.23568424e-02,-1.07318262e-02,-9.11621404e-03,-7.53266032e-03,-6.00314389e-03,-4.54854442e-03,-3.18822913e-03,-1.93965907e-03,-8.18026487e-04,1.64063331e-04,9.96842397e-04,1.67357888e-03,2.19067010e-03,2.54763434e-03,2.74699710e-03,2.79405065e-03,2.69681815e-03,2.46497436e-03,2.10992152e-03,1.64417939e-03,1.08078066e-03,4.32762824e-04,-2.87304150e-04,-1.06771888e-03,-1.89797488e-03,-2.76897729e-03,-3.67316093e-03,-4.60450955e-03,-5.55848345e-03,-6.53186630e-03,-7.52254453e-03,-8.52923296e-03,-9.55116061e-03,-1.05877303e-02,-1.16381653e-02,-1.27011571e-02,-1.37745282e-02,-1.48549255e-02,-1.59375610e-02,-1.70160144e-02,-1.80821163e-02,-1.91259217e-02,-2.01357866e-02,-2.10985490e-02,-2.19998136e-02,-2.28243298e-02,-2.35564453e-02,-2.41806130e-02,-2.46819193e-02,-2.50465854e-02
-2.84894475e-03,-2.50787331e-03,-2.15607846e-03,-1.80006614e-03,-1.44829102e-03,-1.11088720e-03,-7.99338257e-04,-5.26096975e-04,-3.04163944e-04,-1.46634326e-04,-6.62216414e-05,-7.47635937e-05,-1.82736825e-04,-3.98765563e-04,-7.29165190e-04,-1.17752498e-03,-1.74435382e-03,-2.42681087e-03,-3.21854317e-03,-4.10965026e-03,-5.08679172e-03,-6.13344678e-03,-7.23032583e-03,-8.35592381e-03,-9.48719412e-03,-1.06003122e-02,-1.16714901e-02,-1.26777992e-02,-1.35979573e-02,-1.44130393e-02,-1.51070787e-02,-1.56675322e-02,-1.60855893e-02,-1.63562949e-02,-1.64785987e-02,-1.64569358e-02,-1.62959338e-02,-1.60055465e-02,-1.55982325e-02,-1.50886912e-02,-1.44933435e-02,-1.38297618e-02,-1.31160817e-02,-1.23704142e-02,-1.16102743e-02,-1.08520418e-02,-1.01104709e-02,-9.39826531e-03,-8.72573364e-03,-8.10054227e-03,-7.52757635e-03,-7.00891886e-03,-6.54395135e-03,-6.12957417e-03,-5.76053716e-03,-5.42986521e-03,-5.12935687e-03,-4.85012986e-03,-4.58318438e-03,-4.31995506e-03,-4.05282403e-03,-3.77557147e-03,-3.48374480e-03,-3.17493376e-03
-7.30860374e-03,-8.41502740e-03,-9.58105189e-03,-1.07791710e-02,-1.19803258e-02,-1.31549158e-02,-1.42738828e-02,-1.53098080e-02,-1.62379591e-02,-1.70372249e-02,-1.76908783e-02,-1.81871231e-02,-1.85193720e-02,-1.86860148e-02,-1.86938085e-02,-1.85487475e-02,-1.82644425e-02,-1.78577027e-02,-1.73481123e-02,-1.67572632e-02,-1.61079309e-02,-1.54232509e-02,-1.47259226e-02,-1.40374562e-02,-1.33774796e-02,-1.27631136e-02,-1.22084295e-02,-1.17240021e-02,-1.13165738e-02,-1.09888481e-02,-1.07394299e-02,-1.05629296e-02,-1.04502407e-02,-1.03889907e-02,-1.03641645e-02,-1.03588886e-02,-1.03554537e-02,-1.03360137e-02,-1.02836070e-02,-1.01831489e-02,-1.00222365e-02,-9.79181689e-03,-9.48668039e-03,-9.10575007e-03,-8.65216384e-03,-8.13315704e-03,-7.55976549e-03,-6.94637674e-03,-6.31016189e-03,-5.67042157e-03,-5.04787791e-03,-4.46394153e-03,-3.93997769e-03,-3.49659181e-03,-3.15295077e-03,-2.92615934e-03,-2.83060905e-03,-2.87738729e-03,-3.07434222e-03,-3.42508480e-03,-3.92899198e-03,-4.58101199e-03,-5.37160797e-03,-6.28684053e-03
-1.39374877e-02,-1.53472022e-02,-1.67365429e-02,-1.80879047e-02,-1.93847898e-02,-2.06121390e-02,-2.17565913e-02,-2.28066690e-02,-2.37528820e-02,-2.45877544e-02,-2.53057753e-02,-2.59032802e-02,-2.63782726e-02,-2.67301922e-02,-2.69596141e-02,-2.70678066e-02,-2.70598174e-02,-2.69356014e-02,-2.66989011e-02,-2.63532175e-02,-2.59021844e-02,-2.53496369e-02,-2.46997073e-02,-2.39569591e-02,-2.31265453e-02,-2.22143692e-02,-2.12272273e-02,-2.01729103e-02,-1.90602493e-02,-1.78990931e-02,-1.67002133e-02,-1.54751408e-02,-1.42359440e-02,-1.29949639e-02,-1.17645286e-02,-1.05566681e-02,-9.38285499e-03,-8.25379092e-03,-7.17925555e-03,-6.16802958e-03,-5.22789451e-03,-4.36570465e-03,-3.58751869e-03,-2.89877160e-03,-2.30446241e-03,-1.80933136e-03,-1.41799978e-03,-1.13505043e-03,-9.65034440e-04,-9.12332527e-04,-9.81078423e-04,-1.17487200e-03,-1.49642943e-03,-1.94727565e-03,-2.52739481e-03,-3.23491141e-03,-4.06583071e-03,-5.01386358e-03,-6.07035504e-03,-7.22432651e-03,-8.46263252e-03,-9.77022335e-03,-1.11304973e-02,-1.25257203e-02
1.66122225e-02,1.53381182e-02,1.40407085e-02,1.27185432e-02,1.13710488e-02,9.99901642e-03,8.60508049e-03,7.19416400e-03,5.77385732e-03,4.35469342e-03,2.95028110e-03,1.57726336e-03,2.55078655e-04,-9.94476987e-04,-2.14788100e-03,-3.18069443e-03,-4.06845939e-03,-4.78765738e-03,-5.31665046e-03,-5.63649896e-03,-5.73241466e-03,-5.59306089e-03,-5.21149907e-03,-4.58593818e-03,-3.71937698e-03,-2.61954770e-03,-1.29869932e-03,2.26723328e-04,1.93645695e-03,3.80688566e-03,5.81152265e-03,7.92149813e-03,1.01060747e-02,1.23331801e-02,1.45699602e-02,1.67833567e-02,1.89407132e-02,2.10104096e-02,2.29625200e-02,2.47694840e-02,2.64067698e-02,2.78535054e-02,2.90930413e-02,3.01134073e-02,3.09076242e-02,3.14738302e-02,3.18151776e-02,3.19393462e-02,3.18599979e-02,3.15934205e-02,3.11555448e-02,3.05668319e-02,2.98480933e-02,2.90198000e-02,2.81012986e-02,2.71101473e-02,2.60616295e-02,2.49684629e-02,2.38406952e-02,2.26857626e-02,2.15086807e-02,2.03123324e-02,1.90978213e-02,1.78648663e-02
2.17711940e-02,2.14120186e-02,2.08937802e-02,2.02143789e-02,1.93731393e-02,1.83708701e-02,1.72099511e-02,1.58944854e-02,1.44305322e-02,1.28264188e-02,1.10931121e-02,9.24460935e-03,7.29829245e-03,5.27517884e-03,3.19999949e-03,1.10104247e-03,-9.90280471e-04,-3.04012916e-03,-5.01328641e-03,-6.87434611e-03,-8.58905558e-03,-1.01256849e-02,-1.14563115e-02,-1.25579182e-02,-1.34132200e-02,-1.40111504e-02,-1.43468510e-02,-1.44240540e-02,-1.42488677e-02,-1.38338848e-02,-1.31966013e-02,-1.23579168e-02,-1.13412725e-02,-1.01717182e-02,-8.87501119e-03,-7.47678617e-03,-6.00181897e-03,-4.47339992e-03,-2.91282682e-03,-1.33902388e-03,2.31709168e-04,1.78581235e-03,3.31246406e-03,4.80344395e-03,6.25287976e-03,7.65689692e-03,9.01318846e-03,1.03205306e-02,1.15782735e-02,1.27858386e-02,1.39422546e-02,1.50457606e-02,1.60935008e-02,1.70813279e-02,1.80037249e-02,1.88538438e-02,1.96236542e-02,2.03041830e-02,2.08858250e-02,2.13586933e-02,2.17129824e-02,2.19393030e-02,2.20289006e-02,2.19746820e-02
-2.44597959e-02,-2.41686451e-02,-2.38026124e-02,-2.33651464e-02,-2.28604712e-02,-2.22936186e-02,-2.16704893e-02,-2.09979278e-02,-2.02837901e-02,-1.95369837e-02,-1.87674599e-02,-1.79861425e-02,-1.72047811e-02,-1.64357271e-02,-1.56916333e-02,-1.49850887e-02,-1.43282057e-02,-1.37321819e-02,-1.32068642e-02,-1.27603431e-02,-1.23986082e-02,-1.21252914e-02,-1.19415256e-02,-1.18459938e-02,-1.18340840e-02,-1.19004734e-02,-1.20371646e-02,-1.22348080e-02,-1.24831995e-02,-1.27718155e-02,-1.30903604e-02,-1.34292821e-02,-1.37802219e-02,-1.41363713e-02,-1.44927187e-02,-1.48461727e-02,-1.51955619e-02,-1.55415131e-02,-1.58862199e-02,-1.62331183e-02,-1.65864884e-02,-1.69510078e-02,-1.73312803e-02,-1.77313701e-02,-1.81543678e-02,-1.86020151e-02,-1.90744141e-02,-1.95698397e-02,-2.00846702e-02,-2.06134415e-02,-2.11490219e-02,-2.16828947e-02,-2.22055265e-02,-2.27067930e-02,-2.31764283e-02,-2.36044629e-02,-2.39816178e-02,-2.42996292e-02,-2.45514810e-02,-2.47315311e-02,-2.48354681e-02,-2.48614988e-02,-2.48076215e-02,-2.46733999e-02
-1.99150883e-02,-2.06532901e-02,-2.14962747e-02,-2.24345259e-02,-2.34565537e-02,-2.45491365e-02,-2.56975955e-02,-2.68860894e-02,-2.80979182e-02,-2.93158291e-02,-3.05223225e-02,-3.16999589e-02,-3.28316683e-02,-3.39010662e-02,-3.48927751e-02,-3.57927488e-02,-3.65885921e-02,-3.72698606e-02,-3.78283265e-02,-3.82581841e-02,-3.85561529e-02,-3.87213398e-02,-3.87583982e-02,-3.86698962e-02,-3.84624038e-02,-3.81450499e-02,-3.77284225e-02,-3.72242739e-02,-3.66450896e-02,-3.60036309e-02,-3.53124863e-02,-3.45836548e-02,-3.38281828e-02,-3.30558689e-02,-3.22750505e-02,-3.14924802e-02,-3.07132940e-02,-2.99410711e-02,-2.91779788e-02,-2.84249902e-02,-2.76821620e-02,-2.69489539e-02,-2.62245695e-02,-2.55083004e-02,-2.47998531e-02,-2.40996430e-02,-2.34090387e-02,-2.27305482e-02,-2.20679379e-02,-2.14262793e-02,-2.08119258e-02,-2.02324177e-02,-1.96963221e-02,-1.92130137e-02,-1.87924041e-02,-1.84446306e-02,-1.81797214e-02,-1.80072803e-02,-1.79357629e-02,-1.79717904e-02,-1.81222878e-02,-1.83911029e-02,-1.87801275e-02,-1.92890181e-02
3.41876722e-02,3.42368708e-02,3.41209325e-02,3.38392416e-02,3.33964584e-02,3.28011687e-02,3.20646210e-02,3.12003980e-02,3.02239324e-02,2.91519802e-02,2.80021010e-02,2.67921808e-02,2.55400189e-02,2.42629886e-02,2.29777724e-02,2.17001623e-02,2.04449096e-02,1.92256077e-02,1.80545949e-02,1.69428639e-02,1.58999781e-02,1.49339943e-02,1.40514032e-02,1.32570963e-02,1.25543726e-02,1.19449938e-02,1.14292937e-02,1.10063405e-02,1.06741476e-02,1.04299192e-02,1.02703197e-02,1.01917557e-02,1.01907532e-02,1.02631235e-02,1.04066035e-02,1.06185400e-02,1.08970199e-02,1.12407818e-02,1.16491711e-02,1.21220552e-02,1.26596954e-02,1.32625800e-02,1.39312266e-02,1.46659590e-02,1.54666664e-02,1.63325540e-02,1.72618921e-02,1.82517738e-02,1.92978933e-02,2.03943545e-02,2.15335243e-02,2.27059407e-02,2.39002891e-02,2.51034556e-02,2.63006639e-02,2.74757009e-02,2.86112296e-02,2.96891852e-02,3.06912426e-02,3.15993427e-02,3.23962538e-02,3.30661460e-02,3.35951470e-02,3.39718440e-02
2.64194621e-02,2.82761236e-02,3.00855291e-02,3.18202798e-02,3.34521214e-02,3.49525583e-02,3.62935459e-02,3.74482500e-02,3.83918585e-02,3.91024171e-02,3.95616301e-02,3.97553986e-02,3.96762036e-02,3.93258204e-02,3.87023732e-02,3.78167930e-02,3.66856026e-02,3.53309109e-02,3.37797438e-02,3.20630322e-02,3.02143874e-02,2.82687660e-02,2.62611289e-02,2.42251969e-02,2.21923886e-02,2.01910057e-02,1.82456971e-02,1.63772031e-02,1.46023534e-02,1.29342704e-02,1.13827203e-02,9.95454793e-03,8.65414230e-03,7.48388562e-03,6.44455742e-03,5.53567773e-03,4.75578747e-03,4.10267448e-03,3.57355948e-03,3.16525897e-03,2.87434052e-03,2.69728228e-03,2.63064737e-03,2.67118383e-03,2.81604668e-03,3.06313596e-03,3.41090819e-03,3.85861034e-03,4.40627659e-03,5.05466160e-03,5.80509388e-03,6.65924861e-03,7.61884741e-03,8.68529920e-03,9.85930147e-03,1.11404247e-02,1.25267040e-02,1.40142617e-02,1.55969801e-02,1.72662439e-02,1.90107617e-02,2.08164770e-02,2.26665701e-02,2.45415542e-02
-9.74327149e-03,-7.49403680e-03,-5.23680686e-03,-2.99204308e-03,-7.79150686e-04,1.38370232e-03,3.47974756e-03,5.49379014e-03,7.41231607e-03,9.22357498e-03,1.09176132e-02,1.24862467e-02,1.39229652e-02,1.52227614e-02,1.63818854e-02,1.73975302e-02,1.82674597e-02,1.89896023e-02,1.95616336e-02,1.99805827e-02,2.02424849e-02,2.03420430e-02,2.02734949e-02,2.00299954e-02,1.96016303e-02,1.89796011e-02,1.81550736e-02,1.71201124e-02,1.58686308e-02,1.43973882e-02,1.27069780e-02,1.08027279e-02,8.69542755e-03,6.40180238e-03,3.94466791e-03,1.35272006e-03,-1.34004839e-03,-4.09523565e-03,-6.87133724e-03,-9.62512406e-03,-1.23131440e-02,-1.48931949e-02,-1.73256635e-02,-1.95746484e-02,-2.16088142e-02,-2.34019553e-02,-2.49332802e-02,-2.61874453e-02,-2.71543761e-02,-2.78288900e-02,-2.82099500e-02,-2.83050354e-02,-2.81188564e-02,-2.76610001e-02,-2.69451240e-02,-2.59869251e-02,-2.48039824e-02,-2.34154480e-02,-2.18417369e-02,-2.01042351e-02,-1.82250265e-02,-1.62266364e-02,-1.41317905e-02,-1.19631859e-02
1.81546706e-02,1.86520848e-02,1.91173328e-02,1.95411170e-02,1.99154093e-02,2.02336805e-02,2.04910073e-02,2.06840549e-02,2.08109420e-02,2.08709953e-02,2.08643878e-02,2.07931570e-02,2.06575355e-02,2.04591618e-02,2.01994830e-02,1.98798411e-02,1.95015681e-02,1.90661806e-02,1.85756666e-02,1.80328315e-02,1.74416608e-02,1.68076485e-02,1.61380429e-02,1.54419630e-02,1.47303542e-02,1.40157664e-02,1.33119552e-02,1.26333297e-02,1.19942855e-02,1.14084777e-02,1.08880932e-02,1.04431873e-02,1.00811381e-02,9.80626696e-03,9.61965234e-03,9.51915269e-03,9.49966754e-03,9.55293745e-03,9.66954160e-03,9.83822476e-03,1.00469964e-02,1.02839351e-02,1.05378770e-02,1.07990451e-02,1.10595692e-02,1.13138657e-02,1.15588526e-02,1.17939890e-02,1.20211361e-02,1.22442538e-02,1.24689536e-02,1.27019428e-02,1.29503997e-02,1.32213273e-02,1.35209294e-02,1.38540554e-02,1.42237489e-02,1.46309308e-02,1.50742330e-02,1.55499893e-02,1.60523771e-02,1.65736944e-02,1.71047471e-02,1.76353164e-02
2.19679915e-02,2.28635331e-02,2.36778961e-02,2.44047120e-02,2.50397888e-02,2.55811589e-02,2.60290160e-02,2.63855385e-02,2.66546026e-02,2.68413984e-02,2.69519649e-02,2.69926396e-02,2.69699929e-02,2.68898107e-02,2.67558952e-02,2.65713966e-02,2.63376862e-02,2.60543463e-02,2.57192523e-02,2.53287978e-02,2.48782625e-02,2.43623048e-02,2.37755518e-02,2.31132490e-02,2.23719274e-02,2.15500391e-02,2.06485129e-02,1.96711816e-02,1.86250411e-02,1.75203103e-02,1.63702778e-02,1.51909383e-02,1.40004399e-02,1.28183850e-02,1.16650367e-02,1.05604974e-02,9.52392168e-03,8.57282493e-03,7.72253213e-03,6.98579676e-03,6.37259920e-03,5.89011595e-03,5.54283550e-03,5.33278775e-03,5.25986339e-03,5.32187997e-03,5.51526738e-03,5.83546208e-03,6.27658017e-03,6.83188917e-03,7.49386699e-03,8.25422977e-03,9.10392317e-03,1.00330935e-02,1.10310583e-02,1.20862963e-02,1.31864730e-02,1.43185148e-02,1.54687404e-02,1.66230508e-02,1.77671771e-02,1.88869759e-02,1.99687636e-02,2.09996693e-02
8.86444130e-03,7.87018321e-03,6.98347535e-03,6.21130602e-03,5.55884198e-03,5.02940885e-03,4.62451112e-03,4.34389869e-03,4.18568592e-03,4.14654152e-03,4.22158185e-03,4.40530344e-03,4.69130843e-03,5.07261485e-03,5.54200376e-03,6.09223553e-03,6.71624099e-03,7.40726996e-03,8.15899074e-03,8.96553878e-03,9.82151638e-03,1.07219479e-02,1.16621973e-02,1.26378555e-02,1.36446071e-02,1.46780840e-02,1.57337147e-02,1.68065759e-02,1.78912546e-02,1.89817241e-02,2.00712404e-02,2.11522645e-02,2.22164130e-02,2.32544428e-02,2.42562743e-02,2.52110569e-02,2.61072797e-02,2.69329328e-02,2.76757171e-02,2.83233043e-02,2.88636426e-02,2.92852984e-02,2.95778191e-02,2.97320642e-02,2.97399840e-02,2.96006502e-02,2.93075356e-02,2.88612338e-02,2.82647784e-02,2.75239883e-02,2.66474720e-02,2.56464576e-02,2.45345099e-02,2.33271588e-02,2.20414668e-02,2.06955672e-02,1.93081996e-02,1.78982718e-02,1.64844654e-02,1.50848980e-02,1.37168448e-02,1.23965142e-02,1.11388705e-02,9.95748992e-03
1.46790018e-02,1.44214934e-02,1.41034106e-02,1.37260472e-02,1.32928047e-02,1.28091733e-02,1.22826283e-02,1.17224453e-02,1.11394430e-02,1.05456651e-02,9.95401288e-03,9.37784580e-03,8.83056205e-03,8.32517502e-03,7.87389887e-03,7.48775609e-03,7.17621955e-03,6.94690094e-03,6.80529833e-03,6.75462739e-03,6.79549430e-03,6.92613746e-03,7.14265941e-03,7.43862724e-03,7.80558065e-03,8.23329779e-03,8.71014784e-03,9.22349904e-03,9.76016394e-03,1.03068633e-02,1.08506892e-02,1.13795485e-02,1.18825657e-02,1.23504300e-02,1.27756694e-02,1.31528409e-02,1.34786290e-02,1.37518495e-02,1.39733616e-02,1.41458935e-02,1.42737948e-02,1.43627304e-02,1.44193325e-02,1.44508307e-02,1.44646767e-02,1.44681793e-02,1.44681875e-02,1.44707033e-02,1.44806964e-02,1.45019750e-02,1.45369302e-02,1.45864682e-02,1.46499699e-02,1.47253067e-02,1.48089122e-02,1.48959070e-02,1.49802760e-02,1.50550938e-02,1.51127943e-02,1.51454723e-02,1.51451242e-02,1.51047808e-02,1.50171737e-02,1.48766822e-02
6.86683169e-03,7.34503406e-03,7.67463325e-03,7.84368240e-03,7.84098932e-03,7.65868908e-03,7.28834877e-03,6.72613257e-03,5.97152839e-03,5.02805772e-03,3.90365259e-03,2.61080475e-03,1.16646354e-03,-4.08333576e-04,-2.08907469e-03,-3.84865385e-03,-5.65838989e-03,-7.48913017e-03,-9.31235716e-03,-1.11012027e-02,-1.28312924e-02,-1.44813620e-02,-1.60336164e-02,-1.74738282e-02,-1.87912004e-02,-1.99780390e-02,-2.10292929e-02,-2.19420264e-02,-2.27148839e-02,-2.33476005e-02,-2.38405954e-02,-2.41946628e-02,-2.44107156e-02,-2.44906354e-02,-2.44365387e-02,-2.42488971e-02,-2.39303152e-02,-2.34838874e-02,-2.29135304e-02,-2.22241405e-02,-2.14216800e-02,-2.05132002e-02,-1.95068010e-02,-1.84115326e-02,-1.72372502e-02,-1.59944332e-02,-1.46939857e-02,-1.33470310e-02,-1.19647173e-02,-1.05580456e-02,-9.13773229e-03,-7.71411270e-03,-6.29709265e-03,-4.89614901e-03,-3.52037888e-03,-2.17859316e-03,-8.79447230e-04,3.68401441e-04,1.55611718e-03,2.67452430e-03,3.71395518e-03,4.66413787e-03,5.51414247e-03,6.25240313e-03
5.10678510e-03,3.85055724e-03,2.57994037e-03,1.31927803e-03,9.31722760e-05,-1.07435951e-03,-2.16070621e-03,-3.14540762e-03,-4.01076087e-03,-4.74228380e-03,-5.32901541e-03,-5.76365399e-03,-6.04253560e-03,-6.16555580e-03,-6.13648310e-03,-5.96092494e-03,-5.64794246e-03,-5.20884512e-03,-4.65689845e-03,-4.00695335e-03,-3.27505937e-03,-2.47806528e-03,-1.63320492e-03,-7.57666772e-04,1.31850753e-04,1.01958831e-03,1.89117869e-03,2.73407070e-03,3.53790487e-03,4.29481862e-03,4.99965211e-03,5.65003124e-03,6.24630958e-03,6.79136102e-03,7.29022589e-03,7.74962640e-03,8.17737938e-03,8.58174468e-03,8.97075409e-03,9.35156773e-03,9.72990191e-03,1.01095651e-02,1.04921279e-02,1.08767412e-02,1.12601030e-02,1.16365634e-02,1.19983504e-02,1.23358901e-02,1.26381970e-02,1.28933076e-02,1.30887366e-02,1.32119322e-02,1.32506746e-02,1.31941539e-02,1.30323620e-02,1.27567630e-02,1.23613088e-02,1.18424223e-02,1.11993756e-02,1.04345860e-02,9.55383076e-03,8.56635883e-03,7.48487314e-03,6.32536473e-03
-2.33762704e-02,-2.35166410e-02,-2.36150058e-02,-2.36623372e-02,-2.36530208e-02,-2.35817495e-02,-2.34472033e-02,-2.32505227e-02,-2.29952506e-02,-2.26870551e-02,-2.23333606e-02,-2.19429314e-02,-2.15254409e-02,-2.10910583e-02,-2.06500745e-02,-2.02125814e-02,-1.97882148e-02,-1.93859585e-02,-1.90140069e-02,-1.86796751e-02,-1.83893440e-02,-1.81484294e-02,-1.79613605e-02,-1.78315682e-02,-1.77615359e-02,-1.77517496e-02,-1.78030350e-02,-1.79142226e-02,-1.80828916e-02,-1.83053333e-02,-1.85765155e-02,-1.88901049e-02,-1.92385444e-02,-1.96131917e-02,-2.00045221e-02,-2.04023946e-02,-2.07963753e-02,-2.11761050e-02,-2.15316974e-02,-2.18541467e-02,-2.21357234e-02,-2.23703352e-02,-2.25538320e-02,-2.26842287e-02,-2.27618184e-02,-2.27894981e-02,-2.27722476e-02,-2.27166445e-02,-2.26314753e-02,-2.25267803e-02,-2.24134038e-02,-2.23024317e-02,-2.22045856e-02,-2.21296163e-02,-2.20857808e-02,-2.20785646e-02,-2.21120017e-02,-2.21868556e-02,-2.23009611e-02,-2.24493289e-02,-2.26243775e-02,-2.28163516e-02,-2.30138889e-02,-2.32046945e-02
-1.37586206e-02,-1.30213829e-02,-1.23662278e-02,-1.18131461e-02,-1.13793254e-02,-1.10785497e-02,-1.09208797e-02,-1.09103925e-02,-1.10495012e-02,-1.13344433e-02,-1.17572437e-02,-1.23058887e-02,-1.29647722e-02,-1.37152983e-02,-1.45365917e-02,-1.54062787e-02,-1.63012987e-02,-1.71987098e-02,-1.80764519e-02,-1.89140397e-02,-1.96931625e-02,-2.03981744e-02,-2.10164668e-02,-2.15387191e-02,-2.19590317e-02,-2.22749423e-02,-2.24873283e-02,-2.26001333e-02,-2.26215983e-02,-2.25601582e-02,-2.24275997e-02,-2.22375374e-02,-2.20047617e-02,-2.17447566e-02,-2.14731550e-02,-2.12051743e-02,-2.09550463e-02,-2.07354596e-02,-2.05570305e-02,-2.04278306e-02,-2.03530240e-02,-2.03338709e-02,-2.03690922e-02,-2.04536445e-02,-2.05788917e-02,-2.07331331e-02,-2.09020402e-02,-2.10692826e-02,-2.12172877e-02,-2.13280647e-02,-2.13841284e-02,-2.13709334e-02,-2.12736618e-02,-2.10821242e-02,-2.07896555e-02,-2.03936847e-02,-1.98959921e-02,-1.93027394e-02,-1.86242986e-02,-1.78749009e-02,-1.70721318e-02,-1.62362997e-02,-1.53897077e-02,-1.45558585e-02
-5.66068466e-03,-6.25114515e-03,-6.80748665e-03,-7.32336545e-03,-7.79218769e-03,-8.20732787e-03,-8.56237931e-03,-8.85141503e-03,-9.06923686e-03,-9.21158496e-03,-9.27536050e-03,-9.25920939e-03,-9.16214907e-03,-8.98517918e-03,-8.73056880e-03,-8.40183751e-03,-8.00364060e-03,-7.54161446e-03,-7.02219509e-03,-6.45241952e-03,-5.83971932e-03,-5.19171602e-03,-4.51602821e-03,-3.82009998e-03,-3.11105999e-03,-2.39561873e-03,-1.68000986e-03,-9.69977952e-04,-2.70811835e-04,4.12581547e-04,1.07557129e-03,1.71368112e-03,2.32246143e-03,2.89737569e-03,3.43371638e-03,3.92656428e-03,4.37080173e-03,4.76118509e-03,5.09247626e-03,5.35962638e-03,5.55799923e-03,5.68361548e-03,5.73338800e-03,5.70545012e-03,5.59931812e-03,5.41560361e-03,5.15663604e-03,4.82614203e-03,4.42913268e-03,3.97169329e-03,3.46070936e-03,2.90355479e-03,2.30777113e-03,1.68076758e-03,1.02956927e-03,3.60636104e-04,-3.20233371e-04,-1.00790725e-03,-1.69784462e-03,-2.38594566e-03,-3.06835496e-03,-3.74124319e-03,-4.40059527e-03,-5.04203166e-03
-4.36329069e-03,-4.62436972e-03,-4.80521932e-03,-4.90119277e-03,-4.91184039e-03,-4.83977916e-03,-4.69154054e-03,-4.47684270e-03,-4.20816293e-03,-3.90021784e-03,-3.56937335e-03,-3.23300928e-03,-2.90885762e-03,-2.61433134e-03,-2.36585981e-03,-2.17824780e-03,-2.06408275e-03,-2.03307988e-03,-2.09183761e-03,-2.24333685e-03,-2.48668183e-03,-2.81705055e-03,-3.22576289e-03,-3.70052723e-03,-4.22586352e-03,-4.78369181e-03,-5.35406273e-03,-5.91599494e-03,-6.44837467e-03,-6.93086628e-03,-7.34478168e-03,-7.67385839e-03,-7.90489874e-03,-8.02816131e-03,-8.03871746e-03,-7.93411687e-03,-7.71676977e-03,-7.39282016e-03,-6.97188915e-03,-6.46667351e-03,-5.89245440e-03,-5.26654965e-03,-4.60773136e-03,-3.93562496e-03,-3.27010280e-03,-2.63068181e-03,-2.03593387e-03,-1.50291738e-03,-1.04663959e-03,-6.79562026e-04,-4.11163972e-04,-2.47582359e-04,-1.91338217e-04,-2.41200018e-04,-3.92163974e-04,-6.35579811e-04,-9.59447310e-04,-1.34886059e-03,-1.78659645e-03,-2.25382345e-03,-2.73089856e-03,-3.19821026e-03,-3.63702265e-03,-4.03027452e-03
-2.63480258e-02,-2.72044087e-02,-2.79692352e-02,-2.86363865e-02,-2.92010870e-02,-2.96598294e-02,-3.00102675e-02,-3.02510695e-02,-3.03816149e-02,-3.04045129e-02,-3.03192835e-02,-3.01280272e-02,-2.98336440e-02,-2.94396153e-02,-2.89500643e-02,-2.83697614e-02,-2.77041138e-02,-2.69591423e-02,-2.61414442e-02,-2.52581427e-02,-2.43168249e-02,-2.33254743e-02,-2.22924004e-02,-2.12261723e-02,-2.01355614e-02,-1.90294946e-02,-1.79170210e-02,-1.68072897e-02,-1.57095374e-02,-1.46330781e-02,-1.35872909e-02,-1.25815977e-02,-1.16254242e-02,-1.07281396e-02,-9.89896921e-03,-9.14688230e-03,-8.48045400e-03,-7.90770838e-03,-7.43594958e-03,-7.07159221e-03,-6.82000724e-03,-6.68545645e-03,-6.67014369e-03,-6.77608584e-03,-7.00319274e-03,-7.34996453e-03,-7.81349714e-03,-8.38952210e-03,-9.07247576e-03,-9.85557984e-03,-1.07309240e-02,-1.16895460e-02,-1.27215077e-02,-1.38159722e-02,-1.49612868e-02,-1.61450829e-02,-1.73544001e-02,-1.85758421e-02,-1.97957679e-02,-2.10005139e-02,-2.21766402e-02,-2.33111871e-02,-2.43919250e-02,-2.54075810e-02
-3.33034366e-02,-3.24362013e-02,-3.14417667e-02,-3.03256465e-02,-2.90943069e-02,-2.77552392e-02,-2.63170637e-02,-2.47896539e-02,-2.31842684e-02,-2.15136741e-02,-1.97922473e-02,-1.80360368e-02,-1.62627757e-02,-1.44918295e-02,-1.27440684e-02,-1.10416567e-02,-9.40775152e-03,-7.86610765e-03,-6.44058870e-03,-5.15458987e-03,-4.03038333e-03,-3.08840499e-03,-2.34651000e-03,-1.81923462e-03,-1.51712443e-03,-1.44590726e-03,-1.60655445e-03,-1.99463805e-03,-2.60041067e-03,-3.40914234e-03,-4.40167666e-03,-5.55525300e-03,-6.84454097e-03,-8.24281281e-03,-9.72316234e-03,-1.12596717e-02,-1.28284308e-02,-1.44083314e-02,-1.59815789e-02,-1.75339008e-02,-1.90544560e-02,-2.05354816e-02,-2.19717355e-02,-2.33598061e-02,-2.46973678e-02,-2.59824574e-02,-2.72128378e-02,-2.83854991e-02,-2.94963306e-02,-3.05399756e-02,-3.15098631e-02,-3.23983938e-02,-3.31972436e-02,-3.38977420e-02,-3.44912777e-02,-3.49696875e-02,-3.53255786e-02,-3.55524960e-02,-3.56459089e-02,-3.56042795e-02,-3.54226515e-02,-3.51006607e-02,-3.46388510e-02,-3.40388766e-02
3.57281557e-02,3.52625457e-02,3.47864386e-02,3.42990141e-02,3.37984698e-02,3.32824919e-02,3.27487361e-02,3.21952779e-02,3.16209969e-02,3.10258709e-02,3.04111635e-02,2.97795008e-02,2.91348437e-02,2.84823708e-02,2.78282930e-02,2.71796257e-02,2.65439422e-02,2.59291333e-02,2.53431899e-02,2.47940201e-02,2.42893073e-02,2.38364069e-02,2.34422744e-02,2.31134157e-02,2.28558477e-02,2.26750587e-02,2.25759747e-02,2.25630847e-02,2.26383082e-02,2.28055081e-02,2.30660857e-02,2.34202817e-02,2.38670564e-02,2.44039188e-02,2.50268088e-02,2.57300185e-02,2.65061581e-02,2.73461723e-02,2.82394118e-02,2.91737620e-02,3.01358306e-02,3.11111928e-02,3.20846914e-02,3.30407862e-02,3.39639474e-02,3.48390806e-02,3.56519733e-02,3.63897435e-02,3.70412722e-02,3.75975947e-02,3.80522251e-02,3.84013871e-02,3.86441264e-02,3.87822777e-02,3.88201501e-02,3.87663955e-02,3.86287708e-02,3.84169160e-02,3.81420191e-02,3.78152452e-02,3.74472017e-02,3.70474051e-02,3.66238448e-02,3.61826894e-02
-5.33901351e-04,5.76371826e-05,4.86252456e-04,7.44127319e-04,8.26489796e-04,7.31998627e-04,4.62796046e-04,2.45963122e-05,-5.73371715e-04,-1.31873140e-03,-2.19644331e-03,-3.18941747e-03,-4.27923501e-03,-5.44691942e-03,-6.67369993e-03,-7.94170902e-03,-9.23456241e-03,-1.05377811e-02,-1.18390304e-02,-1.31281693e-02,-1.43971192e-02,-1.56395795e-02,-1.68506273e-02,-1.80262475e-02,-1.91628428e-02,-2.02567702e-02,-2.13039463e-02,-2.22995539e-02,-2.32378705e-02,-2.41122270e-02,-2.49150947e-02,-2.56382831e-02,-2.62732262e-02,-2.68113274e-02,-2.72443263e-02,-2.75646463e-02,-2.77656369e-02,-2.78427394e-02,-2.77932697e-02,-2.76136673e-02,-2.73039760e-02,-2.68657138e-02,-2.63019684e-02,-2.56172896e-02,-2.48175336e-02,-2.39096915e-02,-2.29017197e-02,-2.18023879e-02,-2.06211553e-02,-1.93680805e-02,-1.80537697e-02,-1.66893615e-02,-1.52865414e-02,-1.38575793e-02,-1.24153762e-02,-1.09735070e-02,-9.54624368e-03,-8.14854310e-03,-6.79598611e-03,-5.50465483e-03,-4.29093987e-03,-3.17127326e-03,-2.16178785e-03,-1.27791032e-03
-3.56941199e-02,-3.51714338e-02,-3.44759572e-02,-3.36232670e-02,-3.26313645e-02,-3.15201175e-02,-3.03107285e-02,-2.90252462e-02,-2.76861242e-02,-2.63158269e-02,-2.49364758e-02,-2.35695252e-02,-2.22354575e-02,-2.09534864e-02,-1.97412588e-02,-1.86145510e-02,-1.75869601e-02,-1.66695960e-02,-1.58707897e-02,-1.51958372e-02,-1.46468065e-02,-1.42224353e-02,-1.39181533e-02,-1.37262634e-02,-1.36364211e-02,-1.36347448e-02,-1.37077965e-02,-1.38398629e-02,-1.40154011e-02,-1.42197331e-02,-1.44398904e-02,-1.46653833e-02,-1.48888243e-02,-1.51063636e-02,-1.53179031e-02,-1.55270789e-02,-1.57410155e-02,-1.59698710e-02,-1.62262020e-02,-1.65241820e-02,-1.68787142e-02,-1.73044822e-02,-1.78149821e-02,-1.84215838e-02,-1.91326622e-02,-1.99528425e-02,-2.08823982e-02,-2.19168404e-02,-2.30467272e-02,-2.42577174e-02,-2.55308788e-02,-2.68432459e-02,-2.81686063e-02,-2.94784766e-02,-3.07432136e-02,-3.19331918e-02,-3.30199772e-02,-3.39774220e-02,-3.47826155e-02,-3.54166341e-02,-3.58650131e-02,-3.61177268e-02,-3.61740534e-02,-3.60314092e-02
4.09359413e-04,8.29419753e-04,1.43029019e-03,2.19841398e-03,3.11957608e-03,4.17906299e-03,5.36180089e-03,6.65248836e-03,8.03573588e-03,9.49621842e-03,1.10188427e-02,1.25889246e-02,1.41923698e-02,1.58158452e-02,1.74469311e-02,1.90742400e-02,2.06874927e-02,2.22775421e-02,2.38363415e-02,2.53568534e-02,2.68329052e-02,2.82589945e-02,2.96300571e-02,3.09412082e-02,3.21874718e-02,3.33635124e-02,3.44633848e-02,3.54803149e-02,3.64065264e-02,3.72331238e-02,3.79500425e-02,3.85460765e-02,3.90089886e-02,3.93256976e-02,3.94824697e-02,3.94648398e-02,3.92656639e-02,3.88674241e-02,3.82608570e-02,3.74387116e-02,3.63970618e-02,3.51361876e-02,3.36612957e-02,3.19830662e-02,3.01179689e-02,2.80882871e-02,2.59218084e-02,2.36511658e-02,2.13128499e-02,1.89459475e-02,1.65906959e-02,1.42869651e-02,1.20727890e-02,9.98306011e-03,8.04847829e-03,6.29481509e-03,4.74251371e-03,3.40661082e-03,2.29693594e-03,1.41852406e-03,7.72168533e-04,3.55042776e-04,1.61329661e-04,1.82810563e-04
8.25450524e-03,8.46067249e-03,8.76817592e-03,9.16483638e-03,9.63498653e-03,1.01601098e-02,1.07196027e-02,1.12916187e-02,1.18539578e-02,1.23849712e-02,1.28644446e-02,1.32744283e-02,1.35999788e-02,1.38297775e-02,1.39565864e-02,1.39774186e-02,1.38949926e-02,1.37143891e-02,1.34456885e-02,1.31025294e-02,1.27013561e-02,1.22606470e-02,1.18000471e-02,1.13394734e-02,1.08982503e-02,1.04943193e-02,1.01435600e-02,9.85924835e-03,9.65166355e-03,9.52784995e-03,9.49155378e-03,9.54279714e-03,9.67891342e-03,9.89427482e-03,1.01803689e-02,1.05263849e-02,1.09195734e-02,1.13456548e-02,1.17892521e-02,1.22343404e-02,1.26647068e-02,1.30644186e-02,1.34182948e-02,1.37123761e-02,1.39343850e-02,1.40741626e-02,1.41240346e-02,1.40796653e-02,1.39397074e-02,1.37056726e-02,1.33831444e-02,1.29811604e-02,1.25120906e-02,1.19913172e-02,1.14367492e-02,1.08681856e-02,1.03065486e-02,9.77302371e-03,9.28814697e-03,8.87089156e-03,8.53780528e-03,8.30225006e-03,8.17379304e-03,8.15785547e-03
-2.40264828e-03,-3.62372057e-03,-4.73653853e-03,-5.73468021e-03,-6.61673062e-03,-7.38579865e-03,-8.04882707e-03,-8.61575082e-03,-9.09856171e-03,-9.51033612e-03,-9.86427884e-03,-1.01728300e-02,-1.04468758e-02,-1.06950947e-02,-1.09234664e-02,-1.11349582e-02,-1.13293993e-02,-1.15035415e-02,-1.16512963e-02,-1.17641237e-02,-1.18314885e-02,-1.18421686e-02,-1.17834821e-02,-1.16431694e-02,-1.14097421e-02,-1.10730569e-02,-1.06248512e-02,-1.00591623e-02,-9.37263474e-03,-8.56471278e-03,-7.63772852e-03,-6.59689552e-03,-5.45022478e-03,-4.20837940e-03,-2.88448367e-03,-1.49389989e-03,-5.39826477e-05,1.41617770e-03,2.89603512e-03,4.36388801e-03,5.79718474e-03,7.17286117e-03,8.46771087e-03,9.65879455e-03,1.07238935e-02,1.16420088e-02,1.23939034e-02,1.29626764e-02,1.33343499e-02,1.34984003e-02,1.34485671e-02,1.31846901e-02,1.27082051e-02,1.20278411e-02,1.11573050e-02,1.01152604e-02,8.92489025e-03,7.61318349e-03,6.20998429e-03,4.74685192e-03,3.25579795e-03,1.76798146e-03,3.12450646e-04,-1.08497958e-03
3.26639466e-02,3.45983941e-02,3.64404369e-02,3.81703500e-02,3.97675438e-02,4.12107266e-02,4.24781662e-02,4.35480621e-02,4.43990321e-02,4.50106985e-02,4.53642971e-02,4.54425757e-02,4.52405246e-02,4.47448075e-02,4.39514179e-02,4.28637456e-02,4.14911541e-02,3.98494343e-02,3.79607416e-02,3.58531267e-02,3.35597020e-02,3.11174935e-02,2.85660656e-02,2.59460288e-02,2.32975552e-02,2.06590251e-02,1.80659090e-02,1.55499533e-02,1.31387023e-02,1.08553464e-02,8.71885264e-03,6.74430878e-03,4.94340432e-03,3.32496811e-03,1.89549606e-03,6.59617791e-04,-3.79529195e-04,-1.22001363e-03,-1.86096858e-03,-2.30248909e-03,-2.54557364e-03,-2.59255968e-03,-2.44618757e-03,-2.11048007e-03,-1.59054325e-03,-8.92508945e-04,-2.35129965e-05,1.00835363e-03,2.19412550e-03,3.52406314e-03,4.98774398e-03,6.57416174e-03,8.27182006e-03,1.00688145e-02,1.19528982e-02,1.39115276e-02,1.59318843e-02,1.80008728e-02,2.01050918e-02,2.22307818e-02,2.43637497e-02,2.64892765e-02,2.85920137e-02,3.06558766e-02
3.70754934e-02,3.57830820e-02,3.43766756e-02,3.28795638e-02,3.13139752e-02,2.97004167e-02,2.80571562e-02,2.63998742e-02,2.47414997e-02,2.30922308e-02,2.14597316e-02,1.98494858e-02,1.82652776e-02,1.67097665e-02,1.51851142e-02,1.36936202e-02,1.22383213e-02,1.08235129e-02,9.45515199e-03,8.14111436e-03,6.89128439e-03,5.71747218e-03,4.63316505e-03,3.65313445e-03,2.79293001e-03,2.06830068e-03,1.49458584e-03,1.08611817e-03,8.55675624e-04,8.14017200e-04,9.69372585e-04,1.32742469e-03,1.89088927e-03,2.65947631e-03,3.62987615e-03,4.79579020e-03,6.14801241e-03,7.67454798e-03,9.36076059e-03,1.11895428e-02,1.31415072e-02,1.51951985e-02,1.73273280e-02,1.95130331e-02,2.17261647e-02,2.39396062e-02,2.61256252e-02,2.82562617e-02,3.03037497e-02,3.22409735e-02,3.40419529e-02,3.56823503e-02,3.71399884e-02,3.83953625e-02,3.94321291e-02,4.02375446e-02,4.08028261e-02,4.11233652e-02,4.11982983e-02,4.10377308e-02,4.06464633e-02,4.00364298e-02,3.92245332e-02,3.82303269e-02
5.35213126e-03,3.52711303e-03,1.67308130e-03,-1.76531446e-04,-1.98772689e-03,-3.72700971e-03,-5.36242660e-03,-6.86452400e-03,-8.20720387e-03,-9.36842946e-03,-1.03307534e-02,-1.10816516e-02,-1.16136518e-02,-1.19241960e-02,-1.20167049e-02,-1.18976942e-02,-1.15776019e-02,-1.10710826e-02,-1.03956121e-02,-9.57095317e-03,-8.61853762e-03,-7.56083829e-03,-6.42075228e-03,-5.22100537e-03,-3.98358617e-03,-2.72921756e-03,-1.47687394e-03,-2.43354274e-04,9.57075085e-04,2.11295906e-03,3.21584088e-03,4.26032788e-03,5.24403985e-03,6.16742782e-03,7.03346177e-03,7.84719441e-03,8.61521649e-03,9.34502821e-03,1.00443585e-02,1.07204700e-02,1.13794891e-02,1.20258003e-02,1.26615400e-02,1.32862172e-02,1.38964823e-02,1.44860525e-02,1.50457964e-02,1.55639702e-02,1.60265908e-02,1.64179283e-02,1.67210927e-02,1.69186830e-02,1.69934135e-02,1.69296087e-02,1.67132994e-02,1.63315210e-02,1.57754279e-02,1.50397461e-02,1.41233449e-02,1.30296225e-02,1.17667371e-02,1.03476750e-02,8.79014104e-03,7.11626645e-03
-3.99400367e-02,-3.98393250e-02,-3.96989053e-02,-3.95248934e-02,-3.93243428e-02,-3.91050046e-02,-3.88750368e-02,-3.86426746e-02,-3.84158824e-02,-3.82020023e-02,-3.80074222e-02,-3.78372796e-02,-3.76952213e-02,-3.75832335e-02,-3.75015543e-02,-3.74486737e-02,-3.74214180e-02,-3.74147722e-02,-3.74231359e-02,-3.74396445e-02,-3.74567437e-02,-3.74667021e-02,-3.74625790e-02,-3.74370757e-02,-3.73843997e-02,-3.72999942e-02,-3.71808748e-02,-3.70258454e-02,-3.68356236e-02,-3.66128809e-02,-3.63621934e-02,-3.60899029e-02,-3.58038903e-02,-3.55132675e-02,-3.52280008e-02,-3.49584804e-02,-3.47150571e-02,-3.45075727e-02,-3.43449132e-02,-3.42346366e-02,-3.41826197e-02,-3.41909772e-02,-3.42631120e-02,-3.43981547e-02,-3.45934015e-02,-3.48442822e-02,-3.51446000e-02,-3.54868492e-02,-3.58625680e-02,-3.62626972e-02,-3.66779158e-02,-3.70989366e-02,-3.75167489e-02,-3.79228069e-02,-3.83091690e-02,-3.86685982e-02,-3.89946383e-02,-3.92816787e-02,-3.95250201e-02,-3.97209457e-02,-3.98667952e-02,-3.99610161e-02,-4.00032948e-02,-3.99960256e-02
-2.85779457e-02,-2.93975518e-02,-3.01769146e-02,-3.09026639e-02,-3.15641310e-02,-3.21538793e-02,-3.26680482e-02,-3.31064779e-02,-3.34725947e-02,-3.37730610e-02,-3.40172083e-02,-3.42162895e-02,-3.43826023e-02,-3.45285454e-02,-3.46656753e-02,-3.48038241e-02,-3.49503311e-02,-3.51094422e-02,-3.52819267e-02,-3.54649459e-02,-3.56521847e-02,-3.58342356e-02,-3.59992020e-02,-3.61334625e-02,-3.62224756e-02,-3.62527971e-02,-3.62115748e-02,-3.60867055e-02,-3.58696157e-02,-3.55547092e-02,-3.51397161e-02,-3.46257860e-02,-3.40173937e-02,-3.33220817e-02,-3.25500768e-02,-3.17138162e-02,-3.08274258e-02,-2.99061813e-02,-2.89659858e-02,-2.80228845e-02,-2.70926355e-02,-2.61903484e-02,-2.53301944e-02,-2.45251914e-02,-2.37870576e-02,-2.31261286e-02,-2.25513250e-02,-2.20701597e-02,-2.16887697e-02,-2.14119667e-02,-2.12433353e-02,-2.11844290e-02,-2.12358436e-02,-2.13977652e-02,-2.16679058e-02,-2.20424663e-02,-2.25159001e-02,-2.30807729e-02,-2.37276771e-02,-2.44452221e-02,-2.52201278e-02,-2.60374466e-02,-2.68809243e-02,-2.77335030e-02
7.28515813e-03,7.51519255e-03,7.64777795e-03,7.68284141e-03,7.62333136e-03,7.47399766e-03,7.24178094e-03,6.93543352e-03,6.56491492e-03,6.14096161e-03,5.67465532e-03,5.17702905e-03,4.65873202e-03,4.12976546e-03,3.59929284e-03,3.07551990e-03,2.56563427e-03,2.07578960e-03,1.61111791e-03,1.17575456e-03,7.72863111e-04,4.04652043e-04,7.23808022e-05,-2.23641680e-04,-4.84058459e-04,-7.10454651e-04,-9.05321860e-04,-1.07198542e-03,-1.21448378e-03,-1.33739401e-03,-1.44560293e-03,-1.54402990e-03,-1.63731330e-03,-1.72947877e-03,-1.82361125e-03,-1.92155573e-03,-2.02367193e-03,-2.12866600e-03,-2.23351837e-03,-2.33352019e-03,-2.42242322e-03,-2.49269888e-03,-2.53588611e-03,-2.54312334e-03,-2.50544055e-03,-2.41442920e-03,-2.26271165e-03,-2.04440609e-03,-1.75553700e-03,-1.39436028e-03,-9.61588300e-04,-4.60505094e-04,1.03032585e-04,7.20704707e-04,1.38194944e-03,2.07427928e-03,2.78367890e-03,3.49507162e-03,4.19283473e-03,4.86134344e-03,5.48552126e-03,6.05137368e-03,6.54648148e-03,6.96043077e-03
-2.75781224e-02,-2.72991623e-02,-2.67407685e-02,-2.59203818e-02,-2.48591562e-02,-2.35811491e-02,-2.21124763e-02,-2.04805404e-02,-1.87133599e-02,-1.68390058e-02,-1.48851382e-02,-1.28786338e-02,-1.08452899e-02,-8.80958954e-03,-6.79451487e-03,-4.82139542e-03,-2.90978197e-03,-1.07733845e-03,6.60252836e-04,2.28936280e-03,3.79850980e-03,5.17840466e-03,6.42198453e-03,7.52442109e-03,8.48309430e-03,9.29752321e-03,9.96924604e-03,1.05016425e-02,1.08996935e-02,1.11696750e-02,1.13187849e-02,1.13546562e-02,1.12857147e-02,1.11187955e-02,1.08601768e-02,1.05149041e-02,1.00861558e-02,9.57495596e-03,8.97998893e-03,8.29757052e-03,7.52180584e-03,6.64495408e-03,5.65800848e-03,4.55148493e-03,3.31639567e-03,1.94536499e-03,4.33823824e-04,-1.21879684e-03,-3.00796784e-03,-4.92319514e-03,-6.94744511e-03,-9.05697891e-03,-1.12216519e-02,-1.34056989e-02,-1.55689762e-02,-1.76685805e-02,-1.96607206e-02,-2.15026859e-02,-2.31547487e-02,-2.45818456e-02,-2.57549145e-02,-2.66517980e-02,-2.72576064e-02,-2.75639510e-02
2.25108219e-03,4.27585877e-03,6.37086293e-03,8.51769761e-03,1.06948997e-02,1.28781048e-02,1.50402666e-02,1.71519326e-02,1.91815843e-02,2.10960518e-02,2.28610145e-02,2.44416048e-02,2.58031244e-02,2.69118840e-02,2.77361600e-02,2.82472248e-02,2.84201309e-02,2.82392086e-02,2.76926492e-02,2.67735729e-02,2.54875052e-02,2.38492132e-02,2.18832638e-02,1.96238500e-02,1.71140091e-02,1.44042626e-02,1.15507417e-02,8.61291663e-03,5.65109706e-03,2.72390096e-03,-1.14107438e-04,-2.81440377e-03,-5.33608650e-03,-7.64687278e-03,-9.72348863e-03,-1.15515593e-02,-1.31250524e-02,-1.44453764e-02,-1.55202409e-02,-1.63623853e-02,-1.69882589e-02,-1.74167223e-02,-1.76677862e-02,-1.77620181e-02,-1.77192866e-02,-1.75562706e-02,-1.72887383e-02,-1.69295662e-02,-1.64886063e-02,-1.59725867e-02,-1.53851556e-02,-1.47270721e-02,-1.39965294e-02,-1.31895933e-02,-1.23007317e-02,-1.13234079e-02,-1.02507098e-02,-9.07598475e-03,-7.79345308e-03,-6.39877635e-03,-4.88956084e-03,-3.26578294e-03,-1.53012877e-03,3.11754061e-04
-4.55460373e-02,-4.48376524e-02,-4.41662889e-02,-4.35501898e-02,-4.30076256e-02,-4.25564113e-02,-4.22134320e-02,-4.19942683e-02,-4.19109796e-02,-4.19725892e-02,-4.21892474e-02,-4.25642531e-02,-4.30971175e-02,-4.37829464e-02,-4.46122018e-02,-4.55706705e-02,-4.66396557e-02,-4.77964119e-02,-4.90148280e-02,-5.02663365e-02,-5.15210083e-02,-5.27487655e-02,-5.39206354e-02,-5.50099563e-02,-5.59934538e-02,-5.68521151e-02,-5.75718094e-02,-5.81436242e-02,-5.85639009e-02,-5.88339087e-02,-5.89589706e-02,-5.89558718e-02,-5.88307291e-02,-5.86012578e-02,-5.82854840e-02,-5.79021598e-02,-5.74700926e-02,-5.70074525e-02,-5.65311448e-02,-5.60562684e-02,-5.55956720e-02,-5.51596126e-02,-5.47555201e-02,-5.43878700e-02,-5.40581663e-02,-5.37650340e-02,-5.35044217e-02,-5.32699075e-02,-5.30531001e-02,-5.28441185e-02,-5.26321309e-02,-5.24059338e-02,-5.21545506e-02,-5.18678245e-02,-5.15369771e-02,-5.11551015e-02,-5.07175695e-02,-5.02223329e-02,-4.96701130e-02,-4.90644740e-02,-4.84117860e-02,-4.77210858e-02,-4.70038508e-02,-4.62737000e-02
1.66295383e-02,1.80601561e-02,1.95904724e-02,2.11981866e-02,2.28634110e-02,2.45688445e-02,2.62998247e-02,2.80442660e-02,2.97924934e-02,3.15369813e-02,3.32720150e-02,3.49932883e-02,3.66974607e-02,3.83816963e-02,4.00432078e-02,4.16788312e-02,4.32846518e-02,4.48557014e-02,4.63857392e-02,4.78671252e-02,4.92907858e-02,5.06462683e-02,5.19218710e-02,5.31048366e-02,5.41815868e-02,5.51379820e-02,5.59595829e-02,5.66319000e-02,5.71406101e-02,5.74717070e-02,5.76113680e-02,5.75481050e-02,5.72749596e-02,5.67760418e-02,5.60435050e-02,5.50709823e-02,5.38544999e-02,5.23932472e-02,5.06903611e-02,4.87537409e-02,4.65968350e-02,4.42393047e-02,4.17074574e-02,3.90343384e-02,3.62593918e-02,3.34276360e-02,3.05883541e-02,2.77933602e-02,2.50949627e-02,2.25437888e-02,2.01866597e-02,1.80646986e-02,1.62118234e-02,1.46537269e-02,1.34073836e-02,1.24810716e-02,1.18748499e-02,1.15814289e-02,1.15876730e-02,1.18716459e-02,1.24137003e-02,1.31877515e-02,1.41667093e-02,1.53230290e-02
-3.16965627e-03,-2.31811087e-03,-1.57836510e-03,-9.53810117e-04,-4.46156979e-04,-5.57118290e-05,2.18314822e-04,3.77495995e-04,4.23897359e-04,3.59851805e-04,1.87717345e-04,-9.01925981e-05,-4.71617032e-04,-9.54303850e-04,-1.53587101e-03,-2.21360910e-03,-2.98424672e-03,-3.84370204e-03,-4.78684713e-03,-5.80731126e-03,-6.89734676e-03,-8.04777602e-03,-9.24803147e-03,-1.04862918e-02,-1.17497087e-02,-1.30247089e-02,-1.42973491e-02,-1.55536946e-02,-1.67801920e-02,-1.79640025e-02,-1.90932732e-02,-2.01573234e-02,-2.11467384e-02,-2.20533698e-02,-2.28702524e-02,-2.35914561e-02,-2.42118984e-02,-2.47271433e-02,-2.51332151e-02,-2.54264374e-02,-2.56032538e-02,-2.56614760e-02,-2.55983742e-02,-2.54107556e-02,-2.50972488e-02,-2.46573146e-02,-2.40916436e-02,-2.34024484e-02,-2.25937089e-02,-2.16713571e-02,-2.06433868e-02,-1.95198730e-02,-1.83128968e-02,-1.70363739e-02,-1.57057941e-02,-1.43378834e-02,-1.29502039e-02,-1.15607121e-02,-1.01872964e-02,-8.84731801e-03,-7.55717655e-03,-6.33192365e-03,-5.18494265e-03,-4.12771102e-03
-1.59543869e-02,-1.54282338e-02,-1.49923622e-02,-1.46540453e-02,-1.44172025e-02,-1.42824473e-02,-1.42464437e-02,-1.43039073e-02,-1.44467306e-02,-1.46644091e-02,-1.49448919e-02,-1.52750971e-02,-1.56414566e-02,-1.60304337e-02,-1.64289854e-02,-1.68249573e-02,-1.72074010e-02,-1.75668191e-02,-1.78953419e-02,-1.81868479e-02,-1.84370389e-02,-1.86434776e-02,-1.88055958e-02,-1.89246736e-02,-1.90037897e-02,-1.90477345e-02,-1.90629760e-02,-1.90572501e-02,-1.90393321e-02,-1.90190476e-02,-1.90066848e-02,-1.90121918e-02,-1.90457261e-02,-1.91162018e-02,-1.92311658e-02,-1.93962776e-02,-1.96148698e-02,-1.98875931e-02,-2.02121679e-02,-2.05832658e-02,-2.09925419e-02,-2.14288275e-02,-2.18784866e-02,-2.23259251e-02,-2.27542314e-02,-2.31459163e-02,-2.34837091e-02,-2.37513586e-02,-2.39343617e-02,-2.40207102e-02,-2.40035531e-02,-2.38756135e-02,-2.36358309e-02,-2.32867796e-02,-2.28348176e-02,-2.22898733e-02,-2.16650692e-02,-2.09762191e-02,-2.02412268e-02,-1.94794169e-02,-1.87108249e-02,-1.79554756e-02,-1.72326740e-02,-1.65603368e-02
4.00117037e-02,3.80878103e-02,3.59414829e-02,3.35996529e-02,3.10908612e-02,2.84446570e-02,2.56911378e-02,2.28606445e-02,1.99835975e-02,1.70904316e-02,1.42115702e-02,1.13773719e-02,8.61799069e-03,5.96310766e-03,3.44152022e-03,1.08060415e-03,-1.09430858e-03,-3.06054633e-03,-4.79876186e-03,-6.29338491e-03,-7.53294172e-03,-8.51017558e-03,-9.22195549e-03,-9.66895293e-03,-9.85552888e-03,-9.78991891e-03,-9.48013088e-03,-8.93761672e-03,-8.17478758e-03,-7.20469270e-03,-6.04064022e-03,-4.69590496e-03,-3.18353995e-03,-1.51628933e-03,2.93407529e-04,2.23332557e-03,4.29132784e-03,6.45518197e-03,8.71234501e-03,1.10497432e-02,1.34535547e-02,1.59090070e-02,1.84002000e-02,2.09099630e-02,2.34197547e-02,2.59096140e-02,2.83581683e-02,3.07427081e-02,3.30393331e-02,3.52231776e-02,3.72687189e-02,3.91501706e-02,4.08419606e-02,4.23192862e-02,4.35587334e-02,4.45389391e-02,4.52412550e-02,4.56503100e-02,4.57537832e-02,4.55524080e-02,4.50400635e-02,4.42184442e-02,4.30967379e-02,4.16885400e-02
1.88086502e-02,1.88563359e-02,1.87048423e-02,1.83589832e-02,1.78306613e-02,1.71366172e-02,1.62973415e-02,1.53362264e-02,1.42785211e-02,1.31502162e-02,1.19769480e-02,1.07830020e-02,9.59047901e-03,8.41866964e-03,7.28365865e-03,6.19815590e-03,5.17153233e-03,4.21002302e-03,3.31705213e-03,2.49363252e-03,1.73879761e-03,1.05003097e-03,4.23669735e-04,-1.44730937e-04,-6.60075986e-04,-1.12744684e-03,-1.55184711e-03,-1.93796796e-03,-2.28996403e-03,-2.61123446e-03,-2.90420847e-03,-3.17014082e-03,-3.40892737e-03,-3.61895557e-03,-3.79700668e-03,-3.93822653e-03,-4.03617619e-03,-4.08299317e-03,-4.06985393e-03,-3.98673882e-03,-3.82347430e-03,-3.56999588e-03,-3.21691699e-03,-2.75609791e-03,-2.18119623e-03,-1.48817051e-03,-6.75711549e-04,2.54419539e-04,1.29715547e-03,2.44401710e-03,3.68311924e-03,4.99929200e-03,6.37431576e-03,7.78726050e-03,9.21492092e-03,1.06323388e-02,1.20134034e-02,1.33315206e-02,1.45603389e-02,1.56745193e-02,1.66505290e-02,1.74674352e-02,1.81076681e-02,1.85577100e-02
2.65524554e-02,2.57298940e-02,2.49019024e-02,2.40922820e-02,2.33246898e-02,2.26217933e-02,2.20044524e-02,2.14909619e-02,2.10963912e-02,2.08320514e-02,2.07051469e-02,2.07187074e-02,2.08686601e-02,2.11511632e-02,2.15554908e-02,2.20674885e-02,2.26698190e-02,2.33425469e-02,2.40638356e-02,2.48107090e-02,2.55598506e-02,2.62884135e-02,2.69748193e-02,2.75995190e-02,2.81456918e-02,2.85998552e-02,2.89523592e-02,2.91977399e-02,2.93349031e-02,2.93669989e-02,2.93033667e-02,2.91542480e-02,2.89343362e-02,2.86614171e-02,2.83550398e-02,2.80356707e-02,2.77237495e-02,2.74387427e-02,2.71982520e-02,2.70172269e-02,2.69073339e-02,2.68765964e-02,2.69277796e-02,2.70609857e-02,2.72720877e-02,2.75526369e-02,2.78908138e-02,2.82719006e-02,2.86788916e-02,2.90931793e-02,2.94952860e-02,2.98656107e-02,3.01851696e-02,3.04363051e-02,3.06033342e-02,3.06730524e-02,3.06359112e-02,3.04867337e-02,3.02213712e-02,2.98415177e-02,2.93527634e-02,2.87646259e-02,2.80903385e-02,2.73464776e-02
-2.23445240e-02,-2.38381386e-02,-2.53023353e-02,-2.67092810e-02,-2.80362405e-02,-2.92662545e-02,-3.03884567e-02,-3.13980325e-02,-3.22958501e-02,-3.30878125e-02,-3.37839925e-02,-3.43976182e-02,-3.49439743e-02,-3.54392827e-02,-3.58996137e-02,-3.63398766e-02,-3.67729225e-02,-3.72087902e-02,-3.76541179e-02,-3.81117382e-02,-3.85804712e-02,-3.90551184e-02,-3.95266564e-02,-3.99826191e-02,-4.04076468e-02,-4.07841746e-02,-4.10932142e-02,-4.13151008e-02,-4.14298034e-02,-4.14244802e-02,-4.12782257e-02,-4.09789389e-02,-4.05168456e-02,-3.98858281e-02,-3.90838106e-02,-3.81129216e-02,-3.69795065e-02,-3.56940166e-02,-3.42707909e-02,-3.27277530e-02,-3.10860378e-02,-2.93695672e-02,-2.76045871e-02,-2.58191748e-02,-2.40427242e-02,-2.23054090e-02,-2.06376245e-02,-1.90694031e-02,-1.76298015e-02,-1.63462566e-02,-1.52439120e-02,-1.43449225e-02,-1.36677594e-02,-1.32265798e-02,-1.30303822e-02,-1.30806402e-02,-1.33768814e-02,-1.39097889e-02,-1.46641252e-02,-1.56187678e-02,-1.67472905e-02,-1.80188769e-02,-1.93995153e-02,-2.08534104e-02
5.16459149e-03,4.07151013e-03,2.94896096e-03,1.84304339e-03,7.98685031e-04,-1.42655945e-04,-9.45009205e-04,-1.57953734e-03,-2.02565182e-03,-2.27155873e-03,-2.31474433e-03,-2.16059222e-03,-1.82253847e-03,-1.32078751e-03,-6.81086080e-04,6.65478088e-05,8.89117883e-04,1.75193455e-03,2.61983942e-03,3.45835024e-03,4.23473433e-03,4.91900234e-03,5.48481944e-03,5.91032650e-03,6.17885515e-03,6.27949301e-03,6.20786248e-03,5.96605033e-03,5.56210316e-03,5.01096860e-03,4.33348452e-03,3.55571847e-03,2.70801481e-03,1.82381732e-03,9.38324711e-04,8.70485468e-05,-6.95642418e-04,-1.37792413e-03,-1.93178849e-03,-2.33409644e-03,-2.56737048e-03,-2.62070883e-03,-2.48928890e-03,-2.17502791e-03,-1.68631433e-03,-1.03755332e-03,-2.48643606e-04,6.55676291e-04,1.64657807e-03,2.69200254e-03,3.75755437e-03,4.80747461e-03,5.80567861e-03,6.71686037e-03,7.50765945e-03,8.14787807e-03,8.61172045e-03,8.87900080e-03,8.93615717e-03,8.77872919e-03,8.40870206e-03,7.83769537e-03,7.08631221e-03,6.18332018e-03
1.32429740e-02,1.28118366e-02,1.22687264e-02,1.16324417e-02,1.09255325e-02,1.01732627e-02,9.40237933e-03,8.63977492e-03,7.91114295e-03,7.23972759e-03,6.64525720e-03,6.14313106e-03,5.74390153e-03,5.45306450e-03,5.27114428e-03,5.19404257e-03,5.21354282e-03,5.31782385e-03,5.49296016e-03,5.72285565e-03,5.99044822e-03,6.27842351e-03,6.56989453e-03,6.84900206e-03,7.10142612e-03,7.31480686e-03,7.47907712e-03,7.58670938e-03,7.63287366e-03,7.61559412e-03,7.53590517e-03,7.39710732e-03,7.20545892e-03,6.96960426e-03,6.70031843e-03,6.41015222e-03,6.11300570e-03,5.82364298e-03,5.55716294e-03,5.32844403e-03,5.15158462e-03,5.03936286e-03,5.00275233e-03,5.05028392e-03,5.18798757e-03,5.41908090e-03,5.74354270e-03,6.15817620e-03,6.65660870e-03,7.22939571e-03,7.86421590e-03,8.54614996e-03,9.25803858e-03,9.98091592e-03,1.06945156e-02,1.13778472e-02,1.20098385e-02,1.25700375e-02,1.30393612e-02,1.34008704e-02,1.36405392e-02,1.37479517e-02,1.37170951e-02,1.35478584e-02
-1.29858704e-02,-1.21333267e-02,-1.12792984e-02,-1.04278099e-02,-9.58408368e-03,-8.75451722e-03,-7.94651869e-03,-7.16821703e-03,-6.42807348e-03,-5.73443011e-03,-5.09503738e-03,-4.51660624e-03,-4.00442971e-03,-3.56211483e-03,-3.19145779e-03,-2.89248302e-03,-2.66365267e-03,-2.50223598e-03,-2.40481374e-03,-2.36783532e-03,-2.38825923e-03,-2.46424077e-03,-2.59547084e-03,-2.78359721e-03,-3.03235282e-03,-3.34745087e-03,-3.73622655e-03,-4.20703202e-03,-4.76841502e-03,-5.42813398e-03,-6.19208334e-03,-7.06321893e-03,-8.04058422e-03,-9.11853994e-03,-1.02862917e-02,-1.15277899e-02,-1.28220451e-02,-1.41438620e-02,-1.54649494e-02,-1.67553212e-02,-1.79848684e-02,-1.91249628e-02,-2.01499484e-02,-2.10383951e-02,-2.17740178e-02,-2.23462022e-02,-2.27501118e-02,-2.29863366e-02,-2.30617653e-02,-2.29860484e-02,-2.27714247e-02,-2.24334968e-02,-2.19888469e-02,-2.14542164e-02,-2.08456930e-02,-2.01780414e-02,-1.94642184e-02,-1.87150836e-02,-1.79393045e-02,-1.71434456e-02,-1.63322158e-02,-1.55088426e-02,-1.46755335e-02,-1.38339822e-02
7.43912227e-03,8.46359525e-03,9.31254865e-03,9.97495141e-03,1.04413512e-02,1.07041841e-02,1.07579405e-02,1.06012775e-02,1.02331614e-02,9.65653497e-03,8.87758081e-03,7.90541647e-03,6.75196271e-03,5.43163625e-03,3.96091184e-03,2.35778640e-03,6.41187229e-04,-1.16962192e-03,-3.05557675e-03,-4.99827940e-03,-6.98027541e-03,-8.98517165e-03,-1.09975746e-02,-1.30028669e-02,-1.49868622e-02,-1.69353944e-02,-1.88339095e-02,-2.06671283e-02,-2.24188406e-02,-2.40718759e-02,-2.56082735e-02,-2.70096480e-02,-2.82577219e-02,-2.93349763e-02,-3.02253515e-02,-3.09149222e-02,-3.13924259e-02,-3.16492621e-02,-3.16860609e-02,-3.14977263e-02,-3.10877168e-02,-3.04628307e-02,-2.96327799e-02,-2.86098913e-02,-2.74086429e-02,-2.60451667e-02,-2.45367640e-02,-2.29014640e-02,-2.11576463e-02,-1.93237362e-02,-1.74179786e-02,-1.54582877e-02,-1.34621636e-02,-1.14466672e-02,-9.42843903e-03,-7.42374845e-03,-5.44855872e-03,-3.51859498e-03,-1.64940218e-03,1.43617479e-04,1.84518848e-03,3.44020119e-03,4.91378656e-03,6.25142742e-03
7.74046621e-03,8.03213765e-03,8.29950042e-03,8.54813147e-03,8.78419030e-03,9.01399354e-03,9.24357124e-03,9.47823041e-03,9.72215167e-03,9.97804353e-03,1.02468752e-02,1.05277039e-02,1.08176070e-02,1.11117222e-02,1.14033921e-02,1.16844068e-02,1.19453285e-02,1.21758832e-02,1.23653984e-02,1.25032659e-02,1.25793999e-02,1.25845663e-02,1.25119406e-02,1.23549089e-02,1.21098033e-02,1.17751924e-02,1.13520865e-02,1.08440047e-02,1.02569417e-02,9.59924262e-03,8.88139516e-03,8.11574663e-03,7.31615729e-03,6.49760204e-03,5.67573521e-03,4.86643355e-03,4.08533418e-03,3.34738393e-03,2.66641681e-03,2.05477500e-03,1.52298695e-03,1.07951354e-03,7.30569807e-04,4.80025782e-04,3.29386368e-04,2.77846393e-04,3.22403560e-04,4.58048369e-04,6.77997491e-04,9.73937468e-04,1.33632616e-03,1.75469813e-03,2.21798055e-03,2.71481267e-03,3.23386342e-03,3.76414245e-03,4.29529996e-03,4.81790956e-03,5.32372745e-03,5.80591935e-03,6.25924553e-03,6.68019314e-03,7.06704503e-03,7.41987558e-03
-1.41338031e-02,-1.40940046e-02,-1.38501819e-02,-1.34138282e-02,-1.27985915e-02,-1.20199749e-02,-1.10947864e-02,-1.00405704e-02,-8.87506432e-03,-7.61570714e-03,-6.27921906e-03,-4.88126693e-03,-3.43622455e-03,-1.95703196e-03,-4.55152966e-04,1.05937407e-03,2.57780337e-03,4.09248933e-03,5.59663269e-03,7.08400107e-03,8.54863913e-03,9.98458791e-03,1.13856310e-02,1.27450822e-02,1.40556256e-02,1.53092157e-02,1.64970394e-02,1.76095396e-02,1.86364968e-02,1.95671617e-02,2.03904307e-02,2.10950576e-02,2.16698906e-02,2.21041265e-02,2.23875657e-02,2.25108002e-02,2.24659338e-02,2.22482726e-02,2.18508187e-02,2.12711195e-02,2.05087247e-02,1.95656060e-02,1.84463699e-02,1.71583962e-02,1.57119142e-02,1.41200126e-02,1.23985794e-02,1.05661681e-02,8.64378838e-03,6.65462401e-03,4.62368073e-03,2.57736920e-03,5.43029925e-04,-1.45158628e-03,-3.37887582e-03,-5.21200299e-03,-6.92548410e-03,-8.49577934e-03,-9.90185262e-03,-1.11256745e-02,-1.21526432e-02,-1.29718993e-02,-1.35765102e-02,-1.39634750e-02
8.78073984e-03,7.40732022e-03,5.68394920e-03,3.62945482e-03,1.26956500e-03,-1.36343183e-03,-4.23128710e-03,-7.29089034e-03,-1.04954495e-02,-1.37959212e-02,-1.71425380e-02,-2.04863279e-02,-2.37805261e-02,-2.69817909e-02,-3.00511637e-02,-3.29547396e-02,-3.56640443e-02,-3.81561367e-02,-4.04134756e-02,-4.24235952e-02,-4.41786417e-02,-4.56748153e-02,-4.69117586e-02,-4.78919217e-02,-4.86199130e-02,-4.91017561e-02,-4.93435706e-02,-4.93621779e-02,-4.91567727e-02,-4.87372015e-02,-4.81118416e-02,-4.72884167e-02,-4.62741647e-02,-4.50759393e-02,-4.37003613e-02,-4.21540243e-02,-4.04437455e-02,-3.85768430e-02,-3.65614218e-02,-3.44066499e-02,-3.21230079e-02,-2.97224998e-02,-2.72188131e-02,-2.46274256e-02,-2.19656546e-02,-1.92526508e-02,-1.65093415e-02,-1.37583277e-02,-1.10237414e-02,-8.33106915e-03,-5.70694617e-03,-3.17892389e-03,-7.75211617e-04,1.47560325e-03,3.54485416e-03,5.40420335e-03,7.02601430e-03,8.38380417e-03,9.45275374e-03,1.02102737e-02,1.06366019e-02,1.07151949e-02,1.04367215e-02,9.79230283e-03
-2.93835689e-02,-2.89445909e-02,-2.85798893e-02,-2.82883538e-02,-2.80704003e-02,-2.79282675e-02,-2.78659069e-02,-2.78877980e-02,-2.80031525e-02,-2.82208119e-02,-2.85508880e-02,-2.90040396e-02,-2.95907580e-02,-3.03205630e-02,-3.12011343e-02,-3.22374262e-02,-3.34308208e-02,-3.47783858e-02,-3.62723065e-02,-3.78995557e-02,-3.96418537e-02,-4.14759505e-02,-4.33742314e-02,-4.53056176e-02,-4.72367015e-02,-4.91330311e-02,-5.09604411e-02,-5.26863294e-02,-5.42807839e-02,-5.57174902e-02,-5.69743757e-02,-5.80339771e-02,-5.88835382e-02,-5.95148494e-02,-5.99237536e-02,-6.01098539e-02,-6.00867467e-02,-5.98503616e-02,-5.94126439e-02,-5.87860458e-02,-5.79846928e-02,-5.70242419e-02,-5.59216483e-02,-5.46949182e-02,-5.33628581e-02,-5.19448172e-02,-5.04604187e-02,-4.89292787e-02,-4.73707121e-02,-4.58034298e-02,-4.42452344e-02,-4.27127236e-02,-4.12210133e-02,-3.97834927e-02,-3.84116244e-02,-3.71148016e-02,-3.59002737e-02,-3.47731466e-02,-3.37364654e-02,-3.27913786e-02,-3.19373815e-02,-3.11726321e-02,-3.04943265e-02,-2.98991190e-02
-2.92107616e-02,-2.85833037e-02,-2.79757127e-02,-2.73876702e-02,-2.68178172e-02,-2.62638997e-02,-2.57229653e-02,-2.51916141e-02,-2.46662965e-02,-2.41436486e-02,-2.36208452e-02,-2.30959531e-02,-2.25682585e-02,-2.20385489e-02,-2.15093289e-02,-2.09849545e-02,-2.04716780e-02,-1.99775977e-02,-1.95125150e-02,-1.90877056e-02,-1.87156121e-02,-1.84094726e-02,-1.81829071e-02,-1.80495706e-02,-1.80211256e-02,-1.81099307e-02,-1.83259690e-02,-1.86766976e-02,-1.91667672e-02,-1.97974817e-02,-2.05663702e-02,-2.14668756e-02,-2.24881953e-02,-2.36153082e-02,-2.48292160e-02,-2.61074160e-02,-2.74245987e-02,-2.87535481e-02,-3.00661920e-02,-3.13347394e-02,-3.25328213e-02,-3.36365536e-02,-3.46254447e-02,-3.54830856e-02,-3.61975821e-02,-3.67617143e-02,-3.71728214e-02,-3.74323917e-02,-3.75457584e-02,-3.75245222e-02,-3.73760249e-02,-3.71137503e-02,-3.67516601e-02,-3.63040997e-02,-3.57853403e-02,-3.52091762e-02,-3.45886145e-02,-3.39356540e-02,-3.32611430e-02,-3.25746975e-02,-3.18846628e-02,-3.11981020e-02,-3.05207989e-02,-2.98572667e-02
-1.12428469e-02,-1.04611119e-02,-9.68593969e-03,-8.94017109e-03,-8.24578424e-03,-7.62329783e-03,-7.09120654e-03,-6.66545107e-03,-6.35893171e-03,-6.18110941e-03,-6.13707626e-03,-6.22845004e-03,-6.45228766e-03,-6.80110038e-03,-7.26312065e-03,-7.82257034e-03,-8.46013727e-03,-9.15364101e-03,-9.87886601e-03,-1.06105255e-02,-1.13233066e-02,-1.19929366e-02,-1.25972086e-02,-1.31169041e-02,-1.35365619e-02,-1.38450493e-02,-1.40358869e-02,-1.41078230e-02,-1.40643999e-02,-1.39126946e-02,-1.36647362e-02,-1.33360185e-02,-1.29449291e-02,-1.25120272e-02,-1.20592577e-02,-1.16091284e-02,-1.11838701e-02,-1.08045966e-02,-1.04904824e-02,-1.02579881e-02,-1.01201973e-02,-1.00854907e-02,-1.01585489e-02,-1.03389413e-02,-1.06210263e-02,-1.09942654e-02,-1.14435434e-02,-1.19497613e-02,-1.24906619e-02,-1.30418497e-02,-1.35779441e-02,-1.40737943e-02,-1.45056782e-02,-1.48524026e-02,-1.50962206e-02,-1.52233173e-02,-1.52267725e-02,-1.51009265e-02,-1.48472516e-02,-1.44716686e-02,-1.39844024e-02,-1.33994829e-02,-1.27341284e-02,-1.20080693e-02
3.72015020e-02,3.74312910e-02,3.75571350e-02,3.75529071e-02,3.74001261e-02,3.70723858e-02,3.65520973e-02,3.58254315e-02,3.48839961e-02,3.37260268e-02,3.23573407e-02,3.07920185e-02,2.90527154e-02,2.71705105e-02,2.51842290e-02,2.31392184e-02,2.10856174e-02,1.90762183e-02,1.71640737e-02,1.54000382e-02,1.38304402e-02,1.24950675e-02,1.14256035e-02,1.06446005e-02,1.01650203e-02,9.99037380e-03,1.01142860e-02,1.05224597e-02,1.11948885e-02,1.21043290e-02,1.32190794e-02,1.45041340e-02,1.59224001e-02,1.74358591e-02,1.90066499e-02,2.05980672e-02,2.21754751e-02,2.37071367e-02,2.51649559e-02,2.65251222e-02,2.77686436e-02,2.88817467e-02,2.98561212e-02,3.06889840e-02,3.13829451e-02,3.19456619e-02,3.23892848e-02,3.27297077e-02,3.29856532e-02,3.31776371e-02,3.33268629e-02,3.34541066e-02,3.35786645e-02,3.37174427e-02,3.38842087e-02,3.40889881e-02,3.43376338e-02,3.46315925e-02,3.49678611e-02,3.53391068e-02,3.57339249e-02,3.61372086e-02,3.65306119e-02,3.68930887e-02
7.51694738e-03,9.12533509e-03,1.07311920e-02,1.23312486e-02,1.39227732e-02,1.55031568e-02,1.70695220e-02,1.86183783e-02,2.01453394e-02,2.16449136e-02,2.31103737e-02,2.45337038e-02,2.59056179e-02,2.72156371e-02,2.84522115e-02,2.96028694e-02,3.06543780e-02,3.15929035e-02,3.24041603e-02,3.30735480e-02,3.35862783e-02,3.39274887e-02,3.40822607e-02,3.40363080e-02,3.37801595e-02,3.32971817e-02,3.25773711e-02,3.16127135e-02,3.03983792e-02,2.89337238e-02,2.72232571e-02,2.52775356e-02,2.31138795e-02,2.07568021e-02,1.82380458e-02,1.55961469e-02,1.28754939e-02,1.01249013e-02,7.39578258e-03,4.74005897e-03,2.20797817e-03,-1.53969673e-04,-2.30483718e-03,-4.21067433e-03,-5.84545982e-03,-7.19149206e-03,-8.23932032e-03,-8.98725773e-03,-9.44052671e-03,-9.61089395e-03,-9.51504982e-03,-9.17180709e-03,-8.60393026e-03,-7.83560249e-03,-6.89163638e-03,-5.79668924e-03,-4.57459056e-03,-3.24779333e-03,-1.83694866e-03,-3.60600062e-04,1.16500421e-03,2.72598975e-03,4.31083873e-03,5.91025501e-03
-2.03764012e-02,-2.04485342e-02,-2.04732837e-02,-2.04591954e-02,-2.04144663e-02,-2.03471421e-02,-2.02643320e-02,-2.01719216e-02,-2.00743099e-02,-1.99742158e-02,-1.98725677e-02,-1.97684833e-02,-1.96593421e-02,-1.95409514e-02,-1.94077977e-02,-1.92533762e-02,-1.90705831e-02,-1.88521517e-02,-1.85911102e-02,-1.82812377e-02,-1.79174929e-02,-1.74963943e-02,-1.70163311e-02,-1.64777913e-02,-1.58834950e-02,-1.52384295e-02,-1.45497865e-02,-1.38268066e-02,-1.30805418e-02,-1.23235479e-02,-1.15695224e-02,-1.08329039e-02,-1.01284503e-02,-9.47080935e-03,-8.87409927e-03,-8.35150921e-03,-7.91493267e-03,-7.57464281e-03,-7.33902292e-03,-7.21442963e-03,-7.20407875e-03,-7.31014630e-03,-7.53153713e-03,-7.86474394e-03,-8.30385110e-03,-8.84064082e-03,-9.46477230e-03,-1.01640250e-02,-1.09246026e-02,-1.17314933e-02,-1.25688792e-02,-1.34205830e-02,-1.42705386e-02,-1.51032657e-02,-1.59043300e-02,-1.66607672e-02,-1.73614494e-02,-1.79973785e-02,-1.85618901e-02,-1.90507613e-02,-1.94622169e-02,-1.97968372e-02,-2.00573737e-02,-2.02484844e-02
-3.21913186e-02,-3.30499408e-02,-3.39171963e-02,-3.47806011e-02,-3.56282401e-02,-3.64489419e-02,-3.72324527e-02,-3.79696093e-02,-3.86525130e-02,-3.92746954e-02,-3.98312680e-02,-4.03190400e-02,-4.07365895e-02,-4.10842729e-02,-4.13641602e-02,-4.15798873e-02,-4.17364242e-02,-4.18397593e-02,-4.18964957e-02,-4.19139474e-02,-4.18985361e-02,-4.18558970e-02,-4.17910275e-02,-4.17074113e-02,-4.16068311e-02,-4.14892452e-02,-4.13527862e-02,-4.11938946e-02,-4.10075802e-02,-4.07877978e-02,-4.05279131e-02,-4.02212249e-02,-3.98615072e-02,-3.94435345e-02,-3.89635543e-02,-3.84196784e-02,-3.78121720e-02,-3.71436280e-02,-3.64190225e-02,-3.56456571e-02,-3.48329964e-02,-3.39924170e-02,-3.31368840e-02,-3.22805722e-02,-3.14384505e-02,-3.06258455e-02,-2.98579979e-02,-2.91496274e-02,-2.85145173e-02,-2.79651311e-02,-2.75122744e-02,-2.71648170e-02,-2.69295173e-02,-2.68112318e-02,-2.68089044e-02,-2.69251049e-02,-2.71563800e-02,-2.74975983e-02,-2.79417029e-02,-2.84799182e-02,-2.91020263e-02,-2.97966670e-02,-3.05516406e-02,-3.13541995e-02
9.52571712e-04,9.54556652e-04,1.00780143e-03,1.11685398e-03,1.28509347e-03,1.51472305e-03,1.80678868e-03,2.16127861e-03,2.57727366e-03,3.05311899e-03,3.58658759e-03,4.17500840e-03,4.81533744e-03,5.50415774e-03,6.23760365e-03,7.01121447e-03,7.81973215e-03,8.65686590e-03,9.51505263e-03,1.03852458e-02,1.12567656e-02,1.21172421e-02,1.29526760e-02,1.37476368e-02,1.44856085e-02,1.51494792e-02,1.57221653e-02,1.61873428e-02,1.65302475e-02,1.67384874e-02,1.68027267e-02,1.67186476e-02,1.64851494e-02,1.61056208e-02,1.55889895e-02,1.49486994e-02,1.42022566e-02,1.33704416e-02,1.24762868e-02,1.15439035e-02,1.05972497e-02,9.65893895e-03,8.74918149e-03,7.88493472e-03,7.07931684e-03,6.34130958e-03,5.67574946e-03,5.08358277e-03,4.56234124e-03,4.10678434e-03,3.70964810e-03,3.36244166e-03,3.05623616e-03,2.78239820e-03,2.53322833e-03,2.30247439e-03,2.08569895e-03,1.88049004e-03,1.68651366e-03,1.50541635e-03,1.34059511e-03,1.19686003e-03,1.08002182e-03,9.96440220e-04
-2.97937715e-02,-3.08677181e-02,-3.19404119e-02,-3.29819146e-02,-3.39611158e-02,-3.48470653e-02,-3.56103816e-02,-3.62246238e-02,-3.66674841e-02,-3.69214983e-02,-3.69797005e-02,-3.68350204e-02,-3.64891617e-02,-3.59512605e-02,-3.52362715e-02,-3.43644897e-02,-3.33607479e-02,-3.22534655e-02,-3.10736119e-02,-2.98536238e-02,-2.86263076e-02,-2.74237513e-02,-2.62762675e-02,-2.52113905e-02,-2.42529533e-02,-2.34202754e-02,-2.27274982e-02,-2.21831078e-02,-2.17896897e-02,-2.15439728e-02,-2.14370641e-02,-2.14534661e-02,-2.15767753e-02,-2.17851625e-02,-2.20551469e-02,-2.23626106e-02,-2.26840553e-02,-2.29977869e-02,-2.32849325e-02,-2.35302277e-02,-2.37225380e-02,-2.38550976e-02,-2.39254221e-02,-2.39362723e-02,-2.38921765e-02,-2.38019044e-02,-2.36767969e-02,-2.35301032e-02,-2.33763928e-02,-2.32309884e-02,-2.31094647e-02,-2.30272576e-02,-2.29986330e-02,-2.30371065e-02,-2.31556010e-02,-2.33648062e-02,-2.36734515e-02,-2.40878864e-02,-2.46116601e-02,-2.52450842e-02,-2.59848047e-02,-2.68234285e-02,-2.77492553e-02,-2.87461729e-02
-4.38278520e-02,-4.50284668e-02,-4.60946850e-02,-4.70187536e-02,-4.77963073e-02,-4.84259268e-02,-4.89086122e-02,-4.92471994e-02,-4.94456912e-02,-4.95110675e-02,-4.94491497e-02,-4.92640648e-02,-4.89624362e-02,-4.85505887e-02,-4.80348342e-02,-4.74215901e-02,-4.67175037e-02,-4.59295793e-02,-4.50652902e-02,-4.41326561e-02,-4.31402697e-02,-4.20972657e-02,-4.10132281e-02,-3.98980412e-02,-3.87616940e-02,-3.76140552e-02,-3.64646360e-02,-3.53223636e-02,-3.41953863e-02,-3.30909306e-02,-3.20152267e-02,-3.09735136e-02,-2.99701307e-02,-2.90086924e-02,-2.80923362e-02,-2.72240297e-02,-2.64069102e-02,-2.56446322e-02,-2.49416894e-02,-2.43036830e-02,-2.37375051e-02,-2.32514140e-02,-2.28549855e-02,-2.25589400e-02,-2.23749173e-02,-2.23137694e-02,-2.23868171e-02,-2.26054325e-02,-2.29782305e-02,-2.35114961e-02,-2.42083816e-02,-2.50682822e-02,-2.60863711e-02,-2.72533324e-02,-2.85553307e-02,-2.99742371e-02,-3.14881163e-02,-3.30719514e-02,-3.46985624e-02,-3.63396554e-02,-3.79669253e-02,-3.95531281e-02,-4.10730478e-02,-4.25042889e-02
2.86862137e-02,2.90716257e-02,2.95203728e-02,3.00189584e-02,3.05520537e-02,3.11029844e-02,3.16542779e-02,3.21882592e-02,3.26876786e-02,3.31363568e-02,3.35198269e-02,3.38259519e-02,3.40454874e-02,3.41725466e-02,3.42047972e-02,3.41458087e-02,3.40003604e-02,3.37778071e-02,3.34915240e-02,3.31576616e-02,3.27944410e-02,3.24212440e-02,3.20576012e-02,3.17221557e-02,3.14316759e-02,3.12001898e-02,3.10383037e-02,3.09527660e-02,3.09465342e-02,3.10157591e-02,3.11570968e-02,3.13613466e-02,3.16166312e-02,3.19089789e-02,3.22230316e-02,3.25428002e-02,3.28523985e-02,3.31367141e-02,3.33819886e-02,3.35762884e-02,3.37098511e-02,3.37752806e-02,3.37675300e-02,3.36864247e-02,3.35303553e-02,3.33024027e-02,3.30076671e-02,3.26532642e-02,3.22481372e-02,3.18028251e-02,3.13292080e-02,3.08402280e-02,3.03495835e-02,2.98713909e-02,2.94198109e-02,2.90086442e-02,2.86509016e-02,2.83583658e-02,2.81411639e-02,2.80073817e-02,2.79628193e-02,2.80096054e-02,2.81478598e-02,2.83753917e-02
2.76775347e-02,2.89901334e-02,3.00948365e-02,3.09849783e-02,3.16550436e-02,3.21005090e-02,3.23176266e-02,3.23026628e-02,3.20603482e-02,3.15837422e-02,3.08744430e-02,2.99346043e-02,2.87678776e-02,2.73797788e-02,2.57779503e-02,2.39723655e-02,2.19754636e-02,1.98022055e-02,1.74700454e-02,1.49988207e-02,1.24105740e-02,9.72932161e-03,6.98078870e-03,4.19212646e-03,1.39162306e-03,-1.39158785e-03,-4.12779117e-03,-6.78706714e-03,-9.33959807e-03,-1.17560440e-02,-1.40079613e-02,-1.60682617e-02,-1.79117018e-02,-1.95153824e-02,-2.08592318e-02,-2.19264388e-02,-2.27037859e-02,-2.31817364e-02,-2.33566979e-02,-2.32289696e-02,-2.27989455e-02,-2.20743457e-02,-2.10662082e-02,-1.97889084e-02,-1.82598442e-02,-1.64990514e-02,-1.45287944e-02,-1.23731529e-02,-1.00576170e-02,-7.60869735e-03,-5.05355507e-03,-2.41965298e-03,2.65571032e-04,2.97499228e-03,5.68210658e-03,8.36129664e-03,1.09880582e-02,1.35392115e-02,1.59930826e-02,1.83296499e-02,2.05306513e-02,2.25796466e-02,2.44620341e-02,2.61650184e-02
6.17492589e-03,6.32738302e-03,6.62885994e-03,7.07655452e-03,7.66617604e-03,8.39183269e-03,9.24607697e-03,1.02200032e-02,1.13033841e-02,1.24848374e-02,1.37520145e-02,1.50918013e-02,1.64905215e-02,1.79341359e-02,1.94084287e-02,2.08991775e-02,2.23923004e-02,2.38739813e-02,2.53307718e-02,2.67496704e-02,2.81181843e-02,2.94243751e-02,3.06568954e-02,3.18050205e-02,3.28586795e-02,3.38084916e-02,3.46458094e-02,3.53627715e-02,3.59523648e-02,3.64084940e-02,3.67260509e-02,3.69009497e-02,3.69297499e-02,3.68147743e-02,3.65526796e-02,3.61447585e-02,3.55939979e-02,3.49047599e-02,3.40829030e-02,3.31358004e-02,3.20723157e-02,3.09027429e-02,2.96387123e-02,2.82930591e-02,2.68796574e-02,2.54132196e-02,2.39090690e-02,2.23828936e-02,2.08504936e-02,1.93275353e-02,1.78293250e-02,1.63706160e-02,1.49654543e-02,1.36270697e-02,1.23678077e-02,1.11990968e-02,1.01314399e-02,9.17441584e-03,8.33667850e-03,7.62594167e-03,7.04894145e-03,6.61137386e-03,6.31781071e-03,6.17160936e-03
-4.24847680e-02,-4.42468707e-02,-4.56547674e-02,-4.66947762e-02,-4.73621979e-02,-4.76608786e-02,-4.76143137e-02,-4.72277890e-02,-4.65277012e-02,-4.55424978e-02,-4.43033751e-02,-4.28434488e-02,-4.11968743e-02,-3.93980363e-02,-3.74808212e-02,-3.54779713e-02,-3.34205131e-02,-3.13372568e-02,-2.92543633e-02,-2.71949846e-02,-2.51789811e-02,-2.32227267e-02,-2.13390119e-02,-1.95370536e-02,-1.78226220e-02,-1.61982854e-02,-1.46637724e-02,-1.32164415e-02,-1.18518417e-02,-1.05643425e-02,-9.34780481e-03,-8.19626253e-03,-7.10458380e-03,-6.06908303e-03,-5.08805816e-03,-4.16223328e-03,-3.29509204e-03,-2.49309280e-03,-1.76576078e-03,-1.12565502e-03,-5.88209293e-04,-1.71445448e-04,1.04443744e-04,2.17636854e-04,1.45406308e-04,-1.35065914e-04,-6.45748978e-04,-1.40658613e-03,-2.43429454e-03,-3.74105442e-03,-5.33318630e-03,-7.20989342e-03,-9.36217128e-03,-1.17720002e-02,-1.44119378e-02,-1.72452153e-02,-2.02264040e-02,-2.33026738e-02,-2.64155978e-02,-2.95033955e-02,-3.25034512e-02,-3.53549073e-02,-3.80011253e-02,-4.03918264e-02
-2.62013878e-02,-2.54001362e-02,-2.45550247e-02,-2.36694690e-02,-2.27478366e-02,-2.17956060e-02,-2.08194868e-02,-1.98274913e-02,-1.88289486e-02,-1.78344538e-02,-1.68557475e-02,-1.59055245e-02,-1.49971718e-02,-1.41444416e-02,-1.33610718e-02,-1.26603657e-02,-1.20547529e-02,-1.15553549e-02,-1.11715814e-02,-1.09108000e-02,-1.07782496e-02,-1.07750473e-02,-1.09024688e-02,-1.11576578e-02,-1.15356565e-02,-1.20294964e-02,-1.26305296e-02,-1.33288183e-02,-1.41135308e-02,-1.49733090e-02,-1.58965767e-02,-1.68717690e-02,-1.78874751e-02,-1.89324995e-02,-1.99958587e-02,-2.10667374e-02,-2.21344340e-02,-2.31883251e-02,-2.42178718e-02,-2.52126846e-02,-2.61626513e-02,-2.70581213e-02,-2.78901301e-02,-2.86506413e-02,-2.93327767e-02,-2.99310097e-02,-3.04412990e-02,-3.08611457e-02,-3.11895651e-02,-3.14269711e-02,-3.15749495e-02,-3.16363436e-02,-3.16157684e-02,-3.15156040e-02,-3.13402957e-02,-3.10940309e-02,-3.07807440e-02,-3.04039998e-02,-2.99669168e-02,-2.94721454e-02,-2.89219028e-02,-2.83180589e-02,-2.76622667e-02,-2.69561285e-02
-3.74755095e-03,-3.68047650e-03,-3.52203872e-03,-3.27513654e-03,-2.94313059e-03,-2.52978863e-03,-2.03921948e-03,-1.47580446e-03,-8.44132205e-04,-1.48942874e-04,6.04911167e-04,1.41248410e-03,2.26873418e-03,3.16848990e-03,4.10639356e-03,5.07682406e-03,6.07380599e-03,7.09091371e-03,8.12118065e-03,9.15702431e-03,1.01901968e-02,1.12117693e-02,1.22121572e-02,1.31811876e-02,1.41082131e-02,1.49822655e-02,1.57922480e-02,1.65271572e-02,1.71763268e-02,1.77296836e-02,1.81780045e-02,1.85131656e-02,1.87283652e-02,1.88182731e-02,1.87795980e-02,1.86116836e-02,1.83136062e-02,1.78879435e-02,1.73391366e-02,1.66735661e-02,1.58994719e-02,1.50268061e-02,1.40670360e-02,1.30329032e-02,1.19381489e-02,1.07972133e-02,9.62492073e-03,8.43616370e-03,7.24559731e-03,6.06735764e-03,4.91481480e-03,3.80036961e-03,2.73529971e-03,1.72965724e-03,7.92216666e-04,-6.95322193e-05,-8.49351020e-04,-1.54219794e-03,-2.14415147e-03,-2.65232343e-03,-3.06477320e-03,-3.38042710e-03,-3.59900399e-03,-3.72093099e-03
4.60415051e-03,4.09240991e-03,3.47636220e-03,2.75479209e-03,1.92779818e-03,9.97237659e-04,-3.28563388e-05,-1.15591988e-03,-2.36261318e-03,-3.64071489e-03,-4.97517188e-03,-6.34832890e-03,-7.74033508e-03,-9.12971172e-03,-1.04940508e-02,-1.18108001e-02,-1.30580824e-02,-1.42154897e-02,-1.52647996e-02,-1.61905622e-02,-1.69805252e-02,-1.76258724e-02,-1.81212724e-02,-1.84647335e-02,-1.86572054e-02,-1.87038822e-02,-1.86098746e-02,-1.83827660e-02,-1.80317855e-02,-1.75668509e-02,-1.69982415e-02,-1.63362880e-02,-1.55911389e-02,-1.47726110e-02,-1.38901184e-02,-1.29526689e-02,-1.19689110e-02,-1.09472152e-02,-9.89577017e-03,-8.82267778e-03,-7.73603324e-03,-6.64397835e-03,-5.55472155e-03,-4.47652124e-03,-3.41763302e-03,-2.38622506e-03,-1.39026842e-03,-4.37411994e-04,4.65146977e-04,1.31078187e-03,2.09354568e-03,2.80823953e-03,3.45044500e-03,4.01651075e-03,4.50349119e-03,4.90903963e-03,5.23126305e-03,5.46855032e-03,5.61938902e-03,5.68218166e-03,5.65518599e-03,5.53653684e-03,5.32356500e-03,5.01367719e-03
-4.86250671e-03,-4.26298373e-03,-3.64646610e-03,-3.00720383e-03,-2.34072334e-03,-1.64414343e-03,-9.16425075e-04,-1.58554281e-04,6.26339579e-04,1.43292594e-03,2.25367519e-03,3.07890952e-03,3.89690380e-03,4.69403490e-03,5.45498102e-03,6.16297497e-03,6.80011750e-03,7.34775758e-03,7.78694617e-03,8.09896664e-03,8.26593056e-03,8.27126455e-03,8.10229917e-03,7.74686537e-03,7.19816684e-03,6.45387677e-03,5.51694503e-03,4.39610678e-03,3.10614100e-03,1.66783330e-03,1.07603072e-04,-1.54321085e-03,-3.24941649e-03,-4.97333549e-03,-6.67633653e-03,-8.32047465e-03,-9.87010141e-03,-1.12933271e-02,-1.25632326e-02,-1.36587571e-02,-1.45652206e-02,-1.52744771e-02,-1.57847168e-02,-1.60999361e-02,-1.62295663e-02,-1.61882875e-02,-1.59914504e-02,-1.56587014e-02,-1.52108696e-02,-1.46692745e-02,-1.40549312e-02,-1.33878364e-02,-1.26863612e-02,-1.19667612e-02,-1.12428062e-02,-1.05255327e-02,-9.82311535e-03,-9.14085760e-03,-8.48129266e-03,-7.84438910e-03,-7.22784833e-03,-6.62747967e-03,-6.03763517e-03,-5.45168421e-03
-1.93012505e-02,-2.04259979e-02,-2.13815475e-02,-2.21630475e-02,-2.27696601e-02,-2.32040629e-02,-2.34718483e-02,-2.35814246e-02,-2.35443017e-02,-2.33700766e-02,-2.30717194e-02,-2.26625079e-02,-2.21559394e-02,-2.15654547e-02,-2.09041690e-02,-2.01846230e-02,-1.94185529e-02,-1.86166808e-02,-1.77885241e-02,-1.69422333e-02,-1.60844621e-02,-1.52202812e-02,-1.43531471e-02,-1.34849334e-02,-1.26160351e-02,-1.17455501e-02,-1.08715372e-02,-9.99134674e-03,-9.10201303e-03,-8.20069147e-03,-7.28512012e-03,-6.35408138e-03,-5.40783804e-03,-4.44851857e-03,-3.48042875e-03,-2.51027025e-03,-1.54725200e-03,-6.03084757e-04,3.08145170e-04,1.17021636e-03,1.96514564e-03,2.67365789e-03,3.27575649e-03,3.75138053e-03,4.08113062e-03,4.24703478e-03,4.23328945e-03,4.02801869e-03,3.62168522e-03,3.01013780e-03,2.19419790e-03,1.18013161e-03,-2.01769385e-05,-1.38930632e-03,-2.90467765e-03,-4.53921911e-03,-6.26226026e-03,-8.04064222e-03,-9.83996268e-03,-1.16258713e-02,-1.33653261e-02,-1.50277259e-02,-1.65858511e-02,-1.80165644e-02
9.18728639e-03,9.08182903e-03,8.97456126e-03,8.86960056e-03,8.76982569e-03,8.67708130e-03,8.59242884e-03,8.51640135e-03,8.44922223e-03,8.39095574e-03,8.34156807e-03,8.30089138e-03,8.26849740e-03,8.24350070e-03,8.22432295e-03,8.20845757e-03,8.19227804e-03,8.17092832e-03,8.13832207e-03,8.08727993e-03,8.00982094e-03,7.89759885e-03,7.74246217e-03,7.53710390e-03,7.27575422e-03,6.95486016e-03,6.57369085e-03,6.13480799e-03,5.64434676e-03,5.11206526e-03,4.55113796e-03,3.97769058e-03,3.41009771e-03,2.86808701e-03,2.37171330e-03,1.94027809e-03,1.59127501e-03,1.33943764e-03,1.19595535e-03,1.16791207e-03,1.25784729e-03,1.46392138e-03,1.77986532e-03,2.19540853e-03,2.69684652e-03,3.26773173e-03,3.88966431e-03,4.54313913e-03,5.20840804e-03,5.86631935e-03,6.49909854e-03,7.09103690e-03,7.62905779e-03,8.10313458e-03,8.50653971e-03,8.83591296e-03,9.09114645e-03,9.27509571e-03,9.39313779e-03,9.45260717e-03,9.46213627e-03,9.43140054e-03,9.36951583e-03,9.28545904e-03
-2.05616115e-02,-1.89406007e-02,-1.73830334e-02,-1.58953476e-02,-1.44813106e-02,-1.31422079e-02,-1.18771609e-02,-1.06835684e-02,-9.55766089e-03,-8.49514487e-03,-7.49190832e-03,-6.54474792e-03,-5.65207562e-03,-4.81455867e-03,-4.03564832e-03,-3.32195610e-03,-2.68344315e-03,-2.13339647e-03,-1.68817601e-03,-1.36672872e-03,-1.18989896e-03,-1.17925418e-03,-1.35651032e-03,-1.74177096e-03,-2.35240870e-03,-3.20172009e-03,-4.29767409e-03,-5.64183857e-03,-7.22857648e-03,-9.04459618e-03,-1.10689204e-02,-1.32733057e-02,-1.56231043e-02,-1.80785143e-02,-2.05961262e-02,-2.31306380e-02,-2.56366029e-02,-2.80700713e-02,-3.03900164e-02,-3.25594639e-02,-3.45462878e-02,-3.63236776e-02,-3.78703091e-02,-3.91702751e-02,-4.02128382e-02,-4.09920493e-02,-4.15061713e-02,-4.17562092e-02,-4.17582715e-02,-4.15113155e-02,-4.10299552e-02,-4.03294562e-02,-3.94270854e-02,-3.83419356e-02,-3.70946162e-02,-3.57069028e-02,-3.42013605e-02,-3.26009474e-02,-3.09286026e-02,-2.92068259e-02,-2.74572578e-02,-2.57002699e-02,-2.39545783e-02,-2.22368915e-02
3.69822740e-02,3.85022310e-02,3.99087427e-02,4.11869250e-02,4.23211342e-02,4.32952537e-02,4.40930848e-02,4.46988208e-02,4.50975586e-02,4.52756608e-02,4.52221828e-02,4.49344974e-02,4.44014787e-02,4.36228173e-02,4.26015756e-02,4.13448122e-02,3.98636671e-02,3.81731986e-02,3.62920563e-02,3.42420331e-02,3.20475369e-02,2.97350224e-02,2.73324246e-02,2.48686245e-02,2.23729697e-02,1.98748589e-02,1.74033877e-02,1.49870422e-02,1.26534233e-02,1.04289800e-02,8.33873609e-03,6.40599919e-03,4.65205056e-03,3.09582259e-03,1.75357921e-03,6.38619002e-04,-2.38976719e-04,-8.72504186e-04,-1.25876755e-03,-1.39817587e-03,-1.29451770e-03,-9.54605421e-04,-3.88352977e-04,3.91752141e-04,1.37102716e-03,2.53307052e-03,3.86020790e-03,5.33395100e-03,6.93543779e-03,8.64583780e-03,1.04467090e-02,1.23202955e-02,1.42497580e-02,1.62193297e-02,1.82143957e-02,2.02214943e-02,2.22282428e-02,2.42231944e-02,2.61956339e-02,2.81353271e-02,3.00322386e-02,3.18762379e-02,3.36568135e-02,3.53628195e-02
1.20167124e-02,1.28930898e-02,1.36209513e-02,1.42010182e-02,1.46369010e-02,1.49346968e-02,1.51025306e-02,1.51500080e-02,1.50886525e-02,1.49294156e-02,1.46835878e-02,1.43626537e-02,1.39774957e-02,1.35381733e-02,1.30537106e-02,1.25319241e-02,1.19792860e-02,1.14008195e-02,1.08000250e-02,1.01788365e-02,9.53761574e-03,8.87519248e-03,8.18896360e-03,7.47506350e-03,6.72861795e-03,5.94408951e-03,5.11571731e-03,4.23804634e-03,3.30653185e-03,2.31819443e-03,1.27229059e-03,1.70953849e-04,-9.80244339e-04,-2.17187135e-03,-3.39041143e-03,-4.61827561e-03,-5.83408614e-03,-7.01324424e-03,-8.12876686e-03,-9.15235096e-03,-1.00555989e-02,-1.08113196e-02,-1.13948055e-02,-1.17849600e-02,-1.19653471e-02,-1.19269090e-02,-1.16625585e-02,-1.11735765e-02,-1.04668727e-02,-9.55484632e-03,-8.45484080e-03,-7.18842900e-03,-5.78059615e-03,-4.25886943e-03,-2.65243452e-03,-9.91270848e-04,6.94670161e-04,2.37620925e-03,4.02566107e-03,5.61742316e-03,7.12848738e-03,8.53885517e-03,9.83184908e-03,1.09943151e-02
3.55683841e-02,3.56894348e-02,3.58486004e-02,3.60354697e-02,3.62380731e-02,3.64432274e-02,3.66369794e-02,3.68051359e-02,3.69338607e-02,3.70103047e-02,3.70230431e-02,3.69651437e-02,3.68295974e-02,3.66142436e-02,3.63209767e-02,3.59557771e-02,3.55287319e-02,3.50537747e-02,3.45481642e-02,3.40317263e-02,3.35258985e-02,3.30526411e-02,3.26332890e-02,3.22874283e-02,3.20318831e-02,3.18798975e-02,3.18407342e-02,3.19168674e-02,3.21090464e-02,3.24128102e-02,3.28188332e-02,3.33142275e-02,3.38831299e-02,3.45074352e-02,3.51675827e-02,3.58433483e-02,3.65146082e-02,3.71620473e-02,3.77677949e-02,3.83159718e-02,3.87931382e-02,3.91886342e-02,3.94948058e-02,3.97071123e-02,3.98241014e-02,3.98470696e-02,3.97829193e-02,3.96367401e-02,3.94176701e-02,3.91369290e-02,3.88069560e-02,3.84410197e-02,3.80527784e-02,3.76558479e-02,3.72633984e-02,3.68877918e-02,3.65402642e-02,3.62306538e-02,3.59671721e-02,3.57562135e-02,3.56022030e-02,3.55074834e-02,3.54722884e-02,3.54941040e-02
1.37545117e-02,1.43552515e-02,1.48006452e-02,1.50851135e-02,1.52059127e-02,1.51635475e-02,1.49625575e-02,1.46080516e-02,1.41097690e-02,1.34800669e-02,1.27337893e-02,1.18879010e-02,1.09610037e-02,9.97276128e-03,8.94326294e-03,7.89235406e-03,6.83897071e-03,5.80051411e-03,4.79229898e-03,3.82710474e-03,2.91485130e-03,2.06241302e-03,1.27357634e-03,5.49139257e-04,-1.12854993e-04,-7.16762831e-04,-1.26887955e-03,-1.77688982e-03,-2.24925326e-03,-2.69454851e-03,-3.12080309e-03,-3.53483968e-03,-3.94167255e-03,-4.34398957e-03,-4.74175557e-03,-5.13196971e-03,-5.50860312e-03,-5.86273325e-03,-6.18287753e-03,-6.45551353e-03,-6.66575375e-03,-6.79810545e-03,-6.83771405e-03,-6.77055625e-03,-6.58447089e-03,-6.27015991e-03,-5.82153093e-03,-5.23609434e-03,-4.51515852e-03,-3.66384075e-03,-2.69091203e-03,-1.60850122e-03,-4.31689345e-04,8.21971847e-04,2.13298164e-03,3.48045590e-03,4.84265826e-03,6.19751775e-03,7.52311081e-03,8.79810092e-03,1.00021332e-02,1.11161851e-02,1.21228777e-02,1.30067512e-02
3.16152907e-02,3.18637282e-02,3.21388127e-02,3.24520815e-02,3.28142760e-02,3.32346519e-02,3.37203760e-02,3.42760421e-02,3.49033278e-02,3.56008021e-02,3.63638826e-02,3.71849328e-02,3.80534815e-02,3.89565432e-02,3.98790145e-02,4.08041237e-02,4.17139109e-02,4.25897199e-02,4.34126875e-02,4.41642190e-02,4.48264427e-02,4.53826390e-02,4.58176401e-02,4.61181895e-02,4.62731948e-02,4.62728551e-02,4.61192176e-02,4.58034475e-02,4.53280931e-02,4.46984694e-02,4.39234649e-02,4.30156525e-02,4.19911728e-02,4.08694537e-02,3.96727685e-02,3.84256372e-02,3.71540828e-02,3.58847752e-02,3.46441016e-02,3.34572166e-02,3.23471293e-02,3.13338822e-02,3.04338726e-02,2.96593547e-02,2.90181436e-02,2.85135328e-02,2.81444164e-02,2.79056059e-02,2.77883510e-02,2.77813477e-02,2.78678216e-02,2.80346401e-02,2.82647248e-02,2.85412886e-02,2.88482982e-02,2.91710873e-02,2.94969515e-02,2.98156514e-02,3.01197995e-02,3.04051104e-02,3.06705003e-02,3.09180254e-02,3.11526576e-02,3.13819046e-02
-7.78206888e-03,-4.95193470e-03,-2.15415289e-03,5.81323426e-04,3.22299949e-03,5.73809703e-03,8.09287047e-03,1.02530373e-02,1.21843560e-02,1.38533537e-02,1.52282052e-02,1.62797514e-02,1.69826190e-02,1.73163145e-02,1.72662669e-02,1.68309246e-02,1.60067758e-02,1.48052961e-02,1.32464019e-02,1.13587070e-02,9.17872987e-03,6.74950415e-03,4.11872376e-03,1.33657811e-03,-1.54652849e-03,-4.48211816e-03,-7.42564866e-03,-1.03378958e-02,-1.31858472e-02,-1.59430197e-02,-1.85892405e-02,-2.11099861e-02,-2.34954065e-02,-2.57391778e-02,-2.78373173e-02,-2.97870791e-02,-3.15860181e-02,-3.32312773e-02,-3.47191234e-02,-3.60447282e-02,-3.72021682e-02,-3.81846034e-02,-3.89845824e-02,-3.95944071e-02,-4.00064134e-02,-4.02124632e-02,-4.02146215e-02,-4.00004097e-02,-3.95686749e-02,-3.89185399e-02,-3.80508073e-02,-3.69681306e-02,-3.56750402e-02,-3.41779167e-02,-3.24849405e-02,-3.06060335e-02,-2.85528039e-02,-2.63385037e-02,-2.39780013e-02,-2.14877730e-02,-1.88859116e-02,-1.61921497e-02,-1.34278922e-02,-1.06162503e-02
9.69531338e-03,9.95650216e-03,1.01707035e-02,1.03407896e-02,1.04710616e-02,1.05668202e-02,1.06338254e-02,1.06776936e-02,1.07032827e-02,1.07141255e-02,1.07119717e-02,1.06965761e-02,1.06653204e-02,1.06135794e-02,1.05348922e-02,1.04214569e-02,1.02647707e-02,1.00563749e-02,9.78864668e-03,9.45557418e-03,9.05344906e-03,8.58141692e-03,8.04183533e-03,7.44040440e-03,6.78605407e-03,6.09059392e-03,5.36815305e-03,4.63445689e-03,3.90600300e-03,3.19920546e-03,2.52957792e-03,1.91101820e-03,1.35524342e-03,8.71407385e-04,4.65912326e-04,1.42409351e-04,-9.80336997e-05,-2.56626925e-04,-3.36460131e-04,-3.42077470e-04,-2.78927311e-04,-1.52987338e-04,2.96682760e-05,2.63198523e-04,5.42240507e-04,8.62057632e-04,1.21858928e-03,1.60840827e-03,2.02859664e-03,2.47655663e-03,2.94977825e-03,3.44558833e-03,3.96090780e-03,4.49204376e-03,5.03454075e-03,5.58311157e-03,6.13166156e-03,6.67341251e-03,7.20112352e-03,7.70739667e-03,8.18504596e-03,8.62750037e-03,9.02920518e-03,9.38598271e-03
3.30016498e-02,3.26928380e-02,3.21508897e-02,3.13581886e-02,3.02968296e-02,2.89501403e-02,2.73042917e-02,2.53500355e-02,2.30844824e-02,2.05127862e-02,1.76495667e-02,1.45198979e-02,1.11596957e-02,7.61538142e-03,3.94276119e-03,2.05149162e-04,-3.52909927e-03,-7.18956532e-03,-1.07069511e-02,-1.40160113e-02,-1.70581599e-02,-1.97834987e-02,-2.21521511e-02,-2.41348771e-02,-2.57130199e-02,-2.68778788e-02,-2.76295377e-02,-2.79753245e-02,-2.79381632e-02,-2.75287551e-02,-2.67725125e-02,-2.56961514e-02,-2.43280264e-02,-2.26974974e-02,-2.08343537e-02,-1.87683590e-02,-1.65289109e-02,-1.41447922e-02,-1.16439930e-02,-9.05358180e-03,-6.39960792e-03,-3.70701976e-03,-9.99587723e-04,1.70017349e-03,4.37108155e-03,6.99342054e-03,9.54902561e-03,1.20213898e-02,1.43957639e-02,1.66592374e-02,1.88007883e-02,2.08112856e-02,2.26834310e-02,2.44116269e-02,2.59917604e-02,2.74209000e-02,2.86969056e-02,2.98179636e-02,3.07820657e-02,3.15864579e-02,3.22270952e-02,3.26981385e-02,3.29915181e-02,3.30964281e-02
2.50314447e-02,2.63571861e-02,2.76659316e-02,2.89437916e-02,3.01801880e-02,3.13678925e-02,3.25029102e-02,3.35842116e-02,3.46133208e-02,3.55937795e-02,3.65305144e-02,3.74291433e-02,3.82952616e-02,3.91337529e-02,3.99481666e-02,4.07402013e-02,4.15093244e-02,4.22525478e-02,4.29643702e-02,4.36368819e-02,4.42600206e-02,4.48219549e-02,4.53095669e-02,4.57089981e-02,4.60062186e-02,4.61875554e-02,4.62398852e-02,4.61547826e-02,4.59219700e-02,4.55332523e-02,4.49843267e-02,4.42733044e-02,4.34009253e-02,4.23706323e-02,4.11885947e-02,3.98637196e-02,3.84076672e-02,3.68348754e-02,3.51625815e-02,3.34108181e-02,3.16023488e-02,2.97625041e-02,2.79188780e-02,2.61008574e-02,2.43389713e-02,2.26640710e-02,2.11063736e-02,1.96944260e-02,1.84540592e-02,1.74074119e-02,1.65720959e-02,1.59605676e-02,1.55797558e-02,1.54310288e-02,1.55095260e-02,1.58048507e-02,1.63043940e-02,1.69897681e-02,1.78396859e-02,1.88306551e-02,1.99378331e-02,2.11358876e-02,2.23998194e-02,2.37057200e-02
-2.12780514e-02,-2.37357423e-02,-2.61951358e-02,-2.86226946e-02,-3.09853342e-02,-3.32513147e-02,-3.53911036e-02,-3.73781551e-02,-3.91895515e-02,-4.08064639e-02,-4.22144089e-02,-4.34032908e-02,-4.43672412e-02,-4.51042734e-02,-4.56157467e-02,-4.59055292e-02,-4.59842806e-02,-4.58582953e-02,-4.55358210e-02,-4.50279430e-02,-4.43457708e-02,-4.35004660e-02,-4.25031176e-02,-4.13646658e-02,-4.00958897e-02,-3.87074475e-02,-3.72099546e-02,-3.56140839e-02,-3.39306718e-02,-3.21708201e-02,-3.03459841e-02,-2.84680424e-02,-2.65493458e-02,-2.46027446e-02,-2.26415976e-02,-2.06797638e-02,-1.87315783e-02,-1.68118167e-02,-1.49356455e-02,-1.31185606e-02,-1.13763114e-02,-9.72480734e-03,-8.18000647e-03,-6.75778154e-03,-5.47376257e-03,-4.34315511e-03,-3.38053472e-03,-2.59962030e-03,-2.01303068e-03,-1.63203515e-03,-1.46625339e-03,-1.52326751e-03,-1.80884790e-03,-2.32614485e-03,-3.07571092e-03,-4.05527138e-03,-5.25953809e-03,-6.68005705e-03,-8.30509451e-03,-1.01195708e-02,-1.21050553e-02,-1.42398383e-02,-1.64991000e-02,-1.88551925e-02
4.33873990e-02,4.13242064e-02,3.91580673e-02,3.69345918e-02,3.47018045e-02,3.25080642e-02,3.03999130e-02,2.84200277e-02,2.66054348e-02,2.49861206e-02,2.35841208e-02,2.24131228e-02,2.14785683e-02,2.07781973e-02,2.03029525e-02,2.00381507e-02,1.99649240e-02,2.00596472e-02,2.02997180e-02,2.06616963e-02,2.11221968e-02,2.16597798e-02,2.22556197e-02,2.28940423e-02,2.35628557e-02,2.42534656e-02,2.49607862e-02,2.56829636e-02,2.64209432e-02,2.71779153e-02,2.79586841e-02,2.87690011e-02,2.96149083e-02,3.05021284e-02,3.14355325e-02,3.24187073e-02,3.34536314e-02,3.45404604e-02,3.56774138e-02,3.68607450e-02,3.80847766e-02,3.93419790e-02,4.06230720e-02,4.19171332e-02,4.32117017e-02,4.44928697e-02,4.57453656e-02,4.69526319e-02,4.80969111e-02,4.91593563e-02,5.01201840e-02,5.09588909e-02,5.16545527e-02,5.21862163e-02,5.25333662e-02,5.26762322e-02,5.25990161e-02,5.22912687e-02,5.17372375e-02,5.09319833e-02,4.98758503e-02,4.85756392e-02,4.70453112e-02,4.53062987e-02
-3.00042532e-02,-3.07650403e-02,-3.13877127e-02,-3.18773652e-02,-3.22438533e-02,-3.25007181e-02,-3.26640178e-02,-3.27511442e-02,-3.27800382e-02,-3.27673663e-02,-3.27278331e-02,-3.26743630e-02,-3.26169115e-02,-3.25622652e-02,-3.25139624e-02,-3.24723886e-02,-3.24350351e-02,-3.23968843e-02,-3.23508724e-02,-3.22884104e-02,-3.21999550e-02,-3.20755837e-02,-3.19055354e-02,-3.16806931e-02,-3.13929933e-02,-3.10357537e-02,-3.06039180e-02,-3.00942209e-02,-2.95052831e-02,-2.88376466e-02,-2.80937660e-02,-2.72779664e-02,-2.63963834e-02,-2.54568918e-02,-2.44690321e-02,-2.34439380e-02,-2.23942645e-02,-2.13341116e-02,-2.02789386e-02,-1.92454548e-02,-1.82514747e-02,-1.73157204e-02,-1.64575542e-02,-1.56966255e-02,-1.50524183e-02,-1.45436970e-02,-1.41878727e-02,-1.40005539e-02,-1.39916061e-02,-1.41715962e-02,-1.45437658e-02,-1.51063077e-02,-1.58515824e-02,-1.67658432e-02,-1.78293400e-02,-1.90168189e-02,-2.02984229e-02,-2.16409575e-02,-2.30094422e-02,-2.43688313e-02,-2.56857642e-02,-2.69301970e-02,-2.80767840e-02,-2.91059012e-02
2.25882364e-02,2.38657520e-02,2.50265971e-02,2.60523064e-02,2.69260506e-02,2.76331004e-02,2.81613144e-02,2.85016163e-02,2.86483431e-02,2.86002546e-02,2.83627458e-02,2.79398853e-02,2.73438277e-02,2.65904695e-02,2.56992642e-02,2.46925648e-02,2.35947320e-02,2.24310990e-02,2.12268661e-02,2.00060097e-02,1.87902854e-02,1.75983961e-02,1.64453829e-02,1.53422718e-02,1.42959876e-02,1.33095252e-02,1.23823487e-02,1.15109766e-02,1.06897027e-02,9.91139992e-03,9.16835512e-03,8.45308623e-03,7.75909927e-03,7.08154805e-03,6.41776622e-03,5.76764806e-03,5.13386143e-03,4.52188457e-03,3.93986671e-03,3.39832228e-03,2.90967789e-03,2.48770017e-03,2.14684053e-03,1.90153787e-03,1.76552406e-03,1.75119244e-03,1.86878271e-03,2.12643916e-03,2.52936557e-03,3.07979201e-03,3.77688023e-03,4.61674934e-03,5.59260427e-03,6.69494243e-03,7.91181493e-03,9.22911972e-03,1.06309071e-02,1.20996822e-02,1.36166935e-02,1.51622034e-02,1.67157399e-02,1.82563338e-02,1.97627508e-02,2.12137295e-02
7.53803095e-03,7.41202232e-03,7.52583638e-03,7.87186620e-03,8.44080240e-03,9.22073908e-03,1.01982536e-02,1.13586500e-02,1.26862398e-02,1.41646078e-02,1.57768495e-02,1.75057795e-02,1.93341072e-02,2.12445820e-02,2.32201105e-02,2.52438467e-02,2.72992617e-02,2.93701935e-02,3.14408846e-02,3.34960072e-02,3.55206820e-02,3.75004911e-02,3.94214869e-02,4.12701973e-02,4.30336285e-02,4.46992624e-02,4.62550513e-02,4.76894078e-02,4.89911915e-02,5.01496957e-02,5.11546364e-02,5.19961503e-02,5.26648058e-02,5.31516280e-02,5.34481048e-02,5.35458428e-02,5.34415690e-02,5.31292379e-02,5.26016492e-02,5.18567470e-02,5.08941965e-02,4.97160262e-02,4.83270834e-02,4.67353952e-02,4.49524457e-02,4.29933432e-02,4.08768537e-02,3.86252818e-02,3.62641898e-02,3.38219589e-02,3.13292108e-02,2.88181181e-02,2.63216407e-02,2.38727314e-02,2.15035528e-02,1.92447447e-02,1.71247732e-02,1.51693840e-02,1.34011738e-02,1.18392839e-02,1.04992127e-02,9.39274006e-03,8.52795050e-03,7.90934497e-03
3.71570441e-02,3.69338457e-02,3.64758938e-02,3.57784249e-02,3.48412210e-02,3.36700762e-02,3.22774104e-02,3.06824743e-02,2.89111627e-02,2.69954114e-02,2.49721830e-02,2.28820887e-02,2.07677357e-02,1.86719252e-02,1.66358424e-02,1.46973848e-02,1.28897538e-02,1.12404018e-02,9.77038637e-03,8.49413743e-03,7.41960452e-03,6.54872425e-03,5.87812889e-03,5.40001377e-03,5.10308600e-03,4.97353535e-03,4.99593826e-03,5.15364965e-03,5.43089241e-03,5.81185184e-03,6.28185798e-03,6.82768899e-03,7.43782343e-03,8.10259291e-03,8.81423897e-03,9.56688260e-03,1.03564161e-02,1.11803276e-02,1.20374697e-02,1.29277838e-02,1.38519932e-02,1.48112786e-02,1.58069483e-02,1.68401168e-02,1.79114019e-02,1.90206513e-02,2.01667035e-02,2.13471884e-02,2.25583684e-02,2.37950185e-02,2.50503425e-02,2.63159219e-02,2.75816928e-02,2.88359493e-02,3.00653712e-02,3.12550804e-02,3.23887296e-02,3.34486342e-02,3.44159588e-02,3.52709716e-02,3.59933835e-02,3.65627796e-02,3.69591437e-02,3.71633969e-02
-4.57195592e-02,-4.55723698e-02,-4.53926887e-02,-4.51826344e-02,-4.49430323e-02,-4.46736322e-02,-4.43734027e-02,-4.40408760e-02,-4.36745114e-02,-4.32730480e-02,-4.28358202e-02,-4.23630119e-02,-4.18558349e-02,-4.13166213e-02,-4.07488276e-02,-4.01569562e-02,-3.95464042e-02,-3.89232561e-02,-3.82940396e-02,-3.76654664e-02,-3.70441802e-02,-3.64365327e-02,-3.58484077e-02,-3.52851065e-02,-3.47513044e-02,-3.42510821e-02,-3.37880256e-02,-3.33653855e-02,-3.29862763e-02,-3.26538921e-02,-3.23717128e-02,-3.21436733e-02,-3.19742766e-02,-3.18686749e-02,-3.18317279e-02,-3.18688214e-02,-3.19863674e-02,-3.21892836e-02,-3.24815797e-02,-3.28657482e-02,-3.33422424e-02,-3.39090275e-02,-3.45612458e-02,-3.52910433e-02,-3.60875886e-02,-3.69373051e-02,-3.78243129e-02,-3.87310587e-02,-3.96390894e-02,-4.05299119e-02,-4.13858682e-02,-4.21909549e-02,-4.29315225e-02,-4.35967991e-02,-4.41792068e-02,-4.46744556e-02,-4.50814216e-02,-4.54018324e-02,-4.56397985e-02,-4.58012267e-02,-4.58931430e-02,-4.59238396e-02,-4.59009360e-02,-4.58307293e-02
-2.51521029e-02,-2.68287642e-02,-2.84512078e-02,-3.00002373e-02,-3.14564374e-02,-3.28006790e-02,-3.40146938e-02,-3.50816752e-02,-3.59868605e-02,-3.67180460e-02,-3.72659806e-02,-3.76245319e-02,-3.77907102e-02,-3.77710388e-02,-3.75635767e-02,-3.71766223e-02,-3.66200415e-02,-3.59055980e-02,-3.50465021e-02,-3.40568897e-02,-3.29513153e-02,-3.17442982e-02,-3.04499484e-02,-2.90816920e-02,-2.76521080e-02,-2.61728759e-02,-2.46548324e-02,-2.31081188e-02,-2.15424034e-02,-1.99671495e-02,-1.83919026e-02,-1.68265660e-02,-1.52816367e-02,-1.37683769e-02,-1.22989006e-02,-1.08861627e-02,-9.54384708e-03,-8.28615279e-03,-7.12749278e-03,-6.08211963e-03,-5.16370286e-03,-4.38488481e-03,-3.75684524e-03,-3.28890593e-03,-2.98821089e-03,-2.85942731e-03,-2.90444277e-03,-3.12307635e-03,-3.51231853e-03,-4.06692137e-03,-4.77965561e-03,-5.64165520e-03,-6.64279097e-03,-7.77203554e-03,-9.01778567e-03,-1.03681139e-02,-1.18109296e-02,-1.33340406e-02,-1.49251170e-02,-1.65715714e-02,-1.82603785e-02,-1.99778663e-02,-2.17095146e-02,-2.34397971e-02
-3.76466974e-02,-3.66764321e-02,-3.57086070e-02,-3.47481583e-02,-3.38001866e-02,-3.28701497e-02,-3.19639959e-02,-3.10882268e-02,-3.02498825e-02,-2.94564500e-02,-2.87157024e-02,-2.80354804e-02,-2.74234340e-02,-2.68867452e-02,-2.64318545e-02,-2.60642158e-02,-2.57881053e-02,-2.56065302e-02,-2.55212583e-02,-2.55305079e-02,-2.56353264e-02,-2.58331851e-02,-2.61210575e-02,-2.64953995e-02,-2.69523874e-02,-2.74881494e-02,-2.80989421e-02,-2.87812466e-02,-2.95317650e-02,-3.03473130e-02,-3.12246117e-02,-3.21599971e-02,-3.31490741e-02,-3.41863509e-02,-3.52648958e-02,-3.63760582e-02,-3.75092941e-02,-3.86521264e-02,-3.97902635e-02,-4.09078783e-02,-4.19880418e-02,-4.30132839e-02,-4.39662426e-02,-4.48303557e-02,-4.55905406e-02,-4.62338093e-02,-4.67497730e-02,-4.71309812e-02,-4.73730081e-02,-4.74752029e-02,-4.74429117e-02,-4.72769604e-02,-4.69855177e-02,-4.65781178e-02,-4.60656490e-02,-4.54598761e-02,-4.47729382e-02,-4.40168857e-02,-4.32032901e-02,-4.23429441e-02,-4.14456621e-02,-4.05201868e-02,-3.95741953e-02,-3.86143959e-02
1.01570130e-02,1.08997591e-02,1.16095367e-02,1.22879561e-02,1.29370080e-02,1.35586596e-02,1.41544269e-02,1.47249496e-02,1.52695959e-02,1.57861273e-02,1.62704498e-02,1.67164787e-02,1.71161356e-02,1.74594923e-02,1.77350645e-02,1.79302480e-02,1.80318553e-02,1.80265310e-02,1.79042378e-02,1.76527392e-02,1.72645025e-02,1.67348918e-02,1.60629540e-02,1.52518400e-02,1.43089785e-02,1.32460024e-02,1.20784282e-02,1.08251087e-02,9.50750026e-03,8.14880268e-03,6.77304045e-03,5.40415759e-03,4.06519167e-03,2.77757930e-03,1.56062676e-03,4.31158240e-04,-5.96663981e-04,-1.51136720e-03,-2.30410085e-03,-2.96846904e-03,-3.50033073e-03,-3.89758889e-03,-4.15998614e-03,-4.28885598e-03,-4.28773144e-03,-4.16044999e-03,-3.91285420e-03,-3.55193435e-03,-3.08581992e-03,-2.52368029e-03,-1.87559559e-03,-1.15239828e-03,-3.65484626e-04,4.73401314e-04,1.35240307e-03,2.25981580e-03,3.18434309e-03,4.11535476e-03,5.04312963e-03,5.95907145e-03,6.85588647e-03,7.72771134e-03,8.57018122e-03,9.38042954e-03
-1.79800836e-02,-1.65581937e-02,-1.50103689e-02,-1.33680186e-02,-1.16645000e-02,-9.93449214e-03,-8.21330392e-03,-6.53610686e-03,-4.93708759e-03,-3.44852412e-03,-2.09979975e-03,-9.16382756e-04,8.11850216e-05,8.78218692e-04,1.46671373e-03,1.84592465e-03,2.02262817e-03,2.01100132e-03,1.83246220e-03,1.51375818e-03,1.08661619e-03,5.85591763e-04,4.61888932e-05,-4.97145520e-04,-1.01296738e-03,-1.47456917e-03,-1.86136937e-03,-2.15988754e-03,-2.36426023e-03,-2.47629496e-03,-2.50521804e-03,-2.46665607e-03,-2.38186442e-03,-2.27645402e-03,-2.17896656e-03,-2.11942927e-03,-2.12762413e-03,-2.23209696e-03,-2.45826915e-03,-2.82731291e-03,-3.35497335e-03,-4.05062019e-03,-4.91656277e-03,-5.94767231e-03,-7.13134750e-03,-8.44784230e-03,-9.87095191e-03,-1.13690255e-02,-1.29062480e-02,-1.44441093e-02,-1.59429665e-02,-1.73635982e-02,-1.86686583e-02,-1.98239516e-02,-2.07994782e-02,-2.15702112e-02,-2.21165732e-02,-2.24244121e-02,-2.24891247e-02,-2.23062637e-02,-2.18791753e-02,-2.12169864e-02,-2.03335488e-02,-1.92471491e-02
-4.70637921e-02,-4.72703172e-02,-4.74487958e-02,-4.75961469e-02,-4.77097147e-02,-4.77872946e-02,-4.78270643e-02,-4.78295972e-02,-4.77932225e-02,-4.77189581e-02,-4.76085947e-02,-4.74649472e-02,-4.72919107e-02,-4.70944328e-02,-4.68784111e-02,-4.66505157e-02,-4.64179387e-02,-4.61880816e-02,-4.59681958e-02,-4.57650001e-02,-4.55843009e-02,-4.54306445e-02,-4.53070317e-02,-4.52147183e-02,-4.51531240e-02,-4.51198651e-02,-4.51105154e-02,-4.51199423e-02,-4.51418003e-02,-4.51689380e-02,-4.51941171e-02,-4.52103834e-02,-4.52122597e-02,-4.51944730e-02,-4.51536371e-02,-4.50880218e-02,-4.49976324e-02,-4.48841830e-02,-4.47509632e-02,-4.46026234e-02,-4.44448966e-02,-4.42842775e-02,-4.41276807e-02,-4.39820965e-02,-4.38542637e-02,-4.37503758e-02,-4.36758462e-02,-4.36352214e-02,-4.36305004e-02,-4.36647265e-02,-4.37384184e-02,-4.38509042e-02,-4.40003530e-02,-4.41838663e-02,-4.43976277e-02,-4.46370819e-02,-4.48971275e-02,-4.51723108e-02,-4.54570094e-02,-4.57455945e-02,-4.60325665e-02,-4.63126583e-02,-4.65809077e-02,-4.68327005e-02
-2.28408394e-03,-1.28552576e-03,-2.06559782e-04,9.34663261e-04,2.11846917e-03,3.32416845e-03,4.53055438e-03,5.71640500e-03,6.86097284e-03,7.94445511e-03,8.94843748e-03,9.85630568e-03,1.06536184e-02,1.13284350e-02,1.18715895e-02,1.22769024e-02,1.25413172e-02,1.26649333e-02,1.26509018e-02,1.25068678e-02,1.22406394e-02,1.18641406e-02,1.13911675e-02,1.08370623e-02,1.02181677e-02,9.55122547e-03,8.85275772e-03,8.13846606e-03,7.42267869e-03,6.71787345e-03,6.03429953e-03,5.37971458e-03,4.75924633e-03,4.17538095e-03,3.62807377e-03,3.11497270e-03,2.63174058e-03,2.17246010e-03,1.73010323e-03,1.29704605e-03,8.65609323e-04,4.28604586e-04,-2.01355441e-05,-4.85264671e-04,-9.69488816e-04,-1.47321607e-03,-1.99430997e-03,-2.52796460e-03,-3.06671557e-03,-3.60059452e-03,-4.11742649e-03,-4.60326050e-03,-5.04291414e-03,-5.42060425e-03,-5.72062785e-03,-5.92804683e-03,-6.02933969e-03,-6.01374741e-03,-5.87187911e-03,-5.59807840e-03,-5.18990113e-03,-4.64832999e-03,-3.97779779e-03,-3.18608129e-03
7.69547506e-03,6.13720466e-03,4.74958210e-03,3.55345846e-03,2.56533851e-03,1.79700571e-03,1.25531446e-03,9.42157019e-04,8.54606538e-04,9.85113732e-04,1.32212547e-03,1.85052811e-03,2.55224726e-03,3.40699497e-03,4.39298968e-03,5.48768539e-03,6.66848086e-03,7.91338588e-03,9.20162461e-03,1.05141584e-02,1.18341134e-02,1.31470994e-02,1.44414121e-02,1.57081100e-02,1.69409660e-02,1.81362958e-02,1.92926710e-02,2.04105330e-02,2.14917252e-02,2.25389704e-02,2.35553199e-02,2.45436044e-02,2.55059153e-02,2.64431437e-02,2.73545983e-02,2.82377210e-02,2.90879085e-02,2.98984484e-02,3.06605656e-02,3.13635765e-02,3.19951409e-02,3.25415990e-02,3.29883805e-02,3.33204659e-02,3.35228617e-02,3.35808568e-02,3.34835835e-02,3.32188870e-02,3.27768232e-02,3.21514308e-02,3.13398488e-02,3.03428067e-02,2.91649342e-02,2.78149436e-02,2.63056844e-02,2.46540656e-02,2.28808435e-02,2.10102744e-02,1.90696396e-02,1.70886531e-02,1.50987683e-02,1.31324041e-02,1.12221133e-02,9.39972273e-03
8.02550248e-03,7.37547260e-03,6.76641117e-03,6.20291070e-03,5.69105208e-03,5.23811986e-03,4.85218270e-03,4.54158314e-03,4.31438856e-03,4.17785755e-03,4.13798493e-03,4.19890113e-03,4.36305031e-03,4.63086535e-03,5.00067093e-03,5.46894490e-03,6.03054345e-03,6.67900010e-03,7.40685634e-03,8.20599013e-03,9.06791304e-03,9.98401303e-03,1.09457277e-02,1.19446404e-02,1.29724995e-02,1.40211691e-02,1.50825244e-02,1.61483099e-02,1.72099807e-02,1.82585504e-02,1.92844647e-02,2.02775209e-02,2.12268500e-02,2.21209707e-02,2.29479264e-02,2.36955030e-02,2.43515288e-02,2.49042431e-02,2.53427219e-02,2.56573354e-02,2.58401956e-02,2.58853960e-02,2.57918854e-02,2.55584840e-02,2.51880120e-02,2.46871079e-02,2.40654297e-02,2.33354479e-02,2.25119998e-02,2.16116775e-02,2.06520983e-02,1.96511089e-02,1.86259859e-02,1.75926964e-02,1.65652775e-02,1.55553853e-02,1.45720478e-02,1.36216357e-02,1.27080476e-02,1.18330839e-02,1.09969698e-02,1.01989729e-02,9.43805764e-03,8.71351374e-03
-6.43546468e-03,-6.61641021e-03,-6.80506546e-03,-7.00531144e-03,-7.22036070e-03,-7.45243604e-03,-7.70247843e-03,-7.96990636e-03,-8.25244876e-03,-8.54607150e-03,-8.84501262e-03,-9.14193497e-03,-9.42819542e-03,-9.69422033e-03,-9.92996631e-03,-1.01254363e-02,-1.02712113e-02,-1.03589323e-02,-1.03822003e-02,-1.03360636e-02,-1.02178408e-02,-1.00273330e-02,-9.76666654e-03,-9.44019096e-03,-9.05425241e-03,-8.61687870e-03,-8.13740393e-03,-7.62606136e-03,-7.09357139e-03,-6.55074862e-03,-6.00814730e-03,-5.47575922e-03,-4.96277271e-03,-4.47739538e-03,-4.02673903e-03,-3.61676051e-03,-3.25224958e-03,-2.93685306e-03,-2.67312376e-03,-2.46258365e-03,-2.30579225e-03,-2.20241471e-03,-2.15129837e-03,-2.15038395e-03,-2.19709408e-03,-2.28804394e-03,-2.41924569e-03,-2.58616165e-03,-2.78378915e-03,-3.00676825e-03,-3.24951275e-03,-3.50636313e-03,-3.77175730e-03,-4.04041271e-03,-4.30751102e-03,-4.56887541e-03,-4.82113009e-03,-5.06183193e-03,-5.28956494e-03,-5.50399028e-03,-5.70584599e-03,-5.89689293e-03,-6.07980569e-03,-6.25800923e-03
-3.36239204e-02,-3.29593507e-02,-3.20972756e-02,-3.10550738e-02,-2.98517865e-02,-2.85076605e-02,-2.70436702e-02,-2.54810418e-02,-2.38407955e-02,-2.21433210e-02,-2.04079984e-02,-1.86528750e-02,-1.68944049e-02,-1.51472584e-02,-1.34242030e-02,-1.17360603e-02,-1.00917388e-02,-8.49834142e-03,-6.96134583e-03,-5.48485257e-03,-4.07189361e-03,-2.72479171e-03,-1.44555741e-03,-2.36307438e-04,9.00313362e-04,1.96072939e-03,2.94007976e-03,3.83192549e-03,4.62805078e-03,5.31837909e-03,5.89102330e-03,6.33248432e-03,6.62800415e-03,6.76205517e-03,6.71909966e-03,6.48507483e-03,6.04597050e-03,5.39125506e-03,4.51377441e-03,3.41067780e-03,2.08412888e-03,5.41797756e-04,-1.20290996e-03,-3.13091243e-03,-5.21788580e-03,-7.43492054e-03,-9.74943982e-03,-1.21262836e-02,-1.45288708e-02,-1.69203489e-02,-1.92646538e-02,-2.15274183e-02,-2.36766992e-02,-2.56835139e-02,-2.75222049e-02,-2.91706614e-02,-3.06104358e-02,-3.18267888e-02,-3.28086873e-02,-3.35487577e-02,-3.40431179e-02,-3.42905315e-02,-3.43016411e-02,-3.40756766e-02
-3.40645646e-02,-3.27476041e-02,-3.13519998e-02,-2.98925689e-02,-2.83853863e-02,-2.68474911e-02,-2.52966064e-02,-2.37508788e-02,-2.22286414e-02,-2.07481973e-02,-1.93276207e-02,-1.79845688e-02,-1.67360973e-02,-1.55984722e-02,-1.45869717e-02,-1.37156729e-02,-1.29972213e-02,-1.24425875e-02,-1.20608307e-02,-1.18590475e-02,-1.18397617e-02,-1.20062383e-02,-1.23568465e-02,-1.28870262e-02,-1.35891011e-02,-1.44522665e-02,-1.54627191e-02,-1.66039183e-02,-1.78569732e-02,-1.92011486e-02,-2.06144718e-02,-2.20744107e-02,-2.35585893e-02,-2.50454978e-02,-2.65151546e-02,-2.79496792e-02,-2.93337400e-02,-3.06548519e-02,-3.19035058e-02,-3.30731283e-02,-3.41598782e-02,-3.51622989e-02,-3.60808534e-02,-3.69173770e-02,-3.76744850e-02,-3.83549759e-02,-3.89612719e-02,-3.94949307e-02,-3.99562644e-02,-4.03440870e-02,-4.06556050e-02,-4.08864431e-02,-4.10307322e-02,-4.10827489e-02,-4.10360337e-02,-4.08817461e-02,-4.06133873e-02,-4.02252734e-02,-3.97131709e-02,-3.90747176e-02,-3.83097293e-02,-3.74203923e-02,-3.64113395e-02,-3.52896183e-02
-2.81473959e-02,-2.80353414e-02,-2.77729326e-02,-2.73754153e-02,-2.68581749e-02,-2.62362906e-02,-2.55240230e-02,-2.47343397e-02,-2.38785134e-02,-2.29658140e-02,-2.20033165e-02,-2.09958403e-02,-1.99460316e-02,-1.88545904e-02,-1.77206366e-02,-1.65421973e-02,-1.53167885e-02,-1.40420561e-02,-1.27164342e-02,-1.13397783e-02,-9.91393113e-03,-8.44318479e-03,-6.93461108e-03,-5.39824139e-03,-3.84708844e-03,-2.29701222e-03,-7.66441302e-04,7.24032503e-04,2.15214785e-03,3.49458909e-03,4.72761174e-03,5.82770561e-03,6.77225826e-03,7.54019650e-03,8.11258529e-03,8.47316232e-03,8.60875163e-03,8.51027078e-03,8.17249477e-03,7.59313608e-03,6.77513820e-03,5.72569096e-03,4.45629893e-03,2.98268829e-03,1.32460803e-03,-4.94473017e-04,-2.44775719e-03,-4.50567538e-03,-6.63651478e-03,-8.80714449e-03,-1.09838271e-02,-1.31330792e-02,-1.52225427e-02,-1.72218250e-02,-1.91032638e-02,-2.08425790e-02,-2.24193818e-02,-2.38175214e-02,-2.50252621e-02,-2.60352960e-02,-2.68446023e-02,-2.74541694e-02,-2.78685771e-02,-2.80953339e-02
3.64959652e-02,3.76033522e-02,3.85620267e-02,3.93571235e-02,3.99740527e-02,4.03987797e-02,4.06180372e-02,4.06181747e-02,4.03985670e-02,3.99427896e-02,3.92470920e-02,3.83095882e-02,3.71315963e-02,3.57181520e-02,3.40783337e-02,3.22254795e-02,3.01772870e-02,2.79557791e-02,2.55871174e-02,2.31012533e-02,2.05314114e-02,1.79134141e-02,1.52848633e-02,1.26842107e-02,1.01497553e-02,7.71861565e-03,5.42572955e-03,3.30293134e-03,1.37815554e-03,-3.25195125e-04,-1.78866546e-03,-2.99902368e-03,-3.94827796e-03,-4.63349588e-03,-5.05643729e-03,-5.22333400e-03,-5.14432734e-03,-4.83156434e-03,-4.30031611e-03,-3.56746645e-03,-2.65095119e-03,-1.56919099e-03,-3.40589573e-04,1.01688062e-03,2.48600084e-03,4.05055814e-03,5.69547385e-03,7.40686005e-03,9.17199996e-03,1.09792635e-02,1.28179702e-02,1.46782132e-02,1.65506565e-02,1.84263193e-02,2.02963581e-02,2.21518582e-02,2.39836421e-02,2.57821035e-02,2.75370716e-02,2.92377116e-02,3.08724627e-02,3.24290174e-02,3.38943424e-02,3.52547422e-02
5.03142245e-02,5.00606689e-02,4.96035644e-02,4.89543734e-02,4.81252653e-02,4.71293823e-02,4.59807050e-02,4.46938314e-02,4.32837422e-02,4.17655631e-02,4.01543281e-02,3.84647493e-02,3.67110009e-02,3.49065329e-02,3.30639292e-02,3.11948317e-02,2.93099440e-02,2.74191290e-02,2.55316033e-02,2.36562239e-02,2.18018500e-02,1.99777519e-02,1.81940313e-02,1.64620083e-02,1.47945292e-02,1.32061549e-02,1.17131911e-02,1.03335411e-02,9.08637341e-03,7.99161612e-03,7.06930751e-03,6.33884631e-03,5.81819701e-03,5.52311599e-03,5.46653129e-03,5.65683155e-03,6.09984048e-03,6.79643120e-03,7.74293396e-03,8.93129777e-03,1.03492445e-02,1.19805674e-02,1.38055284e-02,1.58013229e-02,1.79425880e-02,2.02019307e-02,2.25504623e-02,2.49583256e-02,2.73952074e-02,2.98308312e-02,3.22354271e-02,3.45801772e-02,3.68376316e-02,3.89820945e-02,4.09899729e-02,4.28400833e-02,4.45139089e-02,4.59958010e-02,4.72731165e-02,4.83362898e-02,4.91788329e-02,4.97972630e-02,5.01909352e-02,5.03616315e-02
-3.02193672e-03,-1.60541212e-03,-3.14963888e-04,8.42087747e-04,1.86078819e-03,2.73824472e-03,3.47328302e-03,4.06611728e-03,4.51805357e-03,4.83124921e-03,5.00854187e-03,5.05332988e-03,4.96998728e-03,4.76298273e-03,4.43768205e-03,4.00041033e-03,3.45839178e-03,2.81977705e-03,2.09356303e-03,1.28939944e-03,4.17280841e-04,-5.12860789e-04,-1.49162804e-03,-2.51066397e-03,-3.56310805e-03,-4.64395972e-03,-5.75028658e-03,-6.88122959e-03,-8.03777465e-03,-9.22228201e-03,-1.04377895e-02,-1.16871316e-02,-1.29719393e-02,-1.42916072e-02,-1.56423256e-02,-1.70162813e-02,-1.84011246e-02,-1.97797814e-02,-2.11306614e-02,-2.24282753e-02,-2.36442299e-02,-2.47485302e-02,-2.57110807e-02,-2.65032533e-02,-2.70993674e-02,-2.74778528e-02,-2.76239852e-02,-2.75298126e-02,-2.71889760e-02,-2.66051643e-02,-2.57878133e-02,-2.47518642e-02,-2.35170431e-02,-2.21069834e-02,-2.05482814e-02,-1.88695419e-02,-1.71004561e-02,-1.52709413e-02,-1.34103646e-02,-1.15468647e-02,-9.70678013e-03,-7.91419071e-03,-6.19057500e-03,-4.55458500e-03
2.93418792e-02,2.74219515e-02,2.53066919e-02,2.30229639e-02,2.06022510e-02,1.80796727e-02,1.54928223e-02,1.28805196e-02,1.02815725e-02,7.73363779e-03,5.27224596e-03,2.93003527e-03,7.36207996e-04,-1.28379560e-03,-3.10843055e-03,-4.72009271e-03,-6.10499141e-03,-7.25298388e-03,-8.15737453e-03,-8.81469488e-03,-9.22444022e-03,-9.38926748e-03,-9.31501212e-03,-9.00797612e-03,-8.47806180e-03,-7.73701226e-03,-6.79832063e-03,-5.67700861e-03,-4.38937769e-03,-2.95274619e-03,-1.38517772e-03,2.94794863e-04,2.06843477e-03,3.91708830e-03,5.82244419e-03,7.76677137e-03,9.73313927e-03,1.17056079e-02,1.36693805e-02,1.56109106e-02,1.75179576e-02,1.93795827e-02,2.11860828e-02,2.29288585e-02,2.46002196e-02,2.61931317e-02,2.77009171e-02,2.91169212e-02,3.04341690e-02,3.16450313e-02,3.27409311e-02,3.37121164e-02,3.45475285e-02,3.52347903e-02,3.57603317e-02,3.61096492e-02,3.62675870e-02,3.62194877e-02,3.59559985e-02,3.54606414e-02,3.47249251e-02,3.37435168e-02,3.25154617e-02,3.10449618e-02
1.54552769e-02,1.40990067e-02,1.25781862e-02,1.09071698e-02,9.10422524e-03,7.19123165e-03,5.19321816e-03,3.13775947e-03,1.05425761e-03,-1.02685385e-03,-3.07491465e-03,-5.05990835e-03,-6.95320319e-03,-8.72822717e-03,-1.03610255e-02,-1.18306843e-02,-1.31196163e-02,-1.42137150e-02,-1.51023922e-02,-1.57785135e-02,-1.62382318e-02,-1.64805215e-02,-1.65104007e-02,-1.63304184e-02,-1.59484771e-02,-1.53746220e-02,-1.46208680e-02,-1.37010283e-02,-1.26304797e-02,-1.14259019e-02,-1.01049940e-02,-8.68616827e-03,-7.18822119e-03,-5.62998829e-03,-4.02998879e-03,-2.40607205e-03,-7.75079449e-04,8.47462143e-04,2.44759140e-03,4.01312296e-03,5.53375036e-03,7.00106692e-03,8.40848798e-03,9.75107450e-03,1.10252645e-02,1.22285269e-02,1.33589578e-02,1.44148471e-02,1.53942445e-02,1.62945561e-02,1.71122026e-02,1.78423639e-02,1.84788315e-02,1.90139813e-02,1.94388711e-02,1.97434576e-02,1.99169039e-02,1.99477608e-02,1.98271040e-02,1.95433274e-02,1.90876934e-02,1.84536048e-02,1.76369522e-02,1.66366893e-02
1.55487222e-02,1.61796443e-02,1.67516114e-02,1.72651866e-02,1.77223591e-02,1.81262247e-02,1.84806326e-02,1.87898207e-02,1.90580619e-02,1.92893422e-02,1.94870874e-02,1.96539516e-02,1.97916722e-02,1.99009928e-02,1.99816488e-02,2.00324035e-02,2.00511055e-02,2.00350324e-02,1.99808109e-02,1.98842059e-02,1.97409529e-02,1.95465955e-02,1.92966804e-02,1.89869455e-02,1.86135231e-02,1.81731621e-02,1.76634737e-02,1.70831954e-02,1.64324655e-02,1.57130937e-02,1.49288083e-02,1.40854569e-02,1.31911356e-02,1.22562231e-02,1.12933016e-02,1.03169512e-02,9.34341886e-03,8.39016774e-03,7.47533068e-03,6.61709520e-03,5.83305786e-03,5.13958684e-03,4.55123138e-03,4.08021166e-03,3.73601541e-03,3.52511921e-03,3.45085235e-03,3.51320540e-03,3.70914783e-03,4.03293187e-03,4.47598613e-03,5.02747603e-03,5.67467488e-03,6.40338320e-03,7.19836828e-03,8.04380986e-03,8.92374137e-03,9.82247663e-03,1.07250130e-02,1.16174008e-02,1.24870691e-02,1.33230977e-02,1.41164238e-02,1.48599752e-02
-4.80424820e-04,-1.33846146e-03,-2.10995146e-03,-2.79526721e-03,-3.39451421e-03,-3.90717755e-03,-4.33189022e-03,-4.66633514e-03,-4.90727917e-03,-5.05070864e-03,-5.09238388e-03,-5.02762795e-03,-4.85196996e-03,-4.56170171e-03,-4.15409129e-03,-3.62772006e-03,-2.98273983e-03,-2.22104981e-03,-1.34639111e-03,-3.64362032e-04,7.17636715e-04,1.89051226e-03,3.14365321e-03,4.46511662e-03,5.84184045e-03,7.25986399e-03,8.70454692e-03,1.01607801e-02,1.16131832e-02,1.30462868e-02,1.44446972e-02,1.57932445e-02,1.70771160e-02,1.82819771e-02,1.93940843e-02,2.04003946e-02,2.12886772e-02,2.20476325e-02,2.26670259e-02,2.31378362e-02,2.34524186e-02,2.36046367e-02,2.35898004e-02,2.34090379e-02,2.30592408e-02,2.25435969e-02,2.18675227e-02,2.10391350e-02,2.00693202e-02,1.89716489e-02,1.77621544e-02,1.64589756e-02,1.50818724e-02,1.36516333e-02,1.21894079e-02,1.07160078e-02,9.25122344e-03,7.81320850e-03,6.41797671e-03,5.07904828e-03,3.80726901e-03,2.61081002e-03,1.49533991e-03,4.64346725e-04
6.28186718e-02,6.33010501e-02,6.36867437e-02,6.39703470e-02,6.41452084e-02,6.42034447e-02,6.41399177e-02,6.39472107e-02,6.36167917e-02,6.31440811e-02,6.25263150e-02,6.17631393e-02,6.08569518e-02,5.98130334e-02,5.86394900e-02,5.73470249e-02,5.59485723e-02,5.44588396e-02,5.28938107e-02,5.12702672e-02,4.96053773e-02,4.79163885e-02,4.62204439e-02,4.45345200e-02,4.28754655e-02,4.12601028e-02,3.97053459e-02,3.82282842e-02,3.68461873e-02,3.55763972e-02,3.44360915e-02,3.34419190e-02,3.26095294e-02,3.19530326e-02,3.14844423e-02,3.12131813e-02,3.11459931e-02,3.12822321e-02,3.16229810e-02,3.21640798e-02,3.28966080e-02,3.38083389e-02,3.48839488e-02,3.61054415e-02,3.74526769e-02,3.89039578e-02,4.04366459e-02,4.20277831e-02,4.36546950e-02,4.52955598e-02,4.69299229e-02,4.85391409e-02,5.01067397e-02,5.16186711e-02,5.30634563e-02,5.44322049e-02,5.57185081e-02,5.69182047e-02,5.80290337e-02,5.90501895e-02,5.99818098e-02,6.08244296e-02,6.15784426e-02,6.22436121e-02
-1.02053140e-02,-1.01143685e-02,-1.01681595e-02,-1.03754164e-02,-1.07417738e-02,-1.12703346e-02,-1.19613078e-02,-1.28117990e-02,-1.38157025e-02,-1.49636930e-02,-1.62433134e-02,-1.76391554e-02,-1.91331257e-02,-2.07047911e-02,-2.23317942e-02,-2.39903301e-02,-2.56556750e-02,-2.73027546e-02,-2.89067380e-02,-3.04436395e-02,-3.18909071e-02,-3.32279742e-02,-3.44367509e-02,-3.55020297e-02,-3.64117879e-02,-3.71573687e-02,-3.77335319e-02,-3.81383478e-02,-3.83728434e-02,-3.84434612e-02,-3.83562626e-02,-3.81189159e-02,-3.77425927e-02,-3.72394857e-02,-3.66225977e-02,-3.59053707e-02,-3.51013254e-02,-3.42237370e-02,-3.32853555e-02,-3.22981749e-02,-3.12732503e-02,-3.02205627e-02,-2.91489303e-02,-2.80659673e-02,-2.69780887e-02,-2.58905628e-02,-2.48076109e-02,-2.37325539e-02,-2.26680037e-02,-2.16160938e-02,-2.05787420e-02,-1.95579346e-02,-1.85560171e-02,-1.75759770e-02,-1.66217003e-02,-1.56981844e-02,-1.48116914e-02,-1.39698278e-02,-1.31815404e-02,-1.24570233e-02,-1.18075347e-02,-1.12451284e-02,-1.07823105e-02,-1.04316393e-02
1.10008131e-02,1.33877597e-02,1.58453904e-02,1.83530476e-02,2.08878675e-02,2.34249448e-02,2.59375597e-02,2.83974693e-02,3.07752630e-02,3.30407799e-02,3.51635868e-02,3.71135108e-02,3.88612207e-02,4.03788434e-02,4.16406003e-02,4.26234383e-02,4.33076202e-02,4.36771588e-02,4.37188217e-02,4.34384886e-02,4.28249479e-02,4.18838815e-02,4.06263851e-02,3.90687700e-02,3.72325863e-02,3.51442971e-02,3.28347621e-02,3.03385678e-02,2.76932277e-02,2.49382743e-02,2.21142725e-02,1.92617855e-02,1.64203365e-02,1.36274129e-02,1.09175631e-02,8.32163657e-03,5.86620897e-03,3.57322477e-03,1.45987104e-03,-4.61320071e-04,-2.18214609e-03,-3.69828189e-03,-5.00866298e-03,-6.11480159e-03,-7.02008705e-03,-7.72911232e-03,-8.24706290e-03,-8.57917956e-03,-8.73035203e-03,-8.70608430e-03,-8.50888579e-03,-8.14190495e-03,-7.60741640e-03,-6.90712413e-03,-6.04239679e-03,-5.01453879e-03,-3.82509085e-03,-2.47614647e-03,-9.70670563e-04,6.87191787e-04,2.49181566e-03,4.43585710e-03,6.51002469e-03,8.70290077e-03
-4.64329865e-02,-4.77135953e-02,-4.89708264e-02,-5.01886056e-02,-5.13531255e-02,-5.24531302e-02,-5.34800459e-02,-5.44279554e-02,-5.52934246e-02,-5.60752004e-02,-5.67738078e-02,-5.73910791e-02,-5.79296517e-02,-5.83924705e-02,-5.87823294e-02,-5.91014806e-02,-5.93513323e-02,-5.95322373e-02,-5.96433300e-02,-5.96838156e-02,-5.96520775e-02,-5.95431456e-02,-5.93539034e-02,-5.90810370e-02,-5.87215843e-02,-5.82733003e-02,-5.77349651e-02,-5.71066301e-02,-5.63897897e-02,-5.55874793e-02,-5.47042980e-02,-5.37463681e-02,-5.27212395e-02,-5.16377546e-02,-5.05058872e-02,-4.93365678e-02,-4.81415074e-02,-4.69330277e-02,-4.57239039e-02,-4.45272220e-02,-4.33562496e-02,-4.22243186e-02,-4.11447134e-02,-4.01305599e-02,-3.91947073e-02,-3.83495971e-02,-3.76071130e-02,-3.69784095e-02,-3.64737193e-02,-3.61021587e-02,-3.58716172e-02,-3.57869304e-02,-3.58510840e-02,-3.60680027e-02,-3.64365899e-02,-3.69534072e-02,-3.76123063e-02,-3.84043653e-02,-3.93179577e-02,-4.03389438e-02,-4.14509871e-02,-4.26359869e-02,-4.38746134e-02,-4.51469179e-02
-5.36640190e-02,-5.22542396e-02,-5.06937845e-02,-4.89997647e-02,-4.71878917e-02,-4.52725221e-02,-4.32667746e-02,-4.11827035e-02,-3.90315102e-02,-3.68237800e-02,-3.45697280e-02,-3.22794424e-02,-2.99631171e-02,-2.76312636e-02,-2.52948997e-02,-2.29657110e-02,-2.06561832e-02,-1.83797076e-02,-1.61506574e-02,-1.39844383e-02,-1.18975102e-02,-9.90738242e-03,-8.03257599e-03,-6.29255176e-03,-4.70759664e-03,-3.29866100e-03,-2.08713857e-03,-1.09457963e-03,-3.42328385e-04,1.48925347e-04,3.59650823e-04,2.72178239e-04,-1.28616732e-04,-8.54698963e-04,-1.91382967e-03,-3.30883743e-03,-5.03679468e-03,-7.08830483e-03,-9.44694483e-03,-1.20889317e-02,-1.49830788e-02,-1.80910956e-02,-2.13682638e-02,-2.47644940e-02,-2.82257287e-02,-3.16956255e-02,-3.51174182e-02,-3.84358328e-02,-4.15989258e-02,-4.45597199e-02,-4.72775326e-02,-4.97189257e-02,-5.18582424e-02,-5.36777349e-02,-5.51673154e-02,-5.63239824e-02,-5.71509510e-02,-5.76564174e-02,-5.78553866e-02,-5.77700820e-02,-5.74105189e-02,-5.67988347e-02,-5.59564713e-02,-5.49046554e-02
1.84403326e-02,1.93516174e-02,2.01996571e-02,2.09770040e-02,2.16778316e-02,2.22979260e-02,2.28346505e-02,2.32868891e-02,2.36549697e-02,2.39405705e-02,2.41466065e-02,2.42770919e-02,2.43369587e-02,2.43317750e-02,2.42688955e-02,2.41536846e-02,2.39929352e-02,2.37929664e-02,2.35594652e-02,2.32972026e-02,2.30097601e-02,2.26993047e-02,2.23664389e-02,2.20101449e-02,2.16278423e-02,2.12155678e-02,2.07682778e-02,2.02802666e-02,1.97456810e-02,1.91591044e-02,1.85161742e-02,1.78141904e-02,1.70526700e-02,1.62338028e-02,1.53627673e-02,1.44478747e-02,1.35005211e-02,1.25349412e-02,1.15677759e-02,1.06174790e-02,9.70360208e-03,8.84600868e-03,8.06406912e-03,7.37588981e-03,6.79762269e-03,6.34289134e-03,6.02235852e-03,5.84345108e-03,5.81029145e-03,5.92298317e-03,6.17938400e-03,6.57387704e-03,7.09808147e-03,7.74128066e-03,8.49079768e-03,9.33240317e-03,1.02507292e-02,1.12296758e-02,1.22528001e-02,1.33036815e-02,1.43662556e-02,1.54251137e-02,1.64657640e-02,1.74748508e-02
5.23409592e-03,6.72864526e-03,8.20720857e-03,9.66260893e-03,1.10889643e-02,1.24816420e-02,1.38371761e-02,1.51531389e-02,1.64279605e-02,1.76606924e-02,1.88507186e-02,1.99974199e-02,2.10998021e-02,2.21561070e-02,2.31634225e-02,2.41173167e-02,2.50115184e-02,2.58376670e-02,2.65851557e-02,2.72410886e-02,2.77903680e-02,2.82159268e-02,2.84991015e-02,2.86200509e-02,2.85593947e-02,2.83002843e-02,2.78225631e-02,2.71119933e-02,2.61581183e-02,2.49556570e-02,2.35056311e-02,2.18162598e-02,1.99035479e-02,1.77914754e-02,1.55117190e-02,1.31028699e-02,1.06091618e-02,8.07877762e-03,5.56185408e-03,3.10834099e-03,7.65891402e-04,-1.42203975e-03,-3.41774418e-03,-5.19044867e-03,-6.71691555e-03,-7.98160515e-03,-8.97641381e-03,-9.70006571e-03,-1.01572277e-02,-1.03576196e-02,-1.03164598e-02,-1.00487559e-02,-9.57363066e-03,-8.91117972e-03,-8.08201221e-03,-7.10672603e-03,-6.00548941e-03,-4.79773126e-03,-3.50192495e-03,-2.13544634e-03,-7.14486223e-04,7.46000256e-04,2.23231498e-03,3.73205082e-03
6.75394415e-03,6.61168913e-03,6.65549008e-03,6.87711760e-03,7.26786243e-03,7.81687099e-03,8.51254490e-03,9.34282281e-03,1.02954670e-02,1.13582871e-02,1.25192966e-02,1.37668070e-02,1.50894657e-02,1.64762459e-02,1.79163978e-02,1.93993689e-02,2.09147037e-02,2.24519319e-02,2.40004559e-02,2.55494479e-02,2.70877670e-02,2.86039081e-02,3.00859897e-02,3.15217901e-02,3.28988358e-02,3.42045437e-02,3.54264134e-02,3.65522622e-02,3.75704908e-02,3.84703600e-02,3.92422602e-02,3.98779479e-02,4.03707282e-02,4.07155584e-02,4.09090272e-02,4.09488526e-02,4.08387958e-02,4.05770577e-02,4.01655392e-02,3.96075387e-02,3.89067288e-02,3.80671176e-02,3.70930205e-02,3.59891360e-02,3.47607508e-02,3.34140639e-02,3.19566016e-02,3.03976740e-02,2.87488137e-02,2.70241299e-02,2.52405146e-02,2.34176486e-02,2.15777777e-02,1.97452509e-02,1.79458465e-02,1.62059314e-02,1.45515257e-02,1.30073503e-02,1.15959394e-02,1.03368874e-02,9.24628308e-03,8.33635999e-03,7.61536980e-03,7.08766241e-03
-1.89253298e-02,-1.87891509e-02,-1.85762506e-02,-1.82864777e-02,-1.79223449e-02,-1.74888475e-02,-1.69931505e-02,-1.64441767e-02,-1.58521353e-02,-1.52280240e-02,-1.45831425e-02,-1.39286460e-02,-1.32751665e-02,-1.26325185e-02,-1.20095020e-02,-1.14138063e-02,-1.08520094e-02,-1.03296612e-02,-9.85143211e-03,-9.42130278e-03,-9.04276795e-03,-8.71902586e-03,-8.45312707e-03,-8.24806035e-03,-8.10676417e-03,-8.03210536e-03,-8.02607417e-03,-8.09102306e-03,-8.22791900e-03,-8.43659335e-03,-8.71539088e-03,-9.06089913e-03,-9.46777457e-03,-9.92869315e-03,-1.04344480e-02,-1.09742049e-02,-1.15359109e-02,-1.21068347e-02,-1.26742019e-02,-1.32258770e-02,-1.37510354e-02,-1.42407667e-02,-1.46885581e-02,-1.50906128e-02,-1.54459755e-02,-1.57564525e-02,-1.60263319e-02,-1.62619242e-02,-1.64709595e-02,-1.66618859e-02,-1.68431219e-02,-1.70223171e-02,-1.72056735e-02,-1.73973761e-02,-1.75991760e-02,-1.78101580e-02,-1.80267102e-02,-1.82427002e-02,-1.84498423e-02,-1.86382284e-02,-1.87969773e-02,-1.89149407e-02,-1.89813108e-02,-1.89876141e-02
9.66850585e-03,8.23635013e-03,6.81921916e-03,5.43790504e-03,4.11098515e-03,2.85439604e-03,1.68120000e-03,6.01540507e-04,-3.77233339e-04,-1.25030051e-03,-2.01502084e-03,-2.67051726e-03,-3.21724969e-03,-3.65661129e-03,-3.99057446e-03,-4.22140361e-03,-4.35142797e-03,-4.38319959e-03,-4.31883049e-03,-4.16048611e-03,-3.91041699e-03,-3.57098355e-03,-3.14478916e-03,-2.63480372e-03,-2.04447121e-03,-1.37779133e-03,-6.39368201e-04,1.65577152e-04,1.03122777e-03,1.95122966e-03,2.91877271e-03,3.92668779e-03,4.96755242e-03,6.03379399e-03,7.11778080e-03,8.21189242e-03,9.30856264e-03,1.04002904e-02,1.14796171e-02,1.25390716e-02,1.35710878e-02,1.45679020e-02,1.55214426e-02,1.64232245e-02,1.72642639e-02,1.80350310e-02,1.87254562e-02,1.93250040e-02,1.98228275e-02,2.02080071e-02,2.04698706e-02,2.05983533e-02,2.05842763e-02,2.04230574e-02,2.01073064e-02,1.96352470e-02,1.90079531e-02,1.82299427e-02,1.73093909e-02,1.62581278e-02,1.50914304e-02,1.38276100e-02,1.24874144e-02,1.10932830e-02
3.14253978e-02,2.94316658e-02,2.73925053e-02,2.53462233e-02,2.33304187e-02,2.13806518e-02,1.95291945e-02,1.78039462e-02,1.62275891e-02,1.48170345e-02,1.35831860e-02,1.25310207e-02,1.16599607e-02,1.09644915e-02,1.04349694e-02,1.00585543e-02,9.82020836e-03,9.70371377e-03,9.69273258e-03,9.77059639e-03,9.92363436e-03,1.01391998e-02,1.04071979e-02,1.07203266e-02,1.10741983e-02,1.14673237e-02,1.19009498e-02,1.23787614e-02,1.29064625e-02,1.34912588e-02,1.41412655e-02,1.48648693e-02,1.56700731e-02,1.65638550e-02,1.75515690e-02,1.86364142e-02,1.98189942e-02,2.10969814e-02,2.24648973e-02,2.39140125e-02,2.54323646e-02,2.70048874e-02,2.86136435e-02,3.02381452e-02,3.18557540e-02,3.34421417e-02,3.49718023e-02,3.64186006e-02,3.77563464e-02,3.89593834e-02,4.00031822e-02,4.08649273e-02,4.15240839e-02,4.19629150e-02,4.21668024e-02,4.21248733e-02,4.18378238e-02,4.12973839e-02,4.05083210e-02,3.94798660e-02,3.82263957e-02,3.67674836e-02,3.51276704e-02,3.33360112e-02
-9.35856536e-03,-9.37868172e-03,-9.54551878e-03,-9.85848558e-03,-1.03150299e-02,-1.09103694e-02,-1.16374126e-02,-1.24867792e-02,-1.34469268e-02,-1.45043901e-02,-1.56441331e-02,-1.68500029e-02,-1.81052619e-02,-1.93931633e-02,-2.06975290e-02,-2.20032803e-02,-2.32968764e-02,-2.45666194e-02,-2.58027993e-02,-2.69976645e-02,-2.81452245e-02,-2.92409073e-02,-3.02811099e-02,-3.12626913e-02,-3.21824638e-02,-3.30367388e-02,-3.38209758e-02,-3.45295743e-02,-3.51558293e-02,-3.56920559e-02,-3.61298663e-02,-3.64605590e-02,-3.66755191e-02,-3.67673753e-02,-3.67322092e-02,-3.65624580e-02,-3.62561704e-02,-3.58133881e-02,-3.52365701e-02,-3.45306042e-02,-3.37026731e-02,-3.27620131e-02,-3.17195982e-02,-3.05877799e-02,-2.93799132e-02,-2.81099950e-02,-2.67923370e-02,-2.54412874e-02,-2.40710099e-02,-2.26953240e-02,-2.13276024e-02,-1.99807188e-02,-1.86670368e-02,-1.73984256e-02,-1.61862917e-02,-1.50416107e-02,-1.39749511e-02,-1.29964765e-02,-1.21159213e-02,-1.13425338e-02,-1.06849842e-02,-1.01512385e-02,-9.74840268e-03,-9.48255823e-03
4.01920049e-02,4.12575431e-02,4.24457482e-02,4.37402923e-02,4.51210654e-02,4.65646436e-02,4.80447996e-02,4.95330435e-02,5.09991929e-02,5.24119743e-02,5.37396649e-02,5.49507836e-02,5.60148432e-02,5.69031644e-02,5.75897451e-02,5.80521413e-02,5.82721480e-02,5.82364373e-02,5.79495719e-02,5.74026804e-02,5.66062900e-02,5.55777302e-02,5.43417361e-02,5.29300196e-02,5.13802454e-02,4.97345655e-02,4.80378147e-02,4.63354927e-02,4.46716833e-02,4.30870705e-02,4.16171996e-02,4.02911041e-02,3.91303736e-02,3.81486953e-02,3.73518523e-02,3.67381277e-02,3.62990391e-02,3.60203298e-02,3.58831864e-02,3.58658782e-02,3.59409637e-02,3.60861160e-02,3.62757164e-02,3.64855951e-02,3.66939363e-02,3.68819965e-02,3.70347861e-02,3.71416139e-02,3.71964450e-02,3.71977948e-02,3.71513635e-02,3.70637830e-02,3.69481553e-02,3.68209886e-02,3.67016082e-02,3.66112571e-02,3.65721523e-02,3.66056878e-02,3.67311449e-02,3.69678116e-02,3.73304508e-02,3.78299835e-02,3.84729628e-02,3.92612704e-02
-6.97132137e-03,-8.46111395e-03,-9.74749960e-03,-1.08248066e-02,-1.16910612e-02,-1.23476241e-02,-1.27987765e-02,-1.30511917e-02,-1.31149668e-02,-1.29998863e-02,-1.27175166e-02,-1.22806460e-02,-1.17023812e-02,-1.09958290e-02,-1.01737512e-02,-9.24825006e-03,-8.23050110e-03,-7.13054624e-03,-5.95715746e-03,-4.71777949e-03,-3.41855658e-03,-2.06444469e-03,-6.59405726e-04,7.93324296e-04,2.29090398e-03,3.83051741e-03,5.40897413e-03,7.02230938e-03,8.66540370e-03,1.03316423e-02,1.20126326e-02,1.36979941e-02,1.53752325e-02,1.70297044e-02,1.86446761e-02,2.02014784e-02,2.16797538e-02,2.30577937e-02,2.43129611e-02,2.54221905e-02,2.63625586e-02,2.71119127e-02,2.76495360e-02,2.79567924e-02,2.80172945e-02,2.78235376e-02,2.73644011e-02,2.66367606e-02,2.56433780e-02,2.43924330e-02,2.28977596e-02,2.11787517e-02,1.92600091e-02,1.71707468e-02,1.49439922e-02,1.26156128e-02,1.02232279e-02,7.80507001e-03,5.39886144e-03,3.04076931e-03,7.64491107e-04,-1.39948723e-03,-3.42443734e-03,-5.28779590e-03
4.68390360e-02,4.69658668e-02,4.69230255e-02,4.67067893e-02,4.63084903e-02,4.57287193e-02,4.49720923e-02,4.40478739e-02,4.29701984e-02,4.17580358e-02,4.04349120e-02,3.90283680e-02,3.75691534e-02,3.60901757e-02,3.46252529e-02,3.32077429e-02,3.18691403e-02,3.06377431e-02,2.95374851e-02,2.85870167e-02,2.77990934e-02,2.71803015e-02,2.67311228e-02,2.64463181e-02,2.63156187e-02,2.63248284e-02,2.64536412e-02,2.66848399e-02,2.69967918e-02,2.73682379e-02,2.77788824e-02,2.82101872e-02,2.86460638e-02,2.90734091e-02,2.94824720e-02,2.98670446e-02,3.02244800e-02,3.05555466e-02,3.08641324e-02,3.11568196e-02,3.14423557e-02,3.17310487e-02,3.20341189e-02,3.23630353e-02,3.27288671e-02,3.31416724e-02,3.36099499e-02,3.41401722e-02,3.47364147e-02,3.54000898e-02,3.61297882e-02,3.69212273e-02,3.77672989e-02,3.86582083e-02,3.95816927e-02,4.05233068e-02,4.14667611e-02,4.23943022e-02,4.32871212e-02,4.41257839e-02,4.48906722e-02,4.55624356e-02,4.61224464e-02,4.65532564e-02
7.73246335e-03,8.46645764e-03,9.25779587e-03,1.01117111e-02,1.10326522e-02,1.20238710e-02,1.30870753e-02,1.42221555e-02,1.54269841e-02,1.66972870e-02,1.80265800e-02,1.94061607e-02,2.08251505e-02,2.22705755e-02,2.37274812e-02,2.51790759e-02,2.66069024e-02,2.79910371e-02,2.93103233e-02,3.05426439e-02,3.16652430e-02,3.26551069e-02,3.34894132e-02,3.41460531e-02,3.46042199e-02,3.48449867e-02,3.48507848e-02,3.46177463e-02,3.41303212e-02,3.33871775e-02,3.23920290e-02,3.11549014e-02,2.96925604e-02,2.80285125e-02,2.61926202e-02,2.42203199e-02,2.21514599e-02,2.00288114e-02,1.78963475e-02,1.57974104e-02,1.37729084e-02,1.18596792e-02,1.00891407e-02,8.48631484e-03,7.06927272e-03,5.84900564e-03,4.82968958e-03,4.00928295e-03,3.38037973e-03,2.93123383e-03,2.64687350e-03,2.51023669e-03,2.50329683e-03,2.60767819e-03,2.80641063e-03,3.08373969e-03,3.42607648e-03,3.82234192e-03,4.26417822e-03,4.74600558e-03,5.26493145e-03,5.82052836e-03,6.41450066e-03,7.05026395e-03
-1.06786598e-04,3.29835824e-04,6.62478965e-04,8.81051627e-04,9.78393192e-04,9.50614709e-04,7.97364858e-04,5.21670041e-04,1.30114480e-04,-3.67488836e-04,-9.58440622e-04,-1.62763846e-03,-2.35814114e-03,-3.13180757e-03,-3.92997347e-03,-4.73413421e-03,-5.52660231e-03,-6.29111042e-03,-7.01333381e-03,-7.68131112e-03,-8.28574724e-03,-8.82018813e-03,-9.28106410e-03,-9.66760411e-03,-9.98163034e-03,-1.02272481e-02,-1.04104509e-02,-1.05386649e-02,-1.06202594e-02,-1.06640513e-02,-1.06788844e-02,-1.06730729e-02,-1.06540403e-02,-1.06281765e-02,-1.06005044e-02,-1.05745611e-02,-1.05523459e-02,-1.05343358e-02,-1.05195579e-02,-1.05057086e-02,-1.04892981e-02,-1.04658125e-02,-1.04298949e-02,-1.03755422e-02,-1.02963125e-02,-1.01855476e-02,-1.00366136e-02,-9.84316251e-03,-9.59941368e-03,-9.30045244e-03,-8.94253582e-03,-8.52339379e-03,-8.04250930e-03,-7.50135929e-03,-6.90359814e-03,-6.25516647e-03,-5.56431122e-03,-4.84150724e-03,-4.09927573e-03,-3.35190025e-03,-2.61504663e-03,-1.90529842e-03,-1.23962408e-03,-6.34796237e-04
4.58339039e-03,3.12749008e-03,1.32250454e-03,-8.14443888e-04,-3.25749443e-03,-5.97208661e-03,-8.91538466e-03,-1.20372687e-02,-1.52818832e-02,-1.85896627e-02,-2.18996987e-02,-2.51522577e-02,-2.82912352e-02,-3.12663336e-02,-3.40347877e-02,-3.65625187e-02,-3.88246696e-02,-4.08055434e-02,-4.24980186e-02,-4.39025599e-02,-4.50259518e-02,-4.58798833e-02,-4.64794747e-02,-4.68417526e-02,-4.69857794e-02,-4.69331024e-02,-4.66958353e-02,-4.62907047e-02,-4.57316293e-02,-4.50302000e-02,-4.41957306e-02,-4.32353911e-02,-4.21544525e-02,-4.09566245e-02,-3.96444636e-02,-3.82198243e-02,-3.66843272e-02,-3.50398211e-02,-3.32888174e-02,-3.14348804e-02,-2.94829589e-02,-2.74396530e-02,-2.53134112e-02,-2.31146573e-02,-2.08558526e-02,-1.85514979e-02,-1.62180837e-02,-1.38739973e-02,-1.15393932e-02,-9.23603665e-03,-6.98712281e-03,-4.81707807e-03,-2.75134284e-03,-8.16135569e-04,9.61804536e-04,2.55548120e-03,3.93802229e-03,5.08303522e-03,5.96505407e-03,6.56006388e-03,6.84608836e-03,6.80385785e-03,6.41983291e-03,5.68131330e-03
-2.68909623e-02,-2.64236691e-02,-2.58065268e-02,-2.50328080e-02,-2.40989164e-02,-2.30048090e-02,-2.17542212e-02,-2.03547017e-02,-1.88174766e-02,-1.71571698e-02,-1.53914155e-02,-1.35403951e-02,-1.16263327e-02,-9.67297509e-03,-7.70508046e-03,-5.74793126e-03,-3.82688293e-03,-1.96695433e-03,-1.92462019e-04,1.47329471e-03,3.00832176e-03,4.39219600e-03,5.60627625e-03,6.63390611e-03,7.46060411e-03,8.07424711e-03,8.46524814e-03,8.62669905e-03,8.55491712e-03,8.24994606e-03,7.71334525e-03,6.95145176e-03,5.97414439e-03,4.79503933e-03,3.43149248e-03,1.90446124e-03,2.38207844e-04,-1.54016493e-03,-3.40136945e-03,-5.31478211e-03,-7.24939094e-03,-9.17484632e-03,-1.10625323e-02,-1.28865830e-02,-1.46247657e-02,-1.62591634e-02,-1.77766000e-02,-1.91687770e-02,-2.04321113e-02,-2.15672903e-02,-2.25785792e-02,-2.34729358e-02,-2.42589984e-02,-2.49460199e-02,-2.55428230e-02,-2.60568494e-02,-2.64933656e-02,-2.68548800e-02,-2.71408051e-02,-2.73473690e-02,-2.74676606e-02,-2.74940540e-02,-2.74147494e-02,-2.72176562e-02
3.34339832e-02,3.29495847e-02,3.24509152e-02,3.19568954e-02,3.14863696e-02,3.10573485e-02,3.06863085e-02,3.03875822e-02,3.01728657e-02,3.00508769e-02,3.00273524e-02,3.01024053e-02,3.02762968e-02,3.05446310e-02,3.08997917e-02,3.13315381e-02,3.18272928e-02,3.23725221e-02,3.29511594e-02,3.35460588e-02,3.41394695e-02,3.47135297e-02,3.52507739e-02,3.57346508e-02,3.61500460e-02,3.64837985e-02,3.67251942e-02,3.68664013e-02,3.69026511e-02,3.68351219e-02,3.66655773e-02,3.64004126e-02,3.60504772e-02,3.56299590e-02,3.51559730e-02,3.46479034e-02,3.41265773e-02,3.36133243e-02,3.31289809e-02,3.26929030e-02,3.23220509e-02,3.20302086e-02,3.18273885e-02,3.17194728e-02,3.17083549e-02,3.17885276e-02,3.19554468e-02,3.21982330e-02,3.25030349e-02,3.28536548e-02,3.32322213e-02,3.36199411e-02,3.39978674e-02,3.43476515e-02,3.46522537e-02,3.48965942e-02,3.50681193e-02,3.51572405e-02,3.51571860e-02,3.50687893e-02,3.48902973e-02,3.46273025e-02,3.42885371e-02,3.38858898e-02
9.92642736e-03,1.02385208e-02,1.06051545e-02,1.10218562e-02,1.14820659e-02,1.19770954e-02,1.24961207e-02,1.30262276e-02,1.35525336e-02,1.40584066e-02,1.45257981e-02,1.49357049e-02,1.52687625e-02,1.55059634e-02,1.56294591e-02,1.56232171e-02,1.54768471e-02,1.51799168e-02,1.47293433e-02,1.41274673e-02,1.33827750e-02,1.25101001e-02,1.15304167e-02,1.04702151e-02,9.36046920e-03,8.23524528e-03,7.13004180e-03,6.07998278e-03,5.11800603e-03,4.27318931e-03,3.56934162e-03,3.02395560e-03,2.64757817e-03,2.44361626e-03,2.40857562e-03,2.53228366e-03,2.79956105e-03,3.19051826e-03,3.68198109e-03,4.24874778e-03,4.86480421e-03,5.50448272e-03,6.14351664e-03,6.75995651e-03,7.33492203e-03,7.85317074e-03,8.30347092e-03,8.67877357e-03,8.97618587e-03,9.19675807e-03,9.34510487e-03,9.42889264e-03,9.45822585e-03,9.44509435e-03,9.40247423e-03,9.34366238e-03,9.28200308e-03,9.23017268e-03,9.19980359e-03,9.20123967e-03,9.24285324e-03,9.33193674e-03,9.47363933e-03,9.67131329e-03
-1.50779997e-02,-1.61916895e-02,-1.70706944e-02,-1.77087463e-02,-1.81072957e-02,-1.82753429e-02,-1.82300604e-02,-1.79898348e-02,-1.75802051e-02,-1.70293262e-02,-1.63669966e-02,-1.56234303e-02,-1.48280630e-02,-1.40084490e-02,-1.31892789e-02,-1.23915441e-02,-1.16318701e-02,-1.09220406e-02,-1.02687334e-02,-9.67348332e-03,-9.13288172e-03,-8.63901149e-03,-8.18010280e-03,-7.74138063e-03,-7.30606071e-03,-6.85643905e-03,-6.37501307e-03,-5.84556975e-03,-5.25417914e-03,-4.59004023e-03,-3.84614027e-03,-3.01970396e-03,-2.11242605e-03,-1.13049476e-03,-8.44255813e-05,1.01126408e-03,2.13851542e-03,3.27629518e-03,4.40121940e-03,5.48822395e-03,6.51125589e-03,7.44396865e-03,8.26040909e-03,8.93568787e-03,9.44662746e-03,9.77237880e-03,9.89495553e-03,9.80048261e-03,9.47914420e-03,8.92447556e-03,8.13610166e-03,7.11905505e-03,5.88417840e-03,4.44831848e-03,2.83432596e-03,1.07082198e-03,-8.08308279e-04,-2.76469084e-03,-4.75662565e-03,-6.74044522e-03,-8.67210388e-03,-1.05088891e-02,-1.22111382e-02,-1.37438393e-02
1.49333139e-02,1.49081002e-02,1.48390383e-02,1.47185595e-02,1.45383879e-02,1.42897895e-02,1.39640132e-02,1.35527643e-02,1.30487079e-02,1.24459853e-02,1.17407232e-02,1.09315105e-02,1.00198166e-02,9.01032394e-03,7.91114446e-03,6.73389903e-03,5.49363860e-03,4.20859739e-03,2.89977765e-03,1.59037706e-03,3.05082087e-04,-9.30735197e-04,-2.09187873e-03,-3.15422053e-03,-4.09552838e-03,-4.89622097e-03,-5.54000260e-03,-6.01434685e-03,-6.31079131e-03,-6.42538108e-03,-6.35852842e-03,-6.11392659e-03,-5.69972819e-03,-5.12746150e-03,-4.41162549e-03,-3.56917514e-03,-2.61896310e-03,-1.58116153e-03,-4.76681603e-04,6.73394249e-04,1.84834936e-03,3.02835922e-03,4.19494395e-03,5.33137395e-03,6.42300916e-03,7.45756217e-03,8.42527738e-03,9.31901943e-03,1.01342676e-02,1.08690159e-02,1.15235831e-02,1.21003408e-02,1.26033726e-02,1.30380805e-02,1.34107568e-02,1.37281422e-02,1.39969887e-02,1.42236482e-02,1.44136992e-02,1.45716276e-02,1.47005690e-02,1.48021201e-02,1.48762209e-02,1.49211083e-02
2.54158252e-02,2.71410173e-02,2.87622982e-02,3.02657774e-02,3.16393952e-02,3.28729428e-02,3.39580447e-02,3.48881075e-02,3.56582370e-02,3.62651289e-02,3.67069339e-02,3.69830906e-02,3.70940237e-02,3.70421845e-02,3.68320470e-02,3.64643101e-02,3.59437260e-02,3.52754549e-02,3.44653210e-02,3.35198931e-02,3.24465378e-02,3.12534648e-02,2.99497583e-02,2.85453824e-02,2.70511540e-02,2.54786783e-02,2.38402508e-02,2.21487370e-02,2.04174418e-02,1.86599899e-02,1.68902327e-02,1.51221954e-02,1.33700707e-02,1.16482555e-02,9.97141780e-03,8.35457102e-03,6.81312862e-03,5.36290926e-03,4.02006593e-03,2.80092031e-03,1.72169448e-03,7.98145278e-04,4.51194528e-05,-5.23932664e-04,-8.97469499e-04,-1.06635803e-03,-1.02445096e-03,-7.68410492e-04,-2.98455201e-04,3.81759425e-04,1.26514623e-03,2.34136879e-03,3.59708118e-03,5.01626378e-03,6.58061790e-03,8.26999662e-03,1.00628521e-02,1.19366818e-02,1.38684600e-02,1.58350439e-02,1.78135481e-02,1.97816812e-02,2.17180440e-02,2.36023867e-02
-3.80000825e-02,-3.90589552e-02,-4.03180866e-02,-4.17629386e-02,-4.33748834e-02,-4.51314733e-02,-4.70068419e-02,-4.89722298e-02,-5.09966248e-02,-5.30475016e-02,-5.50916429e-02,-5.70960173e-02,-5.90286845e-02,-6.08596942e-02,-6.25619367e-02,-6.41119049e-02,-6.54903252e-02,-6.66826204e-02,-6.76791741e-02,-6.84753782e-02,-6.90714443e-02,-6.94719280e-02,-6.96848681e-02,-6.97283011e-02,-6.96111386e-02,-6.93492015e-02,-6.89599379e-02,-6.84603715e-02,-6.78666532e-02,-6.71934872e-02,-6.64536562e-02,-6.56576932e-02,-6.48137155e-02,-6.39274240e-02,-6.30022577e-02,-6.20396847e-02,-6.10396051e-02,-6.00008343e-02,-5.89216318e-02,-5.78002414e-02,-5.66354101e-02,-5.54268580e-02,-5.41756764e-02,-5.28846395e-02,-5.15584230e-02,-5.02037274e-02,-4.88293125e-02,-4.74459498e-02,-4.60663049e-02,-4.47047617e-02,-4.33771974e-02,-4.21007183e-02,-4.08933627e-02,-3.97737742e-02,-3.87608489e-02,-3.78733572e-02,-3.71295440e-02,-3.65467215e-02,-3.61409274e-02,-3.59271307e-02,-3.59110050e-02,-3.61071277e-02,-3.65201319e-02,-3.71517803e-02
-2.35021892e-02,-2.24447721e-02,-2.14139397e-02,-2.04096445e-02,-1.94311891e-02,-1.84776035e-02,-1.75479924e-02,-1.66418375e-02,-1.57592484e-02,-1.49011548e-02,-1.40694453e-02,-1.32670530e-02,-1.24979990e-02,-1.17673986e-02,-1.10814395e-02,-1.04473374e-02,-9.87327206e-03,-9.36830378e-03,-8.94226887e-03,-8.60564892e-03,-8.36941667e-03,-8.24497472e-03,-8.24251893e-03,-8.37384127e-03,-8.64885723e-03,-9.07644232e-03,-9.66377552e-03,-1.04157623e-02,-1.13344512e-02,-1.24184665e-02,-1.36624970e-02,-1.50568872e-02,-1.65873806e-02,-1.82350597e-02,-1.99765218e-02,-2.17843123e-02,-2.36276154e-02,-2.54731830e-02,-2.72864536e-02,-2.90327956e-02,-3.06787954e-02,-3.21935017e-02,-3.35495452e-02,-3.47240633e-02,-3.56993763e-02,-3.64633839e-02,-3.70096512e-02,-3.73370971e-02,-3.74520162e-02,-3.73642685e-02,-3.70843122e-02,-3.66291923e-02,-3.60179182e-02,-3.52709958e-02,-3.44096775e-02,-3.34552247e-02,-3.24282380e-02,-3.13480792e-02,-3.02324014e-02,-2.90967955e-02,-2.79545593e-02,-2.68165894e-02,-2.56913914e-02,-2.45851991e-02
9.12933023e-03,8.95015115e-03,8.75115709e-03,8.53520915e-03,8.30402242e-03,8.05813927e-03,7.79694328e-03,7.51871410e-03,7.22072456e-03,6.89938239e-03,6.55041888e-03,6.16912669e-03,5.75064687e-03,5.29030287e-03,4.78397458e-03,4.22850066e-03,3.62209176e-03,2.96473118e-03,2.25853505e-03,1.50804117e-03,7.20394847e-04,-9.45963887e-05,-9.24557985e-04,-1.75481368e-03,-2.56881202e-03,-3.34869568e-03,-4.07598822e-03,-4.73235430e-03,-5.30038324e-03,-5.76434257e-03,-6.11084915e-03,-6.32939797e-03,-6.41300427e-03,-6.35828099e-03,-6.16486454e-03,-5.83637240e-03,-5.37966547e-03,-4.80454630e-03,-4.12333740e-03,-3.35040052e-03,-2.50162766e-03,-1.59392774e-03,-6.44727441e-04,3.28499838e-04,1.30866233e-03,2.27944981e-03,3.22567214e-03,4.13355040e-03,4.99095765e-03,5.78760640e-03,6.51518149e-03,7.16741644e-03,7.74011213e-03,8.23109719e-03,8.64013095e-03,8.96875171e-03,9.22007550e-03,9.39855240e-03,9.50968932e-03,9.55974541e-03,9.55539887e-03,9.50387110e-03,9.41151359e-03,9.28475453e-03
-2.71707964e-03,-3.59652459e-03,-4.58677365e-03,-5.69184883e-03,-6.91230826e-03,-8.24449447e-03,-9.67991237e-03,-1.12048104e-02,-1.28000357e-02,-1.44412204e-02,-1.60993328e-02,-1.77415929e-02,-1.93327110e-02,-2.08363733e-02,-2.22168615e-02,-2.34406800e-02,-2.44780567e-02,-2.53041986e-02,-2.59001872e-02,-2.62533223e-02,-2.63603653e-02,-2.62214744e-02,-2.58421970e-02,-2.52353570e-02,-2.44180857e-02,-2.34111384e-02,-2.22380149e-02,-2.09240915e-02,-1.94958180e-02,-1.79800058e-02,-1.64032161e-02,-1.47912479e-02,-1.31687170e-02,-1.15587144e-02,-9.98253043e-03,-8.45943123e-03,-7.00647699e-03,-5.63837398e-03,-4.36735688e-03,-3.20310185e-03,-2.15267481e-03,-1.22052239e-03,-4.08514751e-04,2.83950125e-04,8.59768811e-04,1.32389347e-03,1.68300555e-03,1.94512695e-03,2.11917624e-03,2.21448750e-03,2.24030959e-03,2.20539898e-03,2.11738390e-03,1.98250428e-03,1.80529251e-03,1.58830280e-03,1.33197704e-03,1.03460683e-03,6.92395772e-04,2.99621047e-04,-1.51107165e-04,-6.68489616e-04,-1.26208574e-03,-1.94176706e-03
-6.61278780e-04,-3.76110406e-03,-6.70050705e-03,-9.45063904e-03,-1.19855547e-02,-1.42823616e-02,-1.63213731e-02,-1.80862572e-02,-1.95641670e-02,-2.07458282e-02,-2.16255533e-02,-2.22010953e-02,-2.24731327e-02,-2.24520289e-02,-2.21394906e-02,-2.15470348e-02,-2.06874971e-02,-1.95754584e-02,-1.82269134e-02,-1.66588882e-02,-1.48890799e-02,-1.29355413e-02,-1.08164249e-02,-8.54979373e-03,-6.15350260e-03,-3.64514797e-03,-1.04208302e-03,1.63850812e-03,4.37947755e-03,7.16359209e-03,9.97333802e-03,1.27907360e-02,1.55971619e-02,1.83731862e-02,2.10984460e-02,2.37515614e-02,2.63101056e-02,2.87506421e-02,3.10488336e-02,3.31796337e-02,3.51175641e-02,3.68370825e-02,3.83130394e-02,3.95212188e-02,4.04389449e-02,4.10457104e-02,4.13236061e-02,4.12585363e-02,4.08499475e-02,4.00845169e-02,3.89650506e-02,3.74992782e-02,3.57007761e-02,3.35890338e-02,3.11891476e-02,2.85312555e-02,2.56497657e-02,2.25824391e-02,1.93693925e-02,1.60520939e-02,1.26724168e-02,9.27180326e-03,5.89056811e-03,2.56735325e-03
3.58251460e-04,1.01051429e-03,1.68326406e-03,2.36950663e-03,3.06223855e-03,3.75450081e-03,4.43941776e-03,5.11022596e-03,5.76029903e-03,6.38317522e-03,6.97259413e-03,7.52254770e-03,8.02734821e-03,8.48171350e-03,8.88086614e-03,9.22064055e-03,9.49758950e-03,9.70907979e-03,9.85336631e-03,9.92963056e-03,9.93792102e-03,9.87985077e-03,9.75680329e-03,9.57148700e-03,9.32718946e-03,9.02765232e-03,8.67693944e-03,8.27930700e-03,7.83909407e-03,7.36064262e-03,6.84825078e-03,6.30615912e-03,5.73856565e-03,5.14966219e-03,4.54368327e-03,3.92495812e-03,3.29795699e-03,2.66732528e-03,2.03790096e-03,1.41471361e-03,8.02965518e-04,2.07997198e-04,-3.64759419e-04,-9.09836193e-04,-1.42179336e-03,-1.89528488e-03,-2.32512825e-03,-2.70637748e-03,-3.03439953e-03,-3.30495444e-03,-3.51427855e-03,-3.65916756e-03,-3.73703634e-03,-3.74627094e-03,-3.68566724e-03,-3.55509319e-03,-3.35530756e-03,-3.08798064e-03,-2.75568849e-03,-2.36187629e-03,-1.91079502e-03,-1.40741534e-03,-8.57324134e-04,-2.66610500e-04
-3.49953998e-03,-1.21177729e-03,1.11508121e-03,3.46467363e-03,5.81897691e-03,8.15832820e-03,1.04614835e-02,1.27057016e-02,1.48668553e-02,1.69195733e-02,1.88374226e-02,2.05931387e-02,2.21589201e-02,2.35068000e-02,2.46091133e-02,2.54390677e-02,2.59714068e-02,2.61829843e-02,2.60558795e-02,2.55778769e-02,2.47359094e-02,2.35282179e-02,2.19603651e-02,2.00463917e-02,1.78093618e-02,1.52814095e-02,1.25032431e-02,9.52307609e-03,6.39500884e-03,3.17695218e-03,-7.17529881e-05,-3.29278433e-03,-6.43126132e-03,-9.43783262e-03,-1.22702232e-02,-1.48942452e-02,-1.72842101e-02,-1.94227827e-02,-2.13003657e-02,-2.29141384e-02,-2.42668790e-02,-2.53656975e-02,-2.62207822e-02,-2.68442360e-02,-2.72490097e-02,-2.74476048e-02,-2.74573522e-02,-2.72853003e-02,-2.69430000e-02,-2.64399803e-02,-2.57843360e-02,-2.49829011e-02,-2.40414281e-02,-2.29648034e-02,-2.17572926e-02,-2.04228030e-02,-1.89651537e-02,-1.73883441e-02,-1.56968137e-02,-1.38956871e-02,-1.19909982e-02,-9.98989025e-03,-7.90078887e-03,-5.73354377e-03
-1.96977469e-02,-1.99330686e-02,-2.00286879e-02,-1.99922611e-02,-1.98312011e-02,-1.95562640e-02,-1.91790172e-02,-1.87114747e-02,-1.81656308e-02,-1.75530534e-02,-1.68845638e-02,-1.61700131e-02,-1.54181551e-02,-1.46366101e-02,-1.38319114e-02,-1.30096182e-02,-1.21744788e-02,-1.13306257e-02,-1.04817825e-02,-9.63146502e-03,-8.78316068e-03,-7.94047272e-03,-7.10722156e-03,-6.28749913e-03,-5.48567698e-03,-4.70637381e-03,-3.95439127e-03,-3.23462987e-03,-2.55199804e-03,-1.91132755e-03,-1.31730685e-03,-7.74441313e-04,-2.87045740e-04,1.40730182e-04,5.04845249e-04,8.01295209e-04,1.02602838e-03,1.17486985e-03,1.24346943e-03,1.22729804e-03,1.12177516e-03,9.22157781e-04,6.23986324e-04,2.23258949e-04,-2.83211822e-04,-8.97390855e-04,-1.61959258e-03,-2.44804245e-03,-3.37847871e-03,-4.40383111e-03,-5.51401635e-03,-6.69588515e-03,-7.93334686e-03,-9.20768391e-03,-1.04980525e-02,-1.17821480e-02,-1.30369963e-02,-1.42398200e-02,-1.53689183e-02,-1.64044982e-02,-1.73293993e-02,-1.81296645e-02,-1.87949232e-02,-1.93185721e-02
-2.16854793e-02,-2.34621325e-02,-2.52161771e-02,-2.69236229e-02,-2.85609813e-02,-3.01058558e-02,-3.15374626e-02,-3.28370623e-02,-3.39882875e-02,-3.49773624e-02,-3.57932184e-02,-3.64275068e-02,-3.68744930e-02,-3.71306925e-02,-3.71985980e-02,-3.70781881e-02,-3.67723105e-02,-3.62871995e-02,-3.56306631e-02,-3.48121544e-02,-3.38426821e-02,-3.27346981e-02,-3.15019753e-02,-3.01594730e-02,-2.87231836e-02,-2.72099557e-02,-2.56372898e-02,-2.40231049e-02,-2.23854785e-02,-2.07423630e-02,-1.91112880e-02,-1.75090575e-02,-1.59514548e-02,-1.44529704e-02,-1.30265667e-02,-1.16834951e-02,-1.04331791e-02,-9.28317371e-03,-8.23920716e-03,-7.30530706e-03,-6.48400530e-03,-5.77661068e-03,-5.18353165e-03,-4.70462672e-03,-4.33955658e-03,-4.08811305e-03,-3.95052584e-03,-3.92725806e-03,-4.02000686e-03,-4.23086918e-03,-4.56247099e-03,-5.01775652e-03,-5.59964925e-03,-6.31064550e-03,-7.15236049e-03,-8.12505629e-03,-9.22718401e-03,-1.04549733e-02,-1.18021001e-02,-1.32594597e-02,-1.48150658e-02,-1.64540891e-02,-1.81590387e-02,-1.99100808e-02
-2.48695119e-02,-2.47380467e-02,-2.44575058e-02,-2.40501622e-02,-2.35404565e-02,-2.29539774e-02,-2.23163540e-02,-2.16521638e-02,-2.09839027e-02,-2.03310596e-02,-1.97093325e-02,-1.91300260e-02,-1.85996650e-02,-1.81198541e-02,-1.76874030e-02,-1.72947209e-02,-1.69304674e-02,-1.65804238e-02,-1.62285323e-02,-1.58580350e-02,-1.54526391e-02,-1.49976293e-02,-1.44808547e-02,-1.38935276e-02,-1.32307942e-02,-1.24920566e-02,-1.16810473e-02,-1.08056757e-02,-9.87768011e-03,-8.91212554e-03,-7.92679317e-03,-6.94150466e-03,-5.97742177e-03,-5.05635481e-03,-4.20010677e-03,-3.42987206e-03,-2.76570169e-03,-2.22603957e-03,-1.82732984e-03,-1.58369686e-03,-1.50654008e-03,-1.60450809e-03,-1.88321289e-03,-2.34491398e-03,-2.98841162e-03,-3.80885385e-03,-4.79757043e-03,-5.94194948e-03,-7.22538648e-03,-8.62734256e-03,-1.01235512e-02,-1.16864071e-02,-1.32855607e-02,-1.48887202e-02,-1.64626453e-02,-1.79742877e-02,-1.93920149e-02,-2.06868400e-02,-2.18335698e-02,-2.28117941e-02,-2.36066451e-02,-2.42092792e-02,-2.46170280e-02,-2.48330528e-02
-3.11766791e-02,-3.19402727e-02,-3.25175289e-02,-3.29053521e-02,-3.31052837e-02,-3.31284838e-02,-3.29813532e-02,-3.26786018e-02,-3.22371574e-02,-3.16755841e-02,-3.10134400e-02,-3.02705905e-02,-2.94665669e-02,-2.86199938e-02,-2.77480964e-02,-2.68662960e-02,-2.59878978e-02,-2.51238743e-02,-2.42827464e-02,-2.34705621e-02,-2.26909707e-02,-2.19453856e-02,-2.12332295e-02,-2.05522472e-02,-1.98988724e-02,-1.92686304e-02,-1.86565569e-02,-1.80576145e-02,-1.74670888e-02,-1.68809494e-02,-1.62961628e-02,-1.57109507e-02,-1.51249898e-02,-1.45395523e-02,-1.39575900e-02,-1.33837664e-02,-1.28244403e-02,-1.22876063e-02,-1.17827917e-02,-1.13209114e-02,-1.09140778e-02,-1.05753601e-02,-1.03184946e-02,-1.01575747e-02,-1.01060469e-02,-1.01771241e-02,-1.03831120e-02,-1.07340872e-02,-1.12376669e-02,-1.18983104e-02,-1.27166913e-02,-1.36891597e-02,-1.48073445e-02,-1.60579485e-02,-1.74227809e-02,-1.88790584e-02,-2.03999865e-02,-2.19556065e-02,-2.35138670e-02,-2.50418570e-02,-2.65071171e-02,-2.78789373e-02,-2.91295529e-02,-3.02351579e-02
1.38736466e-02,1.37573859e-02,1.36272115e-02,1.34796593e-02,1.33127904e-02,1.31262694e-02,1.29213621e-02,1.27008637e-02,1.24689682e-02,1.22310934e-02,1.19936744e-02,1.17639358e-02,1.15496515e-02,1.13588973e-02,1.11997983e-02,1.10802758e-02,1.10077947e-02,1.09891479e-02,1.10297820e-02,1.11343952e-02,1.13061675e-02,1.15465276e-02,1.18551300e-02,1.22297370e-02,1.26661759e-02,1.31583667e-02,1.36984239e-02,1.42768304e-02,1.48826796e-02,1.55039764e-02,1.61279856e-02,1.67416137e-02,1.73318078e-02,1.78859565e-02,1.83922767e-02,1.88401723e-02,1.92205531e-02,1.95261031e-02,1.97514904e-02,1.98935092e-02,1.99511226e-02,1.99257795e-02,1.98214615e-02,1.96428675e-02,1.93975340e-02,1.90945146e-02,1.87441517e-02,1.83577201e-02,1.79470132e-02,1.75238943e-02,1.70998340e-02,1.66854536e-02,1.62901022e-02,1.59214906e-02,1.55854049e-02,1.52855217e-02,1.50233348e-02,1.47982021e-02,1.46075069e-02,1.44469253e-02,1.43107795e-02,1.41924537e-02,1.40848450e-02,1.39808196e-02
2.28727487e-02,2.50610919e-02,2.72597128e-02,2.94626469e-02,3.16642016e-02,3.38586710e-02,3.60400596e-02,3.82018187e-02,4.03365952e-02,4.24359963e-02,4.44903723e-02,4.64886206e-02,4.84180184e-02,5.02640875e-02,5.20105009e-02,5.36390387e-02,5.51296043e-02,5.64603110e-02,5.76076520e-02,5.85467626e-02,5.92517754e-02,5.96962166e-02,5.98529083e-02,5.97020194e-02,5.92220834e-02,5.83879553e-02,5.71855106e-02,5.56059645e-02,5.36476821e-02,5.13176585e-02,4.86327125e-02,4.56203197e-02,4.23189515e-02,3.87777921e-02,3.50557435e-02,3.12196969e-02,2.73421322e-02,2.34981973e-02,1.97624963e-02,1.62058631e-02,1.28924049e-02,9.87706497e-03,7.20388249e-03,4.90503929e-03,3.00068634e-03,1.49946613e-03,3.99590509e-04,-3.09689468e-04,-6.46348010e-04,-6.34230715e-04,-3.00526156e-04,3.24989429e-04,1.21155568e-03,2.32857722e-03,3.64647082e-03,5.13731543e-03,6.77530106e-03,8.53699988e-03,1.04014875e-02,1.23503421e-02,1.43675467e-02,1.64393181e-02,1.85538824e-02,2.07012134e-02
-8.72454753e-04,-1.32362539e-03,-1.99316738e-03,-2.88788942e-03,-4.00727703e-03,-5.34267134e-03,-6.87683491e-03,-8.58399972e-03,-1.04304607e-02,-1.23757288e-02,-1.43741981e-02,-1.63772191e-02,-1.83354179e-02,-2.02010674e-02,-2.19303081e-02,-2.34850403e-02,-2.48343501e-02,-2.59553935e-02,-2.68337222e-02,-2.74630760e-02,-2.78446444e-02,-2.79876714e-02,-2.79071798e-02,-2.76186492e-02,-2.71440976e-02,-2.65072319e-02,-2.57328034e-02,-2.48458025e-02,-2.38707666e-02,-2.28312242e-02,-2.17492673e-02,-2.06452317e-02,-1.95374662e-02,-1.84421681e-02,-1.73732674e-02,-1.63423449e-02,-1.53585755e-02,-1.44286927e-02,-1.35569772e-02,-1.27452756e-02,-1.19930589e-02,-1.12975360e-02,-1.06538321e-02,-1.00552442e-02,-9.49357935e-03,-8.95957628e-03,-8.44340372e-03,-7.93522105e-03,-7.42578066e-03,-6.90704564e-03,-6.37279322e-03,-5.81917316e-03,-5.24519172e-03,-4.65309530e-03,-4.04863220e-03,-3.44117624e-03,-2.84370070e-03,-2.27259501e-03,-1.74731967e-03,-1.28989712e-03,-9.24238738e-04,-6.75312423e-04,-5.68134130e-04,-6.26621685e-04
1.27373435e-02,1.27457976e-02,1.26495795e-02,1.24489491e-02,1.21493234e-02,1.17598486e-02,1.12932646e-02,1.07655087e-02,1.01951098e-02,9.60241075e-03,9.00866430e-03,8.43505652e-03,7.90172233e-03,7.42681740e-03,7.02570619e-03,6.71031496e-03,6.48868310e-03,6.36473189e-03,6.33827870e-03,6.40474870e-03,6.55659704e-03,6.78285622e-03,7.06993146e-03,7.40232476e-03,7.76330269e-03,8.13558371e-03,8.50201318e-03,8.84620691e-03,9.15314811e-03,9.40972509e-03,9.60519730e-03,9.73157615e-03,9.78389569e-03,9.76052602e-03,9.66332403e-03,9.49672157e-03,9.26864103e-03,8.98967318e-03,8.67267812e-03,8.33224842e-03,7.98408910e-03,7.64434945e-03,7.32894167e-03,7.05288241e-03,6.82969037e-03,6.67086885e-03,6.58549798e-03,6.58000554e-03,6.65733064e-03,6.81838209e-03,7.06060194e-03,7.37868080e-03,7.76472097e-03,8.20849292e-03,8.69774574e-03,9.21855636e-03,9.75571030e-03,1.02931107e-02,1.08142144e-02,1.13024950e-02,1.17419311e-02,1.21175175e-02,1.24157895e-02,1.26253461e-02
2.62134654e-02,2.64757402e-02,2.66041622e-02,2.65965592e-02,2.64565815e-02,2.61836253e-02,2.57826230e-02,2.52597194e-02,2.46223716e-02,2.38791096e-02,2.30392582e-02,2.21126757e-02,2.11095387e-02,2.00401860e-02,1.89150306e-02,1.77445367e-02,1.65392506e-02,1.53098683e-02,1.40673163e-02,1.28228229e-02,1.15879553e-02,1.03746053e-02,9.19491088e-03,8.06111161e-03,6.98534103e-03,5.97937057e-03,5.05432326e-03,4.22038079e-03,3.48650758e-03,2.86021452e-03,2.34738073e-03,1.95214590e-03,1.67687949e-03,1.52222694e-03,1.48723355e-03,1.56939078e-03,1.76512152e-03,2.06979289e-03,2.47799593e-03,2.98380310e-03,3.58096858e-03,4.26309479e-03,5.02375378e-03,5.85655847e-03,6.75518275e-03,7.71333330e-03,8.72467925e-03,9.78274857e-03,1.08808025e-02,1.20117002e-02,1.31677675e-02,1.43406820e-02,1.55213880e-02,1.67000504e-02,1.78660580e-02,1.90080799e-02,2.01141797e-02,2.11719854e-02,2.21689130e-02,2.30924332e-02,2.39303745e-02,2.46712453e-02,2.53045609e-02,2.58211564e-02
-2.19237819e-02,-2.00424209e-02,-1.81629430e-02,-1.62957262e-02,-1.44516572e-02,-1.26423588e-02,-1.08804267e-02,-9.17965465e-03,-7.55522696e-03,-6.02385322e-03,-4.60382102e-03,-3.31494256e-03,-2.17837299e-03,-1.21628210e-03,-4.51365663e-04,9.38101376e-05,3.97598561e-04,4.40263283e-04,2.05158457e-04,-3.20494903e-04,-1.14412390e-03,-2.26693975e-03,-3.68308018e-03,-5.37905713e-03,-7.33358206e-03,-9.51783243e-03,-1.18961877e-02,-1.44274162e-02,-1.70662434e-02,-1.97651865e-02,-2.24765054e-02,-2.51541070e-02,-2.77552465e-02,-3.02419001e-02,-3.25817248e-02,-3.47485736e-02,-3.67225823e-02,-3.84898852e-02,-4.00420436e-02,-4.13752822e-02,-4.24896304e-02,-4.33880503e-02,-4.40756132e-02,-4.45587441e-02,-4.48444617e-02,-4.49425696e-02,-4.48616273e-02,-4.46068190e-02,-4.41866533e-02,-4.36091138e-02,-4.28820990e-02,-4.20135708e-02,-4.10116643e-02,-3.98847739e-02,-3.86416106e-02,-3.72912262e-02,-3.58430033e-02,-3.43066144e-02,-3.26919564e-02,-3.10090714e-02,-2.92680643e-02,-2.74790307e-02,-2.56520071e-02,-2.37969543e-02
2.40645654e-02,2.36457380e-02,2.32750265e-02,2.29403774e-02,2.26277593e-02,2.23221747e-02,2.20087379e-02,2.16737617e-02,2.13057951e-02,2.08965503e-02,2.04416557e-02,1.99411777e-02,1.93998618e-02,1.88270657e-02,1.82363756e-02,1.76449268e-02,1.70724725e-02,1.65402725e-02,1.60698879e-02,1.56819787e-02,1.53951996e-02,1.52252821e-02,1.51844667e-02,1.52796213e-02,1.55151318e-02,1.58907082e-02,1.64018617e-02,1.70407069e-02,1.77964604e-02,1.86560210e-02,1.96045535e-02,2.06260328e-02,2.17037170e-02,2.28205357e-02,2.39593875e-02,2.51033521e-02,2.62358323e-02,2.73406430e-02,2.84020736e-02,2.94049466e-02,3.03346974e-02,3.11774967e-02,3.19204286e-02,3.25517357e-02,3.30611266e-02,3.34401352e-02,3.36824999e-02,3.37844553e-02,3.37457827e-02,3.35711121e-02,3.32642037e-02,3.28352610e-02,3.22975876e-02,3.16674691e-02,3.09636687e-02,3.02067010e-02,2.94179501e-02,2.86186898e-02,2.78290722e-02,2.70671535e-02,2.63480267e-02,2.56831209e-02,2.50797146e-02,2.45406930e-02
-3.27709485e-02,-3.36972170e-02,-3.45667173e-02,-3.53702796e-02,-3.61004608e-02,-3.67515544e-02,-3.73195222e-02,-3.78018564e-02,-3.81973844e-02,-3.85060338e-02,-3.87285680e-02,-3.88662782e-02,-3.89213050e-02,-3.88968308e-02,-3.87933500e-02,-3.86133927e-02,-3.83593077e-02,-3.80335308e-02,-3.76387185e-02,-3.71778849e-02,-3.66545386e-02,-3.60728000e-02,-3.54374840e-02,-3.47541310e-02,-3.40289812e-02,-3.32688881e-02,-3.24811786e-02,-3.16734701e-02,-3.08534621e-02,-3.00287219e-02,-2.92064862e-02,-2.83934970e-02,-2.75958902e-02,-2.68191466e-02,-2.60681121e-02,-2.53470837e-02,-2.46599520e-02,-2.40103860e-02,-2.34020376e-02,-2.28387436e-02,-2.23247013e-02,-2.18645937e-02,-2.14636486e-02,-2.11276179e-02,-2.08626753e-02,-2.06752494e-02,-2.05719162e-02,-2.05573311e-02,-2.06379202e-02,-2.08177835e-02,-2.10996171e-02,-2.14844294e-02,-2.19712635e-02,-2.25570309e-02,-2.32364443e-02,-2.40020522e-02,-2.48443714e-02,-2.57521105e-02,-2.67124718e-02,-2.77115138e-02,-2.87345557e-02,-2.97666035e-02,-3.07927765e-02,-3.17987145e-02
3.84339724e-02,3.65297586e-02,3.45550654e-02,3.25601823e-02,3.05946911e-02,2.87049764e-02,2.69319677e-02,2.53093026e-02,2.38620494e-02,2.26060562e-02,2.15479271e-02,2.06855652e-02,2.00091805e-02,1.95026405e-02,1.91450326e-02,1.89123195e-02,1.87789853e-02,1.87195979e-02,1.87102844e-02,1.87293792e-02,1.87598338e-02,1.87883318e-02,1.88064549e-02,1.88108368e-02,1.88032505e-02,1.87897402e-02,1.87805422e-02,1.87892027e-02,1.88312594e-02,1.89241269e-02,1.90853081e-02,1.93316695e-02,1.96785127e-02,2.01387953e-02,2.07225246e-02,2.14363312e-02,2.22832236e-02,2.32625100e-02,2.43698644e-02,2.55975059e-02,2.69344599e-02,2.83668665e-02,2.98783089e-02,3.14501382e-02,3.30617795e-02,3.46910098e-02,3.63142085e-02,3.79065878e-02,3.94424165e-02,4.08952587e-02,4.22382507e-02,4.34444449e-02,4.44872455e-02,4.53409606e-02,4.59814765e-02,4.63870229e-02,4.65387121e-02,4.64255223e-02,4.60412517e-02,4.53799319e-02,4.44483806e-02,4.32611385e-02,4.18410709e-02,4.02192118e-02
-2.76929333e-02,-2.76991675e-02,-2.77388976e-02,-2.78097467e-02,-2.79056601e-02,-2.80171150e-02,-2.81315390e-02,-2.82338605e-02,-2.83071231e-02,-2.83339773e-02,-2.82968859e-02,-2.81779131e-02,-2.79614203e-02,-2.76340127e-02,-2.71852241e-02,-2.66080488e-02,-2.58993233e-02,-2.50599488e-02,-2.40949616e-02,-2.30134653e-02,-2.18284432e-02,-2.05564734e-02,-1.92173650e-02,-1.78337352e-02,-1.64305406e-02,-1.50345707e-02,-1.36739066e-02,-1.23773436e-02,-1.11737701e-02,-1.00914980e-02,-9.15753652e-03,-8.39681129e-03,-7.83134052e-03,-7.47942620e-03,-7.35417832e-03,-7.46347963e-03,-7.80976569e-03,-8.38802055e-03,-9.18629360e-03,-1.01856680e-02,-1.13606632e-02,-1.26800433e-02,-1.41080089e-02,-1.56057140e-02,-1.71330103e-02,-1.86502919e-02,-2.01202997e-02,-2.15097474e-02,-2.27906519e-02,-2.39412859e-02,-2.49467117e-02,-2.57988974e-02,-2.64964521e-02,-2.70440436e-02,-2.74515736e-02,-2.77331836e-02,-2.79061553e-02,-2.79897721e-02,-2.80054289e-02,-2.79724456e-02,-2.79104884e-02,-2.78375373e-02,-2.77691289e-02,-2.77178639e-02
-1.58858635e-02,-1.59366110e-02,-1.60843184e-02,-1.63151530e-02,-1.66137518e-02,-1.69639198e-02,-1.73494876e-02,-1.77552172e-02,-1.81676832e-02,-1.85760572e-02,-1.89727339e-02,-1.93537482e-02,-1.97189480e-02,-2.00719106e-02,-2.04196073e-02,-2.07718418e-02,-2.11404973e-02,-2.15386440e-02,-2.19795562e-02,-2.24757013e-02,-2.30377564e-02,-2.36737127e-02,-2.43881194e-02,-2.51815125e-02,-2.60500648e-02,-2.69854793e-02,-2.79751354e-02,-2.90024820e-02,-3.00476524e-02,-3.10882650e-02,-3.21003579e-02,-3.30593976e-02,-3.39412994e-02,-3.47233978e-02,-3.53853099e-02,-3.59096423e-02,-3.62824762e-02,-3.64934343e-02,-3.65399716e-02,-3.64178932e-02,-3.61289493e-02,-3.56791864e-02,-3.50776951e-02,-3.43363158e-02,-3.34691918e-02,-3.24922981e-02,-3.14229838e-02,-3.02795460e-02,-2.90808481e-02,-2.78459852e-02,-2.65939965e-02,-2.53436177e-02,-2.41130652e-02,-2.29198365e-02,-2.17805174e-02,-2.07105793e-02,-1.97241585e-02,-1.88338106e-02,-1.80502382e-02,-1.73820013e-02,-1.68352231e-02,-1.64133165e-02,-1.61167663e-02,-1.59430342e-02
1.92416461e-02,1.89500502e-02,1.88523839e-02,1.89610387e-02,1.92853648e-02,1.98312273e-02,2.05983280e-02,2.15816490e-02,2.27715076e-02,2.41538672e-02,2.57107917e-02,2.74209924e-02,2.92604284e-02,3.12029269e-02,3.32207971e-02,3.52854174e-02,3.73677828e-02,3.94390051e-02,4.14707627e-02,4.34357037e-02,4.53078058e-02,4.70627022e-02,4.86779792e-02,5.01334578e-02,5.14114622e-02,5.24970825e-02,5.33784292e-02,5.40468683e-02,5.44972035e-02,5.47276481e-02,5.47381154e-02,5.45460100e-02,5.41507663e-02,5.35674664e-02,5.28133237e-02,5.19079326e-02,5.08728787e-02,4.97310028e-02,4.85055402e-02,4.72192187e-02,4.58933813e-02,4.45471946e-02,4.31970018e-02,4.18558635e-02,4.05333163e-02,3.92353610e-02,3.79646746e-02,3.67210261e-02,3.55018609e-02,3.43030161e-02,3.31195192e-02,3.19464249e-02,3.07796445e-02,2.96167232e-02,2.84575248e-02,2.73047851e-02,2.61645009e-02,2.50461245e-02,2.39625444e-02,2.29298419e-02,2.19668269e-02,2.10943698e-02,2.03345667e-02,1.97097837e-02
-2.68307509e-02,-2.79095676e-02,-2.88501028e-02,-2.96457220e-02,-3.02932804e-02,-3.07927134e-02,-3.11464696e-02,-3.13587854e-02,-3.14361338e-02,-3.13855046e-02,-3.12117413e-02,-3.09213475e-02,-3.05199715e-02,-3.00124730e-02,-2.94029525e-02,-2.86948867e-02,-2.78913669e-02,-2.69954151e-02,-2.60103474e-02,-2.49401506e-02,-2.37898403e-02,-2.25657693e-02,-2.12758631e-02,-1.99297625e-02,-1.85388614e-02,-1.71162363e-02,-1.56764676e-02,-1.42353630e-02,-1.28095954e-02,-1.14162751e-02,-1.00724787e-02,-8.79475922e-03,-7.59866655e-03,-6.49830546e-03,-5.50595888e-03,-4.63180187e-03,-3.88372696e-03,-3.26729509e-03,-2.78581775e-03,-2.44056629e-03,-2.23109841e-03,-2.15556737e-03,-2.21127483e-03,-2.39521179e-03,-2.70420254e-03,-3.13534524e-03,-3.68616696e-03,-4.35462868e-03,-5.13895971e-03,-6.03732707e-03,-7.04736629e-03,-8.16561844e-03,-9.38693357e-03,-1.07039103e-02,-1.21064443e-02,-1.35814514e-02,-1.51128195e-02,-1.66816163e-02,-1.82665573e-02,-1.98447062e-02,-2.13923507e-02,-2.28859788e-02,-2.43032661e-02,-2.56239840e-02
3.30195545e-02,3.11221596e-02,2.91345895e-02,2.70713020e-02,2.49492388e-02,2.27881280e-02,2.06105896e-02,1.84419931e-02,1.63100444e-02,1.42441039e-02,1.22742767e-02,1.04303397e-02,8.74059634e-03,7.23075881e-03,5.92295430e-03,4.83493903e-03,3.97957729e-03,3.36461384e-03,2.99273913e-03,2.86193190e-03,2.96576368e-03,3.29437663e-03,3.83540945e-03,4.57422215e-03,5.49494689e-03,6.58111006e-03,7.81616546e-03,9.18389897e-03,1.06686958e-02,1.22556743e-02,1.39306991e-02,1.56802933e-02,1.74914738e-02,1.93515362e-02,2.12478172e-02,2.31674598e-02,2.50972061e-02,2.70232363e-02,2.89310714e-02,3.08055491e-02,3.26308782e-02,3.43907730e-02,3.60686613e-02,3.76479585e-02,3.91123927e-02,4.04463650e-02,4.16353238e-02,4.26661328e-02,4.35274085e-02,4.42098041e-02,4.47062134e-02,4.50118515e-02,4.51239957e-02,4.50446450e-02,4.47770158e-02,4.43220829e-02,4.36860186e-02,4.28758109e-02,4.18991754e-02,4.07643089e-02,3.94796738e-02,3.80538861e-02,3.64957380e-02,3.48143654e-02
2.65469443e-02,2.55687861e-02,2.45004085e-02,2.33431065e-02,2.21005418e-02,2.07791590e-02,1.93884963e-02,1.79413569e-02,1.64538098e-02,1.49449979e-02,1.34367472e-02,1.19529835e-02,1.05189833e-02,9.16050272e-03,7.90283869e-03,6.76988747e-03,5.78326372e-03,4.96153851e-03,4.31964133e-03,3.86845606e-03,3.61462505e-03,3.56058934e-03,3.70422245e-03,4.04034157e-03,4.56011618e-03,5.25177116e-03,6.10119284e-03,7.09242685e-03,8.20816542e-03,9.43019564e-03,1.07397973e-02,1.21180863e-02,1.35463048e-02,1.50060641e-02,1.64795479e-02,1.79496845e-02,1.94002975e-02,2.08162434e-02,2.21835399e-02,2.34894902e-02,2.47228022e-02,2.58736992e-02,2.69340169e-02,2.78972773e-02,2.87587309e-02,2.95153557e-02,3.01658061e-02,3.07103029e-02,3.11504652e-02,3.14890832e-02,3.17298396e-02,3.18769840e-02,3.19349294e-02,3.19084473e-02,3.18022711e-02,3.16185034e-02,3.13597845e-02,3.10275298e-02,3.06219897e-02,3.01423016e-02,2.95866175e-02,2.89523205e-02,2.82363282e-02,2.74354724e-02
1.02243719e-02,9.32740235e-03,8.12808420e-03,6.63915098e-03,4.87985206e-03,2.87570945e-03,6.58027769e-04,-1.73682294e-03,-4.26833243e-03,-6.89305074e-03,-9.56582165e-03,-1.22411377e-02,-1.48745138e-02,-1.74238103e-02,-1.98504391e-02,-2.21203908e-02,-2.42050361e-02,-2.60816675e-02,-2.77337667e-02,-2.91510020e-02,-3.03289737e-02,-3.12687417e-02,-3.19761711e-02,-3.24611226e-02,-3.27364383e-02,-3.28196041e-02,-3.27266238e-02,-3.24736974e-02,-3.20785976e-02,-3.15580015e-02,-3.09271568e-02,-3.01994787e-02,-2.93862450e-02,-2.84964132e-02,-2.75365639e-02,-2.65109685e-02,-2.54217767e-02,-2.42693112e-02,-2.30524596e-02,-2.17691427e-02,-2.04168406e-02,-1.89931536e-02,-1.74963708e-02,-1.59260235e-02,-1.42833978e-02,-1.25719839e-02,-1.07978452e-02,-8.96989120e-03,-7.10004453e-03,-5.20329767e-03,-3.29765657e-03,-1.40397368e-03,4.54325488e-04,2.25159995e-03,3.96048459e-03,5.55243950e-03,6.99837327e-03,8.26933672e-03,9.33727008e-03,1.01757880e-02,1.07609801e-02,1.10721779e-02,1.10923254e-02,1.08127451e-02
-4.41608659e-02,-4.34649087e-02,-4.26883397e-02,-4.18450054e-02,-4.09479806e-02,-4.00092829e-02,-3.90396882e-02,-3.80486464e-02,-3.70442875e-02,-3.60335071e-02,-3.50221147e-02,-3.40150284e-02,-3.30164973e-02,-3.20303343e-02,-3.10601424e-02,-3.01095217e-02,-2.91822439e-02,-2.82823892e-02,-2.74144386e-02,-2.65833210e-02,-2.57944176e-02,-2.50535249e-02,-2.43667840e-02,-2.37405813e-02,-2.31814279e-02,-2.26958262e-02,-2.22901297e-02,-2.19704065e-02,-2.17423244e-02,-2.16111436e-02,-2.15801349e-02,-2.16536804e-02,-2.18347799e-02,-2.21252160e-02,-2.25258869e-02,-2.30367076e-02,-2.36565566e-02,-2.43832227e-02,-2.52133373e-02,-2.61422866e-02,-2.71641007e-02,-2.82713234e-02,-2.94548729e-02,-3.07039111e-02,-3.20057447e-02,-3.33457864e-02,-3.47076054e-02,-3.60730910e-02,-3.74227477e-02,-3.87361258e-02,-3.99923766e-02,-4.11709074e-02,-4.22520946e-02,-4.32180055e-02,-4.40530732e-02,-4.47446704e-02,-4.52835318e-02,-4.56639636e-02,-4.58837146e-02,-4.59472069e-02,-4.58583140e-02,-4.56236580e-02,-4.52540868e-02,-4.47619764e-02
1.48947553e-02,1.59730394e-02,1.70044451e-02,1.79907929e-02,1.89341810e-02,1.98366634e-02,2.06999597e-02,2.15251996e-02,2.23127051e-02,2.30618123e-02,2.37707289e-02,2.44364285e-02,2.50545790e-02,2.56195029e-02,2.61241705e-02,2.65602266e-02,2.69180530e-02,2.71868699e-02,2.73548698e-02,2.74092731e-02,2.73382296e-02,2.71286270e-02,2.67668948e-02,2.62414396e-02,2.55421697e-02,2.46613338e-02,2.35943530e-02,2.23406582e-02,2.09044856e-02,1.92955635e-02,1.75296094e-02,1.56285564e-02,1.36204375e-02,1.15388779e-02,9.42217994e-03,7.31202599e-03,5.25187209e-03,3.28514139e-03,1.45335643e-03,-2.05641629e-04,-1.65922477e-03,-2.88123185e-03,-3.85277136e-03,-4.56257061e-03,-5.00689074e-03,-5.18928840e-03,-5.12013713e-03,-4.81403909e-03,-4.29085556e-03,-3.57362646e-03,-2.68754596e-03,-1.65892970e-03,-5.14272938e-04,7.20569217e-04,2.02105735e-03,3.36454030e-03,4.73064792e-03,6.10156655e-03,7.46219015e-03,8.80015775e-03,1.01057894e-02,1.13719341e-02,1.25937449e-02,1.37683954e-02
1.37426394e-04,2.71477059e-04,2.26459006e-04,4.80093726e-06,-3.92681838e-04,-9.67162330e-04,-1.72210901e-03,-2.66323749e-03,-3.79813994e-03,-5.13555999e-03,-6.68432358e-03,-8.45197140e-03,-1.04431767e-02,-1.26580698e-02,-1.50906224e-02,-1.77272672e-02,-2.05459313e-02,-2.35156428e-02,-2.65968234e-02,-2.97423128e-02,-3.28990792e-02,-3.60104864e-02,-3.90189070e-02,-4.18684287e-02,-4.45073889e-02,-4.68905073e-02,-4.89804489e-02,-5.07487332e-02,-5.21759834e-02,-5.32515640e-02,-5.39725778e-02,-5.43417709e-02,-5.43824276e-02,-5.40960547e-02,-5.35026754e-02,-5.26234045e-02,-5.14803428e-02,-5.00962515e-02,-4.84941455e-02,-4.66970054e-02,-4.47276141e-02,-4.26084940e-02,-4.03619175e-02,-3.80099598e-02,-3.55745697e-02,-3.30776353e-02,-3.05410275e-02,-2.79866074e-02,-2.54361883e-02,-2.29114458e-02,-2.04337745e-02,-1.80240911e-02,-1.57025903e-02,-1.34884600e-02,-1.13995691e-02,-9.45214653e-03,-7.66046872e-03,-6.03658440e-03,-4.59010095e-03,-3.32806166e-03,-2.25493932e-03,-1.37276677e-03,-6.81416425e-04,-1.79028529e-04
2.86447232e-03,2.08989210e-03,1.30038967e-03,5.02023456e-04,-3.02760892e-04,-1.11491796e-03,-1.93830484e-03,-2.77894295e-03,-3.64410278e-03,-4.54128379e-03,-5.47716864e-03,-6.45663067e-03,-7.48186771e-03,-8.55172555e-03,-9.66125965e-03,-1.08015662e-02,-1.19598933e-02,-1.31200217e-02,-1.42628842e-02,-1.53673741e-02,-1.64112788e-02,-1.73722696e-02,-1.82288747e-02,-1.89613694e-02,-1.95525282e-02,-1.99881900e-02,-2.02575464e-02,-2.03544933e-02,-2.02762960e-02,-2.00219870e-02,-1.95955165e-02,-1.90036253e-02,-1.82556037e-02,-1.73628964e-02,-1.63386934e-02,-1.51975455e-02,-1.39550201e-02,-1.26274085e-02,-1.12314885e-02,-9.78434086e-03,-8.30321353e-03,-6.80542477e-03,-5.30829213e-03,-3.82907269e-03,-2.38489832e-03,-9.92689247e-04,3.30969989e-04,1.56999737e-03,2.70906406e-03,3.73389289e-03,4.63161926e-03,5.39120386e-03,6.00387221e-03,6.46354874e-03,6.76724324e-03,6.91533399e-03,6.91160001e-03,6.76449187e-03,6.48380210e-03,6.08335224e-03,5.57897809e-03,4.98782721e-03,4.32740277e-03,3.61454874e-03
-4.03409866e-02,-4.07072474e-02,-4.07977685e-02,-4.06211433e-02,-4.01904826e-02,-3.95219335e-02,-3.86318325e-02,-3.75364908e-02,-3.62518678e-02,-3.47933448e-02,-3.31756182e-02,-3.14126998e-02,-2.95180050e-02,-2.75045054e-02,-2.53849230e-02,-2.31719459e-02,-2.08784477e-02,-1.85176961e-02,-1.61035409e-02,-1.36505734e-02,-1.11742519e-02,-8.69099238e-03,-6.21821852e-03,-3.77437326e-03,-1.37888703e-03,9.47898191e-04,3.18483093e-03,5.31016260e-03,7.30175891e-03,9.13737883e-03,1.07950081e-02,1.22532416e-02,1.34917051e-02,1.44915048e-02,1.52356813e-02,1.57096378e-02,1.59014301e-02,1.58030718e-02,1.54109977e-02,1.47215204e-02,1.37373039e-02,1.24644699e-02,1.09127440e-02,9.09536170e-03,7.02892233e-03,4.73324179e-03,2.23122903e-03,-4.51206665e-04,-3.28520267e-03,-6.23906829e-03,-9.27843712e-03,-1.23665175e-02,-1.54645228e-02,-1.85323004e-02,-2.15291659e-02,-2.44149141e-02,-2.71509491e-02,-2.97014467e-02,-3.20344497e-02,-3.41228005e-02,-3.59448277e-02,-3.74847339e-02,-3.87326611e-02,-3.96844367e-02
-6.48043258e-03,-5.23145451e-03,-3.96691068e-03,-2.69442013e-03,-1.42043663e-03,-1.50392749e-04,1.11111497e-03,2.36011104e-03,3.59300595e-03,4.80634842e-03,5.99657986e-03,7.15980020e-03,8.29155497e-03,9.38665238e-03,1.04390185e-02,1.14415964e-02,1.23862957e-02,1.32639944e-02,1.40645981e-02,1.47771556e-02,1.53900340e-02,1.58911480e-02,1.62682438e-02,1.65092217e-02,1.66024342e-02,1.65378301e-02,1.63069727e-02,1.59015753e-02,1.53169799e-02,1.45511866e-02,1.36053485e-02,1.24841104e-02,1.11958392e-02,9.75273257e-03,8.17079008e-03,6.46963412e-03,4.67217580e-03,2.80413039e-03,8.93397886e-04,-1.03066574e-03,-2.93803364e-03,-4.79889378e-03,-6.58446268e-03,-8.26777253e-03,-9.82437270e-03,-1.12329151e-02,-1.24756019e-02,-1.35384842e-02,-1.44116085e-02,-1.50890151e-02,-1.55685928e-02,-1.58517427e-02,-1.59442228e-02,-1.58536774e-02,-1.55894854e-02,-1.51640326e-02,-1.45910478e-02,-1.38852423e-02,-1.30618733e-02,-1.21363273e-02,-1.11237430e-02,-1.00386843e-02,-8.89487019e-03,-7.70496497e-03
1.96854544e-03,2.35616981e-03,2.71034731e-03,3.03469998e-03,3.33290503e-03,3.60861461e-03,3.86536955e-03,4.10649413e-03,4.33496341e-03,4.55324018e-03,4.76308450e-03,4.96534482e-03,5.15974445e-03,5.34468073e-03,5.51705620e-03,5.67216150e-03,5.80362865e-03,5.90347098e-03,5.96222052e-03,5.96913903e-03,5.91294552e-03,5.78152646e-03,5.56319395e-03,5.24714228e-03,4.82419551e-03,4.28758825e-03,3.63372687e-03,2.86288018e-03,1.97973863e-03,9.93779819e-04,-8.06173620e-05,-1.22434680e-03,-2.41407947e-03,-3.62307884e-03,-4.82228068e-03,-5.98158453e-03,-7.07126041e-03,-8.06336401e-03,-8.93305140e-03,-9.65969497e-03,-1.02277225e-02,-1.06271237e-02,-1.08535431e-02,-1.09093155e-02,-1.08003681e-02,-1.05376624e-02,-1.01361802e-02,-9.61365616e-03,-8.98967524e-03,-8.28474709e-03,-7.51943900e-03,-6.71360762e-03,-5.88575634e-03,-5.05253484e-03,-4.22838812e-03,-3.42535356e-03,-2.65299729e-03,-1.91847387e-03,-1.22668774e-03,-5.80530957e-04,1.88308675e-05,5.71651563e-04,1.07930281e-03,1.54399648e-03
-3.16704938e-03,-3.44568530e-03,-3.54481100e-03,-3.45934404e-03,-3.18768899e-03,-2.73221519e-03,-2.09873846e-03,-1.29627115e-03,-3.36710231e-04,7.65493907e-04,1.99366581e-03,3.32925677e-03,4.75214984e-03,6.24096831e-03,7.77338120e-03,9.32641536e-03,1.08767851e-02,1.24012495e-02,1.38770065e-02,1.52821270e-02,1.65960282e-02,1.77999776e-02,1.88776108e-02,1.98154390e-02,2.06033129e-02,2.12348062e-02,2.17074746e-02,2.20229478e-02,2.21868046e-02,2.22080223e-02,2.21016483e-02,2.18805354e-02,2.15618015e-02,2.11632758e-02,2.07025157e-02,2.01959469e-02,1.96580544e-02,1.91007184e-02,1.85327463e-02,1.79596248e-02,1.73834951e-02,1.68033393e-02,1.62153502e-02,1.56134505e-02,1.49899243e-02,1.43361206e-02,1.36431952e-02,1.29028567e-02,1.21080870e-02,1.12538081e-02,1.03374689e-02,9.35952493e-03,8.32378747e-03,7.23761732e-03,6.11194651e-03,4.96111578e-03,3.80252673e-03,2.65611944e-03,1.54369960e-03,4.88151528e-04,-4.87416212e-04,-1.36052984e-03,-2.11020518e-03,-2.71768316e-03
6.66446557e-03,6.75294963e-03,6.81250108e-03,6.85279498e-03,6.88256798e-03,6.90917861e-03,6.93821218e-03,6.97314642e-03,7.01508445e-03,7.06257311e-03,7.11152478e-03,7.15525313e-03,7.18462884e-03,7.18833580e-03,7.15352319e-03,7.06589215e-03,6.91068695e-03,6.67337090e-03,6.34045405e-03,5.90036867e-03,5.34434360e-03,4.66722754e-03,3.86820262e-03,2.95132749e-03,1.92585256e-03,8.06259895e-04,-3.88002428e-04,-1.63308713e-03,-2.90163552e-03,-4.16388588e-03,-5.38895146e-03,-6.54617812e-03,-7.60648059e-03,-8.54356381e-03,-9.33494962e-03,-9.96275159e-03,-1.04141607e-02,-1.06815860e-02,-1.07635546e-02,-1.06626236e-02,-1.03857001e-02,-9.94426511e-03,-9.35306472e-03,-8.62949697e-03,-7.79293985e-03,-6.86409345e-03,-5.86435909e-03,-4.81526656e-03,-3.73795462e-03,-2.65270651e-03,-1.57854013e-03,-5.32852455e-04,4.68882410e-04,1.41335520e-03,2.28962584e-03,3.08925095e-03,3.80635744e-03,4.43765332e-03,4.98237351e-03,5.44215967e-03,5.82087459e-03,6.12435313e-03,6.36009406e-03,6.53689877e-03
-4.16187921e-02,-4.03749386e-02,-3.90313030e-02,-3.76043564e-02,-3.61095318e-02,-3.45610682e-02,-3.29718895e-02,-3.13535201e-02,-2.97160413e-02,-2.80680923e-02,-2.64169200e-02,-2.47684807e-02,-2.31275954e-02,-2.14981591e-02,-1.98834020e-02,-1.82861981e-02,-1.67094122e-02,-1.51562756e-02,-1.36307753e-02,-1.21380421e-02,-1.06847167e-02,-9.27927609e-03,-7.93229862e-03,-6.65664708e-03,-5.46755068e-03,-4.38256637e-03,-3.42140340e-03,-2.60559663e-03,-1.95801922e-03,-1.50223226e-03,-1.26171421e-03,-1.25848649e-03,-1.51290623e-03,-2.04160147e-03,-2.85662889e-03,-3.96426188e-03,-5.36394252e-03,-7.04746846e-03,-8.99850654e-03,-1.11925152e-02,-1.35971306e-02,-1.61730308e-02,-1.88752466e-02,-2.16548351e-02,-2.44607938e-02,-2.72420622e-02,-2.99494552e-02,-3.25373816e-02,-3.49652388e-02,-3.71984140e-02,-3.92088721e-02,-4.09753514e-02,-4.24832218e-02,-4.37240755e-02,-4.46951256e-02,-4.53984643e-02,-4.58401319e-02,-4.60300750e-02,-4.59870955e-02,-4.57184563e-02,-4.52420191e-02,-4.45755372e-02,-4.37372344e-02,-4.27455416e-02
7.25887244e-03,7.13795743e-03,6.96060167e-03,6.72944888e-03,6.44880525e-03,6.12447744e-03,5.76349765e-03,5.37375909e-03,4.96359152e-03,4.54131191e-03,4.11478740e-03,3.69104667e-03,3.27597078e-03,2.87408681e-03,2.48847806e-03,2.12081413e-03,1.77149352e-03,1.43988276e-03,1.12462819e-03,8.24012064e-04,5.36321663e-04,2.60200413e-04,-5.04770935e-06,-2.59224760e-04,-5.01094644e-04,-7.28339278e-04,-9.37617299e-04,-1.12472004e-03,-1.28481147e-03,-1.41273218e-03,-1.50334216e-03,-1.55186629e-03,-1.55432773e-03,-1.50762904e-03,-1.40999500e-03,-1.26104023e-03,-1.06183684e-03,-8.14882281e-04,-5.23976734e-04,-1.94021964e-04,1.69241572e-04,5.59537044e-04,9.70373750e-04,1.39535813e-03,1.82847350e-03,2.26430620e-03,2.69820095e-03,3.12633421e-03,3.54570145e-03,3.95402180e-03,4.34957130e-03,4.73096309e-03,5.09689821e-03,5.44591406e-03,5.77615881e-03,6.08521753e-03,6.37001194e-03,6.62678863e-03,6.85120222e-03,7.03849098e-03,7.18373312e-03,7.28216309e-03,7.32951674e-03,7.32237455e-03
-1.16834943e-02,-1.06623638e-02,-9.58591184e-03,-8.47074835e-03,-7.33248905e-03,-6.18534405e-03,-5.04177697e-03,-3.91225162e-03,-2.80508058e-03,-1.72638595e-03,-6.80177000e-04,3.31456751e-04,1.30804541e-03,2.25034833e-03,3.15989289e-03,4.03847317e-03,4.88763902e-03,5.70820786e-03,6.49983090e-03,7.26064154e-03,7.98700852e-03,8.67340952e-03,9.31243305e-03,9.89490881e-03,1.04101595e-02,1.08463605e-02,1.11909876e-02,1.14313271e-02,1.15550046e-02,1.15503460e-02,1.14090326e-02,1.11217280e-02,1.06833425e-02,1.00914109e-02,9.34654770e-03,8.45262197e-03,7.41679173e-03,6.24941313e-03,4.96383576e-03,3.57609860e-03,2.10454597e-03,5.69385542e-04,-1.00778643e-03,-2.60446573e-03,-4.19774705e-03,-5.76477466e-03,-7.28317594e-03,-8.73146122e-03,-1.00893893e-02,-1.13383005e-02,-1.24614193e-02,-1.34441284e-02,-1.42742117e-02,-1.49420631e-02,-1.54408473e-02,-1.57665766e-02,-1.59180951e-02,-1.58995473e-02,-1.57136317e-02,-1.53684751e-02,-1.48743831e-02,-1.42438419e-02,-1.34911822e-02,-1.26321608e-02
-1.52370301e-02,-1.54779786e-02,-1.57334440e-02,-1.59958835e-02,-1.62565055e-02,-1.65057065e-02,-1.67335225e-02,-1.69300662e-02,-1.70859243e-02,-1.71924822e-02,-1.72422484e-02,-1.72298670e-02,-1.71498356e-02,-1.69991547e-02,-1.67762801e-02,-1.64811967e-02,-1.61153937e-02,-1.56818214e-02,-1.51848448e-02,-1.46301993e-02,-1.40249488e-02,-1.33774443e-02,-1.26972738e-02,-1.19951931e-02,-1.12830251e-02,-1.05735162e-02,-9.88013773e-03,-9.21682460e-03,-8.59764847e-03,-8.03642590e-03,-7.54627041e-03,-7.13910333e-03,-6.82514647e-03,-6.61243180e-03,-6.50643205e-03,-6.50875051e-03,-6.61908543e-03,-6.83285513e-03,-7.14221599e-03,-7.53619736e-03,-8.00111652e-03,-8.52117113e-03,-9.07917084e-03,-9.65736116e-03,-1.02382839e-02,-1.08056149e-02,-1.13449216e-02,-1.18442904e-02,-1.22947869e-02,-1.26907256e-02,-1.30297424e-02,-1.33126769e-02,-1.35432849e-02,-1.37278077e-02,-1.38744347e-02,-1.39926926e-02,-1.40928012e-02,-1.41850312e-02,-1.42790981e-02,-1.43836147e-02,-1.45056222e-02,-1.46502209e-02,-1.48203175e-02,-1.50164986e-02
5.03748221e-03,4.26197262e-03,3.57222840e-03,2.97898842e-03,2.49025022e-03,2.11107927e-03,1.84352927e-03,1.68667608e-03,1.63676580e-03,1.68738657e-03,1.82993552e-03,2.05398355e-03,2.34766292e-03,2.69823453e-03,3.09260654e-03,3.51785763e-03,3.96173974e-03,4.41313958e-03,4.86247939e-03,5.30203930e-03,5.72618587e-03,6.13149516e-03,6.51676298e-03,6.88290059e-03,7.23272008e-03,7.57062065e-03,7.90219265e-03,8.23376223e-03,8.57190289e-03,8.92294241e-03,9.29249324e-03,9.68503208e-03,1.01035502e-02,1.05492904e-02,1.10215796e-02,1.15177608e-02,1.20332191e-02,1.25614964e-02,1.30944794e-02,1.36226495e-02,1.41353785e-02,1.46212558e-02,1.50684347e-02,1.54649864e-02,1.57992525e-02,1.60601897e-02,1.62376953e-02,1.63228922e-02,1.63083870e-02,1.61900218e-02,1.59631591e-02,1.56269014e-02,1.51826085e-02,1.46341250e-02,1.39878306e-02,1.32526009e-02,1.24396864e-02,1.15625061e-02,1.06363563e-02,9.67803856e-03,8.70541747e-03,7.73692026e-03,6.79099841e-03,5.88557216e-03
3.18400005e-02,3.14962839e-02,3.10939631e-02,3.06449253e-02,3.01602996e-02,2.96500587e-02,2.91226565e-02,2.85847163e-02,2.80407834e-02,2.74931573e-02,2.69418182e-02,2.63844648e-02,2.58166761e-02,2.52322079e-02,2.46234287e-02,2.39818895e-02,2.32990147e-02,2.25668850e-02,2.17790745e-02,2.09314891e-02,2.00231449e-02,1.90568195e-02,1.80395108e-02,1.69826435e-02,1.59019840e-02,1.48172429e-02,1.37513762e-02,1.27296254e-02,1.17783635e-02,1.09238350e-02,1.01908896e-02,9.60180663e-03,9.17529590e-03,8.92574675e-03,8.86283337e-03,8.99019145e-03,9.30781840e-03,9.81064064e-03,1.04890074e-02,1.13295904e-02,1.23159697e-02,1.34292775e-02,1.46488342e-02,1.59527477e-02,1.73184604e-02,1.87232376e-02,2.01445974e-02,2.15606887e-02,2.29506250e-02,2.42947824e-02,2.55750688e-02,2.67751694e-02,2.78807703e-02,2.88797572e-02,2.97623851e-02,3.05214109e-02,3.11521789e-02,3.16526512e-02,3.20233702e-02,3.22673421e-02,3.23897947e-02,3.23974426e-02,3.23027043e-02,3.21128806e-02
1.85266763e-02,2.02838559e-02,2.19916644e-02,2.36290477e-02,2.51735385e-02,2.66013704e-02,2.78876486e-02,2.90065999e-02,2.99319312e-02,3.06373174e-02,3.10970173e-02,3.12864515e-02,3.11850894e-02,3.07783187e-02,3.00489435e-02,2.89911434e-02,2.76063102e-02,2.59045153e-02,2.39053600e-02,2.16382889e-02,1.91422886e-02,1.64649118e-02,1.36606280e-02,1.07885842e-02,7.90994107e-03,5.08501023e-03,2.37045165e-03,-1.83217929e-04,-2.53356816e-03,-4.64762336e-03,-6.50247605e-03,-8.08519326e-03,-9.39215877e-03,-1.04279617e-02,-1.12039808e-02,-1.17368051e-02,-1.20465823e-02,-1.21561155e-02,-1.20885985e-02,-1.18658230e-02,-1.15091445e-02,-1.10376264e-02,-1.04676475e-02,-9.81262696e-03,-9.08293180e-03,-8.28595480e-03,-7.42633924e-03,-6.50632347e-03,-5.52617650e-03,-4.48469462e-03,-3.37972954e-03,-2.20871960e-03,-9.69198467e-04,3.40740381e-04,1.72203824e-03,3.17434016e-03,4.69573974e-03,6.28259866e-03,7.92943628e-03,9.62887920e-03,1.13716583e-02,1.31466404e-02,1.49408804e-02,1.67396849e-02
1.04925839e-02,8.96207028e-03,7.51460176e-03,6.16951114e-03,4.94300891e-03,3.84791267e-03,2.89355317e-03,2.08584610e-03,1.42750775e-03,9.18385311e-04,5.55867818e-04,3.35343493e-04,2.50671010e-04,2.94628879e-04,4.59328633e-04,7.36602836e-04,1.11826120e-03,1.59633096e-03,2.16320398e-03,2.81171805e-03,3.53517846e-03,4.32732979e-03,5.18228909e-03,6.09445258e-03,7.05838740e-03,8.06871899e-03,9.12002329e-03,1.02067307e-02,1.13230470e-02,1.24628932e-02,1.36198661e-02,1.47872170e-02,1.59578461e-02,1.71243091e-02,1.82788308e-02,1.94133218e-02,2.05193952e-02,2.15883798e-02,2.26113309e-02,2.35790387e-02,2.44820384e-02,2.53106285e-02,2.60549027e-02,2.67048061e-02,2.72502220e-02,2.76810986e-02,2.79876151e-02,2.81603691e-02,2.81902974e-02,2.80727398e-02,2.77994704e-02,2.73663533e-02,2.67717324e-02,2.60165161e-02,2.51045967e-02,2.40431281e-02,2.28426794e-02,2.15172470e-02,2.00841068e-02,1.85634987e-02,1.69781453e-02,1.53526243e-02,1.37126251e-02,1.20841316e-02
-6.19429652e-04,-1.15434751e-03,-1.74626112e-03,-2.39866930e-03,-3.11278106e-03,-3.88703613e-03,-4.71669317e-03,-5.59352971e-03,-6.50569775e-03,-7.43777330e-03,-8.37102691e-03,-9.28392581e-03,-1.01528579e-02,-1.09530459e-02,-1.16595999e-02,-1.22486389e-02,-1.26983997e-02,-1.29902148e-02,-1.31098640e-02,-1.30485192e-02,-1.28003816e-02,-1.23665173e-02,-1.17531952e-02,-1.09717510e-02,-1.00381455e-02,-8.97235466e-03,-7.79764266e-03,-6.53975807e-03,-5.22608503e-03,-3.88477865e-03,-2.54390828e-03,-1.23062933e-03,2.95968789e-05,1.21370971e-03,2.30168480e-03,3.27705710e-03,4.12730544e-03,4.84409567e-03,5.42336078e-03,5.86520912e-03,6.17366070e-03,6.35622075e-03,6.42330141e-03,6.38772511e-03,6.26377820e-03,6.06618241e-03,5.81003326e-03,5.50977856e-03,5.17870008e-03,4.82848635e-03,4.46893111e-03,4.10775647e-03,3.75054835e-03,3.40078417e-03,3.05993055e-03,2.72758894e-03,2.40167087e-03,2.07858982e-03,1.75346314e-03,1.42032380e-03,1.07234692e-03,7.02099945e-04,3.01826564e-04,-1.36225903e-04
-2.31656743e-02,-2.31669012e-02,-2.31879939e-02,-2.32341368e-02,-2.33111435e-02,-2.34250340e-02,-2.35816879e-02,-2.37865387e-02,-2.40443153e-02,-2.43588349e-02,-2.47328466e-02,-2.51679187e-02,-2.56643635e-02,-2.62211846e-02,-2.68360405e-02,-2.75052135e-02,-2.82235814e-02,-2.89845912e-02,-2.97802418e-02,-3.06010862e-02,-3.14362664e-02,-3.22735976e-02,-3.30997159e-02,-3.39003010e-02,-3.46603788e-02,-3.53647018e-02,-3.59981967e-02,-3.65464588e-02,-3.69962671e-02,-3.73360765e-02,-3.75563998e-02,-3.76507916e-02,-3.76179922e-02,-3.74542710e-02,-3.71627628e-02,-3.67493740e-02,-3.62229701e-02,-3.55951370e-02,-3.48798135e-02,-3.40928340e-02,-3.32514052e-02,-3.23735390e-02,-3.14774621e-02,-3.05810244e-02,-2.97011273e-02,-2.88531928e-02,-2.80506951e-02,-2.73047733e-02,-2.66239441e-02,-2.60139303e-02,-2.54776173e-02,-2.50151422e-02,-2.46241146e-02,-2.42999598e-02,-2.40363667e-02,-2.38258121e-02,-2.36601315e-02,-2.35310973e-02,-2.34309688e-02,-2.33529767e-02,-2.32917149e-02,-2.32434175e-02,-2.32061117e-02,-2.31796515e-02
8.28027985e-03,1.07683385e-02,1.32003832e-02,1.55619597e-02,1.78375757e-02,2.00106720e-02,2.20636323e-02,2.39778305e-02,2.57337159e-02,2.73109373e-02,2.86885089e-02,2.98450208e-02,3.07588964e-02,3.14086938e-02,3.17733927e-02,3.18319450e-02,3.15732908e-02,3.09758361e-02,3.00268782e-02,2.87179676e-02,2.70452529e-02,2.50106279e-02,2.26227126e-02,1.98977068e-02,1.68600468e-02,1.35427712e-02,9.98749917e-03,6.24394173e-03,2.36889994e-03,-1.57524863e-03,-5.52242156e-03,-9.40531159e-03,-1.31577938e-02,-1.67173686e-02,-2.00274008e-02,-2.30389760e-02,-2.57122515e-02,-2.80172361e-02,-2.99339962e-02,-3.14523325e-02,-3.25709974e-02,-3.32964379e-02,-3.36404687e-02,-3.36327980e-02,-3.32845477e-02,-3.26236896e-02,-3.16776903e-02,-3.04743645e-02,-2.90412329e-02,-2.74049204e-02,-2.55906963e-02,-2.36221616e-02,-2.15210719e-02,-1.93072788e-02,-1.69987723e-02,-1.46118052e-02,-1.21610818e-02,-9.65999449e-03,-7.12089187e-03,-4.55536438e-03,-1.97453468e-03,6.10658625e-04,3.18918479e-03,5.74968978e-03
-5.88726380e-03,-5.85012961e-03,-5.78639984e-03,-5.71180833e-03,-5.64246034e-03,-5.59422921e-03,-5.58200002e-03,-5.61946390e-03,-5.71847850e-03,-5.88858983e-03,-6.13670035e-03,-6.46673461e-03,-6.87936625e-03,-7.37181651e-03,-7.93774247e-03,-8.56723617e-03,-9.24695504e-03,-9.96040053e-03,-1.06883540e-02,-1.14094681e-02,-1.21009994e-02,-1.27396537e-02,-1.33025027e-02,-1.37679233e-02,-1.41164949e-02,-1.43317464e-02,-1.44018270e-02,-1.43184406e-02,-1.40773695e-02,-1.36799626e-02,-1.31322832e-02,-1.24449846e-02,-1.16329684e-02,-1.07149021e-02,-9.71263012e-03,-8.65050259e-03,-7.55464370e-03,-6.45217632e-03,-5.37041815e-03,-4.33606237e-03,-3.37435650e-03,-2.50829537e-03,-1.75784858e-03,-1.13924766e-03,-6.64364581e-04,-3.40217568e-04,-1.68644627e-04,-1.46159926e-04,-2.64097423e-04,-5.08935000e-04,-8.62919601e-04,-1.30491057e-03,-1.81141628e-03,-2.35776364e-03,-2.91932422e-03,-3.47271415e-03,-3.99688721e-03,-4.47405146e-03,-4.89035754e-03,-5.23632956e-03,-5.50703256e-03,-5.70199163e-03,-5.82489084e-03,-5.88307035e-03
-8.84808924e-03,-9.23862289e-03,-9.49040291e-03,-9.60001210e-03,-9.56758092e-03,-9.39449500e-03,-9.08600007e-03,-8.64988846e-03,-8.09636343e-03,-7.43773535e-03,-6.68804452e-03,-5.86263224e-03,-4.97767588e-03,-4.04970228e-03,-3.09509422e-03,-2.12960518e-03,-1.16789874e-03,-2.23130313e-04,6.93409303e-04,1.57257187e-03,2.40753614e-03,3.19387231e-03,3.92948699e-03,4.61444188e-03,5.25065087e-03,5.84146960e-03,6.39120045e-03,6.90454415e-03,7.38603490e-03,7.83949875e-03,8.26757408e-03,8.67132922e-03,9.05000438e-03,9.40089597e-03,9.71938993e-03,9.99914006e-03,1.02323761e-02,1.04103173e-02,1.05236569e-02,1.05630575e-02,1.05200358e-02,1.03869930e-02,1.01574748e-02,9.82719036e-03,9.39390561e-03,8.85760275e-03,8.22050696e-03,7.48701190e-03,6.66352748e-03,5.75827587e-03,4.78106269e-03,3.74304774e-03,2.65653350e-03,1.53478151e-03,3.91857001e-04,-7.57505787e-04,-1.89803106e-03,-3.01405797e-03,-4.08971409e-03,-5.10914170e-03,-6.05677829e-03,-6.91768901e-03,-7.67793967e-03,-8.32499104e-03
-1.93436059e-02,-1.89654188e-02,-1.85294905e-02,-1.80341243e-02,-1.74762297e-02,-1.68516309e-02,-1.61554762e-02,-1.53827269e-02,-1.45286957e-02,-1.35896037e-02,-1.25631242e-02,-1.14488812e-02,-1.02488793e-02,-8.96784125e-03,-7.61343981e-03,-6.19641521e-03,-4.73057391e-03,-3.23266956e-03,-1.72216960e-03,-2.20912851e-04,1.24732991e-03,2.65739532e-03,3.98336828e-03,5.19927313e-03,6.27983411e-03,7.20127639e-03,7.94214201e-03,8.48408702e-03,8.81261356e-03,8.91763303e-03,8.79491501e-03,8.44470230e-03,7.87229251e-03,7.08890089e-03,6.11054288e-03,4.95747320e-03,3.65337836e-03,2.22442615e-03,6.98249199e-04,-8.97060559e-04,-2.53386405e-03,-4.18580137e-03,-5.82839230e-03,-7.43947041e-03,-8.99943960e-03,-1.04913774e-02,-1.19010210e-02,-1.32166750e-02,-1.44290772e-02,-1.55312520e-02,-1.65183683e-02,-1.73876101e-02,-1.81380546e-02,-1.87705488e-02,-1.92875687e-02,-1.96930464e-02,-1.99921518e-02,-2.01910124e-02,-2.02963084e-02,-2.03161902e-02,-2.02567640e-02,-2.01246101e-02,-1.99255460e-02,-1.96641626e-02
-2.50542249e-02,-2.45273301e-02,-2.40031077e-02,-2.34871114e-02,-2.29858964e-02,-2.25067946e-02,-2.20576701e-02,-2.16466694e-02,-2.12819817e-02,-2.09716195e-02,-2.07232299e-02,-2.05439498e-02,-2.04403742e-02,-2.04172451e-02,-2.04799917e-02,-2.06325957e-02,-2.08778086e-02,-2.12173053e-02,-2.16515273e-02,-2.21795347e-02,-2.27988441e-02,-2.35052572e-02,-2.42926945e-02,-2.51530555e-02,-2.60761319e-02,-2.70495990e-02,-2.80591104e-02,-2.90885137e-02,-3.01201964e-02,-3.11355575e-02,-3.21155888e-02,-3.30415367e-02,-3.38956042e-02,-3.46616462e-02,-3.53258110e-02,-3.58770808e-02,-3.63076717e-02,-3.66132505e-02,-3.67928911e-02,-3.68506671e-02,-3.67922719e-02,-3.66252437e-02,-3.63608797e-02,-3.60119414e-02,-3.55921938e-02,-3.51157906e-02,-3.45966633e-02,-3.40479579e-02,-3.34815500e-02,-3.29076561e-02,-3.23345594e-02,-3.17684560e-02,-3.12134264e-02,-3.06715261e-02,-3.01429863e-02,-2.96265076e-02,-2.91196259e-02,-2.86191239e-02,-2.81214630e-02,-2.76232081e-02,-2.71214184e-02,-2.66139853e-02,-2.60998981e-02,-2.55794279e-02
-4.19336804e-02,-4.29574606e-02,-4.38278991e-02,-4.45347622e-02,-4.50714255e-02,-4.54347174e-02,-4.56242986e-02,-4.56489661e-02,-4.55097946e-02,-4.52160335e-02,-4.47785729e-02,-4.42095921e-02,-4.35222683e-02,-4.27303920e-02,-4.18479972e-02,-4.08890334e-02,-3.98670916e-02,-3.87951885e-02,-3.76856125e-02,-3.65498284e-02,-3.53984363e-02,-3.42411757e-02,-3.30869641e-02,-3.19439591e-02,-3.08196289e-02,-2.97208220e-02,-2.86538248e-02,-2.76244029e-02,-2.66378215e-02,-2.56988510e-02,-2.48117621e-02,-2.39803220e-02,-2.32078044e-02,-2.24970245e-02,-2.18504095e-02,-2.12701106e-02,-2.07581561e-02,-2.03166383e-02,-1.99479198e-02,-1.96548414e-02,-1.94409128e-02,-1.93105058e-02,-1.92681315e-02,-1.93195970e-02,-1.94718235e-02,-1.97314334e-02,-2.01050329e-02,-2.05986603e-02,-2.12172200e-02,-2.19638949e-02,-2.28395735e-02,-2.38423370e-02,-2.49670486e-02,-2.62050850e-02,-2.75442386e-02,-2.89688092e-02,-3.04598872e-02,-3.19958179e-02,-3.35528214e-02,-3.51057309e-02,-3.66288049e-02,-3.80965643e-02,-3.94846062e-02,-4.07703500e-02
-1.96104692e-02,-1.89161178e-02,-1.81509907e-02,-1.73175468e-02,-1.64198251e-02,-1.54635311e-02,-1.44560796e-02,-1.34065901e-02,-1.23258318e-02,-1.12261179e-02,-1.01211491e-02,-9.02580881e-03,-7.95591255e-03,-6.92791704e-03,-5.95859254e-03,-5.06466472e-03,-4.26243154e-03,-3.56736152e-03,-2.99368110e-03,-2.55396002e-03,-2.25870927e-03,-2.11601491e-03,-2.13084097e-03,-2.30560653e-03,-2.63907086e-03,-3.12658867e-03,-3.76006275e-03,-4.52805934e-03,-5.41606723e-03,-6.40689820e-03,-7.48121858e-03,-8.61819061e-03,-9.79619212e-03,-1.09935745e-02,-1.21894140e-02,-1.33642112e-02,-1.45004957e-02,-1.55833035e-02,-1.66005014e-02,-1.75429486e-02,-1.84044966e-02,-1.91818390e-02,-1.98742333e-02,-2.04831226e-02,-2.10116893e-02,-2.14643721e-02,-2.18463772e-02,-2.21632128e-02,-2.24202664e-02,-2.26224450e-02,-2.27738871e-02,-2.28777477e-02,-2.29360233e-02,-2.29501443e-02,-2.29196162e-02,-2.28431300e-02,-2.27186394e-02,-2.25433477e-02,-2.23139430e-02,-2.20268304e-02,-2.16783729e-02,-2.12651357e-02,-2.07841286e-02,-2.02330416e-02
1.29365127e-02,1.41645925e-02,1.52969256e-02,1.63378737e-02,1.72931393e-02,1.81692540e-02,1.89730511e-02,1.97111380e-02,2.03893851e-02,2.10124448e-02,2.15833148e-02,2.21029570e-02,2.25699854e-02,2.29804324e-02,2.33276079e-02,2.36020581e-02,2.37916336e-02,2.38816354e-02,2.38552930e-02,2.36963981e-02,2.33839234e-02,2.28990450e-02,2.22237408e-02,2.13420731e-02,2.02414491e-02,1.89138991e-02,1.73573039e-02,1.55764786e-02,1.35840084e-02,1.14007318e-02,9.05577964e-03,6.58610623e-03,4.03549237e-03,1.45305263e-03,-1.10866557e-03,-3.59580208e-03,-5.95556510e-03,-8.13838763e-03,-1.00998816e-02,-1.18024209e-02,-1.32162638e-02,-1.43201813e-02,-1.51015873e-02,-1.55560999e-02,-1.56894289e-02,-1.55114954e-02,-1.50381612e-02,-1.42915892e-02,-1.32976759e-02,-1.20851807e-02,-1.06847831e-02,-9.12819835e-03,-7.44737549e-03,-5.67378057e-03,-3.83776509e-03,-1.96801603e-03,-9.10853025e-05,1.76899538e-03,3.59103628e-03,5.35692965e-03,7.05178692e-03,8.66399746e-03,1.01851969e-02,1.16101445e-02
3.89667614e-02,3.95409773e-02,3.99580054e-02,4.02113166e-02,4.02947672e-02,4.02056012e-02,3.99393639e-02,3.94908385e-02,3.88582801e-02,3.80413775e-02,3.70420114e-02,3.58649380e-02,3.45184345e-02,3.30148468e-02,3.13709575e-02,2.96080930e-02,2.77519064e-02,2.58318050e-02,2.38800288e-02,2.19304336e-02,2.00170689e-02,1.81726746e-02,1.64272299e-02,1.48066890e-02,1.33320102e-02,1.20185558e-02,1.08758928e-02,9.90798627e-03,9.11373692e-03,8.48779150e-03,8.02153507e-03,7.70417271e-03,7.52381376e-03,7.46850438e-03,7.52669296e-03,7.68869151e-03,7.94676712e-03,8.29506029e-03,8.72989923e-03,9.24959036e-03,9.85406918e-03,1.05444293e-02,1.13223709e-02,1.21896147e-02,1.31473235e-02,1.41955730e-02,1.53329014e-02,1.65559636e-02,1.78593033e-02,1.92352495e-02,2.06739338e-02,2.21634228e-02,2.36899469e-02,2.52382119e-02,2.67917699e-02,2.83334284e-02,2.98456751e-02,3.13110950e-02,3.27127581e-02,3.40345579e-02,3.52614821e-02,3.63798048e-02,3.73771895e-02,3.82427052e-02
-3.27436713e-02,-3.30433268e-02,-3.32747971e-02,-3.34338555e-02,-3.35160479e-02,-3.35199804e-02,-3.34401160e-02,-3.32743871e-02,-3.30212676e-02,-3.26802250e-02,-3.22518778e-02,-3.17380795e-02,-3.11419539e-02,-3.04678904e-02,-2.97215020e-02,-2.89095535e-02,-2.80398641e-02,-2.71211911e-02,-2.61631002e-02,-2.51758271e-02,-2.41701342e-02,-2.31571654e-02,-2.21483005e-02,-2.11550112e-02,-2.01887169e-02,-1.92606422e-02,-1.83816749e-02,-1.75622242e-02,-1.68120798e-02,-1.61402729e-02,-1.55549409e-02,-1.50631977e-02,-1.46710142e-02,-1.43831157e-02,-1.42029264e-02,-1.41321509e-02,-1.41707686e-02,-1.43184244e-02,-1.45723703e-02,-1.49284699e-02,-1.53811722e-02,-1.59235967e-02,-1.65476636e-02,-1.72442640e-02,-1.80034634e-02,-1.88147374e-02,-1.96672280e-02,-2.05500141e-02,-2.14523805e-02,-2.23640725e-02,-2.32755211e-02,-2.41780229e-02,-2.50638648e-02,-2.59263838e-02,-2.67599588e-02,-2.75599370e-02,-2.83225029e-02,-2.90445017e-02,-2.97232348e-02,-3.03562462e-02,-3.09411182e-02,-3.14752962e-02,-3.19559562e-02,-3.23799270e-02
-1.91464707e-02,-1.87505613e-02,-1.83327991e-02,-1.79138005e-02,-1.75116138e-02,-1.71412515e-02,-1.68143772e-02,-1.65391391e-02,-1.63201364e-02,-1.61585034e-02,-1.60520949e-02,-1.59957594e-02,-1.59813517e-02,-1.59989834e-02,-1.60366692e-02,-1.60809149e-02,-1.61172871e-02,-1.61311349e-02,-1.61079150e-02,-1.60332914e-02,-1.58942873e-02,-1.56795255e-02,-1.53797076e-02,-1.49880567e-02,-1.45007069e-02,-1.39170270e-02,-1.32398636e-02,-1.24756944e-02,-1.16346796e-02,-1.07306061e-02,-9.78071631e-03,-8.80542048e-03,-7.82788807e-03,-6.87351878e-03,-5.96929260e-03,-5.14300152e-03,-4.42236861e-03,-3.83406632e-03,-3.40265676e-03,-3.14951585e-03,-3.09125443e-03,-3.23961133e-03,-3.59974472e-03,-4.16959962e-03,-4.93955257e-03,-5.89232019e-03,-7.00331441e-03,-8.24146306e-03,-9.57047919e-03,-1.09505159e-02,-1.23400973e-02,-1.36981813e-02,-1.49861905e-02,-1.61698504e-02,-1.72206975e-02,-1.81171583e-02,-1.88451503e-02,-1.93982015e-02,-1.97771192e-02,-1.99892212e-02,-2.00487967e-02,-1.99726880e-02,-1.97813545e-02,-1.94979713e-02
3.86793626e-02,3.98419643e-02,4.08792725e-02,4.17863198e-02,4.25594885e-02,4.31962219e-02,4.36947221e-02,4.40536547e-02,4.42718646e-02,4.43479615e-02,4.42825730e-02,4.40748941e-02,4.37219225e-02,4.32232632e-02,4.25788360e-02,4.17894160e-02,4.08570750e-02,3.97855860e-02,3.85807778e-02,3.72508055e-02,3.58063060e-02,3.42604134e-02,3.26286229e-02,3.09285051e-02,2.91792901e-02,2.74013512e-02,2.56156320e-02,2.38430633e-02,2.21040175e-02,2.04178428e-02,1.88025058e-02,1.72743603e-02,1.58480438e-02,1.45364871e-02,1.33510144e-02,1.23014993e-02,1.13965436e-02,1.06436427e-02,1.00493101e-02,9.61914168e-03,9.35781413e-03,9.26906140e-03,9.35488701e-03,9.61633347e-03,1.00533810e-02,1.06636029e-02,1.14426371e-02,1.23839766e-02,1.34788755e-02,1.47163392e-02,1.60832017e-02,1.75642869e-02,1.91426478e-02,2.07998743e-02,2.25164563e-02,2.42721849e-02,2.60465763e-02,2.78193000e-02,2.95705940e-02,3.12816505e-02,3.29349559e-02,3.45145720e-02,3.60063449e-02,3.73980352e-02
1.57019605e-02,1.59102661e-02,1.62248963e-02,1.66451646e-02,1.71686199e-02,1.77909790e-02,1.85061385e-02,1.93062450e-02,2.01818179e-02,2.11219156e-02,2.21143402e-02,2.31458721e-02,2.42025308e-02,2.52698547e-02,2.63331961e-02,2.73780253e-02,2.83902388e-02,2.93564641e-02,3.02643523e-02,3.11028496e-02,3.18624350e-02,3.25353138e-02,3.31155538e-02,3.35991543e-02,3.39840405e-02,3.42699776e-02,3.44584018e-02,3.45521421e-02,3.45546487e-02,3.44738031e-02,3.43122052e-02,3.40760785e-02,3.37711914e-02,3.34029730e-02,3.29764336e-02,3.24961108e-02,3.19660865e-02,3.13900676e-02,3.07715178e-02,3.01138165e-02,2.94204237e-02,2.86950274e-02,2.79416562e-02,2.71647456e-02,2.63691547e-02,2.55601354e-02,2.47432668e-02,2.39243686e-02,2.31094115e-02,2.23044411e-02,2.15155266e-02,2.07487433e-02,2.00101865e-02,1.93060116e-02,1.86424870e-02,1.80260440e-02,1.74633060e-02,1.69610823e-02,1.65263135e-02,1.61659643e-02,1.58868640e-02,1.56955050e-02,1.55978277e-02,1.55992009e-02
2.90248097e-03,6.75386662e-04,-1.39928426e-03,-3.28282936e-03,-4.94151595e-03,-6.34778301e-03,-7.48111845e-03,-8.32852998e-03,-8.88458163e-03,-9.15085342e-03,-9.13826885e-03,-8.85895277e-03,-8.33270880e-03,-7.58270532e-03,-6.63470302e-03,-5.51600968e-03,-4.25448217e-03,-2.87762695e-03,-1.41182161e-03,1.18330559e-04,1.69049961e-03,3.28500634e-03,4.88504922e-03,6.47678755e-03,8.04930083e-03,9.59442714e-03,1.11064930e-02,1.25819510e-02,1.40189445e-02,1.54168240e-02,1.67756392e-02,1.80956346e-02,1.93767750e-02,2.06183238e-02,2.18184956e-02,2.29741961e-02,2.40808589e-02,2.51323808e-02,2.61211504e-02,2.70381604e-02,2.78731887e-02,2.86150320e-02,2.92517719e-02,2.97710565e-02,3.01603787e-02,3.04073247e-02,3.04996619e-02,3.04271865e-02,3.01804538e-02,2.97484482e-02,2.91238039e-02,2.83007533e-02,2.72756773e-02,2.60475931e-02,2.46186707e-02,2.29947806e-02,2.11860400e-02,1.92073046e-02,1.70785419e-02,1.48250118e-02,1.24771843e-02,1.00703379e-02,7.64380957e-03,5.23990012e-03
-3.93054943e-03,-3.55746576e-03,-3.20168729e-03,-2.87247716e-03,-2.58140497e-03,-2.34204695e-03,-2.16961733e-03,-2.08054034e-03,-2.09166122e-03,-2.22027612e-03,-2.48282029e-03,-2.89436512e-03,-3.46776075e-03,-4.21275366e-03,-5.13509933e-03,-6.23571966e-03,-7.50997001e-03,-8.94709035e-03,-1.05299166e-02,-1.22349199e-02,-1.40326204e-02,-1.58883941e-02,-1.77636495e-02,-1.96173134e-02,-2.14075256e-02,-2.30934204e-02,-2.46368560e-02,-2.60039661e-02,-2.71664249e-02,-2.81023513e-02,-2.87968036e-02,-2.92417901e-02,-2.94364989e-02,-2.93906924e-02,-2.91107879e-02,-2.86139942e-02,-2.79207892e-02,-2.70546281e-02,-2.60411096e-02,-2.49071315e-02,-2.36800972e-02,-2.23871888e-02,-2.10547111e-02,-1.97075065e-02,-1.83684391e-02,-1.70579503e-02,-1.57936857e-02,-1.45902024e-02,-1.34587630e-02,-1.24072265e-02,-1.14400461e-02,-1.05583814e-02,-9.76032783e-03,-9.04126219e-03,-8.39429399e-03,-7.81080624e-03,-7.28106222e-03,-6.79484902e-03,-6.34212604e-03,-5.91364633e-03,-5.50152115e-03,-5.09970328e-03,-4.70437142e-03,-4.31420544e-03
-3.00859976e-02,-2.93948608e-02,-2.86829306e-02,-2.79541275e-02,-2.72135334e-02,-2.64673812e-02,-2.57230130e-02,-2.49888119e-02,-2.42741077e-02,-2.35890594e-02,-2.29445124e-02,-2.23518302e-02,-2.18226958e-02,-2.13688810e-02,-2.10019821e-02,-2.07331330e-02,-2.05727763e-02,-2.05288509e-02,-2.06092436e-02,-2.08197242e-02,-2.11630755e-02,-2.16393569e-02,-2.22455418e-02,-2.29753143e-02,-2.38190063e-02,-2.47636901e-02,-2.57934407e-02,-2.68897652e-02,-2.80321874e-02,-2.91989555e-02,-3.03678329e-02,-3.15169200e-02,-3.26254520e-02,-3.36745208e-02,-3.46476765e-02,-3.55313775e-02,-3.63152688e-02,-3.69922883e-02,-3.75586101e-02,-3.80134449e-02,-3.83587240e-02,-3.85986872e-02,-3.87393699e-02,-3.87890363e-02,-3.87565054e-02,-3.86496263e-02,-3.84778239e-02,-3.82500514e-02,-3.79746533e-02,-3.76591424e-02,-3.73100186e-02,-3.69326454e-02,-3.65311877e-02,-3.61086085e-02,-3.56667228e-02,-3.52063044e-02,-3.47272386e-02,-3.42287137e-02,-3.37094408e-02,-3.31678925e-02,-3.26025475e-02,-3.20121318e-02,-3.13958444e-02,-3.07535596e-02
3.30819029e-02,3.28567362e-02,3.26810427e-02,3.25568530e-02,3.24825700e-02,3.24531640e-02,3.24604168e-02,3.24935510e-02,3.25409002e-02,3.25891503e-02,3.26249830e-02,3.26357496e-02,3.26108871e-02,3.25414768e-02,3.24210350e-02,3.22462901e-02,3.20170533e-02,3.17361735e-02,3.14093035e-02,3.10445143e-02,3.06517942e-02,3.02424760e-02,2.98286374e-02,2.94225181e-02,2.90359930e-02,2.86801293e-02,2.83648454e-02,2.80986773e-02,2.78886475e-02,2.77402248e-02,2.76573668e-02,2.76427472e-02,2.76961575e-02,2.78184701e-02,2.80083285e-02,2.82631741e-02,2.85794452e-02,2.89525707e-02,2.93769764e-02,2.98460893e-02,3.03523455e-02,3.08872138e-02,3.14412440e-02,3.20041544e-02,3.25649668e-02,3.31121978e-02,3.36341111e-02,3.41190334e-02,3.45557276e-02,3.49338148e-02,3.52442281e-02,3.54796727e-02,3.56350579e-02,3.57078333e-02,3.56981906e-02,3.56116369e-02,3.54525836e-02,3.52308204e-02,3.49583845e-02,3.46492349e-02,3.43185818e-02,3.39820700e-02,3.36548961e-02,3.33509295e-02
-3.54476495e-02,-3.48859996e-02,-3.41616402e-02,-3.32908720e-02,-3.22929045e-02,-3.11893333e-02,-3.00035527e-02,-2.87601189e-02,-2.74840766e-02,-2.62002628e-02,-2.49326003e-02,-2.37034018e-02,-2.25327029e-02,-2.14376533e-02,-2.04319934e-02,-1.95256512e-02,-1.87244891e-02,-1.80302311e-02,-1.74405885e-02,-1.69495949e-02,-1.65481424e-02,-1.62246950e-02,-1.59661407e-02,-1.57587250e-02,-1.55890042e-02,-1.54447486e-02,-1.53157346e-02,-1.51943753e-02,-1.50761532e-02,-1.49598391e-02,-1.48474928e-02,-1.47442622e-02,-1.46580143e-02,-1.45988561e-02,-1.45782161e-02,-1.46085355e-02,-1.47028770e-02,-1.48736323e-02,-1.51322082e-02,-1.54884690e-02,-1.59502652e-02,-1.65230432e-02,-1.72095376e-02,-1.80095469e-02,-1.89197877e-02,-1.99338265e-02,-2.10420892e-02,-2.22319470e-02,-2.34878846e-02,-2.47917518e-02,-2.61231031e-02,-2.74596239e-02,-2.87776421e-02,-3.00527148e-02,-3.12602745e-02,-3.23763154e-02,-3.33780914e-02,-3.42447961e-02,-3.49581907e-02,-3.55031332e-02,-3.58679056e-02,-3.60440889e-02,-3.60345867e-02,-3.58336298e-02
2.64727285e-02,2.58989079e-02,2.51715804e-02,2.43087254e-02,2.33319017e-02,2.22653850e-02,2.11351659e-02,1.99678770e-02,1.87897266e-02,1.76255098e-02,1.64977604e-02,1.54260903e-02,1.44267405e-02,1.35123485e-02,1.26919163e-02,1.19709475e-02,1.13517142e-02,1.08336092e-02,1.04135449e-02,1.00863637e-02,9.84523715e-03,9.68203990e-03,9.58769458e-03,9.55250011e-03,9.56634180e-03,9.61909093e-03,9.70117298e-03,9.80337598e-03,9.91747304e-03,1.00365382e-02,1.01552789e-02,1.02703411e-02,1.03805599e-02,1.04871246e-02,1.05936317e-02,1.07060054e-02,1.08322717e-02,1.09821879e-02,1.11667362e-02,1.13975065e-02,1.16860015e-02,1.20429084e-02,1.24773852e-02,1.29964048e-02,1.36041974e-02,1.43018225e-02,1.50868874e-02,1.59534225e-02,1.68919101e-02,1.78894568e-02,1.89300942e-02,1.99951889e-02,2.10639437e-02,2.21139727e-02,2.31219341e-02,2.40642084e-02,2.49176081e-02,2.56601070e-02,2.62715723e-02,2.67344779e-02,2.70345628e-02,2.71613233e-02,2.71092634e-02,2.68792833e-02
-2.00183077e-02,-1.95253087e-02,-1.90776700e-02,-1.86696355e-02,-1.82934250e-02,-1.79395998e-02,-1.75975374e-02,-1.72560034e-02,-1.69038018e-02,-1.65304736e-02,-1.61270090e-02,-1.56865305e-02,-1.52049056e-02,-1.46812498e-02,-1.41182874e-02,-1.35225446e-02,-1.29043613e-02,-1.22777147e-02,-1.16598577e-02,-1.10707826e-02,-1.05325262e-02,-1.00683382e-02,-9.70174392e-03,-9.45555768e-03,-9.35054950e-03,-9.40403016e-03,-9.63088923e-03,-1.00402015e-02,-1.06355322e-02,-1.14143280e-02,-1.23676531e-02,-1.34802478e-02,-1.47309229e-02,-1.60932849e-02,-1.75367589e-02,-1.90278453e-02,-2.05315303e-02,-2.20127499e-02,-2.34378088e-02,-2.47756619e-02,-2.59989836e-02,-2.70849754e-02,-2.80158890e-02,-2.87792649e-02,-2.93679078e-02,-2.97796172e-02,-3.00166317e-02,-3.00872977e-02,-3.00009210e-02,-2.97694249e-02,-2.94082709e-02,-2.89342866e-02,-2.83652541e-02,-2.77194035e-02,-2.70149402e-02,-2.62696204e-02,-2.55003765e-02,-2.47229883e-02,-2.39517937e-02,-2.31994343e-02,-2.24766322e-02,-2.17919955e-02,-2.11518556e-02,-2.05601425e-02
4.20123483e-02,4.13797752e-02,4.08641662e-02,4.04812517e-02,4.02426094e-02,4.01556366e-02,4.02214228e-02,4.04374440e-02,4.07996887e-02,4.12976335e-02,4.19173943e-02,4.26419608e-02,4.34516352e-02,4.43245540e-02,4.52372650e-02,4.61653485e-02,4.70840796e-02,4.79691261e-02,4.87972715e-02,4.95471523e-02,5.01999875e-02,5.07402734e-02,5.11564054e-02,5.14411714e-02,5.15920230e-02,5.16106092e-02,5.15100368e-02,5.12977446e-02,5.09907591e-02,5.06095875e-02,5.01771383e-02,4.97177935e-02,4.92562764e-02,4.88164697e-02,4.84202787e-02,4.80866162e-02,4.78305653e-02,4.76627712e-02,4.75891478e-02,4.76103288e-02,4.77200987e-02,4.79122807e-02,4.81735712e-02,4.84873979e-02,4.88344290e-02,4.91933408e-02,4.95416857e-02,4.98568027e-02,5.01167401e-02,5.03011495e-02,5.03920497e-02,5.03745484e-02,5.02424040e-02,4.99858410e-02,4.96045138e-02,4.91028823e-02,4.84904410e-02,4.77815011e-02,4.69946881e-02,4.61522180e-02,4.52789967e-02,4.44015969e-02,4.35471735e-02,4.27423804e-02
2.67455409e-02,2.48068539e-02,2.26975834e-02,2.04425850e-02,1.80691115e-02,1.56064422e-02,1.30854221e-02,1.05379112e-02,7.99615084e-03,5.49206629e-03,3.05653407e-03,7.18653026e-04,-1.49493215e-03,-3.56061144e-03,-5.45830587e-03,-7.17173893e-03,-8.68855090e-03,-1.00002303e-02,-1.11018751e-02,-1.19918092e-02,-1.26710877e-02,-1.31429243e-02,-1.34120036e-02,-1.34853736e-02,-1.33688881e-02,-1.30688169e-02,-1.25918715e-02,-1.19443814e-02,-1.11323243e-02,-1.01614023e-02,-9.03720077e-03,-7.76541532e-03,-6.35212333e-03,-4.80407321e-03,-3.12896707e-03,-1.33571496e-03,5.65356772e-04,2.56234475e-03,4.64170003e-03,6.78820691e-03,8.98502760e-03,1.12138100e-02,1.34548488e-02,1.56872915e-02,1.78893815e-02,2.00387307e-02,2.21126142e-02,2.40882799e-02,2.59432697e-02,2.76557454e-02,2.92048148e-02,3.05708538e-02,3.17358191e-02,3.26835434e-02,3.34000055e-02,3.38735511e-02,3.40949511e-02,3.40574871e-02,3.37641762e-02,3.32087593e-02,3.23954801e-02,3.13310731e-02,3.00253881e-02,2.84914746e-02
-1.25661273e-02,-1.23258050e-02,-1.19742136e-02,-1.15198573e-02,-1.09731810e-02,-1.03462763e-02,-9.65246969e-03,-8.90581517e-03,-8.12052005e-03,-7.31033783e-03,-6.48796816e-03,-5.66450515e-03,-4.84897549e-03,-4.04800420e-03,-3.26563906e-03,-2.50335526e-03,-1.76024846e-03,-1.03341015e-03,-3.18463582e-04,3.89776040e-04,1.09656588e-03,1.80647487e-03,2.52266526e-03,3.24626565e-03,3.97588395e-03,4.70729562e-03,5.43332859e-03,6.14395149e-03,6.82655787e-03,7.46642735e-03,8.04733471e-03,8.55227129e-03,8.96423772e-03,9.26706373e-03,9.44620391e-03,9.48939959e-03,9.38827696e-03,9.13684323e-03,8.73331280e-03,8.18014587e-03,7.48375894e-03,6.65430520e-03,5.70524619e-03,4.65276704e-03,3.51508291e-03,2.31169097e-03,1.06262506e-03,-2.12231922e-04,-1.49372544e-03,-2.76388540e-03,-4.00621738e-03,-5.20583867e-03,-6.34948307e-03,-7.42540254e-03,-8.42320548e-03,-9.33367501e-03,-1.01486076e-02,-1.08607058e-02,-1.14635465e-02,-1.19516345e-02,-1.23205333e-02,-1.25670415e-02,-1.26892191e-02,-1.26887695e-02
3.70315089e-03,2.80471390e-03,1.98640136e-03,1.24982291e-03,5.95403013e-04,2.27149591e-05,-4.69221905e-04,-8.81699112e-04,-1.21613429e-03,-1.47394238e-03,-1.65646009e-03,-1.76490954e-03,-1.80045324e-03,-1.76412413e-03,-1.65686492e-03,-1.47964183e-03,-1.23342301e-03,-9.19207504e-04,-5.38045372e-04,-9.10548308e-05,4.20557930e-04,9.95471873e-04,1.63221433e-03,2.32910418e-03,3.08417729e-03,3.89509224e-03,4.75901796e-03,5.67250692e-03,6.63135979e-03,7.63048901e-03,8.66378988e-03,9.72402869e-03,1.08027573e-02,1.18902639e-02,1.29755675e-02,1.40464655e-02,1.50896376e-02,1.60908132e-02,1.70350015e-02,1.79067868e-02,1.86906829e-02,1.93715424e-02,1.99350099e-02,2.03680017e-02,2.06591911e-02,2.07994356e-02,2.07820615e-02,2.06064759e-02,2.02702063e-02,1.97774184e-02,1.91355210e-02,1.83553260e-02,1.74507963e-02,1.64386030e-02,1.53375419e-02,1.41678455e-02,1.29504362e-02,1.17061700e-02,1.04551227e-02,9.21596331e-03,8.00545335e-03,6.83809589e-03,5.72594441e-03,4.67856732e-03
1.30262415e-02,1.30773780e-02,1.32437942e-02,1.35347566e-02,1.39549737e-02,1.45050181e-02,1.51812758e-02,1.59760855e-02,1.68780129e-02,1.78722299e-02,1.89409691e-02,2.00640333e-02,2.12193391e-02,2.23834821e-02,2.35323124e-02,2.46415154e-02,2.56871931e-02,2.66464430e-02,2.74979303e-02,2.82224475e-02,2.88034507e-02,2.92275568e-02,2.94849660e-02,2.95696394e-02,2.94818347e-02,2.92243581e-02,2.88033768e-02,2.82311257e-02,2.75237328e-02,2.67009075e-02,2.57853452e-02,2.48019592e-02,2.37769919e-02,2.27370478e-02,2.17080982e-02,2.07145088e-02,1.97781406e-02,1.89175708e-02,1.81474696e-02,1.74781636e-02,1.69153989e-02,1.64603099e-02,1.61095870e-02,1.58558294e-02,1.56880607e-02,1.55923779e-02,1.55527046e-02,1.55516718e-02,1.55711965e-02,1.55942755e-02,1.56046951e-02,1.55885949e-02,1.55350755e-02,1.54363670e-02,1.52888126e-02,1.50929415e-02,1.48535203e-02,1.45793887e-02,1.42830756e-02,1.39802099e-02,1.36887555e-02,1.34281147e-02,1.32181549e-02,1.30782223e-02
2.16278145e-03,2.36224250e-03,2.36824959e-03,2.16252814e-03,1.73006113e-03,1.06173874e-03,1.54853501e-04,-9.85943351e-04,-2.34804296e-03,-3.91072239e-03,-5.64541158e-03,-7.51648406e-03,-9.48254066e-03,-1.14981198e-02,-1.35157174e-02,-1.54879611e-02,-1.73697652e-02,-1.91202946e-02,-2.07045935e-02,-2.20947776e-02,-2.32707381e-02,-2.42203568e-02,-2.49392730e-02,-2.54302522e-02,-2.57021323e-02,-2.57715867e-02,-2.56553282e-02,-2.53741421e-02,-2.49514505e-02,-2.44112013e-02,-2.37770746e-02,-2.30716956e-02,-2.23159691e-02,-2.15285534e-02,-2.07254762e-02,-1.99198911e-02,-1.91219663e-02,-1.83388981e-02,-1.75750349e-02,-1.68320975e-02,-1.61094761e-02,-1.54045861e-02,-1.47132606e-02,-1.40301621e-02,-1.33491944e-02,-1.26639030e-02,-1.19678537e-02,-1.12549844e-02,-1.05199298e-02,-9.75832071e-03,-8.96706166e-03,-8.14459032e-03,-7.29112151e-03,-6.40887498e-03,-5.50228302e-03,-4.57817006e-03,-3.64589227e-03,-2.71742231e-03,-1.80736133e-03,-9.32859495e-04,-1.13425620e-04,6.29388313e-04,1.27244970e-03,1.79167154e-03
-1.96935112e-02,-1.94438377e-02,-1.92260329e-02,-1.90507115e-02,-1.89288129e-02,-1.88709485e-02,-1.88856711e-02,-1.89820894e-02,-1.91658926e-02,-1.94402753e-02,-1.98054635e-02,-2.02584869e-02,-2.07931354e-02,-2.14001052e-02,-2.20673267e-02,-2.27804556e-02,-2.35234974e-02,-2.42795232e-02,-2.50314274e-02,-2.57626755e-02,-2.64579922e-02,-2.71039448e-02,-2.76893896e-02,-2.82057587e-02,-2.86471813e-02,-2.90104438e-02,-2.92948065e-02,-2.95017007e-02,-2.96343184e-02,-2.96969821e-02,-2.96969439e-02,-2.96384353e-02,-2.95280725e-02,-2.93719626e-02,-2.91757976e-02,-2.89447506e-02,-2.86834353e-02,-2.83959366e-02,-2.80858988e-02,-2.77566506e-02,-2.74113435e-02,-2.70530808e-02,-2.66850161e-02,-2.63104043e-02,-2.59325970e-02,-2.55549767e-02,-2.51808382e-02,-2.48132282e-02,-2.44547610e-02,-2.41074356e-02,-2.37724770e-02,-2.34502266e-02,-2.31401036e-02,-2.28406494e-02,-2.25496651e-02,-2.22644372e-02,-2.19820424e-02,-2.16997084e-02,-2.14152067e-02,-2.11272419e-02,-2.08358075e-02,-2.05424713e-02,-2.02505668e-02,-1.99652642e-02
4.56645566e-02,4.60714825e-02,4.64028399e-02,4.66480334e-02,4.67954209e-02,4.68322895e-02,4.67491482e-02,4.65326151e-02,4.61712090e-02,4.56561209e-02,4.49808898e-02,4.41422066e-02,4.31405734e-02,4.19808192e-02,4.06724395e-02,3.92297215e-02,3.76716253e-02,3.60214109e-02,3.43060179e-02,3.25552259e-02,3.08006453e-02,2.90745981e-02,2.74089644e-02,2.58340634e-02,2.43776393e-02,2.30640054e-02,2.19133856e-02,2.09414751e-02,2.01592226e-02,1.95728255e-02,1.91839183e-02,1.89899632e-02,1.89852402e-02,1.91566216e-02,1.94951396e-02,1.99857024e-02,2.06122662e-02,2.13579676e-02,2.22055814e-02,2.31379782e-02,2.41385262e-02,2.51914260e-02,2.62819753e-02,2.73967639e-02,2.85238035e-02,2.96525957e-02,3.07741459e-02,3.18809304e-02,3.29668240e-02,3.40269966e-02,3.50577846e-02,3.60565438e-02,3.70214881e-02,3.79515172e-02,3.88460337e-02,3.97047528e-02,4.05275024e-02,4.13140157e-02,4.20637170e-02,4.27755047e-02,4.34475361e-02,4.40770230e-02,4.46600482e-02,4.51914168e-02
-1.99475126e-02,-1.99793294e-02,-1.99089976e-02,-1.97344903e-02,-1.94555062e-02,-1.90731840e-02,-1.85902107e-02,-1.80108457e-02,-1.73408915e-02,-1.65876151e-02,-1.57596204e-02,-1.48666794e-02,-1.39195257e-02,-1.29296228e-02,-1.19089181e-02,-1.08695949e-02,-9.82383483e-03,-8.78360282e-03,-7.76046310e-03,-6.76543182e-03,-5.80886879e-03,-4.90040656e-03,-4.04891139e-03,-3.26246794e-03,-2.54837722e-03,-1.91315713e-03,-1.36253534e-03,-9.01426487e-04,-5.33889444e-04,-2.63064100e-04,-9.10922394e-05,-1.90299899e-05,-4.67675612e-05,-1.72962610e-04,-3.95013548e-04,-7.09071601e-04,-1.11010852e-03,-1.59204067e-03,-2.14790620e-03,-2.77008521e-03,-3.45054735e-03,-4.18110702e-03,-4.95366497e-03,-5.76041539e-03,-6.59400164e-03,-7.44760861e-03,-8.31498725e-03,-9.19041357e-03,-1.00685914e-02,-1.09445140e-02,-1.18133018e-02,-1.26700370e-02,-1.35096120e-02,-1.43266082e-02,-1.51152156e-02,-1.58692002e-02,-1.65819208e-02,-1.72463913e-02,-1.78553850e-02,-1.84015703e-02,-1.88776717e-02,-1.92766459e-02,-1.95918631e-02,-1.98172784e-02
-6.64285770e-03,-5.30751892e-03,-4.02761990e-03,-2.81432273e-03,-1.67850631e-03,-6.30559819e-04,3.19808345e-04,1.16372705e-03,1.89329917e-03,2.50167336e-03,2.98306586e-03,3.33272761e-03,3.54685747e-03,3.62245917e-03,3.55737214e-03,3.34986753e-03,2.99838528e-03,2.50188326e-03,1.85960219e-03,1.07119162e-03,1.36938723e-04,-9.41879218e-04,-2.16253466e-03,-3.52032009e-03,-5.00797080e-03,-6.61512328e-03,-8.32787410e-03,-1.01285116e-02,-1.19954837e-02,-1.39036473e-02,-1.58248176e-02,-1.77286014e-02,-1.95834663e-02,-2.13579669e-02,-2.30220264e-02,-2.45481661e-02,-2.59125809e-02,-2.70959735e-02,-2.80840935e-02,-2.88679520e-02,-2.94437109e-02,-2.98122193e-02,-2.99784251e-02,-2.99550744e-02,-2.97491274e-02,-2.93747857e-02,-2.88465942e-02,-2.81793716e-02,-2.73877009e-02,-2.64855079e-02,-2.54857753e-02,-2.44003959e-02,-2.32401542e-02,-2.20148143e-02,-2.07332924e-02,-1.94038828e-02,-1.80345131e-02,-1.66330001e-02,-1.52072848e-02,-1.37656286e-02,-1.23167571e-02,-1.08699440e-02,-9.43503316e-03,-8.02239990e-03
-9.96333796e-03,-9.89621246e-03,-9.89069516e-03,-9.93983942e-03,-1.00362113e-02,-1.01729849e-02,-1.03442571e-02,-1.05453281e-02,-1.07729085e-02,-1.10252305e-02,-1.13020572e-02,-1.16045886e-02,-1.19352658e-02,-1.22974860e-02,-1.26952395e-02,-1.31326905e-02,-1.36137250e-02,-1.41414929e-02,-1.47179759e-02,-1.53436112e-02,-1.60169982e-02,-1.67347137e-02,-1.74912506e-02,-1.82790851e-02,-1.90888705e-02,-1.99097375e-02,-2.07296783e-02,-2.15359810e-02,-2.23156769e-02,-2.30559687e-02,-2.37446090e-02,-2.43702096e-02,-2.49224712e-02,-2.53923340e-02,-2.57720591e-02,-2.60552479e-02,-2.62367841e-02,-2.63132087e-02,-2.62835549e-02,-2.61452337e-02,-2.58990319e-02,-2.55469704e-02,-2.50925589e-02,-2.45408765e-02,-2.38986157e-02,-2.31740872e-02,-2.23771756e-02,-2.15192350e-02,-2.06129211e-02,-1.96719564e-02,-1.87108361e-02,-1.77444810e-02,-1.67878521e-02,-1.58555422e-02,-1.49613636e-02,-1.41179499e-02,-1.33363938e-02,-1.26259387e-02,-1.19937401e-02,-1.14447130e-02,-1.09814733e-02,-1.06043797e-02,-1.03116751e-02,-1.00997240e-02
3.90498735e-02,3.82251911e-02,3.73803462e-02,3.65343459e-02,3.57053947e-02,3.49103120e-02,3.41640498e-02,3.34793255e-02,3.28663725e-02,3.23328059e-02,3.18835903e-02,3.15210957e-02,3.12452245e-02,3.10535931e-02,3.09417589e-02,3.09035276e-02,3.09305060e-02,3.10137095e-02,3.11438372e-02,3.13102579e-02,3.15022732e-02,3.17094309e-02,3.19219074e-02,3.21308984e-02,3.23289916e-02,3.25105004e-02,3.26717380e-02,3.28112071e-02,3.29296900e-02,3.30302203e-02,3.31179319e-02,3.31997827e-02,3.32841696e-02,3.33804604e-02,3.34984715e-02,3.36479083e-02,3.38377975e-02,3.40759493e-02,3.43684834e-02,3.47194405e-02,3.51304951e-02,3.56007765e-02,3.61267983e-02,3.67024921e-02,3.73193363e-02,3.79665711e-02,3.86314874e-02,3.92997799e-02,3.99559556e-02,4.05837872e-02,4.11668045e-02,4.16888131e-02,4.21344288e-02,4.24896133e-02,4.27421874e-02,4.28822685e-02,4.29021980e-02,4.28021776e-02,4.25784386e-02,4.22342290e-02,4.17763748e-02,4.12148811e-02,4.05626917e-02,3.98352403e-02
1.91271117e-03,2.45871905e-03,2.80626707e-03,2.94347661e-03,2.86430492e-03,2.56905263e-03,2.06416532e-03,1.36313918e-03,4.85878623e-04,-5.41870720e-04,-1.68943987e-03,-2.92251671e-03,-4.20460355e-03,-5.49862874e-03,-6.76858333e-03,-7.98106997e-03,-9.10666298e-03,-1.01210005e-02,-1.10055587e-02,-1.17480895e-02,-1.23427312e-02,-1.27898226e-02,-1.30954656e-02,-1.32708652e-02,-1.33319125e-02,-1.32976306e-02,-1.31890851e-02,-1.30293993e-02,-1.28420862e-02,-1.26501125e-02,-1.24749322e-02,-1.23355709e-02,-1.22478244e-02,-1.22230379e-02,-1.22684942e-02,-1.23864980e-02,-1.25740176e-02,-1.28229862e-02,-1.31206227e-02,-1.34500259e-02,-1.37909988e-02,-1.41210521e-02,-1.44165250e-02,-1.46537431e-02,-1.48100931e-02,-1.48657386e-02,-1.48037037e-02,-1.46099435e-02,-1.42754022e-02,-1.37955380e-02,-1.31704760e-02,-1.24049475e-02,-1.15080916e-02,-1.04931535e-02,-9.37710931e-03,-8.18023610e-03,-6.92564377e-03,-5.63877376e-03,-4.34686526e-03,-3.07838390e-03,-1.86240510e-03,-7.27944333e-04,2.96770886e-04,1.18507205e-03
1.30033327e-02,1.39586271e-02,1.48500775e-02,1.56724688e-02,1.64192723e-02,1.70825724e-02,1.76530402e-02,1.81199612e-02,1.84713220e-02,1.86939561e-02,1.87736725e-02,1.86966755e-02,1.84487143e-02,1.80146295e-02,1.73815319e-02,1.65383056e-02,1.54765679e-02,1.41916211e-02,1.26834093e-02,1.09574261e-02,9.02549613e-03,6.90633420e-03,4.62579081e-03,2.21669810e-03,-2.81739604e-04,-2.82499758e-03,-5.36478575e-03,-7.85092975e-03,-1.02334335e-02,-1.24646071e-02,-1.45010670e-02,-1.63054496e-02,-1.78477146e-02,-1.91059627e-02,-2.00667425e-02,-2.07248421e-02,-2.10824080e-02,-2.11525812e-02,-2.09475560e-02,-2.04872506e-02,-1.97954210e-02,-1.88979384e-02,-1.78218673e-02,-1.65945561e-02,-1.52428519e-02,-1.37924576e-02,-1.22674334e-02,-1.06898328e-02,-9.07946419e-03,-7.45376169e-03,-5.82775238e-03,-4.21410476e-03,-2.62324421e-03,-1.06352181e-03,4.58575873e-04,1.93818542e-03,3.37181288e-03,4.75706147e-03,6.09235707e-03,7.37667542e-03,8.60927463e-03,9.78943589e-03,1.09162152e-02,1.19882084e-02
-3.23322874e-02,-3.21745655e-02,-3.19205320e-02,-3.15684848e-02,-3.11188386e-02,-3.05743013e-02,-2.99399077e-02,-2.92229206e-02,-2.84326133e-02,-2.75799547e-02,-2.66772243e-02,-2.57375856e-02,-2.47746470e-02,-2.38020369e-02,-2.28330151e-02,-2.18801381e-02,-2.09549907e-02,-2.00679907e-02,-1.92282668e-02,-1.84436097e-02,-1.77204861e-02,-1.70641092e-02,-1.64785525e-02,-1.59668948e-02,-1.55313827e-02,-1.51735982e-02,-1.48946192e-02,-1.46951662e-02,-1.45757503e-02,-1.45362756e-02,-1.45768179e-02,-1.46975922e-02,-1.48981293e-02,-1.51776275e-02,-1.55347545e-02,-1.59674655e-02,-1.64728257e-02,-1.70468518e-02,-1.76843959e-02,-1.83790926e-02,-1.91233859e-02,-1.99086463e-02,-2.07253805e-02,-2.15635228e-02,-2.24127892e-02,-2.32630654e-02,-2.41047918e-02,-2.49293091e-02,-2.57291268e-02,-2.64980879e-02,-2.72314080e-02,-2.79255861e-02,-2.85781930e-02,-2.91875622e-02,-2.97524137e-02,-3.02714537e-02,-3.07429950e-02,-3.11646403e-02,-3.15330664e-02,-3.18439362e-02,-3.20919490e-02,-3.22710115e-02,-3.23744137e-02,-3.23971624e-02
2.26058876e-02,2.38105469e-02,2.51413969e-02,2.65787640e-02,2.80983554e-02,2.96719310e-02,3.12681022e-02,3.28532289e-02,3.43923923e-02,3.58504247e-02,3.71929768e-02,3.83876061e-02,3.94048615e-02,4.02193328e-02,4.08106196e-02,4.11641298e-02,4.12713080e-02,4.11353587e-02,4.07610129e-02,4.01594195e-02,3.93509182e-02,3.83611131e-02,3.72199500e-02,3.59603737e-02,3.46168101e-02,3.32236247e-02,3.18136823e-02,3.04171115e-02,2.90603514e-02,2.77655213e-02,2.65501184e-02,2.54270145e-02,2.44046958e-02,2.34876782e-02,2.26770225e-02,2.19708837e-02,2.13650400e-02,2.08533658e-02,2.04282319e-02,2.00808362e-02,1.98014791e-02,1.95798109e-02,1.94050825e-02,1.92664258e-02,1.91531898e-02,1.90553411e-02,1.89639287e-02,1.88715929e-02,1.87730938e-02,1.86658204e-02,1.85502330e-02,1.84301819e-02,1.83130518e-02,1.82096914e-02,1.81341101e-02,1.81029675e-02,1.81344459e-02,1.82472973e-02,1.84609203e-02,1.87927400e-02,1.92576631e-02,1.98670454e-02,2.06278394e-02,2.15419584e-02
-1.13171981e-02,-1.24575842e-02,-1.35399980e-02,-1.45547070e-02,-1.54934783e-02,-1.63496379e-02,-1.71181028e-02,-1.77953784e-02,-1.83795173e-02,-1.88700319e-02,-1.92677573e-02,-1.95746651e-02,-1.97936258e-02,-1.99281102e-02,-1.99821435e-02,-1.99602249e-02,-1.98652836e-02,-1.97007506e-02,-1.94692744e-02,-1.91726978e-02,-1.88120272e-02,-1.83874789e-02,-1.78986082e-02,-1.73445184e-02,-1.67241332e-02,-1.60365157e-02,-1.52812101e-02,-1.44585819e-02,-1.35701338e-02,-1.26187755e-02,-1.16090308e-02,-1.05471711e-02,-9.44126805e-03,-8.30116564e-03,-7.13837513e-03,-5.96590008e-03,-4.79800125e-03,-3.64991225e-03,-2.53751706e-03,-1.47700032e-03,-4.84480549e-04,4.24364390e-04,1.23466192e-03,1.93272459e-03,2.50638629e-03,2.94531844e-03,3.24130746e-03,3.38847849e-03,3.38340879e-03,3.22590680e-03,2.91742046e-03,2.46263389e-03,1.86865753e-03,1.14490597e-03,3.02845380e-04,-6.44316615e-04,-1.68197624e-03,-2.79451983e-03,-3.96568998e-03,-5.17894721e-03,-6.41780566e-03,-7.66613443e-03,-8.90841999e-03,-1.01299895e-02
2.95312077e-03,3.64936140e-03,4.23384435e-03,4.70884004e-03,5.07916327e-03,5.35179879e-03,5.53540619e-03,5.63972274e-03,5.67488642e-03,5.65084853e-03,5.57646647e-03,5.45888041e-03,5.30320332e-03,5.11197583e-03,4.88497148e-03,4.61919177e-03,4.30907320e-03,3.94690374e-03,3.52343085e-03,3.02862849e-03,2.45257784e-03,1.78640494e-03,1.02321064e-03,1.58923700e-04,-8.06989232e-04,-1.87101874e-03,-3.02537046e-03,-4.25799448e-03,-5.55290156e-03,-6.89073975e-03,-8.24958221e-03,-9.60585658e-03,-1.09353343e-02,-1.22140960e-02,-1.34193993e-02,-1.45303905e-02,-1.55286285e-02,-1.63984121e-02,-1.71269246e-02,-1.77042271e-02,-1.81231318e-02,-1.83789438e-02,-1.84702536e-02,-1.83975522e-02,-1.81619593e-02,-1.77679251e-02,-1.72216591e-02,-1.65312199e-02,-1.57064967e-02,-1.47591640e-02,-1.37026039e-02,-1.25517850e-02,-1.13230894e-02,-1.00340842e-02,-8.70323812e-03,-7.34958768e-03,-5.99236097e-03,-4.65056991e-03,-3.34258291e-03,-2.08569171e-03,-8.95687504e-04,2.13537720e-04,1.23034222e-03,2.14564081e-03
1.95554793e-02,2.19830791e-02,2.43402072e-02,2.66150920e-02,2.87962444e-02,3.08722190e-02,3.28314018e-02,3.46618348e-02,3.63510900e-02,3.78861994e-02,3.92536498e-02,4.04394447e-02,4.14292361e-02,4.22085220e-02,4.27628941e-02,4.30782655e-02,4.31403771e-02,4.29446077e-02,4.24757751e-02,4.17258015e-02,4.06903797e-02,3.93682155e-02,3.77617078e-02,3.58774164e-02,3.37264162e-02,3.13245441e-02,2.86925220e-02,2.58559399e-02,2.28450836e-02,1.96945980e-02,1.64429847e-02,1.31319375e-02,9.80553234e-03,6.50929418e-03,3.28917122e-03,1.90455959e-04,-2.74327709e-03,-5.47124803e-03,-7.95648292e-03,-1.01666275e-02,-1.20746333e-02,-1.36592533e-02,-1.49053288e-02,-1.58038440e-02,-1.63516581e-02,-1.65528086e-02,-1.64164290e-02,-1.59532352e-02,-1.51807260e-02,-1.41194429e-02,-1.27925125e-02,-1.12249681e-02,-9.44307568e-03,-7.47370546e-03,-5.34377067e-03,-3.07974234e-03,-7.07247150e-04,1.74924456e-03,4.26664329e-03,6.82342252e-03,9.39966764e-03,1.19770730e-02,1.45388726e-02,1.70697133e-02
-1.60814977e-02,-1.76645708e-02,-1.93852309e-02,-2.12211648e-02,-2.31472843e-02,-2.51364745e-02,-2.71604685e-02,-2.91907836e-02,-3.11996452e-02,-3.31608263e-02,-3.50503427e-02,-3.68469581e-02,-3.85324790e-02,-4.00918402e-02,-4.15130014e-02,-4.27866959e-02,-4.39060747e-02,-4.48663007e-02,-4.56641359e-02,-4.62975602e-02,-4.67654356e-02,-4.70671535e-02,-4.72027441e-02,-4.71784338e-02,-4.69896645e-02,-4.66398609e-02,-4.61324166e-02,-4.54716213e-02,-4.46628925e-02,-4.37129147e-02,-4.26297197e-02,-4.14227068e-02,-4.01026024e-02,-3.86813654e-02,-3.71720409e-02,-3.55885756e-02,-3.39456035e-02,-3.22582149e-02,-3.05417231e-02,-2.88114388e-02,-2.70824652e-02,-2.53695227e-02,-2.36868100e-02,-2.20479083e-02,-2.04657289e-02,-1.89525053e-02,-1.75198254e-02,-1.61786973e-02,-1.49396400e-02,-1.38127864e-02,-1.28079844e-02,-1.19348808e-02,-1.12029716e-02,-1.06216039e-02,-1.01999222e-02,-9.94680311e-03,-9.86973960e-03,-9.97614078e-03,-1.02723320e-02,-1.07623736e-02,-1.14481454e-02,-1.23287954e-02,-1.34002769e-02,-1.46549797e-02
-3.91141344e-03,-3.89892683e-03,-4.03183046e-03,-4.31147055e-03,-4.73498620e-03,-5.29540324e-03,-5.98192529e-03,-6.78038155e-03,-7.67379383e-03,-8.64302455e-03,-9.66746554e-03,-1.07257292e-02,-1.17963082e-02,-1.28581794e-02,-1.38913324e-02,-1.48772182e-02,-1.57991143e-02,-1.66424133e-02,-1.73948414e-02,-1.80466150e-02,-1.85905432e-02,-1.90220792e-02,-1.93393190e-02,-1.95429268e-02,-1.96359890e-02,-1.96256100e-02,-1.95179550e-02,-1.93230947e-02,-1.90524564e-02,-1.87187045e-02,-1.83353605e-02,-1.79163632e-02,-1.74755944e-02,-1.70263861e-02,-1.65810247e-02,-1.61502719e-02,-1.57429229e-02,-1.53654259e-02,-1.50215864e-02,-1.47123819e-02,-1.44359057e-02,-1.41874594e-02,-1.39598008e-02,-1.37435453e-02,-1.35277105e-02,-1.33003772e-02,-1.30494377e-02,-1.27633875e-02,-1.24321148e-02,-1.20476360e-02,-1.16047306e-02,-1.11014368e-02,-1.05393772e-02,-9.92389710e-03,-9.26400944e-03,-8.57215076e-03,-7.86376416e-03,-7.15673127e-03,-6.47068212e-03,-5.82621571e-03,-5.24406645e-03,-4.74425377e-03,-4.34525277e-03,-4.06322735e-03
2.65220350e-03,2.77682997e-03,2.72145923e-03,2.48965993e-03,2.08784545e-03,1.52578836e-03,8.15933194e-04,-2.69897771e-05,-9.86426586e-04,-2.04450733e-03,-3.18255989e-03,-4.38159562e-03,-5.62276510e-03,-6.88776528e-03,-8.15919105e-03,-9.42082997e-03,-1.06579033e-02,-1.18572581e-02,-1.30075168e-02,-1.40991864e-02,-1.51247296e-02,-1.60785940e-02,-1.69571942e-02,-1.77588381e-02,-1.84835901e-02,-1.91330652e-02,-1.97101503e-02,-2.02186582e-02,-2.06629225e-02,-2.10473526e-02,-2.13759713e-02,-2.16519659e-02,-2.18772849e-02,-2.20523106e-02,-2.21756287e-02,-2.22438251e-02,-2.22528667e-02,-2.21953704e-02,-2.20636336e-02,-2.18492158e-02,-2.15435067e-02,-2.11383728e-02,-2.06267889e-02,-2.00034291e-02,-1.92651822e-02,-1.84115624e-02,-1.74449953e-02,-1.63709691e-02,-1.51980536e-02,-1.39377929e-02,-1.26044901e-02,-1.12148980e-02,-9.78783885e-03,-8.34376854e-03,-6.90430358e-03,-5.49172377e-03,-4.12846275e-03,-2.83659580e-03,-1.63733364e-03,-5.50530611e-04,4.05783864e-04,1.21582613e-03,1.86647188e-03,2.34757164e-03
-4.54483679e-03,-5.48661163e-03,-6.49038742e-03,-7.54305366e-03,-8.62775386e-03,-9.72452221e-03,-1.08111218e-02,-1.18640236e-02,-1.28594524e-02,-1.37744237e-02,-1.45876948e-02,-1.52805707e-02,-1.58375184e-02,-1.62465571e-02,-1.64993762e-02,-1.65921310e-02,-1.65244431e-02,-1.62977707e-02,-1.59177714e-02,-1.53924888e-02,-1.47320639e-02,-1.39483629e-02,-1.30546302e-02,-1.20651889e-02,-1.09951903e-02,-9.86040909e-03,-8.67707482e-03,-7.46172531e-03,-6.23106894e-03,-5.00184046e-03,-3.79063743e-03,-2.61372650e-03,-1.48681252e-03,-4.24767729e-04,5.58675688e-04,1.45125770e-03,2.24255516e-03,2.92432149e-03,3.49080304e-03,3.93899655e-03,4.26881812e-03,4.48315465e-03,4.58777002e-03,4.59100015e-03,4.50394217e-03,4.33852256e-03,4.10824186e-03,3.82681136e-03,3.50742947e-03,3.16201751e-03,2.80052076e-03,2.43033208e-03,2.05588180e-03,1.67842478e-03,1.29604178e-03,9.03857506e-04,4.94464111e-04,5.85265519e-05,-4.14464367e-04,-9.35332116e-04,-1.51429646e-03,-2.16005457e-03,-2.87891399e-03,-3.67403514e-03
-3.52412476e-02,-3.48817147e-02,-3.43405777e-02,-3.36382442e-02,-3.27950251e-02,-3.18304336e-02,-3.07626032e-02,-2.96078606e-02,-2.83804590e-02,-2.70924710e-02,-2.57538309e-02,-2.43725087e-02,-2.29547954e-02,-2.15056715e-02,-2.00292319e-02,-1.85291351e-02,-1.70090476e-02,-1.54730569e-02,-1.39260282e-02,-1.23738869e-02,-1.08238142e-02,-9.28435073e-03,-7.76540593e-03,-6.27818211e-03,-4.83502163e-03,-3.44919314e-03,-2.13463371e-03,-9.05665591e-04,2.23294029e-04,1.23800464e-03,2.12467067e-03,2.87016023e-03,3.46218177e-03,3.88942307e-03,4.14165232e-03,4.20976301e-03,4.08634711e-03,3.76479049e-03,3.24006064e-03,2.50900109e-03,1.57042003e-03,4.25468431e-04,-9.21927529e-04,-2.46458095e-03,-4.19159969e-03,-6.08794321e-03,-8.13410964e-03,-1.03060032e-02,-1.25750424e-02,-1.49085553e-02,-1.72704797e-02,-1.96223574e-02,-2.19245762e-02,-2.41377789e-02,-2.62243402e-02,-2.81497952e-02,-2.98841112e-02,-3.14027058e-02,-3.26871468e-02,-3.37254936e-02,-3.45122745e-02,-3.50480811e-02,-3.53386207e-02,-3.53993405e-02
1.33494534e-02,1.39215865e-02,1.42564116e-02,1.43427828e-02,1.41775641e-02,1.37611645e-02,1.31013826e-02,1.22133650e-02,1.11184306e-02,9.84337063e-03,8.41932975e-03,6.88039208e-03,5.26198680e-03,3.59924105e-03,1.92541554e-03,2.70549321e-04,-1.33958038e-03,-2.88413257e-03,-4.34748734e-03,-5.71912843e-03,-6.99321229e-03,-8.16788968e-03,-9.24446998e-03,-1.02265189e-02,-1.11189719e-02,-1.19273308e-02,-1.26569909e-02,-1.33127269e-02,-1.38983447e-02,-1.44164921e-02,-1.48686044e-02,-1.52549574e-02,-1.55747917e-02,-1.58264749e-02,-1.60076663e-02,-1.61154238e-02,-1.61470018e-02,-1.60987227e-02,-1.59666122e-02,-1.57469032e-02,-1.54357261e-02,-1.50292302e-02,-1.45237028e-02,-1.39157198e-02,-1.32023409e-02,-1.23813468e-02,-1.14515147e-02,-1.04129187e-02,-9.26724247e-03,-8.01808316e-03,-6.67123171e-03,-5.23490938e-03,-3.71994605e-03,-2.13988658e-03,-5.11015058e-04,1.14770845e-03,2.81480155e-03,4.46654193e-03,6.07732082e-03,7.62011107e-03,9.06703968e-03,1.03900626e-02,1.15617361e-02,1.25560715e-02
-6.04657538e-03,-6.83047728e-03,-7.72581376e-03,-8.72453986e-03,-9.81606718e-03,-1.09875528e-02,-1.22243205e-02,-1.35103779e-02,-1.48289837e-02,-1.61632169e-02,-1.74965028e-02,-1.88130562e-02,-2.00982140e-02,-2.13386438e-02,-2.25224277e-02,-2.36390318e-02,-2.46791870e-02,-2.56347075e-02,-2.64982817e-02,-2.72632674e-02,-2.79235212e-02,-2.84732833e-02,-2.89071316e-02,-2.92199946e-02,-2.94071390e-02,-2.94660466e-02,-2.93936820e-02,-2.91873980e-02,-2.88472550e-02,-2.83748765e-02,-2.77737870e-02,-2.70495680e-02,-2.62099146e-02,-2.52645956e-02,-2.42253164e-02,-2.31054884e-02,-2.19199152e-02,-2.06844077e-02,-1.94153493e-02,-1.81292308e-02,-1.68421810e-02,-1.55695172e-02,-1.43253427e-02,-1.31222143e-02,-1.19709011e-02,-1.08802515e-02,-9.85717854e-03,-8.90676476e-03,-8.03248052e-03,-7.23649922e-03,-6.52008409e-03,-5.88401424e-03,-5.32901234e-03,-4.85613485e-03,-4.46708749e-03,-4.16443462e-03,-3.95168167e-03,-3.83324492e-03,-3.81389518e-03,-3.89920946e-03,-4.09442898e-03,-4.40417113e-03,-4.83191424e-03,-5.37947777e-03
-1.69576826e-02,-1.55317315e-02,-1.42008361e-02,-1.29732984e-02,-1.18569915e-02,-1.08595396e-02,-9.98846405e-03,-9.25127599e-03,-8.65550218e-03,-8.20863346e-03,-7.91800985e-03,-7.79046894e-03,-7.83140868e-03,-8.04667829e-03,-8.43961239e-03,-9.01170798e-03,-9.76213036e-03,-1.06873676e-02,-1.17809958e-02,-1.30335776e-02,-1.44327141e-02,-1.59632557e-02,-1.76076631e-02,-1.93464939e-02,-2.11589741e-02,-2.30236057e-02,-2.49187588e-02,-2.68231961e-02,-2.87164915e-02,-3.05793180e-02,-3.23935961e-02,-3.41425162e-02,-3.58104591e-02,-3.73828544e-02,-3.88460177e-02,-4.01870103e-02,-4.13935543e-02,-4.24540275e-02,-4.33575489e-02,-4.40941455e-02,-4.46549719e-02,-4.50324549e-02,-4.52197118e-02,-4.52212650e-02,-4.50276348e-02,-4.46419723e-02,-4.40684923e-02,-4.33138488e-02,-4.23871786e-02,-4.12999539e-02,-4.00657388e-02,-3.86998779e-02,-3.72191395e-02,-3.56413325e-02,-3.39849139e-02,-3.22686058e-02,-3.05110332e-02,-2.87303984e-02,-2.69442007e-02,-2.51690103e-02,-2.34203032e-02,-2.17123603e-02,-2.00582316e-02,-1.84697633e-02
1.76338129e-02,2.00521320e-02,2.22838786e-02,2.43120044e-02,2.61220770e-02,2.77022711e-02,2.90432756e-02,3.01381176e-02,3.09819093e-02,3.15715313e-02,3.19052365e-02,3.19818060e-02,3.18062343e-02,3.13763258e-02,3.06930896e-02,2.97592762e-02,2.85782631e-02,2.71545779e-02,2.54943878e-02,2.36060155e-02,2.15004415e-02,1.91917307e-02,1.66973189e-02,1.40381094e-02,1.12383483e-02,8.32527945e-03,5.32860549e-03,2.27980992e-03,-7.88587219e-04,-3.84373281e-03,-6.85314346e-03,-9.78521384e-03,-1.26095711e-02,-1.52972901e-02,-1.78209929e-02,-2.01548823e-02,-2.22747653e-02,-2.41581181e-02,-2.57842278e-02,-2.71344229e-02,-2.81923784e-02,-2.89444191e-02,-2.93795293e-02,-2.94951444e-02,-2.92860197e-02,-2.87518931e-02,-2.78986126e-02,-2.67358392e-02,-2.52771622e-02,-2.35398804e-02,-2.15446585e-02,-1.93151142e-02,-1.68773651e-02,-1.42595606e-02,-1.14914168e-02,-8.60376610e-03,-5.62812888e-03,-2.59631024e-03,4.59979801e-04,3.50946062e-03,6.52165747e-03,9.46722592e-03,1.23182468e-02,1.50485164e-02
-3.27674194e-02,-3.29464332e-02,-3.30802618e-02,-3.31611440e-02,-3.31844927e-02,-3.31469709e-02,-3.30474791e-02,-3.28875986e-02,-3.26707613e-02,-3.24019848e-02,-3.20875276e-02,-3.17345366e-02,-3.13507245e-02,-3.09440967e-02,-3.05227409e-02,-3.00946845e-02,-2.96678120e-02,-2.92498321e-02,-2.88482758e-02,-2.84705035e-02,-2.81237010e-02,-2.78148420e-02,-2.75506032e-02,-2.73372234e-02,-2.71803114e-02,-2.70846472e-02,-2.70531596e-02,-2.70878126e-02,-2.71892968e-02,-2.73556346e-02,-2.75827315e-02,-2.78642646e-02,-2.81917607e-02,-2.85548277e-02,-2.89415316e-02,-2.93388997e-02,-2.97335218e-02,-3.01122109e-02,-3.04626747e-02,-3.07741534e-02,-3.10379768e-02,-3.12480039e-02,-3.14009138e-02,-3.14963187e-02,-3.15368292e-02,-3.15285302e-02,-3.14781728e-02,-3.13957066e-02,-3.12923467e-02,-3.11801092e-02,-3.10711790e-02,-3.09772614e-02,-3.09089789e-02,-3.08752798e-02,-3.08817481e-02,-3.09335463e-02,-3.10316899e-02,-3.11744114e-02,-3.13571128e-02,-3.15725903e-02,-3.18114330e-02,-3.20625589e-02,-3.23138511e-02,-3.25528452e-02
-3.31726190e-03,-4.39863737e-03,-5.50391711e-03,-6.60477336e-03,-7.67420382e-03,-8.68756618e-03,-9.62340773e-03,-1.04640521e-02,-1.11959309e-02,-1.18096713e-02,-1.22999728e-02,-1.26653158e-02,-1.29075461e-02,-1.30313015e-02,-1.30449624e-02,-1.29566315e-02,-1.27772536e-02,-1.25188615e-02,-1.21943010e-02,-1.18169695e-02,-1.14005578e-02,-1.09587971e-02,-1.05051955e-02,-1.00527523e-02,-9.61364348e-03,-9.19887494e-03,-8.81791242e-03,-8.47830181e-03,-8.18530288e-03,-7.94156525e-03,-7.74687983e-03,-7.59803944e-03,-7.48884037e-03,-7.41025005e-03,-7.35075701e-03,-7.29689758e-03,-7.23392420e-03,-7.14659944e-03,-7.02008759e-03,-6.84087120e-03,-6.59762773e-03,-6.28201048e-03,-5.88928438e-03,-5.41877818e-03,-4.87412921e-03,-4.26331148e-03,-3.59845199e-03,-2.89545101e-03,-2.17343003e-03,-1.45403532e-03,-7.60627444e-04,-1.17386768e-04,4.51632401e-04,9.23473588e-04,1.27725099e-03,1.49506693e-03,1.56284823e-03,1.47120013e-03,1.21573440e-03,7.97522618e-04,2.23327813e-04,-4.94619908e-04,-1.33903035e-03,-2.28826609e-03
-2.87950198e-02,-2.64864548e-02,-2.41441807e-02,-2.17790153e-02,-1.94014741e-02,-1.70219287e-02,-1.46507623e-02,-1.22985246e-02,-9.97608665e-03,-7.69479851e-03,-5.46664797e-03,-3.30442086e-03,-1.22185833e-03,7.66194491e-04,2.64364041e-03,4.39305647e-03,5.99562577e-03,7.43113923e-03,8.67807906e-03,9.71380214e-03,1.05148421e-02,1.10573425e-02,1.13175917e-02,1.12727273e-02,1.09048780e-02,1.01936319e-02,9.12601414e-03,7.69417529e-03,5.89693199e-03,3.74094693e-03,1.24166563e-03,-1.57608186e-03,-4.67784784e-03,-8.02007919e-03,-1.15509905e-02,-1.52120637e-02,-1.89400325e-02,-2.26692211e-02,-2.63340623e-02,-2.98715953e-02,-3.32237493e-02,-3.63392471e-02,-3.91750124e-02,-4.16970234e-02,-4.38806149e-02,-4.57102779e-02,-4.71790420e-02,-4.82875294e-02,-4.90427097e-02,-4.94561869e-02,-4.95521874e-02,-4.93444833e-02,-4.88535857e-02,-4.81030790e-02,-4.71163364e-02,-4.59163484e-02,-4.45253543e-02,-4.29645492e-02,-4.12538925e-02,-3.94120096e-02,-3.74561729e-02,-3.54023449e-02,-3.32652692e-02,-3.10585942e-02
4.07023299e-03,1.87798270e-03,-3.82671211e-04,-2.66968235e-03,-4.94032001e-03,-7.15293404e-03,-9.26860720e-03,-1.12525906e-02,-1.30754073e-02,-1.47135642e-02,-1.61498549e-02,-1.73732812e-02,-1.83786512e-02,-1.91659302e-02,-1.97394290e-02,-2.01068723e-02,-2.02782570e-02,-2.02688835e-02,-2.00888339e-02,-1.97526329e-02,-1.92742545e-02,-1.86672700e-02,-1.79446517e-02,-1.71186293e-02,-1.62006131e-02,-1.52011701e-02,-1.41300402e-02,-1.29961795e-02,-1.18078202e-02,-1.05725416e-02,-9.29734700e-03,-7.98874379e-03,-6.65282670e-03,-5.29536326e-03,-3.92188255e-03,-2.53776784e-03,-1.14835398e-03,2.40969801e-04,1.62464901e-03,2.99685194e-03,4.35134916e-03,5.68138755e-03,6.97956281e-03,8.23769289e-03,9.44669753e-03,1.05964907e-02,1.16758953e-02,1.26725907e-02,1.35731077e-02,1.43628851e-02,1.50264037e-02,1.55474132e-02,1.59092591e-02,1.60952843e-02,1.60889684e-02,1.58790212e-02,1.54500083e-02,1.47932157e-02,1.39034669e-02,1.27803855e-02,1.14292217e-02,9.86144325e-03,8.09503955e-03,6.15447294e-03
-9.39115704e-03,-1.08017626e-02,-1.20369293e-02,-1.30848150e-02,-1.39393593e-02,-1.45998991e-02,-1.50705492e-02,-1.53593895e-02,-1.54778940e-02,-1.54406578e-02,-1.52613867e-02,-1.49561200e-02,-1.45406781e-02,-1.40302825e-02,-1.34391329e-02,-1.27800858e-02,-1.20644397e-02,-1.13018207e-02,-1.05001557e-02,-9.66572231e-03,-8.80326005e-03,-7.91613390e-03,-7.00653641e-03,-6.07571939e-03,-5.12424546e-03,-4.15225098e-03,-3.15971262e-03,-2.14671026e-03,-1.11367953e-03,-6.16479696e-05,1.00755036e-03,2.09108740e-03,3.18498603e-03,4.28399762e-03,5.38151664e-03,6.46953311e-03,7.53862390e-03,8.57798282e-03,9.57549006e-03,1.05178211e-02,1.13905964e-02,1.21785744e-02,1.28658899e-02,1.34363446e-02,1.38737502e-02,1.41623258e-02,1.42871076e-02,1.42348403e-02,1.39953918e-02,1.35586413e-02,1.29194906e-02,1.20766870e-02,1.10335550e-02,9.79849570e-03,8.38529296e-03,6.81318079e-03,5.10662660e-03,3.29480232e-03,1.41074240e-03,-5.09780283e-04,-2.42957542e-03,-4.31154292e-03,-6.12015324e-03,-7.82283283e-03
3.96391089e-02,3.79601684e-02,3.62535861e-02,3.45564235e-02,3.29053530e-02,3.13352517e-02,2.98779051e-02,2.85609028e-02,2.74067860e-02,2.64324872e-02,2.56490684e-02,2.50617509e-02,2.46702099e-02,2.44691238e-02,2.44492552e-02,2.45932905e-02,2.48881597e-02,2.53146270e-02,2.58523229e-02,2.64803435e-02,2.71778300e-02,2.79245633e-02,2.87015119e-02,2.94913184e-02,3.02787183e-02,3.10508882e-02,3.17977165e-02,3.25119893e-02,3.31894839e-02,3.38289583e-02,3.44320309e-02,3.50029454e-02,3.55482212e-02,3.60761962e-02,3.65964780e-02,3.71193234e-02,3.76549747e-02,3.82129843e-02,3.88015601e-02,3.94269661e-02,4.00930066e-02,4.08006192e-02,4.15475958e-02,4.23284393e-02,4.31343604e-02,4.39534095e-02,4.47707349e-02,4.55689541e-02,4.63286246e-02,4.70287985e-02,4.76476472e-02,4.81631394e-02,4.85537530e-02,4.87991744e-02,4.88806798e-02,4.87858329e-02,4.85029142e-02,4.80223149e-02,4.73420352e-02,4.64652186e-02,4.54006567e-02,4.41629449e-02,4.27723482e-02,4.12543822e-02
2.73759558e-02,2.81561328e-02,2.87798750e-02,2.92391111e-02,2.95296510e-02,2.96512417e-02,2.96082511e-02,2.94105769e-02,2.90673465e-02,2.85940081e-02,2.80083843e-02,2.73302274e-02,2.65804697e-02,2.57803869e-02,2.49507500e-02,2.41110187e-02,2.32786226e-02,2.24683663e-02,2.16919864e-02,2.09578771e-02,2.02709877e-02,1.96328886e-02,1.90419913e-02,1.84939033e-02,1.79818946e-02,1.74974524e-02,1.70308974e-02,1.65720374e-02,1.61108371e-02,1.56380771e-02,1.51459836e-02,1.46288028e-02,1.40832965e-02,1.35091343e-02,1.29091590e-02,1.22895024e-02,1.16595370e-02,1.10316538e-02,1.04208674e-02,9.84426223e-03,9.32030426e-03,8.86805479e-03,8.50633205e-03,8.25287239e-03,8.12355424e-03,8.13181810e-03,8.28661612e-03,8.59547796e-03,9.06077835e-03,9.68106052e-03,1.04509465e-02,1.13612929e-02,1.23994677e-02,1.35497148e-02,1.47935796e-02,1.61103766e-02,1.74776818e-02,1.88718397e-02,2.02684779e-02,2.16430252e-02,2.29712317e-02,2.42296892e-02,2.53963504e-02,2.64510406e-02
-2.62533268e-02,-2.71011657e-02,-2.78845794e-02,-2.85996555e-02,-2.92410963e-02,-2.98021258e-02,-3.02745313e-02,-3.06488433e-02,-3.09146155e-02,-3.10605479e-02,-3.10789523e-02,-3.09572672e-02,-3.06871707e-02,-3.02621847e-02,-2.96782431e-02,-2.89341888e-02,-2.80320741e-02,-2.69773039e-02,-2.57786266e-02,-2.44479857e-02,-2.30002502e-02,-2.14528465e-02,-1.98253199e-02,-1.81388511e-02,-1.64157539e-02,-1.46789753e-02,-1.29516171e-02,-1.12564900e-02,-9.61571231e-03,-8.05035532e-03,-6.58013865e-03,-5.22317302e-03,-3.99574704e-03,-2.91215288e-03,-1.98454488e-03,-1.22282568e-03,-6.34555325e-04,-2.24880702e-04,3.51641384e-06,5.04408186e-05,-8.17895748e-05,-3.88421774e-04,-8.62302784e-04,-1.49401827e-03,-2.27207037e-03,-3.18311769e-03,-4.21227444e-03,-5.34346268e-03,-6.55980675e-03,-7.84405486e-03,-9.17900910e-03,-1.05479438e-02,-1.19349918e-02,-1.33254812e-02,-1.47062061e-02,-1.60656208e-02,-1.73939497e-02,-1.86832097e-02,-1.99271445e-02,-2.11210750e-02,-2.22616715e-02,-2.33466570e-02,-2.43744555e-02,-2.53438007e-02
-3.15877501e-02,-3.18467916e-02,-3.20240212e-02,-3.21175354e-02,-3.21270903e-02,-3.20476857e-02,-3.18761194e-02,-3.16088109e-02,-3.12422457e-02,-3.07733735e-02,-3.01999736e-02,-2.95209954e-02,-2.87368572e-02,-2.78496870e-02,-2.68634907e-02,-2.57842387e-02,-2.46198708e-02,-2.33802196e-02,-2.20768636e-02,-2.07229219e-02,-1.93328057e-02,-1.79219437e-02,-1.65064969e-02,-1.51030773e-02,-1.37284805e-02,-1.23994413e-02,-1.11324126e-02,-9.94336827e-03,-8.84762421e-03,-7.85966951e-03,-6.99299922e-03,-6.25993916e-03,-5.67145585e-03,-5.23694981e-03,-4.96404874e-03,-4.85815778e-03,-4.92230719e-03,-5.15756788e-03,-5.56185416e-03,-6.13027262e-03,-6.85502602e-03,-7.72545488e-03,-8.72819951e-03,-9.84748329e-03,-1.10655112e-02,-1.23629675e-02,-1.37195879e-02,-1.51147733e-02,-1.65282087e-02,-1.79404513e-02,-1.93334521e-02,-2.06909849e-02,-2.19989617e-02,-2.32456238e-02,-2.44216077e-02,-2.55198911e-02,-2.65356333e-02,-2.74659267e-02,-2.83094814e-02,-2.90662641e-02,-2.97371151e-02,-3.03233639e-02,-3.08264648e-02,-3.12476690e-02
-5.51568684e-02,-5.62132017e-02,-5.70677165e-02,-5.77281291e-02,-5.82025335e-02,-5.84986219e-02,-5.86240142e-02,-5.85901785e-02,-5.83956712e-02,-5.80452947e-02,-5.75414399e-02,-5.68850579e-02,-5.60760252e-02,-5.51135406e-02,-5.39965830e-02,-5.27244093e-02,-5.12970624e-02,-4.97158597e-02,-4.79838338e-02,-4.61061038e-02,-4.40901612e-02,-4.19460620e-02,-3.96865241e-02,-3.73269348e-02,-3.48852781e-02,-3.23819933e-02,-2.98397798e-02,-2.72833590e-02,-2.47392055e-02,-2.22352531e-02,-1.98005823e-02,-1.74650870e-02,-1.52591187e-02,-1.32131022e-02,-1.13571136e-02,-9.72041276e-03,-8.33092277e-03,-7.21465184e-03,-6.39506497e-03,-5.89246421e-03,-5.72246377e-03,-5.89645476e-03,-6.42096560e-03,-7.29571343e-03,-8.51388635e-03,-1.00617489e-02,-1.19185576e-02,-1.40567822e-02,-1.64426523e-02,-1.90370284e-02,-2.17965643e-02,-2.46751017e-02,-2.76252089e-02,-3.05997605e-02,-3.35534510e-02,-3.64441451e-02,-3.92339849e-02,-4.18902026e-02,-4.43856186e-02,-4.66988282e-02,-4.88141080e-02,-5.07210830e-02,-5.24142078e-02,-5.38921132e-02
1.67694456e-02,1.67630979e-02,1.67031684e-02,1.65748228e-02,1.63653975e-02,1.60642968e-02,1.56636987e-02,1.51591162e-02,1.45498297e-02,1.38391755e-02,1.30346749e-02,1.21479846e-02,1.11946613e-02,1.01937393e-02,9.16713221e-03,8.13888090e-03,7.13428111e-03,6.17893338e-03,5.29776502e-03,4.51407655e-03,3.84866392e-03,3.31906205e-03,2.93894577e-03,2.71771435e-03,2.66028695e-03,2.76679131e-03,3.03327181e-03,3.45157660e-03,4.00976374e-03,4.69270649e-03,5.48265646e-03,6.35985593e-03,7.30316801e-03,8.29070500e-03,9.30044025e-03,1.03107928e-02,1.13011769e-02,1.22525092e-02,1.31476686e-02,1.39719006e-02,1.47131601e-02,1.53623819e-02,1.59136706e-02,1.63643986e-02,1.67152028e-02,1.69698712e-02,1.71351118e-02,1.72201985e-02,1.72364679e-02,1.71976696e-02,1.71171541e-02,1.70093123e-02,1.68882372e-02,1.67669654e-02,1.66568864e-02,1.65672036e-02,1.65044916e-02,1.64723828e-02,1.64714593e-02,1.64985370e-02,1.65483697e-02,1.66123031e-02,1.66793229e-02,1.67364796e-02
2.25428928e-02,2.36951475e-02,2.47838391e-02,2.58020788e-02,2.67428901e-02,2.75992471e-02,2.83641034e-02,2.90304045e-02,2.95910791e-02,3.00390110e-02,3.03669961e-02,3.05676851e-02,3.06333922e-02,3.05580838e-02,3.03343363e-02,2.99539884e-02,2.94108993e-02,2.86998737e-02,2.78173356e-02,2.67619880e-02,2.55354854e-02,2.41430752e-02,2.25941449e-02,2.09026048e-02,1.90870425e-02,1.71705997e-02,1.51805465e-02,1.31475589e-02,1.11047367e-02,9.08643103e-03,7.12696989e-03,5.25938413e-03,3.51423078e-03,1.91859750e-03,4.95347026e-04,-7.37365730e-04,-1.76629871e-03,-2.58312191e-03,-3.18415858e-03,-3.56997974e-03,-3.74490353e-03,-3.71703762e-03,-3.49603335e-03,-3.09432168e-03,-2.52582043e-03,-1.80552366e-03,-9.49074244e-04,2.76221169e-05,1.10873060e-03,2.27878441e-03,3.52293102e-03,4.82711803e-03,6.17823196e-03,7.56418241e-03,8.97393141e-03,1.03974695e-02,1.18257430e-02,1.32505401e-02,1.46643461e-02,1.60601802e-02,1.74314281e-02,1.87716836e-02,2.00746115e-02,2.13338407e-02
-3.18206718e-03,-2.03130060e-03,-8.91073130e-04,2.20071884e-04,1.28527215e-03,2.28982380e-03,3.22156400e-03,4.07114894e-03,4.83221326e-03,5.50139720e-03,6.07823755e-03,6.56492646e-03,6.96595111e-03,7.28763538e-03,7.53761150e-03,7.72425423e-03,7.85611202e-03,7.94136820e-03,7.98736117e-03,8.00018010e-03,7.98449137e-03,7.94307608e-03,7.87693481e-03,7.78533708e-03,7.66587179e-03,7.51465385e-03,7.32659381e-03,7.09572248e-03,6.81555779e-03,6.47950086e-03,6.08124809e-03,5.61520531e-03,5.07688980e-03,4.46330467e-03,3.77327004e-03,3.00769549e-03,2.16977945e-03,1.26512364e-03,3.01754458e-04,-7.09951227e-04,-1.75743304e-03,-2.82621397e-03,-3.90023053e-03,-4.96222815e-03,-5.99420026e-03,-6.97785342e-03,-7.89508166e-03,-8.72843515e-03,-9.46157066e-03,-1.00796733e-02,-1.05698397e-02,-1.09214072e-02,-1.11261612e-02,-1.11796232e-02,-1.10789981e-02,-1.08248051e-02,-1.04209946e-02,-9.87451853e-03,-9.19524674e-03,-8.39576157e-03,-7.49106381e-03,-6.49819971e-03,-5.43581845e-03,-4.32367135e-03
-1.90617879e-02,-1.98872356e-02,-2.05971178e-02,-2.11778888e-02,-2.16168725e-02,-2.19026264e-02,-2.20257435e-02,-2.19805565e-02,-2.17592379e-02,-2.13589182e-02,-2.07786736e-02,-2.00197616e-02,-1.90856040e-02,-1.79817370e-02,-1.67157563e-02,-1.52972688e-02,-1.37378507e-02,-1.20510142e-02,-1.02521739e-02,-8.35860861e-03,-6.38940722e-03,-4.36539067e-03,-2.30899841e-03,-2.44130527e-04,1.80405555e-03,3.80942008e-03,5.74520114e-03,7.58441600e-03,9.30034912e-03,1.08671123e-02,1.22602692e-02,1.34575113e-02,1.44393613e-02,1.51898744e-02,1.56972908e-02,1.59545533e-02,1.59591459e-02,1.57189481e-02,1.52392417e-02,1.45353373e-02,1.36267100e-02,1.25367176e-02,1.12916506e-02,9.91955260e-03,8.44894468e-03,6.90755758e-03,5.32117239e-03,3.71265998e-03,2.10128906e-03,5.02345513e-04,-1.07292356e-03,-2.61705997e-03,-4.12588527e-03,-5.59777783e-03,-7.03282691e-03,-8.43193554e-03,-9.79594716e-03,-1.11248627e-02,-1.24172026e-02,-1.36695514e-02,-1.48763078e-02,-1.60296431e-02,-1.71196546e-02,-1.81346878e-02
-2.07278351e-02,-2.29275296e-02,-2.47289869e-02,-2.61236832e-02,-2.71106219e-02,-2.76950071e-02,-2.78910047e-02,-2.77146393e-02,-2.71822405e-02,-2.63171091e-02,-2.51442911e-02,-2.36904502e-02,-2.19834420e-02,-2.00518926e-02,-1.79248080e-02,-1.56312100e-02,-1.31997962e-02,-1.06586193e-02,-8.03478575e-03,-5.35417575e-03,-2.64118723e-03,8.14897446e-05,2.79305176e-03,5.47474263e-03,8.10995259e-03,1.06842407e-02,1.31852999e-02,1.56028473e-02,1.79284361e-02,2.01551881e-02,2.22774488e-02,2.42903720e-02,2.61894476e-02,2.79699870e-02,2.96265906e-02,3.11526218e-02,3.25397173e-02,3.37773660e-02,3.48525888e-02,3.57497503e-02,3.64505317e-02,3.69340744e-02,3.71772108e-02,3.71542220e-02,3.68495112e-02,3.62306640e-02,3.52770998e-02,3.39710247e-02,3.22999034e-02,3.02583273e-02,2.78496572e-02,2.50873683e-02,2.19959426e-02,1.86111642e-02,1.49797047e-02,1.11579565e-02,7.21014964e-03,3.20588165e-03,-7.82738052e-04,-4.68399508e-03,-8.42955157e-03,-1.19569081e-02,-1.52112965e-02,-1.81469680e-02
2.09126898e-03,2.81519481e-03,3.55156565e-03,4.30015869e-03,5.06091174e-03,5.83368054e-03,6.61800581e-03,7.41290137e-03,8.21667268e-03,9.02677345e-03,9.83970425e-03,1.06509546e-02,1.14549867e-02,1.22452570e-02,1.30142698e-02,1.37536566e-02,1.44542749e-02,1.51063236e-02,1.56994708e-02,1.62229967e-02,1.66659542e-02,1.70173537e-02,1.72663771e-02,1.74026133e-02,1.74161114e-02,1.73002149e-02,1.70463549e-02,1.66497706e-02,1.61080508e-02,1.54216515e-02,1.45943381e-02,1.36335008e-02,1.25503218e-02,1.13597596e-02,1.00803218e-02,8.73361744e-03,7.34369969e-03,5.93623118e-03,4.53752694e-03,3.17354257e-03,1.86888280e-03,6.45903160e-04,-4.76034179e-04,-1.48109569e-03,-2.35732456e-03,-3.09673395e-03,-3.69520868e-03,-4.15223689e-03,-4.47050985e-03,-4.65541920e-03,-4.71475963e-03,-4.65774894e-03,-4.49463432e-03,-4.23649438e-03,-3.89458747e-03,-3.47999341e-03,-3.00329659e-03,-2.47432669e-03,-1.90195797e-03,-1.29396655e-03,-6.56944389e-04,3.73118018e-06,6.83873395e-04,1.38041176e-03
-3.58722665e-03,-4.44732967e-03,-5.07642274e-03,-5.48766279e-03,-5.70009160e-03,-5.73794382e-03,-5.62717191e-03,-5.39589517e-03,-5.07241704e-03,-4.68394692e-03,-4.25556470e-03,-3.80934552e-03,-3.36366969e-03,-2.93272725e-03,-2.52622132e-03,-2.14927014e-03,-1.80250243e-03,-1.48233546e-03,-1.18141796e-03,-8.89214137e-04,-5.92698262e-04,-2.77125494e-04,7.31580170e-05,4.73903144e-04,9.40174665e-04,1.48563094e-03,2.12188636e-03,2.85797080e-03,3.69989411e-03,4.65031707e-03,5.70832508e-03,6.86929774e-03,8.12486561e-03,9.46294566e-03,1.08678481e-02,1.23204497e-02,1.37984316e-02,1.52765832e-02,1.67271774e-02,1.81204255e-02,1.94250210e-02,2.06087866e-02,2.16394328e-02,2.24854349e-02,2.31170246e-02,2.35072599e-02,2.36329337e-02,2.34789386e-02,2.30341434e-02,2.22937625e-02,2.12636513e-02,1.99586462e-02,1.84029147e-02,1.66296399e-02,1.46801050e-02,1.26022019e-02,1.04484361e-02,8.27355682e-03,6.13199408e-03,4.07530759e-03,2.14985667e-03,3.94869038e-04,-1.15895378e-03,-2.49024706e-03
-2.15818857e-02,-2.11968369e-02,-2.08968517e-02,-2.06884869e-02,-2.05767107e-02,-2.05625952e-02,-2.06477322e-02,-2.08295552e-02,-2.11029724e-02,-2.14604701e-02,-2.18923621e-02,-2.23872155e-02,-2.29324027e-02,-2.35147348e-02,-2.41211275e-02,-2.47392458e-02,-2.53580770e-02,-2.59683856e-02,-2.65630193e-02,-2.71370462e-02,-2.76877224e-02,-2.82143004e-02,-2.87177038e-02,-2.92001018e-02,-2.96644231e-02,-3.01138481e-02,-3.05513199e-02,-3.09791071e-02,-3.13984481e-02,-3.18092960e-02,-3.22101770e-02,-3.25981667e-02,-3.29689797e-02,-3.33171596e-02,-3.36363524e-02,-3.39196401e-02,-3.41599061e-02,-3.43502034e-02,-3.44840779e-02,-3.45556813e-02,-3.45623871e-02,-3.44993134e-02,-3.43649375e-02,-3.41589709e-02,-3.38824402e-02,-3.35376201e-02,-3.31278877e-02,-3.26575455e-02,-3.21316324e-02,-3.15557433e-02,-3.09358724e-02,-3.02782924e-02,-2.95894753e-02,-2.88760603e-02,-2.81448626e-02,-2.74029184e-02,-2.66575516e-02,-2.59164492e-02,-2.51877256e-02,-2.44799595e-02,-2.38021857e-02,-2.31638269e-02,-2.25745563e-02,-2.20440862e-02
-2.19993488e-03,-2.58511316e-03,-2.98406184e-03,-3.39882322e-03,-3.83430408e-03,-4.29786435e-03,-4.79875647e-03,-5.34744542e-03,-5.95484426e-03,-6.63150398e-03,-7.38679734e-03,-8.22813672e-03,-9.16026428e-03,-1.01846495e-02,-1.12990251e-02,-1.24970860e-02,-1.37683705e-02,-1.50983319e-02,-1.64686040e-02,-1.78574507e-02,-1.92403828e-02,-2.05909159e-02,-2.18814348e-02,-2.30841244e-02,-2.41719219e-02,-2.51194454e-02,-2.59038496e-02,-2.65055601e-02,-2.69087897e-02,-2.71017466e-02,-2.70829625e-02,-2.68454718e-02,-2.63933846e-02,-2.57345919e-02,-2.48811368e-02,-2.38488650e-02,-2.26569415e-02,-2.13272981e-02,-1.98840406e-02,-1.83528401e-02,-1.67603240e-02,-1.51334787e-02,-1.34990727e-02,-1.18831070e-02,-1.03102962e-02,-8.80358551e-03,-7.38370735e-03,-6.06878277e-03,-4.87397579e-03,-3.81120928e-03,-2.88895378e-03,-2.11210195e-03,-1.48194182e-03,-9.96240837e-04,-6.49450402e-04,-4.33035843e-04,-3.35930289e-04,-3.45075821e-04,-4.46149586e-04,-6.24220082e-04,-8.64540119e-04,-1.15329363e-03,-1.47829386e-03,-1.82958861e-03
-3.25963743e-03,-2.36593473e-03,-1.38008958e-03,-3.20277840e-04,7.93754188e-04,1.94116696e-03,3.10047303e-03,4.24991085e-03,5.36778489e-03,6.43277622e-03,7.42423904e-03,8.32249995e-03,9.10917619e-03,9.76752621e-03,1.02828409e-02,1.06428750e-02,1.08382980e-02,1.08630011e-02,1.07165092e-02,1.03998645e-02,9.92023055e-03,9.28954560e-03,8.52448373e-03,7.64619464e-03,6.67973824e-03,5.65323513e-03,4.59676378e-03,3.54106174e-03,2.51611277e-03,1.54971846e-03,6.66159069e-04,-1.14958201e-04,-7.79576648e-04,-1.31975967e-03,-1.73389451e-03,-2.02654351e-03,-2.20796878e-03,-2.29335811e-03,-2.30200530e-03,-2.25574681e-03,-2.17813613e-03,-2.09294540e-03,-2.02288518e-03,-1.98836086e-03,-2.00630105e-03,-2.08942653e-03,-2.24530882e-03,-2.47600478e-03,-2.77789911e-03,-3.14186843e-03,-3.55376359e-03,-3.99518621e-03,-4.44451206e-03,-4.87809250e-03,-5.27154944e-03,-5.60107181e-03,-5.84461910e-03,-5.98289491e-03,-6.00094476e-03,-5.88698328e-03,-5.63431033e-03,-5.24083506e-03,-4.70892780e-03,-4.04511469e-03
-1.40746218e-02,-1.25846010e-02,-1.10766004e-02,-9.57269072e-03,-8.09364882e-03,-6.65856334e-03,-5.28445532e-03,-3.98592882e-03,-2.77486900e-03,-1.66020705e-03,-6.47771800e-04,2.59754112e-04,1.06275638e-03,1.76449283e-03,2.37075783e-03,2.88942710e-03,3.32989675e-03,3.70244016e-03,4.01751351e-03,4.28504609e-03,4.51375330e-03,4.71050976e-03,4.87981667e-03,5.02339209e-03,5.13990644e-03,5.22487780e-03,5.27073079e-03,5.26699023e-03,5.20107539e-03,5.05799212e-03,4.82186935e-03,4.47644574e-03,4.00604371e-03,3.39657698e-03,2.63657909e-03,1.71820611e-03,6.38153758e-04,-6.01577270e-04,-1.99312121e-03,-3.52250703e-03,-5.16971715e-03,-6.90910985e-03,-8.71019443e-03,-1.05387214e-02,-1.23580185e-02,-1.41304767e-02,-1.58190751e-02,-1.73888335e-02,-1.88080898e-02,-2.00495280e-02,-2.10909075e-02,-2.19154803e-02,-2.25120929e-02,-2.28749250e-02,-2.30048128e-02,-2.29067736e-02,-2.25874593e-02,-2.20595367e-02,-2.13384524e-02,-2.04421327e-02,-1.93905103e-02,-1.82050606e-02,-1.69083652e-02,-1.55236973e-02
-1.72015871e-03,-8.53245477e-04,-1.29870761e-05,7.98012820e-04,1.57844722e-03,2.32823348e-03,3.04837648e-03,3.74076285e-03,4.40788464e-03,5.05249673e-03,5.67721917e-03,6.28410208e-03,6.87417699e-03,7.44702346e-03,8.00038292e-03,8.52985213e-03,9.02868733e-03,9.48774536e-03,9.89558220e-03,1.02387204e-02,1.05020875e-02,1.06696107e-02,1.07249049e-02,1.06527586e-02,1.04391238e-02,1.00720749e-02,9.54357463e-03,8.84980842e-03,7.99186765e-03,6.97616779e-03,5.81457846e-03,4.52423929e-03,3.12705726e-03,1.64890900e-03,1.18600234e-04,-1.43333329e-03,-2.97591225e-03,-4.47898518e-03,-5.91435843e-03,-7.25674703e-03,-8.48448606e-03,-9.57998004e-03,-1.05298956e-02,-1.13251236e-02,-1.19605540e-02,-1.24347098e-02,-1.27492802e-02,-1.29084549e-02,-1.29205595e-02,-1.27924047e-02,-1.25340899e-02,-1.21565274e-02,-1.16712856e-02,-1.10903634e-02,-1.04259811e-02,-9.69039813e-03,-8.89575296e-03,-8.05391740e-03,-7.17636106e-03,-6.27402067e-03,-5.35717225e-03,-4.43530530e-03,-3.51700001e-03,-2.60981050e-03
-4.86412558e-03,-5.78157115e-03,-6.77751962e-03,-7.84634476e-03,-8.97941834e-03,-1.01650387e-02,-1.13885458e-02,-1.26326295e-02,-1.38778228e-02,-1.51031547e-02,-1.62869244e-02,-1.74075434e-02,-1.84443876e-02,-1.93785975e-02,-2.01937711e-02,-2.08765031e-02,-2.14167394e-02,-2.18079224e-02,-2.20468799e-02,-2.21345597e-02,-2.20747431e-02,-2.18719178e-02,-2.15342022e-02,-2.10710740e-02,-2.04930582e-02,-1.98113293e-02,-1.90373707e-02,-1.81827151e-02,-1.72587727e-02,-1.62767410e-02,-1.52475844e-02,-1.41820649e-02,-1.30908022e-02,-1.19843425e-02,-1.08732121e-02,-9.76794015e-03,-8.67903460e-03,-7.61690564e-03,-6.59173388e-03,-5.61328943e-03,-4.69071348e-03,-3.83227942e-03,-3.04515470e-03,-2.33518640e-03,-1.70673371e-03,-1.16256814e-03,-7.03857707e-04,-3.30244671e-04,-4.00186818e-05,1.69621031e-04,3.02232471e-04,3.61748783e-04,3.52074593e-04,2.76713144e-04,1.38366408e-04,-6.12755181e-05,-3.21730608e-04,-6.43777520e-04,-1.02938185e-03,-1.48149541e-03,-2.00373699e-03,-2.59997072e-03,-3.27380550e-03,-4.02804544e-03
8.88981566e-05,-7.34178269e-04,-1.52488365e-03,-2.25642017e-03,-2.90432914e-03,-3.44763086e-03,-3.86975316e-03,-4.15919559e-03,-4.30985171e-03,-4.32180895e-03,-4.19949009e-03,-3.95292868e-03,-3.59651672e-03,-3.14830239e-03,-2.62914773e-03,-2.06180799e-03,-1.46997314e-03,-8.77303158e-04,-3.06485992e-04,2.21653496e-04,6.88959495e-04,1.08065393e-03,1.38588841e-03,1.59812750e-03,1.71533311e-03,1.73992564e-03,1.67865305e-03,1.54183397e-03,1.34297893e-03,1.09793747e-03,8.24007757e-04,5.39042718e-04,2.60589005e-04,5.11552511e-06,-2.12626054e-04,-3.80087190e-04,-4.87245149e-04,-5.26786285e-04,-4.94135802e-04,-3.87381547e-04,-2.07195527e-04,4.33391662e-05,3.58890133e-04,7.32037784e-04,1.15342813e-03,1.61192056e-03,2.09474550e-03,2.58768856e-03,3.07532094e-03,3.54129505e-03,3.96872048e-03,4.34062939e-03,4.64053187e-03,4.85305130e-03,4.96461393e-03,4.96408385e-03,4.84430603e-03,4.60085369e-03,4.23444589e-03,3.75051736e-03,3.15944026e-03,2.47640208e-03,1.72098912e-03,9.16482834e-04
-1.18673353e-02,-1.36201922e-02,-1.54878222e-02,-1.74247537e-02,-1.93818845e-02,-2.13086267e-02,-2.31551417e-02,-2.48744945e-02,-2.64245695e-02,-2.77696212e-02,-2.88813784e-02,-2.97396633e-02,-3.03324964e-02,-3.06554728e-02,-3.07172083e-02,-3.05240963e-02,-3.00926196e-02,-2.94446680e-02,-2.86058843e-02,-2.76049014e-02,-2.64724791e-02,-2.52406690e-02,-2.39420220e-02,-2.26088316e-02,-2.12724035e-02,-1.99623417e-02,-1.87058467e-02,-1.75270288e-02,-1.64462495e-02,-1.54795143e-02,-1.46379477e-02,-1.39273929e-02,-1.33481779e-02,-1.28950915e-02,-1.25576031e-02,-1.23203483e-02,-1.21638801e-02,-1.20656702e-02,-1.20013286e-02,-1.19459596e-02,-1.18754633e-02,-1.17678483e-02,-1.16044935e-02,-1.13711882e-02,-1.10589114e-02,-1.06643339e-02,-1.01900353e-02,-9.64444957e-03,-9.04156429e-03,-8.40040856e-03,-7.74436640e-03,-7.10034987e-03,-6.49786051e-03,-5.96796104e-03,-5.54217567e-03,-5.25134848e-03,-5.12426875e-03,-5.18611655e-03,-5.45866930e-03,-5.95738793e-03,-6.69101312e-03,-7.66056994e-03,-8.85867524e-03,-1.02691963e-02
-4.63874526e-04,2.14425584e-04,8.07354524e-04,1.29860579e-03,1.67199405e-03,1.91207306e-03,2.00477345e-03,1.93814508e-03,1.70291758e-03,1.29283412e-03,7.05521933e-04,-5.73153121e-05,-9.89650162e-04,-2.08108000e-03,-3.31696431e-03,-4.67873983e-03,-6.14442656e-03,-7.68929677e-03,-9.28667284e-03,-1.09088086e-02,-1.25278016e-02,-1.41164823e-02,-1.56492280e-02,-1.71026594e-02,-1.84561874e-02,-1.96923948e-02,-2.07972491e-02,-2.17601583e-02,-2.25738892e-02,-2.32343780e-02,-2.37404591e-02,-2.40935298e-02,-2.42971079e-02,-2.43580548e-02,-2.42831276e-02,-2.40802008e-02,-2.37591479e-02,-2.33305074e-02,-2.28053704e-02,-2.21951747e-02,-2.15114842e-02,-2.07657595e-02,-1.99691220e-02,-1.91321145e-02,-1.82644675e-02,-1.73748816e-02,-1.64708407e-02,-1.55584726e-02,-1.46424704e-02,-1.37260894e-02,-1.28112278e-02,-1.18985942e-02,-1.09879594e-02,-1.00784822e-02,-9.16909275e-03,-8.25891167e-03,-7.34767963e-03,-6.43617014e-03,-5.52655925e-03,-4.62272820e-03,-3.73047921e-03,-2.85764982e-03,-2.01411692e-03,-1.21168701e-03
1.99775437e-02,2.04391210e-02,2.06330493e-02,2.05569904e-02,2.02148509e-02,1.96098371e-02,1.87533558e-02,1.76610982e-02,1.63531255e-02,1.48535011e-02,1.31896739e-02,1.13916546e-02,9.49102478e-03,7.51983235e-03,5.50944399e-03,3.48943289e-03,1.48658199e-03,-4.75925154e-04,-2.37905999e-03,-4.20825603e-03,-5.95339555e-03,-7.60852155e-03,-9.17130770e-03,-1.06423316e-02,-1.20242102e-02,-1.33206634e-02,-1.45355691e-02,-1.56720752e-02,-1.67318217e-02,-1.77143220e-02,-1.86165397e-02,-1.94326837e-02,-2.01542343e-02,-2.07701912e-02,-2.12675226e-02,-2.16317597e-02,-2.18475538e-02,-2.19018792e-02,-2.17799973e-02,-2.14694863e-02,-2.09611547e-02,-2.02488735e-02,-1.93301113e-02,-1.82062238e-02,-1.68825664e-02,-1.53684482e-02,-1.36769516e-02,-1.18246399e-02,-9.83118293e-03,-7.71892608e-03,-5.51242866e-03,-3.23799186e-03,-9.23193262e-04,1.40355776e-03,3.71342369e-03,5.97757793e-03,8.16754778e-03,1.02555574e-02,1.22148525e-02,1.40200152e-02,1.56472748e-02,1.70748245e-02,1.82831475e-02,1.92553565e-02
-7.69905953e-03,-8.43247993e-03,-8.98787505e-03,-9.36817719e-03,-9.57575705e-03,-9.61363016e-03,-9.48235160e-03,-9.18298557e-03,-8.71656857e-03,-8.08431424e-03,-7.28799717e-03,-6.33029472e-03,-5.21508316e-03,-3.94767336e-03,-2.53497700e-03,-9.85601251e-04,6.90124432e-04,2.48016935e-03,4.37090712e-03,6.34723043e-03,8.39270240e-03,1.04897308e-02,1.26197573e-02,1.47634569e-02,1.69009454e-02,1.90119907e-02,2.10762285e-02,2.30733777e-02,2.49834538e-02,2.67869751e-02,2.84651579e-02,3.00000941e-02,3.13749079e-02,3.25738868e-02,3.35825893e-02,3.43879281e-02,3.49782355e-02,3.53432939e-02,3.54741342e-02,3.53661591e-02,3.50154610e-02,3.44167550e-02,3.35707552e-02,3.24808761e-02,3.11539533e-02,2.96007515e-02,2.78363490e-02,2.58803644e-02,2.37569621e-02,2.14945823e-02,1.91253626e-02,1.66842576e-02,1.42078976e-02,1.17332707e-02,9.29633813e-03,6.93070964e-03,4.66649949e-03,2.52946473e-03,5.40489967e-04,-1.28455369e-03,-2.93460114e-03,-4.40291611e-03,-5.68636123e-03,-6.78456461e-03
-1.12332109e-02,-9.42554064e-03,-7.76012427e-03,-6.26449177e-03,-4.96457164e-03,-3.88407219e-03,-3.04380695e-03,-2.46098459e-03,-2.14854075e-03,-2.11382010e-03,-2.35937448e-03,-2.88111853e-03,-3.66858387e-03,-4.70489803e-03,-5.96708138e-03,-7.42669015e-03,-9.05079058e-03,-1.08032217e-02,-1.26460720e-02,-1.45412681e-02,-1.64521604e-02,-1.83449853e-02,-2.01901007e-02,-2.19629141e-02,-2.36444534e-02,-2.52215682e-02,-2.66867783e-02,-2.80378110e-02,-2.92768897e-02,-3.04098388e-02,-3.14450772e-02,-3.23925649e-02,-3.32627624e-02,-3.40656529e-02,-3.48098704e-02,-3.55019679e-02,-3.61458517e-02,-3.67424039e-02,-3.72893023e-02,-3.77810440e-02,-3.82091629e-02,-3.85626240e-02,-3.88283413e-02,-3.89916627e-02,-3.90396527e-02,-3.89573653e-02,-3.87301383e-02,-3.83464134e-02,-3.77968699e-02,-3.70750579e-02,-3.61777863e-02,-3.51053602e-02,-3.38616836e-02,-3.24542400e-02,-3.08939690e-02,-2.91950616e-02,-2.73746956e-02,-2.54527332e-02,-2.34513954e-02,-2.13949274e-02,-1.93092605e-02,-1.72216752e-02,-1.51604593e-02,-1.31545592e-02
1.66767442e-02,1.55669657e-02,1.43826749e-02,1.31399243e-02,1.18559682e-02,1.05489974e-02,9.23777094e-03,7.94115147e-03,6.67756599e-03,5.46442649e-03,4.31755450e-03,3.25065677e-03,2.27489659e-03,1.39859773e-03,6.27105244e-04,-3.71867828e-05,-5.94643077e-04,-1.04805721e-03,-1.40220159e-03,-1.66329533e-03,-1.83843139e-03,-1.93499499e-03,-1.96019830e-03,-1.92042444e-03,-1.82096842e-03,-1.66575284e-03,-1.45713407e-03,-1.19586705e-03,-8.81189459e-04,-5.11019622e-04,-8.22542210e-05,4.08853213e-04,9.66256624e-04,1.59365193e-03,2.29400664e-03,3.06911361e-03,3.91919348e-03,4.84256745e-03,5.83541769e-03,6.89164733e-03,8.00284632e-03,9.15836388e-03,1.03454831e-02,1.15496883e-02,1.27550122e-02,1.39444466e-02,1.51003969e-02,1.62051612e-02,1.72414117e-02,1.81926575e-02,1.90436683e-02,1.97808407e-02,2.03924930e-02,2.08690763e-02,2.12032970e-02,2.13901323e-02,2.14265619e-02,2.13141593e-02,2.10528547e-02,2.06460762e-02,2.00992884e-02,1.94195503e-02,1.86155016e-02,1.76973288e-02
-1.00255142e-02,-9.57029258e-03,-9.10128611e-03,-8.62749087e-03,-8.15794580e-03,-7.70146509e-03,-7.26642974e-03,-6.86064321e-03,-6.49124919e-03,-6.16470326e-03,-5.88678479e-03,-5.66263154e-03,-5.49677768e-03,-5.39318352e-03,-5.35510130e-03,-5.38512434e-03,-5.48524241e-03,-5.65630068e-03,-5.89796548e-03,-6.20846939e-03,-6.58437927e-03,-7.02040971e-03,-7.50931554e-03,-8.04189517e-03,-8.60712813e-03,-9.19245833e-03,-9.78421930e-03,-1.03681816e-02,-1.09301878e-02,-1.14568286e-02,-1.19361077e-02,-1.23580428e-02,-1.27151532e-02,-1.30027999e-02,-1.32193521e-02,-1.33661728e-02,-1.34474127e-02,-1.34700323e-02,-1.34424589e-02,-1.33746734e-02,-1.32776333e-02,-1.31624414e-02,-1.30397448e-02,-1.29191601e-02,-1.28087700e-02,-1.27147179e-02,-1.26409188e-02,-1.25889002e-02,-1.25577819e-02,-1.25444100e-02,-1.25435240e-02,-1.25483701e-02,-1.25508949e-02,-1.25424507e-02,-1.25141624e-02,-1.24576641e-02,-1.23655532e-02,-1.22318319e-02,-1.20522519e-02,-1.18245392e-02,-1.15484954e-02,-1.12259760e-02,-1.08607580e-02,-1.04583135e-02
-1.49935719e-02,-1.59924437e-02,-1.70457690e-02,-1.81283547e-02,-1.92144450e-02,-2.02786560e-02,-2.12968701e-02,-2.22470472e-02,-2.31099166e-02,-2.38695252e-02,-2.45136226e-02,-2.50338773e-02,-2.54259242e-02,-2.56892326e-02,-2.58266876e-02,-2.58468253e-02,-2.57568698e-02,-2.55686269e-02,-2.52956427e-02,-2.49526160e-02,-2.45549065e-02,-2.41180186e-02,-2.36571125e-02,-2.31865576e-02,-2.27195351e-02,-2.22676937e-02,-2.18408580e-02,-2.14467904e-02,-2.10910074e-02,-2.07766512e-02,-2.05044218e-02,-2.02725761e-02,-2.00770017e-02,-1.99113763e-02,-1.97674192e-02,-1.96352379e-02,-1.95037666e-02,-1.93612853e-02,-1.91960107e-02,-1.89967383e-02,-1.87534994e-02,-1.84581970e-02,-1.81051792e-02,-1.76917166e-02,-1.72183517e-02,-1.66890978e-02,-1.61114753e-02,-1.54963783e-02,-1.48577802e-02,-1.42122890e-02,-1.35785730e-02,-1.29766813e-02,-1.24272865e-02,-1.19508791e-02,-1.15669489e-02,-1.12931948e-02,-1.11449359e-02,-1.11326721e-02,-1.12655956e-02,-1.15471969e-02,-1.19765370e-02,-1.25480512e-02,-1.32516196e-02,-1.40728536e-02
-4.41110201e-03,-3.35122790e-03,-2.24188033e-03,-1.10029840e-03,5.64861932e-05,1.21215546e-03,2.35153813e-03,3.46093944e-03,4.52835351e-03,5.54356117e-03,6.49811040e-03,7.38518755e-03,8.19939524e-03,8.93646021e-03,9.59290135e-03,1.01656922e-02,1.06519551e-02,1.10487218e-02,1.13527912e-02,1.15607056e-02,1.16688444e-02,1.16734963e-02,1.15727930e-02,1.13634829e-02,1.10449815e-02,1.06183862e-02,1.00869888e-02,9.45656479e-03,8.73547630e-03,7.93457266e-03,7.06687684e-03,6.14707161e-03,5.19082077e-03,4.21398219e-03,3.23178418e-03,2.25804392e-03,1.30450390e-03,3.80351589e-04,-5.08031312e-04,-1.35706696e-03,-2.16573211e-03,-2.93507940e-03,-3.66758419e-03,-4.36637661e-03,-5.03443086e-03,-5.67378634e-03,-6.28487176e-03,-6.86599404e-03,-7.41303902e-03,-7.91941190e-03,-8.37622399e-03,-8.77270934e-03,-9.09683322e-03,-9.33603258e-03,-9.47797324e-03,-9.51212416e-03,-9.42895914e-03,-9.22171712e-03,-8.88683130e-03,-8.42402825e-03,-7.83644940e-03,-7.13056106e-03,-6.31589131e-03,-5.40462634e-03
-5.51011492e-03,-5.64040195e-03,-5.90398353e-03,-6.30156826e-03,-6.82923103e-03,-7.47825430e-03,-8.23523534e-03,-9.08246898e-03,-9.99859828e-03,-1.09595010e-02,-1.19393570e-02,-1.29118223e-02,-1.38512262e-02,-1.47337055e-02,-1.55381992e-02,-1.62472420e-02,-1.68475184e-02,-1.73301601e-02,-1.76907914e-02,-1.79293337e-02,-1.80494953e-02,-1.80603327e-02,-1.79704957e-02,-1.77928142e-02,-1.75415157e-02,-1.72317030e-02,-1.68787734e-02,-1.64978590e-02,-1.61033204e-02,-1.57083051e-02,-1.53243764e-02,-1.49612152e-02,-1.46263987e-02,-1.43252568e-02,-1.40608084e-02,-1.38337780e-02,-1.36426921e-02,-1.34840510e-02,-1.33525721e-02,-1.32414933e-02,-1.31429254e-02,-1.30482350e-02,-1.29484425e-02,-1.28346207e-02,-1.26982815e-02,-1.25317370e-02,-1.23284239e-02,-1.20831831e-02,-1.17924941e-02,-1.14546618e-02,-1.10699590e-02,-1.06407254e-02,-1.01714239e-02,-9.66865229e-03,-9.14110691e-03,-8.59949059e-03,-8.05635643e-03,-7.52587714e-03,-7.02353040e-03,-6.56569320e-03,-6.16914253e-03,-5.85046740e-03,-5.62541190e-03,-5.50825585e-03
7.64578861e-03,7.98349481e-03,8.11338334e-03,8.03233625e-03,7.73844285e-03,7.22968455e-03,6.50593393e-03,5.56803244e-03,4.41800631e-03,3.05930903e-03,1.49714496e-03,-2.61135453e-04,-2.20558538e-03,-4.32324350e-03,-6.59775976e-03,-9.00912022e-03,-1.15335442e-02,-1.41435872e-02,-1.68084738e-02,-1.94946627e-02,-2.21666210e-02,-2.47877641e-02,-2.73214979e-02,-2.97322919e-02,-3.19867081e-02,-3.40543207e-02,-3.59084723e-02,-3.75268332e-02,-3.88917477e-02,-3.99903672e-02,-4.08145683e-02,-4.13605626e-02,-4.16274411e-02,-4.16302742e-02,-4.13659950e-02,-4.08478300e-02,-4.00894032e-02,-3.91060147e-02,-3.79143673e-02,-3.65322053e-02,-3.49779746e-02,-3.32705290e-02,-3.14288865e-02,-2.94720392e-02,-2.74188120e-02,-2.52877691e-02,-2.30971615e-02,-2.08649078e-02,-1.86086016e-02,-1.63455344e-02,-1.40927252e-02,-1.18669465e-02,-9.68473673e-03,-7.56239303e-03,-5.51593583e-03,-3.56104455e-03,-1.71296301e-03,1.36214338e-05,1.60470968e-03,3.04715015e-03,4.32879336e-03,5.43861687e-03,6.36683041e-03,7.10494350e-03
-1.97983831e-03,-1.65147287e-03,-1.30693361e-03,-9.40701370e-04,-5.48113682e-04,-1.25724251e-04,3.28403629e-04,8.14480998e-04,1.33086258e-03,1.87400098e-03,2.43848305e-03,3.01714150e-03,3.60123227e-03,4.18066676e-03,4.74428762e-03,5.28017728e-03,5.77598932e-03,6.21929418e-03,6.59793198e-03,6.90036607e-03,7.11603098e-03,7.23566394e-03,7.25155240e-03,7.15862123e-03,6.95289964e-03,6.63341685e-03,6.20180150e-03,5.66238171e-03,5.02222220e-03,4.29105701e-03,3.48111904e-03,2.60686501e-03,1.68459994e-03,7.32012041e-04,-2.32363725e-04,-1.18972418e-03,-2.12160962e-03,-3.01049347e-03,-3.84033061e-03,-4.59704014e-03,-5.26889961e-03,-5.84683561e-03,-6.32460295e-03,-6.69885029e-03,-6.96907510e-03,-7.13746842e-03,-7.20873584e-03,-7.19003835e-03,-7.08963710e-03,-6.91765939e-03,-6.68511401e-03,-6.40348298e-03,-6.08426559e-03,-5.73853181e-03,-5.37650461e-03,-5.00718763e-03,-4.63805351e-03,-4.27480692e-03,-3.92123402e-03,-3.57914705e-03,-3.24842843e-03,-2.92717367e-03,-2.61192688e-03,-2.29799707e-03
-3.71825039e-03,-3.88170456e-03,-3.94266705e-03,-3.91025955e-03,-3.79463010e-03,-3.60677045e-03,-3.35774850e-03,-3.05823825e-03,-2.71811528e-03,-2.34614574e-03,-1.94977649e-03,-1.53502556e-03,-1.10646580e-03,-6.67289879e-04,-2.19440626e-04,2.36210823e-04,6.99657553e-04,1.17153684e-03,1.65291227e-03,2.14506931e-03,2.64933129e-03,3.16689850e-03,3.69870989e-03,4.24532368e-03,4.80681200e-03,5.38266411e-03,5.97169405e-03,6.57195032e-03,7.18062797e-03,7.79398643e-03,8.40727907e-03,9.01470249e-03,9.60937488e-03,1.01833530e-02,1.07276960e-02,1.12325839e-02,1.16874930e-02,1.20814308e-02,1.24032276e-02,1.26418759e-02,1.27869052e-02,1.28287215e-02,1.27598343e-02,1.25737665e-02,1.22662327e-02,1.18358778e-02,1.12841970e-02,1.06157856e-02,9.83845121e-03,8.96319282e-03,8.00403854e-03,6.97773512e-03,5.90329211e-03,4.80139343e-03,3.69370034e-03,2.60208007e-03,1.54780290e-03,5.50755805e-04,-3.71278939e-04,-1.20322760e-03,-1.93320471e-03,-2.55279787e-03,-3.05717537e-03,-3.44501259e-03
1.35016986e-02,1.38748308e-02,1.43761886e-02,1.50017385e-02,1.57452860e-02,1.65986898e-02,1.75521156e-02,1.85943067e-02,1.97128511e-02,2.08944325e-02,2.21250552e-02,2.33902406e-02,2.46751947e-02,2.59649521e-02,2.72445047e-02,2.84989213e-02,2.97134716e-02,3.08737595e-02,3.19658759e-02,3.29765730e-02,3.38934643e-02,3.47052440e-02,3.54019227e-02,3.59750663e-02,3.64180249e-02,3.67261329e-02,3.68968395e-02,3.69294592e-02,3.68295082e-02,3.65988106e-02,3.62439328e-02,3.57738057e-02,3.51989133e-02,3.45310323e-02,3.37828400e-02,3.29674753e-02,3.20980870e-02,3.11873989e-02,3.02473149e-02,2.92885890e-02,2.83205753e-02,2.73510739e-02,2.63862781e-02,2.54308278e-02,2.44879629e-02,2.35597708e-02,2.26475116e-02,2.17520014e-02,2.08740295e-02,2.00147810e-02,1.91762327e-02,1.83614919e-02,1.75750474e-02,1.68229092e-02,1.61126190e-02,1.54531246e-02,1.48545239e-02,1.43276934e-02,1.38838291e-02,1.35339354e-02,1.32883036e-02,1.31560307e-02,1.31447767e-02,1.32585321e-02
-4.22342521e-02,-4.23066286e-02,-4.22862626e-02,-4.21792641e-02,-4.19955198e-02,-4.17447918e-02,-4.14365523e-02,-4.10796128e-02,-4.06818296e-02,-4.02499202e-02,-3.97893952e-02,-3.93046003e-02,-3.87988521e-02,-3.82746452e-02,-3.77339049e-02,-3.71782558e-02,-3.66092798e-02,-3.60287378e-02,-3.54387365e-02,-3.48418284e-02,-3.42410406e-02,-3.36398373e-02,-3.30420256e-02,-3.24516228e-02,-3.18727041e-02,-3.13092531e-02,-3.07650346e-02,-3.02435063e-02,-2.97477820e-02,-2.92806500e-02,-2.88446481e-02,-2.84421843e-02,-2.80756917e-02,-2.77478002e-02,-2.74615027e-02,-2.72202985e-02,-2.70282934e-02,-2.68902543e-02,-2.68116923e-02,-2.67972841e-02,-2.68538984e-02,-2.69875746e-02,-2.72038583e-02,-2.75075303e-02,-2.79021241e-02,-2.83894689e-02,-2.89692664e-02,-2.96387294e-02,-3.03923186e-02,-3.12216071e-02,-3.21153015e-02,-3.30594332e-02,-3.40377253e-02,-3.50321229e-02,-3.60234597e-02,-3.69922216e-02,-3.79193544e-02,-3.87870591e-02,-3.95795183e-02,-4.02835012e-02,-4.08888086e-02,-4.13885305e-02,-4.17791057e-02,-4.20601812e-02
-3.99270346e-02,-3.89983580e-02,-3.78396048e-02,-3.64592834e-02,-3.48693962e-02,-3.30851822e-02,-3.11248329e-02,-2.90091969e-02,-2.67614812e-02,-2.44069549e-02,-2.19726538e-02,-1.94870837e-02,-1.69799180e-02,-1.44816820e-02,-1.20234188e-02,-9.63632816e-03,-7.35137297e-03,-5.19884790e-03,-3.20790757e-03,-1.40605418e-03,1.81411608e-04,1.53194402e-03,2.62637556e-03,3.44949716e-03,3.99058649e-03,4.24386087e-03,4.20881692e-03,3.89152045e-03,3.30168129e-03,2.45556365e-03,1.37423775e-03,8.30273744e-05,-1.38937152e-03,-3.01199335e-03,-4.75285314e-03,-6.58021178e-03,-8.46382706e-03,-1.03760842e-02,-1.22929252e-02,-1.41945120e-02,-1.60655805e-02,-1.78954667e-02,-1.96778143e-02,-2.14099950e-02,-2.30922944e-02,-2.47269297e-02,-2.63169775e-02,-2.78652904e-02,-2.93734834e-02,-3.08410596e-02,-3.22647398e-02,-3.36380375e-02,-3.49511079e-02,-3.61908749e-02,-3.73414184e-02,-3.83845856e-02,-3.93007695e-02,-4.00697884e-02,-4.06717810e-02,-4.10879483e-02,-4.13003756e-02,-4.13035692e-02,-4.10787548e-02,-4.06208285e-02
-3.80864944e-02,-3.74737941e-02,-3.68037566e-02,-3.60840662e-02,-3.53218473e-02,-3.45235808e-02,-3.36950406e-02,-3.28412541e-02,-3.19664918e-02,-3.10742888e-02,-3.01675042e-02,-2.92484177e-02,-2.83188660e-02,-2.73804158e-02,-2.64345696e-02,-2.54829980e-02,-2.45277884e-02,-2.35716990e-02,-2.26184064e-02,-2.16727315e-02,-2.07408300e-02,-1.98303345e-02,-1.89504329e-02,-1.81118729e-02,-1.73268820e-02,-1.66089951e-02,-1.59727853e-02,-1.54334981e-02,-1.50065961e-02,-1.47072450e-02,-1.45499998e-02,-1.45452475e-02,-1.47052633e-02,-1.50368878e-02,-1.55437256e-02,-1.62253693e-02,-1.70770282e-02,-1.80893770e-02,-1.92486300e-02,-2.05368499e-02,-2.19324820e-02,-2.34110863e-02,-2.49462215e-02,-2.65104187e-02,-2.80761771e-02,-2.96169134e-02,-3.11078027e-02,-3.25264661e-02,-3.38534753e-02,-3.50726649e-02,-3.61712618e-02,-3.71398511e-02,-3.79722119e-02,-3.86650559e-02,-3.92177023e-02,-3.96317137e-02,-3.99104889e-02,-4.00586900e-02,-4.00854966e-02,-3.99954749e-02,-3.97966094e-02,-3.94975233e-02,-3.91069595e-02,-3.86337130e-02
-3.32513693e-02,-3.35080088e-02,-3.37653436e-02,-3.40228044e-02,-3.42820916e-02,-3.45471675e-02,-3.48241735e-02,-3.51212583e-02,-3.54483064e-02,-3.58165527e-02,-3.62380782e-02,-3.67251864e-02,-3.72896701e-02,-3.79419905e-02,-3.86904008e-02,-3.95400626e-02,-4.04922126e-02,-4.15434469e-02,-4.26851954e-02,-4.39034531e-02,-4.51788263e-02,-4.64869279e-02,-4.77991283e-02,-4.90836353e-02,-5.03068389e-02,-5.14348313e-02,-5.24349874e-02,-5.32774836e-02,-5.39366235e-02,-5.43917602e-02,-5.46272014e-02,-5.46449024e-02,-5.44338984e-02,-5.40011289e-02,-5.33581707e-02,-5.25215963e-02,-5.15123623e-02,-5.03549473e-02,-4.90764232e-02,-4.77055222e-02,-4.62717345e-02,-4.48044616e-02,-4.33322386e-02,-4.18820368e-02,-4.04786544e-02,-3.91442004e-02,-3.78976793e-02,-3.67546827e-02,-3.57271918e-02,-3.48234951e-02,-3.40482229e-02,-3.34024947e-02,-3.28841722e-02,-3.24882074e-02,-3.22070719e-02,-3.20312735e-02,-3.19501361e-02,-3.19494467e-02,-3.20190931e-02,-3.21459913e-02,-3.23179868e-02,-3.25238154e-02,-3.27534134e-02,-3.29982085e-02
-7.05998389e-02,-7.02343956e-02,-6.96877319e-02,-6.89611917e-02,-6.80573933e-02,-6.69803078e-02,-6.57352963e-02,-6.43291333e-02,-6.27700261e-02,-6.10676348e-02,-5.92330958e-02,-5.72790471e-02,-5.52196543e-02,-5.30706331e-02,-5.08492642e-02,-4.85743925e-02,-4.62664052e-02,-4.39471796e-02,-4.16399917e-02,-3.93693787e-02,-3.71609447e-02,-3.50411036e-02,-3.30367515e-02,-3.11748652e-02,-2.94820243e-02,-2.79838613e-02,-2.67044480e-02,-2.56656387e-02,-2.48864080e-02,-2.43823078e-02,-2.41641090e-02,-2.42342459e-02,-2.45980752e-02,-2.52501250e-02,-2.61799608e-02,-2.73718473e-02,-2.88051227e-02,-3.04548546e-02,-3.22927060e-02,-3.42879464e-02,-3.64085379e-02,-3.86222186e-02,-4.08975079e-02,-4.32045694e-02,-4.55158819e-02,-4.78066927e-02,-5.00552463e-02,-5.22428050e-02,-5.43534914e-02,-5.63739950e-02,-5.82931892e-02,-6.01017070e-02,-6.17915160e-02,-6.33555301e-02,-6.47872828e-02,-6.60806794e-02,-6.72298351e-02,-6.82289983e-02,-6.90725487e-02,-6.97550543e-02,-7.02713434e-02,-7.06164185e-02,-7.07845644e-02,-7.07837469e-02
1.19863083e-02,1.15143255e-02,1.09886201e-02,1.04224258e-02,9.82940121e-03,9.22306790e-03,8.61621703e-03,8.02032700e-03,7.44503713e-03,6.89771892e-03,6.38317933e-03,5.90352027e-03,5.45816559e-03,5.04405472e-03,4.65598972e-03,4.28711332e-03,3.92948763e-03,3.57473877e-03,3.21473006e-03,2.84222584e-03,2.45150896e-03,2.03891713e-03,1.60326684e-03,1.14613832e-03,6.72001668e-04,1.88171841e-04,-2.95409373e-04,-7.66554920e-04,-1.21136595e-03,-1.61487539e-03,-1.96177023e-03,-2.23714551e-03,-2.42723990e-03,-2.52010524e-03,-2.50646936e-03,-2.37944606e-03,-2.13558227e-03,-1.77469023e-03,-1.29985222e-03,-7.17258904e-04,-3.59221515e-05,7.32706990e-04,1.57519282e-03,2.47661129e-03,3.42104719e-03,4.39207984e-03,5.37323266e-03,6.34837060e-03,7.30203520e-03,8.21971242e-03,9.08803391e-03,9.89491765e-03,1.06296580e-02,1.12829788e-02,1.18470637e-02,1.23155806e-02,1.26837106e-02,1.29481919e-02,1.31073766e-02,1.31612624e-02,1.31121167e-02,1.29636729e-02,1.27211721e-02,1.23922551e-02
-2.24947704e-02,-2.13681302e-02,-2.02636286e-02,-1.91937504e-02,-1.81686740e-02,-1.71962465e-02,-1.62820711e-02,-1.54296969e-02,-1.46408928e-02,-1.39159846e-02,-1.32542294e-02,-1.26541993e-02,-1.21141478e-02,-1.16323345e-02,-1.12072889e-02,-1.08379996e-02,-1.05240242e-02,-1.02655204e-02,-1.00632098e-02,-9.91828948e-03,-9.83233047e-03,-9.80682321e-03,-9.84361951e-03,-9.94455172e-03,-1.01111342e-02,-1.03446963e-02,-1.06463463e-02,-1.10169791e-02,-1.14572988e-02,-1.19678367e-02,-1.25489440e-02,-1.32007408e-02,-1.39230071e-02,-1.47150078e-02,-1.55752539e-02,-1.65012108e-02,-1.74889732e-02,-1.85329378e-02,-1.96255065e-02,-2.07568595e-02,-2.19148315e-02,-2.30849240e-02,-2.42504714e-02,-2.53929703e-02,-2.64925639e-02,-2.75286616e-02,-2.84806584e-02,-2.93287095e-02,-3.00545105e-02,-3.06420286e-02,-3.10781230e-02,-3.13529428e-02,-3.14614056e-02,-3.14033803e-02,-3.11784769e-02,-3.07932767e-02,-3.02575836e-02,-2.95842997e-02,-2.87889361e-02,-2.78890216e-02,-2.69034605e-02,-2.58518762e-02,-2.47539670e-02,-2.36289008e-02
-2.18992393e-02,-2.16037361e-02,-2.12422703e-02,-2.08298866e-02,-2.03814801e-02,-1.99113849e-02,-1.94330249e-02,-1.89586242e-02,-1.84989682e-02,-1.80632121e-02,-1.76587311e-02,-1.72910105e-02,-1.69635771e-02,-1.66779732e-02,-1.64337776e-02,-1.62286772e-02,-1.60585922e-02,-1.59178582e-02,-1.57994621e-02,-1.56953309e-02,-1.55966620e-02,-1.54942876e-02,-1.53790621e-02,-1.52422658e-02,-1.50760105e-02,-1.48736326e-02,-1.46300595e-02,-1.43421374e-02,-1.40089103e-02,-1.36318379e-02,-1.32149433e-02,-1.27648796e-02,-1.22909047e-02,-1.18047557e-02,-1.13204131e-02,-1.08537496e-02,-1.04220604e-02,-1.00434769e-02,-9.73627583e-03,-9.51811722e-03,-9.40534253e-03,-9.41055109e-03,-9.54539629e-03,-9.81616615e-03,-1.02246977e-02,-1.07677703e-02,-1.14368998e-02,-1.22184433e-02,-1.30940185e-02,-1.40412271e-02,-1.50346423e-02,-1.60469955e-02,-1.70504752e-02,-1.80180377e-02,-1.89246342e-02,-1.97482646e-02,-2.04707945e-02,-2.10784957e-02,-2.15623000e-02,-2.19177764e-02,-2.21448434e-02,-2.22473095e-02,-2.22343240e-02,-2.21140608e-02
3.81334141e-02,3.92200111e-02,4.03222248e-02,4.14287906e-02,4.25275992e-02,4.36060268e-02,4.46512857e-02,4.56507722e-02,4.65923921e-02,4.74648425e-02,4.82578370e-02,4.89622635e-02,4.95702699e-02,5.00752796e-02,5.04719435e-02,5.07560370e-02,5.09242950e-02,5.09739833e-02,5.09060637e-02,5.07186685e-02,5.04104000e-02,4.99820438e-02,4.94349722e-02,4.87714519e-02,4.79949137e-02,4.71102302e-02,4.61239956e-02,4.50447769e-02,4.38832980e-02,4.26525239e-02,4.13676119e-02,4.00457114e-02,3.87056051e-02,3.73672023e-02,3.60509091e-02,3.47769183e-02,3.35644681e-02,3.24311290e-02,3.13921720e-02,3.04600680e-02,2.96441536e-02,2.89504836e-02,2.83818753e-02,2.79381300e-02,2.76164106e-02,2.74117423e-02,2.73176244e-02,2.73267825e-02,2.74293339e-02,2.76195661e-02,2.78898701e-02,2.82338756e-02,2.86464028e-02,2.91235046e-02,2.96624056e-02,3.02613288e-02,3.09192239e-02,3.16354234e-02,3.24092576e-02,3.32396601e-02,3.41247965e-02,3.50617447e-02,3.60462491e-02,3.70725670e-02
1.21033766e-03,6.48227949e-04,2.91408033e-04,1.34155560e-04,1.69397947e-04,3.89104283e-04,7.84686110e-04,1.34727876e-03,2.06801442e-03,2.93820451e-03,3.94945059e-03,5.09368197e-03,6.36312383e-03,7.75020388e-03,9.24740835e-03,1.08471006e-02,1.25413168e-02,1.43215523e-02,1.61785554e-02,1.81021373e-02,2.00810124e-02,2.21026757e-02,2.41533233e-02,2.62178211e-02,2.82797221e-02,3.03213344e-02,3.23238375e-02,3.42674463e-02,3.61316205e-02,3.78953157e-02,3.95372738e-02,4.10363480e-02,4.23718584e-02,4.35239716e-02,4.44740966e-02,4.52052837e-02,4.57025981e-02,4.59533429e-02,4.59458090e-02,4.56849341e-02,4.51575475e-02,4.43665253e-02,4.33174389e-02,4.20197432e-02,4.04869820e-02,3.87367299e-02,3.67903876e-02,3.46728511e-02,3.24120593e-02,3.00384334e-02,2.75842229e-02,2.50827832e-02,2.25678136e-02,2.00725864e-02,1.76292028e-02,1.52679062e-02,1.30164822e-02,1.08997662e-02,8.93927462e-03,7.15296722e-03,5.55513978e-03,4.15644181e-03,2.96400729e-03,1.98168320e-03
-1.01155284e-02,-9.11852787e-03,-8.07326235e-03,-6.99814620e-03,-5.91153261e-03,-4.83129437e-03,-3.77445885e-03,-2.75689952e-03,-1.79308374e-03,-8.95874775e-04,-7.63846490e-05,6.56124346e-04,1.29430072e-03,1.83272990e-03,2.26792209e-03,2.59827637e-03,2.82402130e-03,2.94713317e-03,2.97121855e-03,2.90162759e-03,2.74475719e-03,2.50838735e-03,2.20134934e-03,1.83327327e-03,1.41433513e-03,9.54965117e-04,4.65525748e-04,-4.40319263e-05,-5.64520267e-04,-1.08786239e-03,-1.60741074e-03,-2.11821570e-03,-2.61722371e-03,-3.10338400e-03,-3.57764683e-03,-4.04284216e-03,-4.50343407e-03,-4.96515442e-03,-5.43452777e-03,-5.91830809e-03,-6.42285577e-03,-6.95349110e-03,-7.51386536e-03,-8.10539418e-03,-8.72679804e-03,-9.37379092e-03,-1.00389508e-02,-1.07117941e-02,-1.13790610e-02,-1.20252019e-02,-1.26330378e-02,-1.31845511e-02,-1.36617522e-02,-1.40475580e-02,-1.43266079e-02,-1.44858669e-02,-1.45167570e-02,-1.44120766e-02,-1.41692141e-02,-1.37894467e-02,-1.32776298e-02,-1.26419644e-02,-1.18936179e-02,-1.10462564e-02
1.48693772e-02,1.33298855e-02,1.15403672e-02,9.50885493e-03,7.25044090e-03,4.78755463e-03,2.14982065e-03,-6.26534219e-04,-3.49967262e-03,-6.42361285e-03,-9.34990913e-03,-1.22294577e-02,-1.50143074e-02,-1.76593171e-02,-2.01235450e-02,-2.23712912e-02,-2.43727626e-02,-2.61043709e-02,-2.75487107e-02,-2.86942806e-02,-2.95350066e-02,-3.00695398e-02,-3.03013124e-02,-3.02425313e-02,-2.98976846e-02,-2.92812907e-02,-2.84094650e-02,-2.73003373e-02,-2.59738307e-02,-2.44513877e-02,-2.27556850e-02,-2.09103383e-02,-1.89395935e-02,-1.68680015e-02,-1.47200804e-02,-1.25199678e-02,-1.02910731e-02,-8.05573670e-03,-5.83490967e-03,-3.64786441e-03,-1.51194978e-03,5.57596891e-04,2.54775990e-03,4.44780243e-03,6.24921192e-03,7.94555643e-03,9.53225097e-03,1.10062359e-02,1.23655777e-02,1.36090085e-02,1.47354258e-02,1.57433792e-02,1.66305738e-02,1.73934219e-02,1.80266755e-02,1.85231689e-02,1.88736945e-02,1.90670106e-02,1.90896965e-02,1.89301575e-02,1.85711858e-02,1.79981503e-02,1.71973747e-02,1.61572353e-02
5.02704553e-03,5.23331251e-03,5.18804569e-03,4.88549462e-03,4.32194395e-03,3.49908766e-03,2.42304178e-03,1.10463758e-03,-4.40500969e-04,-2.19200784e-03,-4.12504745e-03,-6.21072130e-03,-8.41665356e-03,-1.07077603e-02,-1.30471765e-02,-1.53973067e-02,-1.77209538e-02,-1.99824643e-02,-2.21488257e-02,-2.41906479e-02,-2.60829669e-02,-2.78058220e-02,-2.93445748e-02,-3.06899570e-02,-3.18378564e-02,-3.27888663e-02,-3.35476406e-02,-3.41221003e-02,-3.45225381e-02,-3.47606187e-02,-3.48495701e-02,-3.48027145e-02,-3.46294384e-02,-3.43403032e-02,-3.39437628e-02,-3.34462462e-02,-3.28521682e-02,-3.21640701e-02,-3.13828937e-02,-3.05083648e-02,-2.95394564e-02,-2.84748954e-02,-2.73136792e-02,-2.60555686e-02,-2.47015308e-02,-2.32541118e-02,-2.17177236e-02,-2.00988420e-02,-1.84061131e-02,-1.66503766e-02,-1.48446137e-02,-1.30038310e-02,-1.11448931e-02,-9.28631324e-03,-7.44801233e-03,-5.65105153e-03,-3.91734383e-03,-2.26934564e-03,-7.29728996e-04,6.78966486e-04,1.93468352e-03,3.01627664e-03,3.90390652e-03,4.57947079e-03
-2.07215274e-02,-1.91576330e-02,-1.74747378e-02,-1.56918353e-02,-1.38290547e-02,-1.19073661e-02,-9.94825660e-03,-7.97338630e-03,-6.00423351e-03,-4.06174028e-03,-2.16596981e-03,-3.35787655e-04,1.41141670e-03,3.05996581e-03,4.59608568e-03,6.00800669e-03,7.28600204e-03,8.42235182e-03,9.41123480e-03,1.02485549e-02,1.09317136e-02,1.14593451e-02,1.18310296e-02,1.20470023e-02,1.21078081e-02,1.20151516e-02,1.17696006e-02,1.13718281e-02,1.08229739e-02,1.01242608e-02,9.27724188e-03,8.28407302e-03,7.14782953e-03,5.87284770e-03,4.46506599e-03,2.93233696e-03,1.28468069e-03,-4.65547117e-04,-2.30358330e-03,-4.21233499e-03,-6.17256683e-03,-8.16320933e-03,-1.01617773e-02,-1.21448697e-02,-1.40887174e-02,-1.59697439e-02,-1.77651015e-02,-1.94531521e-02,-2.10138689e-02,-2.24291454e-02,-2.36830086e-02,-2.47617431e-02,-2.56539401e-02,-2.63504840e-02,-2.68444717e-02,-2.71309356e-02,-2.72098693e-02,-2.70798123e-02,-2.67416856e-02,-2.61997849e-02,-2.54602949e-02,-2.45314488e-02,-2.34235293e-02,-2.21488218e-02
-2.42307918e-02,-2.33537900e-02,-2.23956138e-02,-2.13746408e-02,-2.03116662e-02,-1.92293013e-02,-1.81513239e-02,-1.71019975e-02,-1.61053719e-02,-1.51845809e-02,-1.43611510e-02,-1.36543412e-02,-1.30805320e-02,-1.26526926e-02,-1.23799791e-02,-1.22670980e-02,-1.23137538e-02,-1.25170805e-02,-1.28686627e-02,-1.33562689e-02,-1.39641930e-02,-1.46738476e-02,-1.54644797e-02,-1.63139621e-02,-1.71996153e-02,-1.80990188e-02,-1.89907723e-02,-1.98551752e-02,-2.06748022e-02,-2.14349594e-02,-2.21240165e-02,-2.27336150e-02,-2.32587581e-02,-2.36977906e-02,-2.40522765e-02,-2.43267841e-02,-2.45285847e-02,-2.46672717e-02,-2.47543085e-02,-2.48025131e-02,-2.48254847e-02,-2.48369142e-02,-2.48499122e-02,-2.48766281e-02,-2.49274774e-02,-2.50105397e-02,-2.51310706e-02,-2.52911235e-02,-2.54893104e-02,-2.57207283e-02,-2.59770656e-02,-2.62468941e-02,-2.65161403e-02,-2.67687134e-02,-2.69872561e-02,-2.71539549e-02,-2.72512041e-02,-2.72647875e-02,-2.71794886e-02,-2.69843476e-02,-2.66717802e-02,-2.62379406e-02,-2.56829958e-02,-2.50111973e-02
6.90662563e-02,6.87548426e-02,6.80872457e-02,6.70798354e-02,6.57575056e-02,6.41533014e-02,6.23076976e-02,6.02669042e-02,5.80806128e-02,5.57994514e-02,5.34723984e-02,5.11444005e-02,4.88544099e-02,4.66340011e-02,4.45066524e-02,4.24876965e-02,4.05848780e-02,3.87993999e-02,3.71273136e-02,3.55610943e-02,3.40912579e-02,3.27078905e-02,3.14019935e-02,3.01665734e-02,2.89974369e-02,2.78936753e-02,2.68578457e-02,2.58958752e-02,2.50167284e-02,2.42318878e-02,2.35547035e-02,2.29996717e-02,2.25816964e-02,2.23153970e-02,2.22145939e-02,2.22905688e-02,2.25525929e-02,2.30099297e-02,2.36675098e-02,2.45277504e-02,2.55903561e-02,2.68522926e-02,2.83078243e-02,2.99485823e-02,3.17636439e-02,3.37396134e-02,3.58606958e-02,3.81087592e-02,4.04633876e-02,4.29019284e-02,4.53995398e-02,4.79292525e-02,5.04620570e-02,5.29670349e-02,5.54115540e-02,5.77615488e-02,5.99819102e-02,6.20370057e-02,6.38913510e-02,6.55104420e-02,6.68617468e-02,6.79158247e-02,6.86474770e-02,6.90366243e-02
-4.56157132e-03,-3.00596689e-03,-1.41266650e-03,1.97447072e-04,1.80219206e-03,3.37851897e-03,4.90294528e-03,6.35199127e-03,7.70262901e-03,8.93273893e-03,1.00215728e-02,1.09502202e-02,1.17020718e-02,1.22632685e-02,1.26231127e-02,1.27743819e-02,1.27140349e-02,1.24440386e-02,1.19679276e-02,1.12951064e-02,1.04387349e-02,9.41553964e-03,8.24534640e-03,6.95046771e-03,5.55499116e-03,4.08401054e-03,2.56284354e-03,1.01627927e-03,-5.32106508e-04,-2.06052819e-03,-3.54948114e-03,-4.98207593e-03,-6.34425240e-03,-7.62487583e-03,-8.81572471e-03,-9.91138290e-03,-1.09090489e-02,-1.18082737e-02,-1.26106359e-02,-1.33193647e-02,-1.39389173e-02,-1.44745230e-02,-1.49317069e-02,-1.53158098e-02,-1.56315265e-02,-1.58824843e-02,-1.60708867e-02,-1.61972313e-02,-1.62600347e-02,-1.62572505e-02,-1.61830019e-02,-1.60312594e-02,-1.57947565e-02,-1.54656475e-02,-1.50360911e-02,-1.44988510e-02,-1.38478867e-02,-1.30788991e-02,-1.21897983e-02,-1.11810700e-02,-1.00560241e-02,-8.82092214e-03,-7.48498410e-03,-6.06028731e-03
-8.61224916e-03,-9.84163794e-03,-1.11114835e-02,-1.24035268e-02,-1.37005970e-02,-1.49870757e-02,-1.62492515e-02,-1.74755449e-02,-1.86565925e-02,-1.97851912e-02,-2.08561136e-02,-2.18658175e-02,-2.28120767e-02,-2.36935694e-02,-2.45094579e-02,-2.52589945e-02,-2.59411838e-02,-2.65545223e-02,-2.70968331e-02,-2.75651982e-02,-2.79559880e-02,-2.82649709e-02,-2.84874754e-02,-2.86185033e-02,-2.86545426e-02,-2.85907201e-02,-2.84228129e-02,-2.81480598e-02,-2.77646229e-02,-2.72718158e-02,-2.66702233e-02,-2.59617733e-02,-2.51497745e-02,-2.42389291e-02,-2.32353233e-02,-2.21464043e-02,-2.09809427e-02,-1.97489835e-02,-1.84617839e-02,-1.71317366e-02,-1.57722753e-02,-1.43977601e-02,-1.30233402e-02,-1.16647916e-02,-1.03383297e-02,-9.06039646e-03,-7.84742308e-03,-6.71557120e-03,-5.68045492e-03,-4.75684827e-03,-3.95838323e-03,-3.29724434e-03,-2.78386778e-03,-2.42665588e-03,-2.23174268e-03,-2.20241764e-03,-2.33973120e-03,-2.64163083e-03,-3.10316379e-03,-3.71652154e-03,-4.47116542e-03,-5.35406133e-03,-6.35001816e-03,-7.44212185e-03
-7.49689438e-03,-5.78274589e-03,-4.11985696e-03,-2.51888938e-03,-9.90484642e-04,4.54642026e-04,1.80562640e-03,3.05143813e-03,4.18088944e-03,5.18269629e-03,6.04559418e-03,6.75850703e-03,7.31076580e-03,7.69236788e-03,7.89425526e-03,7.90844794e-03,7.73018202e-03,7.35398738e-03,6.77808787e-03,6.00302817e-03,5.03197191e-03,3.87084909e-03,2.52841152e-03,1.01621040e-03,-6.51499381e-04,-2.45790484e-03,-4.38388640e-03,-6.40827826e-03,-8.50817703e-03,-1.06592848e-02,-1.28362770e-02,-1.50131904e-02,-1.71638259e-02,-1.92621628e-02,-2.12827797e-02,-2.32012763e-02,-2.49946881e-02,-2.66418827e-02,-2.81239275e-02,-2.94244136e-02,-3.05297228e-02,-3.14292242e-02,-3.21153807e-02,-3.25837088e-02,-3.28322825e-02,-3.28677739e-02,-3.26902085e-02,-3.23071980e-02,-3.17285069e-02,-3.09656588e-02,-3.00317284e-02,-2.89410165e-02,-2.77087155e-02,-2.63505876e-02,-2.48826705e-02,-2.33210185e-02,-2.16814828e-02,-1.99795351e-02,-1.82301354e-02,-1.64476444e-02,-1.46457771e-02,-1.28375970e-02,-1.10355468e-02,-9.25150916e-03
-1.27195805e-02,-1.11167307e-02,-9.61723078e-03,-8.23505034e-03,-6.98248458e-03,-5.86993121e-03,-4.90571125e-03,-4.09595077e-03,-3.44453881e-03,-2.95317337e-03,-2.62150324e-03,-2.44739185e-03,-2.42684874e-03,-2.55529250e-03,-2.82709069e-03,-3.23629609e-03,-3.77701407e-03,-4.44370507e-03,-5.23139581e-03,-6.13577125e-03,-7.15313308e-03,-8.28022253e-03,-9.51391757e-03,-1.08508266e-02,-1.22868111e-02,-1.38164780e-02,-1.54326872e-02,-1.71261218e-02,-1.88849654e-02,-2.06947234e-02,-2.25382160e-02,-2.43957543e-02,-2.62454977e-02,-2.80639723e-02,-2.98267173e-02,-3.15090140e-02,-3.30866469e-02,-3.45366439e-02,-3.58379494e-02,-3.69719898e-02,-3.79231056e-02,-3.86788295e-02,-3.92299858e-02,-3.95705126e-02,-3.96994187e-02,-3.96194122e-02,-3.93302585e-02,-3.88387494e-02,-3.81534037e-02,-3.72846156e-02,-3.62444367e-02,-3.50463362e-02,-3.37049804e-02,-3.22360411e-02,-3.06560298e-02,-2.89821555e-02,-2.72321989e-02,-2.54243959e-02,-2.35773226e-02,-2.17097745e-02,-1.98406325e-02,-1.79887116e-02,-1.61725850e-02,-1.44103853e-02
-2.43642378e-02,-2.43368228e-02,-2.43652442e-02,-2.44414036e-02,-2.45535489e-02,-2.46872255e-02,-2.48257712e-02,-2.49509308e-02,-2.50435001e-02,-2.50844517e-02,-2.50561850e-02,-2.49405904e-02,-2.47228930e-02,-2.43910458e-02,-2.39363570e-02,-2.33539542e-02,-2.26431101e-02,-2.18074261e-02,-2.08548836e-02,-1.97977704e-02,-1.86524947e-02,-1.74392973e-02,-1.61818725e-02,-1.49069031e-02,-1.36435122e-02,-1.24226284e-02,-1.12762599e-02,-1.02366667e-02,-9.33542916e-03,-8.60241070e-03,-8.06463749e-03,-7.74519297e-03,-7.66083436e-03,-7.82318854e-03,-8.23611983e-03,-8.89480502e-03,-9.78569829e-03,-1.08864882e-02,-1.21666287e-02,-1.35884397e-02,-1.51087410e-02,-1.66809255e-02,-1.82573158e-02,-1.97916129e-02,-2.12412270e-02,-2.25692965e-02,-2.37462436e-02,-2.47507722e-02,-2.55702785e-02,-2.62007055e-02,-2.66459130e-02,-2.69166349e-02,-2.70294601e-02,-2.70069094e-02,-2.68705127e-02,-2.66462416e-02,-2.63600594e-02,-2.60371815e-02,-2.57011829e-02,-2.53732427e-02,-2.50715407e-02,-2.48108047e-02,-2.46019959e-02,-2.44521286e-02
-1.08276353e-02,-1.02790860e-02,-9.61298888e-03,-8.83258926e-03,-7.94231605e-03,-6.94779109e-03,-5.85581849e-03,-4.67435728e-03,-3.41248039e-03,-2.08032246e-03,-6.89018284e-04,7.49366944e-04,2.22190750e-03,3.71491895e-03,5.21404575e-03,6.70436714e-03,8.17051512e-03,9.59680671e-03,1.09673924e-02,1.22664229e-02,1.34782361e-02,1.45875654e-02,1.55797704e-02,1.64410879e-02,1.71589031e-02,1.77220328e-02,1.81210130e-02,1.83483633e-02,1.83986452e-02,1.82711899e-02,1.79647946e-02,1.74823419e-02,1.68300643e-02,1.60170399e-02,1.50551275e-02,1.39587311e-02,1.27444428e-02,1.14305860e-02,1.00366799e-02,8.58285587e-03,7.08926158e-03,5.57548960e-03,4.06006748e-03,2.56004097e-03,1.09067364e-03,-3.34724393e-04,-1.70483239e-03,-3.01024886e-03,-4.24330841e-03,-5.39782585e-03,-6.46879881e-03,-7.45209824e-03,-8.34417535e-03,-9.14180893e-03,-9.84191019e-03,-1.04413952e-02,-1.09371275e-02,-1.13259250e-02,-1.16046185e-02,-1.17701055e-02,-1.18201753e-02,-1.17524006e-02,-1.15647995e-02,-1.12565416e-02
-4.11495075e-03,-3.37039653e-03,-2.64239665e-03,-1.93534345e-03,-1.25266787e-03,-5.96905293e-04,3.02680597e-05,6.28024267e-04,1.19638928e-03,1.73624837e-03,2.24933360e-03,2.73817425e-03,3.20599252e-03,3.65653133e-03,4.09380782e-03,4.52179475e-03,4.94404078e-03,5.36324959e-03,5.78084501e-03,6.19655450e-03,6.60804550e-03,7.01064872e-03,7.39719893e-03,7.75801795e-03,8.08105761e-03,8.35221103e-03,8.55579133e-03,8.67516130e-03,8.69341815e-03,8.59520009e-03,8.36566253e-03,7.99317103e-03,7.46974444e-03,6.79187083e-03,5.96120665e-03,4.98502630e-03,3.87637570e-03,2.65389126e-03,1.34126872e-03,-3.36039373e-05,-1.43979321e-03,-2.84469870e-03,-4.21554306e-03,-5.52084376e-03,-6.73178153e-03,-7.82336000e-03,-8.77528357e-03,-9.57251182e-03,-1.02054801e-02,-1.06700039e-02,-1.09668913e-02,-1.11013456e-02,-1.10835850e-02,-1.09243201e-02,-1.06379548e-02,-1.02400300e-02,-9.74668526e-03,-9.17405138e-03,-8.53773943e-03,-7.85244488e-03,-7.13166841e-03,-6.38754584e-03,-5.63077375e-03,-4.87061315e-03
-4.13657986e-02,-3.98550231e-02,-3.81726076e-02,-3.63468255e-02,-3.44070228e-02,-3.23830231e-02,-3.03046262e-02,-2.82011895e-02,-2.61012810e-02,-2.40323843e-02,-2.20206377e-02,-2.00905900e-02,-1.82649553e-02,-1.65643583e-02,-1.50070630e-02,-1.36086859e-02,-1.23819050e-02,-1.13361784e-02,-1.04774983e-02,-9.80820902e-03,-9.32692439e-03,-9.02859273e-03,-8.90452588e-03,-8.94234616e-03,-9.12845684e-03,-9.44630088e-03,-9.87829194e-03,-1.04065883e-02,-1.10139896e-02,-1.16848098e-02,-1.24056550e-02,-1.31660519e-02,-1.39588811e-02,-1.47805896e-02,-1.56311682e-02,-1.65138991e-02,-1.74348888e-02,-1.84024143e-02,-1.94261138e-02,-2.05160630e-02,-2.16817745e-02,-2.29311676e-02,-2.42695536e-02,-2.56986896e-02,-2.72159548e-02,-2.88137088e-02,-3.04788885e-02,-3.21928951e-02,-3.39318120e-02,-3.56669703e-02,-3.73658544e-02,-3.89933075e-02,-4.05129654e-02,-4.18888196e-02,-4.30867929e-02,-4.40762011e-02,-4.48309678e-02,-4.53303796e-02,-4.55599790e-02,-4.55217360e-02,-4.52047168e-02,-4.46164992e-02,-4.37688771e-02,-4.26784168e-02
-1.87844368e-02,-1.73345875e-02,-1.57760217e-02,-1.41310655e-02,-1.24232278e-02,-1.06765485e-02,-8.91497795e-03,-7.16180719e-03,-5.43917056e-03,-3.76763169e-03,-2.16586341e-03,-6.50426664e-04,7.64350066e-04,2.06638713e-03,3.24580890e-03,4.29479222e-03,5.20736623e-03,5.97917296e-03,6.60721136e-03,7.08958843e-03,7.42529926e-03,7.61405066e-03,7.65608960e-03,7.55300356e-03,7.30591345e-03,6.91712284e-03,6.39001068e-03,5.72907241e-03,4.94014975e-03,4.03060584e-03,3.00943088e-03,1.88725321e-03,6.76236570e-04,-6.10144281e-04,-1.95743499e-03,-3.35065347e-03,-4.77477703e-03,-6.21525182e-03,-7.65846702e-03,-9.09214294e-03,-1.05055894e-02,-1.18898033e-02,-1.32373897e-02,-1.45423124e-02,-1.57994953e-02,-1.70043173e-02,-1.81520526e-02,-1.92373204e-02,-2.02536053e-02,-2.11929088e-02,-2.20455763e-02,-2.28003310e-02,-2.34445224e-02,-2.39645726e-02,-2.43465656e-02,-2.45768162e-02,-2.46448042e-02,-2.45399545e-02,-2.42540024e-02,-2.37831327e-02,-2.31271203e-02,-2.22896771e-02,-2.12784940e-02,-2.01050808e-02
-1.73341673e-02,-1.78017848e-02,-1.83773879e-02,-1.90574212e-02,-1.98383341e-02,-2.07164040e-02,-2.16874937e-02,-2.27467635e-02,-2.38883703e-02,-2.51051842e-02,-2.63885584e-02,-2.77281833e-02,-2.91120513e-02,-3.05265462e-02,-3.19566615e-02,-3.33863368e-02,-3.47988885e-02,-3.61774996e-02,-3.75057279e-02,-3.87679878e-02,-3.99499645e-02,-4.10389298e-02,-4.20239372e-02,-4.28958908e-02,-4.36474951e-02,-4.42731070e-02,-4.47685145e-02,-4.51306609e-02,-4.53572788e-02,-4.54478314e-02,-4.54040003e-02,-4.52224718e-02,-4.49044386e-02,-4.44513464e-02,-4.38654336e-02,-4.31499798e-02,-4.23095298e-02,-4.13500963e-02,-4.02793212e-02,-3.91065747e-02,-3.78429799e-02,-3.65013552e-02,-3.50960746e-02,-3.36428509e-02,-3.21584535e-02,-3.06603735e-02,-2.91664536e-02,-2.76944998e-02,-2.62618916e-02,-2.48852077e-02,-2.35798829e-02,-2.23599080e-02,-2.12375854e-02,-2.02233496e-02,-1.93256575e-02,-1.85509537e-02,-1.79037114e-02,-1.73865442e-02,-1.70003888e-02,-1.67447630e-02,-1.66182927e-02,-1.66163143e-02,-1.67376293e-02,-1.69781920e-02
3.41679219e-02,3.31051178e-02,3.20049595e-02,3.08882645e-02,2.97747670e-02,2.86825825e-02,2.76277945e-02,2.66241717e-02,2.56830075e-02,2.48130728e-02,2.40206633e-02,2.33097241e-02,2.26820331e-02,2.21374273e-02,2.16740591e-02,2.12886713e-02,2.09768842e-02,2.07334883e-02,2.05527375e-02,2.04286390e-02,2.03552363e-02,2.03268933e-02,2.03383918e-02,2.03851899e-02,2.04642539e-02,2.05731955e-02,2.07108669e-02,2.08773521e-02,2.10739354e-02,2.13030134e-02,2.15679476e-02,2.18728596e-02,2.22223756e-02,2.26213299e-02,2.30744370e-02,2.35859471e-02,2.41592981e-02,2.47967775e-02,2.54992092e-02,2.62656771e-02,2.70932979e-02,2.79770526e-02,2.89096859e-02,2.98816816e-02,3.08813173e-02,3.18948054e-02,3.29065199e-02,3.38993105e-02,3.48549000e-02,3.57543602e-02,3.65786536e-02,3.73092294e-02,3.79286514e-02,3.84212329e-02,3.87736443e-02,3.89754277e-02,3.90190417e-02,3.89050964e-02,3.86317131e-02,3.82033882e-02,3.76292356e-02,3.69218023e-02,3.60967181e-02,3.51721140e-02
6.22362842e-02,6.46041410e-02,6.69327147e-02,6.92092565e-02,7.14193744e-02,7.35468741e-02,7.55736289e-02,7.74794902e-02,7.92422505e-02,8.08376773e-02,8.22396336e-02,8.34203068e-02,8.43505548e-02,8.50003443e-02,8.53390013e-02,8.53313885e-02,8.49792204e-02,8.42343708e-02,8.30819130e-02,8.15112379e-02,7.95193892e-02,7.71131130e-02,7.43102379e-02,7.11405334e-02,6.76459417e-02,6.38800676e-02,5.99068632e-02,5.57985290e-02,5.16327469e-02,4.74894519e-02,4.34474141e-02,3.95809301e-02,3.59569052e-02,3.26325504e-02,2.96538314e-02,2.70547142e-02,2.48571608e-02,2.30717646e-02,2.16988745e-02,2.07300462e-02,2.01496831e-02,1.99368723e-02,2.00650515e-02,2.05056741e-02,2.12323322e-02,2.22152703e-02,2.34257570e-02,2.48364267e-02,2.64216890e-02,2.81580182e-02,3.00241121e-02,3.20009345e-02,3.40716610e-02,3.62215469e-02,3.84377344e-02,4.07090154e-02,4.30255645e-02,4.53786528e-02,4.77603545e-02,5.01632530e-02,5.25801522e-02,5.50037978e-02,5.74266105e-02,5.98404321e-02
-2.02223620e-02,-2.04953632e-02,-2.06918064e-02,-2.08053329e-02,-2.08335408e-02,-2.07756837e-02,-2.06346646e-02,-2.04169331e-02,-2.01320159e-02,-1.97923225e-02,-1.94127876e-02,-1.90103887e-02,-1.86035549e-02,-1.82114814e-02,-1.78533713e-02,-1.75476271e-02,-1.73110275e-02,-1.71579567e-02,-1.70991478e-02,-1.71413384e-02,-1.72879833e-02,-1.75368596e-02,-1.78809089e-02,-1.83082871e-02,-1.88027560e-02,-1.93443527e-02,-1.99103021e-02,-2.04761231e-02,-2.10168584e-02,-2.15083453e-02,-2.19284394e-02,-2.22581026e-02,-2.24822560e-02,-2.25903115e-02,-2.25793375e-02,-2.24467526e-02,-2.21978648e-02,-2.18421936e-02,-2.13932004e-02,-2.08675913e-02,-2.02845067e-02,-1.96646618e-02,-1.90294822e-02,-1.84002718e-02,-1.77974424e-02,-1.72398269e-02,-1.67440945e-02,-1.63242806e-02,-1.59914382e-02,-1.57534225e-02,-1.56148480e-02,-1.55762497e-02,-1.56359862e-02,-1.57892963e-02,-1.60283413e-02,-1.63429398e-02,-1.67208919e-02,-1.71483718e-02,-1.76103446e-02,-1.80909978e-02,-1.85741802e-02,-1.90438475e-02,-1.94845124e-02,-1.98816939e-02
3.39699361e-03,4.37282447e-03,5.21901133e-03,5.92925412e-03,6.49946809e-03,6.92770642e-03,7.21401104e-03,7.36019032e-03,7.36944031e-03,7.24727466e-03,6.99828171e-03,6.62870734e-03,6.14500497e-03,5.55368673e-03,4.86117633e-03,4.07372974e-03,3.19743902e-03,2.23831752e-03,1.20245416e-03,9.62161810e-05,-1.07352452e-03,-2.29917599e-03,-3.57225222e-03,-4.88325649e-03,-6.22165042e-03,-7.57591457e-03,-8.93369911e-03,-1.02820516e-02,-1.16077003e-02,-1.28973646e-02,-1.41380631e-02,-1.53173890e-02,-1.64237307e-02,-1.74464220e-02,-1.83758174e-02,-1.92032967e-02,-1.99212149e-02,-2.05228157e-02,-2.10021326e-02,-2.13538919e-02,-2.15733878e-02,-2.16572520e-02,-2.16031233e-02,-2.14074110e-02,-2.10691429e-02,-2.05884112e-02,-1.99667414e-02,-1.92073198e-02,-1.83151749e-02,-1.72973041e-02,-1.61627348e-02,-1.49225131e-02,-1.35896137e-02,-1.21787774e-02,-1.07062796e-02,-9.18964303e-03,-7.64730445e-03,-6.09825133e-03,-4.56164037e-03,-3.05641160e-03,-1.60091001e-03,-2.12525651e-04,1.09263394e-03,2.30003877e-03
-1.63854951e-02,-1.57517200e-02,-1.52554248e-02,-1.49006066e-02,-1.46896605e-02,-1.46225599e-02,-1.46986573e-02,-1.49165102e-02,-1.52730822e-02,-1.57648083e-02,-1.63877996e-02,-1.71380640e-02,-1.80116530e-02,-1.90046995e-02,-2.01133248e-02,-2.13334047e-02,-2.26602048e-02,-2.40879094e-02,-2.56090872e-02,-2.72141519e-02,-2.88908854e-02,-3.06240936e-02,-3.23954597e-02,-3.41836423e-02,-3.59646453e-02,-3.77124524e-02,-3.93998924e-02,-4.09996679e-02,-4.24854636e-02,-4.38330370e-02,-4.50211957e-02,-4.60325823e-02,-4.68542058e-02,-4.74776778e-02,-4.78990818e-02,-4.81181812e-02,-4.81460090e-02,-4.79839464e-02,-4.76431920e-02,-4.71364151e-02,-4.64772240e-02,-4.56797225e-02,-4.47580279e-02,-4.37258840e-02,-4.25963964e-02,-4.13818926e-02,-4.00938976e-02,-3.87432067e-02,-3.73400348e-02,-3.58942161e-02,-3.44154285e-02,-3.29134170e-02,-3.13981939e-02,-2.98801963e-02,-2.83703859e-02,-2.68802842e-02,-2.54219357e-02,-2.40078045e-02,-2.26506068e-02,-2.13630922e-02,-2.01577854e-02,-1.90467053e-02,-1.80410774e-02,-1.71510591e-02
-1.50630345e-02,-1.62025859e-02,-1.70285512e-02,-1.75519070e-02,-1.77917725e-02,-1.77778680e-02,-1.75373782e-02,-1.71049246e-02,-1.65154378e-02,-1.58031394e-02,-1.50002061e-02,-1.41356446e-02,-1.32344246e-02,-1.23168795e-02,-1.13983729e-02,-1.04892209e-02,-9.59485393e-03,-8.71619601e-03,-7.85022922e-03,-6.99070686e-03,-6.12897037e-03,-5.25482207e-03,-4.35740480e-03,-3.42604211e-03,-2.45099865e-03,-1.42412967e-03,-3.39399336e-04,8.06740387e-04,2.01510619e-03,3.28366912e-03,4.60754426e-03,5.97906288e-03,7.38790289e-03,8.82125455e-03,1.02640021e-02,1.16989072e-02,1.31067869e-02,1.44666855e-02,1.57560476e-02,1.69509054e-02,1.80261025e-02,1.89555771e-02,1.97127348e-02,2.02709348e-02,2.06040900e-02,2.06871332e-02,2.05007699e-02,2.00249493e-02,1.92455118e-02,1.81555377e-02,1.67556808e-02,1.50555225e-02,1.30745283e-02,1.08425208e-02,8.39953764e-03,5.79497224e-03,3.08596430e-03,3.35095440e-04,-2.39243496e-03,-5.03198980e-03,-7.52275918e-03,-9.81065777e-03,-1.18507492e-02,-1.36089667e-02
2.74352246e-02,2.84672991e-02,2.94727121e-02,3.04469266e-02,3.13865881e-02,3.22893141e-02,3.31534268e-02,3.39776454e-02,3.47607592e-02,3.55013000e-02,3.61972382e-02,3.68457197e-02,3.74428654e-02,3.79836459e-02,3.84618434e-02,3.88701087e-02,3.92001127e-02,3.94427875e-02,3.95886263e-02,3.96278277e-02,3.95535870e-02,3.93570287e-02,3.90311620e-02,3.85719139e-02,3.79775827e-02,3.72492974e-02,3.63912935e-02,3.54110303e-02,3.43191450e-02,3.31292414e-02,3.18575220e-02,3.05222864e-02,2.91433292e-02,2.77412838e-02,2.63369578e-02,2.49507102e-02,2.36019091e-02,2.23085016e-02,2.10867091e-02,1.99508510e-02,1.89132811e-02,1.79844145e-02,1.71728152e-02,1.64853129e-02,1.59271212e-02,1.55019357e-02,1.52120025e-02,1.50581654e-02,1.50400608e-02,1.51539487e-02,1.53977103e-02,1.57660459e-02,1.62522179e-02,1.68480855e-02,1.75441754e-02,1.83298403e-02,1.91934773e-02,2.01227964e-02,2.11051253e-02,2.21277355e-02,2.31781717e-02,2.42445669e-02,2.53159240e-02,2.63823499e-02
-2.29209905e-03,-4.59764422e-03,-7.01789884e-03,-9.51865417e-03,-1.20609645e-02,-1.46021427e-02,-1.70970585e-02,-1.94996751e-02,-2.17647296e-02,-2.38494399e-02,-2.57151154e-02,-2.73285546e-02,-2.86631336e-02,-2.96995153e-02,-3.04259090e-02,-3.08376574e-02,-3.09423506e-02,-3.07468426e-02,-3.02655416e-02,-2.95192803e-02,-2.85323034e-02,-2.73315118e-02,-2.59455335e-02,-2.44038364e-02,-2.27359295e-02,-2.09706669e-02,-1.91356601e-02,-1.72567968e-02,-1.53578618e-02,-1.34602552e-02,-1.15828024e-02,-9.74165027e-03,-7.95024748e-03,-6.21940214e-03,-4.55741470e-03,-2.97027972e-03,-1.46195005e-03,-3.46543557e-05,1.31074170e-03,2.57434778e-03,3.75684565e-03,4.85908509e-03,5.88169846e-03,6.82474727e-03,7.68741423e-03,8.46775150e-03,9.16249387e-03,9.76694210e-03,1.02749195e-02,1.06788018e-02,1.09696188e-02,1.11372147e-02,1.11703685e-02,1.10584059e-02,1.07887670e-02,1.03497600e-02,9.73054759e-03,8.92154928e-03,7.91509009e-03,6.70606492e-03,5.29262043e-03,3.67683270e-03,1.86534593e-03,-1.30072554e-04
-1.37879976e-02,-1.53233137e-02,-1.67319052e-02,-1.79962413e-02,-1.90984630e-02,-2.00209947e-02,-2.07471653e-02,-2.12617681e-02,-2.15512986e-02,-2.16083958e-02,-2.14231855e-02,-2.09912746e-02,-2.03120425e-02,-1.93881842e-02,-1.82257907e-02,-1.68342553e-02,-1.52260986e-02,-1.34167391e-02,-1.14242284e-02,-9.26896429e-03,-6.97339462e-03,-4.56171915e-03,-2.05959621e-03,5.06143464e-04,3.10775450e-03,5.71687923e-03,8.30481365e-03,1.08427678e-02,1.33021421e-02,1.56548161e-02,1.78734574e-02,1.99318533e-02,2.18052715e-02,2.34708491e-02,2.49080079e-02,2.60988892e-02,2.70287937e-02,2.76866021e-02,2.80651136e-02,2.81609317e-02,2.79799101e-02,2.75258764e-02,2.68089198e-02,2.58448129e-02,2.46529452e-02,2.32558592e-02,2.16784755e-02,1.99471671e-02,1.80887700e-02,1.61296080e-02,1.40946088e-02,1.20065820e-02,9.88571281e-03,7.74930775e-03,5.61179914e-03,3.48499491e-03,1.37853510e-03,-6.99499292e-04,-2.74188495e-03,-4.74154979e-03,-6.69090190e-03,-8.58126609e-03,-1.04024702e-02,-1.21426088e-02
2.52655271e-02,2.58506817e-02,2.64163103e-02,2.69575054e-02,2.74691582e-02,2.79461097e-02,2.83833427e-02,2.87761986e-02,2.91205993e-02,2.94132545e-02,2.96518345e-02,2.98350911e-02,2.99629101e-02,3.00362826e-02,3.00571383e-02,3.00290026e-02,2.99549671e-02,2.98385233e-02,2.96834892e-02,2.94932752e-02,2.92706288e-02,2.90174043e-02,2.87344105e-02,2.84213598e-02,2.80769345e-02,2.76989750e-02,2.72847825e-02,2.68315218e-02,2.63366964e-02,2.57986606e-02,2.52171265e-02,2.45936200e-02,2.39318384e-02,2.32378698e-02,2.25202410e-02,2.17897755e-02,2.10592603e-02,2.03429389e-02,1.96558656e-02,1.90131716e-02,1.84293024e-02,1.79172919e-02,1.74881303e-02,1.71502760e-02,1.69093470e-02,1.67680116e-02,1.67261296e-02,1.67801460e-02,1.69251840e-02,1.71545780e-02,1.74599511e-02,1.78322278e-02,1.82620784e-02,1.87403375e-02,1.92583407e-02,1.98081609e-02,2.03827378e-02,2.09759067e-02,2.15823372e-02,2.21974020e-02,2.28169962e-02,2.34373320e-02,2.40547339e-02,2.46654538e-02
2.89568659e-04,2.26875357e-03,4.20414028e-03,6.07598185e-03,7.86616097e-03,9.55839216e-03,1.11383633e-02,1.25938129e-02,1.39145417e-02,1.50923593e-02,1.61209696e-02,1.69958025e-02,1.77138018e-02,1.82731840e-02,1.86731805e-02,1.89137746e-02,1.89953696e-02,1.89197921e-02,1.86883150e-02,1.83015107e-02,1.77613080e-02,1.70698801e-02,1.62299306e-02,1.52449485e-02,1.41194798e-02,1.28593995e-02,1.14721596e-02,9.96698321e-03,8.35498313e-03,6.64918441e-03,4.86444392e-03,3.01726790e-03,1.12554070e-03,-7.91813090e-04,-2.71519003e-03,-4.62471405e-03,-6.50058065e-03,-8.32336047e-03,-1.00742390e-02,-1.17351876e-02,-1.32890718e-02,-1.47197161e-02,-1.60119448e-02,-1.71516259e-02,-1.81257391e-02,-1.89224826e-02,-1.95314195e-02,-1.99436186e-02,-2.01513543e-02,-2.01538428e-02,-1.99444152e-02,-1.95239625e-02,-1.88954221e-02,-1.80645030e-02,-1.70397704e-02,-1.58325930e-02,-1.44569930e-02,-1.29294138e-02,-1.12684173e-02,-9.49432624e-03,-7.62882687e-03,-5.69454740e-03,-3.71462718e-03,-1.71228973e-03
5.08084001e-02,5.00746935e-02,4.92420200e-02,4.83140121e-02,4.72929882e-02,4.61799910e-02,4.49750173e-02,4.36774478e-02,4.22866694e-02,4.08028560e-02,3.92278561e-02,3.75661124e-02,3.58255249e-02,3.40181585e-02,3.21606991e-02,3.02745788e-02,2.83857148e-02,2.65238472e-02,2.47215038e-02,2.30126662e-02,2.14312459e-02,2.00095063e-02,1.87765681e-02,1.77571270e-02,1.69704811e-02,1.64299302e-02,1.61425907e-02,1.61099307e-02,1.63238387e-02,1.67775686e-02,1.74567454e-02,1.83438321e-02,1.94189621e-02,2.06607034e-02,2.20467886e-02,2.35547406e-02,2.51623742e-02,2.68481713e-02,2.85915373e-02,3.03729527e-02,3.21740376e-02,3.39775483e-02,3.57673273e-02,3.75282257e-02,3.92460169e-02,4.09073160e-02,4.24995191e-02,4.40107727e-02,4.54299765e-02,4.67468261e-02,4.79518900e-02,4.90367191e-02,4.99939776e-02,5.08175857e-02,5.15028584e-02,5.20466245e-02,5.24473054e-02,5.27049227e-02,5.28209253e-02,5.27982186e-02,5.26453877e-02,5.23632756e-02,5.19587239e-02,5.14383237e-02
-4.32253631e-02,-4.31367963e-02,-4.29928614e-02,-4.27778245e-02,-4.24774106e-02,-4.20796075e-02,-4.15753946e-02,-4.09593550e-02,-4.02301433e-02,-3.93907870e-02,-3.84488139e-02,-3.74162055e-02,-3.63091854e-02,-3.51478564e-02,-3.39557021e-02,-3.27589715e-02,-3.15859616e-02,-3.04662128e-02,-2.94296311e-02,-2.85055524e-02,-2.77217652e-02,-2.71035239e-02,-2.66726338e-02,-2.64470856e-02,-2.64336626e-02,-2.66429003e-02,-2.70729160e-02,-2.77155940e-02,-2.85560689e-02,-2.95730185e-02,-3.07393840e-02,-3.20234369e-02,-3.33901287e-02,-3.48026359e-02,-3.62239943e-02,-3.76187038e-02,-3.89541904e-02,-4.02020306e-02,-4.13388665e-02,-4.23469784e-02,-4.32145116e-02,-4.39353855e-02,-4.45089335e-02,-4.49393344e-02,-4.52348898e-02,-4.54071769e-02,-4.54710619e-02,-4.54432870e-02,-4.53390253e-02,-4.51761257e-02,-4.49718463e-02,-4.47426009e-02,-4.45035210e-02,-4.42680441e-02,-4.40475451e-02,-4.38510105e-02,-4.36847610e-02,-4.35522291e-02,-4.34538035e-02,-4.33867558e-02,-4.33452689e-02,-4.33206215e-02,-4.33016198e-02,-4.32749183e-02
1.84951451e-02,1.80929278e-02,1.76308077e-02,1.71214273e-02,1.65786014e-02,1.60168228e-02,1.54507052e-02,1.48943923e-02,1.43609687e-02,1.38619083e-02,1.34065916e-02,1.30019221e-02,1.26520621e-02,1.23583018e-02,1.21190698e-02,1.19300819e-02,1.17846240e-02,1.16739563e-02,1.15878223e-02,1.15150457e-02,1.14441862e-02,1.13642223e-02,1.12652259e-02,1.11390093e-02,1.09797054e-02,1.07842361e-02,1.05526317e-02,1.02881707e-02,9.99732254e-03,9.68948490e-03,9.37652591e-03,9.07215739e-03,8.79118076e-03,8.54865980e-03,8.35908161e-03,8.23556942e-03,8.18922028e-03,8.22833668e-03,8.35827700e-03,8.58165455e-03,8.89762445e-03,9.30238663e-03,9.78944801e-03,1.03500004e-02,1.09733580e-02,1.16474172e-02,1.23591059e-02,1.30948013e-02,1.38406984e-02,1.45831215e-02,1.53087785e-02,1.60049626e-02,1.66597113e-02,1.72619362e-02,1.78015367e-02,1.82695111e-02,1.86580760e-02,1.89608004e-02,1.91727538e-02,1.92906543e-02,1.93128975e-02,1.92412747e-02,1.90774893e-02,1.88263951e-02
1.61490034e-02,1.58224810e-02,1.55185543e-02,1.52437762e-02,1.50007311e-02,1.47879691e-02,1.46001386e-02,1.44283072e-02,1.42604557e-02,1.40821204e-02,1.38771577e-02,1.36286038e-02,1.33196057e-02,1.29343908e-02,1.24592339e-02,1.18833766e-02,1.11998551e-02,1.04061867e-02,9.50487002e-03,8.50365640e-03,7.41556059e-03,6.25859301e-03,5.05521474e-03,3.83153749e-03,2.61631204e-03,1.43976645e-03,3.32368050e-04,-6.76408793e-04,-1.55923346e-03,-2.29195431e-03,-2.85440705e-03,-3.23100667e-03,-3.41108751e-03,-3.38976592e-03,-3.16605726e-03,-2.74455798e-03,-2.13432792e-03,-1.34852703e-03,-4.03922161e-04,6.79653496e-04,1.87985483e-03,3.17243081e-03,4.53178888e-03,5.93157358e-03,7.34524155e-03,8.74663239e-03,1.01105336e-02,1.14132367e-02,1.26330778e-02,1.37509531e-02,1.47507959e-02,1.56199961e-02,1.63497425e-02,1.69352640e-02,1.73759467e-02,1.76753058e-02,1.78407957e-02,1.78833843e-02,1.78183082e-02,1.76614448e-02,1.74308876e-02,1.71458964e-02,1.68255435e-02,1.64878623e-02
3.64808001e-02,3.86261002e-02,4.08085529e-02,4.30108432e-02,4.52148833e-02,4.74018445e-02,4.95521813e-02,5.16456565e-02,5.36613779e-02,5.55778595e-02,5.73731201e-02,5.90248315e-02,6.05105297e-02,6.18078981e-02,6.28951272e-02,6.37513496e-02,6.43571315e-02,6.46949080e-02,6.47479532e-02,6.45194080e-02,6.39920330e-02,6.31645273e-02,6.20421029e-02,6.06355701e-02,5.89618456e-02,5.70439499e-02,5.49106356e-02,5.25956769e-02,5.01368519e-02,4.75746761e-02,4.49509688e-02,4.23073574e-02,3.96838288e-02,3.71174343e-02,3.46412357e-02,3.22835569e-02,3.00675700e-02,2.80112143e-02,2.61274183e-02,2.44245714e-02,2.29071795e-02,2.15766303e-02,2.04319991e-02,1.94708282e-02,1.86898289e-02,1.80854647e-02,1.76543930e-02,1.73937625e-02,1.73014379e-02,1.73750036e-02,1.76129240e-02,1.80150994e-02,1.85801957e-02,1.93066564e-02,2.01922925e-02,2.12339943e-02,2.24275065e-02,2.37672693e-02,2.52463228e-02,2.68562739e-02,2.85873154e-02,3.04282867e-02,3.23667614e-02,3.43891492e-02
4.63479903e-03,3.77710175e-03,2.64694584e-03,1.25203029e-03,-3.92308297e-04,-2.26298164e-03,-4.32951937e-03,-6.55484876e-03,-8.89649762e-03,-1.13081841e-02,-1.37416788e-02,-1.61488018e-02,-1.84833959e-02,-2.07031254e-02,-2.27709649e-02,-2.46562881e-02,-2.63355063e-02,-2.77922611e-02,-2.90172097e-02,-3.00074778e-02,-3.07658628e-02,-3.12998674e-02,-3.16205813e-02,-3.17428766e-02,-3.16840564e-02,-3.14583492e-02,-3.10835791e-02,-3.05769009e-02,-2.99547280e-02,-2.92324615e-02,-2.84242787e-02,-2.75429910e-02,-2.65999594e-02,-2.56050554e-02,-2.45666560e-02,-2.34916669e-02,-2.23855706e-02,-2.12525018e-02,-2.00953535e-02,-1.89159172e-02,-1.77150653e-02,-1.64929751e-02,-1.52493973e-02,-1.39839647e-02,-1.26965338e-02,-1.13875482e-02,-1.00584102e-02,-8.71184377e-03,-7.35223174e-03,-5.98591087e-03,-4.62140873e-03,-3.26960896e-03,-1.94383391e-03,-6.59835404e-04,5.64313056e-04,1.70841506e-03,2.75049417e-03,3.66721675e-03,4.43443869e-03,5.02786709e-03,5.42383093e-03,5.60013135e-03,5.53715457e-03,5.21952563e-03
6.51838509e-03,7.47380105e-03,8.40281305e-03,9.28134650e-03,1.00861131e-02,1.07953775e-02,1.13896649e-02,1.18523877e-02,1.21703705e-02,1.23342422e-02,1.23384463e-02,1.21840993e-02,1.18726837e-02,1.14121619e-02,1.08141639e-02,1.00938299e-02,9.26934017e-03,8.36132240e-03,7.39217655e-03,6.38534642e-03,5.36456437e-03,4.35309780e-03,3.37302528e-03,2.44456908e-03,1.58550857e-03,8.10695009e-04,1.31683747e-04,-4.43504110e-04,-9.10490300e-04,-1.26852113e-03,-1.52031548e-03,-1.67180109e-03,-1.73177494e-03,-1.71146756e-03,-1.62389583e-03,-1.48350513e-03,-1.30548025e-03,-1.10514708e-03,-8.97364217e-04,-6.95926690e-04,-5.12998401e-04,-3.58590347e-04,-2.40103430e-04,-1.61956414e-04,-1.25320834e-04,-1.27980014e-04,-1.64349754e-04,-2.25640691e-04,-3.00205902e-04,-3.74049520e-04,-4.31486819e-04,-4.55936396e-04,-4.30792531e-04,-3.40302830e-04,-1.70493928e-04,9.00209263e-05,4.49338566e-04,9.11727652e-04,1.47727675e-03,2.14174408e-03,2.89661150e-03,3.72933046e-03,4.62373911e-03,5.56062258e-03
4.11933740e-02,4.00117482e-02,3.87318772e-02,3.73697662e-02,3.59430048e-02,3.44704337e-02,3.29717743e-02,3.14672344e-02,2.99771029e-02,2.85213425e-02,2.71191898e-02,2.57887692e-02,2.45467276e-02,2.34078994e-02,2.23850098e-02,2.14884301e-02,2.07259952e-02,2.01028987e-02,1.96216737e-02,1.92822693e-02,1.90822309e-02,1.90170479e-02,1.90794548e-02,1.92617026e-02,1.95555347e-02,1.99513229e-02,2.04394290e-02,2.10105095e-02,2.16558252e-02,2.23674792e-02,2.31385623e-02,2.39631975e-02,2.48364854e-02,2.57543598e-02,2.67133695e-02,2.77104072e-02,2.87424099e-02,2.98060579e-02,3.08974932e-02,3.20120820e-02,3.31442348e-02,3.42872951e-02,3.54335003e-02,3.65740122e-02,3.76990103e-02,3.87978367e-02,3.98591781e-02,4.08712738e-02,4.18221340e-02,4.26997604e-02,4.34923598e-02,4.41885480e-02,4.47775424e-02,4.52493432e-02,4.55949021e-02,4.58062581e-02,4.58764383e-02,4.58025404e-02,4.55811026e-02,4.52088964e-02,4.46868917e-02,4.40180182e-02,4.32074334e-02,4.22626177e-02
2.97867272e-03,2.56225569e-03,2.12397772e-03,1.69088152e-03,1.29157161e-03,9.54647438e-04,7.07136931e-04,5.73043405e-04,5.72112625e-04,7.18771040e-04,1.02172227e-03,1.48343832e-03,2.10029375e-03,2.86287888e-03,3.75655457e-03,4.76217904e-03,5.85694527e-03,7.01527472e-03,8.20972191e-03,9.41185541e-03,1.05930906e-02,1.17254592e-02,1.27823082e-02,1.37389243e-02,1.45730872e-02,1.52655513e-02,1.58004608e-02,1.61656923e-02,1.63531006e-02,1.63583152e-02,1.61849578e-02,1.58352166e-02,1.53191503e-02,1.46507369e-02,1.38479362e-02,1.29323337e-02,1.19285959e-02,1.08637682e-02,9.76643464e-03,8.66576528e-03,7.59048959e-03,6.56784390e-03,5.62254769e-03,4.77586492e-03,4.04480304e-03,3.44149311e-03,2.97278237e-03,2.64005633e-03,2.43929378e-03,2.36134943e-03,2.39238790e-03,2.51456255e-03,2.70703015e-03,2.94656289e-03,3.20874260e-03,3.46903390e-03,3.70390298e-03,3.89193349e-03,4.01489658e-03,4.05871822e-03,4.01445607e-03,3.87874205e-03,3.65407769e-03,3.34920251e-03
-9.83846891e-03,-9.26689298e-03,-8.71423051e-03,-8.18901482e-03,-7.69946004e-03,-7.25319448e-03,-6.85702091e-03,-6.51671563e-03,-6.23687700e-03,-6.02083202e-03,-5.87060845e-03,-5.78699201e-03,-5.76933789e-03,-5.81637251e-03,-5.92582341e-03,-6.09476451e-03,-6.31988255e-03,-6.59767190e-03,-6.92459949e-03,-7.29721557e-03,-7.71219744e-03,-8.16632081e-03,-8.65636244e-03,-9.17894679e-03,-9.73035717e-03,-1.03063385e-02,-1.09019219e-02,-1.15113005e-02,-1.21277832e-02,-1.27438434e-02,-1.33512705e-02,-1.39414194e-02,-1.45055405e-02,-1.50351623e-02,-1.55224925e-02,-1.59607959e-02,-1.63447155e-02,-1.66705018e-02,-1.69361288e-02,-1.71412870e-02,-1.72872505e-02,-1.73766237e-02,-1.74131213e-02,-1.74013881e-02,-1.73455304e-02,-1.72501067e-02,-1.71191473e-02,-1.69559577e-02,-1.67629566e-02,-1.65416099e-02,-1.62924636e-02,-1.60152715e-02,-1.57092007e-02,-1.53730951e-02,-1.50057716e-02,-1.46063258e-02,-1.41744196e-02,-1.37105321e-02,-1.32161559e-02,-1.26939265e-02,-1.21476799e-02,-1.15824366e-02,-1.10043155e-02,-1.04203863e-02
-3.80462086e-03,-2.79515763e-03,-1.77213666e-03,-7.47994806e-04,2.67022392e-04,1.26489588e-03,2.23979759e-03,3.18797636e-03,4.10757913e-03,4.99841371e-03,5.86166063e-03,6.69954356e-03,7.51496919e-03,8.31114900e-03,9.09121629e-03,9.85785241e-03,1.06129366e-02,1.13572327e-02,1.20901251e-02,1.28094142e-02,1.35111792e-02,1.41897133e-02,1.48375326e-02,1.54454597e-02,1.60027773e-02,1.64974478e-02,1.69163933e-02,1.72458283e-02,1.74716346e-02,1.75797434e-02,1.75566134e-02,1.73917153e-02,1.70726474e-02,1.65912142e-02,1.59417826e-02,1.51219960e-02,1.41333098e-02,1.29814353e-02,1.16766639e-02,1.02340320e-02,8.67328286e-03,7.01859533e-03,5.29805874e-03,3.54289780e-03,1.78647283e-03,6.31061369e-05,-1.59318247e-03,-3.14997939e-03,-4.57771147e-03,-5.85069677e-03,-6.94798457e-03,-7.85392673e-03,-8.55846024e-03,-9.05710094e-03,-9.35063327e-03,-9.44540200e-03,-9.35131223e-03,-9.08144608e-03,-8.65226281e-03,-8.08210850e-03,-7.39051912e-03,-6.59751666e-03,-5.72296679e-03,-4.78601671e-03
-4.03978890e-03,-3.54828835e-03,-2.99897960e-03,-2.39831010e-03,-1.75438873e-03,-1.07684819e-03,-3.76634206e-04,3.34268321e-04,1.04315531e-03,1.73696902e-03,2.40267342e-03,3.02763799e-03,3.60001414e-03,4.10909251e-03,4.54563102e-03,4.90214452e-03,5.17314664e-03,5.35533425e-03,5.44770080e-03,5.45151944e-03,5.37093022e-03,5.21132102e-03,4.98058625e-03,4.68819009e-03,4.34481325e-03,3.96188229e-03,3.55104405e-03,3.12362098e-03,2.69008387e-03,2.25957913e-03,1.83954581e-03,1.43545166e-03,1.05066844e-03,6.86494895e-04,3.42323416e-04,1.59338661e-05,-2.96112975e-04,-5.98017124e-04,-8.94256062e-04,-1.18911790e-03,-1.48628727e-03,-1.78851414e-03,-2.09738619e-03,-2.41321357e-03,-2.73502348e-03,-3.06065071e-03,-3.38690198e-03,-3.70976630e-03,-4.02464198e-03,-4.32655351e-03,-4.61033722e-03,-4.87078280e-03,-5.10272740e-03,-5.30110781e-03,-5.46098360e-03,-5.57754727e-03,-5.64612587e-03,-5.66244542e-03,-5.62226396e-03,-5.52183059e-03,-5.35803764e-03,-5.12857370e-03,-4.83215592e-03,-4.46875392e-03
5.36421571e-02,5.46119257e-02,5.54795591e-02,5.62288870e-02,5.68451870e-02,5.73153914e-02,5.76281965e-02,5.77739547e-02,5.77448091e-02,5.75419391e-02,5.71555816e-02,5.65856884e-02,5.58338702e-02,5.49040777e-02,5.38029584e-02,5.25401455e-02,5.11285235e-02,4.95844423e-02,4.79278323e-02,4.61821675e-02,4.43742309e-02,4.25336463e-02,4.06921672e-02,3.88827365e-02,3.71383623e-02,3.54908782e-02,3.39696781e-02,3.26005224e-02,3.14045074e-02,3.03972783e-02,2.95885419e-02,2.89819113e-02,2.85750906e-02,2.83603966e-02,2.83258338e-02,2.84514368e-02,2.87212198e-02,2.91141082e-02,2.96083546e-02,3.01828837e-02,3.08181591e-02,3.14969913e-02,3.22051890e-02,3.29320101e-02,3.36703855e-02,3.44169086e-02,3.51715915e-02,3.59374082e-02,3.67196565e-02,3.75251845e-02,3.83615355e-02,3.92360729e-02,4.01551446e-02,4.11233410e-02,4.21428944e-02,4.32132491e-02,4.43308198e-02,4.54889401e-02,4.66779881e-02,4.78856647e-02,4.90973947e-02,5.02968150e-02,5.14663130e-02,5.25875810e-02
3.34852499e-02,3.39201179e-02,3.41724523e-02,3.42384133e-02,3.41225022e-02,3.38289994e-02,3.33681927e-02,3.27562705e-02,3.20135071e-02,3.11637420e-02,3.02335237e-02,2.92510471e-02,2.82449602e-02,2.72431178e-02,2.62713609e-02,2.53524011e-02,2.45048790e-02,2.37426512e-02,2.30743417e-02,2.25031726e-02,2.20270717e-02,2.16390378e-02,2.13277354e-02,2.10782811e-02,2.08731826e-02,2.06933870e-02,2.05193918e-02,2.03323630e-02,2.01152182e-02,1.98536430e-02,1.95369985e-02,1.91590610e-02,1.87185392e-02,1.82193286e-02,1.76704779e-02,1.70858532e-02,1.64835133e-02,1.58848273e-02,1.53133929e-02,1.47938268e-02,1.43505161e-02,1.40064172e-02,1.37819888e-02,1.36943698e-02,1.37561530e-02,1.39752896e-02,1.43564584e-02,1.48987184e-02,1.55968340e-02,1.64415465e-02,1.74200018e-02,1.85162369e-02,1.97116841e-02,2.09856669e-02,2.23158742e-02,2.36788063e-02,2.50501968e-02,2.64054167e-02,2.77198742e-02,2.89694203e-02,3.01307749e-02,3.11819784e-02,3.21028760e-02,3.28756299e-02
5.36898746e-03,2.59452767e-03,-1.19485271e-04,-2.74700270e-03,-5.26285174e-03,-7.64287862e-03,-9.86413402e-03,-1.19051360e-02,-1.37461819e-02,-1.53696831e-02,-1.67604902e-02,-1.79061751e-02,-1.87972365e-02,-1.94271866e-02,-1.97923646e-02,-1.98946644e-02,-1.97356042e-02,-1.93195265e-02,-1.86543684e-02,-1.77499548e-02,-1.66178592e-02,-1.52711475e-02,-1.37241283e-02,-1.19921348e-02,-1.00913459e-02,-8.03864904e-03,-5.85154048e-03,-3.54805939e-03,-1.14674810e-03,1.33336822e-03,3.87277210e-03,6.45149999e-03,9.04913066e-03,1.16448031e-02,1.42172482e-02,1.67448384e-02,1.92056588e-02,2.15776037e-02,2.38385009e-02,2.59662668e-02,2.79390954e-02,2.97356838e-02,3.13354947e-02,3.27190579e-02,3.38683073e-02,3.47669481e-02,3.54008336e-02,3.57582834e-02,3.58297175e-02,3.56165507e-02,3.51123566e-02,3.43192372e-02,3.32442752e-02,3.18983494e-02,3.02961977e-02,2.84561752e-02,2.63998461e-02,2.41514621e-02,2.17373724e-02,1.91854126e-02,1.65243217e-02,1.37832263e-02,1.09912232e-02,8.17707110e-03
-3.52996927e-02,-3.30731512e-02,-3.07414145e-02,-2.83298658e-02,-2.58636499e-02,-2.33675043e-02,-2.08656173e-02,-1.83815001e-02,-1.59378698e-02,-1.35565338e-02,-1.12582753e-02,-9.06273380e-03,-6.98828371e-03,-5.05190906e-03,-3.26907833e-03,-1.65362256e-03,-2.17621710e-04,1.02868822e-03,2.07699693e-03,2.92098783e-03,3.55634469e-03,3.98072946e-03,4.19370662e-03,4.19651132e-03,3.99312560e-03,3.58716959e-03,2.98459781e-03,2.19221298e-03,1.21753474e-03,6.85646522e-05,-1.24642247e-03,-2.71904481e-03,-4.34090922e-03,-6.10358899e-03,-7.99849732e-03,-1.00166414e-02,-1.21482628e-02,-1.43823847e-02,-1.67062998e-02,-1.91050508e-02,-2.15609612e-02,-2.40532856e-02,-2.65580409e-02,-2.90480743e-02,-3.14933974e-02,-3.38617957e-02,-3.61196867e-02,-3.82331718e-02,-4.01692033e-02,-4.18967726e-02,-4.33880223e-02,-4.46191933e-02,-4.55713218e-02,-4.62305521e-02,-4.65876236e-02,-4.66486431e-02,-4.64085046e-02,-4.58748347e-02,-4.50598427e-02,-4.39789692e-02,-4.26505582e-02,-4.10953074e-02,-3.93357224e-02,-3.73956192e-02
-3.54872850e-02,-3.41681956e-02,-3.28587192e-02,-3.15644340e-02,-3.02908581e-02,-2.90436120e-02,-2.78285674e-02,-2.66519780e-02,-2.55205868e-02,-2.44417069e-02,-2.34232741e-02,-2.24738701e-02,-2.16027151e-02,-2.08196286e-02,-2.01349562e-02,-1.95594606e-02,-1.91041747e-02,-1.87802333e-02,-1.85988386e-02,-1.85684521e-02,-1.87001029e-02,-1.90019158e-02,-1.94801562e-02,-2.01388802e-02,-2.09793713e-02,-2.19996543e-02,-2.31940862e-02,-2.45530589e-02,-2.60628549e-02,-2.77056873e-02,-2.94599478e-02,-3.13006673e-02,-3.32001737e-02,-3.51289142e-02,-3.70563905e-02,-3.89521426e-02,-4.07867151e-02,-4.25325414e-02,-4.41646943e-02,-4.56614649e-02,-4.70047533e-02,-4.81802705e-02,-4.91775680e-02,-4.99899188e-02,-5.06140739e-02,-5.10498897e-02,-5.12997376e-02,-5.13722094e-02,-5.12732813e-02,-5.10103127e-02,-5.05943781e-02,-5.00372086e-02,-4.93511867e-02,-4.85491056e-02,-4.76439138e-02,-4.66484730e-02,-4.55753409e-02,-4.44365839e-02,-4.32436255e-02,-4.20071346e-02,-4.07369559e-02,-3.94420862e-02,-3.81306944e-02,-3.68101826e-02
-2.99886205e-02,-2.97149873e-02,-2.94411131e-02,-2.91706888e-02,-2.89078132e-02,-2.86570168e-02,-2.84232091e-02,-2.82115460e-02,-2.80272235e-02,-2.78752057e-02,-2.77599112e-02,-2.76848919e-02,-2.76523725e-02,-2.76624484e-02,-2.77148238e-02,-2.78063583e-02,-2.79320505e-02,-2.80850548e-02,-2.82569262e-02,-2.84380156e-02,-2.86179909e-02,-2.87864510e-02,-2.89335908e-02,-2.90508646e-02,-2.91315824e-02,-2.91713254e-02,-2.91697511e-02,-2.91270953e-02,-2.90479991e-02,-2.89396449e-02,-2.88115317e-02,-2.86749248e-02,-2.85421616e-02,-2.84258724e-02,-2.83381839e-02,-2.82900995e-02,-2.82890069e-02,-2.83422139e-02,-2.84524656e-02,-2.86194174e-02,-2.88394510e-02,-2.91058827e-02,-2.94093993e-02,-2.97386713e-02,-3.00810904e-02,-3.04235691e-02,-3.07533346e-02,-3.10586539e-02,-3.13294334e-02,-3.15576537e-02,-3.17376152e-02,-3.18659868e-02,-3.19416471e-02,-3.19660460e-02,-3.19416970e-02,-3.18720092e-02,-3.17617289e-02,-3.16159148e-02,-3.14396586e-02,-3.12378368e-02,-3.10149523e-02,-3.07750717e-02,-3.05218521e-02,-3.02586402e-02
2.00477380e-02,2.15702140e-02,2.30621270e-02,2.45120704e-02,2.59091536e-02,2.72429802e-02,2.85036018e-02,2.96814580e-02,3.07673123e-02,3.17521970e-02,3.26273798e-02,3.33843617e-02,3.40149156e-02,3.45111694e-02,3.48657286e-02,3.50718087e-02,3.51231088e-02,3.50178057e-02,3.47508467e-02,3.43199469e-02,3.37255908e-02,3.29701525e-02,3.20581578e-02,3.09963949e-02,2.97939394e-02,2.84621064e-02,2.70143363e-02,2.54660194e-02,2.38342672e-02,2.21376382e-02,2.03958267e-02,1.86293238e-02,1.68590582e-02,1.51060259e-02,1.33909183e-02,1.17337585e-02,1.01535564e-02,8.66799400e-03,7.29315206e-03,6.04328727e-03,4.93066754e-03,3.96546906e-03,3.15573515e-03,2.50739268e-03,2.02431808e-03,1.70844264e-03,1.55988785e-03,1.57712109e-03,1.75685807e-03,2.09482157e-03,2.58522538e-03,3.22116296e-03,3.99467360e-03,4.89682322e-03,5.91778220e-03,7.04690445e-03,8.27281365e-03,9.58350096e-03,1.09664370e-02,1.24086980e-02,1.38971046e-02,1.54183669e-02,1.69592304e-02,1.85066151e-02
-1.28607999e-02,-9.93772832e-03,-7.06051762e-03,-4.24493932e-03,-1.50627757e-03,1.14059794e-03,3.68115514e-03,6.10118798e-03,8.38676226e-03,1.05241789e-02,1.24999356e-02,1.43006798e-02,1.59131496e-02,1.73240992e-02,1.85202125e-02,1.94880082e-02,2.02137483e-02,2.06833517e-02,2.08822353e-02,2.07963031e-02,2.04136344e-02,1.97168527e-02,1.86931988e-02,1.73312136e-02,1.56220209e-02,1.35605645e-02,1.11469552e-02,8.38787519e-03,5.29792737e-03,1.90078255e-03,-1.77003885e-03,-5.67081870e-03,-9.74820250e-03,-1.39402623e-02,-1.81783393e-02,-2.23895052e-02,-2.64994544e-02,-3.04355746e-02,-3.41299217e-02,-3.75218372e-02,-4.05599994e-02,-4.32037811e-02,-4.54238735e-02,-4.72022102e-02,-4.85312703e-02,-4.94127178e-02,-4.98546887e-02,-4.98903396e-02,-4.95251790e-02,-4.87882956e-02,-4.77092297e-02,-4.63185285e-02,-4.46472159e-02,-4.27261667e-02,-4.05856028e-02,-3.82547257e-02,-3.57614752e-02,-3.31323911e-02,-3.03925594e-02,-2.75656237e-02,-2.46738441e-02,-2.17381901e-02,-1.87784557e-02,-1.58133847e-02
1.51245291e-02,1.58052257e-02,1.64976529e-02,1.71975863e-02,1.78998793e-02,1.85985115e-02,1.92866585e-02,1.99567763e-02,2.06006978e-02,2.12097384e-02,2.17748116e-02,2.22865586e-02,2.27354946e-02,2.31121788e-02,2.34074098e-02,2.36124461e-02,2.37192301e-02,2.37202613e-02,2.36125270e-02,2.33895652e-02,2.30497741e-02,2.25934349e-02,2.20232278e-02,2.13444224e-02,2.05649400e-02,1.96953001e-02,1.87484453e-02,1.77394465e-02,1.66850981e-02,1.56034211e-02,1.45131014e-02,1.34328930e-02,1.23810220e-02,1.13746236e-02,1.04292401e-02,9.55840660e-03,8.77333615e-03,8.08271618e-03,7.49261483e-03,7.00649292e-03,6.62531164e-03,6.34772315e-03,6.17033070e-03,6.08800786e-03,6.09428508e-03,6.18120700e-03,6.34101325e-03,6.56515146e-03,6.84522559e-03,7.17325115e-03,7.54192181e-03,7.94482488e-03,8.37659291e-03,8.83298464e-03,9.31089323e-03,9.80828360e-03,1.03240652e-02,1.08579104e-02,1.14100319e-02,1.19809363e-02,1.25711680e-02,1.31810638e-02,1.38105282e-02,1.44588449e-02
2.19794418e-02,2.25022695e-02,2.29756390e-02,2.33885287e-02,2.37312921e-02,2.39960212e-02,2.41768682e-02,2.42702860e-02,2.42749391e-02,2.41945985e-02,2.40316307e-02,2.37932032e-02,2.34885215e-02,2.31286381e-02,2.27260320e-02,2.22940795e-02,2.18464728e-02,2.13966240e-02,2.09570934e-02,2.05390733e-02,2.01519572e-02,1.98030146e-02,1.94971840e-02,1.92369901e-02,1.90225802e-02,1.88518712e-02,1.87207930e-02,1.86236093e-02,1.85532987e-02,1.85019750e-02,1.84613311e-02,1.84230857e-02,1.83794068e-02,1.83232891e-02,1.82488941e-02,1.81518436e-02,1.80294402e-02,1.78808053e-02,1.77069313e-02,1.75106488e-02,1.72965097e-02,1.70705962e-02,1.68402633e-02,1.66138311e-02,1.64002420e-02,1.62087002e-02,1.60483101e-02,1.59277312e-02,1.58548647e-02,1.58366316e-02,1.58780996e-02,1.59835794e-02,1.61555996e-02,1.63948084e-02,1.67001010e-02,1.70685918e-02,1.74956450e-02,1.79749474e-02,1.84986203e-02,1.90573693e-02,1.96406709e-02,2.02369963e-02,2.08340709e-02,2.14191693e-02
2.62234177e-02,2.71156550e-02,2.78907576e-02,2.85291066e-02,2.90140917e-02,2.93327218e-02,2.94760795e-02,2.94400643e-02,2.92286455e-02,2.88445833e-02,2.82996782e-02,2.76102017e-02,2.67967329e-02,2.58835007e-02,2.48974780e-02,2.38673057e-02,2.28221113e-02,2.17902927e-02,2.07983399e-02,1.98697682e-02,1.90242233e-02,1.82768066e-02,1.76376495e-02,1.71117479e-02,1.66990493e-02,1.63947701e-02,1.61899109e-02,1.60719266e-02,1.60255156e-02,1.60334113e-02,1.60772130e-02,1.61390844e-02,1.62013900e-02,1.62481482e-02,1.62656483e-02,1.62433127e-02,1.61738781e-02,1.60534460e-02,1.58822344e-02,1.56643130e-02,1.54074367e-02,1.51227010e-02,1.48240436e-02,1.45276176e-02,1.42510650e-02,1.40127293e-02,1.38308450e-02,1.37227555e-02,1.37042938e-02,1.37879066e-02,1.39847192e-02,1.43019045e-02,1.47429756e-02,1.53077036e-02,1.59920528e-02,1.67882509e-02,1.76849676e-02,1.86675865e-02,1.97185542e-02,2.08177992e-02,2.19432077e-02,2.30711505e-02,2.41770538e-02,2.52360095e-02
2.49950125e-02,2.53105770e-02,2.54808215e-02,2.55063987e-02,2.53911423e-02,2.51336537e-02,2.47347233e-02,2.41949776e-02,2.35149550e-02,2.26955429e-02,2.17384722e-02,2.06468676e-02,1.94258034e-02,1.80828019e-02,1.66282130e-02,1.50754169e-02,1.34408124e-02,1.17435685e-02,1.00051477e-02,8.24863115e-03,6.49790048e-03,4.77674889e-03,3.10800024e-03,1.51271434e-03,9.54485178e-06,-1.38569648e-03,-2.66026589e-03,-3.80448563e-03,-4.81153024e-03,-5.67705906e-03,-6.39874105e-03,-6.97572898e-03,-7.40813803e-03,-7.69656899e-03,-7.84159299e-03,-7.84498541e-03,-7.70613887e-03,-7.42559118e-03,-7.00371250e-03,-6.44111620e-03,-5.73900814e-03,-4.89955700e-03,-3.92626006e-03,-2.82427254e-03,-1.60067167e-03,-2.64633442e-04,1.17248937e-03,2.69719917e-03,4.29400933e-03,5.94568062e-03,7.63355423e-03,9.33795745e-03,1.10386626e-02,1.27153780e-02,1.43482476e-02,1.59183369e-02,1.74080793e-02,1.88016627e-02,2.00853324e-02,2.12475943e-02,2.22793045e-02,2.31736376e-02,2.39259370e-02,2.45334563e-02
3.37689587e-02,3.19736491e-02,2.98364370e-02,2.73848694e-02,2.46553462e-02,2.16923751e-02,1.85473548e-02,1.52769336e-02,1.19410356e-02,8.60068135e-03,5.31575364e-03,2.14286439e-03,-8.66535645e-04,-3.66763984e-03,-6.22348852e-03,-8.50557315e-03,-1.04940097e-02,-1.21773148e-02,-1.35518368e-02,-1.46209179e-02,-1.53938625e-02,-1.58847501e-02,-1.61110135e-02,-1.60961113e-02,-1.58585924e-02,-1.54214848e-02,-1.48068422e-02,-1.40355202e-02,-1.31266438e-02,-1.20971870e-02,-1.09616982e-02,-9.73217201e-03,-8.41806065e-03,-7.02641454e-03,-5.56213580e-03,-4.02832639e-03,-2.42670967e-03,-7.58102390e-04,9.77085719e-04,2.77834539e-03,4.64458182e-03,6.57365673e-03,8.56197914e-03,1.06041527e-02,1.26926860e-02,1.48177689e-02,1.69671150e-02,1.91258707e-02,2.12765882e-02,2.33992627e-02,2.54714335e-02,2.74683523e-02,2.93632224e-02,3.11275161e-02,3.27313783e-02,3.41441252e-02,3.53348466e-02,3.62731119e-02,3.69297654e-02,3.72776930e-02,3.72909851e-02,3.69630472e-02,3.62690754e-02,3.52039372e-02
-1.65439053e-02,-1.75903139e-02,-1.87869581e-02,-2.01237693e-02,-2.15853827e-02,-2.31511414e-02,-2.47954039e-02,-2.64881754e-02,-2.81960487e-02,-2.98834154e-02,-3.15138721e-02,-3.30517275e-02,-3.44635024e-02,-3.57193110e-02,-3.67940289e-02,-3.76681694e-02,-3.83284113e-02,-3.87676831e-02,-3.89842886e-02,-3.89910765e-02,-3.87907225e-02,-3.83999204e-02,-3.78376447e-02,-3.71253203e-02,-3.62859999e-02,-3.53434835e-02,-3.43214908e-02,-3.32429258e-02,-3.21292502e-02,-3.09999794e-02,-2.98723035e-02,-2.87608350e-02,-2.76774794e-02,-2.66314214e-02,-2.56292166e-02,-2.46749731e-02,-2.37706094e-02,-2.29161670e-02,-2.21101614e-02,-2.13499508e-02,-2.06321062e-02,-1.99527677e-02,-1.93079770e-02,-1.86939765e-02,-1.81074741e-02,-1.75458700e-02,-1.70074503e-02,-1.64915484e-02,-1.59986777e-02,-1.55306392e-02,-1.50906034e-02,-1.46831655e-02,-1.43143705e-02,-1.39917012e-02,-1.37240225e-02,-1.35214780e-02,-1.33953728e-02,-1.33572416e-02,-1.34196559e-02,-1.35954630e-02,-1.38966700e-02,-1.43342383e-02,-1.49173681e-02,-1.56527664e-02
-4.26950628e-02,-4.19186098e-02,-4.10896531e-02,-4.02140519e-02,-3.92997583e-02,-3.83567678e-02,-3.73969686e-02,-3.64338958e-02,-3.54823974e-02,-3.45582250e-02,-3.36775653e-02,-3.28565288e-02,-3.21106203e-02,-3.14542131e-02,-3.09000534e-02,-3.04588245e-02,-3.01388107e-02,-2.99457503e-02,-2.98812333e-02,-2.99450378e-02,-3.01354257e-02,-3.04467229e-02,-3.08712746e-02,-3.13996969e-02,-3.20212975e-02,-3.27245155e-02,-3.34973318e-02,-3.43276192e-02,-3.52034104e-02,-3.61130774e-02,-3.70454261e-02,-3.79897214e-02,-3.89356658e-02,-3.98733607e-02,-4.07932757e-02,-4.16862498e-02,-4.25435399e-02,-4.33569207e-02,-4.41188318e-02,-4.48225577e-02,-4.54624185e-02,-4.60339484e-02,-4.65340351e-02,-4.69609998e-02,-4.73146020e-02,-4.75959601e-02,-4.78073858e-02,-4.79521320e-02,-4.80340337e-02,-4.80583122e-02,-4.80288957e-02,-4.79492305e-02,-4.78228827e-02,-4.76524420e-02,-4.74394564e-02,-4.71843741e-02,-4.68865663e-02,-4.65444410e-02,-4.61556448e-02,-4.57173402e-02,-4.52265440e-02,-4.46805042e-02,-4.40770937e-02,-4.34151966e-02
4.96468015e-02,5.19093057e-02,5.41235867e-02,5.62724481e-02,5.83378646e-02,6.03009794e-02,6.21421176e-02,6.38408232e-02,6.53759298e-02,6.67256789e-02,6.78679017e-02,6.87802761e-02,6.94406610e-02,6.98274117e-02,6.99185412e-02,6.97082558e-02,6.91745574e-02,6.83047217e-02,6.70943028e-02,6.55445203e-02,6.36635625e-02,6.14674344e-02,5.89804080e-02,5.62350363e-02,5.32716721e-02,5.01374676e-02,4.68848828e-02,4.35697910e-02,4.02493236e-02,3.69796302e-02,3.38137443e-02,3.07997280e-02,2.79792311e-02,2.53865447e-02,2.30481705e-02,2.09828703e-02,1.92021210e-02,1.77108726e-02,1.65084995e-02,1.55898422e-02,1.49462525e-02,1.45665867e-02,1.44381835e-02,1.45462969e-02,1.48767854e-02,1.54165935e-02,1.61517517e-02,1.70690105e-02,1.81557885e-02,1.94001541e-02,2.07907651e-02,2.23167727e-02,2.39676993e-02,2.57333019e-02,2.76034317e-02,2.95678971e-02,3.16163340e-02,3.37380900e-02,3.59221210e-02,3.81569031e-02,4.04303584e-02,4.27297933e-02,4.50418480e-02,4.73524545e-02
1.92813476e-02,1.88398987e-02,1.83214301e-02,1.77438840e-02,1.71291393e-02,1.65020535e-02,1.58892521e-02,1.53177457e-02,1.48134745e-02,1.43998911e-02,1.40966874e-02,1.39187683e-02,1.38756245e-02,1.39695960e-02,1.41986959e-02,1.45546650e-02,1.50237147e-02,1.55876348e-02,1.62246823e-02,1.69106187e-02,1.76198116e-02,1.83263462e-02,1.90051029e-02,1.96327612e-02,2.01886954e-02,2.06557313e-02,2.10207341e-02,2.12750061e-02,2.14144634e-02,2.14394483e-02,2.13566183e-02,2.11734949e-02,2.09024302e-02,2.05585596e-02,2.01588141e-02,1.97211412e-02,1.92637136e-02,1.88042010e-02,1.83591475e-02,1.79434779e-02,1.75701412e-02,1.72498855e-02,1.69911481e-02,1.68000359e-02,1.66803727e-02,1.66338096e-02,1.66596249e-02,1.67549670e-02,1.69158301e-02,1.71356887e-02,1.74062570e-02,1.77175101e-02,1.80577822e-02,1.84139242e-02,1.87715328e-02,1.91152675e-02,1.94292666e-02,1.96976649e-02,1.99052077e-02,2.00379390e-02,2.00838757e-02,2.00345684e-02,1.98846866e-02,1.96324242e-02
3.22358767e-03,3.28892034e-03,3.35087231e-03,3.41559441e-03,3.48682019e-03,3.56560836e-03,3.65023173e-03,3.73621742e-03,3.81653535e-03,3.88192670e-03,3.92135748e-03,3.92255565e-03,3.87288467e-03,3.75958710e-03,3.57094740e-03,3.29686416e-03,2.92955546e-03,2.46415951e-03,1.89920331e-03,1.23690416e-03,4.83275683e-04,-3.51976883e-04,-1.25576500e-03,-2.21213294e-03,-3.20291309e-03,-4.20848659e-03,-5.20858689e-03,-6.18308407e-03,-7.11269424e-03,-7.97957103e-03,-8.76775325e-03,-9.46346165e-03,-1.00552551e-02,-1.05340700e-02,-1.08931732e-02,-1.11280466e-02,-1.12362755e-02,-1.12186110e-02,-1.10756432e-02,-1.08112069e-02,-1.04308802e-02,-9.94210589e-03,-9.35417366e-03,-8.67815489e-03,-7.92678116e-03,-7.11425393e-03,-6.25597726e-03,-5.36821264e-03,-4.46766197e-03,-3.57099184e-03,-2.69431852e-03,-1.85267786e-03,-1.05950786e-03,-3.26173717e-04,3.38435072e-04,9.28205675e-04,1.43998885e-03,1.87363484e-03,2.23188350e-03,2.52010473e-03,2.74589944e-03,2.91858070e-03,3.04856363e-03,3.14669876e-03
3.44849791e-02,3.42810824e-02,3.39832886e-02,3.35949152e-02,3.31189692e-02,3.25581470e-02,3.19148613e-02,3.11913279e-02,3.03897145e-02,2.95123451e-02,2.85619499e-02,2.75419435e-02,2.64567150e-02,2.53119074e-02,2.41146626e-02,2.28738091e-02,2.15999696e-02,2.03055688e-02,1.90047289e-02,1.77130476e-02,1.64472618e-02,1.52248124e-02,1.40633331e-02,1.29800965e-02,1.19914530e-02,1.11123027e-02,1.03556343e-02,9.73216174e-03,9.25007901e-03,8.91494285e-03,8.72968934e-03,8.69484632e-03,8.80765157e-03,9.06482634e-03,9.46066060e-03,9.98793599e-03,1.06383302e-02,1.14026439e-02,1.22710006e-02,1.32329962e-02,1.42777983e-02,1.53941999e-02,1.65706421e-02,1.77952206e-02,1.90556911e-02,2.03394900e-02,2.16337820e-02,2.29255446e-02,2.42016930e-02,2.54492443e-02,2.66555163e-02,2.78083508e-02,2.88963474e-02,2.99090937e-02,3.08373750e-02,3.16733486e-02,3.24106685e-02,3.30445522e-02,3.35717813e-02,3.39906373e-02,3.43007716e-02,3.45030153e-02,3.45991018e-02,3.45911454e-02
1.37921302e-02,1.49946530e-02,1.62689535e-02,1.76015433e-02,1.89758186e-02,2.03725528e-02,2.17704696e-02,2.31468652e-02,2.44782428e-02,2.57409344e-02,2.69116856e-02,2.79681884e-02,2.88895543e-02,2.96567221e-02,3.02528051e-02,3.06633721e-02,3.08766218e-02,3.08826675e-02,3.06826123e-02,3.02685019e-02,2.96430988e-02,2.88123239e-02,2.77859949e-02,2.65780328e-02,2.52064760e-02,2.36933371e-02,2.20642808e-02,2.03481070e-02,1.85760340e-02,1.67807995e-02,1.49956168e-02,1.32530433e-02,1.15838330e-02,1.00158496e-02,8.57311387e-03,7.27504789e-03,6.13595977e-03,5.16479249e-03,4.36513770e-03,3.73549717e-03,3.26975954e-03,2.95785100e-03,2.78651511e-03,2.74018451e-03,2.80170994e-03,2.95366018e-03,3.17889577e-03,3.46137396e-03,3.78694608e-03,4.14395294e-03,4.52369103e-03,4.92072121e-03,5.33300114e-03,5.76182879e-03,6.21159293e-03,6.68933686e-03,7.20415392e-03,7.76644587e-03,8.38708681e-03,9.07654383e-03,9.84401025e-03,1.06966069e-02,1.16387013e-02,1.26713842e-02
-1.92786938e-02,-1.85796922e-02,-1.78302228e-02,-1.70337718e-02,-1.61927406e-02,-1.53086562e-02,-1.43823963e-02,-1.34144190e-02,-1.24049916e-02,-1.13544117e-02,-1.02632195e-02,-9.13239884e-03,-7.96356905e-03,-6.75916758e-03,-5.52262442e-03,-4.25852865e-03,-2.97278551e-03,-1.67276089e-03,-3.67408142e-04,9.32628935e-04,2.21494538e-03,3.46536184e-03,4.66795578e-03,5.80516708e-03,6.85798666e-03,7.80623970e-03,8.62897333e-03,9.30495448e-03,9.81327776e-03,1.01340697e-02,1.02492161e-02,1.01440552e-02,9.80726859e-03,9.23101725e-03,8.41372138e-03,7.35969320e-03,6.07965021e-03,4.59087247e-03,2.91701032e-03,1.08752472e-03,-8.63232278e-04,-2.89722370e-03,-4.97426634e-03,-7.05362255e-03,-9.09563168e-03,-1.10632401e-02,-1.29233194e-02,-1.46476899e-02,-1.62138013e-02,-1.76050539e-02,-1.88107820e-02,-1.98259398e-02,-2.06505529e-02,-2.12889994e-02,-2.17491863e-02,-2.20416508e-02,-2.21784170e-02,-2.21757078e-02,-2.20445815e-02,-2.17993906e-02,-2.14532590e-02,-2.10181918e-02,-2.05048631e-02,-1.99224733e-02
-2.20607182e-02,-2.16549494e-02,-2.10456813e-02,-2.02440332e-02,-1.92630479e-02,-1.81174947e-02,-1.68236921e-02,-1.53993428e-02,-1.38633696e-02,-1.22357353e-02,-1.05372355e-02,-8.78925562e-03,-7.01348721e-03,-5.23160544e-03,-3.46491211e-03,-1.73395416e-03,-5.81307860e-05,1.54468861e-03,3.05853595e-03,4.46967312e-03,5.76684431e-03,6.94145450e-03,7.98765158e-03,8.90230058e-03,9.68484418e-03,1.03370499e-02,1.08626523e-02,1.12669044e-02,1.15560605e-02,1.17368159e-02,1.18157201e-02,1.17986806e-02,1.16911154e-02,1.14955590e-02,1.12136259e-02,1.08448967e-02,1.03870345e-02,9.83598601e-03,9.18633600e-03,8.43181190e-03,7.56592218e-03,6.58269929e-03,5.47750818e-03,4.24787217e-03,2.89425986e-03,1.42077176e-03,-1.64334856e-04,-1.84833031e-03,-3.61397460e-03,-5.43976493e-03,-7.30045796e-03,-9.16785601e-03,-1.10117985e-02,-1.28012837e-02,-1.45056323e-02,-1.60956042e-02,-1.75443860e-02,-1.88283876e-02,-1.99278098e-02,-2.08269713e-02,-2.15144009e-02,-2.19826922e-02,-2.22278592e-02,-2.22539622e-02
-4.01985399e-03,-4.54173369e-03,-5.03428740e-03,-5.49034849e-03,-5.90196647e-03,-6.26086231e-03,-6.55893776e-03,-6.78878925e-03,-6.94417354e-03,-7.02035132e-03,-7.01504530e-03,-6.92690876e-03,-6.75725759e-03,-6.50924099e-03,-6.18769497e-03,-5.79884492e-03,-5.34994478e-03,-4.84888756e-03,-4.30381744e-03,-3.72277025e-03,-3.11336533e-03,-2.48256656e-03,-1.83652479e-03,-1.18050827e-03,-5.18921457e-04,1.44593011e-04,8.06979476e-04,1.46553913e-03,2.11766214e-03,2.76054638e-03,3.39092777e-03,4.00484701e-03,4.59747619e-03,5.16302550e-03,5.69474546e-03,6.18503343e-03,6.62564577e-03,7.00800880e-03,7.32361259e-03,7.56446360e-03,7.72356327e-03,7.79536600e-03,7.77624422e-03,7.66523971e-03,7.46293016e-03,7.17295770e-03,6.80130309e-03,6.35606472e-03,5.84703916e-03,5.28517506e-03,4.68195068e-03,4.04873071e-03,3.39616137e-03,2.73365967e-03,2.06904315e-03,1.40833194e-03,7.55737194e-04,1.13830313e-04,-5.16130221e-04,-1.13375358e-03,-1.73900203e-03,-2.33166297e-03,-2.91086321e-03,-3.47467504e-03
1.40619931e-02,1.49337382e-02,1.56781912e-02,1.62936299e-02,1.67801587e-02,1.71395420e-02,1.73750133e-02,1.74910399e-02,1.74927900e-02,1.73885407e-02,1.71832988e-02,1.68846316e-02,1.64998066e-02,1.60358025e-02,1.54991141e-02,1.48955691e-02,1.42301938e-02,1.35071406e-02,1.27296855e-02,1.19002964e-02,1.10207687e-02,1.00924197e-02,9.11633123e-03,8.09362537e-03,7.02576015e-03,5.91483056e-03,4.76386244e-03,3.57708785e-03,2.36019138e-03,1.12051712e-03,-1.32774653e-04,-1.38860975e-03,-2.63398620e-03,-3.85404976e-03,-5.03226860e-03,-6.15072304e-03,-7.19051094e-03,-8.13226250e-03,-8.95674786e-03,-9.64554929e-03,-1.01817585e-02,-1.05506370e-02,-1.07399665e-02,-1.07432917e-02,-1.05539332e-02,-1.01716125e-02,-9.59983349e-03,-8.84607245e-03,-7.92156547e-03,-6.84093838e-03,-5.62172718e-03,-4.28382258e-03,-2.84887063e-03,-1.33965915e-03,2.20484095e-04,1.80825084e-03,3.40088457e-03,4.97663677e-03,6.51514661e-03,7.99775199e-03,9.40772629e-03,1.07304438e-02,1.19534790e-02,1.30666472e-02
1.17299486e-02,1.02108605e-02,8.75406631e-03,7.37593834e-03,6.08802828e-03,4.89727812e-03,3.80648267e-03,2.81493593e-03,1.91918747e-03,1.11383812e-03,3.92313158e-04,-2.52434368e-04,-8.27322194e-04,-1.33865629e-03,-1.79176857e-03,-2.19076772e-03,-2.53838764e-03,-2.83591517e-03,-3.08317926e-03,-3.27858682e-03,-3.41919434e-03,-3.50079742e-03,-3.51825533e-03,-3.46528396e-03,-3.33497757e-03,-3.12003033e-03,-2.81302157e-03,-2.40677943e-03,-1.89477131e-03,-1.27150911e-03,-5.32950648e-04,3.23123317e-04,1.29677120e-03,2.38562645e-03,3.58469818e-03,4.88625376e-03,6.27978553e-03,7.75205804e-03,9.28723029e-03,1.08670451e-02,1.24710785e-02,1.40770418e-02,1.56611334e-02,1.71984372e-02,1.86633706e-02,2.00301820e-02,2.12735037e-02,2.23689589e-02,2.32938212e-02,2.40277157e-02,2.45533388e-02,2.48571393e-02,2.49296453e-02,2.47701865e-02,2.43783222e-02,2.37610385e-02,2.29320031e-02,2.19102611e-02,2.07197733e-02,1.93885544e-02,1.79475329e-02,1.64292229e-02,1.48663055e-02,1.32902309e-02
-7.26636219e-03,-8.50896923e-03,-9.87737737e-03,-1.13576108e-02,-1.29346610e-02,-1.45926623e-02,-1.63150966e-02,-1.80850228e-02,-1.98853161e-02,-2.16989020e-02,-2.35089694e-02,-2.52991479e-02,-2.70536400e-02,-2.87573057e-02,-3.03957017e-02,-3.19550874e-02,-3.34224092e-02,-3.47852832e-02,-3.60319895e-02,-3.71514936e-02,-3.81335013e-02,-3.89685506e-02,-3.96481313e-02,-4.01648136e-02,-4.05122884e-02,-4.06847483e-02,-4.06858297e-02,-4.05072015e-02,-4.01507734e-02,-3.96189927e-02,-3.89159860e-02,-3.80476285e-02,-3.70215014e-02,-3.58468079e-02,-3.45342695e-02,-3.30960137e-02,-3.15454570e-02,-2.98971890e-02,-2.81668563e-02,-2.63710443e-02,-2.45271544e-02,-2.26532702e-02,-2.07680084e-02,-1.88903503e-02,-1.70394511e-02,-1.52344252e-02,-1.34941114e-02,-1.18368204e-02,-1.02800735e-02,-8.84034027e-03,-7.53278781e-03,-6.37105078e-03,-5.36703468e-03,-4.53076027e-03,-3.87025569e-03,-3.39150037e-03,-3.09843144e-03,-2.99278974e-03,-3.07440374e-03,-3.34146223e-03,-3.79011306e-03,-4.41482835e-03,-5.20846813e-03,-6.16235738e-03
-9.93990923e-03,-8.39183220e-03,-6.92086352e-03,-5.54693902e-03,-4.28691795e-03,-3.15435906e-03,-2.15934928e-03,-1.30838981e-03,-6.04346215e-04,-4.64708356e-05,3.69490727e-04,6.51110089e-04,8.08987086e-04,8.56350241e-04,8.08599451e-04,6.82614974e-04,4.96136088e-04,2.67030048e-04,1.24711159e-05,-2.51857733e-04,-5.12538399e-04,-7.59122428e-04,-9.84725394e-04,-1.18647672e-03,-1.36579274e-03,-1.52844912e-03,-1.68443724e-03,-1.84759832e-03,-2.03503788e-03,-2.26633005e-03,-2.56253012e-03,-2.94502376e-03,-3.43425221e-03,-4.04836413e-03,-4.80185745e-03,-5.70428742e-03,-6.75912747e-03,-7.96287589e-03,-9.30449932e-03,-1.07652914e-02,-1.23192004e-02,-1.39336437e-02,-1.55707806e-02,-1.71891711e-02,-1.87457013e-02,-2.01976297e-02,-2.15045927e-02,-2.26304189e-02,-2.35446194e-02,-2.42234543e-02,-2.46504366e-02,-2.48179705e-02,-2.47269505e-02,-2.43802766e-02,-2.37908466e-02,-2.29765524e-02,-2.19596788e-02,-2.07659704e-02,-1.94236855e-02,-1.79627013e-02,-1.64136929e-02,-1.48073967e-02,-1.31739576e-02,-1.15423564e-02
7.09838472e-03,8.73904139e-03,1.03019151e-02,1.17588868e-02,1.30853928e-02,1.42610508e-02,1.52701768e-02,1.61021691e-02,1.67517322e-02,1.72189161e-02,1.75089465e-02,1.76318054e-02,1.76018541e-02,1.74380184e-02,1.71590225e-02,1.67870388e-02,1.63445106e-02,1.58533180e-02,1.53338589e-02,1.48042387e-02,1.42796278e-02,1.37718098e-02,1.32889290e-02,1.28354273e-02,1.24121508e-02,1.20165984e-02,1.16432811e-02,1.12841621e-02,1.09291509e-02,1.05666316e-02,1.01840119e-02,9.76828487e-03,9.30660489e-03,8.78687582e-03,8.19835401e-03,7.53226237e-03,6.78240643e-03,5.94577430e-03,5.02309233e-03,4.01929831e-03,2.94388624e-03,1.81107313e-03,6.39740987e-04,-5.46882764e-04,-1.72181171e-03,-2.85520031e-03,-3.91545326e-03,-4.87052736e-03,-5.68933530e-03,-6.34315350e-03,-6.80692453e-03,-7.06023735e-03,-7.08991667e-03,-6.88664701e-03,-6.44902364e-03,-5.78218009e-03,-4.89753230e-03,-3.81229547e-03,-2.54880045e-03,-1.13367922e-03,4.03031287e-04,2.02881012e-03,3.70963280e-03,5.41090725e-03
1.86579272e-03,2.26186463e-03,2.69667499e-03,3.17591253e-03,3.70404040e-03,4.28387276e-03,4.91629938e-03,5.60016644e-03,6.33230814e-03,7.10771064e-03,7.91978069e-03,8.76068373e-03,9.62171368e-03,1.04936564e-02,1.13671122e-02,1.22327493e-02,1.30814684e-02,1.39044693e-02,1.46932199e-02,1.54393427e-02,1.61344399e-02,1.67698904e-02,1.73366563e-02,1.78251383e-02,1.82251204e-02,1.85258345e-02,1.87161621e-02,1.87849170e-02,1.87222603e-02,1.85193356e-02,1.81681318e-02,1.76644681e-02,1.70076793e-02,1.62013766e-02,1.52539569e-02,1.41788404e-02,1.29943900e-02,1.17234829e-02,1.03927376e-02,9.03143332e-03,7.67019680e-03,6.33955375e-03,5.06846371e-03,3.88295540e-03,2.80496974e-03,1.85149311e-03,1.03403260e-03,3.58450789e-04,-1.74853873e-04,-5.70455083e-04,-8.37175826e-04,-9.87165305e-04,-1.03491329e-03,-9.96110505e-04,-8.86646033e-04,-7.21698970e-04,-5.14877082e-04,-2.77562830e-04,-1.84506476e-05,2.56705385e-04,5.45129512e-04,8.46854657e-04,1.16436635e-03,1.50209407e-03
4.37403335e-02,4.44387331e-02,4.50748617e-02,4.56319539e-02,4.60941710e-02,4.64469422e-02,4.66772584e-02,4.67738008e-02,4.67284290e-02,4.65373888e-02,4.61940328e-02,4.56985156e-02,4.50540215e-02,4.42671993e-02,4.33483434e-02,4.23114245e-02,4.11739753e-02,3.99568183e-02,3.86836204e-02,3.73802779e-02,3.60741421e-02,3.47931183e-02,3.35646820e-02,3.24148662e-02,3.13672823e-02,3.04422329e-02,2.96559716e-02,2.90201517e-02,2.85414943e-02,2.82216990e-02,2.80576280e-02,2.80420720e-02,2.81595827e-02,2.83981178e-02,2.87391391e-02,2.91625396e-02,2.96474003e-02,3.01728009e-02,3.07186833e-02,3.12666788e-02,3.18008520e-02,3.23083291e-02,3.27797777e-02,3.32097114e-02,3.35965980e-02,3.39427574e-02,3.42540483e-02,3.45393569e-02,3.48099144e-02,3.50784865e-02,3.53584912e-02,3.56630989e-02,3.60043725e-02,3.63924975e-02,3.68351454e-02,3.73370070e-02,3.78995105e-02,3.85207265e-02,3.91954457e-02,3.99154059e-02,4.06696370e-02,4.14448900e-02,4.22261178e-02,4.29969780e-02
1.18429877e-02,1.07885996e-02,9.75858433e-03,8.77136658e-03,7.84660881e-03,7.00434964e-03,6.26410038e-03,5.64396822e-03,5.15986831e-03,4.82487442e-03,4.64874717e-03,4.63773206e-03,4.79350387e-03,5.11540347e-03,5.59848870e-03,6.23469856e-03,7.01317199e-03,7.92067134e-03,8.94204237e-03,1.00606818e-02,1.12589947e-02,1.25188278e-02,1.38218710e-02,1.51500185e-02,1.64856855e-02,1.78120770e-02,1.91134063e-02,2.03750631e-02,2.15837326e-02,2.27274675e-02,2.37957202e-02,2.47793408e-02,2.56705515e-02,2.64629069e-02,2.71512505e-02,2.77316783e-02,2.82015143e-02,2.85593021e-02,2.88048107e-02,2.89390321e-02,2.89639833e-02,2.88853776e-02,2.87064108e-02,2.84331759e-02,2.80730361e-02,2.76341308e-02,2.71251538e-02,2.65550157e-02,2.59324463e-02,2.52655762e-02,2.45615326e-02,2.38260944e-02,2.30634446e-02,2.22760567e-02,2.14647399e-02,2.06288545e-02,1.97666948e-02,1.88760166e-02,1.79546747e-02,1.70013189e-02,1.60160907e-02,1.50012556e-02,1.39617108e-02,1.29053130e-02
2.63836956e-02,2.46341385e-02,2.29143575e-02,2.12659325e-02,1.97301754e-02,1.83462433e-02,1.71493979e-02,1.61695387e-02,1.54301033e-02,1.49473934e-02,1.47303849e-02,1.47806870e-02,1.50906354e-02,1.56513075e-02,1.64453970e-02,1.74515800e-02,1.86451853e-02,1.99990862e-02,2.14845601e-02,2.30720674e-02,2.47319392e-02,2.64349701e-02,2.81529274e-02,2.98589846e-02,3.15280953e-02,3.31373179e-02,3.46661016e-02,3.60965413e-02,3.74136035e-02,3.86053205e-02,3.96629473e-02,4.05810689e-02,4.13576448e-02,4.19939739e-02,4.24945624e-02,4.28668842e-02,4.31210244e-02,4.32692095e-02,4.33251904e-02,4.33042579e-02,4.32218492e-02,4.30909243e-02,4.29248771e-02,4.27349021e-02,4.25295540e-02,4.23143047e-02,4.20912235e-02,4.18588186e-02,4.16120516e-02,4.13425284e-02,4.10388621e-02,4.06872008e-02,4.02719105e-02,3.97764022e-02,3.91840827e-02,3.84794050e-02,3.76489819e-02,3.66827161e-02,3.55748893e-02,3.43251400e-02,3.29392508e-02,3.14296641e-02,2.98156494e-02,2.81230669e-02
2.32575003e-02,2.44150297e-02,2.55864867e-02,2.67743797e-02,2.79805275e-02,2.92056874e-02,3.04492110e-02,3.17087338e-02,3.29799063e-02,3.42561713e-02,3.55285923e-02,3.67857384e-02,3.80136316e-02,3.91957647e-02,4.03131999e-02,4.13447600e-02,4.22673287e-02,4.30562716e-02,4.36859913e-02,4.41306087e-02,4.43646659e-02,4.43623620e-02,4.41143899e-02,4.35940585e-02,4.27919675e-02,4.17041491e-02,4.03341520e-02,3.86940341e-02,3.68048128e-02,3.46963887e-02,3.24069000e-02,2.99814998e-02,2.74706114e-02,2.49277776e-02,2.24072762e-02,1.99617009e-02,1.76397143e-02,1.54841494e-02,1.35305895e-02,1.18064944e-02,1.03308752e-02,9.11446613e-03,8.16030601e-03,7.46461694e-03,7.01787199e-03,6.80596227e-03,6.81151148e-03,7.01329438e-03,7.39120406e-03,7.92302170e-03,8.58693991e-03,9.36195956e-03,1.02283514e-02,1.11680270e-02,1.21648173e-02,1.32046657e-02,1.42757437e-02,1.53684930e-02,1.64756004e-02,1.75919058e-02,1.87142492e-02,1.98412584e-02,2.09730844e-02,2.21110897e-02
7.93272594e-05,-5.74494597e-04,-1.13696972e-03,-1.59957877e-03,-1.95768626e-03,-2.21043697e-03,-2.36049802e-03,-2.41375606e-03,-2.37876479e-03,-2.26618535e-03,-2.08843960e-03,-1.85906053e-03,-1.59217055e-03,-1.30197106e-03,-1.00225851e-03,-7.05973605e-04,-4.24788849e-04,-1.68740097e-04,5.40910916e-05,2.37835251e-04,3.79026755e-04,4.76715139e-04,5.32489389e-04,5.50407632e-04,5.36835991e-04,5.00165410e-04,4.50462709e-04,3.99039952e-04,3.57945937e-04,3.39423709e-04,3.55346134e-04,4.16658453e-04,5.32872439e-04,7.11579708e-04,9.58065292e-04,1.27500158e-03,1.66224043e-03,2.11670840e-03,2.63240589e-03,3.20050809e-03,3.80956276e-03,4.44577887e-03,5.09339866e-03,5.73514556e-03,6.35273943e-03,6.92746973e-03,7.44081527e-03,7.87509675e-03,8.21414409e-03,8.44395473e-03,8.55330293e-03,8.53429340e-03,8.38378904e-03,8.10112873e-03,7.69101260e-03,7.16236638e-03,6.52821485e-03,5.80525837e-03,5.01324161e-03,4.17415200e-03,3.31129465e-03,2.44830113e-03,1.60813580e-03,8.12162398e-04
1.51207776e-02,1.51613992e-02,1.51133977e-02,1.49850676e-02,1.47850463e-02,1.45221442e-02,1.42044461e-02,1.38389441e-02,1.34312355e-02,1.29853348e-02,1.25036185e-02,1.19869022e-02,1.14346393e-02,1.08452237e-02,1.02163680e-02,9.54553020e-03,8.83035661e-03,8.06911436e-03,7.26108803e-03,6.40692088e-03,5.50888589e-03,4.57107724e-03,3.59951682e-03,2.60217438e-03,1.58890267e-03,5.71291027e-04,-4.37557006e-04,-1.42330901e-03,-2.37076516e-03,-3.26425319e-03,-4.08806158e-03,-4.82689191e-03,-5.46631186e-03,-5.99319005e-03,-6.39609231e-03,-6.66561121e-03,-6.79459712e-03,-6.77936127e-03,-6.61718154e-03,-6.30902207e-03,-5.85836144e-03,-5.27118016e-03,-4.55579121e-03,-3.72261289e-03,-2.78390441e-03,-1.75347833e-03,-6.46401638e-04,5.21305449e-04,1.73295822e-03,2.97151156e-03,4.21983188e-03,5.46096683e-03,6.67840915e-03,7.85635657e-03,8.97996984e-03,1.00356290e-02,1.10111853e-02,1.18962029e-02,1.26821808e-02,1.33627398e-02,1.39337616e-02,1.43934593e-02,1.47423656e-02,1.49832248e-02
-1.47246487e-02,-1.44278614e-02,-1.41183124e-02,-1.38017505e-02,-1.34833130e-02,-1.31673853e-02,-1.28574912e-02,-1.25562190e-02,-1.22651869e-02,-1.19850521e-02,-1.17155642e-02,-1.14556626e-02,-1.12036160e-02,-1.09571980e-02,-1.07138925e-02,-1.04711183e-02,-1.02264624e-02,-9.97790961e-03,-9.72405579e-03,-9.46429188e-03,-9.19894869e-03,-8.92939284e-03,-8.65806804e-03,-8.38847836e-03,-8.12511384e-03,-7.87332151e-03,-7.63912827e-03,-7.42902415e-03,-7.24971670e-03,-7.10786909e-03,-7.00983838e-03,-6.96143398e-03,-6.96724842e-03,-7.03151132e-03,-7.15681481e-03,-7.34442506e-03,-7.59414426e-03,-7.90425746e-03,-8.27153358e-03,-8.69127729e-03,-9.15742919e-03,-9.66271050e-03,-1.01988073e-02,-1.07565884e-02,-1.13263490e-02,-1.18980723e-02,-1.24617000e-02,-1.30074018e-02,-1.35258346e-02,-1.40083820e-02,-1.44473671e-02,-1.48362296e-02,-1.51696653e-02,-1.54437214e-02,-1.56558473e-02,-1.58048977e-02,-1.58910645e-02,-1.59162757e-02,-1.58831211e-02,-1.57952575e-02,-1.56575003e-02,-1.54753620e-02,-1.52548916e-02,-1.50024785e-02
6.44611007e-03,6.83589649e-03,7.10350616e-03,7.25647628e-03,7.30390995e-03,7.25611329e-03,7.12319555e-03,6.91462887e-03,6.63882237e-03,6.30228674e-03,5.90923627e-03,5.46137093e-03,4.95788050e-03,4.39567920e-03,3.76985844e-03,3.07432801e-03,2.30260038e-03,1.44866088e-03,5.07858228e-04,-5.22253695e-04,-1.64118613e-03,-2.84497364e-03,-4.12585107e-03,-5.47218922e-03,-6.86869726e-03,-8.29687748e-03,-9.73569532e-03,-1.11624076e-02,-1.25534786e-02,-1.38855076e-02,-1.51360968e-02,-1.62845971e-02,-1.73126913e-02,-1.82047912e-02,-1.89482491e-02,-1.95333989e-02,-1.99534454e-02,-2.02041648e-02,-2.02851076e-02,-2.01968555e-02,-1.99411650e-02,-1.95227477e-02,-1.89477871e-02,-1.82239523e-02,-1.73603441e-02,-1.63674541e-02,-1.52571333e-02,-1.40425597e-02,-1.27381880e-02,-1.13596730e-02,-9.92375366e-03,-8.44809295e-03,-6.95106824e-03,-5.45151198e-03,-3.96840352e-03,-2.52051677e-03,-1.12603097e-03,1.97884830e-04,1.43549241e-03,2.57291723e-03,3.59854131e-03,4.50333979e-03,5.28114070e-03,5.92877748e-03
-2.21261923e-02,-2.07607708e-02,-1.93576258e-02,-1.79154314e-02,-1.64328638e-02,-1.49093158e-02,-1.33455413e-02,-1.17441948e-02,-1.01102397e-02,-8.45120896e-03,-6.77731249e-03,-5.10139441e-03,-3.43875119e-03,-1.80682803e-03,-2.24814680e-04,1.28682990e-03,2.70691029e-03,4.01406801e-03,5.18733315e-03,6.20666350e-03,7.05344110e-03,7.71090735e-03,8.16451989e-03,8.40220605e-03,8.41430451e-03,8.19611760e-03,7.74224722e-03,7.05219073e-03,6.12807432e-03,4.97482533e-03,3.60022900e-03,2.01501411e-03,2.32993057e-04,-1.72874181e-03,-3.84961443e-03,-6.10542031e-03,-8.46823486e-03,-1.09065040e-02,-1.33853642e-02,-1.58672362e-02,-1.83127105e-02,-2.06816997e-02,-2.29347992e-02,-2.50347580e-02,-2.69479427e-02,-2.86456677e-02,-3.01052780e-02,-3.13108927e-02,-3.22537520e-02,-3.29321371e-02,-3.33507994e-02,-3.35212425e-02,-3.34623642e-02,-3.31893880e-02,-3.27253191e-02,-3.20937451e-02,-3.13182371e-02,-3.04213714e-02,-2.94238635e-02,-2.83438898e-02,-2.71966265e-02,-2.59940141e-02,-2.47447475e-02,-2.34544763e-02
1.84016528e-02,1.72458135e-02,1.60601330e-02,1.48612255e-02,1.36659233e-02,1.24909540e-02,1.13526053e-02,1.02663812e-02,9.24666511e-03,8.30640085e-03,7.45680776e-03,6.70714546e-03,6.06454062e-03,5.53388606e-03,5.11781753e-03,4.81676923e-03,4.62910533e-03,4.55132618e-03,4.57825839e-03,4.70323300e-03,4.91901405e-03,5.21736596e-03,5.58973233e-03,6.02751361e-03,6.52234570e-03,7.06634496e-03,7.65230918e-03,8.27386807e-03,8.92557931e-03,9.60296755e-03,1.03025063e-02,1.10215437e-02,1.17581766e-02,1.25110764e-02,1.32792773e-02,1.40619338e-02,1.48580611e-02,1.56662718e-02,1.64845217e-02,1.73098819e-02,1.81383508e-02,1.89647181e-02,1.97824939e-02,2.05839086e-02,2.13599886e-02,2.21007076e-02,2.27952084e-02,2.34320864e-02,2.39997218e-02,2.44866453e-02,2.48819173e-02,2.51755003e-02,2.53585956e-02,2.54238437e-02,2.53667173e-02,2.51842257e-02,2.48742459e-02,2.44381306e-02,2.38793484e-02,2.32035262e-02,2.24183612e-02,2.15334761e-02,2.05602390e-02,1.95115575e-02
1.76317808e-02,1.77252176e-02,1.78333277e-02,1.79539868e-02,1.80833660e-02,1.82159468e-02,1.83446615e-02,1.84611556e-02,1.85561655e-02,1.86199876e-02,1.86429880e-02,1.86165592e-02,1.85332966e-02,1.83872422e-02,1.81751713e-02,1.78966205e-02,1.75541688e-02,1.71535310e-02,1.67034617e-02,1.62154656e-02,1.57033222e-02,1.51824482e-02,1.46691360e-02,1.41797171e-02,1.37297104e-02,1.33330170e-02,1.30012176e-02,1.27430244e-02,1.25639226e-02,1.24660251e-02,1.24481985e-02,1.25054792e-02,1.26314926e-02,1.28171813e-02,1.30519747e-02,1.33245323e-02,1.36233784e-02,1.39374973e-02,1.42568394e-02,1.45727088e-02,1.48780169e-02,1.51673946e-02,1.54371716e-02,1.56852386e-02,1.59108180e-02,1.61141754e-02,1.62963065e-02,1.64586335e-02,1.66027403e-02,1.67301732e-02,1.68423171e-02,1.69403558e-02,1.70253087e-02,1.70981288e-02,1.71598421e-02,1.72116991e-02,1.72553130e-02,1.72927556e-02,1.73265911e-02,1.73598310e-02,1.73958072e-02,1.74379674e-02,1.74896041e-02,1.75535376e-02
7.76187750e-03,8.87373108e-03,9.95960273e-03,1.10097963e-02,1.20142330e-02,1.29624274e-02,1.38434722e-02,1.46460479e-02,1.53584759e-02,1.59688311e-02,1.64651271e-02,1.68355788e-02,1.70689351e-02,1.71548068e-02,1.70850257e-02,1.68532084e-02,1.64540634e-02,1.58864090e-02,1.51522990e-02,1.42574054e-02,1.32111763e-02,1.20268079e-02,1.07210337e-02,9.31373156e-03,7.82736854e-03,6.28631221e-03,4.71604899e-03,3.14235589e-03,1.59047448e-03,8.43335104e-05,-1.35413308e-03,-2.70555930e-03,-3.95357816e-03,-5.08508214e-03,-6.09033519e-03,-6.96293541e-03,-7.69964303e-03,-8.30009341e-03,-8.76641860e-03,-9.10280199e-03,-9.31498246e-03,-9.40976415e-03,-9.39530033e-03,-9.27850776e-03,-9.06703941e-03,-8.76795845e-03,-8.38763861e-03,-7.93166120e-03,-7.40479208e-03,-6.81103831e-03,-6.15377316e-03,-5.43591295e-03,-4.66012634e-03,-3.82905587e-03,-2.94553212e-03,-2.01276352e-03,-1.03448889e-03,-1.50844580e-05,1.04037586e-03,2.12610816e-03,3.23564572e-03,4.36189090e-03,5.49718371e-03,6.63337286e-03
-3.83976451e-02,-3.82746130e-02,-3.80753186e-02,-3.77977204e-02,-3.74395614e-02,-3.69987804e-02,-3.64739474e-02,-3.58646935e-02,-3.51721026e-02,-3.43990328e-02,-3.35503413e-02,-3.26329952e-02,-3.16560572e-02,-3.06305454e-02,-2.95691756e-02,-2.84860004e-02,-2.73959663e-02,-2.63144168e-02,-2.52565701e-02,-2.42370040e-02,-2.32691813e-02,-2.23650436e-02,-2.15347030e-02,-2.07862503e-02,-2.01256932e-02,-1.95570262e-02,-1.90824253e-02,-1.87025474e-02,-1.84169077e-02,-1.82243093e-02,-1.81233834e-02,-1.81113709e-02,-1.81881755e-02,-1.83528444e-02,-1.86049738e-02,-1.89445544e-02,-1.93716979e-02,-1.98862824e-02,-2.04875372e-02,-2.11736049e-02,-2.19411305e-02,-2.27849259e-02,-2.36977488e-02,-2.46702311e-02,-2.56909718e-02,-2.67467974e-02,-2.78231726e-02,-2.89047320e-02,-2.99758874e-02,-3.10214606e-02,-3.20272883e-02,-3.29807482e-02,-3.38711657e-02,-3.46900728e-02,-3.54313039e-02,-3.60909297e-02,-3.66670439e-02,-3.71594290e-02,-3.75691365e-02,-3.78980188e-02,-3.81482541e-02,-3.83218878e-02,-3.84203599e-02,-3.84458304e-02
3.72574678e-02,3.69139816e-02,3.65594583e-02,3.62046936e-02,3.58576966e-02,3.55232040e-02,3.52024166e-02,3.48929779e-02,3.45891999e-02,3.42825208e-02,3.39621654e-02,3.36159658e-02,3.32312951e-02,3.27960583e-02,3.22996850e-02,3.17340586e-02,3.10943234e-02,3.03795126e-02,2.95929480e-02,2.87423800e-02,2.78398479e-02,2.69012651e-02,2.59457531e-02,2.49947701e-02,2.40710985e-02,2.31977658e-02,2.23969795e-02,2.16891518e-02,2.10920764e-02,2.06203054e-02,2.02847519e-02,2.00925364e-02,2.00471995e-02,2.01468290e-02,2.03890070e-02,2.07676231e-02,2.12738168e-02,2.18969573e-02,2.26250260e-02,2.34449991e-02,2.43431756e-02,2.53054356e-02,2.63174304e-02,2.73647145e-02,2.84328324e-02,2.95073793e-02,3.05740550e-02,3.16187308e-02,3.26275462e-02,3.35870504e-02,3.44843976e-02,3.53075988e-02,3.60458274e-02,3.66897655e-02,3.72319716e-02,3.76672430e-02,3.79929366e-02,3.82092020e-02,3.83190476e-02,3.83278596e-02,3.82477575e-02,3.80867341e-02,3.78583323e-02,3.75769999e-02
-9.60383238e-03,-1.01775184e-02,-1.07954138e-02,-1.14530563e-02,-1.21457923e-02,-1.28687584e-02,-1.36168940e-02,-1.43849878e-02,-1.51677552e-02,-1.59599345e-02,-1.67563866e-02,-1.75521776e-02,-1.83426253e-02,-1.91232916e-02,-1.98899127e-02,-2.06382653e-02,-2.13639804e-02,-2.20623258e-02,-2.27279858e-02,-2.33548731e-02,-2.39360083e-02,-2.44634958e-02,-2.49286167e-02,-2.53220460e-02,-2.56341833e-02,-2.58555508e-02,-2.59770619e-02,-2.59931979e-02,-2.58962683e-02,-2.56826622e-02,-2.53511331e-02,-2.49030009e-02,-2.43422676e-02,-2.36755526e-02,-2.29118960e-02,-2.20624563e-02,-2.11401303e-02,-2.01591242e-02,-1.91345049e-02,-1.80817561e-02,-1.70163601e-02,-1.59534218e-02,-1.49073449e-02,-1.38915653e-02,-1.29183440e-02,-1.19986161e-02,-1.11418929e-02,-1.03562090e-02,-9.64811078e-03,-9.02267825e-03,-8.48357584e-03,-8.03312774e-03,-7.67241443e-03,-7.40138817e-03,-7.21900860e-03,-7.12343581e-03,-7.11159239e-03,-7.18072445e-03,-7.32717947e-03,-7.54705000e-03,-7.83627738e-03,-8.19072756e-03,-8.60624406e-03,-9.07866886e-03
1.94295460e-02,2.11870510e-02,2.30970936e-02,2.51458898e-02,2.73198536e-02,2.96054640e-02,3.19891171e-02,3.44569734e-02,3.69948060e-02,3.95878580e-02,4.22207142e-02,4.48771944e-02,4.75402720e-02,5.01920237e-02,5.28136124e-02,5.53853074e-02,5.78865414e-02,6.02960072e-02,6.25917904e-02,6.47515392e-02,6.67526671e-02,6.85725870e-02,7.01889719e-02,7.15800391e-02,7.27248509e-02,7.36036195e-02,7.41979692e-02,7.44908918e-02,7.44650450e-02,7.41280576e-02,7.34540884e-02,7.24411442e-02,7.10896809e-02,6.94044133e-02,6.73951886e-02,6.50775290e-02,6.24730122e-02,5.96094700e-02,5.65209472e-02,5.32473649e-02,4.98338508e-02,4.63297242e-02,4.27871653e-02,3.92596374e-02,3.58001638e-02,3.24595905e-02,2.92849669e-02,2.63181698e-02,2.35948639e-02,2.11438545e-02,1.89868435e-02,1.71385605e-02,1.56072087e-02,1.43951462e-02,1.34997192e-02,1.29141707e-02,1.26285866e-02,1.26312428e-02,1.29047243e-02,1.34373279e-02,1.42127605e-02,1.52151691e-02,1.64289110e-02,1.78386721e-02
-1.32048390e-02,-1.37575643e-02,-1.42263322e-02,-1.46059376e-02,-1.48930989e-02,-1.50863324e-02,-1.51856387e-02,-1.51938023e-02,-1.51124541e-02,-1.49455203e-02,-1.46975259e-02,-1.43735064e-02,-1.39788813e-02,-1.35193444e-02,-1.30007846e-02,-1.24292339e-02,-1.18108361e-02,-1.11518314e-02,-1.04585486e-02,-9.73740158e-03,-8.99488533e-03,-8.23756983e-03,-7.47208870e-03,-6.70512211e-03,-5.94337273e-03,-5.19353323e-03,-4.46224430e-03,-3.75604157e-03,-3.08129035e-03,-2.44410742e-03,-1.85027060e-03,-1.30511818e-03,-8.13442642e-04,-3.79385270e-04,-6.34037737e-06,3.03119505e-04,5.47289798e-04,7.25338787e-04,8.37262707e-04,8.83789592e-04,8.66244013e-04,7.86376118e-04,6.46079937e-04,4.47277177e-04,1.91686348e-04,-1.19314422e-04,-4.84756529e-04,-9.04065464e-04,-1.37694673e-03,-1.90317849e-03,-2.48232490e-03,-3.11339521e-03,-3.79448302e-03,-4.52242570e-03,-5.29252474e-03,-6.09836418e-03,-6.93175520e-03,-7.78282257e-03,-8.64023323e-03,-9.49155192e-03,-1.03236947e-02,-1.11234412e-02,-1.18779601e-02,-1.25753048e-02
-2.79402339e-02,-2.87422897e-02,-2.95835472e-02,-3.04487120e-02,-3.13219295e-02,-3.21873923e-02,-3.30299369e-02,-3.38355927e-02,-3.45920434e-02,-3.52889758e-02,-3.59182977e-02,-3.64742206e-02,-3.69532131e-02,-3.73538410e-02,-3.76765161e-02,-3.79231814e-02,-3.80969530e-02,-3.82017233e-02,-3.82422514e-02,-3.82238758e-02,-3.81501393e-02,-3.80257082e-02,-3.78547213e-02,-3.76408748e-02,-3.73874304e-02,-3.70972513e-02,-3.67728667e-02,-3.64165538e-02,-3.60304278e-02,-3.56165277e-02,-3.51768925e-02,-3.47136189e-02,-3.42289013e-02,-3.37250510e-02,-3.32044992e-02,-3.26697871e-02,-3.21235490e-02,-3.15684952e-02,-3.10074001e-02,-3.04431012e-02,-2.98785129e-02,-2.93166568e-02,-2.87607096e-02,-2.82140644e-02,-2.76804029e-02,-2.71637714e-02,-2.66686520e-02,-2.62000220e-02,-2.57633887e-02,-2.53647935e-02,-2.50107741e-02,-2.47082792e-02,-2.44645323e-02,-2.42868549e-02,-2.41825230e-02,-2.41571652e-02,-2.42171775e-02,-2.43674246e-02,-2.46109305e-02,-2.49489172e-02,-2.53804702e-02,-2.59023215e-02,-2.65087398e-02,-2.71915416e-02
-1.22884153e-02,-1.15970797e-02,-1.09731875e-02,-1.04259120e-02,-9.96457928e-03,-9.59851325e-03,-9.33688664e-03,-9.18864403e-03,-9.16137029e-03,-9.26324393e-03,-9.50098598e-03,-9.88012506e-03,-1.04048200e-02,-1.10775318e-02,-1.18986797e-02,-1.28662759e-02,-1.39755546e-02,-1.52186239e-02,-1.65841770e-02,-1.80573069e-02,-1.96194686e-02,-2.12486286e-02,-2.29196300e-02,-2.46047848e-02,-2.62746788e-02,-2.78991552e-02,-2.94484164e-02,-3.08941679e-02,-3.22107209e-02,-3.33759703e-02,-3.43721767e-02,-3.51864979e-02,-3.58112377e-02,-3.62437778e-02,-3.64860793e-02,-3.65478197e-02,-3.64374007e-02,-3.61675023e-02,-3.57540774e-02,-3.52141614e-02,-3.45652816e-02,-3.38247895e-02,-3.30092735e-02,-3.21340862e-02,-3.12129988e-02,-3.02579856e-02,-2.92791303e-02,-2.82846448e-02,-2.72809832e-02,-2.62730336e-02,-2.52643671e-02,-2.42575243e-02,-2.32543195e-02,-2.22561460e-02,-2.12642667e-02,-2.02800795e-02,-1.93053464e-02,-1.83423834e-02,-1.73942042e-02,-1.64646204e-02,-1.55582964e-02,-1.46807623e-02,-1.38383883e-02,-1.30383252e-02
-6.75180836e-03,-6.63983192e-03,-6.33033155e-03,-5.83937589e-03,-5.18292775e-03,-4.37638154e-03,-3.43418801e-03,-2.36960287e-03,-1.19455828e-03,8.03519719e-05,1.44578354e-03,2.89347928e-03,4.41603886e-03,6.00663964e-03,7.65873801e-03,9.36576726e-03,1.11208498e-02,1.29165394e-02,1.47446051e-02,1.65958658e-02,1.84600799e-02,2.03258904e-02,2.21808241e-02,2.40113392e-02,2.58029143e-02,2.75401721e-02,2.92070283e-02,3.07868593e-02,3.22626821e-02,3.36173414e-02,3.48337028e-02,3.58948507e-02,3.67842920e-02,3.74861696e-02,3.79854800e-02,3.82682484e-02,3.83210877e-02,3.81393530e-02,3.77101566e-02,3.70275546e-02,3.60893637e-02,3.48967948e-02,3.34551254e-02,3.17742015e-02,2.98688212e-02,2.77589692e-02,2.54698553e-02,2.30317076e-02,2.04792899e-02,1.78511325e-02,1.51884922e-02,1.25340904e-02,9.93070345e-03,7.41970124e-03,5.03963936e-03,2.82500685e-03,8.05215471e-04,-9.96105779e-04,-2.56146711e-03,-3.87961641e-03,-4.94525099e-03,-5.75850756e-03,-6.32425653e-03,-6.65122895e-03
1.37574610e-02,1.31911833e-02,1.24012254e-02,1.13989526e-02,1.01979673e-02,8.81372219e-03,7.26310357e-03,5.56402977e-03,3.73509647e-03,1.79529438e-03,-2.36186189e-04,-2.34004996e-03,-4.49693574e-03,-6.68738379e-03,-8.89176576e-03,-1.10902293e-02,-1.32626855e-02,-1.53888694e-02,-1.74484902e-02,-1.94214769e-02,-2.12883068e-02,-2.30303923e-02,-2.46304894e-02,-2.60730886e-02,-2.73447488e-02,-2.84343407e-02,-2.93331795e-02,-3.00350322e-02,-3.05359847e-02,-3.08340714e-02,-3.09314561e-02,-3.08300840e-02,-3.05315673e-02,-3.00408447e-02,-2.93634906e-02,-2.85058144e-02,-2.74748282e-02,-2.62782523e-02,-2.49245734e-02,-2.34231439e-02,-2.17843097e-02,-2.00195467e-02,-1.81415896e-02,-1.61645374e-02,-1.41039223e-02,-1.19767319e-02,-9.80137990e-03,-7.59761996e-03,-5.38640373e-03,-3.18968437e-03,-1.03016908e-03,1.06897375e-03,3.08442712e-03,4.99313192e-03,6.77265666e-03,8.40160194e-03,9.86000945e-03,1.11297634e-02,1.21949714e-02,1.30423093e-02,1.36613143e-02,1.40445992e-02,1.41879038e-02,1.40911536e-02
1.37333970e-02,1.40738365e-02,1.44676344e-02,1.49001122e-02,1.53565626e-02,1.58229708e-02,1.62866938e-02,1.67370541e-02,1.71658117e-02,1.75674814e-02,1.79394733e-02,1.82820467e-02,1.85980771e-02,1.88926567e-02,1.91725542e-02,1.94455788e-02,1.97198956e-02,2.00033436e-02,2.03028063e-02,2.06236766e-02,2.09694478e-02,2.13414517e-02,2.17387493e-02,2.21581709e-02,2.25944852e-02,2.30406769e-02,2.34883018e-02,2.39278898e-02,2.43493670e-02,2.47424713e-02,2.50971395e-02,2.54038503e-02,2.56539112e-02,2.58396837e-02,2.59547360e-02,2.59938682e-02,2.59540169e-02,2.58329583e-02,2.56292169e-02,2.53433909e-02,2.49773035e-02,2.45340180e-02,2.40178114e-02,2.34341514e-02,2.27896841e-02,2.20922296e-02,2.13507793e-02,2.05754811e-02,1.97775975e-02,1.89694209e-02,1.81641281e-02,1.73755634e-02,1.66179420e-02,1.59054754e-02,1.52519288e-02,1.46701289e-02,1.41714513e-02,1.37653196e-02,1.34587545e-02,1.32560098e-02,1.31583409e-02,1.31640217e-02,1.32669011e-02,1.34602460e-02
1.76438314e-02,1.82117548e-02,1.88043334e-02,1.94259506e-02,2.00806068e-02,2.07715064e-02,2.15006924e-02,2.22687448e-02,2.30745529e-02,2.39151719e-02,2.47857611e-02,2.56796056e-02,2.65882097e-02,2.75014559e-02,2.84078146e-02,2.92945928e-02,3.01482096e-02,3.09544878e-02,3.16989525e-02,3.23671310e-02,3.29448516e-02,3.34185386e-02,3.37755035e-02,3.40042182e-02,3.40944679e-02,3.40389147e-02,3.38329010e-02,3.34708060e-02,3.29522558e-02,3.22797198e-02,3.14589287e-02,3.04990799e-02,2.94129072e-02,2.82166108e-02,2.69296271e-02,2.55742281e-02,2.41749468e-02,2.27578458e-02,2.13496586e-02,1.99768514e-02,1.86646617e-02,1.74361769e-02,1.63115155e-02,1.53071629e-02,1.44355036e-02,1.37045726e-02,1.31180317e-02,1.26753583e-02,1.23722223e-02,1.22010162e-02,1.21515400e-02,1.22109925e-02,1.23662405e-02,1.26035422e-02,1.29089603e-02,1.32693515e-02,1.36728250e-02,1.41091307e-02,1.45699417e-02,1.50490210e-02,1.55422730e-02,1.60476822e-02,1.65651499e-02,1.70962371e-02
-1.16647138e-02,-1.10749567e-02,-1.03246377e-02,-9.43662738e-03,-8.43890956e-03,-7.36357032e-03,-6.24570892e-03,-5.12229579e-03,-4.03099432e-03,-3.00895825e-03,-2.09161580e-03,-1.31145539e-03,-6.96836147e-04,-2.70857066e-04,-5.03313086e-05,-4.49244474e-05,-2.56514288e-04,-6.78885434e-04,-1.29772242e-03,-2.09103075e-03,-3.02996143e-03,-4.08002129e-03,-5.20260947e-03,-6.35678662e-03,-7.50115828e-03,-8.59574325e-03,-9.60370191e-03,-1.04928188e-02,-1.12366627e-02,-1.18153824e-02,-1.22161171e-02,-1.24329306e-02,-1.24685590e-02,-1.23292180e-02,-1.20284472e-02,-1.15849067e-02,-1.10214561e-02,-1.03643312e-02,-9.64226176e-03,-8.88557228e-03,-8.12527610e-03,-7.39216204e-03,-6.71587308e-03,-6.12397814e-03,-5.64104512e-03,-5.28773520e-03,-5.07997912e-03,-5.02766664e-03,-5.13511789e-03,-5.39979242e-03,-5.81211425e-03,-6.35571642e-03,-7.00784985e-03,-7.74016760e-03,-8.51985682e-03,-9.31106904e-03,-1.00765698e-02,-1.07795032e-02,-1.13851537e-02,-1.18625817e-02,-1.21860010e-02,-1.23359713e-02,-1.23018212e-02,-1.20770464e-02
-9.06906859e-03,-9.20451613e-03,-9.28302451e-03,-9.29613259e-03,-9.23605391e-03,-9.09695200e-03,-8.87477903e-03,-8.56739437e-03,-8.17472577e-03,-7.69891140e-03,-7.14442243e-03,-6.51815638e-03,-5.82948812e-03,-5.09026398e-03,-4.31472433e-03,-3.51934006e-03,-2.72254997e-03,-1.94438832e-03,-1.20599491e-03,-5.29005521e-04,6.51732555e-05,5.56185458e-04,9.25638926e-04,1.15805084e-03,1.24177535e-03,1.16993672e-03,9.41047562e-04,5.59445299e-04,3.56660684e-05,-6.13798890e-04,-1.36703830e-03,-2.19765577e-03,-3.07603216e-03,-3.97085651e-03,-4.85080521e-03,-5.68623605e-03,-6.45076036e-03,-7.12257002e-03,-7.68542401e-03,-8.12923641e-03,-8.45024714e-03,-8.65078736e-03,-8.73871192e-03,-8.72710688e-03,-8.63162230e-03,-8.47119880e-03,-8.26605066e-03,-8.03663018e-03,-7.80260014e-03,-7.58193305e-03,-7.39017352e-03,-7.23988486e-03,-7.14029414e-03,-7.09706869e-03,-7.11217791e-03,-7.18468992e-03,-7.31032189e-03,-7.48217319e-03,-7.69116899e-03,-7.92656582e-03,-8.17646515e-03,-8.42830646e-03,-8.66931951e-03,-8.88692356e-03
-1.30171477e-02,-1.24258115e-02,-1.18413829e-02,-1.12566274e-02,-1.06638239e-02,-1.00553005e-02,-9.42398439e-03,-8.76393987e-03,-8.07086936e-03,-7.34255486e-03,-6.57921859e-03,-5.78378704e-03,-4.96204716e-03,-4.12268861e-03,-3.27723059e-03,-2.43983556e-03,-1.62701513e-03,-8.57235009e-04,-1.50427029e-04,4.72580293e-04,9.90706178e-04,1.38333619e-03,1.63107355e-03,1.71651841e-03,1.62519131e-03,1.34611908e-03,8.72512829e-04,2.02615533e-04,-6.59952730e-04,-1.70590147e-03,-2.92025807e-03,-4.28258542e-03,-5.76749483e-03,-7.34543160e-03,-8.98370084e-03,-1.06476782e-02,-1.23021315e-02,-1.39125674e-02,-1.54465152e-02,-1.68746687e-02,-1.81718197e-02,-1.93175416e-02,-2.02966035e-02,-2.10991160e-02,-2.17204316e-02,-2.21608232e-02,-2.24249365e-02,-2.25221098e-02,-2.24647981e-02,-2.22660335e-02,-2.19424419e-02,-2.15115932e-02,-2.09915551e-02,-2.04003332e-02,-1.97553455e-02,-1.90729536e-02,-1.83680554e-02,-1.76537419e-02,-1.69410224e-02,-1.62386201e-02,-1.55528427e-02,-1.48875323e-02,-1.42440984e-02,-1.36216387e-02
2.46802164e-02,2.28773866e-02,2.11932469e-02,1.96506155e-02,1.82686161e-02,1.70623358e-02,1.60426595e-02,1.52162764e-02,1.45858433e-02,1.41502846e-02,1.39052105e-02,1.38435191e-02,1.39543437e-02,1.42271036e-02,1.46493411e-02,1.52074048e-02,1.58873990e-02,1.66755147e-02,1.75583517e-02,1.85231838e-02,1.95581615e-02,2.06524494e-02,2.17963025e-02,2.29810849e-02,2.41992346e-02,2.54441803e-02,2.67102171e-02,2.79923454e-02,2.92860832e-02,3.05872566e-02,3.18917781e-02,3.31954205e-02,3.44935952e-02,3.57811437e-02,3.70521495e-02,3.82997810e-02,3.95161698e-02,4.06923343e-02,4.18181523e-02,4.28823878e-02,4.38727766e-02,4.47761707e-02,4.55787429e-02,4.62662495e-02,4.68243451e-02,4.72389377e-02,4.74965448e-02,4.75843823e-02,4.74943735e-02,4.72181811e-02,4.67474026e-02,4.60794793e-02,4.52149273e-02,4.41578537e-02,4.29162332e-02,4.15020286e-02,3.99311712e-02,3.82233949e-02,3.64019179e-02,3.44929761e-02,3.25252151e-02,3.05289627e-02,2.85354093e-02,2.65757338e-02
-8.60142672e-03,-8.17207006e-03,-7.69163912e-03,-7.15384405e-03,-6.55266791e-03,-5.88278976e-03,-5.14001805e-03,-4.32171458e-03,-3.42718883e-03,-2.45804348e-03,-1.41845397e-03,-3.15368006e-04,8.41384017e-04,2.03907431e-03,3.26217850e-03,4.49256637e-03,5.70980113e-03,6.89154161e-03,8.01404482e-03,9.05276480e-03,9.98304104e-03,1.07808657e-02,1.14237130e-02,1.18914050e-02,1.21669688e-02,1.22373314e-02,1.20957829e-02,1.17389925e-02,1.11699843e-02,1.03982999e-02,9.43935238e-03,8.31405810e-03,7.04810505e-03,5.67093151e-03,4.21448329e-03,2.71183659e-03,1.19578728e-03,-3.02489595e-04,-1.75460414e-03,-3.13590850e-03,-4.42614106e-03,-5.60976598e-03,-6.67602553e-03,-7.61873585e-03,-8.43587758e-03,-9.12904079e-03,-9.70278405e-03,-1.01639622e-02,-1.05210674e-02,-1.07836168e-02,-1.09616064e-02,-1.10650329e-02,-1.11036371e-02,-1.10865011e-02,-1.10214049e-02,-1.09153583e-02,-1.07740792e-02,-1.06019337e-02,-1.04018740e-02,-1.01754049e-02,-9.92258215e-03,-9.64204833e-03,-9.33111187e-03,-8.98587661e-03
-2.73607899e-02,-2.54499809e-02,-2.35255044e-02,-2.16100666e-02,-1.97260009e-02,-1.78949644e-02,-1.61376126e-02,-1.44732554e-02,-1.29195066e-02,-1.14919366e-02,-1.02037496e-02,-9.06550290e-03,-8.08489152e-03,-7.26662140e-03,-6.61238967e-03,-6.12098807e-03,-5.78854049e-03,-5.60890945e-03,-5.57355868e-03,-5.67356126e-03,-5.89890465e-03,-6.23948717e-03,-6.68579035e-03,-7.22938570e-03,-7.86334279e-03,-8.58249520e-03,-9.38354202e-03,-1.02649760e-02,-1.12268416e-02,-1.22703387e-02,-1.33972963e-02,-1.46095490e-02,-1.59082573e-02,-1.72932138e-02,-1.87621822e-02,-2.03103147e-02,-2.19296924e-02,-2.36090267e-02,-2.53335519e-02,-2.70851273e-02,-2.88425535e-02,-3.05820896e-02,-3.22781440e-02,-3.39040943e-02,-3.54331823e-02,-3.68394254e-02,-3.80984822e-02,-3.91884218e-02,-4.00903498e-02,-4.07888542e-02,-4.12721889e-02,-4.15318415e-02,-4.15703993e-02,-4.13822157e-02,-4.09713987e-02,-4.03452379e-02,-3.95137036e-02,-3.84892906e-02,-3.72867191e-02,-3.59226265e-02,-3.44152755e-02,-3.27842834e-02,-3.10503723e-02,-2.92351318e-02
1.04470847e-02,7.66408387e-03,4.80309493e-03,1.91106262e-03,-9.63378576e-04,-3.77155751e-03,-6.46653341e-03,-9.00460937e-03,-1.13466320e-02,-1.34589983e-02,-1.53143256e-02,-1.68917839e-02,-1.81771141e-02,-1.91623771e-02,-1.98454616e-02,-2.02292397e-02,-2.03244369e-02,-2.01409173e-02,-1.96931544e-02,-1.89991281e-02,-1.80785757e-02,-1.69525974e-02,-1.56431921e-02,-1.41728290e-02,-1.25640672e-02,-1.08392191e-02,-9.02005430e-03,-7.12753806e-03,-5.18160286e-03,-3.20095165e-03,-1.20289402e-03,7.96781737e-04,2.78388745e-03,4.74589671e-03,6.67192800e-03,8.55268149e-03,1.03803203e-02,1.21482949e-02,1.38511134e-02,1.54840642e-02,1.70428997e-02,1.85234941e-02,1.99214905e-02,2.12319530e-02,2.24490435e-02,2.35657407e-02,2.45736187e-02,2.54627031e-02,2.62214192e-02,2.68366431e-02,2.72938646e-02,2.75774453e-02,2.76707921e-02,2.75594627e-02,2.72278110e-02,2.66601078e-02,2.58447198e-02,2.47730608e-02,2.34406984e-02,2.18482944e-02,2.00024025e-02,1.79160701e-02,1.56091755e-02,1.31084417e-02
-2.02834442e-02,-2.10232710e-02,-2.17444910e-02,-2.24397554e-02,-2.31035261e-02,-2.37320108e-02,-2.43230246e-02,-2.48757939e-02,-2.53907229e-02,-2.58691387e-02,-2.63130301e-02,-2.67247917e-02,-2.71069811e-02,-2.74620940e-02,-2.77923598e-02,-2.80995598e-02,-2.83848672e-02,-2.86487121e-02,-2.88906726e-02,-2.91093969e-02,-2.93025623e-02,-2.94668757e-02,-2.95981200e-02,-2.96912342e-02,-2.97402700e-02,-2.97405623e-02,-2.96844666e-02,-2.95661263e-02,-2.93798869e-02,-2.91208622e-02,-2.87852785e-02,-2.83707726e-02,-2.78766394e-02,-2.73040201e-02,-2.66560208e-02,-2.59377579e-02,-2.51563298e-02,-2.43207181e-02,-2.34416270e-02,-2.25312677e-02,-2.16030992e-02,-2.06715328e-02,-1.97516120e-02,-1.88586713e-02,-1.80079828e-02,-1.72143958e-02,-1.64919735e-02,-1.58536337e-02,-1.53108018e-02,-1.48730855e-02,-1.45479871e-02,-1.43406923e-02,-1.42536527e-02,-1.42860090e-02,-1.44359432e-02,-1.46978551e-02,-1.50638487e-02,-1.55238960e-02,-1.60661960e-02,-1.66776223e-02,-1.73442241e-02,-1.80517513e-02,-1.87861710e-02,-1.95341454e-02
-2.37622276e-02,-2.29199108e-02,-2.19772638e-02,-2.09406415e-02,-1.98172193e-02,-1.86149332e-02,-1.73424317e-02,-1.60090412e-02,-1.46247479e-02,-1.32001945e-02,-1.17466904e-02,-1.02762317e-02,-8.80152391e-03,-7.33600092e-03,-5.89383118e-03,-4.48990011e-03,-3.13975850e-03,-1.85952562e-03,-6.65736998e-04,4.24871939e-04,1.39563974e-03,2.23035867e-03,2.91369257e-03,3.43166222e-03,3.77217323e-03,3.92555120e-03,3.88512711e-03,3.64817425e-03,3.21483209e-03,2.58998589e-03,1.78267303e-03,8.06028683e-04,-3.23040845e-04,-1.58439454e-03,-2.95541924e-03,-4.41191353e-03,-5.92905257e-03,-7.48236323e-03,-9.04862740e-03,-1.06066428e-02,-1.21377862e-02,-1.36263444e-02,-1.50596069e-02,-1.64277332e-02,-1.77234348e-02,-1.89415224e-02,-2.00783778e-02,-2.11314128e-02,-2.20985665e-02,-2.29778864e-02,-2.37672192e-02,-2.44640274e-02,-2.50653273e-02,-2.55677370e-02,-2.59676074e-02,-2.62612018e-02,-2.64448453e-02,-2.65158818e-02,-2.64726576e-02,-2.63120391e-02,-2.60334993e-02,-2.56373508e-02,-2.51249536e-02,-2.44987463e-02
6.72053307e-03,7.18772001e-03,7.59205584e-03,7.93308830e-03,8.21056542e-03,8.42426194e-03,8.57378684e-03,8.65838462e-03,8.67671899e-03,8.62717814e-03,8.50683139e-03,8.31221638e-03,8.03928927e-03,7.68354466e-03,7.24033060e-03,6.70524692e-03,6.07461767e-03,5.34601197e-03,4.51877881e-03,3.59455478e-03,2.57770091e-03,1.47562522e-03,2.98952647e-04,-9.38484428e-04,-2.21985164e-03,-3.52573161e-03,-4.83470300e-03,-6.12407010e-03,-7.37068880e-03,-8.55183196e-03,-9.64603473e-03,-1.06338638e-02,-1.14985639e-02,-1.22265467e-02,-1.28077040e-02,-1.32355353e-02,-1.35070749e-02,-1.36229141e-02,-1.35877054e-02,-1.34065326e-02,-1.30882808e-02,-1.26434640e-02,-1.20839128e-02,-1.14223447e-02,-1.06719555e-02,-9.84605793e-03,-8.95777653e-03,-8.01980373e-03,-7.04421787e-03,-6.04236038e-03,-5.02476675e-03,-4.00114364e-03,-2.98038264e-03,-1.97060034e-03,-9.79193514e-04,-1.28991777e-05,9.22148620e-04,1.82037626e-03,2.67674385e-03,3.48673339e-03,4.24635349e-03,4.95215387e-03,5.60124185e-03,6.19129119e-03
2.74228912e-02,2.87248658e-02,3.00194655e-02,3.12795037e-02,3.24774749e-02,3.35862479e-02,3.45797508e-02,3.54336445e-02,3.61259785e-02,3.66378182e-02,3.69538043e-02,3.70624114e-02,3.69595952e-02,3.66442676e-02,3.61181973e-02,3.53914378e-02,3.44791407e-02,3.34014790e-02,3.21831689e-02,3.08527258e-02,2.94415068e-02,2.79825902e-02,2.65095529e-02,2.50552177e-02,2.36504457e-02,2.23230461e-02,2.10968651e-02,1.99910967e-02,1.90198415e-02,1.81919171e-02,1.75109073e-02,1.69754244e-02,1.65795486e-02,1.63134071e-02,1.61638531e-02,1.61152359e-02,1.61496546e-02,1.62488642e-02,1.63946475e-02,1.65689101e-02,1.67549873e-02,1.69382794e-02,1.71068670e-02,1.72520442e-02,1.73687367e-02,1.74557771e-02,1.75160078e-02,1.75561912e-02,1.75867033e-02,1.76209858e-02,1.76748362e-02,1.77656298e-02,1.79113379e-02,1.81294694e-02,1.84360428e-02,1.88446369e-02,1.93655737e-02,2.00052765e-02,2.07658318e-02,2.16447672e-02,2.26350389e-02,2.37252097e-02,2.48997906e-02,2.61397120e-02
-2.57959616e-02,-2.39084564e-02,-2.20245980e-02,-2.01552688e-02,-1.83096924e-02,-1.64956681e-02,-1.47198331e-02,-1.29879369e-02,-1.13051150e-02,-9.67615122e-03,-8.10571962e-03,-6.59859999e-03,-5.15986483e-03,-3.79503749e-03,-2.51022384e-03,-1.31222067e-03,-2.08604283e-04,7.92196032e-04,1.68084373e-03,2.44707203e-03,3.07967642e-03,3.56655264e-03,3.89478896e-03,4.05082181e-03,4.02070016e-03,3.79113249e-03,3.34813339e-03,2.67957300e-03,1.77515040e-03,6.27321477e-04,-7.67763947e-04,-2.40929325e-03,-4.29095287e-03,-6.40017050e-03,-8.71761009e-03,-1.12169817e-02,-1.38652322e-02,-1.66231524e-02,-1.94464004e-02,-2.22868960e-02,-2.50945002e-02,-2.78188635e-02,-3.04113056e-02,-3.28265876e-02,-3.50244571e-02,-3.69708690e-02,-3.86388276e-02,-4.00088287e-02,-4.10689082e-02,-4.18142930e-02,-4.22465297e-02,-4.23780966e-02,-4.22209904e-02,-4.17900161e-02,-4.11069749e-02,-4.01954856e-02,-3.90805714e-02,-3.77879434e-02,-3.63433207e-02,-3.47718340e-02,-3.30975301e-02,-3.13429783e-02,-2.95289801e-02,-2.76743784e-02
-1.90366315e-02,-1.79556740e-02,-1.67017746e-02,-1.52856338e-02,-1.37186533e-02,-1.20128373e-02,-1.01806788e-02,-8.23504003e-03,-6.18903757e-03,-4.05594115e-03,-1.84909357e-03,4.18141149e-04,2.73238764e-03,5.08025364e-03,7.44827013e-03,9.82278775e-03,1.21898383e-02,1.45349612e-02,1.68430016e-02,1.90978907e-02,2.12824218e-02,2.33780397e-02,2.53646660e-02,2.72205837e-02,2.89224124e-02,3.04452020e-02,3.17626767e-02,3.28476562e-02,3.36726699e-02,3.42107476e-02,3.44361659e-02,3.43277745e-02,3.38721434e-02,3.30514104e-02,3.18615272e-02,3.03063182e-02,2.83988710e-02,2.61620909e-02,2.36285864e-02,2.08398769e-02,1.78449442e-02,1.46982167e-02,1.14571556e-02,8.17966988e-03,4.92160767e-03,1.73456212e-03,-1.33582528e-03,-4.25090800e-03,-6.97959339e-03,-9.49816830e-03,-1.17897127e-02,-1.38431997e-02,-1.56524334e-02,-1.72149607e-02,-1.85310694e-02,-1.96029422e-02,-2.04340038e-02,-2.10284498e-02,-2.13908663e-02,-2.15273073e-02,-2.14445122e-02,-2.11466165e-02,-2.06408206e-02,-1.99347197e-02
-4.18368278e-03,-2.43856141e-03,-7.83962656e-04,7.63385924e-04,2.18739733e-03,3.47285256e-03,4.60557702e-03,5.57261885e-03,6.36241188e-03,6.96492087e-03,7.37176550e-03,7.57630868e-03,7.57352851e-03,7.36228944e-03,6.94025860e-03,6.30911999e-03,5.47248643e-03,4.43619445e-03,3.20839661e-03,1.79962757e-03,2.22848320e-04,-1.50653556e-03,-3.37071141e-03,-5.34958336e-03,-7.42094473e-03,-9.56075626e-03,-1.17435209e-02,-1.39427505e-02,-1.61315084e-02,-1.82830047e-02,-2.03712106e-02,-2.23714566e-02,-2.42609765e-02,-2.60193665e-02,-2.76289313e-02,-2.90749039e-02,-3.03455340e-02,-3.14320499e-02,-3.23285107e-02,-3.30315658e-02,-3.35401301e-02,-3.38549243e-02,-3.39793451e-02,-3.39194896e-02,-3.36772213e-02,-3.32590798e-02,-3.26718108e-02,-3.19226400e-02,-3.10192613e-02,-2.99698323e-02,-2.87829988e-02,-2.74679444e-02,-2.60344561e-02,-2.44929955e-02,-2.28547659e-02,-2.11317675e-02,-1.93368319e-02,-1.74836331e-02,-1.55866696e-02,-1.36612170e-02,-1.17232513e-02,-9.78934348e-03,-7.87652774e-03,-6.00214762e-03
3.54243823e-02,3.59582484e-02,3.64284909e-02,3.68303117e-02,3.71617281e-02,3.74236373e-02,3.76197548e-02,3.77564169e-02,3.78422468e-02,3.78876933e-02,3.79044773e-02,3.79049828e-02,3.79014649e-02,3.79051784e-02,3.79258359e-02,3.79716703e-02,3.80481506e-02,3.81579174e-02,3.83005727e-02,3.84726474e-02,3.86677415e-02,3.88768111e-02,3.90885879e-02,3.92901062e-02,3.94673137e-02,3.96057331e-02,3.96911272e-02,3.97099513e-02,3.96523205e-02,3.95078783e-02,3.92697678e-02,3.89345996e-02,3.85023004e-02,3.79762717e-02,3.73633540e-02,3.66736263e-02,3.59200576e-02,3.51180326e-02,3.42847805e-02,3.34387399e-02,3.25988978e-02,3.17841364e-02,3.10126233e-02,3.03012661e-02,2.96652535e-02,2.91176884e-02,2.86693167e-02,2.83283478e-02,2.81003633e-02,2.79883334e-02,2.79930261e-02,2.81092073e-02,2.83349278e-02,2.86625765e-02,2.90828519e-02,2.95846473e-02,3.01552718e-02,3.07807490e-02,3.14461599e-02,3.21360236e-02,3.28347082e-02,3.35268664e-02,3.41978837e-02,3.48343277e-02
-3.82357737e-02,-3.67585377e-02,-3.51829635e-02,-3.35189610e-02,-3.17757970e-02,-2.99621792e-02,-2.80863878e-02,-2.61564529e-02,-2.41803675e-02,-2.21663285e-02,-2.01229935e-02,-1.80597427e-02,-1.59869319e-02,-1.39161252e-02,-1.18602960e-02,-9.83398429e-03,-7.85340076e-03,-5.93646907e-03,-4.10279679e-03,-2.37356762e-03,-7.71347078e-04,6.80205564e-04,1.95669969e-03,3.03355097e-03,3.88655612e-03,4.49258870e-03,4.83037434e-03,4.88122874e-03,4.63135132e-03,4.06950746e-03,3.19083691e-03,1.99663379e-03,4.94867574e-04,-1.29946941e-03,-3.36432156e-03,-5.67097475e-03,-8.18470057e-03,-1.08657670e-02,-1.36707198e-02,-1.65538498e-02,-1.94687408e-02,-2.23697895e-02,-2.52135913e-02,-2.79601109e-02,-3.05735788e-02,-3.30230931e-02,-3.52829290e-02,-3.73325894e-02,-3.91566414e-02,-4.07443943e-02,-4.20894718e-02,-4.31893253e-02,-4.40447211e-02,-4.46592027e-02,-4.50384421e-02,-4.51912939e-02,-4.51311095e-02,-4.48632424e-02,-4.44004303e-02,-4.37551938e-02,-4.29402571e-02,-4.19683949e-02,-4.08522368e-02,-3.96040869e-02
-1.33446039e-02,-1.22893169e-02,-1.12063652e-02,-1.01160164e-02,-9.03957911e-03,-7.99885135e-03,-7.01553681e-03,-6.11063895e-03,-5.30384636e-03,-4.61292490e-03,-4.05313572e-03,-3.63670271e-03,-3.37236303e-03,-3.26490721e-03,-3.31490129e-03,-3.51914179e-03,-3.86999784e-03,-4.35600463e-03,-4.96225430e-03,-5.67096983e-03,-6.46221238e-03,-7.31468167e-03,-8.20656362e-03,-9.11637620e-03,-1.00237658e-02,-1.09102117e-02,-1.17596058e-02,-1.25586841e-02,-1.32973008e-02,-1.39685434e-02,-1.45687012e-02,-1.50971008e-02,-1.55558313e-02,-1.59493812e-02,-1.62842095e-02,-1.65682736e-02,-1.68105311e-02,-1.70204348e-02,-1.72074359e-02,-1.73805076e-02,-1.75477028e-02,-1.77157560e-02,-1.78897382e-02,-1.80727778e-02,-1.82658569e-02,-1.84676937e-02,-1.86747187e-02,-1.88811514e-02,-1.90791782e-02,-1.92592293e-02,-1.94103444e-02,-1.95205880e-02,-1.95774662e-02,-1.95700674e-02,-1.94857367e-02,-1.93145211e-02,-1.90480485e-02,-1.86801549e-02,-1.82072876e-02,-1.76287905e-02,-1.69470784e-02,-1.61677034e-02,-1.52993129e-02,-1.43535073e-02
-5.80541377e-03,-6.04706525e-03,-6.30334582e-03,-6.56453716e-03,-6.82429143e-03,-7.07983173e-03,-7.33197155e-03,-7.58496091e-03,-7.84617249e-03,-8.12564487e-03,-8.43550185e-03,-8.78926877e-03,-9.20110827e-03,-9.68500123e-03,-1.02539017e-02,-1.09188982e-02,-1.16884172e-02,-1.25675069e-02,-1.35572400e-02,-1.46542731e-02,-1.58505940e-02,-1.71334810e-02,-1.84856859e-02,-1.98858385e-02,-2.13090574e-02,-2.27277346e-02,-2.41124559e-02,-2.54330039e-02,-2.66593944e-02,-2.77628923e-02,-2.87169613e-02,-2.94981043e-02,-3.00865491e-02,-3.04666707e-02,-3.06282614e-02,-3.05690616e-02,-3.02843123e-02,-2.97792131e-02,-2.90632242e-02,-2.81502307e-02,-2.70581837e-02,-2.58086115e-02,-2.44260533e-02,-2.29374335e-02,-2.13713932e-02,-1.97575888e-02,-1.81259710e-02,-1.65060548e-02,-1.49261935e-02,-1.34128704e-02,-1.19900269e-02,-1.06784444e-02,-9.49520691e-03,-8.45326601e-03,-7.56113670e-03,-6.82274684e-03,-6.23746001e-03,-5.80028316e-03,-5.50226154e-03,-5.33105875e-03,-5.27152605e-03,-5.30680060e-03,-5.41926684e-03,-5.59109913e-03
-2.03377668e-02,-1.96603358e-02,-1.89682385e-02,-1.82729891e-02,-1.75829674e-02,-1.69033309e-02,-1.62360485e-02,-1.55800610e-02,-1.49315633e-02,-1.42844015e-02,-1.36305693e-02,-1.29607844e-02,-1.22651178e-02,-1.15336483e-02,-1.07571127e-02,-9.92752278e-03,-9.03872418e-03,-8.08687863e-03,-7.07085492e-03,-5.99252238e-03,-4.85694488e-03,-3.67247812e-03,-2.45077508e-03,-1.20670491e-03,4.18103025e-05,1.27403339e-03,2.46674349e-03,3.59465618e-03,4.63092841e-03,5.54777307e-03,6.31718612e-03,6.91178935e-03,7.30578019e-03,7.47594218e-03,7.40303649e-03,7.07349386e-03,6.47780617e-03,5.61465992e-03,4.49034144e-03,3.11927041e-03,1.52404344e-03,-2.64991586e-04,-2.21061646e-03,-4.27013228e-03,-6.39709881e-03,-8.54330359e-03,-1.06608467e-02,-1.27041647e-02,-1.46318430e-02,-1.64080940e-02,-1.80038235e-02,-1.93972517e-02,-2.05741014e-02,-2.15274022e-02,-2.22569762e-02,-2.27686773e-02,-2.30734112e-02,-2.31870760e-02,-2.31288027e-02,-2.29174858e-02,-2.25754120e-02,-2.21249985e-02,-2.15882489e-02,-2.09860893e-02
-2.41634200e-02,-2.49707846e-02,-2.57005070e-02,-2.63591222e-02,-2.69537071e-02,-2.74911994e-02,-2.79777801e-02,-2.84183478e-02,-2.88161071e-02,-2.91722856e-02,-2.94859865e-02,-2.97541790e-02,-2.99718184e-02,-3.01320683e-02,-3.02265110e-02,-3.02472917e-02,-3.01840211e-02,-3.00269371e-02,-2.97671603e-02,-2.93968527e-02,-2.89097280e-02,-2.83014553e-02,-2.75699786e-02,-2.67157497e-02,-2.57418712e-02,-2.46541500e-02,-2.34610677e-02,-2.21736750e-02,-2.08054212e-02,-1.93719274e-02,-1.78907154e-02,-1.63809011e-02,-1.48628602e-02,-1.33578737e-02,-1.18877584e-02,-1.04744861e-02,-9.13979433e-03,-7.90479125e-03,-6.78955541e-03,-5.81273287e-03,-4.99113404e-03,-4.33933471e-03,-3.86929073e-03,-3.58999819e-03,-3.50679487e-03,-3.62175996e-03,-3.93314619e-03,-4.43504526e-03,-5.11758305e-03,-5.96702365e-03,-6.96604761e-03,-8.09419740e-03,-9.32848440e-03,-1.06441384e-02,-1.20154672e-02,-1.34167798e-02,-1.48233177e-02,-1.62121347e-02,-1.75628668e-02,-1.88583428e-02,-2.00849982e-02,-2.12330736e-02,-2.22965919e-02,-2.32731317e-02
-3.17449208e-03,-2.12572413e-03,-1.23570180e-03,-5.17202924e-04,1.91629583e-05,3.65266715e-04,5.15805058e-04,4.68638622e-04,2.25107777e-04,-2.09926220e-04,-8.27736194e-04,-1.61586638e-03,-2.55831455e-03,-3.63591817e-03,-4.82693759e-03,-6.10781778e-03,-7.45409111e-03,-8.84136458e-03,-1.02463209e-02,-1.16476562e-02,-1.30268793e-02,-1.43689095e-02,-1.56624263e-02,-1.68999491e-02,-1.80776492e-02,-1.91949172e-02,-2.02537303e-02,-2.12578759e-02,-2.22120958e-02,-2.31212183e-02,-2.39893386e-02,-2.48191065e-02,-2.56111639e-02,-2.63637654e-02,-2.70726017e-02,-2.77308268e-02,-2.83292826e-02,-2.88568926e-02,-2.93011906e-02,-2.96489282e-02,-2.98866607e-02,-3.00013459e-02,-2.99850248e-02,-2.98245989e-02,-2.95135242e-02,-2.90474012e-02,-2.84246528e-02,-2.76467037e-02,-2.67179971e-02,-2.56458958e-02,-2.44404946e-02,-2.31143683e-02,-2.16822736e-02,-2.01608243e-02,-1.85681538e-02,-1.69235798e-02,-1.52472781e-02,-1.35599753e-02,-1.18826617e-02,-1.02363273e-02,-8.64171819e-03,-7.11911015e-03,-5.68809336e-03,-4.36736082e-03
-2.44558316e-02,-2.34779118e-02,-2.24025781e-02,-2.12478278e-02,-2.00314865e-02,-1.87707887e-02,-1.74820286e-02,-1.61802870e-02,-1.48792359e-02,-1.35910225e-02,-1.23262282e-02,-1.10938994e-02,-9.90164179e-03,-8.75576833e-03,-7.66149045e-03,-6.62313751e-03,-5.64439054e-03,-4.72851458e-03,-3.87857439e-03,-3.09761952e-03,-2.38882688e-03,-1.75559169e-03,-1.20156210e-03,-7.30616501e-04,-3.46787658e-04,-5.41418769e-05,1.43373082e-04,2.42098705e-04,2.38839503e-04,1.31050795e-04,-8.31265129e-05,-4.04679115e-04,-8.33721668e-04,-1.36949079e-03,-2.01037544e-03,-2.75396667e-03,-3.59710653e-03,-4.53591512e-03,-5.56577669e-03,-6.68127073e-03,-7.87604230e-03,-9.14261635e-03,-1.04721726e-02,-1.18543081e-02,-1.32768233e-02,-1.47255718e-02,-1.61844127e-02,-1.76352998e-02,-1.90585262e-02,-2.04331326e-02,-2.17374641e-02,-2.29498472e-02,-2.40493405e-02,-2.50165074e-02,-2.58341503e-02,-2.64879511e-02,-2.69669585e-02,-2.72638144e-02,-2.73762021e-02,-2.73059919e-02,-2.70554593e-02,-2.66329487e-02,-2.60495080e-02,-2.53186483e-02
-1.71465488e-03,-1.43263682e-03,-1.00033221e-03,-4.19064817e-04,3.08789757e-04,1.17951067e-03,2.18781169e-03,3.32667460e-03,4.58727098e-03,5.95897440e-03,7.42945964e-03,8.98488016e-03,1.06101109e-02,1.22890398e-02,1.40048897e-02,1.57405532e-02,1.74789197e-02,1.92031816e-02,2.08971015e-02,2.25452302e-02,2.41330663e-02,2.56471512e-02,2.70750986e-02,2.84055619e-02,2.96281467e-02,3.07332809e-02,3.17120591e-02,3.25560828e-02,3.32573166e-02,3.38079845e-02,3.42005222e-02,3.44275736e-02,3.44817422e-02,3.43601544e-02,3.40555928e-02,3.35638417e-02,3.28835506e-02,3.20156847e-02,3.09641472e-02,2.97362247e-02,2.83428819e-02,2.67988743e-02,2.51226482e-02,2.33360116e-02,2.14635820e-02,1.95320378e-02,1.75692243e-02,1.56031818e-02,1.36611719e-02,1.17687816e-02,9.94917275e-03,8.22253105e-03,6.60574477e-03,5.11231973e-03,3.75251413e-03,2.53365677e-03,1.46059857e-03,5.36239752e-04,-2.37925875e-04,-8.61294755e-04,-1.33374097e-03,-1.65529361e-03,-1.82592487e-03,-1.84580103e-03
-1.87935680e-02,-1.83579888e-02,-1.80334806e-02,-1.78272292e-02,-1.77428455e-02,-1.77797720e-02,-1.79357135e-02,-1.82033646e-02,-1.85722079e-02,-1.90288429e-02,-1.95576126e-02,-2.01413864e-02,-2.07624330e-02,-2.14033191e-02,-2.20477688e-02,-2.26814188e-02,-2.32924192e-02,-2.38718422e-02,-2.44138778e-02,-2.49158155e-02,-2.53778271e-02,-2.58025784e-02,-2.61947100e-02,-2.65602302e-02,-2.69058693e-02,-2.72384384e-02,-2.75642362e-02,-2.78885373e-02,-2.82151912e-02,-2.85463483e-02,-2.88823240e-02,-2.92215982e-02,-2.95609389e-02,-2.98956304e-02,-3.02197792e-02,-3.05266661e-02,-3.08091136e-02,-3.10598371e-02,-3.12717561e-02,-3.14382423e-02,-3.15532696e-02,-3.16113031e-02,-3.16098825e-02,-3.15435659e-02,-3.14100810e-02,-3.12075936e-02,-3.09350051e-02,-3.05919811e-02,-3.01789826e-02,-2.96973280e-02,-2.91492849e-02,-2.85381877e-02,-2.78685684e-02,-2.71462864e-02,-2.63786401e-02,-2.55744422e-02,-2.47440425e-02,-2.38992827e-02,-2.30533711e-02,-2.22206708e-02,-2.14163957e-02,-2.06562192e-02,-1.99558026e-02,-1.93302582e-02
2.91049246e-02,2.81756096e-02,2.73108755e-02,2.65197425e-02,2.58086950e-02,2.51815703e-02,2.46396290e-02,2.41818022e-02,2.38050920e-02,2.35050907e-02,2.32765727e-02,2.31141107e-02,2.30126665e-02,2.29681256e-02,2.29776517e-02,2.30391978e-02,2.31538215e-02,2.33231647e-02,2.35502610e-02,2.38390681e-02,2.41939769e-02,2.46192735e-02,2.51185905e-02,2.56943902e-02,2.63475187e-02,2.70768598e-02,2.78791120e-02,2.87486965e-02,2.96777972e-02,3.06565222e-02,3.16731704e-02,3.27145826e-02,3.37665510e-02,3.48142632e-02,3.58427559e-02,3.68373545e-02,3.77840790e-02,3.86699974e-02,3.94835150e-02,4.02145855e-02,4.08548423e-02,4.13976451e-02,4.18380472e-02,4.21726874e-02,4.23996121e-02,4.25180100e-02,4.25274408e-02,4.24332145e-02,4.22334148e-02,4.19309132e-02,4.15288094e-02,4.10305837e-02,4.04402808e-02,3.97626852e-02,3.90035208e-02,3.81696592e-02,3.72693067e-02,3.63121357e-02,3.53093269e-02,3.42734972e-02,3.32184951e-02,3.21590646e-02,3.11103896e-02,3.00875492e-02
3.28775173e-02,3.30451077e-02,3.31545701e-02,3.32093621e-02,3.32122055e-02,3.31671391e-02,3.30745420e-02,3.29360596e-02,3.27528403e-02,3.25258980e-02,3.22564050e-02,3.19459451e-02,3.15967168e-02,3.12116638e-02,3.07945121e-02,3.03497054e-02,2.98822396e-02,2.93974121e-02,2.89005102e-02,2.83964732e-02,2.78895665e-02,2.73831080e-02,2.68792836e-02,2.63790790e-02,2.58823467e-02,2.53880127e-02,2.48944112e-02,2.43997252e-02,2.39024947e-02,2.34021481e-02,2.28995040e-02,2.23971910e-02,2.18999385e-02,2.14146973e-02,2.09505676e-02,2.05185260e-02,2.01309636e-02,1.98010677e-02,1.95420942e-02,1.93665923e-02,1.92856761e-02,1.93082143e-02,1.94389928e-02,1.96822048e-02,2.00370706e-02,2.04994891e-02,2.10620570e-02,2.17143602e-02,2.24434208e-02,2.32342507e-02,2.40704755e-02,2.49349923e-02,2.58106266e-02,2.66807569e-02,2.75298810e-02,2.83440977e-02,2.91114854e-02,2.98223626e-02,3.04694204e-02,3.10477257e-02,3.15545981e-02,3.19893756e-02,3.23530880e-02,3.26480658e-02
2.14705428e-02,2.15369501e-02,2.15505519e-02,2.15149366e-02,2.14353243e-02,2.13200825e-02,2.11797412e-02,2.10262090e-02,2.08720573e-02,2.07297535e-02,2.06109147e-02,2.05256378e-02,2.04819627e-02,2.04855649e-02,2.05383483e-02,2.06412678e-02,2.07916154e-02,2.09844200e-02,2.12127374e-02,2.14681057e-02,2.17410570e-02,2.20216425e-02,2.22999352e-02,2.25664812e-02,2.28126765e-02,2.30310530e-02,2.32154653e-02,2.33611776e-02,2.34648562e-02,2.35244761e-02,2.35391156e-02,2.35094935e-02,2.34362043e-02,2.33207413e-02,2.31652601e-02,2.29722949e-02,2.27447585e-02,2.24859825e-02,2.21998021e-02,2.18906694e-02,2.15637714e-02,2.12251232e-02,2.08816088e-02,2.05409433e-02,2.02115412e-02,1.99022819e-02,1.96221775e-02,1.93799610e-02,1.91836205e-02,1.90399174e-02,1.89539324e-02,1.89287200e-02,1.89643720e-02,1.90591136e-02,1.92085721e-02,1.94056068e-02,1.96409132e-02,1.99034051e-02,2.01807402e-02,2.04599405e-02,2.07280694e-02,2.09729268e-02,2.11837209e-02,2.13516771e-02
4.03782680e-02,4.12010916e-02,4.20424648e-02,4.28960577e-02,4.37554628e-02,4.46139953e-02,4.54645322e-02,4.62994121e-02,4.71104123e-02,4.78888136e-02,4.86255542e-02,4.93114692e-02,4.99376007e-02,5.04955586e-02,5.09779054e-02,5.13785335e-02,5.16930026e-02,5.19188020e-02,5.20554994e-02,5.21046519e-02,5.20711294e-02,5.19607938e-02,5.17791578e-02,5.15344416e-02,5.12350652e-02,5.08892010e-02,5.05042530e-02,5.00863825e-02,4.96401472e-02,4.91682910e-02,4.86717101e-02,4.81496014e-02,4.75997850e-02,4.70191794e-02,4.64043897e-02,4.57523646e-02,4.50610656e-02,4.43300938e-02,4.35612158e-02,4.27587412e-02,4.19297115e-02,4.10838772e-02,4.02334576e-02,3.93926962e-02,3.85772460e-02,3.78034325e-02,3.70874564e-02,3.64445989e-02,3.58884955e-02,3.54305322e-02,3.50794065e-02,3.48408877e-02,3.47178173e-02,3.47107589e-02,3.48131436e-02,3.50234398e-02,3.53342472e-02,3.57372320e-02,3.62233670e-02,3.67832970e-02,3.74077026e-02,3.80875875e-02,3.88144680e-02,3.95804599e-02
5.76550160e-03,5.35071483e-03,4.90144589e-03,4.43568194e-03,3.97015472e-03,3.51977106e-03,3.09715879e-03,2.71233398e-03,2.37248690e-03,2.08187791e-03,1.84183084e-03,1.65081100e-03,1.50457630e-03,1.39639333e-03,1.31731376e-03,1.25651035e-03,1.20167408e-03,1.13947408e-03,1.05607898e-03,9.37738767e-04,7.71421265e-04,5.45485459e-04,2.50366798e-04,-1.20757989e-04,-5.71364681e-04,-1.10108466e-03,-1.70535821e-03,-2.37528121e-03,-3.09767982e-03,-3.85543128e-03,-4.62803058e-03,-5.39238195e-03,-6.12377280e-03,-6.79697083e-03,-7.38737266e-03,-7.87212775e-03,-8.23116032e-03,-8.44798305e-03,-8.51111440e-03,-8.41310000e-03,-8.15145687e-03,-7.72908398e-03,-7.15368063e-03,-6.43742902e-03,-5.59650775e-03,-4.65049628e-03,-3.62170322e-03,-2.53444418e-03,-1.41428984e-03,-2.87301464e-04,8.20728794e-04,1.88502164e-03,2.88253985e-03,3.79264671e-03,4.59770584e-03,5.28359226e-03,5.84009197e-03,6.26116768e-03,6.54507109e-03,6.69428500e-03,6.71523961e-03,6.61875189e-03,6.41748348e-03,6.12723188e-03
3.02089699e-02,3.09329908e-02,3.15679780e-02,3.21136604e-02,3.25718955e-02,3.29464626e-02,3.32427796e-02,3.34675491e-02,3.36283408e-02,3.37331254e-02,3.37897797e-02,3.38055586e-02,3.37872890e-02,3.37394914e-02,3.36650963e-02,3.35653451e-02,3.34393655e-02,3.32842514e-02,3.30952489e-02,3.28660625e-02,3.25892710e-02,3.22568310e-02,3.18606425e-02,3.13931426e-02,3.08478967e-02,3.02201519e-02,2.95073240e-02,2.87093909e-02,2.78291727e-02,2.68724843e-02,2.58481547e-02,2.47679127e-02,2.36461464e-02,2.24995506e-02,2.13466769e-02,2.02074096e-02,1.91023880e-02,1.80523985e-02,1.70777602e-02,1.61977250e-02,1.54299147e-02,1.47898141e-02,1.42903371e-02,1.39414837e-02,1.37501110e-02,1.37199775e-02,1.38496261e-02,1.41372548e-02,1.45764681e-02,1.51579252e-02,1.58697474e-02,1.66978437e-02,1.76263127e-02,1.86378764e-02,1.97143274e-02,2.08369750e-02,2.19870786e-02,2.31462617e-02,2.42968965e-02,2.54224564e-02,2.65078312e-02,2.75396021e-02,2.85062716e-02,2.93984469e-02
-3.47583755e-02,-3.51724054e-02,-3.56084075e-02,-3.60693018e-02,-3.65574475e-02,-3.70740454e-02,-3.76185776e-02,-3.81883430e-02,-3.87781426e-02,-3.93801581e-02,-3.99840489e-02,-4.05772742e-02,-4.11456251e-02,-4.16739264e-02,-4.21468551e-02,-4.25498040e-02,-4.28697122e-02,-4.30957612e-02,-4.32197181e-02,-4.32400382e-02,-4.31531113e-02,-4.29615481e-02,-4.26712969e-02,-4.22910551e-02,-4.18318327e-02,-4.13063489e-02,-4.07283713e-02,-4.01120498e-02,-3.94712871e-02,-3.88191792e-02,-3.81675534e-02,-3.75266212e-02,-3.69047587e-02,-3.63084177e-02,-3.57421629e-02,-3.52088241e-02,-3.47097454e-02,-3.42451062e-02,-3.38142867e-02,-3.34162462e-02,-3.30498836e-02,-3.27143501e-02,-3.24092914e-02,-3.21349995e-02,-3.18924648e-02,-3.16833280e-02,-3.15097394e-02,-3.13741441e-02,-3.12790261e-02,-3.12267011e-02,-3.12178887e-02,-3.12541617e-02,-3.13353063e-02,-3.14599986e-02,-3.16258929e-02,-3.18297236e-02,-3.20675318e-02,-3.23349816e-02,-3.26277296e-02,-3.29418114e-02,-3.32740014e-02,-3.36221052e-02,-3.39851458e-02,-3.43634153e-02
-1.99384600e-02,-1.95103050e-02,-1.91184547e-02,-1.87594384e-02,-1.84287899e-02,-1.81215168e-02,-1.78325741e-02,-1.75573113e-02,-1.72918646e-02,-1.70334692e-02,-1.67806735e-02,-1.65334467e-02,-1.62931758e-02,-1.60625607e-02,-1.58454214e-02,-1.56464378e-02,-1.54708470e-02,-1.53241275e-02,-1.52116963e-02,-1.51386592e-02,-1.51094278e-02,-1.51275723e-02,-1.51964718e-02,-1.53183095e-02,-1.54945682e-02,-1.57260791e-02,-1.60131161e-02,-1.63554819e-02,-1.67525597e-02,-1.72033106e-02,-1.77062043e-02,-1.82590829e-02,-1.88589648e-02,-1.95018114e-02,-2.01822830e-02,-2.08935222e-02,-2.16270004e-02,-2.23724643e-02,-2.31180102e-02,-2.38503021e-02,-2.45549354e-02,-2.52169332e-02,-2.58213446e-02,-2.63539035e-02,-2.68016979e-02,-2.71537952e-02,-2.74017554e-02,-2.75398822e-02,-2.75677420e-02,-2.74849328e-02,-2.72956668e-02,-2.70073745e-02,-2.66300088e-02,-2.61756305e-02,-2.56578585e-02,-2.50912637e-02,-2.44907471e-02,-2.38709320e-02,-2.32456007e-02,-2.26271968e-02,-2.20264165e-02,-2.14519025e-02,-2.09100545e-02,-2.04049619e-02
-1.21805759e-02,-1.30952720e-02,-1.42718704e-02,-1.57048151e-02,-1.73834526e-02,-1.92917787e-02,-2.14083707e-02,-2.37065419e-02,-2.61547419e-02,-2.87172078e-02,-3.13548527e-02,-3.40263526e-02,-3.66893760e-02,-3.93018840e-02,-4.18234205e-02,-4.42163164e-02,-4.64467353e-02,-4.84855096e-02,-5.03087312e-02,-5.18980837e-02,-5.32409215e-02,-5.43301157e-02,-5.51636879e-02,-5.57442245e-02,-5.60779760e-02,-5.61793800e-02,-5.60600281e-02,-5.57319200e-02,-5.52121630e-02,-5.45179504e-02,-5.36664727e-02,-5.26745086e-02,-5.15580481e-02,-5.03319937e-02,-4.90099548e-02,-4.76041373e-02,-4.61253268e-02,-4.45829594e-02,-4.29852700e-02,-4.13395067e-02,-3.96521961e-02,-3.79294405e-02,-3.61772324e-02,-3.44017652e-02,-3.26097255e-02,-3.08085524e-02,-2.90066509e-02,-2.72135548e-02,-2.54400306e-02,-2.36981257e-02,-2.20011595e-02,-2.03636637e-02,-1.88012753e-02,-1.73305889e-02,-1.59689713e-02,-1.47343436e-02,-1.36449303e-02,-1.27189771e-02,-1.19744355e-02,-1.14286247e-02,-1.10979446e-02,-1.09961466e-02,-1.11361283e-02,-1.15286396e-02
-1.83607424e-02,-1.75589289e-02,-1.67288765e-02,-1.58890645e-02,-1.50598339e-02,-1.42626558e-02,-1.35192510e-02,-1.28505946e-02,-1.22758588e-02,-1.18113566e-02,-1.14695644e-02,-1.12583282e-02,-1.11798510e-02,-1.12308296e-02,-1.14032362e-02,-1.16832548e-02,-1.20528778e-02,-1.24909619e-02,-1.29745862e-02,-1.34805410e-02,-1.39868140e-02,-1.44739408e-02,-1.49261063e-02,-1.53319109e-02,-1.56847568e-02,-1.59828455e-02,-1.62288186e-02,-1.64291021e-02,-1.65930329e-02,-1.67318601e-02,-1.68577120e-02,-1.69826155e-02,-1.71176300e-02,-1.72721422e-02,-1.74533558e-02,-1.76659930e-02,-1.79122073e-02,-1.81916855e-02,-1.85019070e-02,-1.88385165e-02,-1.91957627e-02,-1.95669586e-02,-1.99449170e-02,-2.03223295e-02,-2.06920615e-02,-2.10473514e-02,-2.13819108e-02,-2.16899339e-02,-2.19660340e-02,-2.22051275e-02,-2.24022936e-02,-2.25526335e-02,-2.26511343e-02,-2.26928504e-02,-2.26733269e-02,-2.25866618e-02,-2.24281602e-02,-2.21935802e-02,-2.18795819e-02,-2.14841542e-02,-2.10070545e-02,-2.04502307e-02,-1.98181863e-02,-1.91182539e-02
-7.98275073e-03,-8.77291894e-03,-9.43669076e-03,-9.96515828e-03,-1.03521978e-02,-1.05945245e-02,-1.06919991e-02,-1.06477121e-02,-1.04662263e-02,-1.01556320e-02,-9.72627252e-03,-9.19054120e-03,-8.56254703e-03,-7.85772572e-03,-7.09241368e-03,-6.28339499e-03,-5.44743114e-03,-4.60078364e-03,-3.75874072e-03,-2.93516122e-03,-2.14205139e-03,-1.38919230e-03,-6.83838571e-04,-3.05093822e-05,5.69106762e-04,1.11611796e-03,1.61424976e-03,2.06951774e-03,2.48975975e-03,2.88404485e-03,3.26198852e-03,3.63301362e-03,4.00560337e-03,4.38659572e-03,4.78056704e-03,5.18934722e-03,5.61169916e-03,6.04318392e-03,6.47622006e-03,6.90033301e-03,7.30257884e-03,7.66811737e-03,7.98090177e-03,8.22444635e-03,8.38262831e-03,8.44045496e-03,8.38516495e-03,8.20652266e-03,7.89696500e-03,7.45290301e-03,6.87453214e-03,6.16593636e-03,5.33499251e-03,4.39311199e-03,3.35484665e-03,2.23739026e-03,1.06001061e-03,-1.56552881e-04,-1.39068760e-03,-2.62049980e-03,-3.82435830e-03,-4.98138249e-03,-6.07188102e-03,-7.07773813e-03
-9.26327040e-04,-2.34880388e-03,-3.64786479e-03,-4.80639744e-03,-5.81116797e-03,-6.65307927e-03,-7.32718680e-03,-7.83248693e-03,-8.17150558e-03,-8.34966201e-03,-8.37579324e-03,-8.25866788e-03,-8.00904965e-03,-7.63815376e-03,-7.15711933e-03,-6.57663173e-03,-5.90663897e-03,-5.15617762e-03,-4.33330342e-03,-3.44511398e-03,-2.49784772e-03,-1.49704082e-03,-4.47724019e-04,6.45358503e-04,1.77752234e-03,2.94393088e-03,4.13939603e-03,5.35821043e-03,6.59401525e-03,7.83970791e-03,9.08739226e-03,1.03283715e-02,1.15531834e-02,1.27516747e-02,1.39131125e-02,1.50263274e-02,1.60798818e-02,1.70622600e-02,1.79620690e-02,1.87682444e-02,1.94702521e-02,2.00582763e-02,2.05233870e-02,2.08576756e-02,2.10543439e-02,2.11076167e-02,2.10146791e-02,2.07718690e-02,2.03771772e-02,1.98306348e-02,1.91336534e-02,1.82892085e-02,1.73020048e-02,1.61786697e-02,1.49279706e-02,1.35610327e-02,1.20915233e-02,1.05357595e-02,8.91269680e-03,7.24375812e-03,5.55247998e-03,3.86396785e-03,2.20417824e-03,5.99067961e-04
3.20262077e-02,3.22170023e-02,3.23907100e-02,3.25290852e-02,3.26117198e-02,3.26164045e-02,3.25236070e-02,3.23100241e-02,3.19563913e-02,3.14462375e-02,3.07672282e-02,2.99123277e-02,2.88807791e-02,2.76788478e-02,2.63202465e-02,2.48261679e-02,2.32248729e-02,2.15508136e-02,1.98433204e-02,1.81449235e-02,1.64994261e-02,1.49498759e-02,1.35365914e-02,1.22953958e-02,1.12561803e-02,1.04418802e-02,9.86790065e-03,9.54199457e-03,9.46464501e-03,9.62803063e-03,1.00204064e-02,1.06241884e-02,1.14173529e-02,1.23748520e-02,1.34695305e-02,1.46730174e-02,1.59565397e-02,1.72916463e-02,1.86508414e-02,2.00081361e-02,2.13395236e-02,2.26233876e-02,2.38408482e-02,2.49760481e-02,2.60163787e-02,2.69526418e-02,2.77791401e-02,2.84936894e-02,2.90975414e-02,2.95952128e-02,2.99942122e-02,3.03046657e-02,3.05388433e-02,3.07105969e-02,3.08347227e-02,3.09262700e-02,3.09998168e-02,3.10687484e-02,3.11445923e-02,3.12364342e-02,3.13503976e-02,3.14892148e-02,3.16519357e-02,3.18337898e-02
-3.57801273e-02,-3.63526440e-02,-3.67243987e-02,-3.69054225e-02,-3.69141552e-02,-3.67587947e-02,-3.64550969e-02,-3.60177475e-02,-3.54605748e-02,-3.47962391e-02,-3.40359704e-02,-3.31894196e-02,-3.22646290e-02,-3.12681127e-02,-3.02050353e-02,-2.90794676e-02,-2.78946978e-02,-2.66535754e-02,-2.53588637e-02,-2.40135793e-02,-2.26212998e-02,-2.11864254e-02,-1.97143837e-02,-1.82117738e-02,-1.66864480e-02,-1.51475363e-02,-1.36054190e-02,-1.20716576e-02,-1.05588930e-02,-9.08072057e-03,-7.65155080e-03,-6.28646157e-03,-5.00104623e-03,-3.81125833e-03,-2.73325076e-03,-1.78320431e-03,-9.77137883e-04,-3.30690393e-04,1.41137227e-04,4.24272211e-04,5.05957186e-04,3.75226763e-04,2.32453095e-05,-5.56063618e-04,-1.36542755e-03,-2.40371303e-03,-3.66539215e-03,-5.14011915e-03,-6.81245542e-03,-8.66179595e-03,-1.06625418e-02,-1.27845473e-02,-1.49938468e-02,-1.72536410e-02,-1.95254921e-02,-2.17706556e-02,-2.39514564e-02,-2.60326149e-02,-2.79824274e-02,-2.97737261e-02,-3.13845631e-02,-3.27985924e-02,-3.40051482e-02,-3.49990436e-02
-1.20523915e-02,-1.37780386e-02,-1.55220657e-02,-1.72520277e-02,-1.89371487e-02,-2.05495097e-02,-2.20650283e-02,-2.34641612e-02,-2.47322963e-02,-2.58598252e-02,-2.68419229e-02,-2.76780785e-02,-2.83714397e-02,-2.89280372e-02,-2.93559571e-02,-2.96645179e-02,-2.98634850e-02,-2.99622292e-02,-2.99717844e-02,-2.98979088e-02,-2.97474916e-02,-2.95257340e-02,-2.92363078e-02,-2.88815115e-02,-2.84624700e-02,-2.79793873e-02,-2.74318320e-02,-2.68190384e-02,-2.61402019e-02,-2.53947563e-02,-2.45826196e-02,-2.37044015e-02,-2.27615696e-02,-2.17565743e-02,-2.06929344e-02,-1.95752894e-02,-1.84094236e-02,-1.72022686e-02,-1.59618893e-02,-1.46974584e-02,-1.34192225e-02,-1.21384616e-02,-1.08674406e-02,-9.61935249e-03,-8.40824826e-03,-7.24894858e-03,-6.15693101e-03,-5.14818465e-03,-4.23902374e-03,-3.44585181e-03,-2.78486813e-03,-2.27171086e-03,-1.92103700e-03,-1.74606316e-03,-1.75761624e-03,-1.96449222e-03,-2.37189056e-03,-2.98123429e-03,-3.78961284e-03,-4.78937954e-03,-5.96793035e-03,-7.30771149e-03,-8.78649354e-03,-1.03779300e-02
-4.64846160e-02,-4.43459540e-02,-4.20293489e-02,-3.95573187e-02,-3.69515195e-02,-3.42326597e-02,-3.14204839e-02,-2.85338197e-02,-2.55906774e-02,-2.26083953e-02,-1.96038193e-02,-1.65935095e-02,-1.35939622e-02,-1.06218382e-02,-7.69418827e-03,-4.82866368e-03,-2.04370286e-03,6.41316892e-04,3.20595186e-03,5.62867410e-03,7.88688453e-03,9.95700166e-03,1.18146441e-02,1.34349085e-02,1.47927487e-02,1.58634579e-02,1.66232434e-02,1.70498490e-02,1.71227962e-02,1.68298241e-02,1.61550175e-02,1.50908795e-02,1.36358564e-02,1.17945945e-02,9.57854794e-03,7.00627176e-03,4.10344049e-03,9.02587808e-04,-2.55741066e-03,-6.23209185e-03,-1.00725190e-02,-1.40263712e-02,-1.80391904e-02,-2.20556631e-02,-2.60208803e-02,-2.98815345e-02,-3.35870187e-02,-3.70904039e-02,-4.03492783e-02,-4.33264349e-02,-4.59903956e-02,-4.83157636e-02,-5.02833959e-02,-5.18803891e-02,-5.30998644e-02,-5.39404556e-02,-5.44051897e-02,-5.45125504e-02,-5.42684401e-02,-5.36877927e-02,-5.27907567e-02,-5.15988401e-02,-5.01347911e-02,-4.84221183e-02
-2.65760757e-02,-2.71696758e-02,-2.78655497e-02,-2.86536535e-02,-2.95201465e-02,-3.04477485e-02,-3.14162487e-02,-3.24031477e-02,-3.33844050e-02,-3.43352614e-02,-3.52310992e-02,-3.60483010e-02,-3.67650704e-02,-3.73621771e-02,-3.78235853e-02,-3.81368743e-02,-3.82929520e-02,-3.82938523e-02,-3.81342014e-02,-3.78203151e-02,-3.73615682e-02,-3.67710302e-02,-3.60651074e-02,-3.52630209e-02,-3.43861952e-02,-3.34575848e-02,-3.25009603e-02,-3.15401704e-02,-3.05984011e-02,-2.96974490e-02,-2.88570296e-02,-2.80941441e-02,-2.74225259e-02,-2.68521944e-02,-2.63891392e-02,-2.60351590e-02,-2.57878768e-02,-2.56409640e-02,-2.55842030e-02,-2.56040854e-02,-2.56861541e-02,-2.58132038e-02,-2.59675115e-02,-2.61315882e-02,-2.62890239e-02,-2.64252666e-02,-2.65282743e-02,-2.65889647e-02,-2.66024902e-02,-2.65663146e-02,-2.64819356e-02,-2.63544519e-02,-2.61920991e-02,-2.60058840e-02,-2.58090997e-02,-2.56167614e-02,-2.54449905e-02,-2.53103776e-02,-2.52294624e-02,-2.52163720e-02,-2.52858062e-02,-2.54493789e-02,-2.57158633e-02,-2.60907984e-02
-2.15434607e-02,-2.09821246e-02,-2.03424780e-02,-1.96176530e-02,-1.88019073e-02,-1.78910555e-02,-1.68828740e-02,-1.57774645e-02,-1.45775609e-02,-1.32887687e-02,-1.19197286e-02,-1.04821992e-02,-8.99105789e-03,-7.46421689e-03,-5.92245655e-03,-4.38917307e-03,-2.89003877e-03,-1.45257010e-03,-1.05597104e-04,1.12136307e-03,2.19885733e-03,3.09836970e-03,3.79327190e-03,4.25986862e-03,4.47847786e-03,4.43455402e-03,4.12065567e-03,3.53463074e-03,2.68310807e-03,1.58062328e-03,2.49609399e-04,-1.28016276e-03,-2.97263768e-03,-4.78701223e-03,-6.67954940e-03,-8.60561913e-03,-1.05217749e-02,-1.23876940e-02,-1.41678267e-02,-1.58326373e-02,-1.73593704e-02,-1.87323287e-02,-1.99426997e-02,-2.09880029e-02,-2.18712536e-02,-2.25999477e-02,-2.31849651e-02,-2.36394773e-02,-2.39779228e-02,-2.42150979e-02,-2.43653841e-02,-2.44420926e-02,-2.44579254e-02,-2.44223013e-02,-2.43433714e-02,-2.42272862e-02,-2.40780253e-02,-2.38974788e-02,-2.36855508e-02,-2.34403027e-02,-2.31581330e-02,-2.28339977e-02,-2.24616697e-02,-2.20340401e-02
-1.02334342e-02,-1.01573190e-02,-9.99930058e-03,-9.75640727e-03,-9.42690386e-03,-9.01045677e-03,-8.50821030e-03,-7.92278338e-03,-7.25819765e-03,-6.51975135e-03,-5.71385706e-03,-4.84786237e-03,-3.92987182e-03,-2.96858618e-03,-1.97317093e-03,-9.53161097e-04,8.15959569e-05,1.12096111e-03,2.15450396e-03,3.17148891e-03,4.16086083e-03,5.11125153e-03,6.01102096e-03,6.84834657e-03,7.61137062e-03,8.28841022e-03,8.86822880e-03,9.34036165e-03,9.69548106e-03,9.92577872e-03,1.00253203e-02,9.99055434e-03,9.82110071e-03,9.51789801e-03,9.08570090e-03,8.53201842e-03,7.86703842e-03,7.10334173e-03,6.25548100e-03,5.33945342e-03,4.37209943e-03,3.37046549e-03,2.35117147e-03,1.32982380e-03,3.20510915e-04,-6.64587987e-04,-1.61546068e-03,-2.52438250e-03,-3.38588338e-03,-4.19658540e-03,-4.95492563e-03,-5.66078963e-03,-6.31508573e-03,-6.91929244e-03,-7.47501174e-03,-7.98355923e-03,-8.44561857e-03,-8.86098231e-03,-9.22839478e-03,-9.54550471e-03,-9.80892715e-03,-1.00144048e-02,-1.01570455e-02,-1.02315265e-02
-2.65853638e-02,-2.62689313e-02,-2.57507472e-02,-2.50275572e-02,-2.41029160e-02,-2.29869854e-02,-2.16960652e-02,-2.02519268e-02,-1.86810124e-02,-1.70135526e-02,-1.52826456e-02,-1.35233295e-02,-1.17716662e-02,-1.00638478e-02,-8.43532834e-03,-6.91998078e-03,-5.54927974e-03,-4.35151376e-03,-3.35103697e-03,-2.56757756e-03,-2.01563012e-03,-1.70398265e-03,-1.63507701e-03,-1.80548529e-03,-2.20541494e-03,-2.81911953e-03,-3.62548108e-03,-4.59876420e-03,-5.70958030e-03,-6.92600754e-03,-8.21480372e-03,-9.54264293e-03,-1.08773078e-02,-1.21887767e-02,-1.34501573e-02,-1.46384367e-02,-1.57350318e-02,-1.67261403e-02,-1.76029042e-02,-1.83614022e-02,-1.90024919e-02,-1.95315191e-02,-1.99579103e-02,-2.02946567e-02,-2.05576970e-02,-2.07651994e-02,-2.09367493e-02,-2.10924574e-02,-2.12520124e-02,-2.14336855e-02,-2.16533005e-02,-2.19232208e-02,-2.22514240e-02,-2.26407319e-02,-2.30882646e-02,-2.35851846e-02,-2.41167837e-02,-2.46629430e-02,-2.51989671e-02,-2.56967566e-02,-2.61262439e-02,-2.64569666e-02,-2.66594909e-02,-2.67099121e-02
1.38000111e-02,1.39379591e-02,1.40822098e-02,1.42344004e-02,1.43949463e-02,1.45629735e-02,1.47363171e-02,1.49115832e-02,1.50842668e-02,1.52489194e-02,1.53993555e-02,1.55288889e-02,1.56305883e-02,1.56975424e-02,1.57231062e-02,1.57014066e-02,1.56274213e-02,1.54967454e-02,1.53066096e-02,1.50557065e-02,1.47443671e-02,1.43746676e-02,1.39504771e-02,1.34774389e-02,1.29628833e-02,1.24156661e-02,1.18459378e-02,1.12648472e-02,1.06841918e-02,1.01160298e-02,9.57227380e-03,9.06428630e-03,8.60249848e-03,8.19607236e-03,7.85262220e-03,7.57800711e-03,7.37620143e-03,7.24924513e-03,7.19727864e-03,7.21854611e-03,7.30946862e-03,7.46543263e-03,7.68022414e-03,7.94663287e-03,8.25667194e-03,8.60182935e-03,8.97332207e-03,9.36234581e-03,9.76031708e-03,1.01591043e-02,1.05512450e-02,1.09301440e-02,1.12902481e-02,1.16271897e-02,1.19378919e-02,1.22206279e-02,1.24750271e-02,1.27020236e-02,1.29037442e-02,1.30833383e-02,1.32447544e-02,1.33924748e-02,1.35312196e-02,1.36656392e-02
1.53181118e-02,1.64998732e-02,1.77121398e-02,1.89506524e-02,2.02107561e-02,2.14870578e-02,2.27730978e-02,2.40610644e-02,2.53415739e-02,2.66035373e-02,2.78341303e-02,2.90188768e-02,3.01418517e-02,3.11860000e-02,3.21335663e-02,3.29666199e-02,3.36676548e-02,3.42202391e-02,3.46096739e-02,3.48235834e-02,3.48518642e-02,3.46939805e-02,3.43437997e-02,3.38040387e-02,3.30816138e-02,3.21873215e-02,3.11355967e-02,2.99439977e-02,2.86325294e-02,2.72228681e-02,2.57375506e-02,2.41991901e-02,2.26297777e-02,2.10501150e-02,1.94794096e-02,1.79350417e-02,1.64324965e-02,1.49854335e-02,1.36058575e-02,1.23043449e-02,1.10902812e-02,9.97206979e-03,8.95728304e-03,8.05273691e-03,7.26448604e-03,6.59774724e-03,6.05676951e-03,5.64467587e-03,5.36330523e-03,5.21308571e-03,5.19301071e-03,5.29995162e-03,5.53027876e-03,5.87850185e-03,6.33799401e-03,6.90124389e-03,7.56013070e-03,8.30622648e-03,9.13109529e-03,1.00265659e-02,1.09849576e-02,1.19992417e-02,1.30631254e-02,1.41710519e-02
-2.25403680e-02,-2.26595296e-02,-2.25963003e-02,-2.23558159e-02,-2.19476757e-02,-2.13828969e-02,-2.06737379e-02,-1.98333384e-02,-1.88753704e-02,-1.78137301e-02,-1.66622796e-02,-1.54346416e-02,-1.41440449e-02,-1.28032177e-02,-1.14243214e-02,-1.00189189e-02,-8.59797050e-03,-7.17184934e-03,-5.75037197e-03,-4.34283845e-03,-2.95807869e-03,-1.60450288e-03,-2.90154457e-04,9.77233740e-04,2.19018257e-03,3.34141527e-03,4.42379855e-03,5.43029025e-03,6.35389369e-03,7.18762286e-03,7.92448336e-03,8.55747436e-03,9.07961631e-03,9.48400836e-03,9.76391631e-03,9.91288163e-03,9.92471394e-03,9.79530790e-03,9.51909340e-03,9.09289756e-03,8.51478925e-03,7.78440937e-03,6.90323312e-03,5.87479401e-03,4.70487344e-03,3.40164765e-03,1.97578201e-03,4.40462420e-04,-1.18864272e-03,-2.89349862e-03,-4.65393482e-03,-6.44793641e-03,-8.25203697e-03,-1.00417957e-02,-1.17923461e-02,-1.34789960e-02,-1.50778535e-02,-1.65664487e-02,-1.79243177e-02,-1.91335184e-02,-2.01790501e-02,-2.10491539e-02,-2.17354808e-02,-2.22331106e-02
-5.52206944e-03,-6.75210008e-03,-8.01686486e-03,-9.29473841e-03,-1.05639800e-02,-1.18033875e-02,-1.29929158e-02,-1.41142304e-02,-1.51511718e-02,-1.60901135e-02,-1.69202030e-02,-1.76334849e-02,-1.82249081e-02,-1.86922295e-02,-1.90358214e-02,-1.92583816e-02,-1.93643995e-02,-1.93622916e-02,-1.92579027e-02,-1.90604715e-02,-1.87794700e-02,-1.84245790e-02,-1.80054014e-02,-1.75311901e-02,-1.70106142e-02,-1.64515714e-02,-1.58610489e-02,-1.52450336e-02,-1.46084715e-02,-1.39552736e-02,-1.32883658e-02,-1.26097787e-02,-1.19207731e-02,-1.12219960e-02,-1.05136624e-02,-9.79575613e-03,-9.06824555e-03,-8.33130495e-03,-7.58553645e-03,-6.83218367e-03,-6.07332907e-03,-5.31206627e-03,-4.55263868e-03,-3.80053618e-03,-3.06254216e-03,-2.34672468e-03,-1.66236712e-03,-1.01983548e-03,-4.30382287e-04,9.41110069e-05,5.41444511e-04,8.99468282e-04,1.15648388e-03,1.30167010e-03,1.32551017e-03,1.22038107e-03,9.80604027e-04,6.03135595e-04,8.77705129e-05,-5.62643958e-04,-1.34208514e-03,-2.24136121e-03,-3.24822608e-03,-4.34762635e-03
1.95046823e-02,1.90827203e-02,1.87236893e-02,1.84397973e-02,1.82405460e-02,1.81324535e-02,1.81190775e-02,1.81992029e-02,1.83711921e-02,1.86292368e-02,1.89650811e-02,1.93684128e-02,1.98272700e-02,2.03284975e-02,2.08582161e-02,2.14022830e-02,2.19467285e-02,2.24781585e-02,2.29841109e-02,2.34533612e-02,2.38761729e-02,2.42444912e-02,2.45520809e-02,2.47946126e-02,2.49696998e-02,2.50768890e-02,2.51175767e-02,2.50953369e-02,2.50154483e-02,2.48838445e-02,2.47086493e-02,2.44990989e-02,2.42653609e-02,2.40182483e-02,2.37688762e-02,2.35282721e-02,2.33069502e-02,2.31144661e-02,2.29589720e-02,2.28467996e-02,2.27821011e-02,2.27666285e-02,2.27987680e-02,2.28752635e-02,2.29898798e-02,2.31338038e-02,2.32961916e-02,2.34646159e-02,2.36256374e-02,2.37654536e-02,2.38705914e-02,2.39285906e-02,2.39284242e-02,2.38632405e-02,2.37261348e-02,2.35150638e-02,2.32312376e-02,2.28793483e-02,2.24674612e-02,2.20067100e-02,2.15108241e-02,2.09955176e-02,2.04777781e-02,1.99750959e-02
-2.27859626e-02,-2.25113806e-02,-2.22060091e-02,-2.18688330e-02,-2.14994402e-02,-2.10980109e-02,-2.06653095e-02,-2.02026857e-02,-1.97120927e-02,-1.91961243e-02,-1.86580721e-02,-1.81019977e-02,-1.75328142e-02,-1.69563675e-02,-1.63795051e-02,-1.58101206e-02,-1.52571578e-02,-1.47305625e-02,-1.42411679e-02,-1.38005027e-02,-1.34205160e-02,-1.31132179e-02,-1.28902473e-02,-1.27624551e-02,-1.27382110e-02,-1.28253231e-02,-1.30283225e-02,-1.33484927e-02,-1.37835812e-02,-1.43275212e-02,-1.49703770e-02,-1.56985251e-02,-1.64950795e-02,-1.73405507e-02,-1.82137046e-02,-1.90925639e-02,-1.99554782e-02,-2.07821787e-02,-2.15547351e-02,-2.22583389e-02,-2.28818596e-02,-2.34181399e-02,-2.38640239e-02,-2.42201335e-02,-2.44904301e-02,-2.46816068e-02,-2.48023686e-02,-2.48626426e-02,-2.48736620e-02,-2.48450987e-02,-2.47866569e-02,-2.47068472e-02,-2.46125912e-02,-2.45090632e-02,-2.43996426e-02,-2.42859817e-02,-2.41681713e-02,-2.40449810e-02,-2.39141459e-02,-2.37726744e-02,-2.36171511e-02,-2.34440178e-02,-2.32498144e-02,-2.30313733e-02
-3.80266374e-03,-6.30731637e-03,-8.75985298e-03,-1.11188940e-02,-1.33475663e-02,-1.54146087e-02,-1.72950008e-02,-1.89701196e-02,-2.04274774e-02,-2.16601316e-02,-2.26658761e-02,-2.34463245e-02,-2.40059737e-02,-2.43512659e-02,-2.44906359e-02,-2.44347377e-02,-2.41902983e-02,-2.37674029e-02,-2.31759196e-02,-2.24258438e-02,-2.15274212e-02,-2.04912658e-02,-1.93284674e-02,-1.80506690e-02,-1.66701005e-02,-1.51995569e-02,-1.36523224e-02,-1.20420404e-02,-1.03825421e-02,-8.68764241e-03,-6.97092090e-03,-5.24550277e-03,-3.52385654e-03,-1.81762450e-03,-1.37500133e-04,1.50683300e-03,3.10669969e-03,4.65436062e-03,6.14285909e-03,7.56580339e-03,8.91709026e-03,1.01905842e-02,1.13797717e-02,1.24774143e-02,1.34752263e-02,1.43636069e-02,1.51314562e-02,1.57661049e-02,1.62533824e-02,1.65778410e-02,1.67230992e-02,1.66727608e-02,1.64128569e-02,1.59270334e-02,1.52039451e-02,1.42358323e-02,1.30198553e-02,1.15591538e-02,9.86366078e-03,7.95057700e-03,5.84441955e-03,3.57658252e-03,1.18439836e-03,-1.29025589e-03
5.24320832e-03,5.27277635e-03,5.27945773e-03,5.26025626e-03,5.21058727e-03,5.12494103e-03,4.99749661e-03,4.82275246e-03,4.59614636e-03,4.31458427e-03,3.97683510e-03,3.58376023e-03,3.13836321e-03,2.64566211e-03,2.11240361e-03,1.54665245e-03,9.57300028e-04,3.53541541e-04,-2.55628443e-04,-8.61855274e-04,-1.45776911e-03,-2.03720022e-03,-2.59526064e-03,-3.12829297e-03,-3.63370013e-03,-4.10968011e-03,-4.55489644e-03,-4.96811974e-03,-5.34787674e-03,-5.69214200e-03,-5.99810380e-03,-6.26202943e-03,-6.47924746e-03,-6.64425355e-03,-6.75092767e-03,-6.79299921e-03,-6.76444889e-03,-6.65954875e-03,-6.47399965e-03,-6.20513308e-03,-5.85235662e-03,-5.41748174e-03,-4.90492054e-03,-4.32173189e-03,-3.67750585e-03,-2.98408671e-03,-2.25514552e-03,-1.50562401e-03,-7.51080723e-04,-6.97833150e-06,7.12040795e-04,1.39284907e-03,2.02444308e-03,2.59841756e-03,3.10927033e-03,3.55450681e-03,3.93452985e-03,4.25231865e-03,4.51291986e-03,4.72279280e-03,4.88906592e-03,5.01877207e-03,5.11813271e-03,5.19195687e-03
-1.39459346e-03,-1.98747948e-03,-2.63251134e-03,-3.32441476e-03,-4.05728440e-03,-4.82479233e-03,-5.62042629e-03,-6.43772882e-03,-7.27050717e-03,-8.11298739e-03,-8.95989174e-03,-9.80642765e-03,-1.06481863e-02,-1.14809602e-02,-1.23004985e-02,-1.31022272e-02,-1.38809665e-02,-1.46306815e-02,-1.53442967e-02,-1.60136064e-02,-1.66292988e-02,-1.71811062e-02,-1.76580792e-02,-1.80489705e-02,-1.83426981e-02,-1.85288110e-02,-1.85987134e-02,-1.85456627e-02,-1.83637453e-02,-1.80508373e-02,-1.76076381e-02,-1.70379094e-02,-1.63484861e-02,-1.55491362e-02,-1.46522895e-02,-1.36726526e-02,-1.26267313e-02,-1.15322859e-02,-1.04077468e-02,-9.27161679e-03,-8.14189050e-03,-7.03551564e-03,-5.96792211e-03,-4.95264038e-03,-4.00102668e-03,-3.12210705e-03,-2.32254532e-03,-1.60673300e-03,-9.76990057e-04,-4.33858593e-04,2.35364126e-05,3.97088150e-04,6.89308992e-04,9.02958774e-04,1.04073046e-03,1.10501745e-03,1.09777536e-03,1.02056326e-03,8.74406937e-04,6.60150099e-04,3.78568306e-04,3.06124162e-05,-3.82353469e-04,-8.58343069e-04
3.42811164e-02,3.59363934e-02,3.75558648e-02,3.91204551e-02,4.06120503e-02,4.20136732e-02,4.33096488e-02,4.44857633e-02,4.55294198e-02,4.64297924e-02,4.71779778e-02,4.77671403e-02,4.81926387e-02,4.84521039e-02,4.85452637e-02,4.84766454e-02,4.82518351e-02,4.78754781e-02,4.73575418e-02,4.67095669e-02,4.59445687e-02,4.50766887e-02,4.41207442e-02,4.30917340e-02,4.20043366e-02,4.08724331e-02,3.97086875e-02,3.85242137e-02,3.73283524e-02,3.61285748e-02,3.49305214e-02,3.37381741e-02,3.25541521e-02,3.13801128e-02,3.02172310e-02,2.90667263e-02,2.79303988e-02,2.68111383e-02,2.57133630e-02,2.46433543e-02,2.36094539e-02,2.26221005e-02,2.16936933e-02,2.08382854e-02,2.00711207e-02,1.94080447e-02,1.88648303e-02,1.84564687e-02,1.81964860e-02,1.80964005e-02,1.81643469e-02,1.84052258e-02,1.88225468e-02,1.94149114e-02,2.01776715e-02,2.11029733e-02,2.21800022e-02,2.33953217e-02,2.47332644e-02,2.61763484e-02,2.77056951e-02,2.93014338e-02,3.09430796e-02,3.26098784e-02
-1.59544410e-02,-1.39721284e-02,-1.19393611e-02,-9.86819684e-03,-7.77144184e-03,-5.66276739e-03,-3.55678355e-03,-1.46906463e-03,5.83876028e-04,2.58465090e-03,4.51514787e-03,6.35670608e-03,8.09034092e-03,9.69701509e-03,1.11579462e-02,1.24549417e-02,1.35707513e-02,1.44894217e-02,1.51966409e-02,1.56800509e-02,1.59294804e-02,1.59366237e-02,1.57004737e-02,1.52152288e-02,1.44823277e-02,1.35056101e-02,1.22917254e-02,1.08501633e-02,9.19322846e-03,7.33600964e-03,5.29635278e-03,3.09483237e-03,7.54705788e-04,-1.69816923e-03,-4.23547971e-03,-6.82676927e-03,-9.43980843e-03,-1.20411328e-02,-1.45967212e-02,-1.70727902e-02,-1.94366660e-02,-2.16576764e-02,-2.37080004e-02,-2.55634137e-02,-2.72038723e-02,-2.86138969e-02,-2.97827353e-02,-3.07042976e-02,-3.13768685e-02,-3.18025458e-02,-3.19871487e-02,-3.19435049e-02,-3.16773624e-02,-3.12020217e-02,-3.05309628e-02,-2.96779985e-02,-2.86569432e-02,-2.74813269e-02,-2.61642048e-02,-2.47180623e-02,-2.31548118e-02,-2.14858636e-02,-1.97222572e-02,-1.78748350e-02
-2.35140120e-02,-2.43232076e-02,-2.49796234e-02,-2.54929059e-02,-2.58761262e-02,-2.61450039e-02,-2.63170234e-02,-2.64104672e-02,-2.64436028e-02,-2.64333537e-02,-2.63939542e-02,-2.63371956e-02,-2.62710035e-02,-2.61990181e-02,-2.61203485e-02,-2.60295895e-02,-2.59171181e-02,-2.57696658e-02,-2.55711515e-02,-2.53037210e-02,-2.49489232e-02,-2.44889368e-02,-2.39077644e-02,-2.31923157e-02,-2.23333136e-02,-2.13259777e-02,-2.01704617e-02,-1.88720399e-02,-1.74410609e-02,-1.58926938e-02,-1.42465078e-02,-1.25259204e-02,-1.07575557e-02,-8.97054288e-03,-7.19578172e-03,-5.46519418e-03,-3.81097415e-03,-2.26484302e-03,-8.57315512e-04,3.83020369e-04,1.43018015e-03,2.26149653e-03,2.85823436e-03,3.20615338e-03,3.29595688e-03,3.12423367e-03,2.69248191e-03,2.00808975e-03,1.08423630e-03,-6.05713716e-05,-1.40293483e-03,-2.91522988e-03,-4.56643205e-03,-6.32303878e-03,-8.15008619e-03,-1.00122011e-02,-1.18746435e-02,-1.37042986e-02,-1.54705830e-02,-1.71462387e-02,-1.87079919e-02,-2.01370636e-02,-2.14195202e-02,-2.25464570e-02
-3.64659973e-02,-3.59021108e-02,-3.55614680e-02,-3.54530061e-02,-3.55857290e-02,-3.59672275e-02,-3.65983244e-02,-3.74758160e-02,-3.85919075e-02,-3.99340878e-02,-4.14852573e-02,-4.32240995e-02,-4.51256825e-02,-4.71622572e-02,-4.93041986e-02,-5.15210127e-02,-5.37823273e-02,-5.60587826e-02,-5.83227525e-02,-6.05488493e-02,-6.27141947e-02,-6.47984695e-02,-6.67837790e-02,-6.86543936e-02,-7.03964298e-02,-7.19975360e-02,-7.34466384e-02,-7.47337834e-02,-7.58500913e-02,-7.67878148e-02,-7.75404715e-02,-7.81029671e-02,-7.84714597e-02,-7.86431599e-02,-7.86313675e-02,-7.84245305e-02,-7.80305346e-02,-7.74563970e-02,-7.67104204e-02,-7.58022143e-02,-7.47424596e-02,-7.35426234e-02,-7.22146816e-02,-7.07708789e-02,-6.92235420e-02,-6.75849539e-02,-6.58672921e-02,-6.40826256e-02,-6.22429643e-02,-6.03603493e-02,-5.84469705e-02,-5.65152997e-02,-5.45782249e-02,-5.26491744e-02,-5.07422199e-02,-4.88721505e-02,-4.70545103e-02,-4.53055944e-02,-4.36423972e-02,-4.20825122e-02,-4.06439762e-02,-3.93450569e-02,-3.82039802e-02,-3.72385970e-02
3.90333446e-03,4.65159596e-03,5.43850095e-03,6.25878150e-03,7.10799389e-03,7.98236554e-03,8.87856730e-03,9.79343311e-03,1.07236522e-02,1.16654603e-02,1.26143550e-02,1.35648581e-02,1.45103433e-02,1.54429426e-02,1.63535412e-02,1.72318623e-02,1.80666413e-02,1.88458832e-02,1.95571925e-02,2.01881624e-02,2.07268064e-02,2.11620114e-02,2.14839885e-02,2.16846884e-02,2.17580861e-02,2.17014178e-02,2.15142925e-02,2.11976872e-02,2.07565058e-02,2.01980612e-02,1.95318765e-02,1.87692938e-02,1.79229843e-02,1.70064115e-02,1.60332916e-02,1.50170983e-02,1.39706504e-02,1.29058164e-02,1.18333538e-02,1.07628882e-02,9.70302096e-03,8.66153836e-03,7.64568696e-03,6.66247010e-03,5.71892053e-03,4.82230757e-03,3.98024624e-03,3.20068838e-03,2.49179152e-03,1.86167620e-03,1.31809732e-03,8.68065303e-04,5.17459280e-04,2.70675482e-04,1.30349663e-04,9.71836239e-05,1.69889029e-04,3.45268056e-04,6.18403961e-04,9.82953077e-04,1.43151319e-03,1.95602883e-03,2.54820133e-03,3.19986996e-03
-1.29291281e-02,-1.30822445e-02,-1.32247804e-02,-1.33525767e-02,-1.34610021e-02,-1.35452042e-02,-1.36003179e-02,-1.36217907e-02,-1.36054561e-02,-1.35471830e-02,-1.34435703e-02,-1.32916751e-02,-1.30890390e-02,-1.28336981e-02,-1.25242077e-02,-1.21596951e-02,-1.17399468e-02,-1.12655329e-02,-1.07379616e-02,-1.01598552e-02,-9.53513025e-03,-8.86916407e-03,-8.16892604e-03,-7.44305385e-03,-6.70185622e-03,-5.95722744e-03,-5.22246387e-03,-4.51197849e-03,-3.84091579e-03,-3.22467600e-03,-2.67836445e-03,-2.21618845e-03,-1.85083050e-03,-1.59283282e-03,-1.45004256e-03,-1.42697324e-03,-1.52481006e-03,-1.74088497e-03,-2.06878176e-03,-2.49854204e-03,-3.01706466e-03,-3.60869485e-03,-4.25596728e-03,-4.94045415e-03,-5.64365935e-03,-6.34789501e-03,-7.03707852e-03,-7.69739610e-03,-8.31779209e-03,-8.89025975e-03,-9.40992666e-03,-9.87494445e-03,-1.02862067e-02,-1.06469290e-02,-1.09621312e-02,-1.12380646e-02,-1.14816266e-02,-1.16997983e-02,-1.18991404e-02,-1.20853693e-02,-1.22630336e-02,-1.24352986e-02,-1.26038414e-02,-1.27688522e-02
-4.50099600e-03,-4.16139120e-03,-3.79900637e-03,-3.41387900e-03,-3.00681710e-03,-2.57949779e-03,-2.13447164e-03,-1.67507822e-03,-1.20528600e-03,-7.29476051e-04,-2.52193168e-04,2.22109576e-04,6.89306117e-04,1.14579122e-03,1.58860790e-03,2.01549673e-03,2.42485864e-03,2.81563110e-03,3.18708607e-03,3.53856606e-03,3.86918176e-03,4.17750004e-03,4.46125460e-03,4.71711193e-03,4.94052337e-03,5.12568892e-03,5.26565068e-03,5.35252316e-03,5.37784275e-03,5.33326743e-03,5.21079166e-03,5.00355071e-03,4.70660265e-03,4.31744509e-03,3.83654415e-03,3.26770390e-03,2.61823700e-03,1.89890534e-03,1.12361722e-03,3.08889702e-04,-5.26891284e-04,-1.36435759e-03,-2.18414104e-03,-2.96784101e-03,-3.69892064e-03,-4.36345621e-03,-4.95068541e-03,-5.45332113e-03,-5.86762035e-03,-6.19321957e-03,-6.43276710e-03,-6.59139554e-03,-6.67607360e-03,-6.69520222e-03,-6.65725829e-03,-6.57077339e-03,-6.44366853e-03,-6.28278350e-03,-6.09361863e-03,-5.88021454e-03,-5.64517199e-03,-5.38979756e-03,-5.11435104e-03,-4.81836410e-03
-1.23384091e-02,-1.33668697e-02,-1.43182786e-02,-1.51894667e-02,-1.59769216e-02,-1.66764633e-02,-1.72830123e-02,-1.77904793e-02,-1.81917912e-02,-1.84790426e-02,-1.86436493e-02,-1.86786318e-02,-1.85750337e-02,-1.83257390e-02,-1.79254069e-02,-1.73706404e-02,-1.66604521e-02,-1.57965744e-02,-1.47836378e-02,-1.36292183e-02,-1.23437614e-02,-1.09403961e-02,-9.43465839e-03,-7.84414532e-03,-6.18812206e-03,-4.48710279e-03,-2.76242290e-03,-1.03581705e-03,6.70986064e-04,2.33663173e-03,3.94051671e-03,5.46309902e-03,6.88618280e-03,8.19316974e-03,9.36927410e-03,1.04016996e-02,1.12797763e-02,1.19950552e-02,1.25413590e-02,1.29147861e-02,1.31136543e-02,1.31382112e-02,1.29928969e-02,1.26806096e-02,1.22078834e-02,1.15828220e-02,1.08149492e-02,9.91509099e-03,8.89522906e-03,7.76834994e-03,6.54828971e-03,5.24956715e-03,3.88719762e-03,2.47648109e-03,1.03276108e-03,-4.28843031e-04,-1.89371529e-03,-3.34804319e-03,-4.77908383e-03,-6.17538944e-03,-7.52696843e-03,-8.82535905e-03,-1.00636017e-02,-1.12361047e-02
-3.13756886e-02,-3.11362735e-02,-3.08229617e-02,-3.04417726e-02,-3.00011372e-02,-2.95116945e-02,-2.89860160e-02,-2.84382644e-02,-2.78837919e-02,-2.73386871e-02,-2.68192762e-02,-2.63415914e-02,-2.59208182e-02,-2.55707382e-02,-2.53031930e-02,-2.51276226e-02,-2.50503923e-02,-2.50732074e-02,-2.51973520e-02,-2.54184706e-02,-2.57288357e-02,-2.61173729e-02,-2.65700362e-02,-2.70703680e-02,-2.76002025e-02,-2.81404738e-02,-2.86720807e-02,-2.91767552e-02,-2.96378804e-02,-3.00412092e-02,-3.03754410e-02,-3.06326264e-02,-3.08083708e-02,-3.09017506e-02,-3.09171085e-02,-3.08589036e-02,-3.07360179e-02,-3.05596612e-02,-3.03427145e-02,-3.00991750e-02,-2.98435471e-02,-2.95902396e-02,-2.93529908e-02,-2.91443434e-02,-2.89751842e-02,-2.88543761e-02,-2.87885855e-02,-2.87804480e-02,-2.88323730e-02,-2.89427596e-02,-2.91074706e-02,-2.93199876e-02,-2.95716512e-02,-2.98520020e-02,-3.01491876e-02,-3.04504152e-02,-3.07424328e-02,-3.10120173e-02,-3.12464540e-02,-3.14339820e-02,-3.15641599e-02,-3.16281282e-02,-3.16214315e-02,-3.15377204e-02
3.24547418e-02,3.24389942e-02,3.23469050e-02,3.21775537e-02,3.19323392e-02,3.16129173e-02,3.12212947e-02,3.07597931e-02,3.02309935e-02,2.96376893e-02,2.89828624e-02,2.82696928e-02,2.75016108e-02,2.66823932e-02,2.58163012e-02,2.49082508e-02,2.39640007e-02,2.29903358e-02,2.19952231e-02,2.09879153e-02,1.99789781e-02,1.89802254e-02,1.80045513e-02,1.70656604e-02,1.61777060e-02,1.53548566e-02,1.46108193e-02,1.39583517e-02,1.34087976e-02,1.29716773e-02,1.26543607e-02,1.24618468e-02,1.23967019e-02,1.24584201e-02,1.26445192e-02,1.29507468e-02,1.33702859e-02,1.38947043e-02,1.45142322e-02,1.52180993e-02,1.59948729e-02,1.68327774e-02,1.77199823e-02,1.86448497e-02,1.95961368e-02,2.05631508e-02,2.15358570e-02,2.25049437e-02,2.34618478e-02,2.43987478e-02,2.53085314e-02,2.61847450e-02,2.70215325e-02,2.78135709e-02,2.85560082e-02,2.92444100e-02,2.98747179e-02,3.04432220e-02,3.09465497e-02,3.13816701e-02,3.17459110e-02,3.20369864e-02,3.22530286e-02,3.23926139e-02
3.30145971e-02,3.24617880e-02,3.17238443e-02,3.07938546e-02,2.96684555e-02,2.83485370e-02,2.68398478e-02,2.51534500e-02,2.33059714e-02,2.13196091e-02,1.92218515e-02,1.70449045e-02,1.48248325e-02,1.26004520e-02,1.04120367e-02,8.29991593e-03,6.30305621e-03,4.45771753e-03,2.79626645e-03,1.34621061e-03,1.29496523e-04,-8.37899629e-04,-1.54612828e-03,-1.99136933e-03,-2.17557686e-03,-2.10613169e-03,-1.79447571e-03,-1.25637074e-03,-5.10764224e-04,4.20911407e-04,1.51543710e-03,2.74852898e-03,4.09547266e-03,5.53172094e-03,7.03343825e-03,8.57798518e-03,1.01443387e-02,1.17134433e-02,1.32684873e-02,1.47950995e-02,1.62814603e-02,1.77183229e-02,1.90989447e-02,2.04189281e-02,2.16759776e-02,2.28695811e-02,2.40006309e-02,2.50709983e-02,2.60830853e-02,2.70393692e-02,2.79419655e-02,2.87922233e-02,2.95903726e-02,3.03352343e-02,3.10240024e-02,3.16521038e-02,3.22131399e-02,3.26989079e-02,3.30995052e-02,3.34035087e-02,3.35982167e-02,3.36698238e-02,3.36054430e-02,3.33919553e-02
3.05162095e-02,2.97287244e-02,2.89803421e-02,2.82880171e-02,2.76680496e-02,2.71353804e-02,2.67029485e-02,2.63811565e-02,2.61774832e-02,2.60963264e-02,2.61382229e-02,2.63000566e-02,2.65780846e-02,2.69641997e-02,2.74482496e-02,2.80183737e-02,2.86614804e-02,2.93637448e-02,3.01110845e-02,3.08895923e-02,3.16859102e-02,3.24875340e-02,3.32830468e-02,3.40622781e-02,3.48163947e-02,3.55379298e-02,3.62207592e-02,3.68600361e-02,3.74520958e-02,3.79943423e-02,3.84851268e-02,3.89236271e-02,3.93097340e-02,3.96439487e-02,3.99272922e-02,4.01612246e-02,4.03475715e-02,4.04884524e-02,4.05862050e-02,4.06432982e-02,4.06621910e-02,4.06458142e-02,4.05964033e-02,4.05155649e-02,4.04049782e-02,4.02657135e-02,4.00981713e-02,3.99020167e-02,3.96761439e-02,3.94186899e-02,3.91271058e-02,3.87982933e-02,3.84288082e-02,3.80151290e-02,3.75539837e-02,3.70427200e-02,3.64797019e-02,3.58647063e-02,3.51992928e-02,3.44871135e-02,3.37341343e-02,3.29487365e-02,3.21416791e-02,3.13259079e-02
-1.90280675e-02,-2.05679375e-02,-2.20177246e-02,-2.33486958e-02,-2.45373507e-02,-2.55661702e-02,-2.64240097e-02,-2.71061412e-02,-2.76139708e-02,-2.79544692e-02,-2.81392969e-02,-2.81858965e-02,-2.81115013e-02,-2.79362004e-02,-2.76814390e-02,-2.73682619e-02,-2.70164811e-02,-2.66438558e-02,-2.62653897e-02,-2.58927794e-02,-2.55340390e-02,-2.51933171e-02,-2.48709179e-02,-2.45635259e-02,-2.42646231e-02,-2.39650745e-02,-2.36538453e-02,-2.33188055e-02,-2.29475717e-02,-2.25283317e-02,-2.20506014e-02,-2.15058696e-02,-2.08880982e-02,-2.01940613e-02,-1.94235210e-02,-1.85792501e-02,-1.76669247e-02,-1.66949147e-02,-1.56740051e-02,-1.46170778e-02,-1.35387828e-02,-1.24552190e-02,-1.13836364e-02,-1.03421659e-02,-9.34956943e-03,-8.42500099e-03,-7.58775959e-03,-6.85701330e-03,-6.25147354e-03,-5.78900296e-03,-5.48616124e-03,-5.35748344e-03,-5.41457814e-03,-5.66680740e-03,-6.11891398e-03,-6.77106938e-03,-7.61823852e-03,-8.64976880e-03,-9.84922710e-03,-1.11945367e-02,-1.26584498e-02,-1.42093613e-02,-1.58124386e-02,-1.74310020e-02
-2.14879386e-03,-3.48418486e-03,-4.70206721e-03,-5.79283943e-03,-6.74714588e-03,-7.55613449e-03,-8.21178467e-03,-8.70725821e-03,-9.03721212e-03,-9.19792620e-03,-9.18938034e-03,-9.01068806e-03,-8.66481348e-03,-8.15644646e-03,-7.49201027e-03,-6.67942647e-03,-5.72783316e-03,-4.64729572e-03,-3.44853598e-03,-2.14269868e-03,-7.41168587e-04,7.44555164e-04,2.30291764e-03,3.92233793e-03,5.59116551e-03,7.29760882e-03,9.02963914e-03,1.07748819e-02,1.25205079e-02,1.42531351e-02,1.59587530e-02,1.76226772e-02,1.92295443e-02,2.07633535e-02,2.22075634e-02,2.35452483e-02,2.47593197e-02,2.58328162e-02,2.67492601e-02,2.74930774e-02,2.80500669e-02,2.84078877e-02,2.85564325e-02,2.84894171e-02,2.82057143e-02,2.77026164e-02,2.69850888e-02,2.60618993e-02,2.49457916e-02,2.36532242e-02,2.22038640e-02,2.06198961e-02,1.89252035e-02,1.71444849e-02,1.53023833e-02,1.34227000e-02,1.15277594e-02,9.63796984e-03,7.77160347e-03,5.94479219e-03,4.17170979e-03,2.46489256e-03,8.35636753e-04,-7.05592778e-04
3.03265085e-02,3.00995053e-02,2.97941587e-02,2.94164227e-02,2.89718521e-02,2.84654596e-02,2.79016659e-02,2.72843501e-02,2.66169899e-02,2.59028715e-02,2.51453417e-02,2.43480733e-02,2.35153135e-02,2.26520881e-02,2.17643434e-02,2.08590081e-02,1.99439737e-02,1.90279933e-02,1.81205090e-02,1.72314230e-02,1.63708311e-02,1.55487380e-02,1.47747765e-02,1.40579470e-02,1.34063945e-02,1.28272337e-02,1.23264308e-02,1.19087442e-02,1.15777236e-02,1.13357633e-02,1.11842030e-02,1.11234827e-02,1.11530925e-02,1.12716843e-02,1.14782120e-02,1.17706728e-02,1.21468219e-02,1.26041490e-02,1.31398505e-02,1.37507594e-02,1.44332356e-02,1.51830248e-02,1.59951020e-02,1.68635167e-02,1.77812592e-02,1.87401655e-02,1.97308779e-02,2.07428734e-02,2.17645675e-02,2.27834965e-02,2.37865743e-02,2.47604135e-02,2.56916969e-02,2.65675789e-02,2.73760936e-02,2.81065435e-02,2.87498430e-02,2.92987917e-02,2.97482555e-02,3.00952424e-02,3.03388614e-02,3.04801581e-02,3.05217401e-02,3.04689900e-02
-3.15369254e-02,-3.05932382e-02,-2.95566453e-02,-2.84426203e-02,-2.72636777e-02,-2.60295827e-02,-2.47476610e-02,-2.34231760e-02,-2.20597416e-02,-2.06597460e-02,-1.92247634e-02,-1.77559349e-02,-1.62543084e-02,-1.47211289e-02,-1.31580790e-02,-1.15674720e-02,-9.95240474e-03,-8.31687893e-03,-6.66590210e-03,-5.00557884e-03,-3.34320168e-03,-1.68734895e-03,-4.79938148e-05,1.56337114e-03,3.13360772e-03,4.64781143e-03,6.08919561e-03,7.43901253e-03,8.67653007e-03,9.77909043e-03,1.07222805e-02,1.14802447e-02,1.20261662e-02,1.23329215e-02,1.23736443e-02,1.21263774e-02,1.15675407e-02,1.06806454e-02,9.45553578e-03,7.88999287e-03,5.99127810e-03,3.77729602e-03,1.27723073e-03,-1.46850207e-03,-4.40902529e-03,-7.48483042e-03,-1.06301602e-02,-1.37760507e-02,-1.68537011e-02,-1.97978536e-02,-2.25498637e-02,-2.50601857e-02,-2.72900836e-02,-2.92124860e-02,-3.08120054e-02,-3.20842294e-02,-3.30344397e-02,-3.36759112e-02,-3.40278097e-02,-3.41179478e-02,-3.39700999e-02,-3.36109960e-02,-3.30685939e-02,-3.23691965e-02
1.56181629e-02,1.44233915e-02,1.32555113e-02,1.21282498e-02,1.10515304e-02,1.00315846e-02,9.07123388e-03,8.17030254e-03,7.32612229e-03,6.53409128e-03,5.78825818e-03,5.08190724e-03,4.40812644e-03,3.76034471e-03,3.13282718e-03,2.52111762e-03,1.92241746e-03,1.33588960e-03,7.62875205e-04,2.07011837e-04,-3.25756040e-04,-8.27278570e-04,-1.28742117e-03,-1.69438873e-03,-2.03514659e-03,-2.29591733e-03,-2.46272119e-03,-2.52206900e-03,-2.46140567e-03,-2.26954707e-03,-1.93745666e-03,-1.45854494e-03,-8.29032775e-04,-4.82177905e-05,8.81346664e-04,1.95376707e-03,3.15981852e-03,4.48701738e-03,5.91977275e-03,7.43960545e-03,9.02543029e-03,1.06538992e-02,1.22998042e-02,1.39365399e-02,1.55366266e-02,1.70722922e-02,1.85161112e-02,1.98416934e-02,2.10244100e-02,2.20421380e-02,2.28759956e-02,2.35110314e-02,2.39368193e-02,2.41478638e-02,2.41432130e-02,2.39331402e-02,2.35235606e-02,2.29309495e-02,2.21752998e-02,2.12798684e-02,2.02702168e-02,1.91730871e-02,1.80152468e-02,1.68223890e-02
6.60880317e-04,-9.17279725e-04,-2.39495019e-03,-3.75015898e-03,-4.96332620e-03,-6.01778046e-03,-6.90016570e-03,-7.60072199e-03,-8.11343020e-03,-8.43599973e-03,-8.56998117e-03,-8.52094627e-03,-8.29607500e-03,-7.90639188e-03,-7.36513750e-03,-6.68738497e-03,-5.88952970e-03,-4.98874948e-03,-4.00245959e-03,-2.94778186e-03,-1.84104693e-03,-6.97349447e-04,4.69823415e-04,1.64886739e-03,2.83024138e-03,4.00651298e-03,5.17228263e-03,6.32398477e-03,7.45957653e-03,8.57813330e-03,9.67937840e-03,1.07631797e-02,1.18290488e-02,1.28756797e-02,1.39005584e-02,1.48996720e-02,1.58673352e-02,1.67961438e-02,1.76770564e-02,1.84995930e-02,1.92521351e-02,1.99223043e-02,2.04973903e-02,2.09648030e-02,2.13125158e-02,2.15294665e-02,2.16058085e-02,2.15344306e-02,2.13095570e-02,2.09262502e-02,2.03830379e-02,1.96806385e-02,1.88221110e-02,1.78129018e-02,1.66608638e-02,1.53762643e-02,1.39717786e-02,1.24624614e-02,1.08656773e-02,9.20097163e-03,7.48986120e-03,5.75553039e-03,4.02242539e-03,2.31575026e-03
2.05778340e-02,1.97677764e-02,1.89167639e-02,1.80320893e-02,1.71210366e-02,1.61906322e-02,1.52474213e-02,1.42972998e-02,1.33454286e-02,1.23962488e-02,1.14536031e-02,1.05209594e-02,9.60171711e-03,8.69956931e-03,7.81888118e-03,6.96504485e-03,6.14476733e-03,5.36625290e-03,4.63924966e-03,3.97494113e-03,3.38567841e-03,2.88456345e-03,2.48490865e-03,2.19961068e-03,2.04048642e-03,2.01764079e-03,2.13859366e-03,2.40838578e-03,2.82865121e-03,3.39758307e-03,4.10987851e-03,4.95682902e-03,5.92655861e-03,7.00438634e-03,8.17328798e-03,9.41443004e-03,1.07077490e-02,1.20325502e-02,1.33681009e-02,1.46941981e-02,1.59916876e-02,1.72429203e-02,1.84321275e-02,1.95457049e-02,2.05723948e-02,2.15033621e-02,2.23321653e-02,2.30546263e-02,2.36686137e-02,2.41737559e-02,2.45711086e-02,2.48628007e-02,2.50516844e-02,2.51409913e-02,2.51338974e-02,2.50357955e-02,2.48481760e-02,2.45747537e-02,2.42189604e-02,2.37843081e-02,2.32745764e-02,2.26939748e-02,2.20472724e-02,2.13398751e-02
5.18052684e-02,5.24465136e-02,5.31137058e-02,5.37853316e-02,5.44398370e-02,5.50565116e-02,5.56164098e-02,5.61032641e-02,5.65043359e-02,5.68111405e-02,5.70199699e-02,5.71321260e-02,5.71536235e-02,5.70991502e-02,5.69814157e-02,5.68192915e-02,5.66342413e-02,5.64484871e-02,5.62837820e-02,5.61601445e-02,5.60947596e-02,5.61013998e-02,5.61848210e-02,5.63520446e-02,5.66012403e-02,5.69260708e-02,5.73159300e-02,5.77565507e-02,5.82307918e-02,5.87195134e-02,5.92024845e-02,5.96592743e-02,6.00700945e-02,6.04165603e-02,6.06823480e-02,6.08537099e-02,6.09196762e-02,6.08743545e-02,6.07153106e-02,6.04398352e-02,6.00516870e-02,5.95577073e-02,5.89677045e-02,5.82941405e-02,5.75517161e-02,5.67569050e-02,5.59274651e-02,5.50819480e-02,5.42392210e-02,5.34180136e-02,5.26364937e-02,5.19118741e-02,5.12600485e-02,5.06952514e-02,5.02297403e-02,4.98735020e-02,4.96339930e-02,4.95159851e-02,4.95220369e-02,4.96453657e-02,4.98861463e-02,5.02354250e-02,5.06817017e-02,5.12106315e-02
-1.11954366e-02,-1.05824121e-02,-9.98807670e-03,-9.42087794e-03,-8.88992889e-03,-8.40481442e-03,-7.97536796e-03,-7.61142209e-03,-7.32253879e-03,-7.11773052e-03,-7.00523498e-03,-6.99149658e-03,-7.08254476e-03,-7.28216781e-03,-7.59224424e-03,-8.01254336e-03,-8.54057608e-03,-9.17151774e-03,-9.89820202e-03,-1.07111893e-02,-1.15989119e-02,-1.25478954e-02,-1.35430533e-02,-1.45680492e-02,-1.56057146e-02,-1.66385124e-02,-1.76490269e-02,-1.86204618e-02,-1.95371255e-02,-2.03848802e-02,-2.11515336e-02,-2.18271544e-02,-2.24042950e-02,-2.28781110e-02,-2.32463731e-02,-2.35093654e-02,-2.36696530e-02,-2.37322203e-02,-2.37041255e-02,-2.35921141e-02,-2.34051478e-02,-2.31525486e-02,-2.28437375e-02,-2.24878821e-02,-2.20935769e-02,-2.16685760e-02,-2.12195904e-02,-2.07521536e-02,-2.02705590e-02,-1.97778658e-02,-1.92759701e-02,-1.87657331e-02,-1.82471570e-02,-1.77195979e-02,-1.71820033e-02,-1.66331611e-02,-1.60719492e-02,-1.54975731e-02,-1.49097826e-02,-1.43090594e-02,-1.36967696e-02,-1.30752776e-02,-1.24480182e-02,-1.18195284e-02
-1.18756720e-03,4.47477489e-04,2.09918630e-03,3.73929386e-03,5.34120089e-03,6.88074845e-03,8.33690869e-03,9.69235492e-03,1.09338782e-02,1.20526212e-02,1.30441051e-02,1.39080387e-02,1.46479088e-02,1.52703717e-02,1.57844800e-02,1.62007970e-02,1.65304599e-02,1.67842635e-02,1.69718304e-02,1.71009270e-02,1.71769688e-02,1.72027174e-02,1.71785635e-02,1.71022330e-02,1.69690214e-02,1.67729055e-02,1.65067819e-02,1.61631326e-02,1.57346615e-02,1.52148776e-02,1.45985949e-02,1.38823258e-02,1.30645568e-02,1.21459071e-02,1.11291787e-02,1.00193174e-02,8.82330932e-03,7.55003755e-03,6.21012664e-03,4.81579481e-03,3.38072862e-03,1.91998474e-03,4.49913881e-04,-1.01190553e-03,-2.44674498e-03,-3.83486537e-03,-5.15570065e-03,-6.38813956e-03,-7.51091090e-03,-8.50307373e-03,-9.34460026e-03,-1.00170239e-02,-1.05041060e-02,-1.07923989e-02,-1.08731613e-02,-1.07402516e-02,-1.03920137e-02,-9.83197478e-03,-9.06827292e-03,-8.11358855e-03,-6.98485051e-03,-5.70278014e-03,-4.29130158e-03,-2.77684469e-03
1.20414803e-02,1.17261508e-02,1.14580033e-02,1.12356500e-02,1.10573531e-02,1.09211284e-02,1.08248324e-02,1.07662396e-02,1.07431206e-02,1.07532426e-02,1.07944290e-02,1.08649591e-02,1.09631540e-02,1.10876642e-02,1.12374943e-02,1.14120310e-02,1.16110516e-02,1.18347092e-02,1.20834924e-02,1.23581570e-02,1.26596346e-02,1.29889181e-02,1.33469314e-02,1.37343870e-02,1.41516381e-02,1.45985305e-02,1.50742604e-02,1.55772427e-02,1.61049961e-02,1.66540487e-02,1.72198709e-02,1.77968407e-02,1.83782478e-02,1.89563417e-02,1.95224296e-02,2.00670287e-02,2.05800739e-02,2.10511811e-02,2.14699593e-02,2.18263655e-02,2.21110849e-02,2.23159178e-02,2.24341415e-02,2.24607111e-02,2.23941150e-02,2.22331156e-02,2.19796022e-02,2.16381314e-02,2.12154749e-02,2.07204148e-02,2.01634011e-02,1.95561249e-02,1.89110411e-02,1.82408755e-02,1.75581497e-02,1.68747541e-02,1.62015942e-02,1.55483244e-02,1.49231782e-02,1.43328919e-02,1.37827127e-02,1.32764754e-02,1.28167312e-02,1.24049071e-02
-1.05688879e-02,-1.07276665e-02,-1.09515464e-02,-1.12223612e-02,-1.15198617e-02,-1.18226891e-02,-1.21094314e-02,-1.23596988e-02,-1.25551416e-02,-1.26803212e-02,-1.27238982e-02,-1.26785424e-02,-1.25410306e-02,-1.23132313e-02,-1.20014899e-02,-1.16163485e-02,-1.11720670e-02,-1.06860095e-02,-1.01779332e-02,-9.66920944e-03,-9.18200576e-03,-8.73845063e-03,-8.35980256e-03,-8.06564580e-03,-7.87315191e-03,-7.79614010e-03,-7.84450098e-03,-8.02462313e-03,-8.33772794e-03,-8.78027606e-03,-9.34392077e-03,-1.00157080e-02,-1.07784903e-02,-1.16115398e-02,-1.24913350e-02,-1.33924827e-02,-1.42887246e-02,-1.51539731e-02,-1.59633181e-02,-1.66939501e-02,-1.73259563e-02,-1.78429544e-02,-1.82325412e-02,-1.84865212e-02,-1.86010788e-02,-1.85784579e-02,-1.84214543e-02,-1.81389146e-02,-1.77428200e-02,-1.72480664e-02,-1.66719800e-02,-1.60337742e-02,-1.53539755e-02,-1.46538272e-02,-1.39546771e-02,-1.32773528e-02,-1.26415326e-02,-1.20651199e-02,-1.15636353e-02,-1.11496468e-02,-1.08322613e-02,-1.06167146e-02,-1.05041533e-02,-1.04904745e-02
1.05102289e-02,1.11926859e-02,1.19298461e-02,1.27009539e-02,1.34833020e-02,1.42528220e-02,1.49847311e-02,1.56542308e-02,1.62372557e-02,1.67112656e-02,1.70560645e-02,1.72546143e-02,1.72936376e-02,1.71667678e-02,1.68698992e-02,1.64061871e-02,1.57852597e-02,1.50229342e-02,1.41409614e-02,1.31663761e-02,1.21304971e-02,1.10676181e-02,1.00134646e-02,9.00351444e-03,8.07129986e-03,7.24681223e-03,6.55512155e-03,6.01530000e-03,5.63970842e-03,5.43367443e-03,5.39560121e-03,5.51660879e-03,5.78298188e-03,6.17545291e-03,6.67072782e-03,7.24269895e-03,7.86360596e-03,8.50520229e-03,9.13987599e-03,9.74169174e-03,1.02873276e-02,1.07568838e-02,1.11345440e-02,1.14090697e-02,1.15741096e-02,1.16282791e-02,1.15756255e-02,1.14243731e-02,1.11867300e-02,1.08789580e-02,1.05201452e-02,1.01314059e-02,9.73498346e-03,9.35332993e-03,9.00820732e-03,8.71984955e-03,8.50621711e-03,8.38237357e-03,8.36005862e-03,8.44654244e-03,8.64613310e-03,8.95858780e-03,9.37954751e-03,9.90074521e-03
1.71106171e-02,1.50768371e-02,1.27764310e-02,1.02347138e-02,7.48223557e-03,4.55433586e-03,1.49043215e-03,-1.66693915e-03,-4.87323393e-03,-8.08331636e-03,-1.12527545e-02,-1.43391259e-02,-1.73031857e-02,-2.01098180e-02,-2.27287180e-02,-2.51347767e-02,-2.73081727e-02,-2.92341992e-02,-3.09028732e-02,-3.23083896e-02,-3.34484788e-02,-3.43237257e-02,-3.49368629e-02,-3.52919196e-02,-3.53977388e-02,-3.52597545e-02,-3.48832116e-02,-3.42762238e-02,-3.34469275e-02,-3.24038233e-02,-3.11559238e-02,-2.97128985e-02,-2.80852222e-02,-2.62843154e-02,-2.43226624e-02,-2.22138983e-02,-1.99728572e-02,-1.76155792e-02,-1.51592774e-02,-1.26222678e-02,-1.00238685e-02,-7.38427396e-03,-4.72441234e-03,-2.06579265e-03,5.69651514e-04,3.15969942e-03,5.68201940e-03,8.11430691e-03,1.04344108e-02,1.26204594e-02,1.46509820e-02,1.65050313e-02,1.81623126e-02,1.96033266e-02,2.08095334e-02,2.17635460e-02,2.24493526e-02,2.28525453e-02,2.29602683e-02,2.27659210e-02,2.22607022e-02,2.14399245e-02,2.03041050e-02,1.88578780e-02
3.03069663e-02,3.17482830e-02,3.30816616e-02,3.42829194e-02,3.53277986e-02,3.61924539e-02,3.68540065e-02,3.72911446e-02,3.74846105e-02,3.74189542e-02,3.70874589e-02,3.64775584e-02,3.55887228e-02,3.44260809e-02,3.30013786e-02,3.13333236e-02,2.94475389e-02,2.73761344e-02,2.51568902e-02,2.28320669e-02,2.04469014e-02,1.80478776e-02,1.56808938e-02,1.33894611e-02,1.12130654e-02,9.18580951e-03,7.33541880e-03,5.68265594e-03,4.24115115e-03,3.01761786e-03,2.01239702e-03,1.22025619e-03,6.31362953e-04,2.32353661e-04,7.42633784e-06,-6.06006914e-05,1.06914528e-05,2.04180863e-04,5.03915265e-04,8.95688828e-04,1.36744605e-03,1.90953108e-03,2.51478447e-03,3.17849839e-03,3.89824558e-03,4.67360016e-03,5.50577163e-03,6.39717501e-03,7.35096106e-03,8.37053038e-03,9.45905367e-03,1.06190182e-02,1.18518168e-02,1.31573925e-02,1.45339471e-02,1.59777168e-02,1.74828182e-02,1.90411582e-02,2.06424066e-02,2.22740232e-02,2.39213326e-02,2.55676436e-02,2.71944047e-02,2.87813978e-02
-1.29829220e-02,-1.22181444e-02,-1.14814537e-02,-1.07790406e-02,-1.01164260e-02,-9.49855187e-03,-8.92985622e-03,-8.41432061e-03,-7.95548159e-03,-7.55640407e-03,-7.21961925e-03,-6.94703565e-03,-6.73983637e-03,-6.59838132e-03,-6.52215486e-03,-6.50936508e-03,-6.55779593e-03,-6.66408446e-03,-6.82410711e-03,-7.03319179e-03,-7.28635301e-03,-7.57856742e-03,-7.90506149e-03,-8.26158464e-03,-8.64464197e-03,-9.05166258e-03,-9.48108500e-03,-9.93234759e-03,-1.04057800e-02,-1.09024001e-02,-1.14236295e-02,-1.19709458e-02,-1.25454986e-02,-1.31477157e-02,-1.37769313e-02,-1.44310630e-02,-1.51063666e-02,-1.57972883e-02,-1.64964315e-02,-1.71946441e-02,-1.78812289e-02,-1.85442647e-02,-1.91710244e-02,-1.97484639e-02,-2.02637522e-02,-2.07048101e-02,-2.10608214e-02,-2.13226770e-02,-2.14832783e-02,-2.15386520e-02,-2.14868812e-02,-2.13277053e-02,-2.10642670e-02,-2.07018900e-02,-2.02478967e-02,-1.97112778e-02,-1.91023088e-02,-1.84321452e-02,-1.77124234e-02,-1.69548895e-02,-1.61710728e-02,-1.53720189e-02,-1.45680899e-02,-1.37688339e-02
-1.23682043e-02,-1.19676721e-02,-1.14610504e-02,-1.08637976e-02,-1.01904374e-02,-9.45412509e-03,-8.66631631e-03,-7.83654571e-03,-6.97231708e-03,-6.07910379e-03,-5.16045445e-03,-4.21819510e-03,-3.25271653e-03,-2.26333131e-03,-1.24868332e-03,-2.07189341e-04,8.62508320e-04,1.96109950e-03,3.08819642e-03,4.24197580e-03,5.41888883e-03,6.61345209e-03,7.81812848e-03,9.02330246e-03,1.02173499e-02,1.13867984e-02,1.25165709e-02,1.35903022e-02,1.45907149e-02,1.55000420e-02,1.63004801e-02,1.69746582e-02,1.75061074e-02,1.78797134e-02,1.80821152e-02,1.81017250e-02,1.79329160e-02,1.75675656e-02,1.70036491e-02,1.62424104e-02,1.52886457e-02,1.41508806e-02,1.28414282e-02,1.13763530e-02,9.77533075e-03,8.06138998e-03,6.26052268e-03,4.40115616e-03,2.51348829e-03,6.28700476e-04,-1.22192028e-03,-3.00790635e-03,-4.70058409e-03,-6.27394183e-03,-7.70541021e-03,-8.97648765e-03,-1.00731748e-02,-1.09861966e-02,-1.17110079e-02,-1.22475878e-02,-1.26000359e-02,-1.27758479e-02,-1.27876791e-02,-1.26467764e-02
8.52308651e-03,9.74105425e-03,1.10160738e-02,1.23298807e-02,1.36647332e-02,1.50036675e-02,1.63307169e-02,1.76310978e-02,1.88913617e-02,2.00995150e-02,2.12451110e-02,2.23193139e-02,2.33149388e-02,2.42264671e-02,2.50500382e-02,2.57834138e-02,2.64259130e-02,2.69783109e-02,2.74426966e-02,2.78222846e-02,2.81211767e-02,2.83440738e-02,2.84959435e-02,2.85816458e-02,2.86054756e-02,2.85717346e-02,2.84823798e-02,2.83380394e-02,2.81380443e-02,2.78799066e-02,2.75594175e-02,2.71708580e-02,2.67073533e-02,2.61613700e-02,2.55253363e-02,2.47923548e-02,2.39569673e-02,2.30159190e-02,2.19688676e-02,2.08189790e-02,1.95733549e-02,1.82432473e-02,1.68440299e-02,1.53949119e-02,1.39184070e-02,1.24395866e-02,1.09851683e-02,9.58250551e-03,8.25854943e-03,7.03885306e-03,5.94668087e-03,5.00227078e-03,4.22227874e-03,3.61941765e-03,3.20228621e-03,2.97537370e-03,2.93924863e-03,3.09031113e-03,3.42230808e-03,3.92564627e-03,4.58817782e-03,5.39566442e-03,6.33220628e-03,7.38066800e-03
-2.02813132e-02,-2.08061732e-02,-2.12586994e-02,-2.16293665e-02,-2.19113827e-02,-2.21008177e-02,-2.21964095e-02,-2.22017390e-02,-2.21192576e-02,-2.19557636e-02,-2.17195746e-02,-2.14203132e-02,-2.10685128e-02,-2.06752179e-02,-2.02516151e-02,-1.98087045e-02,-1.93570176e-02,-1.89063764e-02,-1.84656916e-02,-1.80427921e-02,-1.76442816e-02,-1.72754191e-02,-1.69400237e-02,-1.66404071e-02,-1.63773416e-02,-1.61500721e-02,-1.59563806e-02,-1.57927112e-02,-1.56543599e-02,-1.55357271e-02,-1.54306241e-02,-1.53326213e-02,-1.52354173e-02,-1.51332074e-02,-1.50210316e-02,-1.48950770e-02,-1.47529178e-02,-1.45936787e-02,-1.44181146e-02,-1.42286080e-02,-1.40290894e-02,-1.38248922e-02,-1.36225541e-02,-1.34295796e-02,-1.32541757e-02,-1.31049708e-02,-1.29907288e-02,-1.29200910e-02,-1.29008305e-02,-1.29403858e-02,-1.30451008e-02,-1.32197599e-02,-1.34674657e-02,-1.37893446e-02,-1.41843072e-02,-1.46488717e-02,-1.51770698e-02,-1.57604588e-02,-1.63882556e-02,-1.70476027e-02,-1.77239658e-02,-1.84016487e-02,-1.90643999e-02,-1.96960754e-02
1.22284581e-03,-1.68856372e-03,-4.36405909e-03,-6.78811689e-03,-8.95440674e-03,-1.08643146e-02,-1.25251791e-02,-1.39484232e-02,-1.51477401e-02,-1.61374584e-02,-1.69311763e-02,-1.75407148e-02,-1.79754039e-02,-1.82416441e-02,-1.83435684e-02,-1.82830028e-02,-1.80573936e-02,-1.76641494e-02,-1.70995036e-02,-1.63593658e-02,-1.54400112e-02,-1.43386863e-02,-1.30541159e-02,-1.15868964e-02,-9.93977436e-03,-8.11781337e-03,-6.12846395e-03,-3.98155364e-03,-1.68921680e-03,7.34216133e-04,3.27233478e-03,5.90681945e-03,8.61757346e-03,1.13828466e-02,1.41793484e-02,1.69823453e-02,1.97657454e-02,2.25021748e-02,2.51630544e-02,2.77186881e-02,3.01383770e-02,3.23905767e-02,3.44431190e-02,3.62635213e-02,3.78194074e-02,3.90790626e-02,4.00121321e-02,4.05904185e-02,4.07883076e-02,4.05906566e-02,3.99839381e-02,3.89568958e-02,3.75126233e-02,3.56635038e-02,3.34324002e-02,3.08530032e-02,2.79694415e-02,2.48351376e-02,2.15109264e-02,1.80625376e-02,1.45576326e-02,1.10626577e-02,7.63980987e-03,4.34440046e-03
-8.68316464e-03,-7.64417835e-03,-6.70544913e-03,-5.87897537e-03,-5.17492753e-03,-4.60139217e-03,-4.16415153e-03,-3.86651560e-03,-3.70925763e-03,-3.69006658e-03,-3.80482189e-03,-4.04655922e-03,-4.40616193e-03,-4.87269711e-03,-5.43383775e-03,-6.07635996e-03,-6.78668316e-03,-7.55142043e-03,-8.35790406e-03,-9.19465113e-03,-1.00517373e-02,-1.09210530e-02,-1.17964249e-02,-1.26735952e-02,-1.35500632e-02,-1.44248009e-02,-1.52978667e-02,-1.61699456e-02,-1.70418499e-02,-1.79140163e-02,-1.87860363e-02,-1.96562524e-02,-2.05214497e-02,-2.13766635e-02,-2.22151174e-02,-2.30282956e-02,-2.38061424e-02,-2.45373743e-02,-2.52098800e-02,-2.58111794e-02,-2.63289072e-02,-2.67512880e-02,-2.70675614e-02,-2.72682770e-02,-2.73464494e-02,-2.72975333e-02,-2.71164356e-02,-2.68021726e-02,-2.63557322e-02,-2.57801969e-02,-2.50806701e-02,-2.42641572e-02,-2.33394251e-02,-2.23168511e-02,-2.12082647e-02,-2.00267856e-02,-1.87866551e-02,-1.75030618e-02,-1.61919552e-02,-1.48698474e-02,-1.35535991e-02,-1.22601876e-02,-1.10064586e-02,-9.80886024e-03
1.93624150e-02,2.05570995e-02,2.17353883e-02,2.28849561e-02,2.39929175e-02,2.50459670e-02,2.60305445e-02,2.69330243e-02,2.77399307e-02,2.84381788e-02,2.90153407e-02,2.94599318e-02,2.97617070e-02,2.99119091e-02,2.99030771e-02,2.97351249e-02,2.94019738e-02,2.89052347e-02,2.82489581e-02,2.74402005e-02,2.64890967e-02,2.54087560e-02,2.42150208e-02,2.29260965e-02,2.15620662e-02,2.01443118e-02,1.86948736e-02,1.72357851e-02,1.57884220e-02,1.43729046e-02,1.30075865e-02,1.17086555e-02,1.04898603e-02,9.36236978e-03,8.33475716e-03,7.41309795e-03,6.60116070e-03,5.90066882e-03,5.31160932e-03,4.83256593e-03,4.46105578e-03,4.19385252e-03,4.02728233e-03,3.95748793e-03,3.98059704e-03,4.09276724e-03,4.29080705e-03,4.57161548e-03,4.93247184e-03,5.37097592e-03,5.88497404e-03,6.47245840e-03,7.13144553e-03,7.85984150e-03,8.65530138e-03,9.51509031e-03,1.04359522e-02,1.14139917e-02,1.24445721e-02,1.35222345e-02,1.46406367e-02,1.57925160e-02,1.69696735e-02,1.81629819e-02
-2.94084452e-02,-2.78547238e-02,-2.62066746e-02,-2.44774070e-02,-2.26795244e-02,-2.08252237e-02,-1.89263818e-02,-1.69946290e-02,-1.50414033e-02,-1.30779889e-02,-1.11155394e-02,-9.16508986e-03,-7.23756123e-03,-5.34376346e-03,-3.49440088e-03,-1.70008563e-03,2.86365872e-05,1.68124000e-03,3.24716394e-03,4.71573852e-03,6.07608520e-03,7.31700949e-03,8.42688961e-03,9.39357316e-03,1.02042976e-02,1.08456538e-02,1.13036139e-02,1.15636321e-02,1.16106792e-02,1.14318714e-02,1.10120499e-02,1.03387823e-02,9.40209227e-03,8.19527384e-03,6.71603155e-03,4.96757850e-03,2.95962338e-03,7.09136623e-04,-1.75921246e-03,-4.41304272e-03,-7.21286263e-03,-1.01130989e-02,-1.30636558e-02,-1.60118659e-02,-1.89046750e-02,-2.16908697e-02,-2.43231526e-02,-2.67598896e-02,-2.89664011e-02,-3.09157310e-02,-3.25888856e-02,-3.39745938e-02,-3.50686736e-02,-3.58731020e-02,-3.63948040e-02,-3.66436082e-02,-3.66424834e-02,-3.63982114e-02,-3.59301489e-02,-3.52564045e-02,-3.43948541e-02,-3.33629141e-02,-3.21773415e-02,-3.08541230e-02
-3.08043019e-02,-2.97538679e-02,-2.87241100e-02,-2.77216760e-02,-2.67529801e-02,-2.58243410e-02,-2.49421288e-02,-2.41129028e-02,-2.33435225e-02,-2.26412148e-02,-2.20135849e-02,-2.14685608e-02,-2.10142694e-02,-2.06588479e-02,-2.04102199e-02,-2.02760140e-02,-2.02607534e-02,-2.03713280e-02,-2.06111037e-02,-2.09816937e-02,-2.14826454e-02,-2.21112230e-02,-2.28623099e-02,-2.37284091e-02,-2.46997383e-02,-2.57644143e-02,-2.69087166e-02,-2.81174180e-02,-2.93741652e-02,-3.06618923e-02,-3.19632498e-02,-3.32610286e-02,-3.45385626e-02,-3.57800924e-02,-3.69710755e-02,-3.80984306e-02,-3.91507075e-02,-4.01181783e-02,-4.09928521e-02,-4.17684177e-02,-4.24401275e-02,-4.30046381e-02,-4.34598231e-02,-4.38045732e-02,-4.40385635e-02,-4.41618257e-02,-4.41787259e-02,-4.40878651e-02,-4.38917955e-02,-4.35935158e-02,-4.31965224e-02,-4.27049627e-02,-4.21237087e-02,-4.14583977e-02,-4.07154387e-02,-3.99019780e-02,-3.90258237e-02,-3.80953313e-02,-3.71192564e-02,-3.61065876e-02,-3.50663716e-02,-3.40075452e-02,-3.29387890e-02,-3.18684158e-02
-1.84154562e-03,3.61895208e-04,2.45459170e-03,4.41921128e-03,6.23969879e-03,7.90136009e-03,9.39092825e-03,1.06966035e-02,1.18080661e-02,1.27164636e-02,1.34143748e-02,1.38957529e-02,1.41558357e-02,1.41907910e-02,1.40009154e-02,1.35830976e-02,1.29379008e-02,1.20672288e-02,1.09744342e-02,9.66457148e-03,8.14464151e-03,6.42384866e-03,4.51385374e-03,2.42899512e-03,1.86447742e-04,-2.19369888e-03,-4.68849523e-03,-7.27234037e-03,-9.91729253e-03,-1.25935289e-02,-1.52699187e-02,-1.79146786e-02,-2.04960712e-02,-2.29831039e-02,-2.53461877e-02,-2.75577217e-02,-2.95925763e-02,-3.14284640e-02,-3.30461917e-02,-3.44298041e-02,-3.55666269e-02,-3.64472198e-02,-3.70652076e-02,-3.74167736e-02,-3.75062096e-02,-3.73332222e-02,-3.69017160e-02,-3.62197809e-02,-3.52974211e-02,-3.41466613e-02,-3.27814188e-02,-3.12173345e-02,-2.94715876e-02,-2.75627011e-02,-2.55103437e-02,-2.33351273e-02,-2.10584048e-02,-1.87020691e-02,-1.62883545e-02,-1.38396433e-02,-1.13782767e-02,-8.92637110e-03,-6.50564155e-03,-4.13723061e-03
1.71190608e-02,1.70275715e-02,1.69349595e-02,1.68475144e-02,1.67705287e-02,1.67080100e-02,1.66624754e-02,1.66348407e-02,1.66244113e-02,1.66289067e-02,1.66447123e-02,1.66672305e-02,1.66909242e-02,1.67098005e-02,1.67177435e-02,1.67089582e-02,1.66782866e-02,1.66212130e-02,1.65344630e-02,1.64160333e-02,1.62652886e-02,1.60829810e-02,1.58711980e-02,1.56332442e-02,1.53734720e-02,1.50970739e-02,1.48098549e-02,1.45179987e-02,1.42278456e-02,1.39456897e-02,1.36776068e-02,1.34293137e-02,1.32060610e-02,1.30125548e-02,1.28529020e-02,1.27305725e-02,1.26483717e-02,1.26084237e-02,1.26121856e-02,1.26598186e-02,1.27516373e-02,1.28865757e-02,1.30627744e-02,1.32774968e-02,1.35271110e-02,1.38071000e-02,1.41121028e-02,1.44359920e-02,1.47719909e-02,1.51128339e-02,1.54509670e-02,1.57787864e-02,1.60889064e-02,1.63744448e-02,1.66293127e-02,1.68484902e-02,1.70282698e-02,1.71664494e-02,1.72624565e-02,1.73173896e-02,1.73339515e-02,1.73166040e-02,1.72706875e-02,1.72024938e-02
-1.73785046e-02,-1.89433590e-02,-2.05872904e-02,-2.22949503e-02,-2.40491549e-02,-2.58312806e-02,-2.76217030e-02,-2.94002443e-02,-3.11465934e-02,-3.28406742e-02,-3.44629453e-02,-3.59946283e-02,-3.74178733e-02,-3.87158782e-02,-3.98729853e-02,-4.08747770e-02,-4.17081889e-02,-4.23616445e-02,-4.28251654e-02,-4.30902447e-02,-4.31553678e-02,-4.30146410e-02,-4.26664700e-02,-4.21135369e-02,-4.13612062e-02,-4.04178000e-02,-3.92945907e-02,-3.80056728e-02,-3.65677390e-02,-3.49997768e-02,-3.33226956e-02,-3.15588994e-02,-2.97318195e-02,-2.78654219e-02,-2.59837034e-02,-2.41101907e-02,-2.22674582e-02,-2.04766765e-02,-1.87572083e-02,-1.71262652e-02,-1.55986404e-02,-1.41865303e-02,-1.28994559e-02,-1.17442915e-02,-1.07254027e-02,-9.84488861e-03,-9.10291722e-03,-8.49813401e-03,-8.02811860e-03,-7.68986022e-03,-7.48023278e-03,-7.39622748e-03,-7.43518860e-03,-7.59599656e-03,-7.87783945e-03,-8.28077183e-03,-8.80547542e-03,-9.45295244e-03,-1.02241337e-02,-1.11194280e-02,-1.21382496e-02,-1.32785613e-02,-1.45364726e-02,-1.59059269e-02
6.18313825e-03,7.47086525e-03,8.72417092e-03,9.93364640e-03,1.10929781e-02,1.21987509e-02,1.32501444e-02,1.42485363e-02,1.51970307e-02,1.60999370e-02,1.69622224e-02,1.77889681e-02,1.85848550e-02,1.93537039e-02,2.00980901e-02,2.08190464e-02,2.15158626e-02,2.21859817e-02,2.28249873e-02,2.34266725e-02,2.39831765e-02,2.44851728e-02,2.49220961e-02,2.52823928e-02,2.55537856e-02,2.57235344e-02,2.57785811e-02,2.57073913e-02,2.54978644e-02,2.51380577e-02,2.46184064e-02,2.39311374e-02,2.30709152e-02,2.20354666e-02,2.08262072e-02,1.94488418e-02,1.79138837e-02,1.62370321e-02,1.44393382e-02,1.25470993e-02,1.05914357e-02,8.60752947e-03,6.63353949e-03,4.70924346e-03,2.87449114e-03,1.16757911e-03,-3.76330445e-04,-1.72660290e-03,-2.85832876e-03,-3.75312640e-03,-4.39957402e-03,-4.79324867e-03,-4.93681782e-03,-4.83907081e-03,-4.51361462e-03,-3.97915266e-03,-3.25785334e-03,-2.37437893e-03,-1.35489062e-03,-2.26105015e-04,9.85563781e-04,2.25476700e-03,3.55788930e-03,4.87357397e-03
2.25768448e-02,2.18387271e-02,2.09862310e-02,2.00282414e-02,1.89760679e-02,1.78434170e-02,1.66462898e-02,1.54027847e-02,1.41327866e-02,1.28575359e-02,1.15990773e-02,1.03796081e-02,9.22075269e-03,8.14280882e-03,7.16401350e-03,6.29988132e-03,5.56266318e-03,4.96096378e-03,4.49954302e-03,4.17931094e-03,3.99751195e-03,3.94809544e-03,4.02191500e-03,4.20793857e-03,4.49345466e-03,4.86470530e-03,5.30765800e-03,5.80859104e-03,6.35461807e-03,6.93412215e-03,7.53708496e-03,8.15530401e-03,8.78249685e-03,9.41429631e-03,1.00481456e-02,1.06831060e-02,1.13195922e-02,1.19590539e-02,1.26036220e-02,1.32557377e-02,1.39177847e-02,1.45917393e-02,1.52788536e-02,1.59793849e-02,1.66923789e-02,1.74155152e-02,1.81450175e-02,1.88756305e-02,1.96006633e-02,2.03120947e-02,2.10007357e-02,2.16564423e-02,2.22683697e-02,2.28252565e-02,2.33157291e-02,2.37286129e-02,2.40532383e-02,2.42797279e-02,2.43992296e-02,2.44037442e-02,2.42901269e-02,2.40516149e-02,2.36863264e-02,2.31940964e-02
-1.49740289e-02,-1.36087956e-02,-1.23318494e-02,-1.11457939e-02,-1.00507964e-02,-9.04500690e-03,-8.12509250e-03,-7.28685824e-03,-6.52592089e-03,-5.83839404e-03,-5.22154112e-03,-4.67435292e-03,-4.19800941e-03,-3.79619152e-03,-3.47521693e-03,-3.24398500e-03,-3.11375593e-03,-3.09731377e-03,-3.20915274e-03,-3.46391943e-03,-3.87574315e-03,-4.45722592e-03,-5.21840614e-03,-6.16577200e-03,-7.30139133e-03,-8.62222871e-03,-1.01197145e-02,-1.17796165e-02,-1.35822414e-02,-1.55029665e-02,-1.75130677e-02,-1.95807805e-02,-2.16725067e-02,-2.37540655e-02,-2.57918885e-02,-2.77540697e-02,-2.96112077e-02,-3.13370066e-02,-3.29086343e-02,-3.43068642e-02,-3.55160448e-02,-3.65239534e-02,-3.73215824e-02,-3.79028830e-02,-3.82643977e-02,-3.84067678e-02,-3.83348732e-02,-3.80492282e-02,-3.75578301e-02,-3.68705457e-02,-3.59995496e-02,-3.49592858e-02,-3.37663176e-02,-3.24390992e-02,-3.09976726e-02,-2.94632950e-02,-2.78580069e-02,-2.62041522e-02,-2.45238684e-02,-2.28385645e-02,-2.11684089e-02,-1.95318487e-02,-1.79451846e-02,-1.64222231e-02
1.27509041e-03,1.20936345e-03,1.16913696e-03,1.15049122e-03,1.15051517e-03,1.16757220e-03,1.20157360e-03,1.25402888e-03,1.32806620e-03,1.42829527e-03,1.56054936e-03,1.73151682e-03,1.94828468e-03,2.21782499e-03,2.54645923e-03,2.93933756e-03,3.39996769e-03,3.92982335e-03,4.52805504e-03,5.19131780e-03,5.91372187e-03,6.68690478e-03,7.50021669e-03,8.34100595e-03,9.19498887e-03,1.00466854e-02,1.08799021e-02,1.16782434e-02,1.24256322e-02,1.31068216e-02,1.37078791e-02,1.42166261e-02,1.46230149e-02,1.49194254e-02,1.51008645e-02,1.51650130e-02,1.51128530e-02,1.49476687e-02,1.46744753e-02,1.43011532e-02,1.38372862e-02,1.32938236e-02,1.26826677e-02,1.20162586e-02,1.13071857e-02,1.05678488e-02,9.81018006e-03,9.04543301e-03,8.28403677e-03,7.53550714e-03,6.80840144e-03,6.11030176e-03,5.44781105e-03,4.82654893e-03,4.25113810e-03,3.72517798e-03,3.25120792e-03,2.83066778e-03,2.46386824e-03,2.14998557e-03,1.88709585e-03,1.67226186e-03,1.50168161e-03,1.37090149e-03
-4.62357892e-02,-4.67946431e-02,-4.72075709e-02,-4.74701888e-02,-4.75813184e-02,-4.75454617e-02,-4.73611313e-02,-4.70340269e-02,-4.65705929e-02,-4.59781634e-02,-4.52646493e-02,-4.44382322e-02,-4.35071264e-02,-4.24794274e-02,-4.13630538e-02,-4.01657818e-02,-3.88953622e-02,-3.75597053e-02,-3.61671135e-02,-3.47265388e-02,-3.32478389e-02,-3.17420080e-02,-3.02213567e-02,-2.86996206e-02,-2.71919795e-02,-2.57149731e-02,-2.42863065e-02,-2.29245419e-02,-2.16486831e-02,-2.04776619e-02,-1.94297478e-02,-1.85219067e-02,-1.77691446e-02,-1.71838795e-02,-1.67754067e-02,-1.65496389e-02,-1.65064433e-02,-1.66451184e-02,-1.69595440e-02,-1.74399079e-02,-1.80735263e-02,-1.88455047e-02,-1.97395653e-02,-2.07389222e-02,-2.18271171e-02,-2.29887374e-02,-2.42099504e-02,-2.54788109e-02,-2.67853205e-02,-2.81212493e-02,-2.94797515e-02,-3.08548316e-02,-3.22407283e-02,-3.36312921e-02,-3.50194288e-02,-3.63966736e-02,-3.77529404e-02,-3.90764765e-02,-4.03540243e-02,-4.15711734e-02,-4.27128656e-02,-4.37640001e-02,-4.47100805e-02,-4.55378397e-02
1.51329655e-02,1.77467912e-02,2.03180818e-02,2.28292794e-02,2.52630611e-02,2.76023888e-02,2.98305800e-02,3.19313945e-02,3.38891336e-02,3.56887436e-02,3.73159164e-02,3.87571786e-02,3.99999593e-02,4.10326309e-02,4.18445152e-02,4.24258479e-02,4.27676561e-02,4.28611146e-02,4.27040780e-02,4.22877147e-02,4.16049650e-02,4.06520918e-02,3.94264011e-02,3.79269116e-02,3.61549895e-02,3.41150660e-02,3.18154289e-02,2.92690361e-02,2.64942671e-02,2.35155149e-02,2.03635146e-02,1.70753143e-02,1.36938210e-02,1.02668930e-02,6.84600321e-03,3.48455031e-03,2.35943465e-04,-2.84835001e-03,-5.72071527e-03,-8.33906689e-03,-1.06680580e-02,-1.26798813e-02,-1.43546017e-02,-1.56800480e-02,-1.66513201e-02,-1.72699358e-02,-1.75431232e-02,-1.74864255e-02,-1.71113472e-02,-1.64369904e-02,-1.54837154e-02,-1.42729750e-02,-1.28268181e-02,-1.11674773e-02,-9.31706553e-03,-7.29737314e-03,-5.12974663e-03,-2.83503220e-03,-4.33566560e-04,2.05479288e-03,4.61062423e-03,7.21490865e-03,9.84895894e-03,1.24943678e-02
-3.52317230e-02,-3.31005919e-02,-3.09328713e-02,-2.87398206e-02,-2.65344876e-02,-2.43317582e-02,-2.21483643e-02,-2.00028554e-02,-1.79155356e-02,-1.59083688e-02,-1.40048478e-02,-1.22298201e-02,-1.06092612e-02,-9.16997852e-03,-7.93922998e-03,-6.94424104e-03,-6.21161059e-03,-5.76665730e-03,-5.63160910e-03,-5.82628984e-03,-6.36634832e-03,-7.26143312e-03,-8.51464750e-03,-1.01215015e-02,-1.20691336e-02,-1.43358708e-02,-1.68912148e-02,-1.96963187e-02,-2.27049746e-02,-2.58650794e-02,-2.91204924e-02,-3.24131490e-02,-3.56852652e-02,-3.88814602e-02,-4.19506397e-02,-4.48475190e-02,-4.75337116e-02,-4.99783623e-02,-5.21583458e-02,-5.40580867e-02,-5.56690778e-02,-5.69891746e-02,-5.80217400e-02,-5.87746808e-02,-5.92592793e-02,-5.94882026e-02,-5.94901535e-02,-5.92689047e-02,-5.88453481e-02,-5.82375755e-02,-5.74626399e-02,-5.65363561e-02,-5.54730508e-02,-5.42853930e-02,-5.29843286e-02,-5.15791183e-02,-5.00774748e-02,-4.84857838e-02,-4.68093958e-02,-4.50529683e-02,-4.32208374e-02,-4.13173998e-02,-3.93474841e-02,-3.73166959e-02
1.96440695e-02,2.00167900e-02,2.03362204e-02,2.05985264e-02,2.08017878e-02,2.09460180e-02,2.10331391e-02,2.10668947e-02,2.10529378e-02,2.09985507e-02,2.09117127e-02,2.08020525e-02,2.06799191e-02,2.05560746e-02,2.04412960e-02,2.03459350e-02,2.02794582e-02,2.02500032e-02,2.02637935e-02,2.03244636e-02,2.04340312e-02,2.05911636e-02,2.07916638e-02,2.10284431e-02,2.12916716e-02,2.15690831e-02,2.18464257e-02,2.21080455e-02,2.23375828e-02,2.25187520e-02,2.26361618e-02,2.26760670e-02,2.26280486e-02,2.24844220e-02,2.22407035e-02,2.18973156e-02,2.14590270e-02,2.09349271e-02,2.03381051e-02,1.96850807e-02,1.89950289e-02,1.82888528e-02,1.75881720e-02,1.69143001e-02,1.62872819e-02,1.57250523e-02,1.52427640e-02,1.48523109e-02,1.45620553e-02,1.43767550e-02,1.42976860e-02,1.43227148e-02,1.44461469e-02,1.46612527e-02,1.49581759e-02,1.53255184e-02,1.57506941e-02,1.62203477e-02,1.67207603e-02,1.72382285e-02,1.77594127e-02,1.82716541e-02,1.87632582e-02,1.92237461e-02
-1.45568278e-02,-1.44288768e-02,-1.42248287e-02,-1.39549062e-02,-1.36301681e-02,-1.32620685e-02,-1.28620669e-02,-1.24413029e-02,-1.20103357e-02,-1.15789454e-02,-1.11559865e-02,-1.07492845e-02,-1.03655621e-02,-1.00103860e-02,-9.68812513e-03,-9.40191456e-03,-9.15362403e-03,-8.94383239e-03,-8.77181413e-03,-8.63554644e-03,-8.53174671e-03,-8.45595078e-03,-8.40264078e-03,-8.36542917e-03,-8.33730137e-03,-8.31090794e-03,-8.27888929e-03,-8.23423535e-03,-8.17066523e-03,-8.08299724e-03,-7.96748870e-03,-7.82212769e-03,-7.64685969e-03,-7.44373544e-03,-7.21696923e-03,-6.97290077e-03,-6.71985745e-03,-6.46791669e-03,-6.22857156e-03,-6.01430626e-03,-5.83809260e-03,-5.71282737e-03,-5.65072078e-03,-5.66222682e-03,-5.75652671e-03,-5.93979544e-03,-6.21515822e-03,-6.58226334e-03,-7.03704881e-03,-7.57170615e-03,-8.17485842e-03,-8.83195543e-03,-9.52587129e-03,-1.02376705e-02,-1.09474918e-02,-1.16354879e-02,-1.22827515e-02,-1.28721623e-02,-1.33890974e-02,-1.38219623e-02,-1.41625187e-02,-1.44059993e-02,-1.45509966e-02,-1.45997302e-02
-3.16812829e-02,-3.14116194e-02,-3.10807279e-02,-3.06986197e-02,-3.02745724e-02,-2.98168598e-02,-2.93325513e-02,-2.88273865e-02,-2.83057273e-02,-2.77705830e-02,-2.72237016e-02,-2.66657193e-02,-2.60963547e-02,-2.55146371e-02,-2.49191553e-02,-2.43083159e-02,-2.36805999e-02,-2.30348113e-02,-2.23703082e-02,-2.16872136e-02,-2.09866006e-02,-2.02706488e-02,-1.95427678e-02,-1.88076849e-02,-1.80714920e-02,-1.73416469e-02,-1.66269251e-02,-1.59373183e-02,-1.52838757e-02,-1.46784876e-02,-1.41336138e-02,-1.36619589e-02,-1.32761046e-02,-1.29881146e-02,-1.28091657e-02,-1.27484695e-02,-1.28137944e-02,-1.30112536e-02,-1.33437995e-02,-1.38116031e-02,-1.44118019e-02,-1.51383964e-02,-1.59822671e-02,-1.69313087e-02,-1.79706845e-02,-1.90831925e-02,-2.02497307e-02,-2.14498448e-02,-2.26623333e-02,-2.38658840e-02,-2.50397117e-02,-2.61641701e-02,-2.72213079e-02,-2.81953483e-02,-2.90730710e-02,-2.98440848e-02,-3.05009827e-02,-3.10393788e-02,-3.14578295e-02,-3.17576405e-02,-3.19425393e-02,-3.20186947e-02,-3.19952198e-02,-3.18793036e-02
-4.55781774e-02,-4.44467776e-02,-4.31823198e-02,-4.17955885e-02,-4.02983455e-02,-3.87030759e-02,-3.70227313e-02,-3.52704916e-02,-3.34595670e-02,-3.16030578e-02,-2.97138824e-02,-2.78047784e-02,-2.58883743e-02,-2.39773239e-02,-2.20844877e-02,-2.02231424e-02,-1.84071951e-02,-1.66513768e-02,-1.49713901e-02,-1.33839871e-02,-1.19069567e-02,-1.05590044e-02,-9.35951439e-03,-8.32818908e-03,-7.48457009e-03,-6.84745561e-03,-6.43425919e-03,-6.26001947e-03,-6.33625088e-03,-6.67229252e-03,-7.27204858e-03,-8.13454396e-03,-9.25341477e-03,-1.06166951e-02,-1.22068652e-02,-1.40011738e-02,-1.59722339e-02,-1.80888696e-02,-2.03171680e-02,-2.26216688e-02,-2.49666109e-02,-2.73171473e-02,-2.96404415e-02,-3.19065733e-02,-3.40891990e-02,-3.61659375e-02,-3.81184795e-02,-3.99324444e-02,-4.15970256e-02,-4.31044852e-02,-4.44495615e-02,-4.56288571e-02,-4.66402642e-02,-4.74824788e-02,-4.81546282e-02,-4.86560111e-02,-4.89858377e-02,-4.91427793e-02,-4.91343976e-02,-4.89532683e-02,-4.86025795e-02,-4.80851393e-02,-4.74048362e-02,-4.65669345e-02
-2.81485003e-02,-2.76114963e-02,-2.72071986e-02,-2.69408472e-02,-2.68151383e-02,-2.68266068e-02,-2.69756215e-02,-2.72563304e-02,-2.76614143e-02,-2.81819495e-02,-2.88076891e-02,-2.95273666e-02,-3.03289776e-02,-3.12000255e-02,-3.21277243e-02,-3.30991635e-02,-3.41014404e-02,-3.51217729e-02,-3.61476060e-02,-3.71667248e-02,-3.81673855e-02,-3.91384691e-02,-4.00696613e-02,-4.09516498e-02,-4.17763315e-02,-4.25370109e-02,-4.32285722e-02,-4.38476047e-02,-4.43924621e-02,-4.48632397e-02,-4.52616613e-02,-4.55908691e-02,-4.58551246e-02,-4.60594299e-02,-4.62090894e-02,-4.63092299e-02,-4.63642778e-02,-4.63785087e-02,-4.63535552e-02,-4.62896631e-02,-4.61856679e-02,-4.60385968e-02,-4.58438998e-02,-4.55957789e-02,-4.52876359e-02,-4.49126154e-02,-4.44642044e-02,-4.39368467e-02,-4.33265280e-02,-4.26312905e-02,-4.18516428e-02,-4.09908401e-02,-4.00550196e-02,-3.90531879e-02,-3.79970644e-02,-3.69007956e-02,-3.57805591e-02,-3.46540803e-02,-3.35400882e-02,-3.24577361e-02,-3.14260123e-02,-3.04631670e-02,-2.95861759e-02,-2.88102633e-02
8.39374446e-03,9.40924836e-03,1.03728947e-02,1.12831754e-02,1.21399554e-02,1.29441893e-02,1.36976063e-02,1.44023759e-02,1.50607687e-02,1.56748259e-02,1.62460512e-02,1.67751375e-02,1.72617382e-02,1.77042915e-02,1.80999053e-02,1.84443050e-02,1.87318483e-02,1.89556059e-02,1.91075052e-02,1.91785108e-02,1.91589831e-02,1.90402788e-02,1.88114885e-02,1.84637031e-02,1.79890006e-02,1.73810842e-02,1.66358382e-02,1.57518540e-02,1.47309038e-02,1.35783282e-02,1.23033047e-02,1.09189630e-02,9.44232102e-03,7.89402582e-03,6.29789693e-03,4.68028428e-03,3.06927077e-03,1.49376206e-03,-1.74826277e-05,-1.43681049e-03,-2.73859954e-03,-3.90007126e-03,-4.90193857e-03,-5.72888889e-03,-6.36988103e-03,-6.81825205e-03,-7.07159360e-03,-7.13246098e-03,-7.00600823e-03,-6.70119673e-03,-6.23013493e-03,-5.60731910e-03,-4.84913423e-03,-3.97332410e-03,-2.99846853e-03,-1.94348288e-03,-8.27149773e-04,3.32309098e-04,1.51760876e-03,2.71274185e-03,3.90324704e-03,5.07641762e-03,6.22144660e-03,7.32950387e-03
2.63173218e-03,3.98379356e-03,5.45266134e-03,7.01654101e-03,8.65250593e-03,1.03368649e-02,1.20455312e-02,1.37543926e-02,1.54396818e-02,1.70783491e-02,1.86484371e-02,2.01294600e-02,2.15027835e-02,2.27520030e-02,2.38633119e-02,2.48258460e-02,2.56319866e-02,2.62775971e-02,2.67621646e-02,2.70888142e-02,2.72641587e-02,2.72977940e-02,2.72049298e-02,2.69984022e-02,2.66945543e-02,2.63105132e-02,2.58628717e-02,2.53668262e-02,2.48353213e-02,2.42783184e-02,2.37022586e-02,2.31097721e-02,2.24996633e-02,2.18671823e-02,2.12045684e-02,2.05018330e-02,1.97477327e-02,1.89308679e-02,1.80408329e-02,1.70693389e-02,1.60112282e-02,1.48653072e-02,1.36349330e-02,1.23283107e-02,1.09584766e-02,9.54297151e-03,8.10323392e-03,6.66376403e-03,5.25112980e-03,3.89289337e-03,2.61653653e-03,1.44845494e-03,4.13075309e-04,-4.67868604e-04,-1.17587576e-03,-1.69608378e-03,-2.01746309e-03,-2.13305553e-03,-2.03977234e-03,-1.73809882e-03,-1.23235472e-03,-5.30248910e-04,3.57367089e-04,1.41677539e-03
-4.66789261e-03,-3.95790472e-03,-3.16298100e-03,-2.29026939e-03,-1.34778228e-03,-3.44389129e-04,7.10274330e-04,1.80597443e-03,2.93212583e-03,4.07807446e-03,5.23341053e-03,6.38828153e-03,7.53367801e-03,8.66166568e-03,9.76554038e-03,1.08398869e-02,1.18805293e-02,1.28843694e-02,1.38491174e-02,1.47729307e-02,1.56539844e-02,1.64900054e-02,1.72778085e-02,1.80128745e-02,1.86890117e-02,1.92981383e-02,1.98302166e-02,2.02733618e-02,2.06141347e-02,2.08380110e-02,2.09299471e-02,2.08758568e-02,2.06637125e-02,2.02812037e-02,1.97209509e-02,1.89795533e-02,1.80584336e-02,1.69643504e-02,1.57096020e-02,1.43118939e-02,1.27938576e-02,1.11822389e-02,9.50680699e-03,7.79906515e-03,6.09086723e-03,4.41305342e-03,2.79421504e-03,1.25968130e-03,-1.69206403e-04,-1.47549200e-03,-2.64670771e-03,-3.67467405e-03,-4.55506502e-03,-5.28681642e-03,-5.87144619e-03,-6.31235656e-03,-6.61417601e-03,-6.78215520e-03,-6.82229816e-03,-6.73979464e-03,-6.53988591e-03,-6.22771880e-03,-5.80828100e-03,-5.28658769e-03
3.90944401e-03,3.71215704e-03,3.39435157e-03,2.96123776e-03,2.41979254e-03,1.77853590e-03,1.04725447e-03,2.36697657e-04,-6.41734839e-04,-1.57629829e-03,-2.55519585e-03,-3.56682330e-03,-4.59997193e-03,-5.64397745e-03,-6.68881183e-03,-7.72511958e-03,-8.74420429e-03,-9.73797583e-03,-1.06988712e-02,-1.16197641e-02,-1.24938798e-02,-1.33147275e-02,-1.40760639e-02,-1.47718939e-02,-1.53965117e-02,-1.59445792e-02,-1.64112351e-02,-1.67922219e-02,-1.70840160e-02,-1.72839332e-02,-1.73900922e-02,-1.74030806e-02,-1.73221476e-02,-1.71488781e-02,-1.68857541e-02,-1.65360735e-02,-1.61038390e-02,-1.55936057e-02,-1.50103215e-02,-1.43591799e-02,-1.36454997e-02,-1.28746441e-02,-1.20519877e-02,-1.11829334e-02,-1.02729783e-02,-9.32782027e-03,-8.35349246e-03,-7.35651143e-03,-6.34401954e-03,-5.32390419e-03,-4.30487677e-03,-3.29649742e-03,-2.30913607e-03,-1.35386511e-03,-4.42284655e-04,4.13713514e-04,1.20222685e-03,1.91167505e-03,2.53113568e-03,3.05068492e-03,3.46171941e-03,3.75724175e-03,3.93209219e-03,3.98309804e-03
-6.73965857e-03,-5.01962483e-03,-3.29863231e-03,-1.59339845e-03,7.83531564e-05,1.69809644e-03,3.24674816e-03,4.70493529e-03,6.05327502e-03,7.27268337e-03,8.34470513e-03,9.25186278e-03,9.97801982e-03,1.05087513e-02,1.08317050e-02,1.09368711e-02,1.08180318e-02,1.04712140e-02,9.89530269e-03,9.09363073e-03,8.07322644e-03,6.84495492e-03,5.42349272e-03,3.82717927e-03,2.07774601e-03,1.99922175e-04,-1.77906880e-03,-3.83013507e-03,-5.92305057e-03,-8.02721422e-03,-1.01124545e-02,-1.21498255e-02,-1.41123538e-02,-1.59756982e-02,-1.77186863e-02,-1.93237033e-02,-2.07769155e-02,-2.20683233e-02,-2.31916494e-02,-2.41440782e-02,-2.49258699e-02,-2.55398776e-02,-2.59909966e-02,-2.62855461e-02,-2.64303494e-02,-2.64364855e-02,-2.63082392e-02,-2.60535853e-02,-2.56792760e-02,-2.51911161e-02,-2.45939601e-02,-2.38917650e-02,-2.30877262e-02,-2.21844860e-02,-2.11843962e-02,-2.00898158e-02,-1.89034200e-02,-1.76285036e-02,-1.62692573e-02,-1.48310063e-02,-1.33203990e-02,-1.17455418e-02,-1.01160768e-02,-8.44320518e-03
3.68429984e-02,3.57840734e-02,3.44833327e-02,3.29522723e-02,3.12063905e-02,2.92650530e-02,2.71511889e-02,2.48908292e-02,2.25125059e-02,2.00465437e-02,1.75242888e-02,1.49773223e-02,1.24367097e-02,9.93233130e-03,7.49232998e-03,5.14269853e-03,2.90701346e-03,8.06307705e-04,-1.14093589e-03,-2.91869042e-03,-4.51328431e-03,-5.91322180e-03,-7.10902903e-03,-8.09312618e-03,-8.85973626e-03,-9.40482505e-03,-9.72600528e-03,-9.82361767e-03,-9.69875186e-03,-9.35410180e-03,-8.79485303e-03,-8.02794893e-03,-7.06211473e-03,-5.90778133e-03,-4.57696042e-03,-3.08308247e-03,-1.44080665e-03,3.34187322e-04,2.22540357e-03,4.21576057e-03,6.28779093e-03,8.42381500e-03,1.06060930e-02,1.28169458e-02,1.50388423e-02,1.72544538e-02,1.94466786e-02,2.15986410e-02,2.36936712e-02,2.57152749e-02,2.76471011e-02,2.94729178e-02,3.11766065e-02,3.27421842e-02,3.41538629e-02,3.53961524e-02,3.64540143e-02,3.73130669e-02,3.79598381e-02,3.83820405e-02,3.85687202e-02,3.85114508e-02,3.82090053e-02,3.76525792e-02
1.07241012e-02,9.25333305e-03,7.77934495e-03,6.32251254e-03,4.90188099e-03,3.53489113e-03,2.23718558e-03,1.02248299e-03,-9.74933773e-05,-1.11304063e-03,-2.01648172e-03,-2.80213899e-03,-3.46628156e-03,-4.00705335e-03,-4.42437635e-03,-4.71982507e-03,-4.89645883e-03,-4.95881877e-03,-4.91247619e-03,-4.76365586e-03,-4.51945644e-03,-4.18732803e-03,-3.77483783e-03,-3.28942400e-03,-2.73816638e-03,-2.12758682e-03,-1.46349006e-03,-7.50854244e-04,6.22121468e-06,8.04504469e-04,1.64155692e-03,2.51559442e-03,3.42528845e-03,4.36951812e-03,5.34708429e-03,6.35640126e-03,7.39518308e-03,8.46014317e-03,9.54672511e-03,1.06488820e-02,1.17589190e-02,1.28674109e-02,1.39632036e-02,1.50335049e-02,1.60640643e-02,1.70394426e-02,1.79433630e-02,1.87591357e-02,1.94701447e-02,2.00603773e-02,2.05149792e-02,2.08208017e-02,2.09668763e-02,2.09447962e-02,2.07523512e-02,2.03853583e-02,1.98464742e-02,1.91417035e-02,1.82805765e-02,1.72759331e-02,1.61435372e-02,1.49015763e-02,1.35700812e-02,1.21703051e-02
5.60346381e-03,5.43581327e-03,5.25358116e-03,5.05504134e-03,4.84055622e-03,4.61250406e-03,4.37513810e-03,4.13439238e-03,3.89764890e-03,3.67347947e-03,3.47137266e-03,3.30145246e-03,3.17419168e-03,3.10012100e-03,3.08954830e-03,3.15203650e-03,3.29652248e-03,3.53058053e-03,3.86019376e-03,4.28940759e-03,4.81999040e-03,5.45113090e-03,6.17918943e-03,6.99752324e-03,7.89640387e-03,8.86304249e-03,9.88173402e-03,1.09341263e-02,1.19996151e-02,1.30558605e-02,1.40794135e-02,1.50464390e-02,1.59335116e-02,1.67184592e-02,1.73812200e-02,1.79046749e-02,1.82754070e-02,1.84843289e-02,1.85269592e-02,1.84061901e-02,1.81266397e-02,1.76993398e-02,1.71401207e-02,1.64685512e-02,1.57070935e-02,1.48800551e-02,1.40124513e-02,1.31288634e-02,1.22523673e-02,1.14036023e-02,1.06000298e-02,9.85541421e-03,9.17954096e-03,8.57816368e-03,8.05316095e-03,7.60287069e-03,7.22256426e-03,6.90502007e-03,6.64115740e-03,6.42069412e-03,6.23279616e-03,6.06669131e-03,5.91222481e-03,5.76033888e-03
3.04562757e-02,2.99759626e-02,2.93357683e-02,2.85390384e-02,2.75908469e-02,2.64980505e-02,2.52693236e-02,2.39151766e-02,2.24479510e-02,2.08817798e-02,1.92325044e-02,1.75175361e-02,1.57556579e-02,1.39667656e-02,1.21715541e-02,1.03911595e-02,8.64677284e-03,6.95924467e-03,5.34869724e-03,3.83416238e-03,2.43325709e-03,1.16190547e-03,3.41106419e-05,-9.38216388e-04,-1.74539459e-03,-2.38006531e-03,-2.83722868e-03,-3.11423286e-03,-3.21094998e-03,-3.12942196e-03,-2.87362039e-03,-2.44978549e-03,-1.86597773e-03,-1.13188316e-03,-2.58568808e-04,7.41785488e-04,1.85616709e-03,3.07103147e-03,4.37256697e-03,5.74694463e-03,7.18053240e-03,8.66006442e-03,1.01727592e-02,1.17063840e-02,1.32492669e-02,1.47902617e-02,1.63186744e-02,1.78241628e-02,1.92966242e-02,2.07260830e-02,2.21025952e-02,2.34161797e-02,2.46567871e-02,2.58143126e-02,2.68786525e-02,2.78398055e-02,2.86880101e-02,2.94139096e-02,3.00087345e-02,3.04644869e-02,3.07741082e-02,3.09315772e-02,3.09312620e-02,3.07749641e-02
-9.32184024e-04,-1.29858429e-03,-1.62360856e-03,-1.90535876e-03,-2.14334307e-03,-2.33821189e-03,-2.49142186e-03,-2.60486584e-03,-2.68050837e-03,-2.72005656e-03,-2.72481132e-03,-2.69529226e-03,-2.63141628e-03,-2.53248619e-03,-2.39735952e-03,-2.22469459e-03,-2.01324497e-03,-1.76217184e-03,-1.47134211e-03,-1.14158271e-03,-7.74866668e-04,-3.74413698e-04,5.53032338e-05,5.08644899e-04,9.78981213e-04,1.45893840e-03,1.94069840e-03,2.41632979e-03,2.87812623e-03,3.31892997e-03,3.73241941e-03,4.11334300e-03,4.45768589e-03,4.76275969e-03,5.02721110e-03,5.25094959e-03,5.43499954e-03,5.58128671e-03,5.69237328e-03,5.77115914e-03,5.82056992e-03,5.84325261e-03,5.84129608e-03,5.81615296e-03,5.76814973e-03,5.69679253e-03,5.60065080e-03,5.47751343e-03,5.32462222e-03,5.13898150e-03,4.91772275e-03,4.65849542e-03,4.35985043e-03,4.02158051e-03,3.64498313e-03,3.23301664e-03,2.79032847e-03,2.32314619e-03,1.83903502e-03,1.34653962e-03,8.54740409e-04,3.72764246e-04,-9.07052291e-05,-5.27871079e-04
2.62659292e-03,2.45740521e-03,2.38287730e-03,2.39729168e-03,2.49257024e-03,2.65916664e-03,2.88618245e-03,3.16210736e-03,3.47532148e-03,3.81456744e-03,4.16936187e-03,4.53033557e-03,4.88949853e-03,5.24042929e-03,5.57839082e-03,5.90037616e-03,6.20508742e-03,6.49285129e-03,6.76547459e-03,7.02604324e-03,7.27866968e-03,7.52819552e-03,7.77985914e-03,8.03894103e-03,8.31040272e-03,8.59853750e-03,8.90665222e-03,9.23679891e-03,9.58957292e-03,9.96398970e-03,1.03574473e-02,1.07657748e-02,1.11833613e-02,1.16033527e-02,1.20179009e-02,1.24184456e-02,1.27960085e-02,1.31414820e-02,1.34458962e-02,1.37006546e-02,1.38977327e-02,1.40298397e-02,1.40905332e-02,1.40743934e-02,1.39778501e-02,1.37971437e-02,1.35307744e-02,1.31787213e-02,1.27426972e-02,1.22263389e-02,1.16353660e-02,1.09776854e-02,1.02634140e-02,9.50479058e-03,8.71595672e-03,7.91259809e-03,7.11145143e-03,6.32969940e-03,5.58428924e-03,4.89122309e-03,4.26487251e-03,3.71737004e-03,3.25812301e-03,2.89348345e-03
7.70475542e-02,7.65152780e-02,7.59881657e-02,7.54780677e-02,7.49947865e-02,7.45457076e-02,7.41355976e-02,7.37665833e-02,7.34383051e-02,7.31482286e-02,7.28920799e-02,7.26643678e-02,7.24589439e-02,7.22695569e-02,7.20903563e-02,7.19163123e-02,7.17435275e-02,7.15694272e-02,7.13928294e-02,7.12139017e-02,7.10340251e-02,7.08555921e-02,7.06817682e-02,7.05162494e-02,7.03630415e-02,7.02262805e-02,7.01101066e-02,7.00185915e-02,6.99557185e-02,6.99254348e-02,6.99316717e-02,6.99762709e-02,7.00643991e-02,7.01991085e-02,7.03832501e-02,7.06192125e-02,7.09086913e-02,7.12524625e-02,7.16501610e-02,7.21000808e-02,7.25990156e-02,7.31421559e-02,7.37230549e-02,7.43336693e-02,7.49644762e-02,7.56046641e-02,7.62423891e-02,7.68650878e-02,7.74598357e-02,7.80137382e-02,7.85143438e-02,7.89500649e-02,7.93105953e-02,7.95873047e-02,7.97735820e-02,7.98650288e-02,7.98589278e-02,7.97624427e-02,7.95736687e-02,7.93000413e-02,7.89509032e-02,7.85376027e-02,7.80731395e-02,7.75716090e-02
-8.78420302e-03,-9.57352350e-03,-1.02818040e-02,-1.08960112e-02,-1.14029628e-02,-1.17900422e-02,-1.20458534e-02,-1.21609389e-02,-1.21293344e-02,-1.19453714e-02,-1.16076924e-02,-1.11176278e-02,-1.04792040e-02,-9.69891919e-03,-8.78542873e-03,-7.74918719e-03,-6.60207836e-03,-5.35706177e-03,-4.02785672e-03,-2.62867833e-03,-1.17403350e-03,3.21421779e-04,1.84296142e-03,3.37583582e-03,4.90527005e-03,6.41643882e-03,7.89443807e-03,9.32426724e-03,1.06908384e-02,1.19790270e-02,1.31737770e-02,1.42602685e-02,1.52241547e-02,1.60518650e-02,1.67309707e-02,1.72505959e-02,1.76018518e-02,1.77782358e-02,1.77755892e-02,1.75967523e-02,1.72417664e-02,1.67179110e-02,1.60355080e-02,1.52080825e-02,1.42519743e-02,1.31857330e-02,1.20293611e-02,1.08034585e-02,9.52833202e-03,8.22314027e-03,6.90514274e-03,5.58911504e-03,4.28697810e-03,3.00766919e-03,1.75726119e-03,5.39313693e-04,-6.44580398e-04,-1.79410571e-03,-2.90945777e-03,-3.99056780e-03,-5.03639125e-03,-6.04432211e-03,-7.00978462e-03,-7.92603708e-03
5.47884726e-03,5.02937438e-03,4.54154573e-03,4.02222596e-03,3.47812180e-03,2.91572970e-03,2.34137665e-03,1.76133219e-03,1.18195814e-03,6.09857083e-04,5.19802702e-05,-4.84337684e-04,-9.91441386e-04,-1.46152284e-03,-1.88688354e-03,-2.26027152e-03,-2.57525825e-03,-2.82661457e-03,-3.01064347e-03,-3.12542861e-03,-3.17102252e-03,-3.14946932e-03,-3.06449431e-03,-2.92157667e-03,-2.72749266e-03,-2.48994357e-03,-2.21713719e-03,-1.91736429e-03,-1.59860061e-03,-1.26815815e-03,-9.32403285e-04,-5.96551613e-04,-2.64543050e-04,6.10051519e-05,3.78773713e-04,6.88654014e-04,9.91606972e-04,1.28947814e-03,1.58477738e-03,1.88043073e-03,2.17951142e-03,2.48495800e-03,2.79928821e-03,3.12432008e-03,3.46091355e-03,3.80874848e-03,4.16615589e-03,4.53001913e-03,4.89575917e-03,5.25741421e-03,5.60781748e-03,5.93886950e-03,6.24189286e-03,6.50804909e-03,6.72879028e-03,6.89631225e-03,7.00397280e-03,7.04663079e-03,7.02101913e-03,6.92584663e-03,6.76138601e-03,6.52997278e-03,6.23549249e-03,5.88309541e-03
-1.48266758e-02,-1.33528564e-02,-1.19743412e-02,-1.07099171e-02,-9.57426002e-03,-8.57763562e-03,-7.72571940e-03,-7.01955749e-03,-6.45568606e-03,-6.02642156e-03,-5.72032433e-03,-5.52282612e-03,-5.41700145e-03,-5.38432397e-03,-5.40590574e-03,-5.46326681e-03,-5.53917032e-03,-5.61857684e-03,-5.68934156e-03,-5.74276726e-03,-5.77398013e-03,-5.78220301e-03,-5.77057268e-03,-5.74615753e-03,-5.71963955e-03,-5.70482616e-03,-5.71796951e-03,-5.77746930e-03,-5.90277709e-03,-6.11370278e-03,-6.42951573e-03,-6.86800242e-03,-7.44449593e-03,-8.17090180e-03,-9.05475705e-03,-1.00983716e-02,-1.12981113e-02,-1.26438889e-02,-1.41189293e-02,-1.56998678e-02,-1.73572220e-02,-1.90562487e-02,-2.07581635e-02,-2.24216623e-02,-2.40046507e-02,-2.54660585e-02,-2.67676106e-02,-2.78754239e-02,-2.87613191e-02,-2.94037422e-02,-2.97881062e-02,-2.99103398e-02,-2.97707097e-02,-2.93747612e-02,-2.87368708e-02,-2.78764999e-02,-2.68175712e-02,-2.55875651e-02,-2.42165850e-02,-2.27364445e-02,-2.11797988e-02,-1.95793311e-02,-1.79669930e-02,-1.63732995e-02
2.00094354e-03,3.00212339e-03,4.09661111e-03,5.26904733e-03,6.50285414e-03,7.78048727e-03,9.08369624e-03,1.03937963e-02,1.16919561e-02,1.29595050e-02,1.41782605e-02,1.53308756e-02,1.64012016e-02,1.73746583e-02,1.82385990e-02,1.89826555e-02,1.95990435e-02,2.00828063e-02,2.04319752e-02,2.06476174e-02,2.07337159e-02,2.06974403e-02,2.05488594e-02,2.02981203e-02,1.99582981e-02,1.95431498e-02,1.90665828e-02,1.85420116e-02,1.79817414e-02,1.73964322e-02,1.67946808e-02,1.61827483e-02,1.55644467e-02,1.49411884e-02,1.43121930e-02,1.36748316e-02,1.30250868e-02,1.23580955e-02,1.16687431e-02,1.09522724e-02,1.02048728e-02,9.42421725e-03,8.60991596e-03,7.76386287e-03,6.89045387e-03,5.99666465e-03,5.09198296e-03,4.18819882e-03,3.29906438e-03,2.43984365e-03,1.62677853e-03,8.76502722e-04,2.05437183e-04,-3.70797927e-04,-8.37923929e-04,-1.18348585e-03,-1.39722397e-03,-1.47144113e-03,-1.40107338e-03,-1.18372622e-03,-8.19854014e-04,-3.12591134e-04,3.32373791e-04,1.10696529e-03
-1.96143041e-02,-2.03942334e-02,-2.12020078e-02,-2.20197906e-02,-2.28283001e-02,-2.36076837e-02,-2.43384510e-02,-2.50023954e-02,-2.55834347e-02,-2.60683112e-02,-2.64471036e-02,-2.67135107e-02,-2.68648249e-02,-2.69035653e-02,-2.68332503e-02,-2.66609150e-02,-2.63965152e-02,-2.60517019e-02,-2.56392961e-02,-2.51727041e-02,-2.46653628e-02,-2.41302425e-02,-2.35794272e-02,-2.30237816e-02,-2.24727104e-02,-2.19340120e-02,-2.14138214e-02,-2.09166366e-02,-2.04454182e-02,-2.00017489e-02,-1.95860379e-02,-1.91977535e-02,-1.88356669e-02,-1.84980911e-02,-1.81830987e-02,-1.78887092e-02,-1.76130360e-02,-1.73543897e-02,-1.71113398e-02,-1.68827391e-02,-1.66677204e-02,-1.64656780e-02,-1.62762457e-02,-1.60992865e-02,-1.59349023e-02,-1.57834732e-02,-1.56457281e-02,-1.55228429e-02,-1.54165600e-02,-1.53293125e-02,-1.52643396e-02,-1.52258033e-02,-1.52183825e-02,-1.52480903e-02,-1.53214453e-02,-1.54453459e-02,-1.56267646e-02,-1.58722896e-02,-1.61876033e-02,-1.65769224e-02,-1.70424408e-02,-1.75838209e-02,-1.81977866e-02,-1.88778631e-02
-1.90350308e-02,-1.86606572e-02,-1.82160003e-02,-1.77052181e-02,-1.71325525e-02,-1.65023435e-02,-1.58190415e-02,-1.50872138e-02,-1.43115436e-02,-1.34968249e-02,-1.26479562e-02,-1.17699390e-02,-1.08678867e-02,-9.94704943e-03,-9.01285663e-03,-8.07097899e-03,-7.12740659e-03,-6.18853697e-03,-5.26126396e-03,-4.35305576e-03,-3.47200898e-03,-2.62686591e-03,-1.82698309e-03,-1.08224252e-03,-4.02900663e-04,2.00624436e-04,7.18017256e-04,1.13938691e-03,1.45560622e-03,1.65866112e-03,1.74198305e-03,1.70079396e-03,1.53237231e-03,1.23597617e-03,8.13267638e-04,2.68173417e-04,-3.93176120e-04,-1.16258519e-03,-2.03001107e-03,-2.98380578e-03,-4.01099225e-03,-5.09755376e-03,-6.22872701e-03,-7.38929256e-03,-8.56386016e-03,-9.73714846e-03,-1.08942588e-02,-1.20209417e-02,-1.31038511e-02,-1.41307801e-02,-1.50908659e-02,-1.59747559e-02,-1.67747202e-02,-1.74847062e-02,-1.81003285e-02,-1.86187975e-02,-1.90387913e-02,-1.93602835e-02,-1.95843311e-02,-1.97127966e-02,-1.97490708e-02,-1.96959530e-02,-1.95566540e-02,-1.93350351e-02
8.86150241e-03,8.76563265e-03,8.84706922e-03,9.10210793e-03,9.52539251e-03,1.01089527e-02,1.08431436e-02,1.17168145e-02,1.27175180e-02,1.38317167e-02,1.50449880e-02,1.63422273e-02,1.77078534e-02,1.91260162e-02,2.05808054e-02,2.20564570e-02,2.35375518e-02,2.50092013e-02,2.64572127e-02,2.78682306e-02,2.92298485e-02,3.05306907e-02,3.17604634e-02,3.29099788e-02,3.39711558e-02,3.49370047e-02,3.58016010e-02,3.65600542e-02,3.72084753e-02,3.77439450e-02,3.81644784e-02,3.84689817e-02,3.86571802e-02,3.87294201e-02,3.86876981e-02,3.85347399e-02,3.82709831e-02,3.78992642e-02,3.74223181e-02,3.68428048e-02,3.61632512e-02,3.53860266e-02,3.45133956e-02,3.35476643e-02,3.24914217e-02,3.13478679e-02,3.01212043e-02,2.88170506e-02,2.74428449e-02,2.60081776e-02,2.45250139e-02,2.30077649e-02,2.14731835e-02,1.99400775e-02,1.84288526e-02,1.69609168e-02,1.55579914e-02,1.42413843e-02,1.30312828e-02,1.19461156e-02,1.10020265e-02,1.02124835e-02,9.58803373e-03,9.13619933e-03
-3.31620712e-03,-2.90545126e-03,-2.69529659e-03,-2.68286549e-03,-2.86211745e-03,-3.22258710e-03,-3.75041778e-03,-4.42889210e-03,-5.23913896e-03,-6.16094394e-03,-7.17360598e-03,-8.25678442e-03,-9.39128195e-03,-1.05597156e-02,-1.17470385e-02,-1.29408880e-02,-1.41317503e-02,-1.53129425e-02,-1.64804263e-02,-1.76324741e-02,-1.87692124e-02,-1.98920744e-02,-2.10031913e-02,-2.21047558e-02,-2.31983913e-02,-2.42845609e-02,-2.53620498e-02,-2.64275533e-02,-2.74754004e-02,-2.84974356e-02,-2.94830721e-02,-3.04195196e-02,-3.12921747e-02,-3.20851505e-02,-3.27819063e-02,-3.33659322e-02,-3.38214276e-02,-3.41338421e-02,-3.42898437e-02,-3.42850309e-02,-3.41066010e-02,-3.37516400e-02,-3.32192873e-02,-3.25116431e-02,-3.16337626e-02,-3.05935098e-02,-2.94013576e-02,-2.80701635e-02,-2.66149382e-02,-2.50526161e-02,-2.34018321e-02,-2.16827020e-02,-1.99166009e-02,-1.81259319e-02,-1.63338755e-02,-1.45641103e-02,-1.28404974e-02,-1.11867224e-02,-9.62589306e-03,-8.18009418e-03,-6.86990751e-03,-5.71390848e-03,-4.72815871e-03,-3.92571826e-03
-1.89075962e-02,-1.94772875e-02,-2.00573479e-02,-2.06395456e-02,-2.12166019e-02,-2.17823542e-02,-2.23318269e-02,-2.28612104e-02,-2.33677569e-02,-2.38496068e-02,-2.43055666e-02,-2.47348624e-02,-2.51368938e-02,-2.55110095e-02,-2.58563269e-02,-2.61716080e-02,-2.64552004e-02,-2.67050456e-02,-2.69187481e-02,-2.70936941e-02,-2.72272028e-02,-2.73166756e-02,-2.73597087e-02,-2.73556567e-02,-2.73021088e-02,-2.71987719e-02,-2.70458917e-02,-2.68444125e-02,-2.65959555e-02,-2.63027473e-02,-2.59675209e-02,-2.55934018e-02,-2.51837929e-02,-2.47422702e-02,-2.42724977e-02,-2.37781698e-02,-2.32629845e-02,-2.27306483e-02,-2.21849110e-02,-2.16296233e-02,-2.10688121e-02,-2.05067614e-02,-1.99480903e-02,-1.93978166e-02,-1.88613955e-02,-1.83447263e-02,-1.78541191e-02,-1.73962166e-02,-1.69778724e-02,-1.66059848e-02,-1.62872925e-02,-1.60281415e-02,-1.58342372e-02,-1.57104149e-02,-1.56601634e-02,-1.56852974e-02,-1.57871180e-02,-1.59645361e-02,-1.62148332e-02,-1.65336321e-02,-1.69150146e-02,-1.73517283e-02,-1.78354679e-02,-1.83572124e-02
1.69764960e-02,1.74268055e-02,1.79112992e-02,1.84224974e-02,1.89513169e-02,1.94873503e-02,2.00192242e-02,2.05350245e-02,2.10227641e-02,2.14708721e-02,2.18686750e-02,2.22068441e-02,2.24777807e-02,2.26759136e-02,2.27978846e-02,2.28425698e-02,2.28115731e-02,2.27083942e-02,2.25375207e-02,2.23056821e-02,2.20206048e-02,2.16906663e-02,2.13245094e-02,2.09306866e-02,2.05173663e-02,2.00921143e-02,1.96617545e-02,1.92323050e-02,1.88089761e-02,1.83962149e-02,1.79977777e-02,1.76168125e-02,1.72559360e-02,1.69172957e-02,1.66026101e-02,1.63131866e-02,1.60499209e-02,1.58132830e-02,1.56033002e-02,1.54195437e-02,1.52611296e-02,1.51267403e-02,1.50146713e-02,1.49229068e-02,1.48492243e-02,1.47913249e-02,1.47469847e-02,1.47142206e-02,1.46914589e-02,1.46776981e-02,1.46726549e-02,1.46768325e-02,1.46916125e-02,1.47193491e-02,1.47631775e-02,1.48269593e-02,1.49150937e-02,1.50322715e-02,1.51831819e-02,1.53721852e-02,1.56029716e-02,1.58782260e-02,1.61993215e-02,1.65660626e-02
7.79305346e-03,8.97787790e-03,1.01245603e-02,1.12212227e-02,1.22562728e-02,1.32185194e-02,1.40972640e-02,1.48823758e-02,1.55643553e-02,1.61343986e-02,1.65844731e-02,1.69074123e-02,1.70970292e-02,1.71481516e-02,1.70583024e-02,1.68248831e-02,1.64473835e-02,1.59278459e-02,1.52704821e-02,1.44818525e-02,1.35709071e-02,1.25489062e-02,1.14292232e-02,1.02270322e-02,8.95889857e-03,7.64229952e-03,6.29510971e-03,4.93509096e-03,3.57942314e-03,2.24430678e-03,9.44658574e-04,-3.06091416e-04,-1.49609828e-03,-2.61512819e-03,-3.65450477e-03,-4.60701064e-03,-5.46676628e-03,-6.22910188e-03,-6.89043456e-03,-7.44815698e-03,-7.90053858e-03,-8.24663597e-03,-8.48620363e-03,-8.61955979e-03,-8.64817376e-03,-8.57307266e-03,-8.39604725e-03,-8.11932108e-03,-7.74538761e-03,-7.27700964e-03,-6.71722863e-03,-6.06940038e-03,-5.33725769e-03,-4.52499499e-03,-3.63736691e-03,-2.67978985e-03,-1.65843481e-03,-5.80299944e-04,5.46747112e-04,1.71395955e-03,2.91175604e-03,4.12979333e-03,5.35707905e-03,6.58211394e-03
-3.79577591e-02,-3.59290912e-02,-3.37313491e-02,-3.13925360e-02,-2.89393678e-02,-2.63971047e-02,-2.37894464e-02,-2.11384773e-02,-1.84646562e-02,-1.57868457e-02,-1.31223742e-02,-1.04871317e-02,-7.89569289e-03,-5.36146591e-03,-2.89686178e-03,-5.13478975e-04,1.77769959e-03,3.96611010e-03,6.04143420e-03,7.99341590e-03,9.81170844e-03,1.14857476e-02,1.30046552e-02,1.43571747e-02,1.55316407e-02,1.65159801e-02,1.72977451e-02,1.78641742e-02,1.82022631e-02,1.82986731e-02,1.81425523e-02,1.77207284e-02,1.70208229e-02,1.60327909e-02,1.47482905e-02,1.31615195e-02,1.12700851e-02,9.07595991e-03,6.58649090e-03,3.81539068e-03,7.83612623e-04,-2.47999215e-03,-5.93836399e-03,-9.54651249e-03,-1.32522099e-02,-1.69973028e-02,-2.07195520e-02,-2.43548864e-02,-2.78398957e-02,-3.11143485e-02,-3.41235180e-02,-3.68201228e-02,-3.91657421e-02,-4.11316336e-02,-4.26989456e-02,-4.38583527e-02,-4.46090337e-02,-4.49569948e-02,-4.49304347e-02,-4.45334363e-02,-4.37928023e-02,-4.27357156e-02,-4.13909675e-02,-3.97883045e-02
-1.81009246e-02,-1.84125366e-02,-1.85565411e-02,-1.85492100e-02,-1.84045986e-02,-1.81412213e-02,-1.77777435e-02,-1.73325210e-02,-1.68228849e-02,-1.62645204e-02,-1.56709772e-02,-1.50533255e-02,-1.44199624e-02,-1.37765641e-02,-1.31261770e-02,-1.24694331e-02,-1.18048713e-02,-1.11293433e-02,-1.04384793e-02,-9.72718698e-03,-8.99015970e-03,-8.22236921e-03,-7.41952228e-03,-6.57846468e-03,-5.69752009e-03,-4.77675654e-03,-3.81817708e-03,-2.82583558e-03,-1.80588081e-03,-7.66534469e-04,2.81990661e-04,1.32762173e-03,2.35661507e-03,3.35378147e-03,4.30275028e-03,5.18627166e-03,5.98655449e-03,6.68563932e-03,7.26580554e-03,7.71001114e-03,8.00235912e-03,8.12856191e-03,8.07666317e-03,7.83803341e-03,7.40572384e-03,6.77749159e-03,5.95516660e-03,4.94509316e-03,3.75837641e-03,2.41096016e-03,9.23509766e-04,-6.78925340e-04,-2.36746230e-03,-4.11022441e-03,-5.87333534e-03,-7.62208670e-03,-9.32220408e-03,-1.09411312e-02,-1.24492475e-02,-1.38209379e-02,-1.50354445e-02,-1.60774513e-02,-1.69373728e-02,-1.76113436e-02
3.73804221e-02,3.66422707e-02,3.55828569e-02,3.41930754e-02,3.24719544e-02,3.04279514e-02,2.80798226e-02,2.54569583e-02,2.25990820e-02,1.95552566e-02,1.63822092e-02,1.31420690e-02,9.89968507e-03,6.71975236e-03,3.66399682e-03,7.88663243e-04,-1.85748421e-03,-4.23454006e-03,-6.31226176e-03,-8.07010118e-03,-9.49674811e-03,-1.05892598e-02,-1.13519079e-02,-1.17948008e-02,-1.19341032e-02,-1.17879823e-02,-1.13765352e-02,-1.07225227e-02,-9.84937435e-03,-8.78075242e-03,-7.54014595e-03,-6.15056084e-03,-4.63428892e-03,-3.01273190e-03,-1.30625792e-03,4.65926379e-04,2.28589045e-03,4.13712231e-03,6.00464803e-03,7.87514659e-03,9.73705114e-03,1.15806195e-02,1.33979592e-02,1.51829918e-02,1.69313440e-02,1.86401563e-02,2.03078045e-02,2.19335373e-02,2.35170364e-02,2.50579170e-02,2.65551879e-02,2.80066974e-02,2.94085952e-02,3.07548383e-02,3.20367735e-02,3.32428230e-02,3.43582989e-02,3.53653705e-02,3.62432017e-02,3.69682729e-02,3.75148917e-02,3.78558580e-02,3.79629238e-02,3.78128525e-02
9.45376622e-03,1.04365052e-02,1.12718200e-02,1.19457762e-02,1.24467591e-02,1.27657367e-02,1.28964417e-02,1.28360273e-02,1.25854843e-02,1.21469747e-02,1.15274628e-02,1.07370291e-02,9.78885650e-03,8.69901146e-03,7.48611431e-03,6.17091561e-03,4.77578965e-03,3.32415971e-03,1.83987337e-03,3.46550307e-04,-1.13306865e-03,-2.57774938e-03,-3.96835482e-03,-5.28832984e-03,-6.52409015e-03,-7.66528461e-03,-8.70491590e-03,-9.63931070e-03,-1.04679385e-02,-1.11930857e-02,-1.18193999e-02,-1.23533265e-02,-1.28024666e-02,-1.31748916e-02,-1.34784518e-02,-1.37201218e-02,-1.39054221e-02,-1.40379513e-02,-1.41190462e-02,-1.41479032e-02,-1.41213452e-02,-1.40336847e-02,-1.38778627e-02,-1.36456099e-02,-1.33281113e-02,-1.29166994e-02,-1.24035478e-02,-1.17823204e-02,-1.10487342e-02,-1.02010046e-02,-9.24015309e-03,-8.17017115e-03,-6.99804352e-03,-5.73364544e-03,-4.38953351e-03,-2.98065361e-03,-1.52398960e-03,-3.81751383e-05,1.45690729e-03,2.94054153e-03,4.39158988e-03,5.78887930e-03,7.11157926e-03,8.33956487e-03
-4.17213130e-02,-4.05907458e-02,-3.91520817e-02,-3.74366935e-02,-3.54795193e-02,-3.33179781e-02,-3.09909367e-02,-2.85377515e-02,-2.59973982e-02,-2.34076907e-02,-2.08045897e-02,-1.82215971e-02,-1.56892348e-02,-1.32346123e-02,-1.08810868e-02,-8.64802787e-03,-6.55069808e-03,-4.60026260e-03,-2.80393784e-03,-1.16528385e-03,3.15362831e-04,1.64032382e-03,2.81392643e-03,3.84176809e-03,4.72995715e-03,5.48437760e-03,6.11002337e-03,6.61044568e-03,6.98734794e-03,7.24034992e-03,7.36692010e-03,7.36237547e-03,7.22148102e-03,6.93576947e-03,6.49712775e-03,5.89707704e-03,5.12748123e-03,4.18112397e-03,3.05222702e-03,1.73690201e-03,2.33533331e-04,-1.45689470e-03,-3.33051707e-03,-5.38034912e-03,-7.59602078e-03,-9.96350895e-03,-1.24648604e-02,-1.50779281e-02,-1.77761643e-02,-2.05285338e-02,-2.32996171e-02,-2.60499760e-02,-2.87368308e-02,-3.13150708e-02,-3.37385758e-02,-3.59617812e-02,-3.79413795e-02,-3.96380232e-02,-4.10178812e-02,-4.20538897e-02,-4.27264224e-02,-4.30247518e-02,-4.29568626e-02,-4.25170614e-02
3.77305317e-02,3.93316820e-02,4.08719621e-02,4.23315122e-02,4.36917213e-02,4.49356297e-02,4.60483134e-02,4.70172339e-02,4.78325365e-02,4.84872788e-02,4.89775675e-02,4.93025744e-02,4.94643451e-02,4.94662998e-02,4.93232337e-02,4.90376652e-02,4.86219617e-02,4.80884889e-02,4.74498290e-02,4.67183545e-02,4.59057465e-02,4.50225949e-02,4.40781240e-02,4.30800633e-02,4.20346700e-02,4.09468948e-02,3.98206690e-02,3.86592853e-02,3.74658320e-02,3.62436417e-02,3.49967137e-02,3.37300752e-02,3.24500514e-02,3.11644264e-02,2.98824860e-02,2.86149444e-02,2.73737673e-02,2.61719112e-02,2.50230032e-02,2.39409897e-02,2.29397777e-02,2.20328929e-02,2.12331691e-02,2.05524810e-02,2.00015232e-02,1.95896345e-02,1.93246717e-02,1.92129739e-02,1.92588269e-02,1.94636607e-02,1.98299458e-02,2.03563462e-02,2.10397623e-02,2.18751299e-02,2.28553711e-02,2.39713896e-02,2.52121004e-02,2.65644967e-02,2.80137555e-02,2.95433856e-02,3.11354176e-02,3.27706363e-02,3.44288522e-02,3.60892103e-02
4.27166891e-03,3.28045106e-03,2.18896474e-03,9.98194938e-04,-2.91928571e-04,-1.68191392e-03,-3.17200224e-03,-4.76142055e-03,-6.44765446e-03,-8.22579903e-03,-1.00880375e-02,-1.20232887e-02,-1.40170493e-02,-1.60514414e-02,-1.81054608e-02,-2.01554033e-02,-2.21754372e-02,-2.41382817e-02,-2.60159457e-02,-2.77804865e-02,-2.94047489e-02,-3.08630564e-02,-3.21318309e-02,-3.31901243e-02,-3.40200456e-02,-3.46070269e-02,-3.49396625e-02,-3.50158537e-02,-3.48293997e-02,-3.43806877e-02,-3.36751783e-02,-3.27218125e-02,-3.15330376e-02,-3.01245894e-02,-2.85151939e-02,-2.67262232e-02,-2.47813172e-02,-2.27059837e-02,-2.05271824e-02,-1.82729001e-02,-1.59717215e-02,-1.36523985e-02,-1.13434213e-02,-9.07259179e-03,-6.86660342e-03,-4.75062945e-03,-2.74792486e-03,-8.79448858e-04,8.36481811e-04,2.38447916e-03,3.75236860e-03,4.93133907e-03,5.91602096e-03,6.70445549e-03,7.29794269e-03,7.70076124e-03,7.91975578e-03,7.96373657e-03,7.84394284e-03,7.57083386e-03,7.15567798e-03,6.60930837e-03,5.94140981e-03,5.16010342e-03
-4.78000916e-03,-4.87790691e-03,-4.84008294e-03,-4.67325417e-03,-4.38452846e-03,-3.98077389e-03,-3.46853922e-03,-2.85396321e-03,-2.14270575e-03,-1.33990563e-03,-4.50169098e-04,5.22407035e-04,1.57417053e-03,2.70181916e-03,3.90225337e-03,5.17239425e-03,6.50896767e-03,7.90826242e-03,9.36587263e-03,1.08764367e-02,1.24333854e-02,1.40287137e-02,1.56527863e-02,1.72941924e-02,1.89396556e-02,2.05740104e-02,2.21802506e-02,2.37396542e-02,2.52319909e-02,2.66358113e-02,2.79288213e-02,2.90883392e-02,3.00918312e-02,3.09175172e-02,3.15450295e-02,3.19560889e-02,3.21350441e-02,3.20705005e-02,3.17587536e-02,3.11927438e-02,3.03757737e-02,2.93161758e-02,2.80277346e-02,2.65295583e-02,2.48456407e-02,2.30041715e-02,2.10366372e-02,1.89767660e-02,1.68593850e-02,1.47192626e-02,1.25900108e-02,1.05031135e-02,8.48713076e-03,6.56711273e-03,4.76423434e-03,3.09564512e-03,1.57451131e-03,2.10217206e-04,-9.91308988e-04,-2.02719641e-03,-2.89719722e-03,-3.60322461e-03,-4.14891374e-03,-4.53921349e-03
8.28737711e-03,9.50434730e-03,1.08618590e-02,1.23445486e-02,1.39363095e-02,1.56206467e-02,1.73810058e-02,1.92010617e-02,2.10649550e-02,2.29574668e-02,2.48641271e-02,2.67712517e-02,2.86659111e-02,3.05358343e-02,3.23692558e-02,3.41547180e-02,3.58808450e-02,3.75361046e-02,3.91085824e-02,4.05857879e-02,4.19545184e-02,4.32007999e-02,4.43099279e-02,4.52666198e-02,4.60552896e-02,4.66604403e-02,4.70671462e-02,4.72614748e-02,4.72308842e-02,4.69742394e-02,4.64784062e-02,4.57430707e-02,4.47716448e-02,4.35722235e-02,4.21577989e-02,4.05460965e-02,3.87591177e-02,3.68224262e-02,3.47642339e-02,3.26143620e-02,3.04031670e-02,2.81605254e-02,2.59149608e-02,2.36929775e-02,2.15186375e-02,1.94133852e-02,1.73960958e-02,1.54832993e-02,1.36895151e-02,1.20276307e-02,1.05092569e-02,9.14500908e-03,7.94467682e-03,6.91726830e-03,6.07093108e-03,5.41277037e-03,4.94859717e-03,4.68264931e-03,4.61736427e-03,4.75252482e-03,5.08640645e-03,5.61470876e-03,6.33064098e-03,7.22520723e-03
8.82243402e-03,8.45783866e-03,7.99375832e-03,7.43142948e-03,6.77334228e-03,6.02335071e-03,5.18676614e-03,4.27042931e-03,3.28275573e-03,2.23374941e-03,1.13497851e-03,-4.94451161e-07,-1.15823298e-03,-2.32261638e-03,-3.47710126e-03,-4.60455003e-03,-5.68763562e-03,-6.70930989e-03,-7.65331785e-03,-8.50473188e-03,-9.25047316e-03,-9.87978411e-03,-1.03846151e-02,-1.07598911e-02,-1.10036203e-02,-1.11168149e-02,-1.11045969e-02,-1.09724684e-02,-1.07294650e-02,-1.03860701e-02,-9.95379881e-03,-9.44462506e-03,-8.87042572e-03,-8.24248620e-03,-7.57110037e-03,-6.86528655e-03,-6.13263162e-03,-5.37926450e-03,-4.60995000e-03,-3.82828482e-03,-3.03696995e-03,-2.23812925e-03,-1.43364218e-03,-6.25459921e-04,1.84121237e-04,9.92248287e-04,1.79537599e-03,2.58920842e-03,3.36871353e-03,4.12820033e-03,4.86144310e-03,5.56183477e-03,6.22255192e-03,6.83671579e-03,7.39753710e-03,7.89843743e-03,8.33314442e-03,8.69576262e-03,8.98082545e-03,9.18333512e-03,9.29879469e-03,9.32319234e-03,9.25373674e-03,9.08743874e-03
-8.12900656e-03,-9.40918664e-03,-1.05939269e-02,-1.16760870e-02,-1.26507439e-02,-1.35148170e-02,-1.42666667e-02,-1.49057075e-02,-1.54320665e-02,-1.58463122e-02,-1.61492604e-02,-1.63418387e-02,-1.64252048e-02,-1.64016389e-02,-1.62715705e-02,-1.60371573e-02,-1.57008622e-02,-1.52656777e-02,-1.47351935e-02,-1.41136102e-02,-1.34057098e-02,-1.26167914e-02,-1.17525822e-02,-1.08191368e-02,-9.82274109e-03,-8.76983179e-03,-7.66694510e-03,-6.52070099e-03,-5.33782702e-03,-4.12522055e-03,-2.89004418e-03,-1.63984514e-03,-3.82687266e-04,8.72717186e-04,2.11688902e-03,3.33950109e-03,4.52932775e-03,5.67424848e-03,6.76130979e-03,7.77685044e-03,8.70669228e-03,9.53639604e-03,1.02515787e-02,1.08382856e-02,1.12834070e-02,1.15751218e-02,1.17033209e-02,1.16602744e-02,1.14419465e-02,1.10450738e-02,1.04712124e-02,9.72536132e-03,8.81616867e-03,7.75587934e-03,6.56010664e-03,5.24743881e-03,3.83889458e-03,2.35725347e-03,8.26298690e-04,-7.29980425e-04,-2.28816087e-03,-3.82613506e-03,-5.32370663e-03,-6.76305114e-03
-1.90475337e-02,-1.86525597e-02,-1.83896693e-02,-1.82626875e-02,-1.82688626e-02,-1.84058595e-02,-1.86646118e-02,-1.90327743e-02,-1.94948670e-02,-2.00328884e-02,-2.06270884e-02,-2.12568362e-02,-2.19015296e-02,-2.25414890e-02,-2.31587823e-02,-2.37379329e-02,-2.42664751e-02,-2.47353332e-02,-2.51390149e-02,-2.54756241e-02,-2.57467075e-02,-2.59569566e-02,-2.61137933e-02,-2.62268651e-02,-2.63074747e-02,-2.63679628e-02,-2.64210829e-02,-2.64794188e-02,-2.65548260e-02,-2.66578669e-02,-2.67972964e-02,-2.69796269e-02,-2.72087817e-02,-2.74858491e-02,-2.78089476e-02,-2.81732136e-02,-2.85709171e-02,-2.89917052e-02,-2.94229667e-02,-2.98503055e-02,-3.02580991e-02,-3.06301186e-02,-3.09501746e-02,-3.12027512e-02,-3.13735565e-02,-3.14503919e-02,-3.14254085e-02,-3.12892179e-02,-3.10381522e-02,-3.06714921e-02,-3.01917615e-02,-2.96047215e-02,-2.89192486e-02,-2.81471206e-02,-2.73027236e-02,-2.64026906e-02,-2.54654833e-02,-2.45109262e-02,-2.35596994e-02,-2.26327971e-02,-2.17509612e-02,-2.09340972e-02,-2.02006837e-02,-1.95671923e-02
-3.95727911e-03,-4.70586754e-03,-5.56956737e-03,-6.54872193e-03,-7.64386550e-03,-8.85535910e-03,-1.01829803e-02,-1.16254810e-02,-1.31801306e-02,-1.48422645e-02,-1.66048614e-02,-1.84581772e-02,-2.03894626e-02,-2.23827944e-02,-2.44190460e-02,-2.64760169e-02,-2.85287331e-02,-3.05499164e-02,-3.25106095e-02,-3.43809298e-02,-3.61309129e-02,-3.77313990e-02,-3.91549129e-02,-4.03764845e-02,-4.13743615e-02,-4.21305520e-02,-4.26310550e-02,-4.28659210e-02,-4.28402544e-02,-4.25443083e-02,-4.19851028e-02,-4.11723887e-02,-4.01196712e-02,-3.88439734e-02,-3.73654350e-02,-3.57068461e-02,-3.38931465e-02,-3.19509102e-02,-2.99078242e-02,-2.77921703e-02,-2.56323163e-02,-2.34562206e-02,-2.12909577e-02,-1.91622723e-02,-1.70941678e-02,-1.51085405e-02,-1.32248693e-02,-1.14599699e-02,-9.82782547e-03,-8.33950024e-03,-7.00314316e-03,-5.82408336e-03,-4.80501536e-03,-3.94626715e-03,-3.24613893e-03,-2.70129630e-03,-2.30719819e-03,-2.05854052e-03,-1.94967055e-03,-1.97483851e-03,-2.12899409e-03,-2.40754653e-03,-2.80678419e-03,-3.32395552e-03
4.21266124e-03,4.80357355e-03,5.36836993e-03,5.88565596e-03,6.33481093e-03,6.69665626e-03,6.95404518e-03,7.09236251e-03,7.09982972e-03,6.96906435e-03,6.69457741e-03,6.27568003e-03,5.71553325e-03,5.02127478e-03,4.20397830e-03,3.27849202e-03,2.26315381e-03,1.17937608e-03,5.10985953e-05,-1.09587858e-03,-2.23467950e-03,-3.33822106e-03,-4.38010927e-03,-5.33554113e-03,-6.18215957e-03,-6.90081799e-03,-7.47621627e-03,-7.89737696e-03,-8.15792116e-03,-8.25654491e-03,-8.19671148e-03,-7.98559371e-03,-7.63523601e-03,-7.16133568e-03,-6.58274030e-03,-5.92080135e-03,-5.19865072e-03,-4.44042093e-03,-3.67042514e-03,-2.91231341e-03,-2.18822430e-03,-1.51795583e-03,-9.18185257e-04,-4.01773531e-04,2.28050206e-05,3.51862714e-04,5.86695741e-04,7.33533047e-04,8.03218236e-04,8.10621227e-04,7.73851935e-04,7.13103184e-04,6.49593038e-04,6.04260738e-04,5.96546028e-04,6.43242857e-04,7.57608810e-04,9.48625773e-04,1.22057390e-03,1.57288132e-03,2.00023808e-03,2.49294562e-03,3.03745784e-03,3.61706382e-03
3.68593213e-03,3.03042050e-03,2.33034383e-03,1.59123974e-03,8.21359344e-04,3.15477040e-05,-7.65017657e-04,-1.55322594e-03,-2.31655120e-03,-3.03765477e-03,-3.69904799e-03,-4.28377641e-03,-4.77608775e-03,-5.16204653e-03,-5.43005747e-03,-5.57119946e-03,-5.58042355e-03,-5.45459335e-03,-5.19460116e-03,-4.80444059e-03,-4.29106435e-03,-3.66409948e-03,-2.93548209e-03,-2.11904150e-03,-1.23005635e-03,-2.84802410e-04,6.99889656e-04,1.70705334e-03,2.71998539e-03,3.72258997e-03,4.69968522e-03,5.63726512e-03,6.52271702e-03,7.34499693e-03,8.09476536e-03,8.76448660e-03,9.34849417e-03,9.84302388e-03,1.02462152e-02,1.05580792e-02,1.07804313e-02,1.09167816e-02,1.09721689e-02,1.09530795e-02,1.08673190e-02,1.07228083e-02,1.05284723e-02,1.02932985e-02,1.00260091e-02,9.73468376e-03,9.42639781e-03,9.10689837e-03,8.78034366e-03,8.44912377e-03,8.11377898e-03,7.77302536e-03,7.42389160e-03,7.06196394e-03,6.68172953e-03,6.27700247e-03,5.84141177e-03,5.36892623e-03,4.85438854e-03,4.29402937e-03
1.47262068e-02,1.38269598e-02,1.30558838e-02,1.24215165e-02,1.19316050e-02,1.15929300e-02,1.14111365e-02,1.13907435e-02,1.15329985e-02,1.18403376e-02,1.23119480e-02,1.29453193e-02,1.37362103e-02,1.46786546e-02,1.57650204e-02,1.69860920e-02,1.83311607e-02,1.97881157e-02,2.13435316e-02,2.29827510e-02,2.46899650e-02,2.64482997e-02,2.82399138e-02,3.00461197e-02,3.18475363e-02,3.36242810e-02,3.53562070e-02,3.70231874e-02,3.86054442e-02,4.00839143e-02,4.14406417e-02,4.26591784e-02,4.37249739e-02,4.46257307e-02,4.53517000e-02,4.58958916e-02,4.62541640e-02,4.64250899e-02,4.64092420e-02,4.62173244e-02,4.58492252e-02,4.53144058e-02,4.46230394e-02,4.37862760e-02,4.28160045e-02,4.17245723e-02,4.05245605e-02,3.92286325e-02,3.78494538e-02,3.63996692e-02,3.48919166e-02,3.33388566e-02,3.17531945e-02,3.01476836e-02,2.85351006e-02,2.69281947e-02,2.53396176e-02,2.37818467e-02,2.22671138e-02,2.08073489e-02,1.94141439e-02,1.80987359e-02,1.68720014e-02,1.57444506e-02
5.19473090e-03,6.28786841e-03,7.49896372e-03,8.81426434e-03,1.02179359e-02,1.16922562e-02,1.32178576e-02,1.47740189e-02,1.63390048e-02,1.78904509e-02,1.94057917e-02,2.08627253e-02,2.22397079e-02,2.35164665e-02,2.46745159e-02,2.56976613e-02,2.65724630e-02,2.72886389e-02,2.78393758e-02,2.82215233e-02,2.84356280e-02,2.84855916e-02,2.83816504e-02,2.81325680e-02,2.77510896e-02,2.72523654e-02,2.66524477e-02,2.59676337e-02,2.52137538e-02,2.44055173e-02,2.35559732e-02,2.26761175e-02,2.17746719e-02,2.08580356e-02,1.99304059e-02,1.89940454e-02,1.80496681e-02,1.70969092e-02,1.61348406e-02,1.51624956e-02,1.41793659e-02,1.31858428e-02,1.21835764e-02,1.11757374e-02,1.01671711e-02,9.16444130e-03,8.17577184e-03,7.21089370e-03,6.28081628e-03,5.39753998e-03,4.57373004e-03,3.82237011e-03,3.15641197e-03,2.58843434e-03,2.13032040e-03,1.79296004e-03,1.58598088e-03,1.51751496e-03,1.59389368e-03,1.81959974e-03,2.19711227e-03,2.72663950e-03,3.40610548e-03,4.23107657e-03
9.67111336e-04,2.09608754e-03,3.29099619e-03,4.53482669e-03,5.81006833e-03,7.09886053e-03,8.38317099e-03,9.64501651e-03,1.08667370e-02,1.20313270e-02,1.31228209e-02,1.41267213e-02,1.50304498e-02,1.58237920e-02,1.64993037e-02,1.70526390e-02,1.74827642e-02,1.77920205e-02,1.79860088e-02,1.80732651e-02,1.80647039e-02,1.79742779e-02,1.78146439e-02,1.76001609e-02,1.73443116e-02,1.70590529e-02,1.67541235e-02,1.64364929e-02,1.61100064e-02,1.57752468e-02,1.54296209e-02,1.50676580e-02,1.46814991e-02,1.42615437e-02,1.37972143e-02,1.32777954e-02,1.26933026e-02,1.20353334e-02,1.12978538e-02,1.04778762e-02,9.57598717e-03,8.59668972e-03,7.54853387e-03,6.44402048e-03,5.29927768e-03,4.13352490e-03,2.96835605e-03,1.82688734e-03,7.32826585e-04,-2.90473968e-04,-1.22090944e-03,-2.03843999e-03,-2.72574109e-03,-3.26868270e-03,-3.65662251e-03,-3.88249067e-03,-3.94314017e-03,-3.83833903e-03,-3.57104498e-03,-3.14713404e-03,-2.57487817e-03,-1.86460082e-03,-1.02834227e-03,-7.95617479e-05
-4.38265197e-02,-4.26948276e-02,-4.15143323e-02,-4.02868320e-02,-3.90154163e-02,-3.77046632e-02,-3.63607700e-02,-3.49916166e-02,-3.36067628e-02,-3.22173882e-02,-3.08361823e-02,-2.94771955e-02,-2.81556630e-02,-2.68878075e-02,-2.56906313e-02,-2.45816972e-02,-2.35788997e-02,-2.27002207e-02,-2.19634624e-02,-2.13859524e-02,-2.09842507e-02,-2.07742433e-02,-2.07654692e-02,-2.09727657e-02,-2.14035413e-02,-2.20621762e-02,-2.29488724e-02,-2.40589829e-02,-2.53825132e-02,-2.69038212e-02,-2.86015763e-02,-3.04490295e-02,-3.24146210e-02,-3.44629233e-02,-3.65558768e-02,-3.86542403e-02,-4.07191496e-02,-4.27136617e-02,-4.46041615e-02,-4.63615260e-02,-4.79619688e-02,-4.93875254e-02,-5.06261767e-02,-5.16716442e-02,-5.25229098e-02,-5.31835302e-02,-5.36608058e-02,-5.39647869e-02,-5.41067765e-02,-5.41074339e-02,-5.39730697e-02,-5.37194836e-02,-5.33603377e-02,-5.29080810e-02,-5.23737637e-02,-5.17668583e-02,-5.10951577e-02,-5.03647583e-02,-4.95801243e-02,-4.87442294e-02,-4.78587660e-02,-4.69244150e-02,-4.59411614e-02,-4.49086440e-02
-4.05371985e-03,-4.08157462e-03,-3.94888317e-03,-3.64491910e-03,-3.16220483e-03,-2.49676226e-03,-1.64825400e-03,-6.19982589e-04,5.81221623e-04,1.94518248e-03,3.45866266e-03,5.10564683e-03,6.86765528e-03,8.72406434e-03,1.06524239e-02,1.26287675e-02,1.46279143e-02,1.66237652e-02,1.85895997e-02,2.04983792e-02,2.23230680e-02,2.40369804e-02,2.56141641e-02,2.70298294e-02,2.82608291e-02,2.92861903e-02,3.00876933e-02,3.06504749e-02,3.09635886e-02,3.10199848e-02,3.08240924e-02,3.03760461e-02,2.96861568e-02,2.87710102e-02,2.76525064e-02,2.63574116e-02,2.49164734e-02,2.33632279e-02,2.17325859e-02,2.00592957e-02,1.83763972e-02,1.67137902e-02,1.50970266e-02,1.35464180e-02,1.20765179e-02,1.06960020e-02,9.40793503e-03,8.21038163e-03,7.09729831e-03,6.05962620e-03,5.08650037e-03,4.16649100e-03,3.28879732e-03,2.44432413e-03,1.62658211e-03,8.32365812e-04,6.21780130e-05,-6.79614084e-04,-1.38489135e-03,-2.04214975e-03,-2.63708010e-03,-3.15331801e-03,-3.57330573e-03,-3.87919998e-03
-3.47675932e-02,-3.36465002e-02,-3.22920326e-02,-3.07166875e-02,-2.89369796e-02,-2.69729868e-02,-2.48478244e-02,-2.25870819e-02,-2.02182507e-02,-1.77701657e-02,-1.52724778e-02,-1.27551675e-02,-1.02481061e-02,-7.78066627e-03,-5.38138075e-03,-3.07764534e-03,-8.95461245e-04,1.14078797e-03,3.00851624e-03,4.68716529e-03,6.15835389e-03,7.40605113e-03,8.41675486e-03,9.17967862e-03,9.68694351e-03,9.93374436e-03,9.91830977e-03,9.64509627e-03,9.11754513e-03,8.34562494e-03,7.34267354e-03,6.12556138e-03,4.71443063e-03,3.13224440e-03,1.40417054e-03,-4.43176686e-04,-2.38258231e-03,-4.38717287e-03,-6.43131052e-03,-8.49140377e-03,-1.05465779e-02,-1.25791445e-02,-1.45748326e-02,-1.65227646e-02,-1.84151812e-02,-2.02469419e-02,-2.20148424e-02,-2.37168073e-02,-2.53510226e-02,-2.69150785e-02,-2.84051919e-02,-2.98155714e-02,-3.11379790e-02,-3.23615286e-02,-3.34727402e-02,-3.44558535e-02,-3.52933750e-02,-3.59668111e-02,-3.64574841e-02,-3.67471432e-02,-3.68236456e-02,-3.66721245e-02,-3.62816923e-02,-3.56471798e-02
-3.63927362e-02,-3.40438445e-02,-3.15723400e-02,-2.90047052e-02,-2.63665082e-02,-2.36821840e-02,-2.09748605e-02,-1.82662303e-02,-1.55764668e-02,-1.29241859e-02,-1.03264535e-02,-7.79884113e-03,-5.35552710e-03,-3.00944309e-03,-7.72460962e-04,1.34438489e-03,3.33064563e-03,5.17622528e-03,6.87111828e-03,8.40518025e-03,9.76793691e-03,1.09484477e-02,1.19352387e-02,1.27163173e-02,1.32792735e-02,1.36114574e-02,1.37000877e-02,1.35347961e-02,1.31037404e-02,1.23969706e-02,1.14073735e-02,1.01305291e-02,8.56544756e-03,6.71520936e-03,4.58753056e-03,2.19522507e-03,-4.43471454e-04,-3.30471891e-03,-6.35916444e-03,-9.57222671e-03,-1.29045882e-02,-1.63129312e-02,-1.97508787e-02,-2.31701051e-02,-2.65215633e-02,-2.97567709e-02,-3.28290869e-02,-3.56949169e-02,-3.83147853e-02,-4.06542282e-02,-4.26844708e-02,-4.43828701e-02,-4.57331105e-02,-4.67251261e-02,-4.73545940e-02,-4.76240330e-02,-4.75498280e-02,-4.71328418e-02,-4.63912917e-02,-4.53451642e-02,-4.40169509e-02,-4.24311755e-02,-4.06138382e-02,-3.85918866e-02
-1.17670512e-02,-1.19366061e-02,-1.21281583e-02,-1.23343709e-02,-1.25505289e-02,-1.27748084e-02,-1.30083734e-02,-1.32552927e-02,-1.35222789e-02,-1.38182615e-02,-1.41538151e-02,-1.45404694e-02,-1.49899334e-02,-1.55132720e-02,-1.61200765e-02,-1.68176696e-02,-1.76103916e-02,-1.84990067e-02,-1.94802707e-02,-2.05466913e-02,-2.16865043e-02,-2.28838767e-02,-2.41193341e-02,-2.53703918e-02,-2.66123555e-02,-2.78192458e-02,-2.89647872e-02,-3.00234033e-02,-3.09711585e-02,-3.17865926e-02,-3.24514068e-02,-3.29509585e-02,-3.32744811e-02,-3.34157479e-02,-3.33760918e-02,-3.31532390e-02,-3.27535963e-02,-3.21864171e-02,-3.14638881e-02,-3.06007425e-02,-2.96138158e-02,-2.85215956e-02,-2.73437824e-02,-2.61008694e-02,-2.48137420e-02,-2.35032993e-02,-2.21900935e-02,-2.08939842e-02,-1.96338055e-02,-1.84270424e-02,-1.72895183e-02,-1.62350958e-02,-1.52753972e-02,-1.44195566e-02,-1.36740147e-02,-1.30423747e-02,-1.25253370e-02,-1.21207288e-02,-1.18236438e-02,-1.16267033e-02,-1.15204587e-02,-1.14934049e-02,-1.15337359e-02,-1.16290303e-02
-3.64011509e-02,-3.56691720e-02,-3.47498051e-02,-3.36622058e-02,-3.24256401e-02,-3.10591074e-02,-2.95809659e-02,-2.80085773e-02,-2.63579881e-02,-2.46436658e-02,-2.28783059e-02,-2.10727252e-02,-1.92358521e-02,-1.73748199e-02,-1.54951637e-02,-1.36011151e-02,-1.16959824e-02,-9.78260121e-03,-7.86383038e-03,-5.94307260e-03,-4.02479137e-03,-2.11500013e-03,-2.21699625e-04,1.64475336e-03,3.47136958e-03,5.24236668e-03,6.93911053e-03,8.54018701e-03,1.00216082e-02,1.13571603e-02,1.25189014e-02,1.34778124e-02,1.42046032e-02,1.46706553e-02,1.48489827e-02,1.47168245e-02,1.42559413e-02,1.34508729e-02,1.22953118e-02,1.07908061e-02,8.94776347e-03,6.78592330e-03,4.33432580e-03,1.63074142e-03,-1.27944325e-03,-4.34476339e-03,-7.50978697e-03,-1.07172687e-02,-1.39103853e-02,-1.70348265e-02,-2.00405804e-02,-2.28833006e-02,-2.55252043e-02,-2.79355070e-02,-3.00904463e-02,-3.19729830e-02,-3.35722747e-02,-3.48830215e-02,-3.59047563e-02,-3.66411207e-02,-3.70990573e-02,-3.72893149e-02,-3.72289594e-02,-3.69270569e-02
-5.49509946e-03,-6.04433461e-03,-6.67962905e-03,-7.39821764e-03,-8.19565231e-03,-9.06579508e-03,-1.00008386e-02,-1.09913537e-02,-1.20263639e-02,-1.30934530e-02,-1.41789071e-02,-1.52678998e-02,-1.63447232e-02,-1.73930683e-02,-1.83963542e-02,-1.93381017e-02,-2.02023415e-02,-2.09740447e-02,-2.16395559e-02,-2.21870106e-02,-2.26067077e-02,-2.28913873e-02,-2.30361298e-02,-2.30423663e-02,-2.29085746e-02,-2.26396979e-02,-2.22430069e-02,-2.17282295e-02,-2.11072659e-02,-2.03937932e-02,-1.96028093e-02,-1.87501412e-02,-1.78519409e-02,-1.69241881e-02,-1.59822214e-02,-1.50403147e-02,-1.41113156e-02,-1.32063571e-02,-1.23346550e-02,-1.15033957e-02,-1.07177181e-02,-9.98078826e-03,-9.29396105e-03,-8.65702025e-03,-8.06848286e-03,-7.52595122e-03,-7.02649326e-03,-6.56702952e-03,-6.14470525e-03,-5.75722647e-03,-5.40314118e-03,-5.08205053e-03,-4.79473903e-03,-4.54321848e-03,-4.33068567e-03,-4.16139982e-03,-4.04049210e-03,-3.97374466e-03,-3.96703111e-03,-4.02661698e-03,-4.15827514e-03,-4.36719825e-03,-4.65771438e-03,-5.03304360e-03
-5.51068470e-03,-4.88016391e-03,-4.25468149e-03,-3.64312095e-03,-3.05432019e-03,-2.49700268e-03,-1.97971147e-03,-1.51073214e-03,-1.09799177e-03,-7.48923626e-04,-4.70291963e-04,-2.67977882e-04,-1.46734331e-04,-1.09919490e-04,-1.59248799e-04,-2.94562350e-04,-5.13656798e-04,-8.12203096e-04,-1.18376751e-03,-1.61995150e-03,-2.11065293e-03,-2.64443926e-03,-3.20901201e-03,-3.79173155e-03,-4.38016500e-03,-4.96261710e-03,-5.52860571e-03,-6.06924945e-03,-6.57754388e-03,-7.04851312e-03,-7.47923517e-03,-7.86874891e-03,-8.21785880e-03,-8.52885869e-03,-8.80519890e-03,-9.05112084e-03,-9.27128177e-03,-9.47038950e-03,-9.65286319e-03,-9.82253312e-03,-9.98238886e-03,-1.01343831e-02,-1.02792965e-02,-1.04166664e-02,-1.05447831e-02,-1.06607522e-02,-1.07606222e-02,-1.08395712e-02,-1.08921358e-02,-1.09126174e-02,-1.08953405e-02,-1.08346242e-02,-1.07256100e-02,-1.05643235e-02,-1.03479312e-02,-1.00749261e-02,-9.74524271e-03,-9.36029920e-03,-8.92296800e-03,-8.43748307e-03,-7.90929565e-03,-7.34489442e-03,-6.75160688e-03,-6.13739861e-03
-1.92292486e-02,-1.99542306e-02,-2.05649355e-02,-2.10617266e-02,-2.14464878e-02,-2.17222180e-02,-2.18926901e-02,-2.19625401e-02,-2.19376609e-02,-2.18224575e-02,-2.16233291e-02,-2.13471442e-02,-2.10014433e-02,-2.05944655e-02,-2.01350922e-02,-1.96327014e-02,-1.90969337e-02,-1.85373751e-02,-1.79631738e-02,-1.73826203e-02,-1.68027226e-02,-1.62288175e-02,-1.56642573e-02,-1.51102090e-02,-1.45655975e-02,-1.40272127e-02,-1.34899872e-02,-1.29474379e-02,-1.23922470e-02,-1.18169483e-02,-1.12146697e-02,-1.05798811e-02,-9.90909352e-03,-9.20145866e-03,-8.45922854e-03,-7.68804353e-03,-6.89703066e-03,-6.09870583e-03,-5.30868393e-03,-4.54521004e-03,-3.82853152e-03,-3.18013567e-03,-2.62188220e-03,-2.17506379e-03,-1.85943426e-03,-1.69228012e-03,-1.68714220e-03,-1.85382745e-03,-2.19694390e-03,-2.71579491e-03,-3.40415554e-03,-4.25036242e-03,-5.23770648e-03,-6.34511393e-03,-7.54807714e-03,-8.81977187e-03,-1.01322778e-02,-1.14578076e-02,-1.27698508e-02,-1.40441479e-02,-1.52594340e-02,-1.63979149e-02,-1.74454728e-02,-1.83916201e-02
1.05836189e-02,1.11326213e-02,1.17877593e-02,1.25329044e-02,1.33515299e-02,1.42271472e-02,1.51437121e-02,1.60859949e-02,1.70399092e-02,1.79927953e-02,1.89336548e-02,1.98533291e-02,2.07446192e-02,2.16023388e-02,2.24232966e-02,2.32062033e-02,2.39515020e-02,2.46611227e-02,2.53381670e-02,2.59865332e-02,2.66104958e-02,2.72142583e-02,2.78015018e-02,2.83749514e-02,2.89359852e-02,2.94843085e-02,3.00177115e-02,3.05319263e-02,3.10205942e-02,3.14753471e-02,3.18860027e-02,3.22408676e-02,3.25271356e-02,3.27313599e-02,3.28399426e-02,3.28390720e-02,3.27207828e-02,3.24714012e-02,3.20837441e-02,3.15529477e-02,3.08773156e-02,3.00587065e-02,2.91027467e-02,2.80188945e-02,2.68203540e-02,2.55238376e-02,2.41491842e-02,2.27188463e-02,2.12572646e-02,1.97901581e-02,1.83437594e-02,1.69440291e-02,1.56158846e-02,1.43824770e-02,1.32645470e-02,1.22798849e-02,1.14429147e-02,1.07644144e-02,1.02513760e-02,9.90700686e-03,9.73087139e-03,9.71930759e-03,9.86381800e-03,1.01560269e-02
3.73691577e-02,3.67408553e-02,3.60002539e-02,3.51419832e-02,3.41635911e-02,3.30663296e-02,3.18557472e-02,3.05420255e-02,2.91400144e-02,2.76689463e-02,2.61518333e-02,2.46145871e-02,2.30849251e-02,2.15911504e-02,2.01609070e-02,1.88200081e-02,1.75914311e-02,1.64945454e-02,1.55446167e-02,1.47525995e-02,1.41252015e-02,1.36651832e-02,1.33718415e-02,1.32416389e-02,1.32687815e-02,1.34446058e-02,1.37619816e-02,1.42115797e-02,1.47840642e-02,1.54701517e-02,1.62606871e-02,1.71466234e-02,1.81189148e-02,1.91683481e-02,2.02853440e-02,2.14597622e-02,2.26807401e-02,2.39365929e-02,2.52147937e-02,2.65020493e-02,2.77844739e-02,2.90478569e-02,3.02780138e-02,3.14611970e-02,3.25845421e-02,3.36365153e-02,3.46073266e-02,3.54892745e-02,3.62769845e-02,3.69675167e-02,3.75603190e-02,3.80570195e-02,3.84610608e-02,3.87771972e-02,3.90108853e-02,3.91676125e-02,3.92522053e-02,3.92680188e-02,3.92186696e-02,3.91025944e-02,3.89173317e-02,3.86584244e-02,3.83194434e-02,3.78925417e-02
7.97300908e-03,8.77747003e-03,9.44174978e-03,9.96592535e-03,1.03528871e-02,1.06079901e-02,1.07385896e-02,1.07534008e-02,1.06632048e-02,1.04771374e-02,1.02051441e-02,9.85629172e-03,9.43835007e-03,8.95748467e-03,8.41806472e-03,7.82261460e-03,7.17191544e-03,6.46525162e-03,5.70078691e-03,4.87604632e-03,3.98847190e-03,3.03601473e-03,2.01772156e-03,9.34273106e-04,-2.11567129e-04,-1.41462565e-03,-2.66714936e-03,-3.95879996e-03,-5.27681139e-03,-6.60629898e-03,-7.93069121e-03,-9.23224549e-03,-1.04926045e-02,-1.16933494e-02,-1.28165117e-02,-1.38450163e-02,-1.47630386e-02,-1.55562742e-02,-1.62121269e-02,-1.67198292e-02,-1.70704911e-02,-1.72568936e-02,-1.72765687e-02,-1.71246749e-02,-1.68010391e-02,-1.63075826e-02,-1.56485081e-02,-1.48304085e-02,-1.38623017e-02,-1.27556112e-02,-1.15240854e-02,-1.01836510e-02,-8.75219670e-03,-7.24928811e-03,-5.69581912e-03,-4.11360688e-03,-2.52494131e-03,-9.52101520e-04,5.83146652e-04,2.06004435e-03,3.45935444e-03,4.76381119e-03,5.95852670e-03,7.03132854e-03
2.07044550e-02,2.01640247e-02,1.97566048e-02,1.94857966e-02,1.93516892e-02,1.93515284e-02,1.94766743e-02,1.97209685e-02,2.00733679e-02,2.05218014e-02,2.10533225e-02,2.16545356e-02,2.23120073e-02,2.30126265e-02,2.37439027e-02,2.44942034e-02,2.52529295e-02,2.60106344e-02,2.67590922e-02,2.74913203e-02,2.82015644e-02,2.88852533e-02,2.95389295e-02,3.01601613e-02,3.07474444e-02,3.13000931e-02,3.18181280e-02,3.23021581e-02,3.27532590e-02,3.31728468e-02,3.35625438e-02,3.39240371e-02,3.42589269e-02,3.45685671e-02,3.48538989e-02,3.51152823e-02,3.53523342e-02,3.55637799e-02,3.57473314e-02,3.58996027e-02,3.60160751e-02,3.60911153e-02,3.61179959e-02,3.60898390e-02,3.59990092e-02,3.58367975e-02,3.55954755e-02,3.52679912e-02,3.48485393e-02,3.43331069e-02,3.37199857e-02,3.30102243e-02,3.22079821e-02,3.13207483e-02,3.03593965e-02,2.93380529e-02,2.82737698e-02,2.71860124e-02,2.60959823e-02,2.50258181e-02,2.39977226e-02,2.30330773e-02,2.21516028e-02,2.13706196e-02
-1.37853984e-02,-1.49331195e-02,-1.60328446e-02,-1.70563678e-02,-1.79742946e-02,-1.87575733e-02,-1.93789513e-02,-1.98142056e-02,-2.00426590e-02,-2.00533197e-02,-1.98324900e-02,-1.93766007e-02,-1.86868244e-02,-1.77692270e-02,-1.66343631e-02,-1.52967356e-02,-1.37742157e-02,-1.20874707e-02,-1.02594330e-02,-8.31482437e-03,-6.27974275e-03,-4.18130835e-03,-2.04735819e-03,9.38249546e-05,2.21375347e-03,4.28400535e-03,6.27650731e-03,8.16383314e-03,9.91956057e-03,1.15186842e-02,1.29380873e-02,1.41570680e-02,1.51579072e-02,1.59264558e-02,1.64527061e-02,1.67312826e-02,1.67614693e-02,1.65520316e-02,1.61105554e-02,1.54536268e-02,1.46026286e-02,1.35831341e-02,1.24240163e-02,1.11562673e-02,9.81163700e-03,8.42118653e-03,7.01385528e-03,5.61514631e-03,4.24602526e-03,2.92211208e-03,1.65322151e-03,4.43281363e-04,-7.09369666e-04,-1.81133086e-03,-2.87316824e-03,-3.90819713e-03,-4.93109038e-03,-5.95639645e-03,-6.99705808e-03,-8.06302525e-03,-9.16005523e-03,-1.02887858e-02,-1.14441551e-02,-1.26152203e-02
9.98504166e-03,1.00480125e-02,1.00281830e-02,9.92887363e-03,9.75532041e-03,9.51576800e-03,9.22035236e-03,8.88065035e-03,8.50917104e-03,8.11886111e-03,7.72265331e-03,7.33307497e-03,6.96192439e-03,6.62001437e-03,6.31697485e-03,6.06110256e-03,5.85924345e-03,5.71669516e-03,5.63712148e-03,5.62249593e-03,5.67270783e-03,5.78621503e-03,5.95935326e-03,6.18650382e-03,6.46015677e-03,6.77100090e-03,7.10809493e-03,7.45912310e-03,7.81073783e-03,8.14898729e-03,8.45981964e-03,8.72964949e-03,8.94596549e-03,9.09795064e-03,9.17707639e-03,9.17753592e-03,9.09774604e-03,8.93823111e-03,8.70417797e-03,8.40438734e-03,8.05111246e-03,7.65959160e-03,7.24737186e-03,6.83346513e-03,6.43738750e-03,6.07814409e-03,5.77322790e-03,5.53770046e-03,5.38341595e-03,5.31844494e-03,5.34662633e-03,5.46733745e-03,5.67621927e-03,5.96470023e-03,6.32083559e-03,6.72991253e-03,7.17518425e-03,7.63866962e-03,8.10197523e-03,8.54710137e-03,8.95719739e-03,9.31723567e-03,9.61457783e-03,9.83941168e-03
-1.79197859e-02,-1.87811687e-02,-1.96049524e-02,-2.03784955e-02,-2.10902842e-02,-2.17302761e-02,-2.22901948e-02,-2.27637586e-02,-2.31468266e-02,-2.34374552e-02,-2.36358512e-02,-2.37441617e-02,-2.37676238e-02,-2.37110628e-02,-2.35814175e-02,-2.33867444e-02,-2.31355858e-02,-2.28366403e-02,-2.24984042e-02,-2.21288346e-02,-2.17350532e-02,-2.13231072e-02,-2.08977989e-02,-2.04625911e-02,-2.00195971e-02,-1.95696532e-02,-1.91124714e-02,-1.86468639e-02,-1.81710244e-02,-1.76828507e-02,-1.71802867e-02,-1.66616633e-02,-1.61260145e-02,-1.55733515e-02,-1.50048755e-02,-1.44231189e-02,-1.38320069e-02,-1.32368375e-02,-1.26441841e-02,-1.20617286e-02,-1.14980362e-02,-1.09622871e-02,-1.04639806e-02,-1.00126289e-02,-9.61745551e-03,-9.28711339e-03,-9.02943553e-03,-8.85123296e-03,-8.75822626e-03,-8.75394272e-03,-8.84192752e-03,-9.02342694e-03,-9.29831034e-03,-9.66498730e-03,-1.01204116e-02,-1.06601024e-02,-1.12781731e-02,-1.19673664e-02,-1.27191017e-02,-1.35235421e-02,-1.43696905e-02,-1.52455254e-02,-1.61381845e-02,-1.70342001e-02
-2.57595246e-02,-2.52694804e-02,-2.46774432e-02,-2.39893683e-02,-2.32139697e-02,-2.23626066e-02,-2.14490725e-02,-2.04892921e-02,-1.95009381e-02,-1.85029776e-02,-1.75151642e-02,-1.65574885e-02,-1.56496038e-02,-1.48102402e-02,-1.40566254e-02,-1.34039289e-02,-1.28647494e-02,-1.24486677e-02,-1.21618977e-02,-1.20071406e-02,-1.19821074e-02,-1.20828002e-02,-1.23006221e-02,-1.26237469e-02,-1.30376814e-02,-1.35258807e-02,-1.40704972e-02,-1.46532029e-02,-1.52560320e-02,-1.58621898e-02,-1.64567770e-02,-1.70273837e-02,-1.75645183e-02,-1.80618492e-02,-1.85162522e-02,-1.89276702e-02,-1.92988064e-02,-1.96346799e-02,-1.99420815e-02,-2.02289716e-02,-2.05038605e-02,-2.07752090e-02,-2.10508827e-02,-2.13376856e-02,-2.16409896e-02,-2.19644698e-02,-2.23099468e-02,-2.26773287e-02,-2.30646398e-02,-2.34681187e-02,-2.38823680e-02,-2.43005391e-02,-2.47145361e-02,-2.51152336e-02,-2.54927005e-02,-2.58364352e-02,-2.61356122e-02,-2.63793456e-02,-2.65569553e-02,-2.66581159e-02,-2.66752020e-02,-2.65991136e-02,-2.64235849e-02,-2.61443918e-02
-1.03994342e-02,-9.97289148e-03,-9.74205988e-03,-9.70805569e-03,-9.87098534e-03,-1.02260228e-02,-1.07649389e-02,-1.14764180e-02,-1.23464178e-02,-1.33586577e-02,-1.44951855e-02,-1.57369889e-02,-1.70646126e-02,-1.84587424e-02,-1.99007215e-02,-2.13729666e-02,-2.28592636e-02,-2.43449329e-02,-2.58168664e-02,-2.72634543e-02,-2.86744236e-02,-3.00406241e-02,-3.13537956e-02,-3.26063498e-02,-3.37911961e-02,-3.49016276e-02,-3.59312771e-02,-3.68741379e-02,-3.77246350e-02,-3.84777265e-02,-3.91290088e-02,-3.96748012e-02,-4.01121856e-02,-4.04389779e-02,-4.06535764e-02,-4.07546780e-02,-4.07457960e-02,-4.06226748e-02,-4.03862538e-02,-4.00368475e-02,-3.95746837e-02,-3.90000006e-02,-3.83131722e-02,-3.75148969e-02,-3.66064444e-02,-3.55899459e-02,-3.44687036e-02,-3.32474940e-02,-3.19328383e-02,-3.05332166e-02,-2.90592078e-02,-2.75235418e-02,-2.59410588e-02,-2.43285730e-02,-2.27046484e-02,-2.10892928e-02,-1.95035831e-02,-1.79692354e-02,-1.65081322e-02,-1.51418241e-02,-1.38910174e-02,-1.27750648e-02,-1.18114719e-02,-1.10154359e-02
9.83298135e-03,8.51224141e-03,7.10683121e-03,5.64468510e-03,4.15528839e-03,2.66861073e-03,1.21401314e-03,-1.80803020e-04,-1.49073087e-03,-2.69405798e-03,-3.77305009e-03,-4.71430904e-03,-5.50891381e-03,-6.15235295e-03,-6.64427506e-03,-6.98808986e-03,-7.19044213e-03,-7.26092807e-03,-7.21105058e-03,-7.05346610e-03,-6.80211143e-03,-6.47123194e-03,-6.07492513e-03,-5.62670255e-03,-5.13910373e-03,-4.62336709e-03,-4.08915952e-03,-3.54436669e-03,-2.99494736e-03,-2.44485587e-03,-1.89603806e-03,-1.34850533e-03,-8.00489813e-04,-2.48680898e-04,3.11461386e-04,8.85326188e-04,1.47871498e-03,2.09737410e-03,2.74651510e-03,3.43034829e-03,4.15165341e-03,4.91140930e-03,5.70850008e-03,6.53951070e-03,7.39861868e-03,8.27758376e-03,9.16583268e-03,1.00506327e-02,1.09173457e-02,1.17497538e-02,1.25304474e-02,1.32412679e-02,1.38637975e-02,1.43798884e-02,1.47722235e-02,1.50248906e-02,1.51239044e-02,1.50584599e-02,1.48211896e-02,1.44067024e-02,1.38150180e-02,1.30505078e-02,1.21221712e-02,1.10436427e-02
1.99320839e-02,2.00415095e-02,2.01207689e-02,2.01791542e-02,2.02252982e-02,2.02666407e-02,2.03089489e-02,2.03559199e-02,2.04088784e-02,2.04665891e-02,2.05252052e-02,2.05783575e-02,2.06173771e-02,2.06316148e-02,2.06092345e-02,2.05375089e-02,2.04030863e-02,2.01933829e-02,1.98970499e-02,1.95047177e-02,1.90097005e-02,1.84086232e-02,1.77019313e-02,1.68942396e-02,1.59944861e-02,1.50158628e-02,1.39755091e-02,1.28939702e-02,1.17944427e-02,1.07018485e-02,9.64179713e-03,8.63950394e-03,7.71874127e-03,6.90089066e-03,6.20415627e-03,5.64298078e-03,5.22768586e-03,4.96433972e-03,4.85484583e-03,4.89708479e-03,5.08514131e-03,5.41070660e-03,5.86244607e-03,6.42707111e-03,7.08981703e-03,7.83492521e-03,8.64608088e-03,9.50679748e-03,1.04007477e-02,1.13120470e-02,1.22254981e-02,1.31268060e-02,1.40027739e-02,1.48414865e-02,1.56324861e-02,1.63669414e-02,1.70378064e-02,1.76399616e-02,1.81703248e-02,1.86279189e-02,1.90138807e-02,1.93313963e-02,1.95855515e-02,1.97830907e-02
1.76480769e-02,1.60939990e-02,1.43687069e-02,1.25147420e-02,1.05792712e-02,8.61213796e-03,6.66372424e-03,4.78277457e-03,3.01433899e-03,1.39797816e-03,-3.36571176e-05,-1.25578607e-03,-2.25202678e-03,-3.01445418e-03,-3.54323644e-03,-3.84593348e-03,-3.93695135e-03,-3.83566908e-03,-3.56570483e-03,-3.15396753e-03,-2.62922455e-03,-2.02100166e-03,-1.35853061e-03,-6.69776052e-04,1.94476053e-05,6.86258798e-04,1.31139321e-03,1.87976801e-03,2.38091051e-03,2.80924121e-03,3.16419005e-03,3.45012900e-03,3.67610845e-03,3.85539264e-03,4.00479973e-03,4.14386496e-03,4.29386122e-03,4.47672582e-03,4.71394318e-03,5.02543481e-03,5.42851641e-03,5.93697760e-03,6.56032680e-03,7.30322985e-03,8.16515689e-03,9.14023901e-03,1.02173244e-02,1.13802158e-02,1.26080674e-02,1.38759156e-02,1.51553241e-02,1.64151229e-02,1.76222286e-02,1.87425363e-02,1.97418766e-02,2.05870310e-02,2.12467956e-02,2.16930670e-02,2.19018527e-02,2.18545088e-02,2.15428898e-02,2.09583634e-02,2.01049376e-02,1.89946570e-02
9.73933340e-03,1.14341809e-02,1.30889978e-02,1.46942632e-02,1.62407202e-02,1.77192550e-02,1.91208104e-02,2.04363366e-02,2.16567814e-02,2.27731188e-02,2.37764136e-02,2.46579166e-02,2.54091839e-02,2.60222131e-02,2.64895859e-02,2.68046021e-02,2.69613541e-02,2.69543235e-02,2.67840267e-02,2.64441032e-02,2.59341846e-02,2.52547303e-02,2.44075411e-02,2.33958738e-02,2.22245059e-02,2.08998039e-02,1.94298078e-02,1.78243374e-02,1.60951174e-02,1.42559126e-02,1.23226557e-02,1.03135439e-02,8.24907455e-03,6.15198908e-03,4.04709754e-03,1.96096189e-03,-7.85702106e-05,-2.04296133e-03,-3.90373031e-03,-5.63327555e-03,-7.20570909e-03,-8.59767688e-03,-9.78909704e-03,-1.07637650e-02,-1.15097833e-02,-1.20197736e-02,-1.22906805e-02,-1.23264267e-02,-1.21308447e-02,-1.17137267e-02,-1.10879367e-02,-1.02688140e-02,-9.27359846e-03,-8.12082222e-03,-6.82973206e-03,-5.41976943e-03,-3.91012561e-03,-2.31938207e-03,-6.65240453e-04,1.03565714e-03,2.76781788e-03,4.51693649e-03,6.26983903e-03,8.01438531e-03
4.14291223e-02,4.18642160e-02,4.22643812e-02,4.26394300e-02,4.29989385e-02,4.33513516e-02,4.37031199e-02,4.40579323e-02,4.44161076e-02,4.47741939e-02,4.51248106e-02,4.54567510e-02,4.57553435e-02,4.60030529e-02,4.61802805e-02,4.62662405e-02,4.62403202e-02,4.60871699e-02,4.57868623e-02,4.53270911e-02,4.47001051e-02,4.39037396e-02,4.29420356e-02,4.18254981e-02,4.05709781e-02,3.92011639e-02,3.77437017e-02,3.62299988e-02,3.46937915e-02,3.31695894e-02,3.16911142e-02,3.02898531e-02,2.89938294e-02,2.78266675e-02,2.68069942e-02,2.59481853e-02,2.52584329e-02,2.47410893e-02,2.43952264e-02,2.42163668e-02,2.41976022e-02,2.43261215e-02,2.45937991e-02,2.49882194e-02,2.54967006e-02,2.61065448e-02,2.68051574e-02,2.75801174e-02,2.84191763e-02,2.93102049e-02,3.02411200e-02,3.11998226e-02,3.21741785e-02,3.31520675e-02,3.41215151e-02,3.50709145e-02,3.59893324e-02,3.68668811e-02,3.76951284e-02,3.84675077e-02,3.91796833e-02,3.98298260e-02,4.04187545e-02,4.09499075e-02
5.93580761e-03,6.27873174e-03,6.51427440e-03,6.63173813e-03,6.62122223e-03,6.47525424e-03,6.18685487e-03,5.75259747e-03,5.17200355e-03,4.44793339e-03,3.58672934e-03,2.59816734e-03,1.49521913e-03,2.93639373e-04,-9.88590246e-04,-2.33192055e-03,-3.71596438e-03,-5.12019749e-03,-6.52461101e-03,-7.91026206e-03,-9.25969149e-03,-1.05571939e-02,-1.17889413e-02,-1.29429783e-02,-1.40091150e-02,-1.49787556e-02,-1.58446964e-02,-1.66009307e-02,-1.72424856e-02,-1.77653105e-02,-1.81662238e-02,-1.84429005e-02,-1.85937803e-02,-1.86200988e-02,-1.85214513e-02,-1.83000589e-02,-1.79595939e-02,-1.75050892e-02,-1.69429838e-02,-1.62810688e-02,-1.55283628e-02,-1.46949265e-02,-1.37916251e-02,-1.28298501e-02,-1.18212158e-02,-1.07772468e-02,-9.70907459e-03,-8.62716183e-03,-7.54107033e-03,-6.45928954e-03,-5.38913752e-03,-4.33674319e-03,-3.30711389e-03,-2.30428618e-03,-1.33155200e-03,-3.91746246e-04,5.12424015e-04,1.37803137e-03,2.20159346e-03,2.97877251e-03,3.70414118e-03,4.37103735e-03,4.97152673e-03,5.49648552e-03
-3.17862760e-02,-3.29070466e-02,-3.39564191e-02,-3.49246630e-02,-3.58072749e-02,-3.66046748e-02,-3.73216867e-02,-3.79668520e-02,-3.85516237e-02,-3.90894871e-02,-3.95950464e-02,-4.00831118e-02,-4.05678131e-02,-4.10617664e-02,-4.15753135e-02,-4.21158600e-02,-4.26873367e-02,-4.32898101e-02,-4.39192655e-02,-4.45675823e-02,-4.52227140e-02,-4.58690734e-02,-4.64881132e-02,-4.70590759e-02,-4.75598734e-02,-4.79680359e-02,-4.82615940e-02,-4.84193769e-02,-4.84298740e-02,-4.82729309e-02,-4.79389927e-02,-4.74220125e-02,-4.67203568e-02,-4.58369941e-02,-4.47794333e-02,-4.35595183e-02,-4.21931183e-02,-4.06997412e-02,-3.91020921e-02,-3.74255916e-02,-3.56978665e-02,-3.39482161e-02,-3.22070554e-02,-3.05053322e-02,-2.88739136e-02,-2.73429368e-02,-2.59411236e-02,-2.46950620e-02,-2.36284662e-02,-2.27614362e-02,-2.21097584e-02,-2.16843397e-02,-2.14905983e-02,-2.15244457e-02,-2.17828065e-02,-2.22521412e-02,-2.29138438e-02,-2.37444114e-02,-2.47163271e-02,-2.57992184e-02,-2.69611870e-02,-2.81702206e-02,-2.93955858e-02,-3.06091110e-02
-1.69741241e-02,-1.77471680e-02,-1.86514959e-02,-1.96805004e-02,-2.08262224e-02,-2.20794570e-02,-2.34298691e-02,-2.48661074e-02,-2.63759010e-02,-2.79461294e-02,-2.95628614e-02,-3.12113655e-02,-3.28761015e-02,-3.45407129e-02,-3.61880412e-02,-3.78001880e-02,-3.93586463e-02,-4.08445192e-02,-4.22388300e-02,-4.35229197e-02,-4.46789149e-02,-4.56902357e-02,-4.65421081e-02,-4.72220364e-02,-4.77201694e-02,-4.80294236e-02,-4.81478104e-02,-4.80776651e-02,-4.78177699e-02,-4.73750974e-02,-4.67588056e-02,-4.59803762e-02,-4.50532611e-02,-4.39924485e-02,-4.28140141e-02,-4.15346842e-02,-4.01714313e-02,-3.87411149e-02,-3.72601781e-02,-3.57444060e-02,-3.42087486e-02,-3.26672076e-02,-3.11327838e-02,-2.96174793e-02,-2.81323454e-02,-2.66875670e-02,-2.52925720e-02,-2.39561539e-02,-2.26865961e-02,-2.14917864e-02,-2.03793138e-02,-1.93565373e-02,-1.84306234e-02,-1.76085481e-02,-1.68970628e-02,-1.63026262e-02,-1.58313075e-02,-1.54886733e-02,-1.52797146e-02,-1.52078998e-02,-1.52761475e-02,-1.54870534e-02,-1.58411110e-02,-1.63375395e-02
-2.93250429e-02,-3.05256448e-02,-3.16733877e-02,-3.27480227e-02,-3.37307704e-02,-3.46047597e-02,-3.53554022e-02,-3.59706953e-02,-3.64414416e-02,-3.67613315e-02,-3.69265891e-02,-3.69416145e-02,-3.68049278e-02,-3.65230375e-02,-3.61045888e-02,-3.55604365e-02,-3.49034098e-02,-3.41479585e-02,-3.33097582e-02,-3.24052949e-02,-3.14514445e-02,-3.04650569e-02,-2.94625549e-02,-2.84595545e-02,-2.74705148e-02,-2.65084233e-02,-2.55845250e-02,-2.47081010e-02,-2.38863068e-02,-2.31240777e-02,-2.24241105e-02,-2.17869278e-02,-2.12110318e-02,-2.06931459e-02,-2.02285428e-02,-1.98114492e-02,-1.94355094e-02,-1.90942892e-02,-1.87817912e-02,-1.84929546e-02,-1.82241069e-02,-1.79733401e-02,-1.77407857e-02,-1.75287686e-02,-1.73418269e-02,-1.71865944e-02,-1.70715593e-02,-1.70068176e-02,-1.70023203e-02,-1.70701197e-02,-1.72211240e-02,-1.74654613e-02,-1.78117655e-02,-1.82665769e-02,-1.88338370e-02,-1.95144937e-02,-2.03062369e-02,-2.12033806e-02,-2.21968943e-02,-2.32745827e-02,-2.44213969e-02,-2.56198600e-02,-2.68505770e-02,-2.80928037e-02
2.55765093e-02,2.63290159e-02,2.70217114e-02,2.76413555e-02,2.81754491e-02,2.86125974e-02,2.89428578e-02,2.91580508e-02,2.92519665e-02,2.92209793e-02,2.90656428e-02,2.87852169e-02,2.83840630e-02,2.78688938e-02,2.72488310e-02,2.65352159e-02,2.57413082e-02,2.48819041e-02,2.39728922e-02,2.30307660e-02,2.20721144e-02,2.11131145e-02,2.01690509e-02,1.92538858e-02,1.83798993e-02,1.75574191e-02,1.67946477e-02,1.60975941e-02,1.54701066e-02,1.49139993e-02,1.44292580e-02,1.40143101e-02,1.36663359e-02,1.33816034e-02,1.31558065e-02,1.29843883e-02,1.28628365e-02,1.27869401e-02,1.27530067e-02,1.27580265e-02,1.27994115e-02,1.28760671e-02,1.29873156e-02,1.31333366e-02,1.33150490e-02,1.35339994e-02,1.37922241e-02,1.40920881e-02,1.44361013e-02,1.48267201e-02,1.52661366e-02,1.57560632e-02,1.62975187e-02,1.68906252e-02,1.75344213e-02,1.82267026e-02,1.89638954e-02,1.97409724e-02,2.05514150e-02,2.13872269e-02,2.22390015e-02,2.30960439e-02,2.39465453e-02,2.47778072e-02
2.77798705e-02,2.57914120e-02,2.36491445e-02,2.13625485e-02,1.89446106e-02,1.64125217e-02,1.37881726e-02,1.10983594e-02,8.37463781e-03,5.65279323e-03,2.97193415e-03,3.73259816e-04,-2.10139271e-03,-4.41114329e-03,-6.51769322e-03,-8.38673410e-03,-9.98913746e-03,-1.13018174e-02,-1.23082233e-02,-1.29984344e-02,-1.33686521e-02,-1.34245663e-02,-1.31714921e-02,-1.26222874e-02,-1.17935645e-02,-1.07047494e-02,-9.37738036e-03,-7.83442155e-03,-6.09966586e-03,-4.19724443e-03,-2.15124376e-03,1.45758350e-05,2.27696044e-03,4.61329079e-03,7.00164672e-03,9.42080395e-03,1.18502132e-02,1.42699637e-02,1.66607449e-02,1.90038183e-02,2.12810097e-02,2.34747308e-02,2.55680356e-02,2.75447146e-02,2.93894261e-02,3.10878603e-02,3.26269278e-02,3.39949586e-02,3.51818966e-02,3.61794682e-02,3.69813054e-02,3.75829987e-02,3.79820512e-02,3.81776479e-02,3.81695245e-02,3.79668717e-02,3.75664607e-02,3.69734847e-02,3.61924932e-02,3.52278209e-02,3.40834848e-02,3.27631235e-02,3.12700908e-02,2.96077354e-02
-9.40034131e-03,-1.02696773e-02,-1.11332163e-02,-1.19850048e-02,-1.28179942e-02,-1.36240883e-02,-1.43942632e-02,-1.51187533e-02,-1.57872921e-02,-1.63893968e-02,-1.69146777e-02,-1.73531555e-02,-1.76955672e-02,-1.79336262e-02,-1.80600623e-02,-1.80711435e-02,-1.79613673e-02,-1.77289160e-02,-1.73736342e-02,-1.68971902e-02,-1.63031070e-02,-1.55967330e-02,-1.47851807e-02,-1.38772406e-02,-1.28832722e-02,-1.18150743e-02,-1.06857332e-02,-9.50944803e-03,-8.30133016e-03,-7.07717681e-03,-5.85321715e-03,-4.64583258e-03,-3.47125404e-03,-2.34524203e-03,-1.28275714e-03,-2.97631934e-04,5.97742115e-04,1.39269862e-03,2.07855020e-03,2.64876984e-03,3.09910908e-03,3.42763786e-03,3.63470003e-03,3.72277866e-03,3.69633498e-03,3.56168778e-03,3.32605408e-03,2.99795234e-03,2.58648963e-03,2.10102817e-03,1.55084858e-03,9.44850393e-04,2.91304980e-04,-4.02329783e-04,-1.12952668e-03,-1.88474376e-03,-2.66340553e-03,-3.46182434e-03,-4.27706592e-03,-5.10676757e-03,-5.94891942e-03,-6.80162083e-03,-7.66282550e-03,-8.53009006e-03
-1.18370856e-02,-1.23599559e-02,-1.29029890e-02,-1.34651318e-02,-1.40429672e-02,-1.46304118e-02,-1.52185684e-02,-1.57957692e-02,-1.63478309e-02,-1.68585253e-02,-1.73102466e-02,-1.76848340e-02,-1.79644823e-02,-1.81325812e-02,-1.81761510e-02,-1.80835977e-02,-1.78473427e-02,-1.74645058e-02,-1.69366250e-02,-1.62697332e-02,-1.54741672e-02,-1.45641811e-02,-1.35574025e-02,-1.24741729e-02,-1.13368100e-02,-1.01688293e-02,-8.99415643e-03,-7.83636018e-03,-6.71793010e-03,-5.65961966e-03,-4.67987400e-03,-3.79435826e-03,-3.01560051e-03,-2.35276051e-03,-1.81153195e-03,-1.39418091e-03,-1.09971774e-03,-9.24193701e-04,-8.61073039e-04,-9.01750371e-04,-1.03610532e-03,-1.25297772e-03,-1.54074571e-03,-1.88780873e-03,-2.28300277e-03,-2.71592757e-03,-3.17717761e-03,-3.65847853e-03,-4.15273965e-03,-4.65403956e-03,-5.15756630e-03,-5.65953450e-03,-6.15709982e-03,-6.64828681e-03,-7.13193933e-03,-7.60769552e-03,-8.07598122e-03,-8.53800926e-03,-8.99576658e-03,-9.45196868e-03,-9.90996114e-03,-1.03735511e-02,-1.08467576e-02,-1.13334791e-02
2.06253968e-02,2.30735966e-02,2.54122128e-02,2.76165695e-02,2.96623636e-02,3.15260029e-02,3.31849968e-02,3.46183885e-02,3.58072211e-02,3.67350171e-02,3.73882401e-02,3.77566553e-02,3.78329402e-02,3.76218819e-02,3.71205155e-02,3.63348681e-02,3.52762897e-02,3.39597579e-02,3.24036476e-02,3.06291943e-02,2.86598268e-02,2.65204468e-02,2.42367199e-02,2.18344348e-02,1.93389815e-02,1.67749833e-02,1.41660991e-02,1.15349922e-02,8.90343960e-03,6.29254252e-03,3.72298253e-03,1.21526913e-03,-1.21007504e-03,-3.53241083e-03,-5.73107703e-03,-7.78555679e-03,-9.67579091e-03,-1.13825868e-02,-1.28880825e-02,-1.41762187e-02,-1.52331725e-02,-1.60477095e-02,-1.66113974e-02,-1.69184405e-02,-1.69694661e-02,-1.67625762e-02,-1.63013466e-02,-1.55920310e-02,-1.46430892e-02,-1.34650039e-02,-1.20700313e-02,-1.04719608e-02,-8.68590225e-03,-6.72810964e-03,-4.61584216e-03,-2.36726058e-03,-1.35463497e-06,2.46209408e-03,5.00255395e-03,7.59877749e-03,1.02288113e-02,1.28700249e-02,1.54991558e-02,1.80923770e-02
2.45698367e-02,2.39281453e-02,2.32499360e-02,2.25337076e-02,2.17766543e-02,2.09752710e-02,2.01260229e-02,1.92260369e-02,1.82737653e-02,1.72695800e-02,1.62162534e-02,1.51192923e-02,1.39870963e-02,1.28309234e-02,1.16646612e-02,1.05044119e-02,9.36792073e-03,8.27388619e-03,7.24120402e-03,6.28820270e-03,5.43192718e-03,4.68752259e-03,4.06775762e-03,3.58271218e-03,3.23963705e-03,3.04297811e-03,2.99455981e-03,3.09355464e-03,3.33743524e-03,3.72184778e-03,4.24097554e-03,4.88790565e-03,5.65483015e-03,6.53317723e-03,7.51366454e-03,8.58628309e-03,9.74022910e-03,1.09638073e-02,1.22443324e-02,1.35680552e-02,1.49201403e-02,1.62847139e-02,1.76450008e-02,1.89835546e-02,2.02825862e-02,2.15243792e-02,2.26917779e-02,2.37687236e-02,2.47408082e-02,2.55958090e-02,2.63241632e-02,2.69193453e-02,2.73781080e-02,2.77005572e-02,2.78900342e-02,2.79527155e-02,2.78984829e-02,2.77378349e-02,2.74817070e-02,2.71425692e-02,2.67323579e-02,2.62618919e-02,2.57403195e-02,2.51747109e-02
2.05371145e-02,1.97851318e-02,1.90614128e-02,1.83723723e-02,1.77262805e-02,1.71330766e-02,1.66040594e-02,1.61514726e-02,1.57880108e-02,1.55262799e-02,1.53782586e-02,1.53549435e-02,1.54639810e-02,1.57134282e-02,1.61077092e-02,1.66485139e-02,1.73347511e-02,1.81624692e-02,1.91248923e-02,2.02125369e-02,2.14133916e-02,2.27131474e-02,2.40954656e-02,2.55422752e-02,2.70340920e-02,2.85503565e-02,3.00697863e-02,3.15707417e-02,3.30316053e-02,3.44311722e-02,3.57490494e-02,3.69660606e-02,3.80646492e-02,3.90292701e-02,3.98467577e-02,4.05066552e-02,4.10014830e-02,4.13269190e-02,4.14817979e-02,4.14676382e-02,4.12952475e-02,4.09678058e-02,4.04974290e-02,3.98977993e-02,3.91842305e-02,3.83732104e-02,3.74818373e-02,3.65272420e-02,3.55260373e-02,3.44938211e-02,3.34447551e-02,3.23912349e-02,3.13436613e-02,3.03103182e-02,2.92973554e-02,2.83088760e-02,2.73471181e-02,2.64127244e-02,2.55050859e-02,2.46227454e-02,2.37638428e-02,2.29265810e-02,2.21096890e-02,2.13128567e-02
2.48060719e-02,2.46556489e-02,2.44919914e-02,2.43215929e-02,2.41503742e-02,2.39833906e-02,2.38246070e-02,2.36767532e-02,2.35412664e-02,2.34183202e-02,2.33069337e-02,2.32051493e-02,2.31102628e-02,2.30190865e-02,2.29282259e-02,2.28343508e-02,2.27344428e-02,2.26260063e-02,2.25072310e-02,2.23770999e-02,2.22354401e-02,2.20829169e-02,2.19209776e-02,2.17517537e-02,2.15779312e-02,2.14026021e-02,2.12291100e-02,2.10608996e-02,2.09013825e-02,2.07538266e-02,2.06212739e-02,2.05064890e-02,2.04119379e-02,2.03397916e-02,2.02919500e-02,2.02700838e-02,2.02756404e-02,2.03095010e-02,2.03730688e-02,2.04670846e-02,2.05920460e-02,2.07480865e-02,2.09348618e-02,2.11514296e-02,2.13961306e-02,2.16664843e-02,2.19591160e-02,2.22697275e-02,2.25931226e-02,2.29232948e-02,2.32535789e-02,2.35768622e-02,2.38858476e-02,2.41733527e-02,2.44326296e-02,2.46576824e-02,2.48435625e-02,2.49866187e-02,2.50846830e-02,2.51371710e-02,2.51450187e-02,2.51116843e-02,2.50404428e-02,2.49365345e-02
1.47625193e-02,1.62402035e-02,1.77173247e-02,1.91795701e-02,2.06119124e-02,2.19988708e-02,2.33248400e-02,2.45744671e-02,2.57330563e-02,2.67869768e-02,2.77240500e-02,2.85338912e-02,2.92081835e-02,2.97408655e-02,3.01282135e-02,3.03688020e-02,3.04632568e-02,3.04149903e-02,3.02295322e-02,2.99106790e-02,2.94653778e-02,2.89008113e-02,2.82242194e-02,2.74426372e-02,2.65626977e-02,2.55905424e-02,2.45318543e-02,2.33920151e-02,2.21763733e-02,2.08906027e-02,1.95411157e-02,1.81354926e-02,1.66828782e-02,1.51942999e-02,1.36828617e-02,1.21637791e-02,1.06542322e-02,9.17302929e-03,7.74009793e-03,6.37583213e-03,5.10034771e-03,3.93270476e-03,2.89016315e-03,1.98753303e-03,1.23667252e-03,6.46168581e-04,2.21218085e-04,-3.62947785e-05,-1.27543810e-04,-5.63752361e-05,1.71207131e-04,5.47530863e-04,1.06380972e-03,1.71061588e-03,2.47827890e-03,3.35717827e-03,4.33791884e-03,5.41138899e-03,6.56871208e-03,7.80111072e-03,9.09970951e-03,1.04553059e-02,1.18581396e-02,1.32976889e-02
4.04332855e-03,5.63782186e-03,7.27195657e-03,8.91544933e-03,1.05346015e-02,1.20930917e-02,1.35528649e-02,1.48751183e-02,1.60213835e-02,1.69547044e-02,1.76408951e-02,1.80498319e-02,1.81564859e-02,1.79459726e-02,1.74070876e-02,1.65385175e-02,1.53498030e-02,1.38604009e-02,1.20995942e-02,1.01057299e-02,7.92487328e-03,5.60895559e-03,3.21353866e-03,7.95367984e-04,-1.59008278e-03,-3.89087937e-03,-6.06064613e-03,-8.06000642e-03,-9.85754930e-03,-1.14302800e-02,-1.27636044e-02,-1.38509296e-02,-1.46929787e-02,-1.52969116e-02,-1.56753105e-02,-1.58450735e-02,-1.58288277e-02,-1.56474230e-02,-1.53261444e-02,-1.48906707e-02,-1.43666223e-02,-1.37788298e-02,-1.31506073e-02,-1.25030571e-02,-1.18544181e-02,-1.12194785e-02,-1.06090777e-02,-1.00297288e-02,-9.48339538e-03,-8.96745454e-03,-8.47487062e-03,-7.99459358e-03,-7.51218046e-03,-7.01062102e-03,-6.47133166e-03,-5.87526605e-03,-5.20407938e-03,-4.44127779e-03,-3.57328623e-03,-2.59037663e-03,-1.48741220e-03,-2.64380118e-04,1.07329508e-03,2.51465439e-03
9.96459319e-04,9.87218717e-04,9.52559590e-04,8.86568622e-04,7.85338211e-04,6.47178588e-04,4.72772603e-04,2.65245915e-04,3.01382062e-05,-2.24734946e-04,-4.89534913e-04,-7.52765271e-04,-1.00173438e-03,-1.22309668e-03,-1.40344368e-03,-1.52990991e-03,-1.59076609e-03,-1.57606434e-03,-1.47780361e-03,-1.29059723e-03,-1.01180217e-03,-6.41663176e-04,-1.83337559e-04,3.57182789e-04,9.71235993e-04,1.64774019e-03,2.37349261e-03,3.13352023e-03,3.91146845e-03,4.69002091e-03,5.45134582e-03,6.17756567e-03,6.85124709e-03,7.45590602e-03,7.97652064e-03,8.40003953e-03,8.71586768e-03,8.91630505e-03,8.99689174e-03,8.95690547e-03,8.79951581e-03,8.53071755e-03,8.16063707e-03,7.70248535e-03,7.17208980e-03,6.58722900e-03,5.96684970e-03,5.33021996e-03,4.69607493e-03,4.08181214e-03,3.50278768e-03,2.97175461e-03,2.49847019e-03,2.08948327e-03,1.74809739e-03,1.47449267e-03,1.26598003e-03,1.11735661e-03,1.02133045e-03,9.68984855e-04,9.50258073e-04,9.54416408e-04,9.70524662e-04,9.87890619e-04
-1.50943121e-02,-1.49580806e-02,-1.46349036e-02,-1.41452165e-02,-1.35107934e-02,-1.27540883e-02,-1.18975930e-02,-1.09632694e-02,-9.97205763e-03,-8.94345314e-03,-7.89514913e-03,-6.84273774e-03,-5.79947067e-03,-4.77608109e-03,-3.78067210e-03,-2.81867875e-03,-1.89291096e-03,-1.00368309e-03,-1.49033803e-04,6.74965765e-04,1.47382081e-03,2.25414774e-03,3.02315738e-03,3.78810447e-03,4.55572778e-03,5.33170567e-03,6.12015061e-03,6.92316384e-03,7.74046721e-03,8.56912465e-03,9.40336174e-03,1.02344875e-02,1.10509200e-02,1.18383160e-02,1.25798046e-02,1.32563247e-02,1.38470683e-02,1.43300307e-02,1.46826653e-02,1.48826231e-02,1.49083338e-02,1.47427983e-02,1.43682972e-02,1.37731522e-02,1.29508299e-02,1.19008397e-02,1.06295164e-02,9.15049293e-03,7.48481524e-03,5.66064313e-03,3.71250970e-03,1.68015196e-03,-3.93028458e-04,-2.46174696e-03,-4.48081723e-03,-6.40707034e-03,-8.20109557e-03,-9.82869931e-03,-1.12619825e-02,-1.24799936e-02,-1.34689589e-02,-1.42221269e-02,-1.47392800e-02,-1.50258887e-02
-4.44053149e-02,-4.37500086e-02,-4.30166384e-02,-4.22223314e-02,-4.13842537e-02,-4.05192001e-02,-3.96431846e-02,-3.87710422e-02,-3.79160510e-02,-3.70895921e-02,-3.63008632e-02,-3.55566622e-02,-3.48612584e-02,-3.42163634e-02,-3.36212113e-02,-3.30727502e-02,-3.25659438e-02,-3.20941706e-02,-3.16497043e-02,-3.12242548e-02,-3.08095414e-02,-3.03978716e-02,-2.99826964e-02,-2.95591166e-02,-2.91243141e-02,-2.86778894e-02,-2.82220897e-02,-2.77619168e-02,-2.73051098e-02,-2.68620010e-02,-2.64452480e-02,-2.60694478e-02,-2.57506447e-02,-2.55057568e-02,-2.53520232e-02,-2.53047715e-02,-2.53791557e-02,-2.55887790e-02,-2.59434181e-02,-2.64492970e-02,-2.71084184e-02,-2.79181218e-02,-2.88708476e-02,-2.99541301e-02,-3.11508394e-02,-3.24396721e-02,-3.37958703e-02,-3.51921296e-02,-3.65996376e-02,-3.79891730e-02,-3.93321944e-02,-4.06018460e-02,-4.17738258e-02,-4.28270731e-02,-4.37442550e-02,-4.45120479e-02,-4.51212262e-02,-4.55665660e-02,-4.58465226e-02,-4.59637406e-02,-4.59271468e-02,-4.57406251e-02,-4.54158490e-02,-4.49658748e-02
4.21319221e-02,4.19572371e-02,4.14825989e-02,4.07074887e-02,3.96384011e-02,3.82855711e-02,3.66633137e-02,3.47900179e-02,3.26879443e-02,3.03828611e-02,2.79035307e-02,2.52810653e-02,2.25481818e-02,1.97383953e-02,1.68852005e-02,1.40212939e-02,1.11778858e-02,8.38414679e-03,5.66681767e-03,3.04999691e-03,5.55102081e-04,-1.79900886e-03,-3.99580164e-03,-6.02078264e-03,-7.86114474e-03,-9.50544893e-03,-1.09433624e-02,-1.21654812e-02,-1.31632518e-02,-1.39289893e-02,-1.44559554e-02,-1.47382383e-02,-1.47745744e-02,-1.45601395e-02,-1.40948667e-02,-1.33807694e-02,-1.24221338e-02,-1.12256912e-02,-9.80066336e-03,-8.15872602e-03,-6.31390311e-03,-4.28240476e-03,-2.08242131e-03,2.66112669e-04,2.74175517e-03,5.32183657e-03,7.98271916e-03,1.07000281e-02,1.34488762e-02,1.62040695e-02,1.89402929e-02,2.16322782e-02,2.42549572e-02,2.67836052e-02,2.91939803e-02,3.14624649e-02,3.35662162e-02,3.54833318e-02,3.71930357e-02,3.86758902e-02,3.99140359e-02,4.08914568e-02,4.15942591e-02,4.20109050e-02
1.51074004e-02,1.70328908e-02,1.90052406e-02,2.09997632e-02,2.29910746e-02,2.49534249e-02,2.68610559e-02,2.86885886e-02,3.04114469e-02,3.20063128e-02,3.34516092e-02,3.47279976e-02,3.58188694e-02,3.67108072e-02,3.73939785e-02,3.78624231e-02,3.81141609e-02,3.81505421e-02,3.79842156e-02,3.76199518e-02,3.70715709e-02,3.63557182e-02,3.54908089e-02,3.44964024e-02,3.33924463e-02,3.21985338e-02,3.09332417e-02,2.96135960e-02,2.82546924e-02,2.68694833e-02,2.54687267e-02,2.40610790e-02,2.26533093e-02,2.12506016e-02,1.98569196e-02,1.84754042e-02,1.71087817e-02,1.57597652e-02,1.44314353e-02,1.31275872e-02,1.18530342e-02,1.06138569e-02,9.41758242e-03,8.27328422e-03,7.19158579e-03,6.18456026e-03,5.26551967e-03,4.44869631e-03,3.74882669e-03,3.18065816e-03,2.75840575e-03,2.49519389e-03,2.40252857e-03,2.48964818e-03,2.76330140e-03,3.22755194e-03,3.88321355e-03,4.72794288e-03,5.75622457e-03,6.95945941e-03,8.32612625e-03,9.84199768e-03,1.14903918e-02,1.32524457e-02
6.22484251e-03,6.56057323e-03,6.94403558e-03,7.36311695e-03,7.80452207e-03,8.25439845e-03,8.69897882e-03,9.12520561e-03,9.52130496e-03,9.87728165e-03,1.01853109e-02,1.04400093e-02,1.06385724e-02,1.07807756e-02,1.08688395e-02,1.09071663e-02,1.09019764e-02,1.08611294e-02,1.07927997e-02,1.07059061e-02,1.06091658e-02,1.05106716e-02,1.04174959e-02,1.03353800e-02,1.02685251e-02,1.02194922e-02,1.01892099e-02,1.01770838e-02,1.01811599e-02,1.01983774e-02,1.02250084e-02,1.02567373e-02,1.02890676e-02,1.03175721e-02,1.03381003e-02,1.03469206e-02,1.03408357e-02,1.03172187e-02,1.02737828e-02,1.02087419e-02,1.01206265e-02,1.00082073e-02,9.87044336e-03,9.70647935e-03,9.51570243e-03,9.29786312e-03,9.05325347e-03,8.78292647e-03,8.48893199e-03,8.17453828e-03,7.84440504e-03,7.50467533e-03,7.16295874e-03,6.82818748e-03,6.51033954e-03,6.22003672e-03,5.96803961e-03,5.76467387e-03,5.61923108e-03,5.53939455e-03,5.53077200e-03,5.59605401e-03,5.73576532e-03,5.94720068e-03
-5.67203942e-03,-6.52680906e-03,-7.40614626e-03,-8.28795469e-03,-9.15080457e-03,-9.97475154e-03,-1.07421051e-02,-1.14381031e-02,-1.20514540e-02,-1.25747211e-02,-1.30045285e-02,-1.33415858e-02,-1.35905331e-02,-1.37596191e-02,-1.38602180e-02,-1.39061898e-02,-1.39134980e-02,-1.38985164e-02,-1.38782089e-02,-1.38686741e-02,-1.38842898e-02,-1.39373254e-02,-1.40366849e-02,-1.41874828e-02,-1.43906058e-02,-1.46424928e-02,-1.49351665e-02,-1.52565339e-02,-1.55909511e-02,-1.59200264e-02,-1.62236132e-02,-1.64809227e-02,-1.66716608e-02,-1.67769268e-02,-1.67823532e-02,-1.66740044e-02,-1.64437091e-02,-1.60874969e-02,-1.56058653e-02,-1.50036719e-02,-1.42898138e-02,-1.34767546e-02,-1.25799515e-02,-1.16172282e-02,-1.06081330e-02,-9.57331376e-03,-8.53393156e-03,-7.51112701e-03,-6.52554368e-03,-5.59690815e-03,-4.74366080e-03,-3.98262895e-03,-3.32873283e-03,-2.79471625e-03,-2.39089641e-03,-2.12493424e-03,-2.00161966e-03,-2.02245469e-03,-2.18613429e-03,-2.48778777e-03,-2.91925440e-03,-3.46914170e-03,-4.12302466e-03,-4.86377742e-03
3.99889734e-02,4.11546958e-02,4.22979340e-02,4.34142732e-02,4.44989000e-02,4.55463555e-02,4.65503399e-02,4.75035857e-02,4.83978124e-02,4.92237711e-02,4.99713787e-02,5.06299378e-02,5.11884293e-02,5.16358609e-02,5.19616427e-02,5.21559347e-02,5.22096169e-02,5.21192660e-02,5.18782286e-02,5.14824853e-02,5.09319687e-02,5.02288644e-02,4.93777948e-02,4.83858256e-02,4.72623828e-02,4.60191163e-02,4.46697264e-02,4.32297624e-02,4.17163995e-02,4.01481934e-02,3.85448102e-02,3.69267278e-02,3.53149036e-02,3.37304097e-02,3.21940381e-02,3.07258879e-02,2.93449487e-02,2.80686994e-02,2.69127439e-02,2.58905031e-02,2.50129769e-02,2.42885892e-02,2.37231160e-02,2.33197003e-02,2.30789536e-02,2.29992356e-02,2.30753501e-02,2.33013508e-02,2.36704135e-02,2.41729984e-02,2.47985202e-02,2.55355090e-02,2.63718673e-02,2.72951461e-02,2.82928176e-02,2.93525394e-02,3.04623999e-02,3.16111357e-02,3.27883120e-02,3.39844535e-02,3.51911187e-02,3.64009087e-02,3.76074083e-02,3.88050592e-02
-1.30040574e-02,-1.35298581e-02,-1.40149879e-02,-1.44567303e-02,-1.48517548e-02,-1.51963090e-02,-1.54864431e-02,-1.57182433e-02,-1.58880433e-02,-1.59925718e-02,-1.60294740e-02,-1.59969003e-02,-1.58931790e-02,-1.57177750e-02,-1.54707118e-02,-1.51525417e-02,-1.47642715e-02,-1.43072925e-02,-1.37833320e-02,-1.31944384e-02,-1.25430053e-02,-1.18318361e-02,-1.10642471e-02,-1.02441997e-02,-9.37645253e-03,-8.46671874e-03,-7.52181344e-03,-6.54977577e-03,-5.55995038e-03,-4.56301478e-03,-3.57094122e-03,-2.59688480e-03,-1.65499254e-03,-7.60132102e-04,7.24571746e-05,8.27579308e-04,1.49056541e-03,2.04779455e-03,2.48722903e-03,2.79894326e-03,2.97560916e-03,3.01288324e-03,2.91004161e-03,2.66938259e-03,2.29687188e-03,1.80181376e-03,1.19643362e-03,4.95353771e-04,-2.85074964e-04,-1.12752804e-03,-2.01451397e-03,-2.92913994e-03,-3.85579537e-03,-4.78070127e-03,-5.69228784e-03,-6.58138133e-03,-7.44119999e-03,-8.26717627e-03,-9.05663709e-03,-9.80838406e-03,-1.05222206e-02,-1.11984728e-02,-1.18375472e-02,-1.24395590e-02
-5.05032678e-02,-4.86002452e-02,-4.66085165e-02,-4.45450725e-02,-4.24275922e-02,-4.02744516e-02,-3.81047188e-02,-3.59381274e-02,-3.37950186e-02,-3.16962432e-02,-2.96630161e-02,-2.77167188e-02,-2.58786454e-02,-2.41696919e-02,-2.26099914e-02,-2.12185033e-02,-2.00125694e-02,-1.90074554e-02,-1.82159058e-02,-1.76477561e-02,-1.73097309e-02,-1.72034180e-02,-1.73283890e-02,-1.76812522e-02,-1.82539393e-02,-1.90354775e-02,-2.00123406e-02,-2.11690256e-02,-2.24887051e-02,-2.39538856e-02,-2.55470096e-02,-2.72509475e-02,-2.90493352e-02,-3.09267334e-02,-3.28686041e-02,-3.48611205e-02,-3.68908466e-02,-3.89443377e-02,-4.10077203e-02,-4.30663138e-02,-4.51043479e-02,-4.71048197e-02,-4.90495183e-02,-5.09192207e-02,-5.26940496e-02,-5.43539589e-02,-5.58793046e-02,-5.72514480e-02,-5.84533374e-02,-5.94700180e-02,-6.02890198e-02,-6.09005708e-02,-6.12975003e-02,-6.14757652e-02,-6.14438304e-02,-6.11928907e-02,-6.07293922e-02,-6.00603000e-02,-5.91941739e-02,-5.81410635e-02,-5.69123128e-02,-5.55203691e-02,-5.39786199e-02,-5.23012716e-02
-2.44875762e-03,-3.82165065e-03,-5.10300970e-03,-6.27664379e-03,-7.32651253e-03,-8.23720729e-03,-8.99444533e-03,-9.58554133e-03,-9.99981365e-03,-1.02287878e-02,-1.02681650e-02,-1.01140201e-02,-9.76643709e-03,-9.22840072e-03,-8.50556555e-03,-7.60611445e-03,-6.54053511e-03,-5.32135785e-03,-3.96287467e-03,-2.48085351e-03,-8.92258207e-04,7.85018668e-04,2.53239229e-03,4.33084374e-03,6.16111962e-03,8.00392634e-03,9.84010996e-03,1.16508237e-02,1.34176859e-02,1.51229312e-02,1.67495573e-02,1.82814696e-02,1.97036257e-02,2.10021796e-02,2.21646277e-02,2.31799541e-02,2.40387730e-02,2.47334648e-02,2.52582965e-02,2.56095128e-02,2.57853485e-02,2.57853498e-02,2.56165703e-02,2.52792815e-02,2.47808337e-02,2.41296319e-02,2.33354562e-02,2.24092321e-02,2.13627098e-02,2.02081190e-02,1.89578341e-02,1.76240771e-02,1.62186813e-02,1.47529372e-02,1.32375317e-02,1.16825848e-02,1.00977790e-02,8.49256432e-03,6.87641909e-03,5.25913555e-03,3.65109908e-03,2.06352839e-03,5.08646945e-04,-1.00023730e-03
-1.60650231e-02,-1.66520515e-02,-1.71233172e-02,-1.74717519e-02,-1.76915224e-02,-1.77786341e-02,-1.77310096e-02,-1.75461034e-02,-1.72242521e-02,-1.67671168e-02,-1.61777973e-02,-1.54608286e-02,-1.46221621e-02,-1.36691434e-02,-1.26104885e-02,-1.14562542e-02,-1.02177985e-02,-8.90772574e-03,-7.53980912e-03,-6.12888591e-03,-4.69071964e-03,-3.24182587e-03,-1.79925966e-03,-3.80364846e-04,9.97509933e-04,2.31732478e-03,3.56270083e-03,4.71826297e-03,5.76998808e-03,6.70553548e-03,7.51454220e-03,8.18886541e-03,8.72275490e-03,9.11294087e-03,9.35862383e-03,9.46134306e-03,9.42495101e-03,9.25565794e-03,8.95995099e-03,8.54634733e-03,8.02401959e-03,7.40248867e-03,6.69128376e-03,5.89965567e-03,5.03636732e-03,4.10957165e-03,3.12677774e-03,2.09489863e-03,1.02036764e-03,-9.06941459e-05,-1.23227727e-03,-2.39827609e-03,-3.58228769e-03,-4.77743412e-03,-5.97622463e-03,-7.17046692e-03,-8.35123361e-03,-9.50888662e-03,-1.06331582e-02,-1.17132840e-02,-1.27381809e-02,-1.36966585e-02,-1.45776532e-02,-1.53704705e-02
7.67505458e-02,7.57482425e-02,7.45442972e-02,7.31454016e-02,7.15617079e-02,6.98071009e-02,6.78993693e-02,6.58602335e-02,6.37151915e-02,6.14931554e-02,5.92258656e-02,5.69470938e-02,5.46916695e-02,5.24943857e-02,5.03888577e-02,4.84064174e-02,4.65751230e-02,4.49189528e-02,4.34572343e-02,4.22043324e-02,4.11695986e-02,4.03575605e-02,3.97683164e-02,3.93981018e-02,3.92400885e-02,3.92843681e-02,3.95158916e-02,3.99262708e-02,4.05012116e-02,4.12267545e-02,4.20892167e-02,4.30753825e-02,4.41726646e-02,4.53691932e-02,4.66538340e-02,4.80161478e-02,4.94463048e-02,5.09349675e-02,5.24731542e-02,5.40520952e-02,5.56630885e-02,5.72973658e-02,5.89459703e-02,6.05996535e-02,6.22487924e-02,6.38833297e-02,6.54927379e-02,6.70660085e-02,6.85916662e-02,7.00578080e-02,7.14521671e-02,7.27621984e-02,7.39751863e-02,7.50783687e-02,7.60590776e-02,7.69048890e-02,7.76037802e-02,7.81442827e-02,7.85156072e-02,7.87075961e-02,7.87082290e-02,7.85248751e-02,7.81386634e-02,7.75476365e-02
-1.02382070e-02,-1.22199103e-02,-1.40793895e-02,-1.57992381e-02,-1.73617554e-02,-1.87493234e-02,-1.99448807e-02,-2.09324540e-02,-2.16976957e-02,-2.22283430e-02,-2.25142392e-02,-2.25529839e-02,-2.23376130e-02,-2.18686605e-02,-2.11499444e-02,-2.01884522e-02,-1.89942466e-02,-1.75802102e-02,-1.59617187e-02,-1.41562801e-02,-1.21831614e-02,-1.00630254e-02,-7.81758905e-03,-5.46931873e-03,-3.04116548e-03,-5.56346246e-04,1.96182380e-03,4.49005969e-03,7.00522969e-03,9.48440628e-03,1.19049164e-02,1.42443858e-02,1.64807896e-02,1.85925234e-02,2.05585070e-02,2.23583334e-02,2.39724716e-02,2.53825293e-02,2.65715755e-02,2.75245152e-02,2.82284993e-02,2.86733258e-02,2.88516595e-02,2.87610542e-02,2.84042041e-02,2.77819326e-02,2.69033335e-02,2.57810149e-02,2.44311235e-02,2.28729241e-02,2.11281801e-02,1.92204186e-02,1.71741456e-02,1.50140787e-02,1.27644606e-02,1.04485068e-02,8.08802830e-03,5.70324758e-03,3.31280524e-03,9.33936559e-04,-1.41721976e-03,-3.72522317e-03,-5.97493985e-03,-8.15114350e-03
2.36485474e-02,2.38189465e-02,2.38627091e-02,2.37866079e-02,2.35952718e-02,2.32940016e-02,2.28884631e-02,2.23838176e-02,2.17845421e-02,2.10941964e-02,2.03152097e-02,1.94487204e-02,1.84945069e-02,1.74510382e-02,1.63156760e-02,1.50850472e-02,1.37555945e-02,1.23242977e-02,1.07895345e-02,9.15203248e-03,7.41583997e-03,5.58922664e-03,3.68541487e-03,1.72304227e-03,-2.73731691e-04,-2.27551817e-03,-4.24846552e-03,-6.15542675e-03,-7.95744902e-03,-9.61549356e-03,-1.10922336e-02,-1.23537771e-02,-1.33711709e-02,-1.41215618e-02,-1.45888674e-02,-1.47653058e-02,-1.46504748e-02,-1.42480907e-02,-1.35702971e-02,-1.26343815e-02,-1.14620384e-02,-1.00784136e-02,-8.51114286e-03,-6.78944541e-03,-4.94330266e-03,-3.00273755e-03,-9.97199077e-04,1.04494980e-03,3.09682776e-03,5.13340488e-03,7.13172522e-03,9.07108030e-03,1.09331173e-02,1.27018883e-02,1.43638469e-02,1.59077977e-02,1.73248053e-02,1.86080708e-02,1.97527814e-02,2.07559428e-02,2.16162018e-02,2.23336656e-02,2.29097229e-02,2.33468713e-02
1.66832600e-02,1.62932053e-02,1.58048356e-02,1.52241122e-02,1.45592696e-02,1.38207511e-02,1.30211119e-02,1.21748776e-02,1.12983414e-02,1.04092881e-02,9.52663079e-03,8.66995525e-03,7.85897572e-03,7.11291416e-03,6.44982707e-03,5.88591261e-03,5.43483721e-03,5.10712437e-03,4.90964878e-03,4.84528911e-03,4.91244528e-03,5.10550050e-03,5.41488528e-03,5.82707942e-03,6.32537868e-03,6.89054477e-03,7.50159692e-03,8.13669559e-03,8.77407903e-03,9.39301168e-03,9.97470130e-03,1.05031395e-02,1.09658204e-02,1.13542937e-02,1.16645134e-02,1.18969519e-02,1.20564642e-02,1.21519009e-02,1.21954822e-02,1.22019418e-02,1.21878563e-02,1.21698420e-02,1.21644111e-02,1.21864090e-02,1.22484626e-02,1.23603329e-02,1.25282873e-02,1.27549382e-02,1.30392336e-02,1.33766386e-02,1.37594771e-02,1.41773987e-02,1.46179300e-02,1.50670727e-02,1.55099129e-02,1.59312133e-02,1.63159653e-02,1.66498849e-02,1.69198403e-02,1.71142051e-02,1.72231238e-02,1.72385626e-02,1.71561161e-02,1.69713472e-02
-1.05758346e-02,-1.08216047e-02,-1.08507605e-02,-1.06743435e-02,-1.03083770e-02,-9.77075761e-03,-9.08035650e-03,-8.25619916e-03,-7.31674184e-03,-6.27929651e-03,-5.15962177e-03,-3.97168252e-03,-2.72757034e-03,-1.43756832e-03,-1.10337019e-04,1.24680501e-03,2.62754176e-03,4.02619085e-03,5.43733150e-03,6.85546362e-03,8.27471844e-03,9.68863739e-03,1.10900291e-02,1.24709079e-02,1.38225102e-02,1.51353807e-02,1.63995141e-02,1.76045383e-02,1.87399203e-02,1.97951776e-02,2.07600802e-02,2.16248280e-02,2.23801936e-02,2.30176239e-02,2.35292972e-02,2.39081356e-02,2.41477692e-02,2.42423901e-02,2.41875620e-02,2.39799531e-02,2.36142464e-02,2.30876777e-02,2.23980936e-02,2.15443133e-02,2.05264620e-02,1.93463715e-02,1.80080502e-02,1.65181951e-02,1.48867036e-02,1.31271298e-02,1.12570182e-02,9.29805236e-03,7.27595578e-03,5.22010708e-03,3.16285140e-03,1.13852637e-03,-8.17745822e-04,-2.67138902e-03,-4.38983250e-03,-5.94382126e-03,-7.30856810e-03,-8.46463799e-03,-9.39850184e-03,-1.01027321e-02
-3.23343631e-02,-2.96446820e-02,-2.69431466e-02,-2.42538622e-02,-2.15993597e-02,-1.90004542e-02,-1.64761464e-02,-1.40435704e-02,-1.17179890e-02,-9.51283929e-03,-7.43982859e-03,-5.50907864e-03,-3.72931474e-03,-2.10809294e-03,-6.52055638e-04,6.32795969e-04,1.74081502e-03,2.66647536e-03,3.40413023e-03,3.94783256e-03,4.29121726e-03,4.42744238e-03,4.34946800e-03,4.05018844e-03,3.52179786e-03,2.75744069e-03,1.75110249e-03,4.98226142e-04,-1.00363792e-03,-2.75412447e-03,-4.74939641e-03,-6.98145661e-03,-9.43756291e-03,-1.20997774e-02,-1.49447040e-02,-1.79434614e-02,-2.10619280e-02,-2.42612741e-02,-2.74987756e-02,-3.07288774e-02,-3.39044481e-02,-3.69781516e-02,-3.99038481e-02,-4.26379342e-02,-4.51405443e-02,-4.73765479e-02,-4.93163025e-02,-5.09361411e-02,-5.22185877e-02,-5.31522698e-02,-5.37313717e-02,-5.39588755e-02,-5.38468366e-02,-5.33962436e-02,-5.26236878e-02,-5.15479682e-02,-5.01906537e-02,-4.85756623e-02,-4.67287563e-02,-4.46770486e-02,-4.24485386e-02,-4.00716816e-02,-3.75749937e-02,-3.49866910e-02
-4.06509911e-02,-4.03915375e-02,-4.01843442e-02,-4.00381327e-02,-3.99621784e-02,-3.99620223e-02,-4.00485389e-02,-4.02280881e-02,-4.05061607e-02,-4.08864133e-02,-4.13701824e-02,-4.19560905e-02,-4.26397482e-02,-4.34135801e-02,-4.42667999e-02,-4.51855550e-02,-4.61532453e-02,-4.71510119e-02,-4.81583730e-02,-4.91539747e-02,-5.01164123e-02,-5.10250714e-02,-5.18609374e-02,-5.26073234e-02,-5.32504739e-02,-5.37800131e-02,-5.41892094e-02,-5.44750270e-02,-5.46378948e-02,-5.46843127e-02,-5.46202850e-02,-5.44544729e-02,-5.41990713e-02,-5.38673941e-02,-5.34734492e-02,-5.30313498e-02,-5.25547386e-02,-5.20562714e-02,-5.15471836e-02,-5.10369603e-02,-5.05331210e-02,-5.00411247e-02,-4.95643933e-02,-4.91044462e-02,-4.86611292e-02,-4.82329179e-02,-4.78172691e-02,-4.74109936e-02,-4.70106232e-02,-4.66127483e-02,-4.62143074e-02,-4.58128147e-02,-4.54065226e-02,-4.49945186e-02,-4.45767666e-02,-4.41541035e-02,-4.37282070e-02,-4.33015489e-02,-4.28773476e-02,-4.24595305e-02,-4.20527082e-02,-4.16621638e-02,-4.12938482e-02,-4.09543737e-02
2.75328359e-03,2.74794652e-03,2.78949866e-03,2.88652028e-03,3.04562891e-03,3.27120277e-03,3.56520525e-03,3.92717164e-03,4.35434406e-03,4.84192449e-03,5.38340977e-03,5.97096985e-03,6.59583173e-03,7.24863634e-03,7.91974309e-03,8.59946553e-03,9.27823183e-03,9.94667255e-03,1.05956469e-02,1.12162250e-02,1.17996483e-02,1.23372910e-02,1.28206466e-02,1.32413586e-02,1.35913114e-02,1.38627874e-02,1.40486924e-02,1.41428261e-02,1.41400371e-02,1.40384542e-02,1.38354657e-02,1.35323815e-02,1.31329104e-02,1.26434914e-02,1.20733426e-02,1.14343403e-02,1.07407272e-02,1.00086556e-02,9.25558052e-03,8.49953494e-03,7.75833017e-03,7.04873522e-03,6.38569190e-03,5.78162205e-03,5.24587659e-03,4.78436495e-03,4.39938956e-03,4.08969435e-03,3.85072130e-03,3.67505511e-03,3.55302503e-03,3.47342444e-03,3.42430299e-03,3.39378369e-03,3.37085703e-03,3.34610444e-03,3.31229731e-03,3.26484435e-03,3.20206662e-03,3.12527003e-03,3.03861058e-03,2.94876414e-03,2.86442607e-03,2.79567961e-03
-1.37892815e-02,-1.37414266e-02,-1.35994295e-02,-1.33572643e-02,-1.30100056e-02,-1.25543285e-02,-1.19889062e-02,-1.13147040e-02,-1.05351548e-02,-9.65620854e-03,-8.68625882e-03,-7.63595802e-03,-6.51794123e-03,-5.34648199e-03,-4.13710550e-03,-2.90618361e-03,-1.67053336e-03,-4.47036480e-04,7.47706391e-04,1.89767703e-03,2.98771465e-03,4.00372884e-03,4.93288171e-03,5.76373838e-03,6.48639235e-03,7.09257129e-03,7.57572682e-03,7.93110864e-03,8.15581854e-03,8.24882213e-03,8.21112619e-03,8.04594764e-03,7.75732115e-03,7.35166452e-03,6.83685865e-03,6.22210920e-03,5.51771613e-03,4.73481080e-03,3.88507977e-03,2.98049083e-03,2.03303424e-03,1.05448954e-03,5.62239789e-05,-9.50973742e-04,-1.95703120e-03,-2.95270271e-03,-3.92965145e-03,-4.88051391e-03,-5.79894496e-03,-6.67964081e-03,-7.51833408e-03,-8.31175291e-03,-9.05753582e-03,-9.75409582e-03,-1.04004317e-02,-1.09958906e-02,-1.15398928e-02,-1.20316378e-02,-1.24698166e-02,-1.28523582e-02,-1.31762410e-02,-1.34373927e-02,-1.36306967e-02,-1.37500798e-02
4.91680463e-03,5.60333396e-03,6.20269816e-03,6.69894207e-03,7.08008549e-03,7.33860267e-03,7.47172072e-03,7.48142743e-03,7.37545724e-03,7.16428898e-03,6.86319642e-03,6.49041923e-03,6.06629705e-03,5.61225497e-03,5.14974825e-03,4.69924824e-03,4.27933740e-03,3.90596661e-03,3.59190941e-03,3.34642722e-03,3.17513973e-03,3.08007941e-03,3.05990658e-03,3.11005177e-03,3.22349591e-03,3.39083803e-03,3.60080415e-03,3.84069129e-03,4.09676227e-03,4.35462962e-03,4.59963213e-03,4.81721450e-03,4.99332108e-03,5.11481173e-03,5.16989679e-03,5.14864850e-03,5.04367234e-03,4.84986122e-03,4.56560584e-03,4.19282395e-03,3.73721644e-03,3.20834865e-03,2.61954380e-03,1.98756978e-03,1.33211465e-03,6.75064188e-04,3.96135540e-05,-5.50734944e-04,-1.07323489e-03,-1.50694914e-03,-1.83371589e-03,-2.03897279e-03,-2.11251122e-03,-2.04878514e-03,-1.84702418e-03,-1.51149686e-03,-1.05116462e-03,-4.79305966e-04,1.87017401e-04,9.27608059e-04,1.71988536e-03,2.53968925e-03,3.36212361e-03,4.16242065e-03
9.77377444e-03,1.00879382e-02,1.03445335e-02,1.05359047e-02,1.06527994e-02,1.06847306e-02,1.06210803e-02,1.04504827e-02,1.01620099e-02,9.74592025e-03,9.19395448e-03,8.49985009e-03,7.65978496e-03,6.67275760e-03,5.54090044e-03,4.26972105e-03,2.86826546e-03,1.34919520e-03,-2.71232010e-04,-1.97327959e-03,-3.73399691e-03,-5.52760615e-03,-7.32602024e-03,-9.09950280e-03,-1.08174503e-02,-1.24492694e-02,-1.39653101e-02,-1.53378055e-02,-1.65417657e-02,-1.75557700e-02,-1.83626114e-02,-1.89497433e-02,-1.93094321e-02,-1.94401575e-02,-1.93450051e-02,-1.90293675e-02,-1.85049069e-02,-1.77867346e-02,-1.68930262e-02,-1.58444202e-02,-1.46633783e-02,-1.33735457e-02,-1.19991287e-02,-1.05643012e-02,-9.09264792e-03,-7.60664810e-03,-6.12720675e-03,-4.67323911e-03,-3.26131689e-03,-1.90538650e-03,-6.16571337e-04,5.96929902e-04,1.72983421e-03,2.77966289e-03,3.74649681e-03,4.63262378e-03,5.44208397e-03,6.18013379e-03,6.85265580e-03,7.46554822e-03,8.02413050e-03,8.53260163e-03,8.99358443e-03,9.40778330e-03
-7.07848669e-03,-7.13914553e-03,-7.32441575e-03,-7.63839540e-03,-8.08472972e-03,-8.66647691e-03,-9.38595903e-03,-1.02445605e-02,-1.12424613e-02,-1.23783017e-02,-1.36487882e-02,-1.50482617e-02,-1.65682622e-02,-1.81971360e-02,-1.99197381e-02,-2.17172851e-02,-2.35674066e-02,-2.54444308e-02,-2.73199195e-02,-2.91634408e-02,-3.09435423e-02,-3.26288631e-02,-3.41893044e-02,-3.55971702e-02,-3.68281936e-02,-3.78623734e-02,-3.86845649e-02,-3.92847732e-02,-3.96580462e-02,-3.98059308e-02,-3.97365724e-02,-3.94548941e-02,-3.89747395e-02,-3.83121378e-02,-3.74851343e-02,-3.65131596e-02,-3.54163900e-02,-3.42151601e-02,-3.29294493e-02,-3.15784508e-02,-3.01802273e-02,-2.87514505e-02,-2.73072257e-02,-2.58609938e-02,-2.44245080e-02,-2.30078779e-02,-2.16196734e-02,-2.02670798e-02,-1.89560930e-02,-1.76917434e-02,-1.64783351e-02,-1.53196866e-02,-1.42193598e-02,-1.31808644e-02,-1.22078276e-02,-1.13041203e-02,-1.04739362e-02,-9.72182249e-03,-9.05266660e-03,-8.47164365e-03,-7.98413622e-03,-7.59563694e-03,-7.31164854e-03,-7.13761335e-03
4.55613335e-03,6.06202305e-03,7.62134112e-03,9.22946172e-03,1.08801784e-02,1.25654734e-02,1.42753504e-02,1.59977361e-02,1.77184503e-02,1.94212461e-02,2.10879168e-02,2.26984701e-02,2.42313670e-02,2.56638288e-02,2.69722118e-02,2.81324534e-02,2.91205927e-02,2.99133611e-02,3.04888357e-02,3.08271016e-02,3.09105158e-02,3.07301260e-02,3.02745943e-02,2.95394867e-02,2.85274712e-02,2.72472155e-02,2.57137554e-02,2.39484492e-02,2.19785923e-02,1.98367129e-02,1.75595778e-02,1.51869638e-02,1.27602745e-02,1.03210963e-02,7.90979518e-03,5.56424521e-03,3.31876509e-03,1.20331259e-03,-7.57040805e-04,-2.54233692e-03,-4.13777752e-03,-5.53349276e-03,-6.72417096e-03,-7.70858091e-03,-8.48902884e-03,-9.07078564e-03,-9.46150361e-03,-9.67056650e-03,-9.70984645e-03,-9.59013358e-03,-9.32352700e-03,-8.92220554e-03,-8.39794065e-03,-7.76182322e-03,-7.02401424e-03,-6.19354998e-03,-5.27821204e-03,-4.28446935e-03,-3.21749683e-03,-2.08127204e-03,-8.78747687e-04,3.87907064e-04,1.71700555e-03,3.10700416e-03
2.41324459e-02,2.58824954e-02,2.76577321e-02,2.94439457e-02,3.12274107e-02,3.29949914e-02,3.47342555e-02,3.64335844e-02,3.80822704e-02,3.96705888e-02,4.11898326e-02,4.26323021e-02,4.39912411e-02,4.52607160e-02,4.64354408e-02,4.75105516e-02,4.84813438e-02,4.93429879e-02,5.00902438e-02,5.07171968e-02,5.12170406e-02,5.15819241e-02,5.18028507e-02,5.18693295e-02,5.17740946e-02,5.15052473e-02,5.10503479e-02,5.03999118e-02,4.95458176e-02,4.84823370e-02,4.72070753e-02,4.57218433e-02,4.40334173e-02,4.21541190e-02,4.01021423e-02,3.79015683e-02,3.55820263e-02,3.31779929e-02,3.07277500e-02,2.82720655e-02,2.58526867e-02,2.35107611e-02,2.12853068e-02,1.92118472e-02,1.73213046e-02,1.56392147e-02,1.41852889e-02,1.29733155e-02,1.20113622e-02,1.13022210e-02,1.08440297e-02,1.06310259e-02,1.06544104e-02,1.09008047e-02,1.13587736e-02,1.20132875e-02,1.28488160e-02,1.38494251e-02,1.49990062e-02,1.62814451e-02,1.76807301e-02,1.91810135e-02,2.07666439e-02,2.24221869e-02
-1.99439814e-02,-2.01731487e-02,-2.04720600e-02,-2.08498790e-02,-2.13124594e-02,-2.18618316e-02,-2.24958205e-02,-2.32078255e-02,-2.39867930e-02,-2.48174002e-02,-2.56804598e-02,-2.65535380e-02,-2.74117650e-02,-2.82287983e-02,-2.89778899e-02,-2.96329955e-02,-3.01698565e-02,-3.05669707e-02,-3.08062639e-02,-3.08765469e-02,-3.07687183e-02,-3.04784315e-02,-3.00080718e-02,-2.93650093e-02,-2.85614780e-02,-2.76141653e-02,-2.65436587e-02,-2.53737937e-02,-2.41309298e-02,-2.28431768e-02,-2.15395900e-02,-2.02493483e-02,-1.90009320e-02,-1.78213131e-02,-1.67351761e-02,-1.57641894e-02,-1.49263491e-02,-1.42354235e-02,-1.37005271e-02,-1.33258600e-02,-1.31106864e-02,-1.30484756e-02,-1.31292912e-02,-1.33390267e-02,-1.36597129e-02,-1.40709162e-02,-1.45506212e-02,-1.50762183e-02,-1.56254918e-02,-1.61775490e-02,-1.67136427e-02,-1.72178492e-02,-1.76775807e-02,-1.80839215e-02,-1.84317899e-02,-1.87199388e-02,-1.89508095e-02,-1.91302599e-02,-1.92671845e-02,-1.93730422e-02,-1.94613053e-02,-1.95468616e-02,-1.96453901e-02,-1.97726930e-02
-1.21230850e-02,-1.11706720e-02,-1.00469757e-02,-8.75666872e-03,-7.30791876e-03,-5.71221320e-03,-3.98406639e-03,-2.14064169e-03,-2.01320514e-04,1.81274386e-03,3.87907939e-03,5.97433707e-03,8.07466358e-03,1.01560348e-02,1.21945342e-02,1.41665783e-02,1.60490932e-02,1.78196550e-02,1.94566084e-02,2.09391805e-02,2.22476106e-02,2.33633167e-02,2.42691162e-02,2.49495136e-02,2.53910490e-02,2.55826031e-02,2.55166515e-02,2.51922590e-02,2.46057191e-02,2.37624778e-02,2.26726920e-02,2.13518200e-02,1.98206713e-02,1.81051109e-02,1.62354334e-02,1.42454203e-02,1.21711276e-02,1.00494784e-02,7.91676567e-03,5.80718390e-03,3.75150715e-03,1.77601908e-03,-9.82279663e-05,-1.85577318e-03,-3.48674774e-03,-4.98650396e-03,-6.35493420e-03,-7.59556380e-03,-8.71449251e-03,-9.71926790e-03,-1.06177715e-02,-1.14171905e-02,-1.21231382e-02,-1.27389730e-02,-1.32653511e-02,-1.37000333e-02,-1.40379451e-02,-1.42714498e-02,-1.43906216e-02,-1.43864282e-02,-1.42456947e-02,-1.39577697e-02,-1.35128576e-02,-1.29030669e-02
-3.53183654e-02,-3.41940196e-02,-3.30889563e-02,-3.20091540e-02,-3.09592862e-02,-2.99428654e-02,-2.89624479e-02,-2.80198895e-02,-2.71166401e-02,-2.62540605e-02,-2.54337443e-02,-2.46578246e-02,-2.39292451e-02,-2.32519779e-02,-2.26311692e-02,-2.20732004e-02,-2.15856543e-02,-2.11771825e-02,-2.08572804e-02,-2.06360120e-02,-2.05239023e-02,-2.05282189e-02,-2.06601996e-02,-2.09267374e-02,-2.13332520e-02,-2.18828498e-02,-2.25759046e-02,-2.34097798e-02,-2.43786834e-02,-2.54736645e-02,-2.66827505e-02,-2.79912170e-02,-2.93819711e-02,-3.08360198e-02,-3.23329934e-02,-3.38516885e-02,-3.53706010e-02,-3.68684218e-02,-3.83244786e-02,-3.97191147e-02,-4.10340019e-02,-4.22523937e-02,-4.33593271e-02,-4.43417816e-02,-4.51888054e-02,-4.58916114e-02,-4.64436405e-02,-4.68405665e-02,-4.70801496e-02,-4.71644607e-02,-4.70969653e-02,-4.68798240e-02,-4.65204229e-02,-4.60275801e-02,-4.54116540e-02,-4.46843284e-02,-4.38583303e-02,-4.29471168e-02,-4.19645489e-02,-4.09245637e-02,-3.98408548e-02,-3.87265745e-02,-3.75940652e-02,-3.64546321e-02
-1.57079036e-02,-1.57546111e-02,-1.57320247e-02,-1.56480951e-02,-1.55134091e-02,-1.53399041e-02,-1.51402792e-02,-1.49273313e-02,-1.47133011e-02,-1.45092662e-02,-1.43246097e-02,-1.41665894e-02,-1.40400291e-02,-1.39471474e-02,-1.38875374e-02,-1.38583064e-02,-1.38540535e-02,-1.38679891e-02,-1.38916437e-02,-1.39157263e-02,-1.39306700e-02,-1.39275787e-02,-1.38978946e-02,-1.38346647e-02,-1.37325656e-02,-1.35881752e-02,-1.34000813e-02,-1.31688620e-02,-1.28969565e-02,-1.25884474e-02,-1.22487811e-02,-1.18844544e-02,-1.15026960e-02,-1.11111677e-02,-1.07177062e-02,-1.03301180e-02,-9.95603346e-03,-9.60281833e-03,-9.27753277e-03,-8.98692235e-03,-8.73742190e-03,-8.53515106e-03,-8.38588346e-03,-8.29499023e-03,-8.26703084e-03,-8.30603699e-03,-8.41510043e-03,-8.59584191e-03,-8.84828498e-03,-9.17055131e-03,-9.55862296e-03,-1.00061951e-02,-1.05046487e-02,-1.10431673e-02,-1.16090086e-02,-1.21879287e-02,-1.27647414e-02,-1.33239804e-02,-1.38506190e-02,-1.43307980e-02,-1.47525075e-02,-1.51061731e-02,-1.53851044e-02,-1.55857753e-02
-1.52391128e-02,-1.56134195e-02,-1.62232485e-02,-1.70718215e-02,-1.81575882e-02,-1.94739921e-02,-2.10094116e-02,-2.27472675e-02,-2.46662896e-02,-2.67409288e-02,-2.89419003e-02,-3.12368405e-02,-3.35910582e-02,-3.59683592e-02,-3.83319228e-02,-4.06452021e-02,-4.28728222e-02,-4.49814413e-02,-4.69405435e-02,-4.87231305e-02,-5.03062835e-02,-5.16715746e-02,-5.28053125e-02,-5.36986140e-02,-5.43472747e-02,-5.47513354e-02,-5.49164812e-02,-5.48565884e-02,-5.45761008e-02,-5.40911050e-02,-5.34188310e-02,-5.25780256e-02,-5.15885110e-02,-5.04706693e-02,-4.92449331e-02,-4.79312989e-02,-4.65488770e-02,-4.51154851e-02,-4.36472962e-02,-4.21585527e-02,-4.06613577e-02,-3.91655584e-02,-3.76787297e-02,-3.62062687e-02,-3.47516018e-02,-3.33165022e-02,-3.19015075e-02,-3.05064200e-02,-2.91308645e-02,-2.77748730e-02,-2.64394610e-02,-2.51271601e-02,-2.38424708e-02,-2.25922061e-02,-2.13856992e-02,-2.02348604e-02,-1.91540733e-02,-1.81599317e-02,-1.72708266e-02,-1.65064008e-02,-1.58868972e-02,-1.54324470e-02,-1.51624523e-02,-1.50927936e-02
-3.29824666e-03,-2.49268731e-03,-1.71120136e-03,-9.59853768e-04,-2.43951372e-04,4.31836721e-04,1.06334074e-03,1.64675142e-03,2.17848651e-03,2.65508116e-03,3.07311170e-03,3.42916207e-03,3.71983908e-03,3.94183907e-03,4.09206406e-03,4.16777833e-03,4.16675715e-03,4.08795119e-03,3.93063779e-03,3.69567058e-03,3.38517770e-03,3.00268670e-03,2.55312256e-03,2.04270642e-03,1.47875606e-03,8.69397282e-04,2.23206611e-04,-4.51184825e-04,-1.14548866e-03,-1.85212314e-03,-2.56449377e-03,-3.27716668e-03,-3.98591140e-03,-4.68760551e-03,-5.38000959e-03,-6.06143557e-03,-6.73034462e-03,-7.38491927e-03,-8.02265857e-03,-8.64004350e-03,-9.23231274e-03,-9.79337757e-03,-1.03158898e-02,-1.07914604e-02,-1.12110098e-02,-1.15652185e-02,-1.18450340e-02,-1.20421804e-02,-1.21495403e-02,-1.21627486e-02,-1.20777524e-02,-1.18936166e-02,-1.16116453e-02,-1.12353405e-02,-1.07702550e-02,-1.02237386e-02,-9.60461528e-03,-8.92282081e-03,-8.18902421e-03,-7.41425802e-03,-6.60957577e-03,-5.78575203e-03,-4.95303613e-03,-4.12096624e-03
2.77366060e-02,2.58332232e-02,2.39244047e-02,2.20190219e-02,2.01295524e-02,1.82724095e-02,1.64679273e-02,1.47399852e-02,1.31152876e-02,1.16223547e-02,1.02903047e-02,9.14753326e-03,8.22039814e-03,7.53201684e-03,7.10126905e-03,6.94210869e-03,7.06249881e-03,7.46483373e-03,8.14697587e-03,9.10064762e-03,1.03128841e-02,1.17665380e-02,1.34409168e-02,1.53124490e-02,1.73553373e-02,1.95421723e-02,2.18444908e-02,2.42332726e-02,2.66793714e-02,2.91538869e-02,3.16284807e-02,3.40756448e-02,3.64689317e-02,3.87831513e-02,4.09945443e-02,4.30809379e-02,4.50218898e-02,4.67988249e-02,4.83951712e-02,4.97964944e-02,5.09906345e-02,5.19678399e-02,5.27208922e-02,5.32452091e-02,5.35388698e-02,5.36019218e-02,5.34460176e-02,5.30727963e-02,5.24915113e-02,5.17154892e-02,5.07600522e-02,4.96423029e-02,4.83806219e-02,4.69940240e-02,4.55014429e-02,4.39210008e-02,4.22693274e-02,4.05609939e-02,3.88081209e-02,3.70202108e-02,3.52042344e-02,3.33649797e-02,3.15056498e-02,2.96286646e-02
1.71866309e-02,1.56346404e-02,1.40643386e-02,1.25057983e-02,1.09887013e-02,9.54137357e-03,8.18988604e-03,6.95726942e-03,5.86288033e-03,4.92194570e-03,4.14529805e-03,3.53930088e-03,3.10595110e-03,2.84313683e-03,2.74502946e-03,2.80244609e-03,3.00348364e-03,3.33432669e-03,3.77937313e-03,4.32204131e-03,4.94529363e-03,5.63214819e-03,6.36615585e-03,7.13183647e-03,7.91506998e-03,8.70343732e-03,9.48650470e-03,1.02560427e-02,1.10061703e-02,1.17334137e-02,1.24366694e-02,1.31170655e-02,1.37777177e-02,1.44233839e-02,1.50600270e-02,1.56943027e-02,1.63329983e-02,1.69824483e-02,1.76479608e-02,1.83332869e-02,1.90401605e-02,1.97679370e-02,2.05133483e-02,2.12703851e-02,2.20303134e-02,2.27818202e-02,2.35112812e-02,2.42031373e-02,2.48403646e-02,2.54050178e-02,2.58788296e-02,2.62438430e-02,2.64830449e-02,2.65808972e-02,2.65248688e-02,2.63061652e-02,2.59160613e-02,2.53518804e-02,2.46149275e-02,2.37108719e-02,2.26498574e-02,2.14464279e-02,2.01192775e-02,1.86908267e-02
-7.14690944e-03,-6.62320816e-03,-6.05706900e-03,-5.45229528e-03,-4.81264829e-03,-4.14181369e-03,-3.44337594e-03,-2.72080792e-03,-1.97748224e-03,-1.21670944e-03,-4.41805409e-04,3.43812300e-04,1.13650228e-03,1.93226259e-03,2.72658395e-03,3.51430899e-03,4.28951026e-03,5.04540103e-03,5.77429143e-03,6.46760109e-03,7.11593602e-03,7.70923435e-03,8.23698115e-03,8.68848825e-03,9.05323059e-03,9.32122525e-03,9.48343190e-03,9.53211432e-03,9.46183671e-03,9.26870974e-03,8.95118448e-03,8.51065935e-03,7.95125164e-03,7.27982494e-03,6.50586768e-03,5.64124732e-03,4.69985489e-03,3.69716004e-03,2.64970308e-03,1.57455475e-03,4.88775938e-04,-5.91091162e-04,-1.64946914e-03,-2.67213022e-03,-3.64646975e-03,-4.56168877e-03,-5.40888066e-03,-6.18103005e-03,-6.87293662e-03,-7.48107950e-03,-8.00343918e-03,-8.43929393e-03,-8.78900619e-03,-9.05381205e-03,-9.23562129e-03,-9.33680883e-03,-9.36054934e-03,-9.30962280e-03,-9.18721049e-03,-8.99671344e-03,-8.74160201e-03,-8.42541948e-03,-8.05177931e-03,-7.62436226e-03
-3.60297708e-02,-3.58525781e-02,-3.55548282e-02,-3.51290945e-02,-3.45702368e-02,-3.38758022e-02,-3.30463175e-02,-3.20854717e-02,-3.10001815e-02,-2.98005453e-02,-2.84996917e-02,-2.71135373e-02,-2.56604678e-02,-2.41609573e-02,-2.26371406e-02,-2.11123506e-02,-1.96106319e-02,-1.81562375e-02,-1.67731167e-02,-1.54843980e-02,-1.43118749e-02,-1.32754988e-02,-1.23928896e-02,-1.16788749e-02,-1.11450763e-02,-1.07995870e-02,-1.06465655e-02,-1.06849157e-02,-1.09119688e-02,-1.13193634e-02,-1.18950914e-02,-1.26236935e-02,-1.34867523e-02,-1.44635337e-02,-1.55317364e-02,-1.66683091e-02,-1.78502901e-02,-1.90556213e-02,-2.02638875e-02,-2.14569405e-02,-2.26193748e-02,-2.37388331e-02,-2.48061358e-02,-2.58152393e-02,-2.67630394e-02,-2.76490465e-02,-2.84749611e-02,-2.92441835e-02,-2.99612883e-02,-3.06314911e-02,-3.12601326e-02,-3.18521964e-02,-3.24118765e-02,-3.29422042e-02,-3.34447417e-02,-3.39193504e-02,-3.43640386e-02,-3.47748953e-02,-3.51461155e-02,-3.54701188e-02,-3.57377622e-02,-3.59386235e-02,-3.60612523e-02,-3.60955641e-02
8.68386373e-03,1.03300631e-02,1.18739492e-02,1.33058622e-02,1.46182756e-02,1.58057300e-02,1.68647315e-02,1.77936144e-02,1.85923644e-02,1.92624050e-02,1.98063457e-02,2.02276988e-02,2.05305669e-02,2.07193083e-02,2.07981582e-02,2.07711766e-02,2.06425499e-02,2.04134416e-02,2.00853372e-02,1.96583549e-02,1.91313546e-02,1.85020370e-02,1.77671272e-02,1.69226584e-02,1.59643560e-02,1.48881120e-02,1.36905391e-02,1.23695845e-02,1.09251781e-02,9.35988288e-03,7.67950893e-03,5.89364630e-03,4.01606746e-03,2.06495080e-03,6.28803606e-05,-1.96340073e-03,-3.98352859e-03,-5.96433738e-03,-7.87088656e-03,-9.66768061e-03,-1.13199920e-02,-1.27951958e-02,-1.40640218e-02,-1.51016351e-02,-1.58884689e-02,-1.64107148e-02,-1.66603054e-02,-1.66397221e-02,-1.63492565e-02,-1.57994170e-02,-1.50047880e-02,-1.39838480e-02,-1.27582416e-02,-1.13520049e-02,-9.79081573e-03,-8.10129917e-03,-6.31040516e-03,-4.44486578e-03,-2.53073352e-03,-5.92996964e-04,1.34472904e-03,3.26044735e-03,5.13399556e-03,6.94717695e-03
7.20900979e-03,8.16610861e-03,9.12210771e-03,1.00789343e-02,1.10367667e-02,1.19936556e-02,1.29452224e-02,1.38844503e-02,1.48015786e-02,1.56841097e-02,1.65169324e-02,1.72825671e-02,1.79615329e-02,1.85328363e-02,1.89745777e-02,1.92646589e-02,1.93814984e-02,1.93058738e-02,1.90218035e-02,1.85140128e-02,1.77737881e-02,1.67977772e-02,1.55889111e-02,1.41569823e-02,1.25189075e-02,1.06986306e-02,8.72663409e-03,6.63905505e-03,4.47643858e-03,2.28220095e-03,1.00906106e-04,-2.02350173e-03,-4.04942896e-03,-5.93917783e-03,-7.66015898e-03,-9.18577406e-03,-1.04959236e-02,-1.15771513e-02,-1.24224643e-02,-1.30308826e-02,-1.34067488e-02,-1.35593889e-02,-1.35027789e-02,-1.32513074e-02,-1.28234335e-02,-1.22388658e-02,-1.15180906e-02,-1.06818065e-02,-9.75041246e-03,-8.74356382e-03,-7.67979110e-03,-6.57617871e-03,-5.44809857e-03,-4.30899667e-03,-3.17023289e-03,-2.04097595e-03,-9.28157795e-04,1.63507966e-04,1.23143829e-03,2.27502227e-03,3.29538584e-03,4.29508497e-03,5.27773339e-03,6.24757416e-03
-1.07677330e-02,-9.47758396e-03,-8.24400008e-03,-7.07999531e-03,-5.99575156e-03,-4.99826041e-03,-4.09105310e-03,-3.27405602e-03,-2.54360703e-03,-1.89266047e-03,-1.31119719e-03,-7.86840440e-04,-3.05660161e-04,1.46870403e-04,5.84820366e-04,1.02070709e-03,1.46444615e-03,1.92241179e-03,2.39667368e-03,2.88446380e-03,3.37791187e-03,3.86407091e-03,4.32523849e-03,4.73956542e-03,5.08193056e-03,5.32504967e-03,5.44076569e-03,5.40157169e-03,5.18276571e-03,4.76217489e-03,4.12360341e-03,3.25742479e-03,2.16173283e-03,8.43091553e-04,-6.83168376e-04,-2.39313878e-03,-4.25513631e-03,-6.23094566e-03,-8.27750236e-03,-1.03488741e-02,-1.23983759e-02,-1.43806450e-02,-1.62535111e-02,-1.79795316e-02,-1.95271080e-02,-2.08711516e-02,-2.19933156e-02,-2.28818512e-02,-2.35311562e-02,-2.39410470e-02,-2.41164673e-02,-2.40691109e-02,-2.38077089e-02,-2.33478066e-02,-2.27065075e-02,-2.19024374e-02,-2.09553983e-02,-1.98860501e-02,-1.87156313e-02,-1.74657039e-02,-1.61579035e-02,-1.48136766e-02,-1.34539912e-02,-1.20990114e-02
-2.85680173e-02,-2.88387863e-02,-2.90792617e-02,-2.92882121e-02,-2.94644066e-02,-2.96065322e-02,-2.97131117e-02,-2.97824179e-02,-2.98125760e-02,-2.98021396e-02,-2.97480012e-02,-2.96479368e-02,-2.94997093e-02,-2.93013395e-02,-2.90513228e-02,-2.87488419e-02,-2.83939645e-02,-2.79878086e-02,-2.75326623e-02,-2.70320481e-02,-2.64907264e-02,-2.59146383e-02,-2.53107918e-02,-2.46870986e-02,-2.40521743e-02,-2.34151135e-02,-2.27852513e-02,-2.21719260e-02,-2.15842502e-02,-2.10308990e-02,-2.05199218e-02,-2.00585778e-02,-1.96531997e-02,-1.93090815e-02,-1.90303942e-02,-1.88201274e-02,-1.86800721e-02,-1.86109757e-02,-1.86108372e-02,-1.86791130e-02,-1.88125485e-02,-1.90071373e-02,-1.92580561e-02,-1.95598179e-02,-1.99064606e-02,-2.02917492e-02,-2.07093785e-02,-2.11531601e-02,-2.16171838e-02,-2.20959401e-02,-2.25843999e-02,-2.30780472e-02,-2.35728698e-02,-2.40653135e-02,-2.45522135e-02,-2.50307130e-02,-2.54981848e-02,-2.59521648e-02,-2.63903057e-02,-2.68103548e-02,-2.72101534e-02,-2.75876532e-02,-2.79409405e-02,-2.82682584e-02
-4.01671022e-03,-2.69129388e-03,-1.40349517e-03,-1.69462148e-04,9.96965694e-04,2.08437213e-03,3.08381133e-03,3.98877692e-03,4.79511476e-03,5.50088240e-03,6.10616441e-03,6.61285387e-03,7.02441024e-03,7.34560281e-03,7.58224750e-03,7.74094179e-03,7.82879930e-03,7.85317003e-03,7.82162531e-03,7.74112866e-03,7.61816174e-03,7.45848922e-03,7.26676718e-03,7.04630088e-03,6.79881930e-03,6.52429565e-03,6.22083727e-03,5.88466748e-03,5.51022031e-03,5.09036422e-03,4.61676391e-03,4.08038048e-03,3.47209880e-03,2.78345942e-03,2.00745976e-03,1.13937795e-03,1.77562911e-04,-8.75869718e-04,-2.01450093e-03,-3.22730090e-03,-4.49857847e-03,-5.80823006e-03,-7.13229058e-03,-8.44376484e-03,-9.71369110e-03,-1.09123648e-02,-1.20106348e-02,-1.29811785e-02,-1.37996646e-02,-1.44457266e-02,-1.49036739e-02,-1.51627865e-02,-1.52197349e-02,-1.50734478e-02,-1.47290445e-02,-1.41965766e-02,-1.34900085e-02,-1.26266193e-02,-1.16263025e-02,-1.05108457e-02,-9.30322774e-03,-8.02695316e-03,-6.70544028e-03,-5.36147122e-03
-1.68590133e-02,-1.59644888e-02,-1.52260221e-02,-1.46527479e-02,-1.42513873e-02,-1.40262261e-02,-1.39772655e-02,-1.41042905e-02,-1.44035972e-02,-1.48689016e-02,-1.54919546e-02,-1.62628191e-02,-1.71702190e-02,-1.82018905e-02,-1.93449036e-02,-2.05859307e-02,-2.19114509e-02,-2.33078844e-02,-2.47616652e-02,-2.62592649e-02,-2.77871864e-02,-2.93319496e-02,-3.08800882e-02,-3.24181726e-02,-3.39328680e-02,-3.54110298e-02,-3.68398293e-02,-3.82068995e-02,-3.95004866e-02,-4.07095922e-02,-4.18240922e-02,-4.28348246e-02,-4.37336410e-02,-4.45134228e-02,-4.51680666e-02,-4.56924437e-02,-4.60823313e-02,-4.63342555e-02,-4.64458539e-02,-4.64198652e-02,-4.62509631e-02,-4.59404801e-02,-4.54900434e-02,-4.49022074e-02,-4.41805737e-02,-4.33298584e-02,-4.23559360e-02,-4.12658624e-02,-4.00678806e-02,-3.87714094e-02,-3.73870179e-02,-3.59263885e-02,-3.44022687e-02,-3.28284124e-02,-3.12195095e-02,-2.95911005e-02,-2.79594723e-02,-2.63415294e-02,-2.47546350e-02,-2.32164186e-02,-2.17445447e-02,-2.03564441e-02,-1.90690098e-02,-1.78982649e-02
-1.39422768e-02,-1.41993591e-02,-1.42819453e-02,-1.41832205e-02,-1.38971514e-02,-1.34203249e-02,-1.27513119e-02,-1.18910182e-02,-1.08428891e-02,-9.61302292e-03,-8.21020216e-03,-6.64585017e-03,-4.93392325e-03,-3.09075060e-03,-1.13483443e-03,9.13379254e-04,3.03173149e-03,5.19665331e-03,7.38343153e-03,9.56650552e-03,1.17197861e-02,1.38170001e-02,1.58320668e-02,1.77395071e-02,1.95148885e-02,2.11352980e-02,2.25798346e-02,2.38301021e-02,2.48706806e-02,2.56895448e-02,2.62783942e-02,2.66328422e-02,2.67522702e-02,2.66422350e-02,2.63100491e-02,2.57646328e-02,2.50198808e-02,2.40915815e-02,2.29969532e-02,2.17540340e-02,2.03811054e-02,1.88962159e-02,1.73168366e-02,1.56596566e-02,1.39405094e-02,1.21744028e-02,1.03756167e-02,8.55782948e-03,6.73423839e-03,4.91764725e-03,3.12050921e-03,1.35492500e-03,-3.67391165e-04,-2.03515190e-03,-3.63754360e-03,-5.16423303e-03,-6.60533293e-03,-7.95132844e-03,-9.19297143e-03,-1.03211612e-02,-1.13268360e-02,-1.22009015e-02,-1.29342190e-02,-1.35176675e-02
