0.000000,0.015625,0.031250,0.046875,0.062500,0.078125,0.093750,0.109375,0.125000,0.140625,0.156250,0.171875,0.187500,0.203125,0.218750,0.234375,0.250000,0.265625,0.281250,0.296875,0.312500,0.328125,0.343750,0.359375,0.375000,0.390625,0.406250,0.421875,0.437500,0.453125,0.468750,0.484375,0.500000,0.515625,0.531250,0.546875,0.562500,0.578125,0.593750,0.609375,0.625000,0.640625,0.656250,0.671875,0.687500,0.703125,0.718750,0.734375,0.750000,0.765625,0.781250,0.796875,0.812500,0.828125,0.843750,0.859375,0.875000,0.890625,0.906250,0.921875,0.937500,0.953125,0.968750,0.984375
7.73615495e-03,1.00334762e-02,1.04148916e-02,9.45798701e-03,7.62348535e-03,5.80489542e-03,6.93070781e-03,1.10449993e-02,1.62088963e-02,2.23042672e-02,2.46293201e-02,2.56073686e-02,2.59079041e-02,2.35815386e-02,1.88051786e-02,1.49180986e-02,1.17983438e-02,1.04180603e-02,8.40617245e-03,7.73996044e-03,6.27483078e-03,4.39680989e-03,2.32412753e-03,1.86465994e-05,-1.78023390e-03,-4.17451377e-03,-5.22895575e-03,-5.92343228e-03,-5.85995991e-03,-5.95909558e-03,-6.37266270e-03,-4.40813827e-03,-3.09609925e-03,-1.86027490e-03,1.14306851e-03,3.41145407e-03,8.50797412e-03,1.40159654e-02,1.87633339e-02,2.50037899e-02,3.16838063e-02,3.61234592e-02,3.61495519e-02,3.23471678e-02,2.73898881e-02,2.37504346e-02,2.09160747e-02,1.79840138e-02,1.39580295e-02,1.12414849e-02,9.63554094e-03,7.46018970e-03,7.01600544e-03,7.38255826e-03,8.74833329e-03,8.67000260e-03,6.92151955e-03,4.40329580e-03,1.75584143e-03,1.23019750e-03,2.84089163e-03,4.00984556e-03,4.19051532e-03,6.25629873e-03
-8.49616021e-03,-8.10052976e-03,-8.79954802e-03,-7.96755002e-03,-6.75185983e-03,-6.47942658e-03,-7.32619673e-03,-9.11334703e-03,-8.96598381e-03,-8.58278337e-03,-7.82896495e-03,-4.00250353e-03,8.79425299e-04,5.33618824e-03,1.04489579e-02,1.41986269e-02,1.85507466e-02,2.51050729e-02,2.99501589e-02,3.63638479e-02,4.02570696e-02,4.24263670e-02,4.44711724e-02,4.45823429e-02,4.37495033e-02,4.17151502e-02,4.09572890e-02,4.17603354e-02,4.41665010e-02,4.55526899e-02,4.51659771e-02,4.25092637e-02,3.96974340e-02,3.85795246e-02,3.87398812e-02,3.77581559e-02,3.57236586e-02,3.19273606e-02,2.72800447e-02,2.27947111e-02,2.02529155e-02,1.73667257e-02,1.18277341e-02,8.66599133e-03,6.83016493e-03,3.66400810e-03,1.04516983e-03,-3.38554973e-03,-5.41746996e-03,-5.62739297e-03,-5.94697198e-03,-8.28976822e-03,-1.01704665e-02,-1.13747036e-02,-1.14463319e-02,-1.15055485e-02,-1.23663853e-02,-1.46534062e-02,-1.69515420e-02,-1.73849904e-02,-1.55998167e-02,-1.40270491e-02,-1.16883643e-02,-1.00822993e-02
3.80292768e-02,3.54534221e-02,3.38320917e-02,3.39075885e-02,3.22842349e-02,2.92235282e-02,2.42559730e-02,1.86695215e-02,1.51589057e-02,1.21221856e-02,7.94196633e-03,2.96286345e-03,-2.63759144e-03,-4.37127965e-03,-4.45629461e-03,-5.25814367e-03,-5.66562879e-03,-7.16184055e-03,-6.42700561e-03,-7.46117301e-03,-7.62492067e-03,-6.98082418e-03,-7.31084448e-03,-8.89102320e-03,-1.24896766e-02,-1.79931591e-02,-2.49939458e-02,-2.91846356e-02,-3.26513912e-02,-3.33357699e-02,-3.20624167e-02,-2.88859681e-02,-2.61865374e-02,-2.36041870e-02,-2.27455011e-02,-2.03026477e-02,-1.69442878e-02,-1.52304380e-02,-1.31851981e-02,-1.00425051e-02,-7.53982374e-03,-5.28888254e-03,-4.61065176e-03,-1.24113451e-03,2.50897213e-03,6.83138950e-03,1.11696411e-02,1.54849603e-02,2.14826091e-02,2.69254156e-02,3.06573687e-02,3.05798601e-02,2.96051388e-02,3.21494434e-02,3.45620653e-02,3.79404897e-02,4.04632542e-02,4.32204065e-02,4.53222099e-02,4.62870618e-02,4.63585448e-02,4.52673873e-02,4.40043259e-02,4.13272727e-02
2.65343649e-02,2.50064767e-02,2.13462229e-02,1.66328482e-02,1.15860201e-02,7.28719046e-03,2.73430510e-03,-1.84974761e-03,-4.28651457e-03,-5.74171943e-03,-8.53108914e-03,-9.95732065e-03,-1.08132410e-02,-1.21742039e-02,-1.22400388e-02,-9.30218244e-03,-6.59942269e-03,-3.59795557e-03,-1.35968060e-03,9.86389798e-05,1.68514148e-03,5.03165991e-03,7.86038932e-03,1.16749043e-02,1.42933571e-02,1.54585151e-02,1.80540457e-02,2.18137727e-02,2.15654937e-02,2.07888001e-02,1.91884619e-02,1.64705643e-02,1.27058572e-02,7.73119414e-03,1.42836319e-03,-1.92950819e-03,-2.13383316e-03,-1.06978211e-03,2.61823703e-03,8.19109495e-03,1.50778019e-02,2.07590851e-02,2.53597496e-02,2.77554101e-02,2.90094290e-02,2.91852272e-02,2.80546988e-02,2.78065258e-02,2.68699471e-02,2.49332982e-02,2.45779061e-02,2.44185138e-02,2.45402312e-02,2.45256364e-02,2.38501056e-02,2.43491253e-02,2.50740842e-02,2.63264863e-02,2.76763979e-02,2.97202498e-02,3.27062455e-02,3.35118216e-02,3.16659694e-02,2.88679891e-02
-2.96367366e-03,-5.07961423e-03,-6.63951086e-03,-9.42784698e-03,-1.52926107e-02,-2.04839992e-02,-2.20903545e-02,-2.41998830e-02,-2.50081324e-02,-2.73574469e-02,-3.11303178e-02,-3.66512374e-02,-4.08225001e-02,-4.21647276e-02,-4.09271688e-02,-4.06991701e-02,-4.20702105e-02,-4.21962133e-02,-4.38606773e-02,-4.40208376e-02,-4.29071805e-02,-4.08654043e-02,-3.80656236e-02,-3.67677903e-02,-3.66900353e-02,-3.56767049e-02,-3.19736211e-02,-2.80883504e-02,-2.52397505e-02,-2.23291565e-02,-2.05580812e-02,-1.72039953e-02,-1.21449429e-02,-7.36743592e-03,-3.55405957e-03,-1.93105573e-03,-1.80043446e-03,-2.95810182e-03,-4.22668219e-03,-4.87389286e-03,-3.66836502e-03,-1.38542283e-03,3.56760727e-05,-1.44496760e-03,-1.40258277e-03,-1.45357889e-03,-1.88334977e-03,-2.29990759e-03,-3.61386512e-03,-4.82603699e-03,-5.95888956e-03,-7.40878814e-03,-7.77550766e-03,-9.00396104e-03,-1.13208165e-02,-1.06555987e-02,-7.48982882e-03,-4.15776352e-03,-1.78395395e-03,8.43307791e-04,2.18891505e-03,1.20633884e-03,-7.70790180e-04,-1.60193099e-03
1.25492718e-02,1.02672946e-02,9.27100632e-03,8.69368813e-03,7.98229352e-03,8.48621127e-03,1.26582424e-02,1.56941608e-02,1.52034402e-02,1.50421275e-02,1.37111155e-02,1.34444869e-02,1.08240865e-02,8.78625127e-03,6.66647774e-03,4.53414007e-03,2.51806821e-03,2.25821262e-03,-3.72951339e-04,-2.39560261e-03,-5.23814305e-03,-1.11452530e-02,-1.90681790e-02,-2.66992132e-02,-3.30338308e-02,-3.71379870e-02,-3.80460491e-02,-3.88098544e-02,-4.14902223e-02,-4.42487818e-02,-4.36419065e-02,-4.33305178e-02,-4.30782236e-02,-3.97342587e-02,-3.61097908e-02,-3.24865184e-02,-2.73057625e-02,-2.28609184e-02,-1.74952333e-02,-1.18694217e-02,-7.31783461e-03,-1.33763114e-03,4.89477761e-03,1.15508330e-02,1.71229817e-02,2.20836439e-02,2.57263254e-02,2.63920408e-02,2.48263642e-02,2.24706970e-02,2.24966789e-02,2.37530902e-02,2.49251045e-02,2.55403111e-02,2.79931657e-02,3.11284023e-02,3.38683858e-02,3.41642573e-02,3.28761486e-02,3.03372316e-02,2.59190306e-02,2.16732518e-02,1.66967174e-02,1.39160952e-02
2.40767297e-02,2.60818683e-02,2.80571584e-02,2.95670005e-02,3.03476598e-02,3.06880457e-02,2.99693837e-02,2.81022902e-02,2.51289541e-02,2.24499454e-02,1.97034238e-02,1.79486381e-02,1.58297943e-02,1.34855552e-02,9.90503805e-03,5.15055395e-03,1.09180663e-03,-2.60923378e-03,-8.05302817e-03,-1.11865502e-02,-1.37378085e-02,-1.57462581e-02,-1.67367994e-02,-1.64489959e-02,-1.65262412e-02,-1.73439177e-02,-1.80341085e-02,-1.61728391e-02,-1.43388948e-02,-1.35800826e-02,-1.45467766e-02,-1.47945930e-02,-1.51817782e-02,-1.73737831e-02,-2.09041931e-02,-2.45363671e-02,-2.65116806e-02,-2.69682010e-02,-2.67405500e-02,-2.55601369e-02,-2.45925465e-02,-2.32614854e-02,-2.06142260e-02,-1.59616749e-02,-1.11053950e-02,-8.02148053e-03,-6.85380564e-03,-8.19647298e-03,-1.22994025e-02,-1.46430960e-02,-1.69391393e-02,-1.75792523e-02,-1.60479913e-02,-1.31404942e-02,-8.00341939e-03,-1.44362936e-03,4.97589279e-03,9.81694485e-03,1.17716924e-02,1.24577480e-02,1.34408586e-02,1.40093176e-02,1.70422089e-02,2.05324544e-02
2.06479022e-02,1.70100651e-02,1.23910132e-02,6.43937871e-03,1.83206377e-03,-3.18103127e-03,-7.28961125e-03,-9.53998818e-03,-1.23455572e-02,-1.43268386e-02,-1.83988729e-02,-1.92247039e-02,-2.01188935e-02,-1.90313578e-02,-1.61918912e-02,-1.20304895e-02,-9.13781189e-03,-6.97050710e-03,-3.22966159e-03,-8.93671935e-04,-1.87376567e-03,-3.30635695e-03,-3.11121271e-03,-2.24690334e-03,-2.91405409e-06,1.34431312e-03,8.86488286e-04,-1.19278853e-03,-2.29843218e-03,-3.11846810e-03,-3.33628635e-03,-2.18992606e-03,7.21673018e-04,2.90987790e-03,5.80077488e-03,8.45041687e-03,9.21551766e-03,1.15187914e-02,1.57642879e-02,2.15802508e-02,2.81167647e-02,3.25480594e-02,3.48690380e-02,3.78447317e-02,4.20278010e-02,4.76034187e-02,5.22585043e-02,5.42558594e-02,5.38541265e-02,5.32291994e-02,5.38365807e-02,5.53633107e-02,5.32134629e-02,4.90336580e-02,4.59809798e-02,4.49278724e-02,4.15475161e-02,3.88852346e-02,3.80107706e-02,3.69372137e-02,3.49736525e-02,3.26684176e-02,2.86455493e-02,2.40738998e-02
-2.30332940e-02,-2.38609730e-02,-2.43396178e-02,-2.29133706e-02,-2.28017007e-02,-2.29480249e-02,-2.33122046e-02,-2.20328545e-02,-1.95143242e-02,-1.70894188e-02,-1.83240892e-02,-2.05749311e-02,-2.06792966e-02,-2.07936981e-02,-1.97935080e-02,-1.87642554e-02,-1.73193383e-02,-1.54103715e-02,-1.25037122e-02,-9.54757576e-03,-7.67767878e-03,-5.84912653e-03,-5.20961006e-03,-2.96362968e-03,1.52069933e-03,4.41794668e-03,5.73417296e-03,7.02325525e-03,7.61476220e-03,7.60026068e-03,9.58761901e-03,1.44872299e-02,2.06824096e-02,2.67006398e-02,3.12914922e-02,3.52719233e-02,3.84818905e-02,3.95323259e-02,3.60809965e-02,3.05689505e-02,2.53608276e-02,2.20462728e-02,1.77232130e-02,1.21368265e-02,6.70995878e-03,-2.92123394e-04,-3.05721700e-03,-5.35634097e-03,-3.72075007e-03,-2.25224835e-03,-7.21006935e-04,2.61758141e-05,-1.42488142e-04,-1.70202885e-03,-1.13817829e-03,-6.42583466e-05,9.13529497e-05,-8.01347297e-04,-2.89197260e-03,-5.34146656e-03,-9.48228086e-03,-1.34628377e-02,-1.70710564e-02,-2.03359900e-02
2.81455524e-02,2.01832402e-02,1.40945675e-02,9.42955491e-03,6.39218428e-03,2.18251815e-03,-9.25231593e-04,-5.50033945e-04,-2.07133464e-03,-4.67221558e-03,-7.33863977e-03,-1.01000060e-02,-1.15436692e-02,-1.15257742e-02,-9.83185906e-03,-6.93263717e-03,-4.52439599e-03,-2.17722647e-03,5.21500632e-04,3.57644597e-03,6.81351759e-03,5.95249480e-03,7.58432893e-04,-3.76047105e-03,-1.07951824e-02,-1.74813339e-02,-2.32807492e-02,-2.86200572e-02,-3.00314457e-02,-2.99111681e-02,-3.04506744e-02,-3.33696212e-02,-3.58768178e-02,-3.88964232e-02,-4.03501865e-02,-4.01890610e-02,-3.91045212e-02,-3.72360642e-02,-3.66691102e-02,-3.51595062e-02,-3.27761233e-02,-2.97468237e-02,-2.51239278e-02,-1.94797719e-02,-1.71252890e-02,-1.40883481e-02,-1.24818077e-02,-1.12530217e-02,-1.06230646e-02,-9.22267345e-03,-8.29611436e-03,-5.85424538e-03,-3.95096644e-03,4.93094415e-04,6.88804732e-03,1.05590592e-02,1.26303794e-02,1.42373944e-02,1.83868947e-02,2.35149631e-02,2.94537944e-02,3.28952921e-02,3.39289310e-02,3.34382157e-02
2.63105115e-02,2.35149639e-02,2.22187580e-02,2.25283002e-02,2.36127494e-02,2.33872029e-02,2.28225814e-02,2.22707043e-02,1.98824783e-02,1.67937001e-02,1.26172697e-02,1.05658518e-02,9.31099240e-03,8.35052429e-03,8.03932011e-03,7.74811926e-03,8.09749408e-03,8.29927126e-03,9.25668057e-03,7.90344757e-03,3.94711276e-03,6.31130968e-04,-4.08091198e-03,-1.00927850e-02,-1.29246549e-02,-1.41682985e-02,-1.68393144e-02,-1.90808419e-02,-2.02830886e-02,-2.09910180e-02,-2.06843012e-02,-2.18106998e-02,-2.26557735e-02,-2.22081362e-02,-2.21039559e-02,-2.02353013e-02,-1.84000416e-02,-1.64311607e-02,-1.38356984e-02,-1.29869147e-02,-1.35595696e-02,-1.27652998e-02,-1.25241085e-02,-1.42538461e-02,-1.55043581e-02,-1.20813729e-02,-7.35881809e-03,-3.42204728e-03,-2.70734875e-03,-3.17168936e-03,-3.83905750e-03,-5.62247144e-03,-8.30231278e-03,-9.95918784e-03,-9.74159474e-03,-8.55621978e-03,-5.52729979e-03,9.44557229e-04,7.68870305e-03,1.38368042e-02,1.80256773e-02,2.20642813e-02,2.47005690e-02,2.71970313e-02
-2.54328121e-02,-2.68910335e-02,-2.58370830e-02,-2.51595517e-02,-2.46187152e-02,-2.26539792e-02,-2.10860467e-02,-1.92105249e-02,-1.50441124e-02,-1.03245175e-02,-6.53048595e-03,-2.23846896e-03,4.27696576e-06,1.64547762e-03,6.92899392e-03,1.15073423e-02,1.53736493e-02,1.87345412e-02,2.13839714e-02,2.36468351e-02,2.41707280e-02,2.21013700e-02,1.91868226e-02,1.59136563e-02,1.47835597e-02,1.16953117e-02,1.05157543e-02,1.13793123e-02,1.40765990e-02,1.56995889e-02,1.73127639e-02,1.94425601e-02,2.11534535e-02,1.94735867e-02,1.67540018e-02,1.48819422e-02,1.50544236e-02,1.54898386e-02,1.48770889e-02,1.18574657e-02,7.96171694e-03,4.31790692e-03,4.37242474e-04,-2.98858994e-03,-5.62527328e-03,-6.51272159e-03,-6.34195341e-03,-5.09047591e-03,-2.62933507e-03,1.92671746e-03,4.28190306e-03,5.39913014e-03,4.57292429e-03,3.87066772e-03,1.34042846e-03,9.29513074e-04,-7.24272497e-04,-3.21829209e-03,-6.08757802e-03,-8.52770193e-03,-1.14286042e-02,-1.43744501e-02,-1.76471761e-02,-2.17365732e-02
-4.98563574e-02,-5.35050367e-02,-5.44875574e-02,-5.28930811e-02,-5.04058126e-02,-4.91383796e-02,-4.87607451e-02,-4.84894173e-02,-4.70437925e-02,-4.50217109e-02,-4.02988401e-02,-3.30179945e-02,-2.65039908e-02,-1.94646583e-02,-1.38917228e-02,-8.90357275e-03,-1.95298857e-03,8.35990788e-05,2.76074938e-03,7.29062376e-03,7.50661321e-03,6.83407152e-03,4.94427714e-03,3.43043169e-03,1.85866038e-03,1.45765594e-03,3.74863371e-03,3.61841666e-03,4.43986679e-03,5.10417804e-03,6.51540246e-03,8.17477538e-03,8.42976386e-03,6.77298044e-03,6.05653168e-03,5.08219100e-03,5.54286555e-03,4.28210049e-03,1.89105841e-03,-3.79258165e-04,-2.22825369e-03,-4.86437243e-03,-8.07103266e-03,-1.03196253e-02,-1.35517204e-02,-1.67328805e-02,-1.84652886e-02,-1.76284589e-02,-1.67257260e-02,-1.69630579e-02,-1.68073547e-02,-1.65774153e-02,-1.84863572e-02,-2.24015317e-02,-2.55384285e-02,-2.84205574e-02,-3.04125871e-02,-3.16792188e-02,-3.28920789e-02,-3.55715813e-02,-3.78297510e-02,-3.93005528e-02,-4.21884020e-02,-4.63464381e-02
-1.91059895e-02,-2.25500829e-02,-2.65289393e-02,-2.95497745e-02,-2.89996130e-02,-2.85746055e-02,-2.81225228e-02,-2.93916923e-02,-2.93959562e-02,-2.85468356e-02,-2.71864108e-02,-2.62152994e-02,-2.52584060e-02,-2.26589330e-02,-1.85223474e-02,-1.38455449e-02,-9.76701549e-03,-5.92222841e-03,-1.25684501e-03,3.47786431e-03,7.00185512e-03,9.13767470e-03,9.48440737e-03,9.59151718e-03,1.00773497e-02,1.08806508e-02,1.17627435e-02,1.16652290e-02,1.14520090e-02,1.01021227e-02,7.05611319e-03,4.18397535e-03,1.40421994e-03,-2.22418777e-03,-2.91444127e-03,-1.53069464e-03,-6.52389861e-04,9.14540179e-04,1.95142550e-03,2.19458845e-03,-2.39442026e-05,-2.68011322e-03,-4.50276180e-03,-4.56575613e-03,-4.87719562e-03,-6.41184109e-03,-8.53881603e-03,-6.83251200e-03,-2.22098969e-03,6.56241364e-04,3.77725484e-03,6.65879699e-03,6.67271339e-03,6.47337579e-03,6.06656672e-03,6.58800212e-03,5.70870100e-03,4.50702304e-03,2.25521266e-03,-7.34913370e-04,-3.79949520e-03,-6.44353180e-03,-9.48034731e-03,-1.43573623e-02
5.70590723e-03,7.25604275e-03,9.74571476e-03,1.41419441e-02,1.87871565e-02,2.22094266e-02,2.55112899e-02,2.67053642e-02,2.60189322e-02,2.45360388e-02,2.31838855e-02,2.27496069e-02,2.03249542e-02,1.72756588e-02,1.74758726e-02,1.67233921e-02,1.49652708e-02,1.18174576e-02,1.01439224e-02,7.29244851e-03,5.26043216e-03,7.39336547e-04,-5.27860092e-03,-9.98876236e-03,-1.29633864e-02,-1.29078265e-02,-1.07072039e-02,-9.07174945e-03,-7.64895516e-03,-6.46247421e-03,-5.29126480e-03,-4.66362794e-03,-2.85292063e-03,-5.50868834e-04,8.00596226e-04,1.63478274e-03,7.66745527e-04,-1.78864330e-04,-2.14098019e-03,-3.58282826e-03,-3.73272390e-03,-1.68052037e-03,2.98169120e-03,8.62587349e-03,1.36575356e-02,1.38344640e-02,1.04745097e-02,6.25421783e-03,4.30792855e-03,2.51449092e-03,2.69216886e-03,2.61591125e-03,3.18526173e-03,4.02708357e-03,4.20391152e-03,5.12034288e-03,4.00963307e-03,3.37475242e-03,3.34366882e-03,4.05204758e-03,4.13055868e-03,4.95364372e-03,5.65710524e-03,5.08586962e-03
3.85526949e-03,1.73084697e-03,-1.41880552e-03,-4.57123876e-03,-3.43540583e-03,-4.57671447e-03,-8.01384838e-03,-1.08918101e-02,-1.38405121e-02,-1.86576249e-02,-2.11494460e-02,-2.32182535e-02,-2.37961086e-02,-2.37938907e-02,-2.29102478e-02,-2.15541761e-02,-1.84104666e-02,-1.37972418e-02,-9.92478936e-03,-7.64522411e-03,-5.08952444e-03,-2.93950244e-03,-6.94342811e-04,6.85077884e-04,2.03741637e-03,4.53568171e-03,8.64884491e-03,1.18218330e-02,1.37368382e-02,1.47691936e-02,1.40046500e-02,1.19099051e-02,1.09849314e-02,8.49194154e-03,4.77281006e-03,8.44597068e-05,-3.32616930e-03,-5.65926932e-03,-7.84884865e-03,-9.37156718e-03,-1.12123326e-02,-1.19574145e-02,-1.43580666e-02,-1.71142171e-02,-1.88463831e-02,-1.84075761e-02,-1.90194163e-02,-2.05814812e-02,-2.34538065e-02,-2.32663855e-02,-2.35654417e-02,-2.17594837e-02,-2.17518156e-02,-2.29607370e-02,-2.51458558e-02,-2.40645424e-02,-2.17592363e-02,-1.97776796e-02,-1.70820202e-02,-1.32963908e-02,-7.35075827e-03,-2.81282284e-03,3.49133718e-04,2.92845610e-03
7.20351637e-03,1.69270228e-03,-2.70668912e-03,-6.88341846e-03,-9.56408493e-03,-1.21973623e-02,-1.64090554e-02,-2.14425853e-02,-2.42900785e-02,-2.54308649e-02,-2.71486531e-02,-2.80145037e-02,-2.74001945e-02,-2.60158559e-02,-2.24832287e-02,-1.73797971e-02,-1.17473697e-02,-8.77528801e-03,-8.05389290e-03,-8.78478785e-03,-8.63606646e-03,-7.36104756e-03,-3.77841096e-03,-2.11616155e-03,1.07050605e-04,2.39036605e-03,5.18669608e-03,9.71443232e-03,1.30177905e-02,1.56575250e-02,1.67543676e-02,1.76707317e-02,1.83504129e-02,1.71269536e-02,1.36572352e-02,1.20047490e-02,1.21925579e-02,1.33580661e-02,1.44718954e-02,1.41229683e-02,1.32113030e-02,1.37512474e-02,1.45392929e-02,1.51858177e-02,1.68010340e-02,1.79708071e-02,1.83679971e-02,1.93248828e-02,2.12869398e-02,2.33101065e-02,2.75239043e-02,3.30085742e-02,3.78921782e-02,4.26773081e-02,4.66619716e-02,4.75367575e-02,4.82950961e-02,4.75976251e-02,4.52729596e-02,4.10374263e-02,3.64136525e-02,2.99618378e-02,2.32084855e-02,1.48830531e-02
-1.07265165e-02,-5.17530257e-03,-1.47971130e-03,1.65294003e-03,2.98107459e-03,3.80534921e-03,3.70617686e-03,3.49784763e-03,3.80654173e-03,4.06050579e-03,1.51751981e-03,7.57368944e-04,3.26924591e-05,-1.98312235e-03,-5.04098134e-03,-7.52722454e-03,-7.78602298e-03,-5.09753726e-03,-3.46158752e-03,-1.86718172e-03,2.52956872e-03,4.42504065e-03,5.17209963e-03,6.00255720e-03,7.26513076e-03,5.33937622e-03,4.26383004e-03,1.34979845e-03,1.32132313e-03,7.71762318e-04,-5.93666029e-05,8.29289471e-04,1.76055922e-03,1.84452955e-03,3.38287224e-03,5.25791985e-03,7.57119678e-03,9.61996165e-03,1.51272581e-02,2.02109464e-02,2.57477670e-02,2.83537011e-02,3.08572366e-02,2.94960132e-02,2.65660067e-02,2.24005911e-02,1.55715089e-02,9.33359599e-03,5.34692832e-03,1.11438779e-03,-2.89404751e-03,-7.50051862e-03,-1.20662542e-02,-1.60969461e-02,-1.92277587e-02,-2.21998427e-02,-2.42561605e-02,-2.47389810e-02,-2.45961106e-02,-2.49105155e-02,-2.37819046e-02,-2.15027676e-02,-2.02945094e-02,-1.60337356e-02
-3.09070851e-03,-3.13675231e-03,-4.92058981e-03,-5.76212922e-03,-7.72710270e-03,-9.93418246e-03,-1.07858749e-02,-1.20312711e-02,-1.19837938e-02,-1.14197796e-02,-9.81537632e-03,-8.14429889e-03,-5.65909682e-03,-3.25971809e-03,-8.10320251e-04,1.54379244e-03,4.14855166e-03,5.44260834e-03,4.30170406e-03,4.25290123e-03,2.87906469e-03,3.23281642e-03,2.99698833e-03,2.95379517e-03,1.03743682e-03,-2.22041855e-03,-7.73222067e-03,-1.44983701e-02,-2.10182900e-02,-2.68657322e-02,-3.26787136e-02,-3.86673301e-02,-4.46476303e-02,-4.89175283e-02,-5.19269469e-02,-5.23095793e-02,-5.03748153e-02,-4.66336340e-02,-4.24987015e-02,-3.96336854e-02,-3.75751798e-02,-3.61469963e-02,-3.61614483e-02,-3.66655668e-02,-3.61326927e-02,-3.57585099e-02,-3.35093255e-02,-3.20048617e-02,-3.09550928e-02,-2.94023516e-02,-2.86405221e-02,-2.78289586e-02,-2.60374217e-02,-2.49890496e-02,-2.39250123e-02,-2.32613119e-02,-2.24578252e-02,-2.14696274e-02,-1.97127519e-02,-1.78051840e-02,-1.39941952e-02,-1.14772138e-02,-8.41678833e-03,-5.81078948e-03
3.35262374e-03,8.24345929e-04,-2.99699172e-03,-4.94836141e-03,-5.76716658e-03,-6.33891850e-03,-6.20645567e-03,-5.31721556e-03,-2.16536456e-03,8.03972403e-04,4.30834031e-03,7.72222424e-03,9.26426726e-03,9.45224448e-03,7.97184097e-03,7.50800889e-03,8.99421202e-03,8.54304495e-03,7.17270433e-03,5.95923643e-03,4.91483084e-03,1.83174218e-03,-2.20174224e-03,-6.40959215e-03,-7.80329798e-03,-8.51856031e-03,-8.76321650e-03,-9.25784717e-03,-9.37572255e-03,-7.63748936e-03,-1.41377941e-03,4.23033033e-03,7.36827572e-03,8.32705965e-03,9.13546380e-03,9.59147920e-03,1.08122148e-02,1.34684594e-02,1.87551178e-02,2.13022379e-02,2.02971015e-02,2.01101462e-02,2.09711444e-02,2.15855117e-02,1.98929193e-02,1.69872227e-02,1.60844251e-02,1.55592845e-02,1.61392550e-02,1.71406114e-02,1.68011404e-02,1.68407958e-02,1.81215749e-02,1.74572448e-02,1.69105634e-02,1.55466821e-02,1.43842940e-02,1.43778922e-02,1.26197207e-02,9.29247828e-03,7.66128525e-03,7.79780241e-03,6.24214968e-03,5.19817818e-03
-8.33809702e-03,-1.20404770e-02,-1.49362329e-02,-1.70518312e-02,-2.04538547e-02,-2.58365352e-02,-2.89402439e-02,-3.36193245e-02,-3.80552578e-02,-4.18396116e-02,-4.40530236e-02,-4.50640625e-02,-4.43042150e-02,-4.36488927e-02,-4.30107902e-02,-4.17177649e-02,-4.32034895e-02,-4.54676468e-02,-4.74169140e-02,-4.80273946e-02,-4.91862603e-02,-5.09701354e-02,-5.30936016e-02,-5.56432035e-02,-5.72961314e-02,-5.75759901e-02,-5.85012223e-02,-5.74662698e-02,-5.61921145e-02,-5.41541387e-02,-5.02630030e-02,-4.74761639e-02,-4.51467087e-02,-4.05334033e-02,-3.78722922e-02,-3.54126376e-02,-3.44063923e-02,-3.33755273e-02,-3.18197249e-02,-3.14141572e-02,-3.06996945e-02,-2.95637556e-02,-2.76820383e-02,-2.48650979e-02,-2.09824429e-02,-1.78780949e-02,-1.31835521e-02,-7.06995365e-03,-1.05202303e-03,3.94686459e-03,6.62352522e-03,7.78337649e-03,6.99574661e-03,6.15197649e-03,6.07321074e-03,6.53397867e-03,9.59386459e-03,1.11774781e-02,8.18894359e-03,2.96683260e-03,4.55259142e-04,-2.52258233e-03,-5.29091102e-03,-7.23889546e-03
3.77713762e-02,3.67863992e-02,3.51224929e-02,3.40042279e-02,3.12250306e-02,2.94485472e-02,2.59257844e-02,2.33444724e-02,1.79402220e-02,1.15884756e-02,6.19513429e-03,8.13466053e-04,-3.11118703e-03,-8.29259182e-03,-1.26584156e-02,-1.50959646e-02,-1.44228228e-02,-1.46895172e-02,-1.49491811e-02,-1.49840619e-02,-1.61256581e-02,-1.77677614e-02,-1.72976310e-02,-1.69871356e-02,-1.69254526e-02,-1.56031972e-02,-1.67159493e-02,-1.73488347e-02,-1.62353210e-02,-1.51196264e-02,-1.54087365e-02,-1.56244940e-02,-1.65551655e-02,-1.68337305e-02,-1.66363170e-02,-1.76137501e-02,-2.14114973e-02,-2.47589367e-02,-2.77661334e-02,-2.91622057e-02,-3.04211386e-02,-3.05855285e-02,-3.16838902e-02,-3.05830791e-02,-2.68563916e-02,-2.46741893e-02,-2.04516138e-02,-1.41726443e-02,-7.37447629e-03,-1.76360724e-04,5.18067483e-03,9.51647346e-03,1.41932635e-02,1.66941555e-02,1.97192225e-02,2.16905293e-02,2.43676125e-02,2.80537839e-02,3.14991811e-02,3.39566610e-02,3.50427226e-02,3.62882955e-02,3.60116608e-02,3.66976073e-02
6.49176172e-03,1.53937076e-02,2.22694474e-02,2.53706155e-02,2.84379676e-02,3.19483633e-02,3.66459469e-02,4.17424375e-02,4.83529941e-02,5.40560307e-02,5.84024499e-02,6.32471682e-02,6.57532684e-02,6.65820755e-02,6.56039827e-02,6.28384082e-02,6.06168063e-02,5.79240240e-02,5.44384091e-02,4.96574972e-02,4.57688987e-02,4.54531302e-02,4.76970056e-02,4.76075733e-02,4.60960777e-02,4.44030139e-02,4.41971793e-02,4.23483030e-02,4.13083373e-02,4.15063424e-02,3.95239736e-02,3.90286569e-02,3.82617774e-02,3.64920529e-02,3.44175611e-02,3.13706873e-02,3.12242799e-02,3.04094171e-02,3.05954127e-02,2.98015033e-02,2.88719040e-02,2.87537078e-02,2.58713718e-02,2.42447987e-02,2.28080207e-02,2.21438792e-02,2.02904989e-02,1.93426417e-02,2.05221720e-02,1.94286190e-02,1.75555669e-02,1.28508117e-02,7.74529781e-03,4.13909047e-03,1.25153645e-04,-3.83408236e-03,-9.50484068e-03,-1.30026016e-02,-1.52137025e-02,-1.57259439e-02,-1.39119270e-02,-1.15354951e-02,-7.14114128e-03,-1.22196794e-03
-3.15695746e-02,-2.85729122e-02,-2.56794320e-02,-2.51108698e-02,-2.34704217e-02,-2.09948957e-02,-1.95069350e-02,-1.61095965e-02,-1.44926690e-02,-1.54822342e-02,-1.78048581e-02,-1.90763247e-02,-1.65655710e-02,-1.37409670e-02,-1.28535645e-02,-1.37350555e-02,-1.39081950e-02,-1.23462235e-02,-9.48235951e-03,-6.03416958e-03,-3.29005338e-03,-3.21662470e-03,-2.09283988e-03,-3.81999972e-03,-6.80435465e-03,-9.22369481e-03,-1.38404794e-02,-1.58372106e-02,-1.49581453e-02,-1.59503479e-02,-1.91751436e-02,-1.94928147e-02,-1.96287906e-02,-2.00962223e-02,-2.11790713e-02,-2.33126220e-02,-2.48728053e-02,-2.69173205e-02,-3.19837287e-02,-3.49507789e-02,-3.54959780e-02,-3.52151384e-02,-3.60589386e-02,-3.59376054e-02,-3.78557939e-02,-3.83489060e-02,-4.07921250e-02,-4.30677549e-02,-4.48415526e-02,-4.68187208e-02,-4.79772019e-02,-4.69963053e-02,-4.56626113e-02,-4.33153881e-02,-4.13461381e-02,-3.87466195e-02,-3.61907799e-02,-3.44692447e-02,-3.26427886e-02,-3.27555856e-02,-3.26278370e-02,-3.22049183e-02,-3.24502998e-02,-3.29396381e-02
-4.44951010e-02,-4.33984788e-02,-4.34621637e-02,-4.17578097e-02,-3.90894789e-02,-3.68829282e-02,-3.67096137e-02,-3.50513005e-02,-3.45468951e-02,-3.42535754e-02,-3.47847308e-02,-3.51312214e-02,-3.56345762e-02,-3.48571902e-02,-3.24927438e-02,-3.00351875e-02,-3.01771713e-02,-2.73225631e-02,-2.50571875e-02,-2.30824009e-02,-2.05924723e-02,-1.94284909e-02,-1.73383531e-02,-1.64753029e-02,-1.74117582e-02,-1.91558795e-02,-2.09327514e-02,-2.03163183e-02,-1.87246411e-02,-1.62841571e-02,-1.34328971e-02,-1.11938201e-02,-9.12141764e-03,-7.95759765e-03,-5.44463596e-03,-4.33787649e-03,-3.11965330e-03,-3.25347009e-03,-5.11448339e-03,-6.87156619e-03,-8.59784205e-03,-1.07234276e-02,-1.42322206e-02,-1.89582399e-02,-2.37262544e-02,-2.77694512e-02,-3.18890275e-02,-3.48076238e-02,-3.63465881e-02,-3.63631317e-02,-3.82346620e-02,-4.10265884e-02,-4.40327221e-02,-4.57811883e-02,-4.63595407e-02,-4.49663600e-02,-4.42285263e-02,-4.41140539e-02,-4.31483410e-02,-4.35006471e-02,-4.52425408e-02,-4.73043138e-02,-4.67567222e-02,-4.57317616e-02
6.01630538e-03,5.31833414e-03,4.04149138e-03,3.54052895e-03,6.26464980e-03,9.13299226e-03,1.29835756e-02,1.66332123e-02,2.23214157e-02,2.94949571e-02,3.45809732e-02,3.45508222e-02,2.91975108e-02,2.25394512e-02,1.67473973e-02,1.37209982e-02,1.16687801e-02,9.83444360e-03,8.94186292e-03,7.68436347e-03,6.39147743e-03,4.42914786e-03,1.65875905e-03,-2.45074183e-03,-5.18434657e-03,-6.85694131e-03,-7.93920169e-03,-8.44879021e-03,-9.87430453e-03,-1.13897088e-02,-1.40726535e-02,-1.71874601e-02,-2.09305105e-02,-2.41678369e-02,-2.56193656e-02,-2.46147570e-02,-2.29028240e-02,-2.26318362e-02,-2.18576992e-02,-2.15682893e-02,-2.19469760e-02,-2.17654934e-02,-2.32240784e-02,-2.30056010e-02,-2.43243553e-02,-2.37857675e-02,-2.28036867e-02,-2.14553558e-02,-1.80522240e-02,-1.40624305e-02,-8.73948946e-03,-4.83909264e-03,5.37621161e-04,3.11141536e-03,2.60091367e-03,2.25407976e-06,-4.09214054e-03,-5.53467539e-03,-6.45781299e-03,-4.58654957e-03,-1.89258790e-03,1.42983802e-03,3.78686938e-03,4.36335661e-03
-6.33603479e-04,2.72059977e-03,4.13152822e-03,3.02920305e-03,2.73153957e-03,2.23458015e-04,-7.09481945e-04,-1.21305366e-03,-1.08160082e-03,7.63011336e-04,1.17387891e-03,-6.66350741e-04,-1.45802793e-03,-5.27788251e-03,-7.98198926e-03,-8.77002620e-03,-7.88632306e-03,-7.12981505e-03,-9.20959385e-03,-1.13925216e-02,-1.33609076e-02,-1.26946657e-02,-1.11327486e-02,-1.01302474e-02,-7.78557435e-03,-3.88960850e-03,-2.84740019e-03,-3.37274921e-03,-3.99493462e-03,-7.44793392e-03,-1.30991391e-02,-1.78341687e-02,-2.10572472e-02,-2.26752235e-02,-2.69482068e-02,-3.15788827e-02,-3.45288432e-02,-3.59231320e-02,-3.60644975e-02,-3.79072578e-02,-4.01899720e-02,-4.06740210e-02,-4.07521714e-02,-4.16200355e-02,-4.13796595e-02,-4.08583937e-02,-4.16423055e-02,-4.15564870e-02,-4.15905670e-02,-4.34972229e-02,-4.68551555e-02,-4.95852537e-02,-5.04408976e-02,-4.93374705e-02,-4.77509951e-02,-4.62657084e-02,-4.33015681e-02,-4.00087045e-02,-3.62117190e-02,-3.15860222e-02,-2.58548862e-02,-1.85073221e-02,-1.13357620e-02,-5.71073476e-03
5.23924272e-02,4.85465816e-02,4.49810790e-02,4.20239634e-02,3.96325920e-02,3.89106458e-02,3.91197472e-02,4.05927434e-02,4.14863516e-02,4.04424557e-02,3.78120364e-02,3.42687442e-02,3.12075160e-02,3.00023458e-02,2.91941265e-02,2.91395975e-02,2.89915114e-02,2.57128363e-02,2.12202971e-02,1.80353654e-02,1.68469501e-02,1.70358373e-02,1.75011793e-02,1.84096120e-02,2.02584892e-02,1.92263129e-02,1.86615129e-02,1.89067042e-02,1.80109144e-02,1.60843710e-02,1.39090865e-02,1.30365206e-02,1.45223785e-02,1.88979456e-02,2.39267737e-02,3.00977328e-02,3.62701856e-02,4.26438478e-02,4.59311650e-02,4.76911943e-02,4.89602888e-02,5.07047738e-02,5.35167059e-02,5.82499532e-02,6.29017173e-02,6.55341863e-02,6.57422830e-02,6.43696718e-02,6.39973514e-02,6.54600495e-02,6.87297842e-02,7.05217686e-02,7.13532315e-02,7.30434106e-02,7.21845879e-02,7.02903352e-02,6.80393714e-02,6.69709914e-02,6.53622969e-02,6.40802220e-02,6.41571279e-02,6.22119279e-02,6.01714637e-02,5.65492575e-02
-1.33784387e-02,-1.12054644e-02,-1.19930557e-02,-1.42984516e-02,-1.41748845e-02,-1.23880063e-02,-1.08325755e-02,-1.02296791e-02,-9.47050698e-03,-8.07283672e-03,-7.54866630e-03,-7.16120406e-03,-8.41772869e-03,-1.01267602e-02,-1.16292078e-02,-1.49150200e-02,-1.73505753e-02,-1.86712690e-02,-1.97206400e-02,-1.98667216e-02,-1.96730219e-02,-1.90568889e-02,-1.82729107e-02,-1.78444777e-02,-1.64999894e-02,-1.22794273e-02,-6.96934233e-03,-1.36226550e-03,3.29902219e-03,8.07964642e-03,1.08145484e-02,1.17981387e-02,1.29687667e-02,1.53664145e-02,1.78442997e-02,1.82189366e-02,1.63907582e-02,1.55959872e-02,1.45245854e-02,1.07754158e-02,7.27368932e-03,4.35587984e-03,2.20043729e-03,-1.14938031e-03,-5.06171735e-03,-7.34206764e-03,-7.88304320e-03,-7.46105724e-03,-7.24318248e-03,-7.54875216e-03,-6.05488219e-03,-2.66524131e-03,-2.78733519e-03,-4.98545552e-03,-6.54887601e-03,-9.70667128e-03,-1.35899348e-02,-1.67305585e-02,-1.89762424e-02,-2.04580915e-02,-2.18198494e-02,-2.26596757e-02,-2.07894353e-02,-1.72809470e-02
-5.34190661e-03,-7.49120397e-03,-1.03814485e-02,-9.88887131e-03,-8.83376430e-03,-8.53558895e-03,-8.73155200e-03,-1.01458631e-02,-1.35426125e-02,-1.68619229e-02,-1.99482812e-02,-2.14003555e-02,-2.25295789e-02,-2.18801968e-02,-1.98819492e-02,-1.50723601e-02,-9.41988699e-03,-5.57293729e-03,-3.51115258e-03,-3.84617814e-03,-3.17853357e-03,-3.48316439e-03,-4.52032333e-03,-5.75802002e-03,-5.23635067e-03,-2.55198972e-03,-8.33184205e-04,2.10836036e-03,5.35027165e-03,9.99451294e-03,1.38007719e-02,1.86242995e-02,2.23809532e-02,2.46227033e-02,2.37106737e-02,2.08579345e-02,1.71013282e-02,1.10564104e-02,5.09014267e-03,-9.37748343e-04,-7.54463976e-03,-1.51716579e-02,-2.38443119e-02,-2.90343675e-02,-3.26987689e-02,-3.36158490e-02,-3.17131124e-02,-2.98123888e-02,-2.69823282e-02,-2.44907169e-02,-2.22676180e-02,-1.99287703e-02,-1.54750274e-02,-1.23658113e-02,-1.30454159e-02,-1.41578874e-02,-1.31993180e-02,-1.19562948e-02,-9.57962533e-03,-5.26638366e-03,-1.99936102e-03,-1.27690534e-04,-1.04965193e-05,-2.46667833e-03
-4.59248135e-02,-4.77510247e-02,-4.93933425e-02,-5.24484355e-02,-5.42075258e-02,-5.48902255e-02,-5.68972062e-02,-5.64086750e-02,-5.45676087e-02,-5.07490182e-02,-4.40714325e-02,-3.77239267e-02,-3.14168824e-02,-2.73005209e-02,-2.33240473e-02,-1.85796294e-02,-1.37972972e-02,-1.05621201e-02,-8.47789598e-03,-8.22704744e-03,-5.17534076e-03,-2.76217753e-03,-3.78657341e-03,-5.50067400e-03,-6.96714010e-03,-9.42245490e-03,-1.09365105e-02,-1.20150381e-02,-1.10584903e-02,-8.52187961e-03,-5.54533112e-03,-3.32143308e-03,-9.63711104e-04,6.92618305e-04,1.56666038e-03,7.92471525e-04,-2.15656934e-03,-3.61952817e-03,-5.03091209e-03,-5.69424570e-03,-7.38245360e-03,-1.11493862e-02,-1.59262136e-02,-1.97735088e-02,-2.34286087e-02,-2.82103315e-02,-3.22487272e-02,-3.61294154e-02,-3.92897902e-02,-4.37414329e-02,-4.68185899e-02,-4.92764291e-02,-5.02579540e-02,-4.96526218e-02,-4.83616089e-02,-4.81725580e-02,-4.80315732e-02,-4.76547163e-02,-4.90493691e-02,-4.92298513e-02,-4.69960098e-02,-4.64319232e-02,-4.62317181e-02,-4.54223362e-02
2.17794724e-03,-3.48184106e-04,-3.81403036e-03,-7.23756784e-03,-9.89222580e-03,-1.16678074e-02,-1.19091397e-02,-1.15362415e-02,-1.14476129e-02,-1.23023805e-02,-1.38525024e-02,-1.69345806e-02,-1.92757749e-02,-2.13147150e-02,-2.28521636e-02,-2.40951649e-02,-2.32636059e-02,-2.30077242e-02,-2.22058987e-02,-1.90491051e-02,-1.47094824e-02,-9.51147523e-03,-3.56531722e-03,1.71451872e-03,5.69890990e-03,6.90528273e-03,4.80794348e-03,1.53493789e-03,-6.33857880e-04,2.13974074e-04,2.52997983e-03,3.23428954e-03,2.98291680e-03,1.34230201e-03,-4.49286909e-04,-7.04516525e-04,-2.45466973e-03,-1.38680558e-03,2.71098578e-04,4.11030798e-03,8.05130687e-03,1.24162379e-02,1.76485569e-02,2.09792222e-02,2.23518088e-02,2.29138153e-02,2.23094646e-02,2.31368721e-02,2.53244283e-02,3.01998602e-02,3.33266283e-02,3.34881369e-02,3.05931001e-02,2.85299399e-02,2.48999609e-02,2.19276364e-02,1.88011635e-02,1.71483600e-02,1.55537177e-02,1.34472221e-02,1.01781020e-02,7.97274218e-03,4.77634519e-03,3.41979590e-03
1.91453014e-02,1.80418996e-02,1.75668996e-02,1.70189265e-02,1.56690174e-02,1.23511676e-02,9.51840221e-03,8.60907783e-03,9.52793287e-03,1.34126467e-02,1.83642372e-02,2.18820914e-02,2.40420204e-02,2.40304062e-02,2.09823190e-02,1.85379747e-02,1.87663896e-02,1.83279662e-02,1.86410928e-02,1.98314253e-02,1.74205910e-02,1.55458143e-02,1.66816776e-02,1.66029219e-02,1.70140999e-02,1.58262556e-02,1.50828877e-02,1.64947001e-02,1.57546998e-02,1.63125990e-02,1.89972632e-02,1.94735006e-02,2.00584067e-02,1.99624189e-02,1.93132246e-02,1.88316803e-02,1.86387017e-02,1.79385271e-02,1.52947476e-02,1.20299001e-02,8.71426231e-03,6.37501860e-03,3.75194450e-03,1.13806539e-03,9.34428090e-04,3.60722699e-04,-1.29335648e-03,-2.35475916e-03,-2.18981374e-03,-8.14836730e-04,2.63745641e-03,6.18638532e-03,1.03484451e-02,1.57760333e-02,1.91979724e-02,2.10428508e-02,2.36834379e-02,2.58008441e-02,2.84680454e-02,3.14229604e-02,3.16284765e-02,2.95107885e-02,2.41699007e-02,2.12188672e-02
4.59295828e-02,4.31947021e-02,4.18709739e-02,3.87452893e-02,3.54175860e-02,3.48420503e-02,3.48689190e-02,3.47263349e-02,3.41818953e-02,3.16960660e-02,3.13823490e-02,3.22008069e-02,3.19691499e-02,3.09606622e-02,2.98355641e-02,2.73425294e-02,2.39322957e-02,1.96029381e-02,1.72572826e-02,1.35738334e-02,1.06290060e-02,1.07453224e-02,1.28321079e-02,1.37611536e-02,1.63159992e-02,1.90365390e-02,2.12538929e-02,2.36625083e-02,2.63535778e-02,2.90444818e-02,2.82129537e-02,2.64858956e-02,2.65792360e-02,2.75786491e-02,2.87846047e-02,3.00672080e-02,2.93416155e-02,2.70207680e-02,2.52201537e-02,2.73976039e-02,2.87942866e-02,2.94022696e-02,3.36456294e-02,4.26136605e-02,4.87808086e-02,5.42051676e-02,5.63276232e-02,5.61049155e-02,5.77292160e-02,5.90695108e-02,5.92475803e-02,5.70614308e-02,5.55605014e-02,5.43063162e-02,5.53951225e-02,5.61205068e-02,5.66297027e-02,5.76477383e-02,5.82038666e-02,6.00540258e-02,6.05029129e-02,5.85697363e-02,5.43292445e-02,4.94649774e-02
3.52501269e-02,3.60629982e-02,3.77178881e-02,3.87411301e-02,3.86775513e-02,3.75622943e-02,3.40529459e-02,3.05187259e-02,2.63122969e-02,2.25009690e-02,1.89632374e-02,1.33123990e-02,9.01691584e-03,7.07745506e-03,5.85052962e-03,6.38602173e-03,6.07656563e-03,4.83130565e-03,4.61360898e-03,5.66948488e-03,6.32876441e-03,7.63121419e-03,8.63291521e-03,8.37854896e-03,9.30491564e-03,8.43409539e-03,7.14451152e-03,5.59713768e-03,4.85413548e-03,4.11844464e-03,5.83425686e-03,9.66751682e-03,1.45519287e-02,1.95642193e-02,2.71609458e-02,3.26556485e-02,3.62875951e-02,4.14095032e-02,4.62206711e-02,5.10912866e-02,5.26787882e-02,5.39113248e-02,5.69941386e-02,5.98948539e-02,6.00585487e-02,5.80397424e-02,5.72490479e-02,5.64992047e-02,5.43574188e-02,5.32994480e-02,5.30477767e-02,5.33635348e-02,5.23300625e-02,4.85305457e-02,4.50726619e-02,4.25267842e-02,4.22665809e-02,4.40920267e-02,4.45482569e-02,4.36269675e-02,4.18927715e-02,4.17277068e-02,3.99455870e-02,3.74140058e-02
-3.84274925e-02,-3.57926906e-02,-3.12799919e-02,-2.84072125e-02,-2.46295670e-02,-2.01419240e-02,-1.62418547e-02,-1.34938287e-02,-1.08398357e-02,-7.32684102e-03,-4.95463385e-03,-3.89165601e-03,-2.95603537e-03,-2.08347052e-03,-1.68066874e-03,-1.69860474e-03,-1.63627132e-03,7.25380941e-04,1.37976163e-03,3.27073905e-03,5.78001971e-03,7.01802663e-03,8.66171632e-03,1.02821001e-02,1.10759269e-02,1.19408558e-02,1.31900816e-02,1.26899665e-02,1.17966746e-02,1.15737532e-02,8.41907969e-03,2.82786420e-03,-2.50086398e-03,-6.72370091e-03,-8.49659122e-03,-7.58712964e-03,-6.73566542e-03,-6.33990233e-03,-7.18882757e-03,-6.63183362e-03,-7.19905845e-03,-6.64885392e-03,-5.09769605e-03,-3.03545978e-03,-1.75819929e-03,-1.81985060e-04,-1.04268530e-03,-3.30346239e-03,-7.15450053e-03,-1.13320491e-02,-1.55936386e-02,-1.89915589e-02,-2.31546323e-02,-2.54836165e-02,-2.65236152e-02,-2.69682028e-02,-2.88373487e-02,-3.10456266e-02,-3.28178454e-02,-3.47330157e-02,-3.72811123e-02,-4.05811319e-02,-4.23448297e-02,-4.09322726e-02
1.03838553e-02,6.03544089e-03,5.13689184e-03,4.94944630e-03,3.75679022e-03,2.29842250e-03,2.35847491e-03,1.53436399e-03,1.10840067e-03,-2.52268395e-04,-1.51972755e-03,-3.78449304e-03,-5.89050370e-03,-7.20793301e-03,-5.41612961e-03,-4.08381983e-03,-1.32963355e-03,1.23137668e-03,3.14540015e-03,7.21767151e-03,1.25890309e-02,1.91806143e-02,2.68579147e-02,3.29298207e-02,4.01955618e-02,4.69793973e-02,5.43192345e-02,6.13106232e-02,6.76632146e-02,7.55108809e-02,8.34275538e-02,8.76075880e-02,9.00969153e-02,9.06271962e-02,9.02190471e-02,8.94774102e-02,8.96202555e-02,9.08565571e-02,9.32787915e-02,9.59806065e-02,9.70957231e-02,9.93864988e-02,1.02396622e-01,1.04525072e-01,1.06340777e-01,1.08812070e-01,1.10797309e-01,1.10775847e-01,1.08673610e-01,1.05783756e-01,1.01804036e-01,9.59398725e-02,9.00089446e-02,8.59422914e-02,8.12144259e-02,7.46629951e-02,6.65760310e-02,5.83701494e-02,5.24792386e-02,4.60297504e-02,3.85038688e-02,3.20868361e-02,2.46059689e-02,1.78407000e-02
2.86657673e-02,2.92825185e-02,2.63004038e-02,2.24234813e-02,1.81568816e-02,1.32055556e-02,8.39518298e-03,4.92525659e-03,3.48246459e-03,2.34030103e-03,2.30341586e-03,1.52203552e-04,-2.43966276e-03,-4.79903006e-03,-8.33658739e-03,-1.14407266e-02,-1.72653502e-02,-2.26267392e-02,-2.44790649e-02,-2.51589588e-02,-2.77752923e-02,-2.85057533e-02,-2.70887980e-02,-2.68677580e-02,-2.59898740e-02,-2.33756416e-02,-2.03832351e-02,-1.63755301e-02,-1.10843960e-02,-6.85762183e-03,-4.62267448e-03,-1.13101567e-03,3.62329612e-03,9.46154250e-03,1.33076681e-02,1.76649165e-02,2.15636905e-02,2.61836873e-02,3.14053758e-02,3.46209752e-02,3.64382069e-02,3.77847788e-02,3.68420824e-02,3.66571375e-02,3.82997393e-02,3.81161571e-02,3.54516874e-02,3.24093851e-02,3.04688526e-02,2.83941792e-02,2.59600653e-02,2.51859691e-02,2.27959553e-02,2.19094750e-02,2.23776938e-02,2.25687443e-02,2.30355616e-02,2.39113744e-02,2.55204422e-02,2.53990413e-02,2.49000608e-02,2.36336823e-02,2.39776775e-02,2.68460332e-02
1.52180236e-02,1.64286611e-02,1.92299444e-02,2.12617061e-02,2.38073802e-02,2.53651119e-02,2.52227841e-02,2.55542668e-02,2.71683650e-02,2.69783522e-02,2.41440931e-02,2.15943309e-02,1.98632534e-02,2.18745518e-02,2.50679819e-02,3.04402196e-02,3.45682542e-02,3.66087776e-02,3.95769045e-02,4.05624400e-02,3.92133759e-02,3.82510460e-02,3.63915181e-02,3.49085093e-02,3.28504289e-02,3.13291203e-02,3.04150285e-02,2.98756622e-02,3.01222517e-02,2.60279406e-02,2.05335946e-02,1.62620821e-02,1.52599531e-02,1.63838773e-02,1.90584863e-02,2.03982951e-02,2.04751690e-02,2.03434116e-02,2.02940045e-02,1.93630843e-02,1.80607296e-02,1.54754031e-02,1.23868889e-02,9.81111435e-03,9.73659164e-03,8.73994568e-03,6.97909797e-03,7.17242206e-03,6.43209499e-03,5.85192268e-03,3.93551080e-03,4.54335695e-03,6.38753491e-03,7.07171366e-03,7.29802052e-03,8.61485583e-03,9.99769711e-03,1.24430332e-02,1.17307251e-02,1.09648098e-02,8.66632880e-03,8.64513816e-03,1.08949176e-02,1.29917004e-02
1.63448306e-02,1.70541070e-02,1.86778655e-02,2.00713419e-02,1.96306339e-02,1.62024863e-02,1.15147804e-02,8.99187966e-03,7.71948821e-03,7.59057895e-03,9.52025999e-03,9.89582921e-03,8.74692779e-03,6.98858447e-03,5.85892381e-03,4.32336660e-03,3.83125685e-03,3.39794349e-03,1.72835928e-03,-1.23352378e-03,-2.43164139e-03,-3.67652513e-03,-5.17861829e-03,-8.80875936e-03,-1.31125519e-02,-1.72116864e-02,-2.17319045e-02,-2.56998310e-02,-2.77429245e-02,-3.00112577e-02,-3.17440400e-02,-3.09064382e-02,-2.95868757e-02,-2.76187376e-02,-2.40674387e-02,-2.24825163e-02,-2.14781825e-02,-1.89200107e-02,-1.62857594e-02,-1.37010603e-02,-9.43682993e-03,-5.54198632e-03,5.72964282e-05,4.89468402e-03,7.91361559e-03,9.40075323e-03,9.93068282e-03,8.34252878e-03,6.77415006e-03,5.38776009e-03,1.89797148e-03,-2.48463660e-03,-3.78360218e-03,-2.50868320e-03,3.57256589e-04,2.22638866e-03,2.73253583e-03,1.35347656e-03,-1.11858668e-03,-1.03154817e-03,1.09542989e-03,5.59977127e-03,9.69997412e-03,1.32973992e-02
2.91558577e-02,3.08067612e-02,3.00837805e-02,3.02155053e-02,3.03544335e-02,2.97694818e-02,2.72070774e-02,2.20055212e-02,1.95169894e-02,1.65822079e-02,1.52796756e-02,1.62339006e-02,1.74782333e-02,1.63055820e-02,1.27694838e-02,1.17332284e-02,1.45985148e-02,1.53811466e-02,1.30528909e-02,1.35257997e-02,1.13693351e-02,7.01562216e-03,4.41720530e-03,2.70140135e-03,4.04761922e-03,4.28320797e-03,4.06017783e-03,4.26902654e-03,5.12218799e-03,7.09041180e-03,7.48219966e-03,6.48849962e-03,3.72515417e-03,9.72613106e-04,-1.80880516e-03,-2.62377619e-03,-2.34869883e-03,5.48301758e-05,2.93776735e-03,4.32441409e-03,5.01099344e-03,6.97578806e-03,8.72946989e-03,7.39580458e-03,6.46724967e-03,6.72011384e-03,5.78295634e-03,5.04749647e-03,3.97544918e-03,5.38701660e-03,6.65015306e-03,6.45429019e-03,6.42884572e-03,8.22508727e-03,1.32960077e-02,1.80556306e-02,2.10626861e-02,2.39643845e-02,2.50233266e-02,2.55554862e-02,2.63314279e-02,2.56118486e-02,2.54593670e-02,2.72548262e-02
1.32977854e-02,1.46773237e-02,1.77816092e-02,2.26416651e-02,2.78447552e-02,3.08230220e-02,3.45863931e-02,3.68589318e-02,3.84601123e-02,4.00568561e-02,3.84620415e-02,3.49228866e-02,3.16619683e-02,3.09240326e-02,3.19266808e-02,3.04820460e-02,2.59421833e-02,2.17456500e-02,1.89907093e-02,1.72992898e-02,1.49758448e-02,1.32829057e-02,1.24817993e-02,1.28535500e-02,1.57563658e-02,1.77906541e-02,2.08770457e-02,2.52053820e-02,2.93435570e-02,3.47318141e-02,4.01840580e-02,4.54603285e-02,4.92340811e-02,5.11038557e-02,5.09501578e-02,4.79408941e-02,4.43821559e-02,4.18888374e-02,3.67657180e-02,3.02158892e-02,2.55141128e-02,2.10168399e-02,1.84631242e-02,1.55483995e-02,1.27077153e-02,1.06709211e-02,9.95676856e-03,9.60218403e-03,6.40490067e-03,7.04808604e-04,-5.87085619e-03,-1.14378077e-02,-1.55101870e-02,-1.51174398e-02,-1.22856719e-02,-1.03681135e-02,-1.00968472e-02,-9.14590197e-03,-7.92082556e-03,-5.09739128e-03,-4.64251706e-04,3.59304822e-03,7.17408796e-03,1.11054503e-02
-8.67753561e-03,-7.00825838e-03,-3.75034857e-03,-1.21116260e-03,2.98555153e-03,8.37480010e-03,1.11716772e-02,1.24949396e-02,1.40847133e-02,1.44526256e-02,1.26183204e-02,9.17404385e-03,5.76349346e-03,1.62640964e-03,-2.94580845e-03,-6.61149110e-03,-7.33770730e-03,-7.03999240e-03,-4.61757413e-03,-2.63224497e-03,-2.69010257e-03,-4.37551204e-03,-2.41365245e-03,3.39594680e-04,3.71748891e-03,7.38227667e-03,1.12190614e-02,1.43409794e-02,1.82088936e-02,1.98857026e-02,1.98876280e-02,1.84244377e-02,1.68336881e-02,1.90582757e-02,2.10513920e-02,2.27507060e-02,2.22585575e-02,2.18637740e-02,2.13178960e-02,2.15693633e-02,2.23955092e-02,2.31550186e-02,2.07671824e-02,1.52378165e-02,9.32655289e-03,5.00030556e-03,1.65930441e-03,-1.26512718e-03,-2.76980976e-03,-3.80958282e-03,-5.56748650e-03,-9.33435642e-03,-1.39225053e-02,-1.79113102e-02,-2.01686185e-02,-2.16670473e-02,-2.17888558e-02,-2.06871262e-02,-1.89000499e-02,-1.69599678e-02,-1.60425553e-02,-1.26356348e-02,-1.07204511e-02,-9.82245833e-03
-5.33328204e-02,-5.07347912e-02,-4.84895944e-02,-4.65811758e-02,-4.29218672e-02,-4.09068478e-02,-3.92922918e-02,-3.75920607e-02,-3.41898180e-02,-3.03677608e-02,-2.62463397e-02,-2.33362621e-02,-2.04501718e-02,-1.76592524e-02,-1.46331762e-02,-9.76297030e-03,-5.61735345e-03,-1.15210218e-03,1.12379265e-03,2.85860562e-03,3.69854688e-03,3.50994506e-03,3.60429160e-03,2.78627171e-03,1.30766757e-03,-3.05215420e-04,-2.09981166e-03,-5.98174817e-03,-6.56031927e-03,-5.58845069e-03,-4.04652620e-03,-2.80848386e-03,-1.09390084e-03,-1.00438589e-04,-3.17581892e-04,-1.04578346e-04,-8.61926022e-04,-1.10612085e-04,-1.74463399e-04,1.60965930e-04,-1.15773083e-03,-3.43347616e-03,-5.35648224e-03,-5.90698479e-03,-6.11604415e-03,-7.73721512e-03,-1.05118085e-02,-1.02501441e-02,-9.32745344e-03,-7.72816479e-03,-6.28587493e-03,-4.33981338e-03,-7.19561004e-03,-1.18827163e-02,-1.67661121e-02,-2.16334476e-02,-2.84837850e-02,-3.49737079e-02,-3.98183289e-02,-4.26369712e-02,-4.59709534e-02,-5.02216002e-02,-5.34196966e-02,-5.44583430e-02
1.35803989e-02,1.18515383e-02,1.31057458e-02,1.42551843e-02,1.67000353e-02,1.98046169e-02,2.10587172e-02,2.03837909e-02,2.19175893e-02,2.18260480e-02,2.08192723e-02,1.92191960e-02,2.10836111e-02,2.34946460e-02,2.29078033e-02,1.86685880e-02,1.41280190e-02,7.84759035e-03,1.09874469e-03,-6.00606742e-03,-1.04949194e-02,-1.23697777e-02,-1.17904328e-02,-1.13199225e-02,-1.08840677e-02,-8.87918788e-03,-8.81050932e-03,-8.68859107e-03,-9.22851264e-03,-8.98501002e-03,-7.76315847e-03,-6.72678572e-03,-2.10388123e-03,4.68671189e-03,1.06514869e-02,1.60721270e-02,2.06925806e-02,2.51607968e-02,2.86937528e-02,3.12216602e-02,3.06697714e-02,3.16263160e-02,3.13939461e-02,3.11494290e-02,3.06968004e-02,3.45016858e-02,3.83629048e-02,4.16147404e-02,4.26166354e-02,4.34188777e-02,4.51381558e-02,4.65017245e-02,4.79169614e-02,4.77045361e-02,4.76763921e-02,4.57128119e-02,4.50494476e-02,4.34722446e-02,3.97164179e-02,3.54090703e-02,2.95321579e-02,2.44693890e-02,2.00185617e-02,1.72780992e-02
6.62113292e-02,6.23308437e-02,5.66367761e-02,5.28882789e-02,4.89145792e-02,4.36968408e-02,4.07385435e-02,3.74797077e-02,3.30888130e-02,3.00014263e-02,2.89963474e-02,2.78056701e-02,2.84004070e-02,2.80991123e-02,2.57329185e-02,2.33388017e-02,2.19566867e-02,2.16663147e-02,2.22687338e-02,2.09174070e-02,1.85833595e-02,1.61946682e-02,1.32547523e-02,1.23200573e-02,1.29871173e-02,1.27049447e-02,1.30550082e-02,1.47881331e-02,1.66141555e-02,1.88556432e-02,2.29431384e-02,2.51003496e-02,2.52597910e-02,2.52105223e-02,2.79856173e-02,3.13722192e-02,3.34907691e-02,3.39454862e-02,3.37288310e-02,3.27711628e-02,3.16952498e-02,3.26117403e-02,3.40841179e-02,3.61541209e-02,3.77942127e-02,3.83188414e-02,3.86553965e-02,4.03017933e-02,4.28692631e-02,4.41410857e-02,4.35252985e-02,4.16360657e-02,4.19864720e-02,4.31935541e-02,4.40943274e-02,4.45633405e-02,4.75863370e-02,5.02891318e-02,5.43474438e-02,5.74469268e-02,6.09641663e-02,6.54821089e-02,6.93368570e-02,6.95882011e-02
-3.48210946e-03,1.68240596e-03,7.14466947e-03,1.10729294e-02,1.50247511e-02,1.94663857e-02,2.40362211e-02,2.67453857e-02,2.86330006e-02,2.91765836e-02,3.07051467e-02,3.17227886e-02,3.07767690e-02,2.74713472e-02,2.44040562e-02,2.17140771e-02,2.00720880e-02,1.83321039e-02,1.81485342e-02,1.76690495e-02,1.61955917e-02,1.60973082e-02,1.55823820e-02,1.39723278e-02,9.41063554e-03,5.72090484e-03,4.15631083e-03,7.86280571e-03,1.21332702e-02,1.51004666e-02,1.97358412e-02,2.28527808e-02,2.63833179e-02,3.03687211e-02,3.21114413e-02,3.30150996e-02,3.32529829e-02,3.35861719e-02,3.49174155e-02,3.56323841e-02,3.54712408e-02,3.71800111e-02,3.87289685e-02,3.59682102e-02,2.93146478e-02,2.33756349e-02,1.62359660e-02,9.33400258e-03,2.62159016e-04,-8.55433721e-03,-1.62614691e-02,-2.46130968e-02,-3.19253185e-02,-3.65581640e-02,-3.74960619e-02,-3.51883012e-02,-3.12338710e-02,-2.69412926e-02,-2.30518362e-02,-1.91464721e-02,-1.46587688e-02,-1.02267994e-02,-7.51873755e-03,-5.93407683e-03
1.87255005e-02,1.82748569e-02,1.58617394e-02,1.17139548e-02,9.42300606e-03,9.45938159e-03,8.21837080e-03,8.04108585e-03,7.95012245e-03,8.54133454e-03,1.02899026e-02,1.28048023e-02,1.17321587e-02,1.14790766e-02,1.23189776e-02,1.47594084e-02,1.69795251e-02,1.96055994e-02,2.29055589e-02,2.61698618e-02,2.81447863e-02,3.01620703e-02,3.03409629e-02,3.10782218e-02,3.33140430e-02,3.62028660e-02,3.80585587e-02,4.05676447e-02,4.26081277e-02,4.36820031e-02,4.33408200e-02,4.24423865e-02,3.88497492e-02,3.48214216e-02,2.94185977e-02,2.32945495e-02,1.57664747e-02,9.58572548e-03,1.91566944e-03,-3.29887680e-03,-7.79978082e-03,-1.19599617e-02,-1.44634021e-02,-1.31095141e-02,-1.34417503e-02,-1.40589984e-02,-1.20761381e-02,-1.08548798e-02,-7.39676415e-03,-3.20894693e-03,1.31028667e-03,3.73146710e-03,3.67559115e-03,2.82712637e-03,2.59274116e-03,2.37024706e-03,5.56757542e-03,8.62044408e-03,1.14323613e-02,1.55221236e-02,2.04807168e-02,2.29865181e-02,2.14891820e-02,2.02157697e-02
2.28257494e-02,2.57620672e-02,2.63008892e-02,2.37243415e-02,2.00164629e-02,1.57086158e-02,1.47027077e-02,1.55398348e-02,1.81132460e-02,1.90596337e-02,1.88079718e-02,1.99336736e-02,1.89640697e-02,1.78187934e-02,1.71852724e-02,1.43981422e-02,1.07597720e-02,7.19424253e-03,2.17675826e-03,-2.90978242e-03,-7.51287868e-03,-8.94226040e-03,-9.80381845e-03,-1.46075670e-02,-1.98990710e-02,-2.41468534e-02,-3.02803636e-02,-3.57263272e-02,-3.96221486e-02,-4.17653865e-02,-4.38539245e-02,-4.55183527e-02,-4.45790156e-02,-4.28031554e-02,-4.21338000e-02,-4.08487623e-02,-3.74731497e-02,-3.44525365e-02,-3.20715205e-02,-3.12789979e-02,-2.90677013e-02,-2.53429269e-02,-2.26883623e-02,-2.24185963e-02,-2.28996468e-02,-2.08750326e-02,-1.95142617e-02,-2.03013072e-02,-2.04846597e-02,-2.17616352e-02,-2.26986651e-02,-2.37007845e-02,-2.40760243e-02,-2.46713316e-02,-2.34417360e-02,-2.14393583e-02,-1.45432383e-02,-6.74049774e-03,-1.81437320e-04,6.08151464e-03,9.66065085e-03,1.11950863e-02,1.46881028e-02,1.90615593e-02
2.78748405e-02,2.58749378e-02,2.35856491e-02,1.93529196e-02,1.58263451e-02,1.28981241e-02,1.19605847e-02,1.05139154e-02,9.24548622e-03,9.14717585e-03,1.03646074e-02,1.26238270e-02,1.54099481e-02,1.82056341e-02,2.27753339e-02,2.53702280e-02,2.44909966e-02,2.13438283e-02,1.69455238e-02,1.47116297e-02,1.47475513e-02,1.74643728e-02,2.15713993e-02,2.65109692e-02,3.11035718e-02,3.30123999e-02,3.30706967e-02,3.47458745e-02,3.66408240e-02,3.67937570e-02,3.58051565e-02,3.47662342e-02,3.55087703e-02,3.49490561e-02,3.23848139e-02,2.88604782e-02,2.64991247e-02,2.37542063e-02,2.03955218e-02,1.65978291e-02,1.23201044e-02,9.78573375e-03,8.54053203e-03,8.49307050e-03,8.92861517e-03,9.10838174e-03,9.90124109e-03,1.26461218e-02,1.44054102e-02,1.41793212e-02,1.33296401e-02,1.21654827e-02,1.44995030e-02,1.91844767e-02,2.37101009e-02,2.80013676e-02,3.24219253e-02,3.51956525e-02,3.48640556e-02,3.40634059e-02,3.35397519e-02,3.26016649e-02,3.08788083e-02,3.00413911e-02
1.74603006e-02,1.37217368e-02,1.20698474e-02,1.09777538e-02,1.04390474e-02,9.35304023e-03,6.91506423e-03,3.89095004e-03,-3.14009794e-04,-4.44783406e-03,-7.29687332e-03,-9.99362095e-03,-1.44054422e-02,-1.67247515e-02,-1.82452832e-02,-2.21189356e-02,-2.85764662e-02,-3.42605266e-02,-3.98625304e-02,-4.42483929e-02,-4.58519629e-02,-4.54044898e-02,-4.41161160e-02,-4.37358661e-02,-3.95207070e-02,-3.52588435e-02,-3.00688854e-02,-2.55643480e-02,-1.90984989e-02,-1.14750439e-02,-4.62207519e-03,3.14897028e-03,1.19003483e-02,2.16198122e-02,3.01089098e-02,3.68718752e-02,4.06934107e-02,4.54328100e-02,4.99277125e-02,5.34465556e-02,5.61276544e-02,5.89143154e-02,5.95563709e-02,6.03899269e-02,5.91961693e-02,5.75278299e-02,5.32070360e-02,4.91082190e-02,4.67867011e-02,4.64265947e-02,4.74305953e-02,4.78477203e-02,4.84706665e-02,4.84361832e-02,4.62831615e-02,4.29421218e-02,4.09390444e-02,3.72040148e-02,3.54755209e-02,3.53430230e-02,3.39378533e-02,3.04466847e-02,2.62347564e-02,2.24234459e-02
4.90145375e-02,4.86846673e-02,4.88690479e-02,4.94868508e-02,5.20175964e-02,5.66708168e-02,6.03480075e-02,6.19825216e-02,6.33226658e-02,6.45391697e-02,6.43719057e-02,6.46369803e-02,6.36857939e-02,6.40393761e-02,6.53680250e-02,6.70844748e-02,6.68511564e-02,6.76665778e-02,6.65124909e-02,6.46120263e-02,6.27219532e-02,6.12436805e-02,5.87799317e-02,5.49774770e-02,5.03580953e-02,4.51360103e-02,3.84837832e-02,3.40406617e-02,3.15279896e-02,2.98201797e-02,2.87670722e-02,2.75665564e-02,2.47517475e-02,2.00367746e-02,1.74097781e-02,1.53690715e-02,1.41461919e-02,1.23709870e-02,8.93113509e-03,6.09824327e-03,4.73333282e-03,2.53641365e-03,1.75529438e-03,3.83209805e-03,5.68808739e-03,8.19192278e-03,9.30639337e-03,1.11569369e-02,1.13500530e-02,1.02694616e-02,1.07252580e-02,1.56766043e-02,1.91736313e-02,2.11709003e-02,2.34305112e-02,2.50468900e-02,2.49994097e-02,2.65799986e-02,3.06056493e-02,3.37245801e-02,3.90153107e-02,4.31695435e-02,4.66950840e-02,4.87602645e-02
-3.13605875e-02,-3.65435969e-02,-4.04860487e-02,-4.39340873e-02,-4.48750132e-02,-4.57748000e-02,-4.72362372e-02,-4.59659726e-02,-4.30049113e-02,-4.13086563e-02,-4.13080535e-02,-3.79717998e-02,-3.15578439e-02,-2.35385002e-02,-1.45729679e-02,-9.22570752e-03,-4.79843511e-03,-2.68432162e-03,-1.12628094e-04,1.64363760e-03,2.92276159e-03,3.50068068e-03,4.22804254e-03,5.45533831e-03,7.03917928e-03,6.62077443e-03,5.80384567e-03,6.33720772e-03,7.18597676e-03,7.86394533e-03,9.25271548e-03,1.11152306e-02,1.21352891e-02,1.49128336e-02,1.98825764e-02,2.27229828e-02,2.35822319e-02,2.54787644e-02,2.83362471e-02,2.84885244e-02,2.88024161e-02,2.68282391e-02,2.51822317e-02,2.22215166e-02,1.89656508e-02,1.57820216e-02,1.12956814e-02,6.46672106e-03,1.96068378e-03,-3.42652623e-03,-9.98298562e-03,-1.52080332e-02,-1.69408630e-02,-1.66931921e-02,-1.63350997e-02,-1.59128067e-02,-1.78098059e-02,-1.83525261e-02,-1.99174497e-02,-2.09162831e-02,-2.08420604e-02,-2.23346058e-02,-2.39109247e-02,-2.64928098e-02
3.93710135e-02,3.92416803e-02,3.79423036e-02,3.63898532e-02,3.51350265e-02,3.27038975e-02,3.04285979e-02,2.68479458e-02,2.32663523e-02,1.87780608e-02,1.42342414e-02,1.23458536e-02,1.17409713e-02,9.31209647e-03,8.03765445e-03,9.42593535e-03,9.66674953e-03,8.49782871e-03,7.33154107e-03,4.88991930e-03,3.02937831e-03,1.67097080e-03,-4.23632903e-04,-3.27957318e-03,-6.37614840e-03,-8.42685022e-03,-1.12061246e-02,-1.46813069e-02,-1.64421925e-02,-1.69981881e-02,-1.80808487e-02,-1.98392140e-02,-2.02037228e-02,-2.05408187e-02,-2.14228679e-02,-2.16839675e-02,-2.09444948e-02,-2.14738730e-02,-2.25544397e-02,-2.30416458e-02,-2.26914145e-02,-2.20373150e-02,-1.95522147e-02,-1.75292345e-02,-1.43221995e-02,-1.01080325e-02,-4.65605153e-03,2.72636100e-03,7.82848973e-03,8.93182443e-03,1.02322783e-02,1.13265883e-02,1.30252693e-02,1.65675190e-02,1.94198970e-02,2.03041145e-02,2.15980944e-02,2.43021578e-02,2.76597911e-02,2.99736772e-02,3.27968851e-02,3.47181614e-02,3.48535329e-02,3.64424180e-02
-1.55981447e-02,-1.26296371e-02,-1.06258928e-02,-1.00617725e-02,-1.02025800e-02,-1.09046363e-02,-1.13494284e-02,-1.20553763e-02,-1.41502164e-02,-1.67123199e-02,-1.97728061e-02,-2.33330904e-02,-2.80119651e-02,-2.70146281e-02,-2.48322272e-02,-2.29175083e-02,-2.16501701e-02,-2.08785096e-02,-2.03908262e-02,-2.07177070e-02,-2.22180304e-02,-2.35689082e-02,-2.48114283e-02,-2.63203138e-02,-3.01623764e-02,-3.52261969e-02,-3.99904056e-02,-4.03127133e-02,-3.91104651e-02,-3.83867773e-02,-3.73324744e-02,-3.77585017e-02,-3.84428486e-02,-3.71068919e-02,-3.61500554e-02,-3.47007672e-02,-3.51834102e-02,-3.56624344e-02,-3.25948016e-02,-3.08393318e-02,-2.80042647e-02,-2.45128759e-02,-1.92753232e-02,-1.57954773e-02,-1.22405384e-02,-1.23078600e-02,-1.36504540e-02,-1.47850330e-02,-1.50366852e-02,-1.67004367e-02,-1.83698829e-02,-1.67378650e-02,-1.66346260e-02,-1.66493577e-02,-1.88308706e-02,-1.97097031e-02,-1.96857558e-02,-1.84829614e-02,-1.78076230e-02,-1.86719684e-02,-2.03226030e-02,-2.12890535e-02,-2.06961756e-02,-1.89392707e-02
-8.99695559e-03,-1.04615042e-02,-1.23750105e-02,-1.12238978e-02,-9.18777246e-03,-5.36441976e-03,2.77461484e-04,2.73713910e-03,5.28678078e-03,5.50891704e-03,6.33510144e-03,8.58440342e-03,1.08573090e-02,1.33073039e-02,1.50470245e-02,1.75949499e-02,1.87102668e-02,2.14162988e-02,2.50612673e-02,2.93844930e-02,3.07260526e-02,3.06227247e-02,2.81254515e-02,2.65122826e-02,2.78215466e-02,2.74371504e-02,2.52035335e-02,2.34437342e-02,2.29563751e-02,2.06766539e-02,1.57113680e-02,1.37958273e-02,1.30405883e-02,1.25579397e-02,9.23905448e-03,8.80190547e-03,8.69006000e-03,6.66979565e-03,4.33831328e-03,4.93842786e-03,6.40832461e-03,6.28022194e-03,4.15804802e-03,3.04661449e-03,2.29156984e-03,5.77530532e-04,-1.89593970e-03,-4.25164991e-03,-5.58169568e-03,-6.22019914e-03,-7.27604374e-03,-8.58353583e-03,-8.91884111e-03,-8.65325312e-03,-7.66834782e-03,-6.17204835e-03,-3.68350152e-03,7.16292498e-04,1.07276193e-03,-4.77130003e-04,-1.99953747e-03,-2.54770194e-03,-5.04959675e-03,-6.82787901e-03
-3.60419916e-03,-6.30828202e-03,-7.95889876e-03,-7.45410029e-03,-7.05207528e-03,-8.82298558e-03,-1.35490824e-02,-1.78397054e-02,-2.19608517e-02,-2.72871734e-02,-3.19908172e-02,-3.50989225e-02,-3.61438773e-02,-3.78758532e-02,-4.16545506e-02,-4.66516504e-02,-5.28150912e-02,-5.77130638e-02,-6.02068540e-02,-6.14496946e-02,-6.13625532e-02,-5.75838690e-02,-5.00783170e-02,-4.06913810e-02,-2.98282293e-02,-1.77771840e-02,-8.35536070e-03,6.50624454e-04,8.78404029e-03,1.48997701e-02,1.72007028e-02,1.42801048e-02,1.06833280e-02,7.15740382e-03,3.90781102e-03,2.26898975e-03,2.83138104e-04,-1.88662160e-03,-2.73832433e-03,-3.66832611e-03,-5.03064207e-03,-8.32444713e-03,-1.25122178e-02,-1.55302827e-02,-1.46673506e-02,-1.17449702e-02,-6.79887625e-03,-4.12342080e-03,-1.30106406e-03,1.10152372e-03,2.30027606e-03,2.79812759e-03,3.48590007e-03,2.36722361e-03,2.05325340e-03,1.41608164e-03,-1.35125345e-04,-2.76702523e-03,-4.33165607e-03,-3.45648823e-03,-1.77299378e-03,-1.03206935e-04,8.56664386e-04,-2.77971212e-04
-4.86943422e-03,-4.07294209e-03,-3.02203206e-03,-1.89217031e-03,2.00916572e-03,5.70580271e-03,8.62230355e-03,1.35086651e-02,1.54366136e-02,1.80691234e-02,2.16029599e-02,2.34389760e-02,2.52711883e-02,2.69715624e-02,2.80060005e-02,3.01032136e-02,3.01329526e-02,2.83186223e-02,2.56530494e-02,2.23553898e-02,2.29817757e-02,2.58605438e-02,3.07264847e-02,3.68036881e-02,4.26989491e-02,4.66616735e-02,4.80315571e-02,5.03044159e-02,5.24784420e-02,5.44884665e-02,5.35874979e-02,5.06440771e-02,4.59432892e-02,3.90249090e-02,3.45119748e-02,3.27941344e-02,3.36542712e-02,3.38212312e-02,3.35402574e-02,3.07304260e-02,2.88947463e-02,2.76074460e-02,2.50049458e-02,2.20744622e-02,1.85168079e-02,1.68481692e-02,1.73671697e-02,1.74415707e-02,1.70576101e-02,1.74859011e-02,1.69747742e-02,1.63021620e-02,1.41894049e-02,1.07652836e-02,8.07944647e-03,7.03407560e-03,6.80671021e-03,7.05236827e-03,7.86177887e-03,7.23025799e-03,4.57043975e-03,2.90201256e-03,-6.34791982e-04,-3.81696966e-03
-1.97840097e-02,-1.97464068e-02,-2.19590172e-02,-2.28819807e-02,-2.25824235e-02,-2.30939691e-02,-2.31539709e-02,-2.45151134e-02,-2.60110366e-02,-2.66155103e-02,-2.53777567e-02,-2.39824687e-02,-2.63394028e-02,-2.85781834e-02,-2.95055562e-02,-2.80095200e-02,-2.71171882e-02,-2.73301455e-02,-2.84237902e-02,-2.76534684e-02,-2.45910009e-02,-2.11835401e-02,-1.79643955e-02,-1.71667720e-02,-1.37185616e-02,-1.07693410e-02,-8.50742740e-03,-7.34188019e-03,-6.21489015e-03,-6.67894830e-03,-9.17450664e-03,-1.16105656e-02,-1.47261248e-02,-1.65763313e-02,-1.65008376e-02,-1.62472517e-02,-1.33206246e-02,-9.29579551e-03,-4.13280892e-03,8.37061462e-04,6.12900997e-03,1.11489491e-02,1.70358976e-02,2.28971946e-02,2.72701919e-02,2.91574540e-02,3.00178721e-02,2.98111407e-02,2.81753465e-02,2.48293869e-02,2.22420313e-02,1.82176090e-02,1.33560838e-02,1.07518480e-02,9.05840082e-03,6.67653585e-03,2.48805540e-03,-2.22619255e-03,-6.84376892e-03,-1.07105294e-02,-1.51906646e-02,-1.89180322e-02,-2.10062357e-02,-2.12642663e-02
-6.89387608e-02,-6.61287802e-02,-6.00157214e-02,-5.41753904e-02,-4.89080255e-02,-4.47329624e-02,-3.98350579e-02,-3.82396880e-02,-3.72385263e-02,-3.64462993e-02,-3.36913473e-02,-3.04808932e-02,-2.92703367e-02,-2.80686686e-02,-2.84837093e-02,-2.79109139e-02,-2.69371507e-02,-2.52545687e-02,-2.32163870e-02,-1.98637904e-02,-1.71882399e-02,-1.51700248e-02,-1.24811696e-02,-9.55514290e-03,-6.58511401e-03,-2.08985347e-03,1.81118874e-04,1.41217023e-03,7.86172850e-04,-1.66773287e-04,-2.61177430e-03,-8.02857974e-03,-1.29563815e-02,-1.75514115e-02,-2.19434115e-02,-2.36848493e-02,-2.29779408e-02,-2.13646869e-02,-2.15984093e-02,-2.24746040e-02,-2.35659227e-02,-2.34541706e-02,-2.28490085e-02,-2.41123228e-02,-2.63665400e-02,-3.03073983e-02,-3.30330935e-02,-3.34819430e-02,-3.29727376e-02,-3.48937902e-02,-3.92199676e-02,-4.57472548e-02,-5.37937597e-02,-6.17431925e-02,-6.73169174e-02,-7.25813688e-02,-7.52508369e-02,-7.75889552e-02,-7.96667846e-02,-7.94884072e-02,-7.82581460e-02,-7.60165042e-02,-7.39877242e-02,-7.15372464e-02
-7.58077303e-03,-8.18128142e-03,-8.47244954e-03,-7.99934515e-03,-6.15527326e-03,-6.10630320e-03,-5.90685244e-03,-4.95216967e-03,-6.61382586e-03,-7.72551458e-03,-5.41582423e-03,-2.30876181e-03,1.78218915e-03,3.57087911e-03,2.41850641e-03,2.02858461e-03,3.30497365e-03,5.03207902e-03,4.00680126e-03,3.41514769e-03,4.97122654e-03,6.38550436e-03,8.72252436e-03,1.13317837e-02,1.45594505e-02,1.72624417e-02,2.12099701e-02,2.48323088e-02,2.76215117e-02,3.05422387e-02,3.25527471e-02,3.45862287e-02,3.52811791e-02,3.62711529e-02,3.71281224e-02,3.84628149e-02,4.10826047e-02,4.23690070e-02,4.16310948e-02,3.90005049e-02,3.71452617e-02,3.66370283e-02,3.56896484e-02,3.33678275e-02,3.18161147e-02,3.06282276e-02,3.06441369e-02,2.90572055e-02,2.59773980e-02,2.11340730e-02,1.72086143e-02,1.29290146e-02,8.65778295e-03,4.94707502e-03,2.66104483e-03,2.37770472e-03,3.04797302e-04,-1.32165154e-03,-8.68123198e-04,-1.75725232e-03,-2.92787691e-03,-3.26513113e-03,-4.76248211e-03,-6.14423973e-03
-4.66562224e-03,-1.97069278e-03,-2.13822014e-04,2.04764562e-04,1.09755315e-03,2.24757683e-03,2.66237941e-03,2.58438169e-03,3.89371529e-03,8.24563744e-03,1.27895674e-02,1.50018706e-02,1.70245599e-02,1.75198656e-02,1.70312752e-02,1.61417022e-02,1.63032693e-02,1.67736411e-02,1.66201881e-02,1.85845942e-02,1.99170059e-02,1.77142793e-02,1.58460649e-02,1.45437939e-02,1.67031459e-02,1.53791930e-02,1.41239709e-02,1.49332561e-02,1.64495350e-02,1.49425117e-02,1.44944793e-02,1.47253525e-02,1.44401791e-02,1.46219369e-02,1.51499572e-02,1.54507203e-02,1.43678989e-02,1.29993072e-02,1.20872055e-02,9.85620731e-03,8.86588167e-03,8.41625564e-03,7.20284093e-03,5.64698995e-03,3.12595087e-03,7.78235522e-05,-1.88202563e-03,-2.57161403e-03,-4.70222918e-03,-6.69992940e-03,-5.35256231e-03,-2.79632761e-03,-3.84267028e-04,1.17193698e-04,-2.37968851e-03,-7.04071736e-03,-1.12870974e-02,-1.37028864e-02,-1.35662564e-02,-1.28589064e-02,-1.34750855e-02,-1.23185154e-02,-1.14243054e-02,-9.20416755e-03
4.52086391e-02,4.61302486e-02,4.62913208e-02,4.64156793e-02,4.53037122e-02,4.33783320e-02,4.01873766e-02,3.79907068e-02,3.76255864e-02,3.61988224e-02,3.72805150e-02,3.79794633e-02,3.66404621e-02,3.41360468e-02,3.30848523e-02,3.24420741e-02,3.14418577e-02,2.99300264e-02,2.69643897e-02,2.58934612e-02,2.38386907e-02,2.17445604e-02,2.19584682e-02,1.99916783e-02,1.80378564e-02,1.66992105e-02,1.61913939e-02,1.59201859e-02,1.38879588e-02,9.95342091e-03,7.58267379e-03,8.37753303e-03,1.03510972e-02,1.33383065e-02,1.61756774e-02,1.63049706e-02,1.74127517e-02,1.76243202e-02,1.91782994e-02,1.93563658e-02,2.04413226e-02,2.34529618e-02,2.65693365e-02,2.88716035e-02,3.15216575e-02,3.48925500e-02,3.78550755e-02,3.79691742e-02,3.82863757e-02,3.66310642e-02,3.54034095e-02,3.56460753e-02,3.31699905e-02,3.06994062e-02,2.85468235e-02,2.81736074e-02,2.85424933e-02,3.03963357e-02,3.21591266e-02,3.40470230e-02,3.70121923e-02,3.89640054e-02,4.09984258e-02,4.31402647e-02
2.87975189e-02,3.30753744e-02,3.78727887e-02,4.33045935e-02,4.73218051e-02,5.01411199e-02,5.09015179e-02,5.13027124e-02,4.86702635e-02,4.70821591e-02,4.41952996e-02,4.25228064e-02,4.15605512e-02,4.16918670e-02,4.31451970e-02,4.57711077e-02,4.72658385e-02,4.43830662e-02,4.22453191e-02,4.18879529e-02,4.17617015e-02,4.11748226e-02,4.03066315e-02,4.10192011e-02,4.05721040e-02,3.66314587e-02,3.24318761e-02,2.82882805e-02,2.27208715e-02,1.73694435e-02,1.52617889e-02,1.27888440e-02,1.19342546e-02,1.33326330e-02,1.56696257e-02,1.82907028e-02,2.12381273e-02,2.40027650e-02,2.64467664e-02,2.81457196e-02,2.62834709e-02,2.49171607e-02,2.45512661e-02,2.57836813e-02,2.66660481e-02,2.66713446e-02,2.57059399e-02,2.57864371e-02,2.61854654e-02,2.70130714e-02,2.88201939e-02,3.18589639e-02,3.28440608e-02,3.18436882e-02,3.12752855e-02,3.09595155e-02,3.06593109e-02,2.90466654e-02,3.00806820e-02,3.14252108e-02,3.14979763e-02,2.89875943e-02,2.70722711e-02,2.66446670e-02
-7.77071644e-02,-7.44412216e-02,-7.03196504e-02,-6.61913973e-02,-6.23024675e-02,-6.14696387e-02,-5.93561251e-02,-5.57503309e-02,-5.28448133e-02,-4.73842709e-02,-4.06086191e-02,-3.24359291e-02,-2.65114739e-02,-2.39613486e-02,-2.19393725e-02,-1.91402941e-02,-1.75305928e-02,-1.55103544e-02,-1.30703885e-02,-1.08916616e-02,-9.30398081e-03,-9.52858080e-03,-1.09631722e-02,-1.33902143e-02,-1.54861736e-02,-1.67700890e-02,-1.77275214e-02,-1.89771946e-02,-1.90219528e-02,-2.02088296e-02,-2.32639868e-02,-2.57256614e-02,-2.54791449e-02,-2.44467310e-02,-2.31695430e-02,-2.19948446e-02,-2.36128203e-02,-2.64198905e-02,-3.10713415e-02,-3.65411503e-02,-4.05695652e-02,-4.36261778e-02,-4.84353930e-02,-5.34120034e-02,-5.85299281e-02,-6.29085265e-02,-6.53488634e-02,-6.61581885e-02,-6.48486724e-02,-6.33808254e-02,-6.13336139e-02,-6.06139284e-02,-6.29638386e-02,-6.68204098e-02,-7.10434127e-02,-7.53808498e-02,-7.72806585e-02,-7.97512882e-02,-8.02006710e-02,-8.05071261e-02,-8.21574243e-02,-8.25268673e-02,-8.26489947e-02,-8.07759558e-02
-8.96795592e-04,1.50858975e-03,5.02842366e-03,6.21183606e-03,7.96653647e-03,1.08751738e-02,1.21616508e-02,1.02573058e-02,6.94711113e-03,2.65318991e-03,3.51164131e-04,9.73492978e-05,-7.22079713e-04,-1.22676226e-04,-2.04603586e-03,-5.49739916e-03,-8.68885532e-03,-1.20354538e-02,-1.36771876e-02,-1.47255669e-02,-1.34541983e-02,-8.83910673e-03,-3.23335457e-03,-3.00857191e-05,-6.76485232e-04,-3.65918051e-03,-7.18668337e-03,-1.08122161e-02,-1.61611354e-02,-1.96837614e-02,-2.39690207e-02,-2.75480953e-02,-3.14296474e-02,-3.53509774e-02,-3.83872193e-02,-4.12058417e-02,-4.44045080e-02,-4.86651297e-02,-5.38192721e-02,-5.77013182e-02,-5.89751599e-02,-5.75186691e-02,-5.58179655e-02,-5.23200646e-02,-5.00562148e-02,-4.87318776e-02,-4.87744867e-02,-5.00797032e-02,-5.08615298e-02,-4.71206008e-02,-4.28792723e-02,-3.89532908e-02,-3.45318136e-02,-2.98887531e-02,-2.52187359e-02,-2.07255133e-02,-1.70930191e-02,-1.45114942e-02,-1.21887744e-02,-9.23683995e-03,-7.37236158e-03,-7.39485785e-03,-5.50062399e-03,-3.85095314e-03
-3.46591785e-02,-2.82141062e-02,-2.30165790e-02,-1.90085644e-02,-1.42146528e-02,-7.85660995e-03,-3.08101718e-03,1.09185866e-03,4.25091374e-03,6.42329975e-03,6.74346499e-03,6.58056867e-03,7.37211850e-03,8.97060267e-03,8.88204127e-03,1.06730231e-02,1.36193174e-02,1.49260835e-02,1.57194200e-02,1.58368911e-02,1.53792799e-02,1.61704505e-02,1.93359613e-02,2.05488917e-02,2.30382706e-02,2.63133951e-02,2.90871933e-02,3.18478952e-02,3.35339167e-02,3.20666991e-02,3.03741887e-02,2.82804064e-02,2.59255624e-02,2.17428823e-02,1.65639235e-02,1.11241415e-02,8.11100439e-03,4.76572695e-03,-1.87237589e-03,-1.02892617e-02,-1.56380574e-02,-1.81895578e-02,-1.93973258e-02,-1.92444914e-02,-1.99861630e-02,-2.15212931e-02,-2.52507022e-02,-2.77560917e-02,-3.23382301e-02,-3.74768422e-02,-4.30981848e-02,-4.77412155e-02,-5.07010604e-02,-5.21004570e-02,-5.43081671e-02,-5.67720190e-02,-5.99460725e-02,-6.13494464e-02,-6.02556179e-02,-5.83794033e-02,-5.62933214e-02,-5.23435378e-02,-4.72404950e-02,-4.08354512e-02
1.49688258e-02,1.48758289e-02,1.26713835e-02,1.22489404e-02,1.27654713e-02,1.45331883e-02,1.82468119e-02,1.94429198e-02,2.06241167e-02,2.21062581e-02,2.47122443e-02,2.72816531e-02,3.02798040e-02,3.28585960e-02,3.47783611e-02,3.55455090e-02,3.56674901e-02,3.91798881e-02,4.38860867e-02,4.52130884e-02,4.69098538e-02,4.73508472e-02,4.51415688e-02,4.45233702e-02,4.22194805e-02,3.99009884e-02,3.51859527e-02,3.12188579e-02,2.83291924e-02,2.39518610e-02,2.12255649e-02,2.02715839e-02,1.88835741e-02,1.73219034e-02,1.72257751e-02,1.65589570e-02,1.78460647e-02,1.89721611e-02,1.97547210e-02,1.95553563e-02,1.81128477e-02,1.69076247e-02,1.78063990e-02,1.79459324e-02,1.63953955e-02,1.50107232e-02,1.43759190e-02,1.14785431e-02,9.49832330e-03,8.09669303e-03,5.99789294e-03,2.49660312e-03,-1.24703737e-03,-3.90149736e-03,-3.26375575e-03,-8.74599128e-04,1.71404867e-03,5.00514913e-03,7.96446334e-03,9.13628962e-03,9.02426690e-03,1.08683165e-02,1.31100449e-02,1.48876737e-02
-2.16120821e-02,-1.64534008e-02,-1.01501373e-02,-3.42204142e-03,1.14033589e-03,4.83724761e-03,7.02895220e-03,8.15835689e-03,9.70711438e-03,1.25302109e-02,1.57220881e-02,1.95074567e-02,2.33240814e-02,2.85834062e-02,3.54073346e-02,3.96766764e-02,4.36457420e-02,4.57678628e-02,4.58598593e-02,4.72034460e-02,4.84109461e-02,4.87613331e-02,4.81701038e-02,4.85418468e-02,5.08130529e-02,5.29552640e-02,5.42300824e-02,5.44711069e-02,5.19636972e-02,4.86611648e-02,4.40280138e-02,4.18078890e-02,3.93176253e-02,3.61691151e-02,3.15222534e-02,2.71452704e-02,2.31713309e-02,1.94147466e-02,1.55746720e-02,1.12717139e-02,6.20978803e-03,2.46392587e-03,-1.62274068e-03,-4.39846889e-03,-8.24707153e-03,-1.46838835e-02,-2.02701628e-02,-2.39732602e-02,-2.73619115e-02,-2.80825406e-02,-2.85925553e-02,-2.80700962e-02,-2.66546375e-02,-2.57809807e-02,-2.72788297e-02,-2.95691654e-02,-3.35321610e-02,-3.79936568e-02,-4.26653688e-02,-4.43728308e-02,-4.29090379e-02,-3.98419302e-02,-3.38975952e-02,-2.79497176e-02
1.44147109e-02,1.47344793e-02,1.36656384e-02,1.17905061e-02,8.34979766e-03,6.39477078e-03,5.99010269e-03,7.42919324e-03,1.03800427e-02,1.33396792e-02,1.58772042e-02,1.91298625e-02,2.03519867e-02,2.06285130e-02,2.09439699e-02,2.16559354e-02,2.13992339e-02,1.99481501e-02,1.56121630e-02,1.38108782e-02,1.14399304e-02,1.14941567e-02,1.00463558e-02,1.02176865e-02,1.00344869e-02,1.14721217e-02,1.35568879e-02,1.58741619e-02,1.78487803e-02,2.20790115e-02,2.80064324e-02,3.19831817e-02,3.50082781e-02,3.79666185e-02,4.31561706e-02,4.46369000e-02,4.37815520e-02,4.28884635e-02,4.18541155e-02,3.83574497e-02,3.47120978e-02,3.23396823e-02,3.01166008e-02,2.91591993e-02,3.05459383e-02,3.16436608e-02,3.19339733e-02,3.31340180e-02,3.28778403e-02,3.21215007e-02,3.24720927e-02,3.21499735e-02,3.30951262e-02,3.38579973e-02,3.25980335e-02,2.88144279e-02,2.48171871e-02,2.09130920e-02,1.77390460e-02,1.49982516e-02,1.35525823e-02,1.46040367e-02,1.48533616e-02,1.54247794e-02
4.48135928e-02,4.06044345e-02,3.78372911e-02,3.47926291e-02,3.24224764e-02,2.98716452e-02,2.49357440e-02,2.02256475e-02,1.82794691e-02,1.61495241e-02,1.29200694e-02,9.55383342e-03,6.20149508e-03,1.62061169e-03,-4.60140834e-03,-1.20416431e-02,-1.93099947e-02,-2.45410747e-02,-3.04012489e-02,-3.45709130e-02,-3.71543308e-02,-3.96576995e-02,-4.11955421e-02,-4.37622705e-02,-4.68230904e-02,-5.15744895e-02,-5.54080681e-02,-5.86777234e-02,-6.39771470e-02,-6.86436428e-02,-7.14172694e-02,-7.37852190e-02,-7.48366876e-02,-7.48700304e-02,-7.14731216e-02,-6.77565657e-02,-6.75208926e-02,-6.56105675e-02,-6.29817336e-02,-5.87818253e-02,-5.41793972e-02,-4.71168766e-02,-3.87057754e-02,-2.99477082e-02,-2.30279065e-02,-1.73016784e-02,-1.23408868e-02,-8.46573452e-03,-4.11386145e-03,-2.16325161e-03,8.12007344e-04,5.27144039e-03,1.08462836e-02,1.82981502e-02,2.53955241e-02,3.39697134e-02,4.08365082e-02,4.30332489e-02,4.43591706e-02,4.54390655e-02,4.68011390e-02,4.78039405e-02,4.70722866e-02,4.66326468e-02
-7.60757596e-03,-6.38408025e-03,-3.78496181e-03,9.07978763e-04,3.46961477e-03,5.41378698e-03,9.75818368e-03,1.24804676e-02,1.44935120e-02,1.43522465e-02,1.48171810e-02,1.75252166e-02,1.91345589e-02,1.96315253e-02,1.95812437e-02,1.79369174e-02,1.61820345e-02,1.52527914e-02,1.47878478e-02,1.55144437e-02,1.31840075e-02,1.18829314e-02,1.25966207e-02,1.37689964e-02,1.49868419e-02,1.66185091e-02,1.71001257e-02,1.61072023e-02,1.53950598e-02,1.48650527e-02,1.20239181e-02,1.11094754e-02,1.01796757e-02,9.34436020e-03,9.82228067e-03,1.09414486e-02,1.27186062e-02,1.32763181e-02,1.28039104e-02,1.33346635e-02,1.30554515e-02,1.29219174e-02,1.34901747e-02,1.27187419e-02,1.31084061e-02,1.30032871e-02,1.11104704e-02,7.92726280e-03,2.88049680e-03,-3.69857594e-03,-8.97239703e-03,-1.23378984e-02,-1.37639013e-02,-1.31843245e-02,-1.17446307e-02,-8.57736355e-03,-7.62180928e-03,-7.13437265e-03,-4.63616874e-03,-4.13808504e-03,-4.10953816e-03,-6.19332673e-03,-7.08178803e-03,-7.35340131e-03
-2.19852844e-02,-2.14513778e-02,-1.92330497e-02,-1.76098658e-02,-1.76090391e-02,-1.76579392e-02,-1.75301679e-02,-1.90635616e-02,-2.06253713e-02,-2.27725578e-02,-2.35757833e-02,-2.28148424e-02,-2.21425363e-02,-2.21380147e-02,-2.05406734e-02,-1.82822315e-02,-1.47938635e-02,-1.22775999e-02,-9.30083425e-03,-6.22235056e-03,-3.90281844e-03,-1.73927173e-03,3.54081125e-03,1.01944311e-02,1.63028438e-02,1.82426484e-02,1.77370432e-02,1.83039352e-02,1.80065120e-02,1.56949655e-02,1.49683904e-02,1.25221052e-02,9.21541034e-03,6.19182113e-03,4.42903398e-03,2.87033905e-03,1.72174562e-03,-1.01823905e-03,-2.63664813e-03,-1.80200769e-03,-3.30506692e-03,-5.98442400e-03,-6.80421530e-03,-7.91338052e-03,-8.98894167e-03,-9.43597840e-03,-8.37259192e-03,-6.23297023e-03,-6.57015350e-03,-1.03727586e-02,-1.36196017e-02,-1.65850309e-02,-1.93860568e-02,-2.17086563e-02,-2.49915946e-02,-2.73764563e-02,-2.88741762e-02,-3.05658657e-02,-3.13680596e-02,-3.00579839e-02,-2.65881471e-02,-2.50889742e-02,-2.34092235e-02,-2.12549290e-02
-4.61308119e-02,-4.79697619e-02,-5.00210121e-02,-5.00717638e-02,-5.15962336e-02,-5.27648017e-02,-5.22410182e-02,-5.04582261e-02,-5.10791664e-02,-5.24452944e-02,-4.97355767e-02,-4.58911499e-02,-4.27254302e-02,-4.04876114e-02,-4.12816771e-02,-4.31172290e-02,-4.29948439e-02,-4.26700746e-02,-4.32070771e-02,-4.27892368e-02,-4.38445990e-02,-4.42878502e-02,-4.46437752e-02,-4.43059532e-02,-4.50089424e-02,-4.71675869e-02,-4.95378470e-02,-5.29715129e-02,-5.56066213e-02,-5.99150454e-02,-6.23659614e-02,-6.33223085e-02,-6.32670578e-02,-6.34603613e-02,-6.43978886e-02,-6.44714255e-02,-6.51103044e-02,-6.52987086e-02,-6.26569501e-02,-5.82650968e-02,-5.40388603e-02,-4.76067423e-02,-4.15112523e-02,-3.54543919e-02,-3.02590219e-02,-2.43438685e-02,-2.10399751e-02,-1.75607461e-02,-1.58953444e-02,-1.77686758e-02,-1.92863062e-02,-2.28945103e-02,-2.54049321e-02,-2.80710120e-02,-3.07128677e-02,-3.21708229e-02,-3.23565905e-02,-3.50423824e-02,-3.85529478e-02,-4.18400167e-02,-4.24561329e-02,-4.32395110e-02,-4.37679341e-02,-4.43479415e-02
2.28155145e-02,2.37559573e-02,2.35660431e-02,2.11457629e-02,1.78761353e-02,1.33642100e-02,8.97852107e-03,4.59537679e-03,2.17322737e-04,-2.62685189e-03,-2.83129506e-03,-2.22079702e-03,-7.28422376e-04,1.74667604e-03,1.68091551e-03,1.94838713e-03,3.30548558e-03,4.53682952e-03,5.50303139e-03,5.29282380e-03,6.48284674e-03,6.00217177e-03,3.82860100e-03,2.34802064e-03,7.48239872e-04,2.58787284e-04,-2.47513976e-03,-4.60016965e-03,-6.42411716e-03,-8.61098227e-03,-1.01350655e-02,-1.10839126e-02,-1.28022042e-02,-1.23581647e-02,-1.00368974e-02,-9.66148044e-03,-1.01350232e-02,-9.23042341e-03,-9.21650869e-03,-1.03570995e-02,-1.18475846e-02,-1.18528682e-02,-9.39819752e-03,-7.77275014e-03,-6.34629799e-03,-6.84886650e-03,-6.90402061e-03,-6.03793213e-03,-6.54196349e-03,-3.19938907e-03,-1.08598056e-03,1.48058663e-03,2.61846946e-03,3.36483987e-03,5.11757955e-03,4.81378537e-03,3.83008647e-03,4.67825098e-03,6.94398908e-03,8.28803946e-03,1.26484905e-02,1.72978540e-02,2.00221061e-02,2.08045583e-02
-2.20095909e-02,-1.80632556e-02,-1.74414281e-02,-1.84091432e-02,-1.86611372e-02,-1.82524722e-02,-1.64548974e-02,-1.50102024e-02,-1.55173051e-02,-1.71334698e-02,-1.79351490e-02,-1.97968549e-02,-1.96123933e-02,-1.94176596e-02,-1.56140808e-02,-1.24547406e-02,-9.67168557e-03,-7.27294175e-03,-7.08002549e-03,-6.57546309e-03,-2.53657254e-03,9.10911862e-04,2.62051504e-03,2.43192467e-03,2.52638317e-03,4.02681385e-03,4.87549051e-03,4.39512710e-03,5.26945012e-03,5.41314031e-03,7.13659569e-03,8.64285262e-03,1.19609455e-02,1.56286790e-02,1.84810811e-02,2.02604402e-02,2.09333417e-02,2.13103187e-02,2.35654217e-02,2.60370005e-02,2.86051554e-02,3.23958164e-02,3.36201216e-02,3.50785372e-02,3.54516171e-02,3.35155588e-02,3.10061418e-02,2.99103666e-02,2.82136800e-02,2.61923146e-02,2.42241017e-02,2.28614051e-02,2.19445291e-02,2.19927170e-02,2.09497662e-02,1.73119690e-02,1.17593897e-02,6.43469806e-03,1.64914060e-04,-5.76682939e-03,-1.28441921e-02,-1.94200615e-02,-2.38403332e-02,-2.35774045e-02
-2.97555137e-02,-3.06997395e-02,-2.88417361e-02,-2.76157296e-02,-2.46862744e-02,-2.06664657e-02,-1.57290433e-02,-1.15177071e-02,-8.97526583e-03,-7.56530215e-03,-6.25265201e-03,-6.14658269e-03,-7.40426321e-03,-1.00994860e-02,-1.41235254e-02,-1.65940806e-02,-1.71029708e-02,-1.84057075e-02,-1.90589574e-02,-1.69953322e-02,-1.56308271e-02,-1.49579998e-02,-1.55871237e-02,-1.49684482e-02,-1.19573858e-02,-6.33407431e-03,-1.65078782e-03,5.73193827e-03,1.25058517e-02,1.78912251e-02,2.34629954e-02,2.81892590e-02,3.29978203e-02,3.40190796e-02,3.43889728e-02,3.49594448e-02,3.69905306e-02,4.07835161e-02,4.54385899e-02,4.97362268e-02,5.42214858e-02,5.56976334e-02,5.51517843e-02,5.50220874e-02,5.36521754e-02,5.17545454e-02,4.91823335e-02,4.73983315e-02,4.28908686e-02,3.70014595e-02,3.15974367e-02,2.49005944e-02,1.70255076e-02,8.75192674e-03,5.24272839e-04,-6.46133855e-03,-1.11648934e-02,-1.37123967e-02,-1.48641979e-02,-1.35791063e-02,-1.28972603e-02,-1.41365698e-02,-1.90047643e-02,-2.51197057e-02
-1.28819672e-02,-1.27724612e-02,-1.25957546e-02,-1.18440049e-02,-1.10622296e-02,-9.64047758e-03,-9.66321379e-03,-9.58009648e-03,-8.47227441e-03,-7.63658471e-03,-8.10817986e-03,-7.82406072e-03,-5.78633649e-03,-4.89953964e-03,-4.28290122e-03,-5.55669698e-03,-6.93611989e-03,-9.45880606e-03,-1.36997434e-02,-1.67692524e-02,-1.86911165e-02,-1.91437705e-02,-1.96962875e-02,-2.12439889e-02,-2.05610198e-02,-1.91042228e-02,-1.81913744e-02,-1.66528965e-02,-1.45275934e-02,-1.22089942e-02,-9.12960128e-03,-5.22282952e-03,-3.90441893e-03,-4.75534816e-03,-8.13460321e-03,-1.35489758e-02,-1.96328508e-02,-2.40759295e-02,-2.54700338e-02,-2.31415134e-02,-2.20808025e-02,-2.32400515e-02,-2.64318356e-02,-2.90626732e-02,-2.97797310e-02,-2.82584507e-02,-2.78302192e-02,-2.82356527e-02,-2.67504104e-02,-2.66227703e-02,-2.77020727e-02,-2.99134397e-02,-2.93433990e-02,-2.77916363e-02,-2.71824296e-02,-2.64755189e-02,-2.59258263e-02,-2.73282528e-02,-2.73003585e-02,-2.70018661e-02,-2.69262197e-02,-2.31563493e-02,-1.75065677e-02,-1.34524786e-02
-2.41075978e-02,-2.55427557e-02,-2.61775004e-02,-2.44021706e-02,-1.98510208e-02,-1.84158011e-02,-1.57060600e-02,-1.45111323e-02,-1.33689419e-02,-1.18286958e-02,-1.18730602e-02,-1.40675532e-02,-1.95931034e-02,-2.35266279e-02,-2.63925569e-02,-2.72262780e-02,-2.53255273e-02,-2.60124039e-02,-2.83157187e-02,-3.14477600e-02,-3.36194600e-02,-3.45123810e-02,-3.17993958e-02,-2.91778312e-02,-2.74949515e-02,-2.69510923e-02,-2.57797675e-02,-2.13519434e-02,-1.66655640e-02,-1.25082521e-02,-7.86418595e-03,-4.19287478e-03,-1.15366379e-03,1.76819041e-03,5.39208094e-03,8.26741984e-03,9.96701732e-03,1.00628664e-02,9.57164699e-03,9.78355872e-03,9.85599012e-03,1.02073007e-02,1.06176061e-02,9.59355880e-03,7.90171028e-03,6.80589927e-03,5.17470573e-03,2.46573852e-03,-1.56103811e-03,-5.51844779e-03,-7.64833270e-03,-8.28012962e-03,-8.82764096e-03,-8.24286483e-03,-8.57650672e-03,-9.06515234e-03,-1.06796206e-02,-1.19005275e-02,-1.21606328e-02,-1.27275790e-02,-1.55927629e-02,-1.76742827e-02,-1.85570335e-02,-2.19730553e-02
5.68672846e-02,5.88070727e-02,6.28129853e-02,6.52773405e-02,6.43352971e-02,6.14059300e-02,5.78767676e-02,5.24998107e-02,4.94411291e-02,4.63441437e-02,4.32054137e-02,3.80160147e-02,3.50280191e-02,3.35277947e-02,3.09209090e-02,2.66192917e-02,2.16831003e-02,1.66006359e-02,1.60936090e-02,1.68379491e-02,1.77070072e-02,1.71351678e-02,1.59748181e-02,1.51830496e-02,1.29649178e-02,1.06001184e-02,6.70255110e-03,3.28234918e-03,3.08921914e-03,3.96724094e-03,2.80287685e-03,2.28286540e-03,3.16740330e-04,-1.78237712e-03,-1.17680305e-03,-3.76840487e-04,-4.27475707e-04,1.30151947e-03,2.21935028e-03,3.34225362e-03,5.66599077e-03,9.86086551e-03,1.36601559e-02,1.64987033e-02,2.01317538e-02,2.51743695e-02,2.95966495e-02,3.49867559e-02,3.92324610e-02,4.12421665e-02,4.27698876e-02,4.34598662e-02,4.51702274e-02,4.58131680e-02,4.68714349e-02,4.63185730e-02,4.81382189e-02,4.94046760e-02,5.02869282e-02,5.27292389e-02,5.52643336e-02,5.63191281e-02,5.72946881e-02,5.63989331e-02
2.40151793e-03,8.01912912e-03,1.06116802e-02,1.19758393e-02,1.38890251e-02,1.64403586e-02,1.51025576e-02,1.33117917e-02,1.44568824e-02,1.80137821e-02,1.95835800e-02,2.09652694e-02,2.06562196e-02,2.06120159e-02,1.99120226e-02,1.92807574e-02,1.82909125e-02,1.74830827e-02,1.60302284e-02,1.24587421e-02,7.05131573e-03,2.16692299e-03,-1.69002660e-03,-4.77596361e-03,-7.62590516e-03,-9.22361779e-03,-8.23755799e-03,-6.77098595e-03,-7.53303693e-03,-1.00548333e-02,-1.23925489e-02,-1.43728203e-02,-1.44832809e-02,-1.48432088e-02,-1.38675965e-02,-1.21782553e-02,-1.17678002e-02,-1.34788404e-02,-1.46908993e-02,-1.41332520e-02,-1.14579241e-02,-7.07945636e-03,-2.91837701e-03,9.33751496e-05,-2.47347688e-04,-2.48718535e-03,-2.34526518e-03,-1.11483901e-03,-2.78822876e-03,-5.88617865e-03,-8.64983493e-03,-1.01007551e-02,-1.11520324e-02,-1.30839543e-02,-1.45511998e-02,-1.47621037e-02,-1.33676454e-02,-1.20990380e-02,-1.24938550e-02,-1.17942475e-02,-1.09062907e-02,-8.81598976e-03,-5.63687434e-03,-1.18483492e-03
8.24774321e-03,8.11794659e-03,6.16348396e-03,4.68612985e-03,4.02260514e-03,6.85529016e-03,8.27139036e-03,9.53383492e-03,1.11259710e-02,1.22831206e-02,1.31379777e-02,1.31992358e-02,1.32388815e-02,1.24013376e-02,1.23334106e-02,1.32277009e-02,1.23727226e-02,1.29482678e-02,1.42607958e-02,1.62074072e-02,1.76999475e-02,1.67858175e-02,1.73500801e-02,1.75589751e-02,1.69004124e-02,1.75320053e-02,2.04504246e-02,2.30917673e-02,2.45270585e-02,2.59426975e-02,2.79346506e-02,2.90273795e-02,2.74578178e-02,2.94161304e-02,2.92123905e-02,2.91281882e-02,2.96805165e-02,3.04975539e-02,3.08008516e-02,3.26861915e-02,3.29204158e-02,3.28942183e-02,3.32837372e-02,3.18321496e-02,2.85587890e-02,2.70909993e-02,2.64211521e-02,2.58690177e-02,2.65281488e-02,2.76589827e-02,2.63226878e-02,2.47806761e-02,2.31635702e-02,2.22392916e-02,2.24135370e-02,2.04847703e-02,1.75795934e-02,1.52182684e-02,1.32291279e-02,1.41990525e-02,1.48129439e-02,1.34369081e-02,1.04717511e-02,8.40088593e-03
2.62421002e-02,2.92327890e-02,3.38224513e-02,3.68067742e-02,3.80668492e-02,3.87218694e-02,4.09395227e-02,4.43033618e-02,4.83870807e-02,4.90648154e-02,4.99564858e-02,5.25841774e-02,5.19603785e-02,4.96164325e-02,4.78233755e-02,4.40390990e-02,3.84445751e-02,3.33962770e-02,2.87480239e-02,2.58776142e-02,2.11249055e-02,1.59454194e-02,1.34144201e-02,1.49357327e-02,1.83171157e-02,1.88408373e-02,1.89146324e-02,1.52826049e-02,1.20730256e-02,9.66517992e-03,7.66340836e-03,7.99259644e-03,9.55334015e-03,1.17330435e-02,1.28484968e-02,1.43411236e-02,1.58314985e-02,1.63981136e-02,1.64333195e-02,1.47930237e-02,1.58754827e-02,1.50823268e-02,1.31320380e-02,1.18313186e-02,1.13290847e-02,1.04628487e-02,8.41378592e-03,6.82595451e-03,3.94871621e-03,3.59815587e-03,3.02518366e-03,3.36296284e-03,1.95534646e-03,9.09444265e-04,-8.86624268e-04,-1.23320546e-03,-2.90268406e-04,2.84513710e-03,6.85318086e-03,9.40503647e-03,1.30238360e-02,1.47946998e-02,1.77445965e-02,2.19843258e-02
-2.81407248e-02,-3.00148911e-02,-3.18036014e-02,-3.27719317e-02,-3.05457310e-02,-2.81077944e-02,-2.64702852e-02,-2.40287719e-02,-2.05503355e-02,-1.69319240e-02,-1.26603056e-02,-7.61540297e-03,-3.12696924e-03,-2.01176660e-03,-8.30393384e-04,1.53587919e-03,3.98012839e-03,7.02981279e-03,9.24689478e-03,9.02538691e-03,9.01901871e-03,9.20257409e-03,1.01637258e-02,1.16737524e-02,1.27551747e-02,1.45811730e-02,1.64485948e-02,1.94561771e-02,2.08568362e-02,2.04294900e-02,1.80824282e-02,1.73286395e-02,1.38106254e-02,1.03579601e-02,6.63582885e-03,4.22598846e-03,8.91644060e-04,-2.92220132e-03,-6.57371818e-03,-8.15507782e-03,-9.51105751e-03,-1.14250436e-02,-1.38574006e-02,-1.67319475e-02,-2.01234176e-02,-2.03263504e-02,-1.80181991e-02,-1.47123005e-02,-1.02431688e-02,-4.87343692e-03,-7.14730228e-04,2.43573887e-03,2.76474243e-03,3.86515618e-03,4.55320944e-03,2.47351643e-03,-1.57386788e-03,-6.02496334e-03,-1.05880442e-02,-1.41256686e-02,-1.55160699e-02,-1.71350027e-02,-2.05593466e-02,-2.46828844e-02
4.47195969e-02,4.40698094e-02,4.38305614e-02,4.27586349e-02,3.90600445e-02,3.31770034e-02,2.68157017e-02,2.15520741e-02,1.38426603e-02,7.06928777e-03,5.98068038e-04,-5.34391923e-03,-7.94054661e-03,-1.03795538e-02,-1.34473897e-02,-1.73925366e-02,-2.10058345e-02,-2.26389724e-02,-2.43116417e-02,-2.74529081e-02,-2.94432840e-02,-3.05508908e-02,-3.04399248e-02,-3.00688511e-02,-3.13407777e-02,-3.24793827e-02,-3.43435901e-02,-3.56704229e-02,-3.57549804e-02,-3.36868129e-02,-3.35178523e-02,-3.03506951e-02,-2.83034249e-02,-2.69529367e-02,-2.67835714e-02,-2.76951191e-02,-2.80708047e-02,-2.84113338e-02,-3.30627115e-02,-3.64790590e-02,-3.73715293e-02,-3.86864672e-02,-3.84669112e-02,-3.64494867e-02,-3.18851025e-02,-2.58637314e-02,-1.96894140e-02,-1.43704884e-02,-1.09426861e-02,-9.25334423e-03,-3.98194870e-03,2.01901492e-03,6.71034871e-03,1.14683967e-02,1.57268022e-02,1.88615924e-02,2.32965500e-02,2.79528905e-02,3.38052209e-02,3.69352582e-02,3.73884991e-02,3.93699754e-02,4.25207331e-02,4.43578003e-02
2.17138280e-02,2.52557501e-02,2.80508432e-02,3.02491637e-02,3.00288291e-02,2.68696059e-02,2.19496263e-02,1.81014550e-02,1.40602770e-02,9.76246519e-03,7.16573503e-03,6.21490484e-03,5.06525569e-03,4.06617445e-03,3.74751892e-03,3.47342189e-03,4.74069636e-03,5.84785810e-03,6.91463214e-03,7.88727836e-03,8.13787270e-03,8.95280434e-03,8.50310891e-03,7.85376632e-03,7.75408840e-03,7.18621250e-03,6.56316296e-03,3.16773705e-03,-2.31710484e-03,-5.34262416e-03,-5.41795254e-03,-6.49340946e-03,-9.58048722e-03,-1.17584469e-02,-1.19141088e-02,-1.25183594e-02,-1.48881986e-02,-1.72266810e-02,-1.82882687e-02,-1.86730668e-02,-1.90821360e-02,-1.87546356e-02,-1.98977648e-02,-2.07364637e-02,-2.23134408e-02,-2.29968430e-02,-2.33207984e-02,-2.22844918e-02,-1.99202499e-02,-1.87569484e-02,-1.77458180e-02,-1.25842936e-02,-7.74660472e-03,-4.47679480e-03,-1.25559257e-03,3.37233410e-03,7.21353281e-03,1.23260090e-02,1.48886433e-02,1.60127127e-02,1.53087890e-02,1.28592772e-02,1.23612922e-02,1.69883941e-02
1.76588699e-02,1.87592711e-02,1.96722752e-02,1.98585406e-02,2.01636403e-02,2.14338416e-02,2.06148124e-02,2.19033922e-02,2.25852571e-02,2.26369386e-02,2.12812301e-02,1.82152624e-02,1.69855177e-02,1.72220071e-02,1.77420527e-02,1.72985987e-02,1.70204241e-02,1.66466397e-02,1.66999620e-02,1.66580769e-02,1.76373847e-02,1.80546422e-02,1.70202381e-02,1.48498589e-02,1.14683574e-02,9.90843755e-03,9.11127083e-03,7.82833169e-03,6.32073748e-03,4.93729790e-03,6.29049893e-03,8.40806278e-03,9.54816687e-03,9.82373427e-03,7.77813215e-03,6.19542085e-03,4.09980432e-03,1.66069555e-03,-1.36729329e-03,-4.72805308e-03,-8.77717071e-03,-1.28085336e-02,-1.59395745e-02,-1.89269324e-02,-2.00932491e-02,-2.23809099e-02,-2.28225240e-02,-2.29390588e-02,-2.26323221e-02,-2.07034809e-02,-1.84002035e-02,-1.57889592e-02,-1.16203568e-02,-6.70713683e-03,-2.75275451e-03,2.35019890e-03,7.96436082e-03,1.14743455e-02,1.33967972e-02,1.40866276e-02,1.47835489e-02,1.50686579e-02,1.44750167e-02,1.53142330e-02
3.50299544e-02,3.71539723e-02,4.13312024e-02,4.72044858e-02,4.81067784e-02,4.61039889e-02,4.46470909e-02,4.36363730e-02,4.30843870e-02,4.35667167e-02,4.17664685e-02,3.98854524e-02,3.83057344e-02,3.76733277e-02,3.74644719e-02,3.80998846e-02,3.73293567e-02,3.39994539e-02,2.98001944e-02,2.72980145e-02,2.52937415e-02,2.36904863e-02,2.23677472e-02,2.41688505e-02,2.58951965e-02,2.51690917e-02,2.49996229e-02,2.54335462e-02,2.43603266e-02,2.18466629e-02,1.84210126e-02,1.69931865e-02,1.62692935e-02,1.49170162e-02,1.29343460e-02,1.00158843e-02,6.23163187e-03,2.21409934e-03,-8.87612319e-04,-3.03580075e-03,-4.34532694e-03,-5.78766266e-03,-1.07046443e-02,-1.37506432e-02,-1.44955572e-02,-1.28018720e-02,-9.53110558e-03,-5.37319053e-03,4.72807820e-04,6.00607645e-03,9.83805036e-03,1.39598928e-02,1.63883357e-02,1.95878850e-02,2.04534413e-02,2.23348605e-02,2.28431440e-02,2.25869164e-02,2.39544716e-02,2.65869751e-02,2.90289176e-02,2.96835112e-02,3.16516024e-02,3.35726059e-02
-2.07359366e-02,-2.87363544e-02,-3.28357023e-02,-3.52857751e-02,-3.85966886e-02,-4.25399890e-02,-4.54107629e-02,-4.74575878e-02,-5.08955721e-02,-5.55484269e-02,-5.65531507e-02,-5.59289207e-02,-5.35188860e-02,-4.97735665e-02,-4.68801358e-02,-4.27640883e-02,-4.00900211e-02,-3.95613546e-02,-3.76475899e-02,-3.38816767e-02,-2.73069120e-02,-1.89625603e-02,-9.93324205e-03,-1.37104490e-03,6.47031272e-03,1.08204293e-02,1.66650066e-02,1.96412073e-02,1.90129910e-02,1.90945417e-02,1.99134150e-02,2.18887566e-02,2.31509571e-02,2.24379329e-02,2.23053819e-02,2.24064918e-02,2.36723607e-02,2.67178836e-02,2.97077788e-02,3.20654644e-02,3.29321833e-02,3.53503030e-02,3.70687279e-02,3.68815967e-02,3.57872617e-02,3.40473767e-02,3.10303871e-02,2.71159125e-02,2.44018760e-02,2.04442656e-02,1.57357315e-02,1.14201861e-02,1.06249229e-02,1.12652617e-02,1.05288014e-02,9.36058032e-03,7.56243058e-03,5.34907933e-03,3.01159720e-03,-6.94947446e-05,-3.63296220e-03,-4.23699206e-03,-6.30225658e-03,-1.31884894e-02
1.94987883e-02,2.21384304e-02,2.18903868e-02,2.06846524e-02,2.11054607e-02,2.10500852e-02,1.86431997e-02,1.65456991e-02,1.51075059e-02,1.56602018e-02,1.76317699e-02,2.03650008e-02,2.21750800e-02,2.36222929e-02,2.48613332e-02,2.47495003e-02,2.48093864e-02,2.46801795e-02,2.53220199e-02,2.82497513e-02,3.11069755e-02,3.37513932e-02,3.53062387e-02,3.70124184e-02,3.85672117e-02,4.00642492e-02,3.88623444e-02,3.66702782e-02,3.54460865e-02,3.51890077e-02,3.63513575e-02,3.66940505e-02,3.65179826e-02,3.71250483e-02,3.54952266e-02,3.43230568e-02,3.36709616e-02,3.38112192e-02,3.17679384e-02,2.71688956e-02,2.32875880e-02,2.39609229e-02,2.65024136e-02,2.87163590e-02,3.07693503e-02,3.34060517e-02,3.58655760e-02,3.87410210e-02,4.15715487e-02,4.29424413e-02,4.13521600e-02,3.64389090e-02,3.35466899e-02,3.33601937e-02,3.53011051e-02,3.66285099e-02,3.84962934e-02,4.07110068e-02,4.07157274e-02,3.84090904e-02,3.34054254e-02,2.88476383e-02,2.34722178e-02,2.07898024e-02
-7.94823227e-03,-5.61144899e-03,-5.47026734e-03,-9.43349079e-03,-1.26189965e-02,-1.37919680e-02,-1.34943155e-02,-1.36759448e-02,-1.48550271e-02,-1.66568107e-02,-1.68346371e-02,-1.76197303e-02,-1.68395056e-02,-1.61206541e-02,-1.61333331e-02,-1.67348152e-02,-1.96560719e-02,-2.39895894e-02,-2.73546090e-02,-2.83874759e-02,-2.93298496e-02,-3.07520435e-02,-3.11597061e-02,-3.23208862e-02,-3.49761680e-02,-3.83108139e-02,-4.08461798e-02,-4.34664600e-02,-4.81991523e-02,-5.06992234e-02,-5.01969433e-02,-4.78177394e-02,-4.60470847e-02,-4.75418157e-02,-4.77974658e-02,-4.85382723e-02,-4.99229714e-02,-5.19013132e-02,-5.27546880e-02,-5.51509328e-02,-5.97806235e-02,-6.46210427e-02,-6.90927643e-02,-7.35743351e-02,-7.86844808e-02,-8.29359297e-02,-8.41085431e-02,-8.18358082e-02,-8.09767357e-02,-7.86266490e-02,-7.71752219e-02,-7.54223081e-02,-7.04640819e-02,-6.58966989e-02,-6.11717160e-02,-5.60892080e-02,-5.21409904e-02,-4.71794673e-02,-4.12944318e-02,-3.46402231e-02,-2.79118675e-02,-2.15960688e-02,-1.50652458e-02,-1.09248499e-02
-2.61435005e-02,-2.72584101e-02,-2.76599523e-02,-3.03361829e-02,-3.22138412e-02,-3.28496518e-02,-3.35519724e-02,-3.56493753e-02,-3.56593533e-02,-3.33411686e-02,-3.10927085e-02,-2.75031724e-02,-2.22122569e-02,-1.73684385e-02,-1.23988088e-02,-9.25680863e-03,-6.60719099e-03,-5.98735162e-03,-4.71922045e-03,-3.54043760e-03,-4.49395326e-03,-8.80265362e-03,-1.53942064e-02,-2.17400425e-02,-2.50983918e-02,-2.87437858e-02,-3.14156215e-02,-3.39664510e-02,-3.62286768e-02,-3.69141921e-02,-3.80830888e-02,-3.55276067e-02,-3.43888271e-02,-3.49283362e-02,-3.51422980e-02,-3.48126209e-02,-3.43170772e-02,-3.19781644e-02,-2.78464801e-02,-2.28019823e-02,-1.92419077e-02,-1.64765080e-02,-1.37682182e-02,-1.21724817e-02,-1.17191712e-02,-1.49178337e-02,-1.89228093e-02,-2.19821831e-02,-2.34642096e-02,-2.40154819e-02,-2.57913677e-02,-2.76593992e-02,-2.79644174e-02,-2.69516277e-02,-2.29455164e-02,-1.93026971e-02,-1.58138571e-02,-1.47279161e-02,-1.56255702e-02,-1.56298376e-02,-1.79455715e-02,-2.04479874e-02,-2.24416736e-02,-2.48498004e-02
1.96995783e-02,1.67143227e-02,1.26157049e-02,8.10674194e-03,4.51241549e-03,-2.75884372e-04,-2.72098507e-03,-7.61153976e-03,-1.44909218e-02,-1.90041623e-02,-2.16399674e-02,-2.43200632e-02,-2.64869269e-02,-2.68881184e-02,-2.60326051e-02,-2.40622055e-02,-2.42473134e-02,-2.26572097e-02,-2.05521645e-02,-1.78799281e-02,-1.47498848e-02,-1.17033722e-02,-8.97881988e-03,-5.39088548e-03,-2.85679716e-03,6.23230815e-04,6.41541195e-03,1.32064253e-02,2.01645995e-02,2.58721845e-02,3.04277488e-02,3.40486302e-02,3.64248007e-02,3.75632328e-02,3.77253645e-02,3.50199335e-02,3.24026042e-02,3.22575679e-02,3.30834146e-02,3.33326011e-02,3.47612726e-02,3.70292847e-02,3.91970098e-02,3.90874745e-02,3.61523688e-02,3.47367530e-02,3.39965345e-02,3.35652079e-02,3.13236076e-02,2.92275745e-02,2.82519380e-02,2.54001832e-02,2.23569284e-02,1.98508797e-02,1.79411852e-02,1.87624856e-02,2.14342337e-02,2.10979113e-02,1.99089876e-02,1.77716170e-02,1.84391134e-02,2.14631568e-02,2.22841328e-02,2.15674453e-02
-3.74362453e-02,-3.46766005e-02,-3.31849560e-02,-3.13139153e-02,-3.07688581e-02,-3.01934753e-02,-3.01672645e-02,-3.01241441e-02,-2.86742648e-02,-2.57497025e-02,-2.35403188e-02,-2.27646073e-02,-2.33427033e-02,-2.17269178e-02,-1.78144145e-02,-1.23544114e-02,-8.45104369e-03,-6.09307729e-03,-3.62769011e-03,-2.22681797e-05,2.91321059e-03,4.61969024e-03,8.01559863e-03,1.00646753e-02,1.00947450e-02,1.11034273e-02,1.29328687e-02,1.56717985e-02,1.67795206e-02,1.52969921e-02,1.27192112e-02,8.62473464e-03,5.48383556e-03,2.13805828e-03,-3.61525484e-05,-4.35339069e-03,-6.38405465e-03,-6.25842358e-03,-7.33163552e-03,-8.95947292e-03,-6.53013846e-03,-3.40637316e-03,-9.06008169e-04,1.87530433e-03,2.83629276e-03,7.53076971e-04,-2.08315711e-03,-4.94474357e-03,-4.75313962e-03,-5.92134887e-03,-9.21793932e-03,-1.40534590e-02,-1.81904422e-02,-2.15713519e-02,-2.29084331e-02,-2.57632181e-02,-2.96826124e-02,-3.37592299e-02,-3.56454400e-02,-3.72748997e-02,-3.92541454e-02,-3.96254139e-02,-3.98843729e-02,-3.95137253e-02
-4.42042487e-04,-4.95982221e-03,-6.93163910e-03,-8.31041495e-03,-1.12036608e-02,-1.23664249e-02,-1.20364008e-02,-1.10680498e-02,-1.16251086e-02,-1.30966612e-02,-1.49351460e-02,-1.28730252e-02,-9.98098755e-03,-7.48556212e-03,-4.76295500e-03,-2.19394102e-03,-1.43064084e-03,-2.37500298e-03,-3.91012641e-03,-5.51832277e-03,-6.89126961e-03,-7.23326980e-03,-7.03304906e-03,-4.07960765e-03,8.28225185e-05,4.06074622e-03,5.62641974e-03,7.05385899e-03,7.60032651e-03,7.69027644e-03,6.74283476e-03,5.93000943e-03,6.41429224e-03,7.80910293e-03,8.01292579e-03,6.43646622e-03,4.57771017e-03,3.85226981e-03,3.90379230e-03,5.08610420e-03,5.41080708e-03,6.54863380e-03,5.70350200e-03,5.83588153e-03,6.60570684e-03,8.35080824e-03,1.01607753e-02,1.25337343e-02,1.55545410e-02,2.13670912e-02,2.80062590e-02,3.24850842e-02,3.67271859e-02,3.93361749e-02,3.97462694e-02,3.84265412e-02,3.78997209e-02,3.50514286e-02,2.99348573e-02,2.47941603e-02,1.99132786e-02,1.51094480e-02,9.26210334e-03,3.45337496e-03
-2.12737672e-02,-2.11428078e-02,-2.23926240e-02,-2.40997080e-02,-2.79331489e-02,-2.98394051e-02,-3.19926753e-02,-3.25466768e-02,-3.03697569e-02,-2.94838159e-02,-3.12745072e-02,-3.19205668e-02,-3.18799001e-02,-3.20922194e-02,-3.09138077e-02,-2.90535519e-02,-2.48373627e-02,-1.97150601e-02,-1.55819207e-02,-1.38679791e-02,-1.40110407e-02,-1.77160009e-02,-2.19190089e-02,-2.65106548e-02,-3.01120979e-02,-3.36180950e-02,-3.46069982e-02,-3.52488898e-02,-3.45502646e-02,-3.33605420e-02,-3.21812151e-02,-2.89897568e-02,-2.79915757e-02,-2.83177459e-02,-3.09957977e-02,-3.55420732e-02,-3.81315875e-02,-3.62859105e-02,-3.14011861e-02,-2.85707385e-02,-2.58651747e-02,-2.16855381e-02,-1.80617969e-02,-1.56106886e-02,-1.46632220e-02,-1.50031568e-02,-1.67012277e-02,-1.79714679e-02,-1.89975138e-02,-2.04986654e-02,-2.34619207e-02,-2.54821293e-02,-2.93532838e-02,-3.25132871e-02,-3.46145427e-02,-3.64426136e-02,-3.75501594e-02,-3.59536025e-02,-3.31337039e-02,-2.93742661e-02,-2.59404630e-02,-2.37214833e-02,-2.40914706e-02,-2.32347644e-02
1.88975052e-03,-1.03258558e-03,-5.55954840e-03,-9.16668014e-03,-1.10443146e-02,-1.13814577e-02,-1.05189408e-02,-7.69966782e-03,-3.83665622e-03,8.15425916e-04,5.52490151e-03,1.17488881e-02,1.80557724e-02,2.20345492e-02,2.69336337e-02,3.05137883e-02,3.16294581e-02,3.10671477e-02,2.81502726e-02,2.66325734e-02,2.57257939e-02,2.36152446e-02,2.36623707e-02,2.36373746e-02,2.18913492e-02,1.95239121e-02,1.56250786e-02,1.33300562e-02,1.24594851e-02,1.02649744e-02,1.07361318e-02,1.14100262e-02,1.27590387e-02,1.16715151e-02,9.73848530e-03,7.69697407e-03,6.66273912e-03,5.72350964e-03,4.85050148e-03,4.11892386e-03,6.98273475e-03,1.11045336e-02,1.31395864e-02,1.25570972e-02,1.45434121e-02,1.56981097e-02,1.37974039e-02,1.21106254e-02,1.13840747e-02,1.03239633e-02,9.98785400e-03,8.15125684e-03,7.19041412e-03,5.17579038e-03,2.42567969e-03,2.54099592e-03,3.52046684e-03,4.11275896e-03,5.55477564e-03,6.28058103e-03,6.19598601e-03,6.97303614e-03,6.46432006e-03,4.78010957e-03
-2.61948260e-02,-2.49874061e-02,-2.31032066e-02,-2.30088490e-02,-2.52487418e-02,-2.75428992e-02,-2.75700704e-02,-2.82115761e-02,-3.14564965e-02,-3.29581748e-02,-3.22245658e-02,-3.13740855e-02,-2.98967835e-02,-2.96354308e-02,-2.74892668e-02,-2.38187080e-02,-1.96209409e-02,-1.43748993e-02,-9.06916718e-03,-2.55914644e-03,1.66512506e-03,4.35474968e-03,6.55142770e-03,1.14143036e-02,1.77116894e-02,2.20296057e-02,2.31393755e-02,2.24134252e-02,2.24880892e-02,2.27827090e-02,2.36467409e-02,2.68679940e-02,2.86019098e-02,2.81433794e-02,2.90344701e-02,3.06833441e-02,2.96915891e-02,2.80028389e-02,2.55521320e-02,2.23686410e-02,1.91792598e-02,1.72320189e-02,1.63465968e-02,1.62166453e-02,1.66543074e-02,1.69912938e-02,1.62682884e-02,1.51088946e-02,1.31475893e-02,1.36957923e-02,1.42315826e-02,1.27245652e-02,1.08587752e-02,8.80086243e-03,5.87991316e-03,1.68234562e-04,-6.52079723e-03,-1.14965254e-02,-1.49097641e-02,-1.81507295e-02,-2.10667660e-02,-2.47555319e-02,-2.65431452e-02,-2.64978612e-02
-4.76558200e-02,-4.70992486e-02,-4.82158589e-02,-4.63930919e-02,-4.14735811e-02,-3.70692280e-02,-3.49085796e-02,-3.37049775e-02,-3.11010784e-02,-2.78166592e-02,-2.39006120e-02,-2.02224166e-02,-1.71638018e-02,-1.29158806e-02,-7.44556612e-03,-1.44927545e-03,3.81546940e-03,8.94076139e-03,1.26234402e-02,1.52136441e-02,1.72225238e-02,2.06113078e-02,2.26856140e-02,2.46201954e-02,2.72273159e-02,2.83914812e-02,2.63862054e-02,2.13676995e-02,1.72766415e-02,1.53831878e-02,1.42513584e-02,1.17071036e-02,8.44245206e-03,5.15893221e-03,6.59945154e-04,-2.55641539e-03,-4.13950181e-03,-5.16156840e-03,-4.93357002e-03,-6.52999126e-03,-8.06720435e-03,-1.01003616e-02,-8.55911104e-03,-6.08739539e-03,-6.59384212e-03,-1.11775335e-02,-1.62946857e-02,-2.23260410e-02,-2.66310812e-02,-3.11214360e-02,-3.34419077e-02,-3.46351104e-02,-3.67212828e-02,-3.92421728e-02,-4.04762280e-02,-4.15089407e-02,-4.32098703e-02,-4.34508833e-02,-4.36748016e-02,-4.50661691e-02,-4.90923140e-02,-4.99591704e-02,-5.02586032e-02,-4.98818168e-02
2.77161419e-02,2.29817197e-02,1.83221757e-02,1.50920361e-02,1.13500020e-02,8.12152465e-03,7.52850296e-03,1.00250804e-02,1.23273930e-02,1.50560512e-02,1.95469514e-02,2.90007791e-02,3.80016952e-02,4.51133629e-02,5.26424631e-02,5.97326533e-02,6.63619798e-02,7.20484384e-02,7.64305312e-02,7.88453632e-02,8.11728706e-02,8.36071221e-02,8.33726996e-02,8.24923567e-02,8.20908214e-02,8.14363024e-02,7.98712335e-02,7.89231566e-02,7.71841574e-02,7.55032224e-02,7.23918226e-02,6.77789971e-02,6.10804653e-02,5.41198798e-02,4.70412501e-02,4.18341895e-02,3.79274771e-02,3.32314167e-02,2.92322715e-02,2.82497691e-02,2.77469086e-02,2.80743607e-02,2.94265206e-02,3.25273964e-02,3.48032726e-02,3.95397408e-02,4.63113323e-02,5.48288618e-02,6.14325092e-02,6.66878877e-02,7.06692371e-02,7.45424657e-02,7.71657940e-02,7.74177377e-02,7.46063462e-02,6.99397741e-02,6.41067775e-02,5.89714022e-02,5.50406392e-02,5.19525130e-02,4.80380720e-02,4.26767011e-02,3.79683591e-02,3.30629092e-02
1.49566305e-03,7.71477748e-04,2.72036588e-04,1.33856780e-03,2.97953259e-03,5.67958491e-03,7.75739641e-03,1.04947644e-02,1.13951685e-02,1.13852178e-02,1.37341014e-02,1.86542591e-02,2.03085427e-02,2.05699065e-02,1.98636917e-02,1.84478947e-02,1.52520214e-02,1.42517551e-02,1.52435032e-02,1.62991312e-02,1.71844659e-02,2.04920314e-02,2.35303275e-02,2.56786624e-02,2.70871926e-02,2.88130323e-02,2.88532078e-02,2.83306585e-02,2.68115446e-02,2.49876883e-02,2.34906015e-02,2.07126018e-02,1.79505842e-02,1.46977815e-02,1.47077697e-02,1.48348524e-02,1.53134206e-02,1.53492753e-02,1.47041092e-02,1.13717215e-02,7.41460652e-03,3.89547711e-03,2.09287829e-03,-2.58425230e-04,-1.73996018e-03,-2.61565837e-03,-3.08927400e-03,-2.08043113e-03,-3.31754906e-04,6.83365609e-04,3.71282483e-03,5.81879349e-03,5.70254107e-03,6.30999117e-03,8.32456047e-03,1.03198071e-02,1.12889418e-02,1.07645090e-02,8.49510626e-03,4.81168124e-03,2.56305712e-03,2.80572570e-03,3.86575132e-03,1.75830895e-03
2.97828601e-03,-2.24673290e-04,-2.52723728e-03,-5.69275601e-03,-8.84758877e-03,-7.68166372e-03,-7.96639038e-03,-7.03105142e-03,-5.75607861e-03,-3.98116057e-03,-4.00466639e-03,-2.48045719e-03,-2.97259569e-03,-6.20604858e-03,-7.33128168e-03,-6.55641428e-03,-4.19085653e-03,-3.10256728e-03,-1.30074372e-03,-2.24218628e-03,-3.73739681e-03,-6.73636437e-03,-8.15347847e-03,-1.23724237e-02,-1.75572716e-02,-2.38050783e-02,-2.83653066e-02,-3.18968790e-02,-3.48444507e-02,-3.74405528e-02,-4.04361900e-02,-4.10452649e-02,-4.11038352e-02,-3.87647379e-02,-3.53068117e-02,-3.26416318e-02,-3.02491251e-02,-2.90995878e-02,-2.81943703e-02,-2.73632055e-02,-2.78297237e-02,-2.82812056e-02,-3.02513955e-02,-3.36345777e-02,-3.61300731e-02,-3.59174014e-02,-3.62326963e-02,-3.57516928e-02,-3.58292346e-02,-3.62636554e-02,-3.60482817e-02,-3.38212241e-02,-2.99176446e-02,-2.32697089e-02,-1.87391373e-02,-1.61497582e-02,-1.38509320e-02,-1.17531808e-02,-8.28682667e-03,-2.92532810e-03,1.82379623e-03,4.16758307e-03,4.38180432e-03,4.76344537e-03
-4.38188797e-02,-4.17488130e-02,-3.84898573e-02,-3.62565323e-02,-3.54946122e-02,-3.32901411e-02,-2.82703804e-02,-2.42139643e-02,-2.13462734e-02,-2.08699857e-02,-2.24461939e-02,-2.51463888e-02,-2.87451579e-02,-3.28609115e-02,-3.69102947e-02,-3.86783544e-02,-4.00383864e-02,-4.10846280e-02,-4.42650867e-02,-4.74960433e-02,-5.02011629e-02,-5.38979781e-02,-5.95765873e-02,-6.48733176e-02,-6.49409410e-02,-6.36126081e-02,-6.07399012e-02,-5.77793693e-02,-5.57933007e-02,-5.85137214e-02,-6.15010112e-02,-6.30407349e-02,-6.55167621e-02,-6.64192975e-02,-6.57650863e-02,-6.25227515e-02,-5.88357416e-02,-5.51647720e-02,-5.17314947e-02,-5.06541393e-02,-5.15969729e-02,-5.23176069e-02,-5.46258192e-02,-5.74275233e-02,-5.96637198e-02,-6.06869411e-02,-6.25714820e-02,-6.24063313e-02,-6.20731247e-02,-6.15948362e-02,-6.15989132e-02,-6.09026663e-02,-6.11475184e-02,-6.06799978e-02,-5.95322841e-02,-5.84089783e-02,-5.75145182e-02,-5.64694280e-02,-5.56233631e-02,-5.54037313e-02,-5.44373693e-02,-5.32742358e-02,-4.90257530e-02,-4.53278913e-02
-1.57480933e-02,-1.66629420e-02,-1.77755701e-02,-1.83043328e-02,-1.88093855e-02,-1.87033630e-02,-1.90595214e-02,-2.24028328e-02,-2.40648381e-02,-2.46744270e-02,-2.49526907e-02,-2.47332798e-02,-2.67278968e-02,-2.73919661e-02,-2.63830553e-02,-2.78536744e-02,-2.96917958e-02,-3.09176148e-02,-3.02936298e-02,-2.72661437e-02,-2.44476161e-02,-2.11746974e-02,-1.72727252e-02,-1.31145797e-02,-9.79225469e-03,-7.80734955e-03,-4.51744168e-03,-1.01131758e-03,1.80778777e-03,3.96197664e-03,5.46071015e-03,5.98140227e-03,6.61075966e-03,5.25610434e-03,4.37567246e-03,3.84879926e-03,3.66386776e-03,3.36046211e-03,4.44773834e-04,-2.65221070e-03,-6.25162676e-03,-1.01555805e-02,-1.28328242e-02,-1.54811305e-02,-1.69424763e-02,-1.58902900e-02,-1.20056060e-02,-1.20354907e-02,-1.09891930e-02,-8.89167231e-03,-7.29279662e-03,-4.26145912e-03,-7.97898809e-04,1.12894225e-03,6.00681311e-04,1.79088092e-03,1.91316540e-03,5.19778030e-04,-5.85895897e-04,-3.06887518e-03,-6.15504001e-03,-8.41863255e-03,-1.19626349e-02,-1.44451304e-02
-4.00144986e-03,-2.64537806e-03,-4.85482836e-03,-6.00659316e-03,-7.16459356e-03,-8.91988175e-03,-1.25281203e-02,-1.70242266e-02,-2.03316781e-02,-2.27063947e-02,-2.39156199e-02,-2.48761048e-02,-2.22802120e-02,-1.72352295e-02,-1.27901491e-02,-9.68765581e-03,-5.79743969e-03,7.39316943e-04,5.74068358e-03,8.90579112e-03,1.24211918e-02,1.60646927e-02,1.85895302e-02,2.28025258e-02,2.74858209e-02,3.02934303e-02,3.02018373e-02,3.00555786e-02,3.12544318e-02,3.20818240e-02,3.20194039e-02,2.86915185e-02,2.53891632e-02,2.19444511e-02,1.91340041e-02,1.75705883e-02,1.88634409e-02,2.06556305e-02,2.07714279e-02,1.92239096e-02,1.82655803e-02,1.84318092e-02,2.04978883e-02,2.32861665e-02,2.49679016e-02,2.74246634e-02,3.08507392e-02,3.16541656e-02,3.23563496e-02,3.09527999e-02,2.68264318e-02,2.15404502e-02,1.64855198e-02,1.36089009e-02,9.74045959e-03,6.30257766e-03,3.40816160e-03,1.45518325e-03,-6.44639017e-04,-2.82330967e-03,-4.33120859e-03,-4.46388460e-03,-4.24906494e-03,-4.25699797e-03
-2.61949035e-02,-2.44496330e-02,-2.42760196e-02,-2.56343280e-02,-2.84865728e-02,-3.17800870e-02,-3.39221985e-02,-3.53774127e-02,-3.56043450e-02,-3.45415612e-02,-3.16428377e-02,-2.97147816e-02,-2.55985487e-02,-1.89585350e-02,-1.25897452e-02,-7.13090773e-03,-1.68261917e-03,2.89611960e-03,5.10573868e-03,6.12461558e-03,6.19113357e-03,6.43922618e-03,6.84368648e-03,6.79591076e-03,6.41558790e-03,8.02034455e-03,1.11212091e-02,1.45935845e-02,1.97589339e-02,2.28318056e-02,2.43266990e-02,2.43116248e-02,2.36164674e-02,2.08895382e-02,1.73196918e-02,1.21916293e-02,5.87530944e-03,-6.41012821e-04,-5.15370092e-03,-1.00489348e-02,-1.72004681e-02,-2.44205573e-02,-3.21927038e-02,-3.80691458e-02,-4.09623609e-02,-4.31294333e-02,-4.49308858e-02,-4.70461105e-02,-4.73355434e-02,-4.45516871e-02,-4.29087752e-02,-3.93556918e-02,-3.53683500e-02,-3.43265430e-02,-3.35765193e-02,-3.39435271e-02,-3.34882348e-02,-2.91918054e-02,-2.49246370e-02,-2.45984204e-02,-2.41373501e-02,-2.45482530e-02,-2.57982071e-02,-2.59125916e-02
3.77409602e-02,3.72933214e-02,3.46489415e-02,3.10431146e-02,2.70765893e-02,2.44301111e-02,2.35002668e-02,2.41201686e-02,2.51252260e-02,2.48703155e-02,2.28817948e-02,2.16052206e-02,1.92345938e-02,1.63330257e-02,1.20127675e-02,7.29453810e-03,4.99692633e-03,4.05445354e-03,2.76488289e-03,1.15153039e-03,3.00334618e-03,6.33667531e-03,8.67735853e-03,8.11359846e-03,7.61808880e-03,5.80319420e-03,4.20444262e-03,2.01197839e-03,1.54015819e-03,-2.68959446e-04,-1.08529182e-03,-1.33390991e-03,-9.93802792e-04,-8.60068710e-04,-1.68181002e-03,-2.14978421e-03,-2.39044094e-03,-1.30168984e-03,-9.84663958e-04,3.98578378e-04,2.07373097e-03,4.52848791e-03,7.14201415e-03,8.00970957e-03,9.24843452e-03,1.16956386e-02,1.59533150e-02,1.79474695e-02,1.95944527e-02,2.27443534e-02,2.56474638e-02,2.63906234e-02,2.39368899e-02,1.94652412e-02,1.56456637e-02,1.41409250e-02,1.32085435e-02,1.43766090e-02,1.60651591e-02,1.98480268e-02,2.42605125e-02,3.05772212e-02,3.52123455e-02,3.72561781e-02
-5.31859411e-04,1.37800501e-03,3.91819504e-03,5.64389988e-03,7.50576836e-03,8.85770251e-03,1.05849262e-02,1.11172041e-02,1.38359580e-02,1.49057772e-02,1.63563457e-02,1.76704620e-02,1.97977187e-02,2.43139749e-02,2.74540824e-02,2.72451042e-02,2.52689408e-02,2.51852564e-02,2.68815747e-02,2.93267710e-02,3.11120849e-02,3.45031155e-02,3.71165751e-02,3.82518729e-02,3.57353176e-02,3.56768738e-02,3.75645573e-02,3.94422952e-02,3.86014487e-02,3.76952438e-02,3.71264870e-02,3.65661618e-02,3.63462388e-02,3.53230489e-02,3.41028721e-02,3.33312050e-02,3.31200695e-02,3.28196140e-02,3.07746931e-02,2.83248834e-02,2.77567930e-02,2.69731751e-02,2.84673565e-02,2.92018076e-02,2.83290596e-02,2.66568923e-02,2.38846490e-02,1.99215919e-02,1.61171120e-02,1.24689470e-02,8.96873875e-03,7.38275060e-03,8.13159499e-03,8.45511932e-03,9.32573915e-03,8.93536873e-03,8.80914378e-03,6.79392601e-03,3.72191917e-03,6.29118598e-04,-1.16524793e-03,-2.86909460e-03,-3.35632247e-03,-1.95930212e-03
-1.75457424e-02,-1.83969987e-02,-1.81816849e-02,-1.54505920e-02,-1.24654920e-02,-9.65733995e-03,-6.80512272e-03,-4.13705308e-03,-1.52402379e-04,3.94656825e-03,8.21952819e-03,1.46403708e-02,2.18342051e-02,2.68809259e-02,3.05527160e-02,3.20257917e-02,3.29210585e-02,3.74308732e-02,4.27572909e-02,4.54882078e-02,4.60305430e-02,4.30898007e-02,3.83054074e-02,3.17108680e-02,2.60026029e-02,2.01738854e-02,1.41793761e-02,7.47595445e-03,7.88039937e-04,-4.53305873e-03,-9.03082290e-03,-1.46373702e-02,-1.93123484e-02,-2.30230979e-02,-2.72777335e-02,-3.23658293e-02,-3.48124443e-02,-3.45980648e-02,-3.54173712e-02,-3.30459670e-02,-3.05350449e-02,-2.94333264e-02,-2.94237801e-02,-3.01090015e-02,-3.08570365e-02,-3.33542568e-02,-3.54292338e-02,-3.59731249e-02,-3.43216615e-02,-3.15946245e-02,-2.72186487e-02,-2.26299835e-02,-1.79899320e-02,-1.58737103e-02,-1.79669032e-02,-2.19915754e-02,-2.48263969e-02,-2.57398613e-02,-2.50144792e-02,-2.46947288e-02,-2.41635803e-02,-2.12367585e-02,-1.87847544e-02,-1.74564424e-02
2.65820098e-02,2.12752734e-02,1.36497537e-02,6.70927489e-03,1.29234926e-03,-5.39020786e-04,-5.11441772e-03,-9.72392768e-03,-1.13650864e-02,-1.43139237e-02,-1.69324946e-02,-1.87522173e-02,-1.89302464e-02,-2.04525505e-02,-2.03623544e-02,-2.06605545e-02,-1.90956116e-02,-1.70419589e-02,-1.46632814e-02,-1.24857334e-02,-1.12884899e-02,-1.12872011e-02,-1.12386117e-02,-9.98188045e-03,-7.75951289e-03,-6.78725176e-03,-6.14512656e-03,-4.89569690e-03,-1.37355851e-03,1.96659399e-03,5.17525101e-03,6.40637777e-03,5.14498480e-03,4.39807388e-03,5.37495416e-03,7.22685141e-03,9.88316867e-03,1.31325414e-02,1.80767620e-02,2.21721210e-02,2.83169674e-02,3.51740177e-02,4.10639610e-02,4.35299869e-02,4.46321538e-02,4.43599008e-02,4.43942065e-02,4.46187464e-02,4.69381760e-02,4.95437290e-02,5.26777673e-02,5.56441658e-02,5.70427725e-02,5.63195145e-02,5.53866879e-02,5.47241130e-02,5.27778495e-02,5.12069017e-02,4.95202557e-02,4.55512166e-02,4.11165787e-02,3.93697234e-02,3.69327875e-02,3.22278298e-02
1.73693318e-02,1.94954711e-02,2.35180508e-02,2.69916965e-02,2.97376628e-02,3.21326843e-02,3.45173658e-02,3.32633541e-02,3.08104814e-02,3.03233743e-02,3.00850445e-02,2.95527753e-02,2.84224851e-02,2.79904344e-02,2.84755967e-02,2.94585055e-02,3.08548596e-02,3.05723349e-02,3.15096905e-02,3.19270504e-02,3.08124086e-02,3.01672748e-02,3.14511605e-02,3.34724083e-02,3.60667817e-02,3.77029666e-02,3.80418813e-02,3.72249040e-02,3.25690346e-02,2.51231090e-02,1.59742444e-02,1.00148471e-02,5.52535005e-03,3.69019046e-03,2.80453658e-03,1.00172206e-03,-9.13773387e-04,-2.62003519e-03,-1.78119784e-03,3.05230956e-04,3.29406527e-03,4.79280301e-03,7.99527295e-03,1.02522935e-02,1.03414476e-02,9.78761010e-03,8.87201445e-03,7.64671235e-03,5.81576248e-03,4.65125078e-03,5.35100580e-03,4.62939025e-03,4.11211945e-03,3.40624036e-03,5.50280007e-03,9.82155462e-03,1.44591716e-02,1.78162006e-02,2.06633446e-02,2.18773599e-02,2.05658612e-02,1.91714299e-02,1.90917341e-02,1.78467744e-02
4.41857324e-03,1.76813483e-03,-1.18868059e-03,-5.25660122e-03,-8.70844397e-03,-1.21979080e-02,-1.45095207e-02,-1.68212862e-02,-1.94248044e-02,-2.01452347e-02,-2.05488734e-02,-2.19195445e-02,-2.25560601e-02,-2.28605321e-02,-2.36706732e-02,-2.56598221e-02,-2.61689023e-02,-2.61912824e-02,-2.48700188e-02,-2.16252732e-02,-1.80936771e-02,-1.62555624e-02,-1.37545106e-02,-1.14461452e-02,-6.18269677e-03,-2.72976280e-03,-2.52399117e-03,-3.11107592e-03,-3.66138410e-03,-4.49663217e-03,-4.92638677e-03,-7.23895089e-03,-8.85831760e-03,-9.60533195e-03,-1.03405964e-02,-1.11425466e-02,-1.00367295e-02,-8.76808050e-03,-9.04868536e-03,-1.04789159e-02,-1.16362115e-02,-1.20854956e-02,-1.04266376e-02,-7.30450232e-03,-3.15589995e-03,3.53250102e-03,9.51785321e-03,1.51601784e-02,2.04602921e-02,2.41161937e-02,2.65135549e-02,2.68826313e-02,2.36102667e-02,2.16830433e-02,2.12049562e-02,2.05592822e-02,2.00698809e-02,2.07448666e-02,1.95130248e-02,1.72875637e-02,1.48030667e-02,1.20975553e-02,9.90754093e-03,6.46044718e-03
-2.98213257e-03,-4.25919599e-03,-5.24075556e-03,-4.87164974e-03,-5.09557707e-03,-4.89601839e-03,-5.22518539e-03,-5.59185750e-03,-6.36381305e-03,-7.59204533e-03,-6.98647536e-03,-6.31622288e-03,-4.22388466e-03,-3.95230680e-03,-1.81869320e-03,-1.42345688e-05,1.63258674e-04,-1.60941249e-04,-2.71281815e-04,-4.94404985e-04,-2.35578614e-04,8.45238633e-04,2.13860328e-03,1.54173414e-03,1.48416519e-03,-4.33990052e-04,-3.80129751e-03,-6.46045843e-03,-8.62079892e-03,-9.05388783e-03,-1.03220933e-02,-1.19189478e-02,-1.55280427e-02,-1.91179824e-02,-2.19910498e-02,-2.51883780e-02,-2.63814800e-02,-2.57856200e-02,-2.30408050e-02,-2.23061530e-02,-2.25121026e-02,-2.27644026e-02,-2.55409048e-02,-2.90633463e-02,-3.01776854e-02,-3.09663684e-02,-3.23106063e-02,-3.26051482e-02,-3.07752240e-02,-3.01315380e-02,-2.76933958e-02,-2.57845711e-02,-2.20918014e-02,-1.87458233e-02,-1.60996664e-02,-1.25707293e-02,-8.74619081e-03,-5.64026012e-03,-3.07433930e-03,-2.19955781e-03,-1.18495328e-03,-1.79576938e-03,-7.98655667e-04,-1.80484404e-03
-4.95734015e-02,-5.12936571e-02,-5.37676088e-02,-5.63890133e-02,-5.76414006e-02,-5.88266081e-02,-6.17516964e-02,-6.45937472e-02,-7.09624097e-02,-7.58724956e-02,-7.79174216e-02,-8.07300129e-02,-8.21512976e-02,-8.10023412e-02,-7.99154549e-02,-7.76343354e-02,-7.49820419e-02,-7.25265524e-02,-7.02556685e-02,-6.83162077e-02,-6.69588107e-02,-6.50635508e-02,-6.28832571e-02,-6.11216543e-02,-6.19416002e-02,-6.26932007e-02,-6.20046303e-02,-6.12743519e-02,-6.11532263e-02,-6.23072625e-02,-6.28038338e-02,-6.11312537e-02,-5.88948217e-02,-5.59894740e-02,-5.50456726e-02,-5.15562140e-02,-5.03546670e-02,-4.79860076e-02,-4.49330977e-02,-4.38142449e-02,-4.44302823e-02,-4.32164142e-02,-4.33579480e-02,-4.40177394e-02,-4.43517510e-02,-4.42213839e-02,-4.25095895e-02,-4.16294671e-02,-4.16078580e-02,-4.30450788e-02,-4.51024587e-02,-4.46520830e-02,-4.35059468e-02,-4.09516930e-02,-3.69703381e-02,-3.63077714e-02,-3.77499759e-02,-4.12346824e-02,-4.37950609e-02,-4.40817471e-02,-4.37721449e-02,-4.41116778e-02,-4.52572820e-02,-4.72706011e-02
-4.79243633e-02,-5.07128806e-02,-5.28653455e-02,-5.46893956e-02,-5.55234057e-02,-5.36873341e-02,-5.22651291e-02,-5.02831608e-02,-4.83286791e-02,-4.80495170e-02,-4.66959358e-02,-4.41045133e-02,-3.95617563e-02,-3.60744993e-02,-3.22735122e-02,-3.01311666e-02,-2.65360350e-02,-2.42647433e-02,-2.19777287e-02,-2.06282089e-02,-2.03719224e-02,-1.97998783e-02,-1.95891780e-02,-1.81117300e-02,-1.45450197e-02,-1.11135409e-02,-7.14096850e-03,-4.31687184e-03,-3.41286237e-03,-3.19363324e-03,-4.06490240e-03,-6.27446240e-03,-9.37752514e-03,-1.21469623e-02,-1.54683256e-02,-1.94909236e-02,-2.41616711e-02,-2.84203508e-02,-2.99554716e-02,-3.15962267e-02,-3.32027944e-02,-3.41450455e-02,-3.59499563e-02,-4.09571594e-02,-4.67168988e-02,-5.14068390e-02,-5.63977706e-02,-5.78388343e-02,-5.67211216e-02,-5.30080762e-02,-4.93416786e-02,-4.76892956e-02,-4.57008479e-02,-4.45755096e-02,-4.46600447e-02,-4.54806190e-02,-4.30288846e-02,-3.75916410e-02,-3.40218834e-02,-3.14743240e-02,-3.13790838e-02,-3.32033985e-02,-3.79313228e-02,-4.28118569e-02
-8.20027451e-03,-1.04107359e-02,-9.72437438e-03,-7.75244769e-03,-5.08976180e-03,-1.36452779e-03,1.45138946e-03,4.38352795e-03,4.82132616e-03,4.39993711e-03,3.07648270e-03,-4.84280017e-05,-3.91252476e-03,-7.71838207e-03,-1.06817027e-02,-1.09434946e-02,-8.80586725e-03,-5.95891532e-03,-3.88021220e-03,-2.12942099e-03,-5.29748273e-04,4.96124737e-04,1.43142188e-03,3.20291397e-03,4.43138085e-03,7.98124112e-03,1.16290073e-02,1.33854410e-02,1.49372068e-02,1.52458712e-02,1.48875932e-02,1.19929200e-02,7.97102426e-03,5.45042325e-03,4.29934289e-03,3.63457530e-03,4.56548824e-03,5.13293745e-03,6.64106288e-03,9.36759816e-03,1.12742451e-02,1.20767411e-02,1.03706942e-02,8.19119011e-03,5.46506628e-03,3.20506318e-03,2.15938078e-03,2.77216146e-03,4.35942502e-03,4.77280634e-03,4.01858874e-03,2.82160273e-03,1.00892423e-03,-1.38085336e-04,-2.31656424e-03,-4.03577393e-03,-4.65708360e-03,-3.99167129e-03,-3.76543735e-03,-4.57171226e-03,-5.84244066e-03,-7.36812759e-03,-7.31170835e-03,-7.47280977e-03
-2.34086773e-03,-2.98285845e-03,-4.06201351e-03,-4.92778801e-03,-6.93371015e-03,-8.78084744e-03,-1.13017855e-02,-1.21986133e-02,-1.33580893e-02,-1.40531399e-02,-1.33775187e-02,-1.30408284e-02,-1.45867979e-02,-1.63128772e-02,-1.66553411e-02,-1.49741795e-02,-1.52543517e-02,-1.64831846e-02,-1.60280213e-02,-1.47326294e-02,-1.31840220e-02,-1.02634669e-02,-7.45334974e-03,-5.63329617e-03,-2.19697553e-03,8.31859176e-04,2.71550304e-03,6.14064518e-03,6.32909670e-03,4.32912327e-03,3.01432182e-03,2.55100828e-03,1.22853456e-03,-5.22829780e-04,-5.36571216e-04,7.26686056e-04,1.62205478e-03,5.05785409e-03,9.56872223e-03,1.31774990e-02,1.33094204e-02,1.44284724e-02,1.48108125e-02,1.63993406e-02,1.74345906e-02,1.83538869e-02,2.02794870e-02,1.98899347e-02,1.87580518e-02,1.93674048e-02,1.83711693e-02,1.52513702e-02,1.28225205e-02,1.46173337e-02,1.72612403e-02,1.78305675e-02,1.64920296e-02,1.51831532e-02,1.21121315e-02,8.97089267e-03,6.77098748e-03,5.33506458e-03,2.66375225e-03,-6.49416311e-04
4.28087855e-02,4.29581456e-02,4.03103979e-02,3.72606907e-02,3.40565625e-02,3.20956443e-02,2.98330162e-02,2.75333423e-02,2.57211638e-02,2.40423923e-02,2.51237686e-02,2.92817104e-02,3.48015300e-02,4.02174050e-02,4.44989980e-02,4.70339654e-02,4.77070517e-02,4.82190276e-02,4.69982496e-02,4.62668131e-02,4.45766054e-02,4.25376652e-02,4.15322029e-02,4.11088035e-02,4.02161899e-02,3.83616952e-02,3.69749994e-02,3.67244395e-02,3.67977956e-02,3.51961632e-02,3.21805255e-02,3.02936351e-02,2.96377464e-02,2.89185074e-02,2.78576164e-02,2.71971085e-02,2.67851585e-02,2.78542779e-02,2.81265023e-02,2.82882625e-02,2.83785965e-02,3.04669750e-02,3.02800195e-02,2.84638025e-02,2.58128809e-02,2.34210407e-02,2.36489425e-02,2.45011046e-02,2.50014325e-02,2.71805321e-02,2.92821884e-02,3.30221983e-02,3.43557600e-02,3.61288548e-02,3.83546469e-02,3.86430004e-02,3.94091910e-02,3.97266236e-02,4.22298870e-02,4.41666773e-02,4.48763874e-02,4.36451853e-02,4.27630954e-02,4.31148084e-02
-3.30265576e-02,-3.24769785e-02,-3.27316923e-02,-3.20404900e-02,-3.06937701e-02,-2.81286500e-02,-2.49026205e-02,-1.93685979e-02,-1.16287726e-02,-4.12684627e-03,-1.27663232e-04,4.94146392e-03,8.90533115e-03,1.07640516e-02,1.10081639e-02,1.05416427e-02,1.07314303e-02,1.02259464e-02,8.15837985e-03,7.80364487e-03,9.44737448e-03,9.40852165e-03,7.82322236e-03,7.54561866e-03,6.35586817e-03,2.58604639e-03,-1.90993175e-03,-3.78923176e-03,-3.41053145e-03,-1.78892492e-03,-4.56274081e-04,-9.36232856e-05,-1.53972487e-04,-1.23502405e-03,-2.78338375e-03,-3.35943400e-03,-6.74160783e-03,-9.64989894e-03,-1.05381370e-02,-1.17160808e-02,-1.35033123e-02,-1.36552427e-02,-1.45818373e-02,-1.38105563e-02,-1.26147667e-02,-1.07392720e-02,-1.01477155e-02,-1.21258043e-02,-1.26431433e-02,-1.60097537e-02,-2.08104309e-02,-2.57176513e-02,-2.98403371e-02,-3.20647244e-02,-3.18201547e-02,-3.08826445e-02,-3.13357680e-02,-3.22581360e-02,-3.27853268e-02,-3.53407979e-02,-3.52320099e-02,-3.49317070e-02,-3.46836758e-02,-3.40199537e-02
7.72934234e-03,9.56817185e-03,1.33844419e-02,1.76552624e-02,1.97229895e-02,2.00045150e-02,2.02654799e-02,2.29728998e-02,2.32600084e-02,2.13564551e-02,2.12601147e-02,2.00441904e-02,1.68025664e-02,1.60519029e-02,1.47758300e-02,1.39797526e-02,1.29696937e-02,1.36902981e-02,1.54908034e-02,1.91588595e-02,2.34780415e-02,2.68056991e-02,2.85190279e-02,3.14039375e-02,3.42900299e-02,3.58049719e-02,3.55751205e-02,3.25432437e-02,2.85288877e-02,2.61256934e-02,2.37204695e-02,2.21308813e-02,2.13056708e-02,2.15623625e-02,2.33777449e-02,2.64180089e-02,3.14690017e-02,3.39133529e-02,3.57291981e-02,3.76962554e-02,3.89368241e-02,3.93904207e-02,3.74191290e-02,3.44319950e-02,3.22666998e-02,2.80667670e-02,1.99416988e-02,1.33270107e-02,7.27860332e-03,1.06989233e-03,-6.19450819e-03,-9.48950091e-03,-9.99608438e-03,-1.15779806e-02,-1.37051345e-02,-1.43403321e-02,-1.79100801e-02,-1.98809589e-02,-2.04997777e-02,-1.79465010e-02,-1.26260323e-02,-6.34902879e-03,2.63759609e-04,4.83910996e-03
7.33624201e-02,6.97480726e-02,6.52953769e-02,5.92450477e-02,5.29500902e-02,4.57116979e-02,4.06956237e-02,3.88483616e-02,3.42928395e-02,2.97722774e-02,2.70385427e-02,2.70698037e-02,2.89896047e-02,3.20933047e-02,3.47133160e-02,3.73666999e-02,3.72922756e-02,3.83240388e-02,4.05384883e-02,4.36900095e-02,4.70813088e-02,4.97545028e-02,5.17020418e-02,5.20750380e-02,5.01313276e-02,4.83024115e-02,4.56185053e-02,4.31654591e-02,4.15745187e-02,4.12014363e-02,4.11941638e-02,3.91759700e-02,3.78153014e-02,3.47632568e-02,3.38413879e-02,3.58087229e-02,3.99542857e-02,4.69789094e-02,5.10776968e-02,5.18892003e-02,5.33421350e-02,5.80085195e-02,6.22960817e-02,6.57226305e-02,6.93823656e-02,7.07675438e-02,7.14355923e-02,7.39571181e-02,7.56397839e-02,7.52339729e-02,7.74316716e-02,8.10131804e-02,8.49271414e-02,8.84926401e-02,8.97307534e-02,9.02318398e-02,9.14180546e-02,9.00503862e-02,8.85047853e-02,8.88473733e-02,8.87109063e-02,8.64969349e-02,8.32350136e-02,7.89787645e-02
-2.49022464e-02,-2.27670751e-02,-2.25768676e-02,-2.06569830e-02,-1.81801599e-02,-1.60971333e-02,-1.46926898e-02,-1.59545354e-02,-1.74383846e-02,-1.78460607e-02,-1.45555410e-02,-1.26194565e-02,-8.94927880e-03,-7.59667193e-03,-7.86297528e-03,-7.62862137e-03,-8.21907705e-03,-8.09500261e-03,-9.21461721e-03,-1.21345837e-02,-1.41781502e-02,-1.72691046e-02,-1.86942302e-02,-2.10366229e-02,-2.35585723e-02,-2.47285239e-02,-2.50983344e-02,-2.54143340e-02,-2.59079192e-02,-2.79650623e-02,-3.29296233e-02,-3.88699470e-02,-4.47753175e-02,-4.82920505e-02,-5.02335905e-02,-5.19239956e-02,-5.29074974e-02,-5.34250278e-02,-5.57311042e-02,-5.75873910e-02,-5.70099207e-02,-5.39779299e-02,-5.23720608e-02,-5.22144361e-02,-5.23119771e-02,-5.16065788e-02,-4.84399474e-02,-4.33989345e-02,-3.96226285e-02,-3.84370423e-02,-3.89707422e-02,-3.89422029e-02,-3.66128997e-02,-3.48316209e-02,-3.24004968e-02,-2.89849624e-02,-2.60852932e-02,-2.40610855e-02,-2.62300380e-02,-2.93395587e-02,-2.98924014e-02,-2.77939732e-02,-2.74778284e-02,-2.64951041e-02
4.80307810e-02,4.66984423e-02,4.42150420e-02,4.04688898e-02,3.45664082e-02,2.73873655e-02,2.02630603e-02,1.36751647e-02,7.49339493e-03,-8.55618606e-04,-8.80389897e-03,-1.66819077e-02,-2.29900442e-02,-2.86930688e-02,-3.17354887e-02,-3.25938880e-02,-3.56204803e-02,-3.81390664e-02,-3.92973872e-02,-3.78765508e-02,-3.45031452e-02,-2.96518411e-02,-2.59182080e-02,-2.37829914e-02,-2.35421346e-02,-2.36105420e-02,-2.15544697e-02,-1.83146476e-02,-1.50545555e-02,-1.23874230e-02,-1.32775181e-02,-1.40364958e-02,-1.43150529e-02,-1.35883222e-02,-1.07547590e-02,-7.46355307e-03,-5.70434248e-03,-3.88985194e-03,-9.82613437e-04,7.82545349e-04,3.16886228e-03,6.38423419e-03,1.00613778e-02,1.22922019e-02,1.42533812e-02,1.47462774e-02,1.68317677e-02,2.00583156e-02,2.29145828e-02,2.70064543e-02,3.23422539e-02,3.86550183e-02,4.61777087e-02,5.33186832e-02,6.00286179e-02,6.18345482e-02,6.00712395e-02,5.58991849e-02,5.29892234e-02,5.28069712e-02,5.31008271e-02,5.23765187e-02,5.07876098e-02,4.85839705e-02
2.49087022e-04,-2.68878648e-03,-7.28432909e-03,-1.33062064e-02,-1.88333452e-02,-2.47382327e-02,-2.77606496e-02,-3.05519304e-02,-3.21065707e-02,-3.24196146e-02,-3.13898603e-02,-2.93856957e-02,-2.71138865e-02,-2.43363878e-02,-2.18949348e-02,-1.92014694e-02,-1.50291381e-02,-9.04157137e-03,-2.92043693e-03,2.42736290e-03,6.27995584e-03,1.05532190e-02,1.30452060e-02,1.27798729e-02,1.04765034e-02,9.19234018e-03,9.84843245e-03,1.30782627e-02,1.64160727e-02,1.80252708e-02,1.77983976e-02,1.81800879e-02,1.78639603e-02,1.93693505e-02,2.15519498e-02,2.29103451e-02,2.42831531e-02,2.41973178e-02,2.50125868e-02,2.59681553e-02,2.49351707e-02,2.45560758e-02,2.42245546e-02,2.40097142e-02,2.28057985e-02,2.29178519e-02,2.45654822e-02,2.27661049e-02,1.76015161e-02,1.00215283e-02,7.10881021e-04,-6.84094248e-03,-1.40117719e-02,-1.77572507e-02,-1.70927723e-02,-1.39021457e-02,-9.57712397e-03,-5.29121879e-03,-2.36547852e-03,6.56890477e-04,3.66098002e-03,4.59870384e-03,3.43304495e-03,1.81820328e-03
-1.91856242e-02,-1.74124763e-02,-1.59572048e-02,-1.51011923e-02,-1.43803806e-02,-1.28884069e-02,-1.21503361e-02,-1.20459935e-02,-1.21137467e-02,-1.46711395e-02,-1.75645473e-02,-2.00282024e-02,-2.09559287e-02,-2.03136582e-02,-1.79882074e-02,-1.37178127e-02,-1.18628984e-02,-9.82808556e-03,-7.10165414e-03,-4.94388989e-03,-2.14593843e-03,8.87364539e-04,3.32505193e-03,7.99628602e-03,1.18254712e-02,1.34351778e-02,1.09563385e-02,7.73219355e-03,5.29303638e-03,5.52495164e-03,8.37616823e-03,1.00885717e-02,1.23777095e-02,1.33437831e-02,1.65452279e-02,1.81738188e-02,1.85381353e-02,1.95130365e-02,1.93344032e-02,1.92972274e-02,1.95966299e-02,1.81902366e-02,1.57802213e-02,1.18419808e-02,7.53112459e-03,4.16636561e-03,1.20804596e-03,-2.42386080e-03,-7.69830056e-03,-1.14832335e-02,-1.62373851e-02,-2.02507363e-02,-2.00254423e-02,-1.80030424e-02,-1.66951603e-02,-1.55609548e-02,-1.43749299e-02,-1.25092256e-02,-1.01157341e-02,-1.17517814e-02,-1.41369496e-02,-1.76313823e-02,-2.15805801e-02,-2.14442533e-02
-9.13206857e-03,-8.92153855e-03,-9.55799939e-03,-1.11445657e-02,-1.27139918e-02,-1.20133188e-02,-9.60840326e-03,-8.08288340e-03,-6.67679088e-03,-5.64444930e-03,-4.10405306e-03,-4.12680865e-03,-6.21709337e-03,-1.03007575e-02,-1.32249685e-02,-1.52158263e-02,-1.78039583e-02,-2.19461570e-02,-2.37981271e-02,-2.55407271e-02,-2.66088170e-02,-2.61571854e-02,-2.62954729e-02,-2.58736101e-02,-2.35969697e-02,-1.96252066e-02,-1.60958950e-02,-1.19515999e-02,-9.38992785e-03,-7.09282793e-03,-5.66676235e-03,-5.68969093e-03,-7.22418578e-03,-1.00931250e-02,-9.58652602e-03,-7.93327342e-03,-7.39743114e-03,-6.59011673e-03,-6.02414456e-03,-4.96992776e-03,-5.43227221e-03,-7.20952854e-03,-7.34368410e-03,-8.77012622e-03,-1.16332421e-02,-1.27276662e-02,-1.29017081e-02,-1.19128333e-02,-1.02882644e-02,-8.89286320e-03,-8.73719002e-03,-7.28085636e-03,-6.77287738e-03,-6.54967808e-03,-7.22362369e-03,-8.70971042e-03,-9.91216172e-03,-1.18129586e-02,-1.32994638e-02,-1.46380540e-02,-1.40117088e-02,-1.19327403e-02,-1.05625736e-02,-9.99323339e-03
1.92801638e-02,2.03288441e-02,2.07879841e-02,2.01833867e-02,1.84258955e-02,1.89973312e-02,1.74499370e-02,1.52649910e-02,1.33249551e-02,1.24789629e-02,1.04872791e-02,8.38161745e-03,8.16001684e-03,8.63962750e-03,1.08892173e-02,1.58035642e-02,1.83976085e-02,1.85550087e-02,1.98150380e-02,2.12452010e-02,2.08286014e-02,1.76559057e-02,1.41542358e-02,1.10120685e-02,8.46550296e-03,5.48845451e-03,1.36903942e-03,-4.28529088e-03,-8.27663256e-03,-1.04559917e-02,-1.22489367e-02,-1.43082820e-02,-1.42728847e-02,-1.31369812e-02,-1.21688982e-02,-9.77305315e-03,-8.05084470e-03,-5.33693209e-03,-1.99884951e-03,2.91683810e-03,8.17079283e-03,1.13593587e-02,1.43902656e-02,1.69132134e-02,1.87339561e-02,2.10067392e-02,2.24462406e-02,2.39913558e-02,2.51749727e-02,2.45945572e-02,2.15896666e-02,2.03881993e-02,2.04335589e-02,2.15078013e-02,2.35034295e-02,2.38221507e-02,2.18120748e-02,1.95328717e-02,1.75003182e-02,1.60179086e-02,1.46395309e-02,1.61732027e-02,1.82523927e-02,1.88470618e-02
-1.59377033e-02,-1.71102960e-02,-1.91382210e-02,-2.16388312e-02,-2.35320591e-02,-2.71405285e-02,-2.94085552e-02,-3.12835695e-02,-3.38526946e-02,-3.51871237e-02,-3.58337110e-02,-3.66958950e-02,-3.51950861e-02,-3.13363798e-02,-2.77624314e-02,-2.27855638e-02,-1.76121526e-02,-1.15699961e-02,-6.91938685e-03,-3.41617705e-03,1.24572387e-03,4.38443129e-03,8.61649844e-03,1.25096341e-02,1.45344104e-02,1.54666698e-02,1.49278874e-02,1.48866886e-02,1.50018631e-02,1.50551340e-02,1.92878210e-02,2.39431066e-02,2.52651358e-02,2.57789898e-02,2.61026101e-02,2.70802428e-02,2.55904581e-02,2.15802683e-02,1.76098570e-02,1.31719804e-02,9.21584893e-03,6.13382447e-03,2.75178149e-03,-2.04287678e-04,-4.52789632e-03,-1.07166085e-02,-1.42418408e-02,-1.45913851e-02,-1.45114883e-02,-1.44499771e-02,-1.34244312e-02,-1.05170257e-02,-8.26748049e-03,-5.29302589e-03,-2.69115811e-03,-3.27642784e-03,-1.96149665e-03,-7.39631741e-04,-1.33282934e-04,-2.04492153e-03,-5.18932762e-03,-6.43889782e-03,-1.01062103e-02,-1.39178231e-02
1.25244362e-02,8.45531484e-03,6.58475981e-03,3.86602740e-03,1.72750557e-03,5.68914630e-04,-1.23603737e-03,-4.95974695e-04,3.33073742e-03,7.21416829e-03,1.12609867e-02,1.76706853e-02,2.38788933e-02,3.10629532e-02,3.78410787e-02,4.16059730e-02,4.28635755e-02,4.27159508e-02,4.17522965e-02,4.04802744e-02,3.88156299e-02,3.94999182e-02,3.82107919e-02,3.62327083e-02,3.50363938e-02,3.35953797e-02,3.01454812e-02,2.48834547e-02,2.08788094e-02,1.60295418e-02,1.19949522e-02,9.65561211e-03,7.26731183e-03,4.14601398e-03,4.03958150e-03,3.57827371e-03,2.45221252e-03,2.47419282e-03,3.15353057e-03,5.54307979e-03,7.05679994e-03,5.97270667e-03,6.62427340e-03,7.88737586e-03,1.05005465e-02,1.27802588e-02,1.56806275e-02,1.71209919e-02,1.98297069e-02,2.02485295e-02,2.04205552e-02,1.94275086e-02,1.75039856e-02,1.62331243e-02,1.67712220e-02,1.73636973e-02,2.16303406e-02,2.48350761e-02,2.71775630e-02,2.75769795e-02,2.83919288e-02,2.54493127e-02,2.16172807e-02,1.76137685e-02
-2.85904829e-02,-2.72493963e-02,-2.39371037e-02,-2.02715697e-02,-1.63922332e-02,-1.39074002e-02,-1.24587038e-02,-1.20799680e-02,-1.08592526e-02,-1.01749452e-02,-9.31686988e-03,-1.09298490e-02,-1.01419396e-02,-7.61776782e-03,-5.69875331e-03,-6.12007943e-03,-6.82588518e-03,-7.08458530e-03,-6.56275102e-03,-5.82701909e-03,-5.34586745e-03,-5.50990670e-03,-7.05082731e-03,-1.04979130e-02,-1.50376602e-02,-1.88218547e-02,-2.31197905e-02,-2.80033926e-02,-3.10676499e-02,-3.42961502e-02,-3.74110550e-02,-3.96102835e-02,-4.17126776e-02,-4.48878808e-02,-4.68319525e-02,-4.78712777e-02,-4.77914905e-02,-4.60259555e-02,-4.34910576e-02,-3.94351145e-02,-3.56216341e-02,-3.16662213e-02,-2.98409081e-02,-2.86945916e-02,-2.72133437e-02,-2.63921536e-02,-2.25286814e-02,-1.85941076e-02,-1.80014209e-02,-1.68938025e-02,-1.50393440e-02,-1.59192908e-02,-1.82682379e-02,-1.96965465e-02,-2.15101674e-02,-2.31902021e-02,-2.29217721e-02,-2.10598969e-02,-1.96695867e-02,-1.81455138e-02,-1.81742358e-02,-2.12616261e-02,-2.47893087e-02,-2.83585471e-02
-9.92181590e-03,-9.52351028e-03,-1.12280131e-02,-1.43637105e-02,-1.83696977e-02,-2.27195123e-02,-2.65689453e-02,-2.81203151e-02,-2.94147392e-02,-3.25317844e-02,-3.26027249e-02,-2.96905885e-02,-2.49861279e-02,-2.10411664e-02,-1.51512183e-02,-7.96242592e-03,-1.61603638e-03,1.81287966e-03,6.83666717e-03,1.25894393e-02,1.72740770e-02,2.14807289e-02,2.47797634e-02,2.78151423e-02,3.08096646e-02,3.28185389e-02,3.57276085e-02,3.85906590e-02,3.95655027e-02,4.11018752e-02,4.12442339e-02,3.95106310e-02,3.79548060e-02,3.85839663e-02,3.98785662e-02,3.92219538e-02,3.69990264e-02,3.27601762e-02,2.93417490e-02,2.65219893e-02,2.59311343e-02,2.29614322e-02,2.01378348e-02,1.89477095e-02,1.89094393e-02,1.68419286e-02,1.35927444e-02,8.91163826e-03,2.69750179e-03,-1.83816637e-03,-7.70790276e-03,-1.40628181e-02,-1.63111226e-02,-1.75500944e-02,-1.81655510e-02,-1.66219644e-02,-1.53286700e-02,-1.38540816e-02,-1.23549630e-02,-1.12240904e-02,-1.12344010e-02,-1.19009770e-02,-1.31851675e-02,-1.16095128e-02
-4.51630539e-02,-4.30582219e-02,-4.01437381e-02,-3.85669447e-02,-3.82967006e-02,-3.57420704e-02,-3.51820524e-02,-3.51827362e-02,-3.41584909e-02,-3.30398273e-02,-3.25322840e-02,-3.18310898e-02,-3.05931576e-02,-2.67929894e-02,-2.19760441e-02,-1.68433841e-02,-1.46650038e-02,-1.25679291e-02,-1.02765107e-02,-8.19854787e-03,-4.60765604e-03,-1.69728884e-03,2.97837657e-03,5.79546926e-03,7.71935828e-03,1.16092639e-02,1.58882109e-02,2.17886391e-02,2.31545009e-02,2.27025482e-02,2.07209163e-02,1.82197472e-02,1.45113784e-02,1.17187237e-02,8.65058660e-03,5.73948981e-03,8.48249102e-04,-4.23508893e-03,-5.71707765e-03,-5.87299609e-03,-6.33717848e-03,-5.86829979e-03,-4.92026794e-03,-5.40362843e-03,-7.45116200e-03,-9.65918696e-03,-1.04000999e-02,-1.05978052e-02,-9.52940042e-03,-1.18938530e-02,-1.43929855e-02,-1.76398580e-02,-2.08764574e-02,-2.46084365e-02,-2.63758740e-02,-2.87487759e-02,-3.29995609e-02,-3.59721017e-02,-3.83531894e-02,-4.23201648e-02,-4.52223115e-02,-4.69467806e-02,-4.81370128e-02,-4.81016019e-02
-5.79670148e-04,1.13187135e-03,3.53655514e-03,6.06887258e-03,4.95362997e-03,3.83472335e-03,2.72641920e-03,-2.12234272e-03,-6.04050232e-03,-9.51679282e-03,-1.50130403e-02,-1.95633310e-02,-2.61998190e-02,-3.40741755e-02,-3.93506960e-02,-4.45087782e-02,-5.07015803e-02,-5.63997956e-02,-5.92777411e-02,-5.91586998e-02,-5.80388936e-02,-5.83063949e-02,-5.95279041e-02,-6.07738203e-02,-6.22485890e-02,-6.42669187e-02,-6.33890848e-02,-6.26554243e-02,-6.17173767e-02,-6.02368319e-02,-5.75395711e-02,-5.21913480e-02,-4.69842141e-02,-4.33922467e-02,-4.06282917e-02,-3.69979980e-02,-3.47983475e-02,-3.04566177e-02,-2.77728588e-02,-2.73183817e-02,-2.58038250e-02,-2.55354628e-02,-2.45985141e-02,-2.13450508e-02,-1.78754927e-02,-1.63267944e-02,-1.50610193e-02,-1.52815724e-02,-1.38774762e-02,-1.30794958e-02,-1.16731099e-02,-1.12612471e-02,-1.18390846e-02,-1.32578596e-02,-1.37954084e-02,-1.41571459e-02,-1.31475250e-02,-1.05198023e-02,-6.64889419e-03,-2.54847169e-03,-6.42999320e-04,-1.42349142e-03,-7.84263908e-04,-8.38322400e-04
2.69190119e-02,2.81864608e-02,2.63219197e-02,2.15384163e-02,1.62434170e-02,1.22449852e-02,7.34047099e-03,2.81278875e-03,-1.38418328e-03,-7.21609957e-03,-1.36523978e-02,-1.69806560e-02,-1.91266173e-02,-2.09787518e-02,-2.15951417e-02,-2.16815285e-02,-1.98629626e-02,-1.64096697e-02,-1.35549439e-02,-1.10023743e-02,-1.02615518e-02,-1.01779735e-02,-1.18365407e-02,-1.32317430e-02,-1.59461427e-02,-1.80590145e-02,-2.15031675e-02,-2.49043255e-02,-2.51210888e-02,-2.68900186e-02,-2.87540319e-02,-2.80007350e-02,-2.38420107e-02,-1.86489893e-02,-1.55011741e-02,-1.34305409e-02,-9.94932006e-03,-5.63596360e-03,-2.16972792e-03,3.10036021e-03,8.87667530e-03,1.47327932e-02,1.97393709e-02,2.35043242e-02,2.65835933e-02,2.72748421e-02,2.81423809e-02,2.62332764e-02,2.12077537e-02,1.82799315e-02,1.39767511e-02,1.12406640e-02,9.51389654e-03,9.36172962e-03,9.12821893e-03,9.25369935e-03,1.00137986e-02,1.09902761e-02,1.21468979e-02,1.21034923e-02,1.32924798e-02,1.67648419e-02,2.05247283e-02,2.49594470e-02
3.73823486e-02,4.19314074e-02,4.60675370e-02,5.02519743e-02,5.42692388e-02,5.68257241e-02,5.68079813e-02,5.88055738e-02,5.88919499e-02,5.55647786e-02,5.22789107e-02,4.95514047e-02,4.84058867e-02,4.89816045e-02,4.83490345e-02,4.64909411e-02,4.45588590e-02,4.15127705e-02,3.80171519e-02,3.35928176e-02,2.69178115e-02,2.07863559e-02,1.29319621e-02,5.05426652e-03,-7.07440461e-04,-2.61305907e-03,-5.26101794e-03,-8.62140014e-03,-7.87979584e-03,-9.16285822e-03,-8.71251281e-03,-6.48390048e-03,-3.18164131e-03,-1.07503370e-03,2.03356890e-03,3.11612618e-03,3.19989484e-03,3.98408725e-03,6.42546674e-03,8.45575926e-03,8.89694057e-03,9.66580647e-03,1.06720436e-02,1.10518288e-02,1.30801239e-02,1.50145432e-02,1.65950044e-02,1.59799179e-02,1.38751645e-02,9.84282152e-03,5.88848644e-03,5.98251525e-03,7.11851211e-03,8.32667548e-03,1.05037952e-02,1.35688282e-02,1.81764078e-02,2.39992883e-02,2.87441249e-02,3.31237394e-02,3.48229968e-02,3.54424557e-02,3.65473938e-02,3.65214225e-02
-7.49703543e-04,-9.93237243e-04,-2.50365154e-03,-1.92155031e-03,1.51877138e-03,4.66279817e-03,6.26433956e-03,6.62762819e-03,5.05755469e-03,3.15041836e-03,1.18083141e-03,-9.95537670e-04,-3.75262285e-03,-8.76281287e-03,-1.29633039e-02,-1.60648260e-02,-1.79744468e-02,-1.64826512e-02,-1.63411984e-02,-1.83780487e-02,-1.97224070e-02,-2.05218098e-02,-2.13099933e-02,-2.04593652e-02,-1.87826758e-02,-1.78428433e-02,-1.72354341e-02,-1.59748084e-02,-1.54767013e-02,-1.54808821e-02,-1.66853817e-02,-1.63159023e-02,-1.40528687e-02,-1.23655617e-02,-1.31415988e-02,-1.29810035e-02,-1.20616822e-02,-1.06663484e-02,-8.03549460e-03,-3.61698818e-03,3.55236088e-04,3.11705108e-03,5.90340318e-03,5.31940246e-03,3.22203219e-03,-1.03643371e-03,-7.66898821e-03,-1.39028442e-02,-1.94405956e-02,-2.32237643e-02,-2.80884642e-02,-3.05104289e-02,-3.02290751e-02,-2.82387582e-02,-2.52443059e-02,-2.28313033e-02,-1.94564717e-02,-1.63524869e-02,-1.35236552e-02,-1.09418338e-02,-6.81751031e-03,-2.35363053e-03,-1.24142984e-06,6.44686105e-05
2.37528560e-02,2.53580733e-02,2.60443614e-02,2.58908190e-02,2.58028334e-02,2.58321779e-02,2.65099561e-02,2.55394029e-02,2.35750683e-02,2.07224006e-02,1.56770913e-02,1.03115750e-02,2.75487703e-03,-4.06704205e-03,-7.15645253e-03,-9.00193118e-03,-7.22888735e-03,-4.91864057e-03,-4.57809672e-03,-4.73427754e-03,-4.58727761e-03,-6.00227688e-03,-7.75627546e-03,-7.73546180e-03,-7.18436589e-03,-7.24656726e-03,-8.82778663e-03,-1.02254193e-02,-1.31365396e-02,-1.51861500e-02,-1.71202530e-02,-1.78735212e-02,-1.80520014e-02,-1.96246107e-02,-1.93187264e-02,-1.66642430e-02,-1.42758149e-02,-1.04707414e-02,-6.13370674e-03,-1.26761707e-03,1.59097223e-03,2.89487585e-03,4.73944593e-03,6.07660076e-03,6.64623858e-03,7.63176492e-03,9.27158140e-03,1.07243509e-02,8.31275826e-03,4.48739418e-03,1.86400187e-03,1.31830345e-03,1.35198639e-03,3.22018721e-04,-1.01428936e-03,-2.31196436e-03,-2.61440854e-03,-4.33812053e-04,6.01976165e-03,1.14949461e-02,1.63824064e-02,1.83205253e-02,2.02643813e-02,2.17772702e-02
-5.91637322e-02,-5.40961708e-02,-5.02407302e-02,-4.88299725e-02,-4.72277708e-02,-4.51950462e-02,-4.08672709e-02,-3.51696209e-02,-3.21751428e-02,-3.11408411e-02,-3.29295629e-02,-3.57921321e-02,-3.71967252e-02,-3.84170477e-02,-4.06232555e-02,-4.26197292e-02,-4.33194525e-02,-4.38172046e-02,-4.42797254e-02,-4.34738138e-02,-4.27187605e-02,-3.99384155e-02,-4.00530662e-02,-3.96435435e-02,-3.94263966e-02,-3.98425705e-02,-3.84087864e-02,-3.84553710e-02,-3.95776912e-02,-3.92304647e-02,-3.97395917e-02,-4.04978486e-02,-4.16729751e-02,-4.06009726e-02,-3.87353490e-02,-3.54901485e-02,-3.08336073e-02,-2.84722805e-02,-2.61876226e-02,-2.36406742e-02,-2.13625934e-02,-2.03292074e-02,-1.96907020e-02,-1.70890705e-02,-1.69572473e-02,-1.81683984e-02,-2.02462451e-02,-2.39620643e-02,-2.89331278e-02,-3.34499439e-02,-3.67614131e-02,-4.08339423e-02,-4.41278337e-02,-4.78775404e-02,-5.05251094e-02,-5.38767091e-02,-5.75142524e-02,-5.88661964e-02,-6.00305264e-02,-5.95086287e-02,-5.88022585e-02,-5.86310352e-02,-6.18699830e-02,-6.30802667e-02
5.02660068e-02,5.00455133e-02,4.85072412e-02,4.58433588e-02,4.38017045e-02,4.02348525e-02,3.64313971e-02,3.30908494e-02,3.11139499e-02,2.83418377e-02,2.26676687e-02,1.83262913e-02,1.53457066e-02,1.12941714e-02,7.07837545e-03,3.68330010e-03,-1.61412919e-03,-7.74012188e-03,-1.19378328e-02,-1.73621358e-02,-2.13680730e-02,-2.54286502e-02,-2.79847745e-02,-2.87411312e-02,-2.80917065e-02,-2.90697099e-02,-3.27186112e-02,-3.56906849e-02,-3.81006946e-02,-3.91974418e-02,-3.92533539e-02,-3.57552548e-02,-3.07392256e-02,-2.48685395e-02,-1.97166070e-02,-1.47766168e-02,-6.36318602e-03,2.79558030e-03,1.03047242e-02,1.47303617e-02,1.91692491e-02,2.00446546e-02,2.15541596e-02,2.31805903e-02,2.20645887e-02,2.09831623e-02,1.90768075e-02,1.88453836e-02,1.96384523e-02,1.89438082e-02,1.86066657e-02,1.68044338e-02,1.60791710e-02,1.66118591e-02,1.59446516e-02,1.67711948e-02,1.81082900e-02,2.16483911e-02,2.66833338e-02,3.10932622e-02,3.63686444e-02,4.39544225e-02,4.80160161e-02,4.94629655e-02
-3.64126647e-02,-3.57543385e-02,-3.64745506e-02,-3.86326689e-02,-3.90033809e-02,-3.86095856e-02,-3.85724485e-02,-3.91949284e-02,-4.04352255e-02,-4.41264745e-02,-4.65379721e-02,-4.82819784e-02,-4.92391053e-02,-4.98951144e-02,-5.04623702e-02,-5.15451733e-02,-5.51044859e-02,-5.66042987e-02,-5.63384395e-02,-5.66847977e-02,-5.60866649e-02,-5.52684115e-02,-5.45229473e-02,-5.14903590e-02,-4.97867234e-02,-4.73057597e-02,-4.33865781e-02,-3.83983022e-02,-3.76081722e-02,-3.42232678e-02,-2.95408695e-02,-2.65569246e-02,-2.58681247e-02,-2.73672237e-02,-2.60747918e-02,-2.44166480e-02,-2.24937887e-02,-2.31592010e-02,-2.24064438e-02,-2.27822433e-02,-2.56136057e-02,-2.65012918e-02,-2.87965453e-02,-3.44058964e-02,-3.72020354e-02,-3.77623689e-02,-3.78011506e-02,-3.88479619e-02,-4.07442002e-02,-4.25381692e-02,-4.58204630e-02,-4.89946889e-02,-5.23545386e-02,-5.37516532e-02,-5.12665000e-02,-4.91076922e-02,-4.76665813e-02,-4.70162503e-02,-4.55597803e-02,-4.39648234e-02,-4.30969459e-02,-4.09379710e-02,-3.72757175e-02,-3.63136705e-02
-3.34103234e-02,-3.24456794e-02,-3.08537015e-02,-2.85928966e-02,-2.50590580e-02,-2.23621858e-02,-2.02411363e-02,-1.99460863e-02,-2.06478783e-02,-2.02139250e-02,-1.76648313e-02,-1.32127373e-02,-9.98080730e-03,-8.57144772e-03,-8.49388618e-03,-9.76374216e-03,-9.95468389e-03,-1.16961458e-02,-1.34131281e-02,-1.51066065e-02,-1.76249642e-02,-1.90901851e-02,-2.14232064e-02,-2.50267278e-02,-2.73816586e-02,-2.75534981e-02,-2.80754341e-02,-2.89745569e-02,-2.97012016e-02,-3.30345296e-02,-3.57066627e-02,-3.56319176e-02,-3.47448978e-02,-3.33012726e-02,-2.99649013e-02,-2.76181019e-02,-2.84443153e-02,-2.95258804e-02,-2.89165238e-02,-2.78311434e-02,-2.83400522e-02,-3.13869785e-02,-3.48010157e-02,-3.62839872e-02,-3.41635373e-02,-3.28337207e-02,-3.34821005e-02,-3.36449458e-02,-3.33649674e-02,-3.18649262e-02,-2.91264160e-02,-2.58255822e-02,-2.36230421e-02,-2.33053148e-02,-2.52285275e-02,-2.64652962e-02,-2.63516595e-02,-2.86522861e-02,-2.84719717e-02,-2.74570331e-02,-2.69633394e-02,-2.86580911e-02,-3.20049547e-02,-3.37907133e-02
-3.67523838e-02,-3.68525603e-02,-3.79846986e-02,-3.95680819e-02,-4.16856856e-02,-4.38042410e-02,-4.48747679e-02,-4.75732144e-02,-5.01866715e-02,-5.13299581e-02,-5.31033808e-02,-5.46777579e-02,-5.46064344e-02,-5.32851727e-02,-5.35950501e-02,-5.44157444e-02,-5.23789973e-02,-4.80388620e-02,-4.46273261e-02,-4.35106894e-02,-4.06476769e-02,-3.76938272e-02,-3.39147919e-02,-3.04585792e-02,-2.76777147e-02,-2.29056524e-02,-1.70240789e-02,-1.21243190e-02,-8.88309008e-03,-6.58086828e-03,-5.96073622e-03,-6.23489633e-03,-7.47139399e-03,-8.33033844e-03,-9.18542990e-03,-9.38771151e-03,-8.85542782e-03,-7.78495521e-03,-6.38495269e-03,-2.74893032e-03,1.18871396e-03,5.08465837e-03,7.18052226e-03,5.75849597e-03,3.70238893e-03,-8.15547618e-04,-4.29715551e-03,-7.69385435e-03,-1.07869633e-02,-1.48948784e-02,-1.83410983e-02,-2.14190451e-02,-2.44837387e-02,-2.86158379e-02,-3.26313998e-02,-3.53388681e-02,-3.64481836e-02,-3.80795300e-02,-3.93714875e-02,-3.99119854e-02,-3.87514845e-02,-3.72172442e-02,-3.60975649e-02,-3.62160473e-02
-3.28882171e-02,-3.44844555e-02,-3.53575833e-02,-3.54655068e-02,-3.43233116e-02,-3.40741462e-02,-3.55672864e-02,-3.51843280e-02,-3.03284371e-02,-2.69095277e-02,-2.51495026e-02,-2.29152232e-02,-2.14518223e-02,-1.99073497e-02,-1.85334426e-02,-1.96559094e-02,-2.09280004e-02,-2.03916568e-02,-2.06590948e-02,-1.99328649e-02,-1.99946712e-02,-2.18811966e-02,-2.38290963e-02,-2.74458614e-02,-2.85904826e-02,-3.19322868e-02,-3.44882624e-02,-3.68226485e-02,-4.00832430e-02,-4.33525103e-02,-4.73021832e-02,-4.93862465e-02,-5.02965097e-02,-5.27481526e-02,-5.31070725e-02,-5.31309021e-02,-5.29867691e-02,-5.35541995e-02,-5.23906463e-02,-4.93752926e-02,-4.62736217e-02,-4.51033420e-02,-4.27696930e-02,-3.86251937e-02,-3.39850518e-02,-3.16649978e-02,-2.83502684e-02,-2.38832917e-02,-1.72878561e-02,-1.25127077e-02,-9.79198130e-03,-6.94112151e-03,-4.82907983e-03,-3.51898885e-03,-2.90316590e-03,-2.91659584e-03,-2.92772772e-03,-2.14913240e-03,-4.00877441e-03,-6.80517188e-03,-1.13329496e-02,-1.82783065e-02,-2.40619585e-02,-2.88515621e-02
3.69740126e-02,3.97691258e-02,4.26355185e-02,4.62573308e-02,4.81175190e-02,4.75401004e-02,4.49663972e-02,4.45571840e-02,4.58526709e-02,4.91945415e-02,5.34462277e-02,5.73870612e-02,6.11098771e-02,6.21327108e-02,6.34111412e-02,6.27540374e-02,6.03006215e-02,5.85748949e-02,5.67830010e-02,5.43216928e-02,4.95769466e-02,4.53559790e-02,4.19176497e-02,3.80086289e-02,3.62743729e-02,3.53907733e-02,3.47239122e-02,3.36423109e-02,3.49854425e-02,3.67448734e-02,3.61345287e-02,3.28140538e-02,2.64641883e-02,2.29626793e-02,2.13348843e-02,2.05845449e-02,2.05404472e-02,1.99154526e-02,1.70032716e-02,1.49391634e-02,1.43039500e-02,1.49906115e-02,1.51670938e-02,1.51329234e-02,1.64348704e-02,1.68144732e-02,1.34319888e-02,1.20053224e-02,9.51526173e-03,7.03803956e-03,5.91915792e-03,5.95194917e-03,7.25273335e-03,1.08247643e-02,1.30908956e-02,1.58429049e-02,1.89872008e-02,2.45862442e-02,2.98411026e-02,3.44522120e-02,3.86537647e-02,3.96314840e-02,3.83563716e-02,3.70965300e-02
-4.12863294e-02,-4.31490456e-02,-4.36343493e-02,-3.88454494e-02,-3.33197723e-02,-2.71730539e-02,-2.21224121e-02,-1.87871602e-02,-1.38171534e-02,-7.66455172e-03,-4.45828082e-03,-3.83567395e-03,-2.95098470e-03,-1.62301911e-03,-2.72526618e-03,-4.22636955e-03,-6.40123600e-03,-8.60219153e-03,-8.82220447e-03,-9.50296634e-03,-9.71359175e-03,-1.23185534e-02,-1.49112337e-02,-1.52220378e-02,-1.59309665e-02,-1.66965223e-02,-1.67046160e-02,-1.83746198e-02,-2.04751451e-02,-2.38310775e-02,-2.75028029e-02,-2.88846049e-02,-3.03643604e-02,-3.09363463e-02,-3.09459343e-02,-3.12914237e-02,-3.15117392e-02,-3.11013484e-02,-3.05196557e-02,-2.89131870e-02,-2.62634572e-02,-2.22391497e-02,-1.63997891e-02,-1.41129431e-02,-1.30949973e-02,-1.10059343e-02,-9.61580004e-03,-1.00763585e-02,-1.08097479e-02,-1.12521835e-02,-1.12684909e-02,-1.00655060e-02,-8.53616362e-03,-8.86604956e-03,-1.23188806e-02,-1.61211490e-02,-2.25585494e-02,-2.79118721e-02,-3.12303814e-02,-3.46107799e-02,-3.75072906e-02,-3.92588891e-02,-3.97109835e-02,-4.05115189e-02
-4.96498328e-02,-4.76569899e-02,-4.73130147e-02,-4.71257407e-02,-4.96425525e-02,-5.07383035e-02,-5.12299356e-02,-5.03839382e-02,-4.89676963e-02,-4.60565297e-02,-4.26040154e-02,-3.80614191e-02,-3.47278843e-02,-2.99719433e-02,-2.40550244e-02,-1.96539222e-02,-1.68261702e-02,-1.65207100e-02,-1.43828352e-02,-1.11962343e-02,-1.04445805e-02,-1.20657360e-02,-1.08747043e-02,-6.93405600e-03,-3.99070571e-03,-7.73960609e-05,4.10067530e-03,6.13022848e-03,6.51874547e-03,5.92703179e-03,5.65176700e-03,4.42981487e-03,3.71418350e-03,3.01968454e-03,1.84578567e-03,-1.49170777e-03,-4.82292722e-03,-8.74065349e-03,-1.19691777e-02,-1.33330613e-02,-1.50867230e-02,-1.85410119e-02,-2.34090659e-02,-2.72669700e-02,-3.04208774e-02,-3.39963270e-02,-3.62004539e-02,-3.72009671e-02,-3.87060483e-02,-4.06674070e-02,-4.20343947e-02,-4.33095539e-02,-4.38433198e-02,-4.42552748e-02,-4.38830228e-02,-4.35613215e-02,-4.32047323e-02,-4.02239188e-02,-4.02083947e-02,-3.97676109e-02,-4.14581689e-02,-4.22865603e-02,-4.45570453e-02,-4.84600745e-02
4.10136708e-02,4.57829363e-02,4.93941896e-02,5.08729369e-02,5.08830142e-02,5.02570100e-02,4.94139807e-02,4.69939405e-02,4.38762479e-02,4.22372434e-02,4.00139513e-02,3.87729664e-02,3.85137105e-02,3.86765971e-02,4.06384750e-02,4.48857922e-02,4.95209837e-02,5.45716213e-02,5.78047764e-02,5.95159800e-02,6.09141548e-02,5.90057254e-02,5.52801033e-02,5.19982988e-02,4.79661908e-02,4.52820882e-02,4.23427184e-02,3.93060318e-02,3.62398215e-02,3.27986672e-02,2.90484257e-02,2.42189092e-02,1.88510644e-02,1.33102907e-02,9.45226169e-03,5.35660686e-03,1.83070527e-03,1.74761016e-04,-1.15798303e-03,-3.10604053e-03,-2.70398410e-03,-4.06512373e-03,-5.52188886e-03,-3.97076567e-03,-1.63633263e-03,3.31488796e-04,2.43955254e-03,4.32861844e-03,4.62675619e-03,5.69801517e-03,6.51978472e-03,6.70720730e-03,7.42390933e-03,7.22682226e-03,5.43813043e-03,5.35107221e-03,8.32662764e-03,1.24609753e-02,1.77730733e-02,2.45132173e-02,3.04165973e-02,3.37058142e-02,3.76997837e-02,3.92494226e-02
1.54654903e-02,1.85635932e-02,2.13054032e-02,2.53610059e-02,2.60276946e-02,2.60235588e-02,2.63085179e-02,2.46946062e-02,1.96772766e-02,1.70200220e-02,1.51859208e-02,1.35033282e-02,1.04512357e-02,4.91949927e-03,-1.55544437e-03,-6.45013156e-03,-9.58487395e-03,-1.08814206e-02,-1.26350115e-02,-1.27421324e-02,-1.41798286e-02,-1.68041012e-02,-1.84825668e-02,-2.09874343e-02,-2.15723902e-02,-2.27607792e-02,-2.56602358e-02,-2.77021075e-02,-3.05260846e-02,-3.34407657e-02,-3.49681148e-02,-3.48959293e-02,-3.42888389e-02,-3.28608522e-02,-3.32786198e-02,-3.50608156e-02,-3.62485401e-02,-4.03068326e-02,-4.37710409e-02,-4.70510243e-02,-5.01824652e-02,-5.51092415e-02,-5.83811614e-02,-6.07110177e-02,-6.21173658e-02,-6.23834953e-02,-5.91279727e-02,-5.57086219e-02,-4.85763292e-02,-4.10114077e-02,-3.61466808e-02,-3.28660731e-02,-2.98502125e-02,-2.58966547e-02,-2.11389235e-02,-1.61548985e-02,-1.29776195e-02,-9.97743277e-03,-5.83333657e-03,-1.17535359e-03,4.76812911e-03,9.78926544e-03,1.11215083e-02,1.25495724e-02
-5.57060251e-03,-4.36303923e-03,-3.09551097e-03,-2.81844822e-03,-4.67050929e-03,-6.11248061e-03,-6.31046940e-03,-4.88015048e-03,-1.38658402e-03,2.74151049e-03,7.98399315e-03,1.20754017e-02,1.65949639e-02,2.09053237e-02,2.47287519e-02,2.78780346e-02,2.97589176e-02,3.16260190e-02,3.16261471e-02,3.36727063e-02,3.58513494e-02,3.76830378e-02,4.01950957e-02,4.12840939e-02,4.00480543e-02,3.51077276e-02,2.82929459e-02,2.18935640e-02,1.54603636e-02,9.77029474e-03,4.97182487e-03,1.87477603e-03,1.28187164e-04,-1.43694332e-03,-5.10471611e-03,-6.71789666e-03,-6.86868974e-03,-7.65194970e-03,-6.97193186e-03,-5.24362117e-03,-4.97041976e-03,-6.79957173e-03,-7.83073207e-03,-9.56234207e-03,-1.26922067e-02,-1.52380272e-02,-1.69944352e-02,-1.79298786e-02,-2.03818805e-02,-2.35580169e-02,-2.62175812e-02,-3.02483505e-02,-3.51640168e-02,-3.88650308e-02,-3.83393514e-02,-3.43962916e-02,-3.05656000e-02,-2.67758569e-02,-2.23752280e-02,-1.68717717e-02,-1.24431443e-02,-9.61272577e-03,-7.87547238e-03,-8.02708448e-03
-1.54734108e-02,-1.61048304e-02,-1.86378723e-02,-2.19410854e-02,-2.32473154e-02,-2.30096432e-02,-2.22769977e-02,-2.14663052e-02,-1.90186604e-02,-1.65947979e-02,-1.42928090e-02,-1.08892599e-02,-8.52699581e-03,-9.29184801e-03,-1.13728380e-02,-1.35449397e-02,-1.40205044e-02,-1.31955916e-02,-1.45207515e-02,-1.56471816e-02,-1.56553659e-02,-1.48240574e-02,-1.12458763e-02,-7.34088780e-03,-4.87558412e-03,-3.07831225e-03,-2.53344193e-03,-1.90890269e-03,6.42639575e-04,4.48963710e-03,8.05353451e-03,9.92735307e-03,1.03590964e-02,1.15881280e-02,1.13372896e-02,1.15561669e-02,1.29486064e-02,1.29739887e-02,1.21609520e-02,1.10509397e-02,8.89806887e-03,7.66649053e-03,4.37448101e-03,-3.69987587e-04,-5.56801958e-03,-8.27585246e-03,-1.01650879e-02,-9.19063294e-03,-6.68634837e-03,-2.86145753e-03,1.21115639e-05,3.29686165e-03,6.07741590e-03,5.26652135e-03,4.10214956e-03,3.16988139e-04,-3.19431520e-03,-6.27889730e-03,-8.85555710e-03,-1.13890524e-02,-1.26755112e-02,-1.29977692e-02,-1.41221043e-02,-1.45821982e-02
-1.01127649e-02,-1.03963682e-02,-1.00266634e-02,-1.16678701e-02,-1.40278399e-02,-1.53301267e-02,-1.63108508e-02,-1.96568800e-02,-2.31155610e-02,-2.43341901e-02,-2.44284860e-02,-2.60740273e-02,-2.78178258e-02,-2.75304314e-02,-2.65516304e-02,-2.49923354e-02,-1.99076606e-02,-1.40292382e-02,-9.05060125e-03,-5.83742392e-03,-3.71781594e-03,-1.62973049e-03,6.21709944e-04,3.05221580e-03,5.40275203e-03,9.51656910e-03,1.62310278e-02,2.12127954e-02,2.29694345e-02,2.07570291e-02,1.82089584e-02,1.60962702e-02,1.47390172e-02,1.46271035e-02,1.56275927e-02,1.56119440e-02,1.48283502e-02,1.49609724e-02,1.60783116e-02,1.81733635e-02,1.88835079e-02,2.01639253e-02,1.93443473e-02,1.64038211e-02,1.35528280e-02,1.10774196e-02,9.07573414e-03,6.29869691e-03,6.24253853e-03,6.71520022e-03,4.67134443e-03,2.06249288e-03,-7.35819743e-04,-3.53481723e-03,-6.12638885e-03,-8.12137169e-03,-8.89694529e-03,-1.02407562e-02,-1.14000165e-02,-1.26164012e-02,-1.32851132e-02,-1.39025204e-02,-1.24897295e-02,-1.05838797e-02
2.13722439e-02,2.29531397e-02,2.22534556e-02,2.04970845e-02,1.71172434e-02,1.14340715e-02,6.14136670e-03,1.43083253e-03,-2.38074582e-03,-5.54790150e-03,-8.02349287e-03,-1.01049380e-02,-1.16446098e-02,-1.03427832e-02,-7.21184838e-03,-4.40332073e-03,-3.19716289e-03,-4.31979184e-03,-4.45739964e-03,-4.97313770e-03,-3.79971668e-03,-2.22898170e-03,-2.29021956e-03,-3.03120882e-03,-2.14134510e-03,4.45822789e-04,2.84668698e-03,4.79165292e-03,5.20577936e-03,5.86258954e-03,6.82252875e-03,9.47096430e-03,1.04617643e-02,1.54432669e-02,2.02023819e-02,2.25556140e-02,2.31132915e-02,2.48742914e-02,2.84288278e-02,3.16041080e-02,3.34925777e-02,3.43622456e-02,3.39585343e-02,3.46171543e-02,3.45290927e-02,3.63701618e-02,3.80264788e-02,3.90160995e-02,3.80495270e-02,3.54160854e-02,3.19997133e-02,2.90674100e-02,2.56896944e-02,2.16325993e-02,1.63182866e-02,1.09724087e-02,8.33843070e-03,8.11024159e-03,8.59290008e-03,9.81379517e-03,1.22218997e-02,1.40014596e-02,1.58298143e-02,1.89549851e-02
-1.09734549e-02,-1.03083946e-02,-1.26788680e-02,-1.68678553e-02,-2.35683376e-02,-3.11209245e-02,-3.62956706e-02,-4.08749298e-02,-4.31035614e-02,-4.38427110e-02,-4.30181831e-02,-4.01050558e-02,-3.66274547e-02,-3.38370581e-02,-2.96398968e-02,-2.59458827e-02,-2.42360896e-02,-2.18323818e-02,-1.90797364e-02,-1.74416946e-02,-1.75299386e-02,-1.80370281e-02,-1.77136071e-02,-1.82231823e-02,-1.86582406e-02,-1.94875781e-02,-2.06158202e-02,-1.95130197e-02,-1.96614810e-02,-1.86258206e-02,-1.69194969e-02,-1.58253802e-02,-1.35830307e-02,-1.23883369e-02,-1.06280256e-02,-9.25317806e-03,-9.08015606e-03,-9.89281014e-03,-1.06900778e-02,-9.63655284e-03,-9.91978694e-03,-1.18636356e-02,-1.55728657e-02,-1.77863784e-02,-2.01977043e-02,-2.22321884e-02,-2.31485774e-02,-2.43815576e-02,-2.72670593e-02,-2.82256977e-02,-2.52110926e-02,-2.15748377e-02,-1.60754869e-02,-1.10124825e-02,-7.31966927e-03,-4.30177870e-03,-3.20932262e-03,-4.18632396e-03,-5.29840784e-03,-4.65998726e-03,-5.16385934e-03,-7.78785765e-03,-9.25006347e-03,-1.04746228e-02
-2.84270965e-02,-3.33659991e-02,-3.69448225e-02,-3.91622486e-02,-3.93484856e-02,-3.75567256e-02,-3.53767167e-02,-3.53450041e-02,-3.62135330e-02,-3.74756179e-02,-3.69517015e-02,-3.52197680e-02,-3.55751673e-02,-3.47896096e-02,-3.32591138e-02,-3.28402624e-02,-3.15992916e-02,-2.87501569e-02,-2.43694139e-02,-2.03089262e-02,-1.72466898e-02,-1.15378750e-02,-6.56346586e-03,-4.35063726e-03,-1.10320792e-03,3.72882010e-03,6.67190145e-03,7.06597971e-03,6.17025159e-03,7.36425608e-03,7.78702256e-03,6.59620967e-03,6.14430699e-03,7.15705263e-03,7.81988025e-03,4.43426162e-03,1.66611801e-03,2.05853508e-05,8.76231064e-05,2.98854776e-03,3.80418785e-03,3.52528499e-03,4.20721297e-03,4.38453218e-03,6.28427970e-03,7.47252683e-03,1.00957756e-02,1.26248110e-02,1.61538579e-02,1.86957944e-02,1.82042032e-02,1.63219452e-02,1.39499655e-02,1.05687869e-02,8.43657129e-03,6.14372034e-03,2.09175504e-03,5.54018307e-04,-2.00448716e-03,-4.77161963e-03,-7.62780286e-03,-1.09160986e-02,-1.57318300e-02,-2.23735006e-02
1.51639585e-02,1.30028896e-02,1.25265873e-02,1.54767983e-02,1.75016924e-02,1.92979159e-02,2.16967357e-02,2.32283704e-02,2.34677606e-02,2.47782232e-02,2.45057686e-02,2.41090620e-02,2.50092717e-02,2.62811619e-02,2.65537690e-02,2.69629085e-02,2.87169958e-02,2.77268920e-02,2.62304602e-02,2.50244975e-02,2.43772764e-02,2.13335649e-02,1.59403243e-02,1.12884282e-02,7.07978325e-03,5.05573630e-03,4.56143787e-03,7.36163171e-03,1.08325342e-02,1.35129240e-02,1.58010391e-02,1.69875336e-02,1.88515170e-02,2.14349525e-02,2.45077553e-02,2.58606323e-02,2.62864029e-02,2.72465897e-02,2.84920959e-02,2.92307086e-02,3.18537607e-02,3.44764504e-02,3.29025854e-02,3.11540791e-02,3.12858137e-02,2.81514292e-02,2.66422537e-02,2.61165767e-02,2.56464335e-02,2.50988018e-02,2.51970704e-02,2.42098395e-02,2.33341832e-02,2.12061666e-02,1.80720629e-02,1.83563799e-02,1.94410570e-02,1.99644480e-02,1.85847982e-02,1.77613709e-02,1.72037661e-02,1.68126284e-02,1.65896596e-02,1.67889191e-02
-3.13998382e-02,-3.21501983e-02,-3.43484464e-02,-3.50311868e-02,-3.50220107e-02,-3.37943596e-02,-3.37112502e-02,-3.34022398e-02,-3.00771504e-02,-2.46505972e-02,-2.03167464e-02,-1.54551090e-02,-1.35430468e-02,-1.36065198e-02,-1.27979365e-02,-8.69346231e-03,-4.96361539e-03,-8.69092070e-04,1.76547909e-03,5.25960976e-03,1.11792839e-02,1.73088408e-02,2.27408047e-02,2.52919699e-02,2.55697124e-02,2.44171361e-02,2.29043220e-02,2.36230591e-02,2.22397865e-02,1.99225808e-02,1.78781069e-02,1.45481273e-02,1.18252362e-02,9.31178006e-03,6.79850688e-03,2.24005540e-03,-1.31611766e-04,-1.80312282e-03,-4.77364089e-03,-5.70954259e-03,-7.30825543e-03,-8.21911864e-03,-1.05490582e-02,-1.09651105e-02,-1.09627168e-02,-1.26555743e-02,-1.47397606e-02,-1.61990754e-02,-1.78128498e-02,-1.86396799e-02,-1.99580553e-02,-1.86479874e-02,-1.88654588e-02,-1.83707699e-02,-1.82145462e-02,-1.78822103e-02,-1.80472441e-02,-1.73435541e-02,-1.83370263e-02,-2.01942034e-02,-2.14189418e-02,-2.38235534e-02,-2.64470422e-02,-2.87912087e-02
-3.76135789e-02,-4.03078229e-02,-4.13763386e-02,-4.32492815e-02,-4.48384799e-02,-4.64898938e-02,-4.63090210e-02,-4.38691501e-02,-4.11600265e-02,-3.98579974e-02,-3.83452727e-02,-3.48848867e-02,-3.20116364e-02,-2.90491590e-02,-2.62698882e-02,-2.33259891e-02,-2.26299437e-02,-2.27944651e-02,-2.30076452e-02,-2.29985959e-02,-2.48019462e-02,-2.69697813e-02,-2.68264913e-02,-2.56596859e-02,-2.59318803e-02,-2.50388402e-02,-2.36967060e-02,-2.43055723e-02,-2.63609955e-02,-2.62883547e-02,-2.55637017e-02,-2.35332228e-02,-1.94956344e-02,-1.68624394e-02,-1.51501155e-02,-1.42229355e-02,-1.20227058e-02,-1.17469391e-02,-1.49592032e-02,-1.81970835e-02,-1.89447613e-02,-1.89078405e-02,-2.04567496e-02,-2.04956152e-02,-1.99538239e-02,-2.02239080e-02,-2.12468430e-02,-2.20380100e-02,-2.13484401e-02,-2.00858126e-02,-1.86521644e-02,-1.96488065e-02,-2.14798272e-02,-2.47591781e-02,-2.79068540e-02,-3.25669050e-02,-3.49010718e-02,-3.57084221e-02,-3.56002005e-02,-3.42603227e-02,-3.51953061e-02,-3.77367515e-02,-3.80595937e-02,-3.76778878e-02
1.19947868e-02,1.24278855e-02,1.06914277e-02,9.11559248e-03,1.02310542e-02,1.12182634e-02,1.22829434e-02,1.24314785e-02,1.38577360e-02,1.43152100e-02,1.71723579e-02,2.12280240e-02,2.44551341e-02,2.55802556e-02,2.71723144e-02,2.67976196e-02,2.39553476e-02,2.11978402e-02,1.85600389e-02,1.59183377e-02,1.50459682e-02,1.46670276e-02,1.51543831e-02,1.64083028e-02,1.58801791e-02,1.41776839e-02,1.25012803e-02,1.00377071e-02,8.96852371e-03,8.38385179e-03,7.88568599e-03,7.25862156e-03,6.23969920e-03,5.62142158e-03,5.63385630e-03,5.68121168e-03,6.90755484e-03,7.33462167e-03,1.03319108e-02,1.32511015e-02,1.43450938e-02,1.65369737e-02,1.71915597e-02,1.54182771e-02,1.14934486e-02,6.83664111e-03,2.38499476e-03,-4.19514450e-04,-3.73363423e-03,-7.17954921e-03,-8.31759489e-03,-1.01008055e-02,-1.00379231e-02,-9.70049219e-03,-9.42661662e-03,-1.00319639e-02,-1.10413106e-02,-1.00649766e-02,-6.92892688e-03,-6.16328295e-03,-2.74283494e-03,3.04615517e-03,7.85675288e-03,1.08791012e-02
-1.60186877e-02,-1.75684701e-02,-1.70350281e-02,-1.53119903e-02,-1.49345839e-02,-1.62375233e-02,-1.69153078e-02,-1.47809862e-02,-9.74261140e-03,-5.55747518e-03,-6.09259098e-03,-9.35653787e-03,-1.31486202e-02,-1.60914979e-02,-2.05794163e-02,-2.26865865e-02,-2.40759077e-02,-2.43441372e-02,-2.36355918e-02,-2.48196624e-02,-2.45347069e-02,-2.64007711e-02,-2.77533305e-02,-2.63328624e-02,-2.54091681e-02,-2.50786988e-02,-2.32385908e-02,-2.25196418e-02,-2.30624375e-02,-2.19139851e-02,-2.01790967e-02,-1.97085163e-02,-2.07185478e-02,-2.05464426e-02,-2.03439725e-02,-1.96757885e-02,-1.79431124e-02,-1.59875019e-02,-1.32513719e-02,-1.09783945e-02,-9.85356190e-03,-9.28310919e-03,-7.81242682e-03,-8.20877310e-03,-9.58281414e-03,-1.17484565e-02,-1.48928389e-02,-1.60385659e-02,-1.53778557e-02,-1.43134191e-02,-1.37045562e-02,-1.24580768e-02,-1.16326734e-02,-1.11114255e-02,-9.25471043e-03,-9.72991868e-03,-8.58103036e-03,-7.51835556e-03,-5.39148973e-03,-5.60369050e-03,-8.30257258e-03,-8.62729310e-03,-8.62315159e-03,-1.16943155e-02
-1.93874951e-03,4.93647754e-03,8.82204833e-03,9.84170961e-03,9.95837186e-03,7.26358014e-03,1.99919964e-03,-3.22085381e-03,-8.24426559e-03,-1.35788723e-02,-1.74009019e-02,-1.84649290e-02,-1.77575092e-02,-1.52044368e-02,-1.26745140e-02,-1.08945228e-02,-8.75723122e-03,-5.97519055e-03,-5.57881412e-03,-6.02922643e-03,-5.65869151e-03,-3.20658416e-03,2.80435851e-03,9.64407211e-03,1.30983942e-02,1.51923745e-02,1.64843491e-02,1.66340012e-02,1.58165132e-02,1.42577638e-02,1.32593586e-02,1.40293377e-02,1.64050973e-02,1.87247188e-02,2.13637602e-02,2.44362419e-02,2.62352309e-02,2.91287133e-02,2.89385301e-02,2.77620088e-02,2.74348598e-02,2.92169789e-02,3.04715956e-02,3.19337020e-02,3.06075315e-02,2.98096285e-02,3.08168987e-02,3.04611151e-02,2.67947441e-02,2.16811598e-02,1.67075112e-02,1.51120466e-02,1.49523001e-02,1.29352134e-02,9.21289087e-03,4.82147762e-03,6.69391964e-04,-3.24854019e-03,-7.40081131e-03,-9.55450788e-03,-1.10024327e-02,-1.25651433e-02,-1.19256770e-02,-7.55552152e-03
3.04719052e-02,2.67246573e-02,2.34158218e-02,2.11476604e-02,1.99376617e-02,1.71298614e-02,1.35437309e-02,9.41186034e-03,5.67659841e-03,1.67432763e-03,-3.44091821e-03,-5.72415713e-03,-7.32219721e-03,-9.23954802e-03,-1.11621733e-02,-1.43032800e-02,-1.43484550e-02,-1.38478707e-02,-1.33035997e-02,-1.07310689e-02,-6.65913246e-03,-4.10870592e-03,-4.77036710e-03,-7.92440544e-03,-1.20989758e-02,-1.42443695e-02,-1.44852368e-02,-1.24557096e-02,-1.16167185e-02,-1.23958855e-02,-1.44720996e-02,-1.57234798e-02,-1.68195104e-02,-1.61952502e-02,-1.61037044e-02,-1.55897756e-02,-1.54356625e-02,-1.28734016e-02,-1.15535907e-02,-1.09658518e-02,-1.13435367e-02,-1.04441864e-02,-7.20792858e-03,-4.26173597e-03,2.55539182e-03,8.80552721e-03,1.38282747e-02,1.69092895e-02,1.99812742e-02,2.12192041e-02,2.20906212e-02,2.28771753e-02,2.30467429e-02,2.38318236e-02,2.48365516e-02,2.52877259e-02,2.55564605e-02,2.62652000e-02,2.73485337e-02,2.93940137e-02,3.09802039e-02,3.38727058e-02,3.54434224e-02,3.42328249e-02
4.82212748e-02,4.82980916e-02,4.81033032e-02,4.77963706e-02,4.84161615e-02,4.96078958e-02,5.01914054e-02,4.73757791e-02,4.49499525e-02,4.23196187e-02,4.05661811e-02,3.93679834e-02,3.94324308e-02,4.01773439e-02,3.83756695e-02,3.41168877e-02,3.08414065e-02,2.71190056e-02,2.65411023e-02,2.78097611e-02,2.92490216e-02,3.15958940e-02,3.23821223e-02,3.18320908e-02,3.07510661e-02,2.95512894e-02,2.73794421e-02,2.82335067e-02,3.05255372e-02,3.24091588e-02,3.23103756e-02,3.11799543e-02,2.97591018e-02,2.96152109e-02,2.80783737e-02,2.54369217e-02,2.03110753e-02,1.40989022e-02,7.11542280e-03,1.51414762e-03,-2.09780616e-03,-3.87297836e-03,-6.65072288e-03,-7.16387253e-03,-8.28535990e-03,-8.53883075e-03,-8.59133911e-03,-9.73869969e-03,-9.79305625e-03,-7.78273261e-03,-5.00188523e-03,-2.00921137e-03,1.14773416e-03,4.25001348e-03,8.10108803e-03,1.17006438e-02,1.49856354e-02,1.71576729e-02,2.10169139e-02,2.49632593e-02,2.82135264e-02,3.52867831e-02,4.13650561e-02,4.55353909e-02
4.18725664e-02,4.73931669e-02,5.00023704e-02,5.33320943e-02,5.40179885e-02,5.41651401e-02,5.42490422e-02,5.39493149e-02,5.25704837e-02,5.11960883e-02,5.08887350e-02,5.17272908e-02,5.42167203e-02,5.62020038e-02,5.68521826e-02,5.64515797e-02,5.60271749e-02,5.71409360e-02,5.68852845e-02,5.61558110e-02,5.51070840e-02,5.35206657e-02,4.96774644e-02,4.62499018e-02,4.50436064e-02,4.31125488e-02,4.14615891e-02,3.84361152e-02,3.63956421e-02,3.60321610e-02,3.47295311e-02,3.33692552e-02,3.24413888e-02,3.17575229e-02,3.26746980e-02,3.56567556e-02,3.99430241e-02,4.52375010e-02,5.17012599e-02,5.67712944e-02,6.21516713e-02,6.50071950e-02,6.58799157e-02,6.57808061e-02,6.72740853e-02,6.65893658e-02,6.58131712e-02,6.54122888e-02,6.45814638e-02,6.39339133e-02,6.41655674e-02,6.29481539e-02,6.03544206e-02,5.67108500e-02,5.44378739e-02,5.07625203e-02,4.61336728e-02,4.07998526e-02,3.63713210e-02,3.50310647e-02,3.48723267e-02,3.51981527e-02,3.66159691e-02,3.83220581e-02
2.92570068e-02,2.49672981e-02,1.91594673e-02,1.21765896e-02,5.68267242e-03,1.82367602e-03,-1.38393411e-03,-3.81753664e-03,-5.25740278e-03,-5.02503736e-03,-4.41387058e-03,-4.69883113e-03,-2.19431471e-03,1.83397238e-03,5.22378932e-03,9.73220414e-03,1.23448882e-02,1.22023539e-02,9.65157256e-03,6.27114187e-03,2.88314476e-03,1.72731601e-03,1.36797259e-03,-3.60621760e-04,-2.91566622e-03,-5.07924380e-03,-4.93094797e-03,-5.35651061e-03,-7.49759726e-03,-9.51849378e-03,-8.71326497e-03,-5.74019069e-03,-4.94144342e-03,-2.99739279e-03,2.29610490e-04,1.93961026e-03,3.77421739e-03,5.57224313e-03,5.39108207e-03,6.15822711e-03,6.74371388e-03,7.40260727e-03,7.81565974e-03,9.69129792e-03,7.93189509e-03,5.77872552e-03,6.89671295e-03,9.58724206e-03,1.17251709e-02,1.35492949e-02,1.76626329e-02,2.28365597e-02,2.78532722e-02,3.21770399e-02,3.57730056e-02,3.78448100e-02,3.81690315e-02,3.88923428e-02,3.92964651e-02,3.90869329e-02,4.00382225e-02,3.95022689e-02,3.64520903e-02,3.36581821e-02
-1.20443882e-02,-1.26653256e-02,-1.14909607e-02,-7.97736266e-03,-4.79136923e-03,-3.03618322e-03,-1.92444965e-03,-2.88168400e-03,-2.67481179e-03,-3.01034255e-03,-4.33169253e-03,-5.88035558e-03,-7.50564996e-03,-8.62201815e-03,-1.15700228e-02,-1.32917731e-02,-1.66749463e-02,-1.97061557e-02,-2.18594055e-02,-2.37824859e-02,-2.64328331e-02,-2.92013113e-02,-3.25640050e-02,-3.47518837e-02,-3.73178977e-02,-4.04889258e-02,-4.24714511e-02,-4.26976208e-02,-4.06946973e-02,-3.85192714e-02,-3.73678097e-02,-3.42679720e-02,-3.08421140e-02,-2.69348855e-02,-2.15668670e-02,-1.69642608e-02,-1.38807743e-02,-1.19799820e-02,-9.54547670e-03,-8.42799730e-03,-7.85489372e-03,-7.76169903e-03,-7.59817791e-03,-5.38357744e-03,-1.40869090e-03,1.11160866e-03,3.23569898e-03,5.58656275e-03,8.36648870e-03,1.07120468e-02,1.25291719e-02,1.35599131e-02,1.16468989e-02,8.61940831e-03,6.03825015e-03,4.59424072e-03,2.12758715e-03,-4.92518946e-04,-2.64148717e-03,-4.49937432e-03,-5.95749212e-03,-8.34358063e-03,-9.34460562e-03,-1.06482472e-02
7.09260629e-03,9.45041975e-03,9.29176428e-03,8.14763551e-03,7.87199834e-03,5.73059626e-03,5.20191443e-03,7.69752035e-03,1.16519803e-02,1.56167889e-02,2.04590320e-02,2.69245631e-02,2.98189101e-02,3.14787477e-02,3.11320819e-02,2.83665464e-02,2.60710261e-02,2.31359268e-02,2.10834040e-02,1.87850912e-02,1.60950685e-02,1.57674742e-02,1.64114797e-02,1.73813111e-02,1.57208275e-02,1.17993157e-02,9.95724151e-03,6.94836267e-03,5.86160232e-03,7.38101459e-03,6.55437757e-03,6.62923803e-03,8.24562809e-03,1.09583857e-02,1.60857408e-02,2.10728424e-02,2.70841435e-02,3.11122419e-02,3.43315110e-02,3.75783236e-02,4.23736544e-02,4.72103121e-02,5.00338792e-02,5.11917606e-02,5.28260973e-02,5.34594241e-02,5.24558649e-02,5.06831787e-02,4.72061041e-02,4.32454595e-02,3.87821423e-02,3.36813229e-02,2.78920657e-02,2.12858295e-02,1.44294764e-02,8.44498520e-03,4.57693320e-03,3.10330375e-03,9.09820403e-04,-9.63053391e-04,-2.40122706e-03,-1.57587660e-04,2.36651148e-03,5.03054542e-03
1.95001593e-02,2.17616250e-02,2.44469371e-02,2.55341944e-02,2.58043181e-02,2.42149016e-02,2.40929162e-02,2.27332804e-02,2.10716624e-02,2.07663462e-02,1.93525585e-02,1.67488030e-02,1.73913668e-02,1.73200961e-02,1.57110010e-02,1.43975574e-02,1.06008500e-02,6.60933306e-03,2.64128942e-03,2.78569775e-03,2.42170948e-03,4.61375724e-03,5.69681768e-03,5.05023635e-03,4.33517114e-03,2.95674499e-03,6.30520636e-04,-9.51281053e-04,-2.42096886e-03,-4.78045009e-03,-9.71995452e-03,-1.58879493e-02,-2.33392557e-02,-3.00464157e-02,-3.46497658e-02,-3.68702089e-02,-3.87006926e-02,-3.68201620e-02,-3.38927714e-02,-3.03413650e-02,-2.80354073e-02,-2.89358990e-02,-3.05565835e-02,-3.18446124e-02,-3.16458374e-02,-3.02181375e-02,-2.62142682e-02,-2.10313877e-02,-1.50608730e-02,-1.01963005e-02,-4.94413272e-03,-8.54947757e-04,2.99622989e-03,7.79967555e-03,1.27964574e-02,1.64453802e-02,1.99437052e-02,2.49110574e-02,2.90935455e-02,2.89612707e-02,2.91308989e-02,2.48083021e-02,2.16372303e-02,2.03660402e-02
2.58283407e-02,2.36832271e-02,2.36297860e-02,2.27739343e-02,2.23124888e-02,2.36748659e-02,2.67157476e-02,3.29666896e-02,4.08281094e-02,4.76256054e-02,5.33977071e-02,5.75960866e-02,5.85922306e-02,6.08344487e-02,6.23564461e-02,6.04340011e-02,5.70263184e-02,5.68243820e-02,5.83605457e-02,5.98274232e-02,6.24051991e-02,6.55267038e-02,6.51783434e-02,6.18975690e-02,5.92057780e-02,5.73093075e-02,5.50789491e-02,5.27830699e-02,5.07736341e-02,4.86475199e-02,4.82082474e-02,4.88444785e-02,4.87096667e-02,4.69064296e-02,4.56061595e-02,4.34420351e-02,3.87356877e-02,3.54493444e-02,3.36905272e-02,3.01662033e-02,2.45733432e-02,1.87448079e-02,1.42919071e-02,1.08469796e-02,8.22248147e-03,5.88780757e-03,6.24333345e-03,8.38455891e-03,1.05246468e-02,1.31475460e-02,1.56431926e-02,1.77222140e-02,1.95558772e-02,2.07351665e-02,2.36087540e-02,2.48592942e-02,2.45970758e-02,2.54940182e-02,2.74780388e-02,2.87630527e-02,3.13804444e-02,3.18283593e-02,3.09139081e-02,2.93131576e-02
-4.21674195e-02,-4.63278226e-02,-5.09048003e-02,-5.42677440e-02,-5.68597775e-02,-5.72626639e-02,-5.72946730e-02,-5.84838790e-02,-5.84770443e-02,-5.82017421e-02,-5.50031922e-02,-5.23702955e-02,-4.97458553e-02,-4.58752854e-02,-4.10876195e-02,-3.69643124e-02,-3.26335487e-02,-2.67044983e-02,-2.08638139e-02,-1.83157581e-02,-1.78751118e-02,-1.61920146e-02,-1.43290353e-02,-1.37724535e-02,-1.22513338e-02,-1.18959115e-02,-1.10152589e-02,-1.13693055e-02,-1.23938499e-02,-1.26635561e-02,-1.27148335e-02,-1.05794388e-02,-7.49684195e-03,-4.74183394e-03,-2.03108815e-03,-1.76060153e-03,-4.98656954e-03,-7.89518454e-03,-8.78064480e-03,-1.07571941e-02,-1.08669935e-02,-1.12032475e-02,-1.17336553e-02,-1.29138339e-02,-1.19426036e-02,-1.28516338e-02,-1.49414522e-02,-1.65488585e-02,-1.86644442e-02,-1.94237937e-02,-2.09224056e-02,-2.13288332e-02,-1.94879781e-02,-1.56904668e-02,-1.33752823e-02,-1.34493341e-02,-1.25160689e-02,-1.11890804e-02,-1.43438077e-02,-1.79537910e-02,-2.29069814e-02,-2.95036054e-02,-3.49614912e-02,-3.80753261e-02
-2.43085733e-02,-2.67428817e-02,-3.01679192e-02,-3.48139746e-02,-3.87474296e-02,-4.48909183e-02,-5.01164176e-02,-5.41165680e-02,-5.79525161e-02,-6.12527953e-02,-6.12593471e-02,-6.18215489e-02,-6.35789550e-02,-6.19280651e-02,-5.82381123e-02,-5.29207810e-02,-4.96875275e-02,-4.84886439e-02,-4.74864024e-02,-4.35202662e-02,-3.95369537e-02,-3.45965726e-02,-2.79171869e-02,-2.15894521e-02,-1.84741467e-02,-1.64263699e-02,-1.38800063e-02,-1.00544203e-02,-6.08945329e-03,-2.99362823e-03,7.11127758e-04,2.71432464e-03,5.45638591e-03,7.01913069e-03,1.07031624e-02,1.24274919e-02,1.46433827e-02,1.79146041e-02,2.02024234e-02,2.06152050e-02,2.09855085e-02,2.06470420e-02,2.29118727e-02,2.70465610e-02,3.05715118e-02,3.45330047e-02,3.60312560e-02,3.41675210e-02,3.00272642e-02,2.50589795e-02,1.89460015e-02,1.42473474e-02,9.36093619e-03,3.97976686e-03,8.29122516e-04,-1.53255982e-03,-4.81278124e-03,-5.02895673e-03,-4.19474854e-03,-6.71643255e-03,-1.01909552e-02,-1.43388038e-02,-1.77468762e-02,-2.14361235e-02
-8.62864148e-03,-1.09089825e-02,-1.01482910e-02,-9.17755608e-03,-9.60626441e-03,-1.18616624e-02,-1.45139094e-02,-1.37837180e-02,-1.24802578e-02,-1.02683540e-02,-9.89204297e-03,-1.00157578e-02,-7.81510298e-03,-6.26546709e-03,-5.93674753e-03,-4.97350474e-03,-2.90112728e-03,-2.98450403e-04,2.99518989e-03,5.08396167e-03,7.52815858e-03,1.08700475e-02,1.58629725e-02,1.78960944e-02,1.89200752e-02,2.04143699e-02,2.05511268e-02,2.12251872e-02,2.12728638e-02,2.29936855e-02,2.56121288e-02,2.74596386e-02,2.94211552e-02,3.00234284e-02,2.82017263e-02,2.63672933e-02,2.51857108e-02,2.40135197e-02,2.43103740e-02,2.46334340e-02,2.23384689e-02,2.12825322e-02,2.03776485e-02,1.68913962e-02,1.51609569e-02,1.64316173e-02,1.83244883e-02,2.02344745e-02,2.37109573e-02,2.47366017e-02,2.43550726e-02,2.53415061e-02,2.43068029e-02,2.28827732e-02,2.36833170e-02,2.46788824e-02,2.42692388e-02,2.24768367e-02,1.81815421e-02,1.36961124e-02,8.13233381e-03,2.09728434e-03,-3.61096760e-03,-7.47362625e-03
8.77953159e-03,1.34342195e-02,1.72926846e-02,1.92429730e-02,1.93799683e-02,1.95670456e-02,2.15890920e-02,2.40302937e-02,2.62895280e-02,2.64368707e-02,2.78636506e-02,2.72911890e-02,2.42609502e-02,1.94385899e-02,1.33921935e-02,9.41110215e-03,5.36642320e-03,2.26542073e-03,-9.50750318e-05,6.53089081e-04,3.17814294e-03,4.13904064e-03,3.83671805e-03,3.73738024e-03,6.35023134e-03,7.68823224e-03,6.32599756e-03,5.16563895e-03,4.17993342e-03,1.69591838e-03,-1.17725717e-03,-3.48382550e-03,-8.23400635e-03,-1.24503296e-02,-1.48046059e-02,-1.74724461e-02,-2.05224582e-02,-2.18128561e-02,-2.20222847e-02,-2.26284538e-02,-2.50588123e-02,-2.65858724e-02,-2.74648198e-02,-3.00704758e-02,-3.23534919e-02,-3.63012207e-02,-3.83738629e-02,-3.81550028e-02,-3.83083407e-02,-3.63541989e-02,-3.35996867e-02,-3.31845103e-02,-3.47255976e-02,-3.51779223e-02,-3.51873656e-02,-3.26924446e-02,-3.12849194e-02,-2.86073992e-02,-2.72064005e-02,-2.40362216e-02,-1.98221277e-02,-1.35462334e-02,-5.72930921e-03,1.99094358e-03
2.07842963e-02,2.41323260e-02,2.74820483e-02,3.13077960e-02,3.18950600e-02,2.97731709e-02,2.89182009e-02,2.75072726e-02,2.56354424e-02,2.35205660e-02,2.20000916e-02,2.15014852e-02,2.23518767e-02,2.42478782e-02,2.51442237e-02,2.28401723e-02,2.18719537e-02,2.10248275e-02,2.10782509e-02,2.20579007e-02,2.21367736e-02,2.10940991e-02,1.96223540e-02,1.86285747e-02,1.72853418e-02,1.55295395e-02,1.23960468e-02,9.53199012e-03,9.02037509e-03,6.41754649e-03,5.28684311e-03,5.27744387e-03,4.59352099e-03,5.89627729e-03,1.01140537e-02,1.51354942e-02,2.09748508e-02,2.74625840e-02,3.21160321e-02,3.47412746e-02,3.84979332e-02,4.08445649e-02,4.05105922e-02,4.04988459e-02,4.08882975e-02,3.83999245e-02,3.68298587e-02,3.46354412e-02,3.17817014e-02,3.11797927e-02,2.98902321e-02,2.67713354e-02,2.42981401e-02,2.07204556e-02,1.63198156e-02,1.21589333e-02,1.15562410e-02,1.20866269e-02,1.41124464e-02,1.63654406e-02,1.48759918e-02,1.48904699e-02,1.67417612e-02,1.86918493e-02
-1.53329870e-02,-1.50053608e-02,-1.45603310e-02,-1.42817870e-02,-1.46527741e-02,-1.64416770e-02,-1.89933185e-02,-2.09740482e-02,-2.35636273e-02,-2.62103072e-02,-3.20632878e-02,-3.70113647e-02,-3.84005312e-02,-3.99499631e-02,-4.01505612e-02,-3.83506738e-02,-3.65294715e-02,-3.54728638e-02,-3.38694401e-02,-3.20939447e-02,-3.03677557e-02,-2.68306597e-02,-2.34140046e-02,-1.92043743e-02,-1.63842049e-02,-1.06486490e-02,-3.59948016e-03,1.87356188e-03,4.05520614e-03,4.23423624e-03,5.34474169e-03,6.54719407e-03,9.00908992e-03,9.92756033e-03,9.06898349e-03,6.69340053e-03,4.65472550e-03,1.23971644e-03,-2.23216533e-03,-3.10577938e-03,-6.27056587e-03,-7.56569426e-03,-1.00488077e-02,-1.08890403e-02,-1.15379838e-02,-1.32233061e-02,-1.56075694e-02,-1.93340327e-02,-2.15562702e-02,-2.00385081e-02,-1.53138011e-02,-1.02485121e-02,-6.64995088e-03,-6.79457907e-03,-8.27062599e-03,-1.10816594e-02,-1.48101192e-02,-1.62151783e-02,-1.55728417e-02,-1.51520410e-02,-1.55130621e-02,-1.62249798e-02,-1.75631925e-02,-1.68727471e-02
-3.01352619e-02,-2.98817072e-02,-2.80398934e-02,-2.58851180e-02,-2.40170770e-02,-2.11654054e-02,-1.94295520e-02,-1.66535834e-02,-1.16851147e-02,-8.23415075e-03,-5.42065128e-03,-2.38180566e-03,6.96650826e-04,4.35109837e-03,8.32299881e-03,1.16703876e-02,1.20849126e-02,1.17755682e-02,1.08959982e-02,1.00233061e-02,9.14884062e-03,1.09693950e-02,1.36210072e-02,1.47953487e-02,1.76725978e-02,2.27118822e-02,2.90365585e-02,3.41405021e-02,3.64108821e-02,3.96173296e-02,3.97640182e-02,3.87562011e-02,3.88598203e-02,3.72618975e-02,3.45869710e-02,3.06915398e-02,2.69969331e-02,2.12176057e-02,1.52633697e-02,1.11332322e-02,7.23057814e-03,5.64524025e-03,7.55292030e-03,8.60428581e-03,1.01178716e-02,1.14906176e-02,1.01187991e-02,8.66601044e-03,6.65332973e-03,6.49404541e-03,6.09868771e-03,5.26445271e-03,4.58979652e-03,2.01152597e-03,3.53195875e-04,-2.40624094e-03,-5.39768205e-03,-8.96500521e-03,-1.25861333e-02,-1.77091615e-02,-2.21496929e-02,-2.54378795e-02,-2.72472469e-02,-2.84383447e-02
3.04566493e-03,-1.32846961e-04,-3.36710167e-03,-2.52083937e-03,-1.69993630e-03,-7.70190940e-04,-2.58632533e-04,2.18025979e-04,-8.81514181e-04,5.46059089e-04,1.85950206e-03,1.45470583e-03,4.80920932e-04,-2.39207207e-03,-6.05666094e-03,-4.96686582e-03,-1.19435741e-03,3.13097323e-03,5.93191774e-03,8.65675489e-03,1.06259567e-02,1.34652323e-02,1.59342226e-02,1.82706477e-02,1.85340722e-02,2.09503865e-02,2.35298076e-02,2.66714774e-02,2.79526507e-02,2.71649109e-02,2.48798056e-02,2.14082077e-02,1.86772690e-02,1.45934448e-02,1.17583876e-02,7.91032241e-03,2.02583528e-03,-1.47450900e-03,-4.77059094e-03,-7.71989479e-03,-9.17110057e-03,-9.96134062e-03,-8.42873085e-03,-6.22669833e-03,-4.93582667e-03,-4.00654767e-03,-3.09302453e-03,-3.28972998e-03,-6.26520428e-03,-7.76299078e-03,-8.32434703e-03,-7.55712841e-03,-8.69782387e-03,-1.08194769e-02,-1.08599697e-02,-9.13825495e-03,-6.67549485e-03,-4.05567991e-03,-2.79952222e-03,-1.41783231e-03,1.26940690e-04,9.31419349e-05,5.35118469e-04,2.90065935e-03
-1.21254373e-02,-1.36054468e-02,-1.37234306e-02,-1.15455308e-02,-9.26719684e-03,-7.08623263e-03,-6.80929770e-03,-5.67432516e-03,-5.28670088e-03,-4.64252794e-03,-6.27364144e-03,-9.45008472e-03,-1.48344100e-02,-1.73846938e-02,-1.80528532e-02,-1.57909764e-02,-1.37364395e-02,-1.44500390e-02,-1.57820184e-02,-1.53091688e-02,-1.38321228e-02,-1.30099121e-02,-1.05596794e-02,-6.69035777e-03,-2.55707073e-03,2.82658424e-03,8.20352947e-03,1.17748285e-02,1.50363933e-02,1.92129130e-02,2.13116604e-02,2.43090557e-02,3.05516711e-02,3.56573686e-02,3.83194429e-02,4.07332059e-02,4.33095739e-02,4.76936413e-02,4.95733977e-02,4.74739939e-02,4.57947657e-02,4.42368512e-02,4.21067368e-02,3.85067886e-02,3.49653518e-02,3.21627966e-02,2.97963671e-02,2.49120837e-02,1.97883084e-02,1.60462592e-02,1.14845156e-02,7.62680199e-03,7.01729566e-03,6.54352996e-03,6.38676900e-03,8.17445829e-03,6.35577813e-03,2.83635215e-03,2.17737036e-03,2.17659154e-03,-1.70869944e-03,-7.32996181e-03,-9.10857848e-03,-1.04602921e-02
2.78417037e-02,2.70917974e-02,2.73559543e-02,2.70655013e-02,2.66608960e-02,2.56096059e-02,2.49237935e-02,2.52936653e-02,2.49782453e-02,2.29111363e-02,2.01153723e-02,1.81611527e-02,1.66749801e-02,1.53488604e-02,1.54260370e-02,1.46448143e-02,1.49067471e-02,1.64218873e-02,1.67889632e-02,1.54725493e-02,1.29708722e-02,1.16203845e-02,9.63197453e-03,8.92649867e-03,8.78562458e-03,7.22236662e-03,4.04441956e-03,8.51676811e-04,-1.48842735e-03,-8.42965491e-04,2.12438983e-03,5.88443019e-03,6.70987313e-03,7.55754089e-03,6.42220029e-03,4.98513057e-03,4.58408740e-03,2.26159473e-03,-1.10423755e-03,-2.88659544e-03,-1.11764864e-03,3.31629965e-04,5.62865427e-04,9.51562671e-04,1.02186393e-03,1.19853009e-03,-1.04877765e-03,-1.31838213e-03,4.59951225e-04,4.71500262e-03,7.90730069e-03,1.02127257e-02,1.21732013e-02,1.45712913e-02,1.87720818e-02,2.12788977e-02,2.33084756e-02,2.46672347e-02,2.55543219e-02,2.73772160e-02,2.99312958e-02,2.92239387e-02,2.85927924e-02,2.89722598e-02
-2.91672695e-02,-2.47621220e-02,-2.10613011e-02,-1.80454053e-02,-1.57960387e-02,-1.54120956e-02,-1.54608399e-02,-1.77083098e-02,-2.04642001e-02,-2.34147561e-02,-2.73673183e-02,-2.90521674e-02,-2.98762832e-02,-2.67678249e-02,-2.39762186e-02,-2.04860660e-02,-1.48112913e-02,-9.23086202e-03,-5.42384304e-03,-1.80554218e-03,3.48921816e-03,6.71992019e-03,7.55569669e-03,7.50275263e-03,7.04820244e-03,5.97127393e-03,4.70708880e-03,3.48528688e-03,6.77433050e-04,-2.40678183e-03,-4.02179071e-03,-3.81852761e-03,-2.74440851e-03,1.39092410e-04,2.49634224e-03,4.82665861e-03,7.23086962e-03,8.71101484e-03,7.18653000e-03,4.18871147e-03,2.03598043e-03,4.66333810e-04,-5.14898670e-04,-1.68062196e-04,1.40889722e-03,3.48876267e-03,6.33719354e-03,7.15413445e-03,6.35644684e-03,4.79009375e-03,5.01257516e-03,5.72548625e-03,4.55909195e-03,3.58849570e-03,3.61256686e-03,3.91731089e-03,2.03890172e-03,-3.19588540e-03,-1.08401999e-02,-1.70822370e-02,-2.33420907e-02,-2.74700440e-02,-2.91420471e-02,-2.94004287e-02
3.17182448e-02,3.04721805e-02,2.98100143e-02,3.13912138e-02,3.11471303e-02,3.07818921e-02,3.13162448e-02,3.14625349e-02,3.04916355e-02,2.74214597e-02,2.32518388e-02,1.67367167e-02,1.32883485e-02,1.01456898e-02,6.73861559e-03,5.57773547e-03,6.74802356e-03,6.88438208e-03,7.14628586e-03,7.11844665e-03,7.74805984e-03,5.91479368e-03,3.95220263e-03,3.59333256e-03,3.71950565e-03,7.11642425e-03,1.08015824e-02,1.33308806e-02,1.62249141e-02,1.84887900e-02,1.97271494e-02,2.15019107e-02,2.24607877e-02,2.06708199e-02,1.89403691e-02,1.91181614e-02,2.01332726e-02,2.15443704e-02,2.31658925e-02,2.43190319e-02,2.34623300e-02,2.12248735e-02,1.82560119e-02,1.79723033e-02,1.81369074e-02,1.89646699e-02,1.90303608e-02,1.91497691e-02,2.09832208e-02,2.34377987e-02,2.62576012e-02,2.76286913e-02,2.86966354e-02,2.92194185e-02,2.88305122e-02,2.98373512e-02,2.77563873e-02,2.61778309e-02,2.53719632e-02,2.62016623e-02,2.64501544e-02,2.55733220e-02,2.81607950e-02,3.04658806e-02
3.16128303e-02,3.50010495e-02,3.80566039e-02,3.62073762e-02,3.45833861e-02,3.45544747e-02,3.31192825e-02,3.31724185e-02,3.42140334e-02,3.35245880e-02,3.29154183e-02,3.32188298e-02,3.24152737e-02,3.27846131e-02,3.35700337e-02,3.37617097e-02,3.45631920e-02,3.48614161e-02,3.56782379e-02,3.80820287e-02,3.94563753e-02,3.95512562e-02,4.03261152e-02,4.15135747e-02,4.08823048e-02,4.19393322e-02,4.21853222e-02,4.26054113e-02,4.22813336e-02,4.14520489e-02,4.05780081e-02,3.79100544e-02,3.74357217e-02,3.92644343e-02,4.07523781e-02,4.18659467e-02,4.01021718e-02,3.86303964e-02,3.76192408e-02,3.39889396e-02,3.16166664e-02,3.02814607e-02,2.79114955e-02,2.42075038e-02,2.13704086e-02,1.91663404e-02,1.75212942e-02,1.61362871e-02,1.56738836e-02,1.72544290e-02,1.94775016e-02,2.06208666e-02,1.98490843e-02,1.71338114e-02,1.49330342e-02,1.16876289e-02,1.05288639e-02,1.07615517e-02,1.19296687e-02,1.13933177e-02,1.31520826e-02,1.68765264e-02,2.18433383e-02,2.62295846e-02
1.05845106e-02,1.45002962e-02,1.44120854e-02,1.21920674e-02,1.07492769e-02,1.26334369e-02,1.40299955e-02,1.39778926e-02,1.40153957e-02,1.60328316e-02,1.77019833e-02,1.77931409e-02,1.50174790e-02,1.11468196e-02,8.89137681e-03,5.74568735e-03,4.54189513e-03,2.95871869e-03,3.07412254e-03,2.57989950e-03,1.49361949e-03,1.91242825e-03,3.45543181e-03,4.04558579e-03,5.07914283e-03,6.36508755e-03,6.63123656e-03,8.12387023e-03,1.02129149e-02,1.25384369e-02,1.41892333e-02,1.59308440e-02,1.71722279e-02,1.73162224e-02,1.54227090e-02,1.55429552e-02,1.45519491e-02,1.39215266e-02,1.16321536e-02,9.72822318e-03,8.46030192e-03,7.54559585e-03,4.31758343e-03,4.04740352e-03,5.29822571e-03,7.11606105e-03,7.81716584e-03,8.25872990e-03,7.62554199e-03,6.48170156e-03,5.81134286e-03,5.64137607e-03,5.05925175e-03,3.75816689e-03,3.45330404e-03,1.71871187e-03,-3.08438420e-04,-3.55484853e-03,-6.16795952e-03,-6.73641292e-03,-5.31027883e-03,-1.71073080e-03,2.80143396e-03,7.81235234e-03
3.87408195e-03,1.43979487e-03,1.06109831e-03,-3.85928268e-05,-1.80377794e-03,-3.61301858e-03,-4.82327667e-03,-4.28958166e-03,-5.75227683e-03,-8.60983049e-03,-1.24211845e-02,-1.50326850e-02,-1.61054599e-02,-1.51149259e-02,-1.23534112e-02,-9.34711489e-03,-4.81088821e-03,-1.88318013e-03,-8.82577513e-04,3.71837847e-05,4.93046061e-04,4.44078899e-03,9.17451442e-03,1.10942436e-02,1.11269470e-02,9.05038138e-03,7.05159920e-03,5.78795422e-03,5.49263952e-03,4.58695333e-03,2.87984092e-03,3.82133690e-03,3.91315861e-03,3.70164059e-03,2.28026460e-03,-1.47104482e-04,-4.67265089e-03,-9.05614329e-03,-1.23038590e-02,-1.66305305e-02,-1.91626028e-02,-2.21954190e-02,-2.58528790e-02,-2.76503076e-02,-2.54498395e-02,-2.12566172e-02,-1.60743528e-02,-1.14330290e-02,-9.41476245e-03,-7.81590861e-03,-3.56417820e-03,2.03288768e-03,5.98703695e-03,8.58456387e-03,1.13989612e-02,1.34777636e-02,1.54797961e-02,1.50634470e-02,1.10208092e-02,6.17253210e-03,2.48555810e-03,1.52220075e-03,4.34636560e-03,5.08341993e-03
-7.17324360e-03,-1.13977107e-02,-1.43006103e-02,-1.51623660e-02,-1.44769327e-02,-1.52691613e-02,-1.87100179e-02,-2.34581610e-02,-2.92500279e-02,-3.21959468e-02,-3.58042329e-02,-3.77567627e-02,-3.87584270e-02,-3.98773289e-02,-3.89218946e-02,-3.79299422e-02,-3.74529981e-02,-3.73764924e-02,-3.65757847e-02,-3.62774680e-02,-3.68326650e-02,-3.87047112e-02,-3.83929102e-02,-3.84075315e-02,-3.85598706e-02,-3.59467900e-02,-3.18137443e-02,-2.78843167e-02,-2.40395958e-02,-1.75972403e-02,-1.12186225e-02,-5.47410894e-03,-2.20787452e-03,1.36157856e-03,1.81757537e-03,7.47044607e-04,1.68178896e-03,4.90528322e-03,9.10651541e-03,1.17585297e-02,1.28698409e-02,1.32450040e-02,1.37404077e-02,1.37278731e-02,1.31477629e-02,1.16204399e-02,9.64560530e-03,6.48133551e-03,1.15463584e-03,-3.92694250e-03,-4.33808200e-03,-3.71230525e-03,-5.97261606e-03,-7.58629485e-03,-8.28531359e-03,-9.18946791e-03,-9.29888907e-03,-6.18587646e-03,-1.45562599e-03,1.99987953e-03,3.19705698e-03,3.06942880e-03,7.78827036e-04,-2.56368461e-03
-3.31972966e-02,-3.23271096e-02,-3.13772773e-02,-2.94370539e-02,-2.67062354e-02,-2.21963352e-02,-1.71140727e-02,-1.15788792e-02,-7.34811887e-03,-2.62445718e-03,3.27337450e-03,7.87246958e-03,1.02348572e-02,1.26077062e-02,1.31652082e-02,1.25320502e-02,1.16526715e-02,1.07306429e-02,1.19064021e-02,1.35246676e-02,1.79596688e-02,2.33547467e-02,2.84678609e-02,3.19672433e-02,3.29459630e-02,3.19653850e-02,2.90383248e-02,2.54118219e-02,2.20162129e-02,1.86012000e-02,1.64902862e-02,1.37556500e-02,1.08001497e-02,8.46982960e-03,9.70307516e-03,1.13671607e-02,1.22508961e-02,1.40471935e-02,1.40183072e-02,1.23868262e-02,9.19912255e-03,5.51341743e-03,2.18011628e-03,1.50735067e-03,8.54716925e-04,-5.59156757e-06,-3.97244082e-04,-2.12588298e-03,-5.18349898e-03,-1.04005867e-02,-1.60059423e-02,-2.15719838e-02,-2.27505040e-02,-2.22960514e-02,-2.19053017e-02,-2.24211760e-02,-2.33232427e-02,-2.49889150e-02,-2.53301057e-02,-2.70432166e-02,-2.84284407e-02,-3.14373189e-02,-3.45960279e-02,-3.47358793e-02
-3.60072435e-03,-5.36634338e-03,-7.09777629e-03,-7.37611573e-03,-9.02791679e-03,-8.90084043e-03,-8.36434277e-03,-8.69489104e-03,-8.24139652e-03,-6.95972770e-03,-6.58205594e-03,-6.74207986e-03,-5.37823289e-03,-2.96493898e-03,-1.95688774e-03,-7.88588030e-04,1.61803020e-03,4.13837727e-03,3.78645916e-03,3.51349226e-03,1.79510089e-03,-4.75215463e-04,-1.13829480e-03,-1.62914833e-03,-1.29984334e-03,-2.03800196e-03,-2.49253597e-03,-5.38283948e-03,-1.01655720e-02,-1.45274445e-02,-1.87812766e-02,-2.34775098e-02,-2.64520018e-02,-2.78709975e-02,-2.94078276e-02,-3.13456962e-02,-3.22234112e-02,-3.18628116e-02,-3.06998461e-02,-3.01199285e-02,-3.03040307e-02,-2.92631471e-02,-2.70321759e-02,-2.32760266e-02,-1.83914676e-02,-1.31363115e-02,-1.00978040e-02,-8.21202279e-03,-3.94428054e-03,1.32588468e-04,2.02363754e-03,1.09463466e-03,-1.44379459e-03,-1.22842925e-03,4.87066163e-06,-1.30221753e-03,-3.36145578e-03,-5.27639243e-03,-5.76557618e-03,-5.19656360e-03,-4.70406177e-03,-4.25066573e-03,-4.39274359e-03,-3.81047632e-03
1.11936958e-02,6.79667434e-03,3.17837427e-03,1.66203847e-03,-4.03163118e-04,-3.64039963e-03,-4.63841810e-03,-3.93598116e-03,-3.71721368e-03,-3.30766396e-03,-5.87861251e-03,-9.41475793e-03,-1.30333011e-02,-1.68286325e-02,-1.88705913e-02,-1.87006577e-02,-1.81066021e-02,-1.68599345e-02,-1.47203059e-02,-1.68156571e-02,-1.98803845e-02,-2.12640867e-02,-2.31957851e-02,-2.39701439e-02,-2.47683826e-02,-2.58478477e-02,-2.49593510e-02,-2.29003931e-02,-1.90554369e-02,-1.63831902e-02,-1.29571443e-02,-8.45698049e-03,-6.32979115e-03,-5.81473689e-03,-6.58963345e-03,-6.52804460e-03,-7.03980836e-03,-6.09509140e-03,-4.46150489e-03,-1.55201044e-03,2.44678194e-03,8.92453699e-03,1.76432499e-02,2.90713140e-02,3.84800663e-02,4.37455681e-02,4.77834875e-02,5.18471383e-02,5.50939785e-02,5.82890610e-02,6.03764589e-02,6.03019200e-02,5.81747266e-02,5.74927036e-02,5.48817093e-02,5.07091026e-02,4.60363814e-02,4.16835321e-02,3.82264772e-02,3.40340772e-02,3.00114887e-02,2.60228630e-02,2.10669918e-02,1.43401109e-02
1.11617960e-02,8.29539117e-03,4.78382348e-03,6.06814742e-04,-3.98767450e-03,-6.93360499e-03,-9.92044350e-03,-9.74805477e-03,-9.56199583e-03,-1.01096621e-02,-1.01116133e-02,-9.39723240e-03,-1.00891586e-02,-1.19355153e-02,-1.40308466e-02,-1.63506246e-02,-1.82366942e-02,-2.02050953e-02,-1.98178714e-02,-2.10338318e-02,-2.19294553e-02,-2.26642084e-02,-2.08258009e-02,-1.99466772e-02,-1.90532405e-02,-1.94354299e-02,-1.92507473e-02,-1.76787616e-02,-1.57382125e-02,-1.40452256e-02,-1.34908454e-02,-1.23359896e-02,-1.06226605e-02,-9.54200791e-03,-9.72013828e-03,-8.37873584e-03,-6.72073046e-03,-5.73388587e-03,-3.38601676e-03,-1.41283403e-03,-8.99694444e-04,5.86263215e-04,2.37120355e-03,3.06097717e-03,3.45160109e-03,4.83141670e-03,7.36526390e-03,9.84390411e-03,1.07186489e-02,1.04694468e-02,9.62585194e-03,9.01693478e-03,7.47270778e-03,7.87599682e-03,8.72961256e-03,9.53650577e-03,1.12170360e-02,1.40446415e-02,1.62549013e-02,1.73078639e-02,1.70867393e-02,1.55414558e-02,1.46895524e-02,1.38074971e-02
-3.62736059e-03,-3.97533163e-03,-2.78778965e-03,-4.05198500e-04,3.44557633e-03,8.42469024e-03,1.42169435e-02,1.87045706e-02,2.23096226e-02,2.61507444e-02,2.87343976e-02,3.14499174e-02,3.41028003e-02,3.47955160e-02,3.27208853e-02,2.79313196e-02,2.13040463e-02,1.50595916e-02,1.13228855e-02,8.41977979e-03,3.90175942e-03,-3.05051539e-03,-7.55033523e-03,-9.87086869e-03,-1.04658124e-02,-9.91288321e-03,-8.37647250e-03,-6.15516672e-03,-4.09828302e-03,-1.00204149e-03,4.00286415e-04,1.48756353e-03,4.40554762e-04,-2.62826787e-03,-5.67913555e-03,-7.08494184e-03,-6.33119742e-03,-7.60255417e-03,-8.87453764e-03,-1.11469579e-02,-1.20030085e-02,-1.08574998e-02,-9.87247071e-03,-1.09619538e-02,-1.53081937e-02,-1.97536278e-02,-2.18924074e-02,-2.38382978e-02,-2.48354154e-02,-2.46006118e-02,-2.24481294e-02,-1.92376864e-02,-1.63925110e-02,-1.36599458e-02,-1.14996971e-02,-8.05371854e-03,-2.71726327e-03,2.70131967e-03,6.20375041e-03,6.54723184e-03,4.22071687e-03,2.32616565e-04,-1.54340767e-03,-2.22915339e-03
4.41084521e-02,4.38536841e-02,4.34206482e-02,4.31736849e-02,4.24035762e-02,4.17326148e-02,4.00378161e-02,3.90644885e-02,3.73529208e-02,3.58743846e-02,3.35985135e-02,3.13316592e-02,2.89414461e-02,2.77501574e-02,2.78468158e-02,2.68762785e-02,2.52733629e-02,2.52181322e-02,2.45781686e-02,2.48625151e-02,2.45924071e-02,2.44304895e-02,2.40833586e-02,2.27571007e-02,2.04377473e-02,1.81822291e-02,1.35915175e-02,8.24300295e-03,4.06037169e-03,9.89078332e-04,-1.18521217e-03,-2.21972745e-03,-6.66066038e-03,-9.00164853e-03,-8.05423258e-03,-8.97653594e-03,-9.12804795e-03,-7.36046166e-03,-3.23195046e-03,9.87690568e-05,3.10528468e-03,8.03163509e-03,9.88503162e-03,1.09581466e-02,1.22006673e-02,1.33427094e-02,1.27044788e-02,1.28047172e-02,1.29059141e-02,1.03654669e-02,1.00245162e-02,1.03707454e-02,1.05842428e-02,1.08385208e-02,1.11980161e-02,1.43464662e-02,1.76777311e-02,1.99608227e-02,2.36027852e-02,2.88698812e-02,3.40731497e-02,3.83721753e-02,4.14414157e-02,4.41034559e-02
-5.68981448e-02,-5.27247454e-02,-4.68120207e-02,-4.16745477e-02,-3.89540221e-02,-3.77654717e-02,-3.73343814e-02,-3.82615510e-02,-3.89682607e-02,-3.98234846e-02,-4.30850020e-02,-4.44784086e-02,-4.47797486e-02,-4.52064732e-02,-4.64941314e-02,-5.02750184e-02,-5.44812927e-02,-5.71855225e-02,-5.78747507e-02,-5.80186440e-02,-5.65287358e-02,-5.19115246e-02,-4.99424756e-02,-4.99182850e-02,-5.06311376e-02,-5.01936890e-02,-4.86554107e-02,-4.67398833e-02,-4.63675789e-02,-4.52689073e-02,-4.19868853e-02,-3.95058607e-02,-3.60354425e-02,-3.32551648e-02,-2.95982992e-02,-2.51855172e-02,-2.12717257e-02,-1.65302593e-02,-1.07262387e-02,-6.63159440e-03,-6.59082154e-03,-8.55376015e-03,-1.14525566e-02,-1.52538705e-02,-1.98096580e-02,-2.41702247e-02,-2.77636241e-02,-2.85607858e-02,-2.99731614e-02,-3.26825454e-02,-3.50740743e-02,-3.84073751e-02,-4.09902978e-02,-4.25800944e-02,-4.42650807e-02,-4.62403455e-02,-5.00579331e-02,-5.19561329e-02,-5.52644576e-02,-5.99990602e-02,-6.33946436e-02,-6.26951139e-02,-6.17214992e-02,-5.92783181e-02
1.72940347e-02,2.08608564e-02,2.15321506e-02,2.19344095e-02,2.22643031e-02,2.30446124e-02,2.44426472e-02,2.67419640e-02,2.86047376e-02,3.21236749e-02,3.54467130e-02,3.66904805e-02,3.55395427e-02,3.43557044e-02,2.98276802e-02,2.39656673e-02,1.80483852e-02,1.44823332e-02,9.24018817e-03,4.93046341e-03,7.94146285e-04,-4.34801342e-03,-1.12409300e-02,-1.67009048e-02,-2.14027025e-02,-2.45897992e-02,-2.97894535e-02,-3.50527385e-02,-3.38060251e-02,-2.88352845e-02,-2.38557044e-02,-2.15718819e-02,-2.16121529e-02,-2.24942081e-02,-2.45964417e-02,-2.49397733e-02,-2.52663397e-02,-2.66736609e-02,-2.65928315e-02,-2.72240061e-02,-2.73657422e-02,-2.69414652e-02,-2.64310515e-02,-2.67445854e-02,-2.62319865e-02,-2.69790809e-02,-2.67592085e-02,-2.60734969e-02,-2.46421436e-02,-2.48258990e-02,-2.32824028e-02,-2.18734201e-02,-2.13417359e-02,-1.89075769e-02,-1.87146741e-02,-1.83616372e-02,-1.83473627e-02,-1.74220635e-02,-1.44033078e-02,-1.03585186e-02,-3.41428133e-03,3.74102621e-03,8.74092870e-03,1.29230189e-02
5.57200911e-02,5.54624116e-02,5.47588625e-02,5.36439257e-02,5.06064320e-02,4.83106505e-02,4.63342051e-02,4.26251066e-02,3.89319303e-02,3.59191514e-02,3.48741412e-02,3.41074793e-02,3.18823477e-02,2.90272732e-02,2.60674599e-02,2.26471233e-02,1.95698104e-02,1.85959984e-02,1.72867543e-02,1.54225544e-02,1.55876084e-02,1.31830314e-02,1.07134906e-02,9.94752317e-03,9.83499756e-03,7.56256526e-03,2.78813932e-03,-2.36814782e-03,-4.21233837e-03,-3.48996199e-03,-1.21208519e-03,2.15171143e-03,8.03177434e-03,1.39847278e-02,1.75465563e-02,1.93433371e-02,1.97542130e-02,2.06101224e-02,2.34499236e-02,2.65180426e-02,2.98001560e-02,3.15705913e-02,3.27542220e-02,3.21784711e-02,3.22020734e-02,3.42135266e-02,3.69871748e-02,4.13483633e-02,4.45661399e-02,4.60768626e-02,4.62885765e-02,4.78615058e-02,4.85530066e-02,4.83072722e-02,4.72051659e-02,4.59008663e-02,4.45349856e-02,4.60084067e-02,4.80638140e-02,4.82359683e-02,4.97611036e-02,5.19402100e-02,5.35268186e-02,5.48179537e-02
1.33306683e-02,1.39015886e-02,1.30400578e-02,1.39303714e-02,1.41686572e-02,1.50925632e-02,1.24689640e-02,1.10822303e-02,8.92478658e-03,6.38518205e-03,5.16926468e-03,3.80967051e-03,2.08545398e-03,1.53028026e-03,-1.53222162e-03,-5.07046794e-03,-8.46293726e-03,-1.16363815e-02,-1.63163748e-02,-2.02594172e-02,-2.25374983e-02,-2.43846619e-02,-2.81225018e-02,-3.47387221e-02,-4.26634845e-02,-4.64232574e-02,-4.52353623e-02,-4.37482726e-02,-4.53229363e-02,-4.42402440e-02,-4.10064846e-02,-3.70949970e-02,-3.43138899e-02,-2.78112386e-02,-2.00936268e-02,-1.16888512e-02,-5.41752833e-03,6.70632172e-04,6.19501322e-03,1.02516318e-02,1.27461702e-02,1.34430364e-02,1.47509580e-02,1.40343339e-02,1.10487563e-02,8.85781977e-03,5.59790821e-03,3.31481941e-03,2.10440964e-03,5.04977125e-05,-7.61587507e-05,1.92000719e-03,4.58680509e-03,6.23121976e-03,6.93826645e-03,8.67860390e-03,1.06941498e-02,1.33966132e-02,1.43596455e-02,1.41215723e-02,1.41108054e-02,1.45003933e-02,1.42404614e-02,1.35104452e-02
2.35955399e-02,2.55584402e-02,2.60127767e-02,2.63748755e-02,2.87857725e-02,3.08521476e-02,3.23986892e-02,3.38274330e-02,3.51408137e-02,3.37458645e-02,3.17051942e-02,2.88461755e-02,2.66857910e-02,2.73738970e-02,2.77708540e-02,2.79383270e-02,2.68700610e-02,2.53537324e-02,2.27750672e-02,1.95650749e-02,1.42475468e-02,7.00760036e-03,8.61601307e-04,-4.52410316e-03,-9.24716520e-03,-1.31809326e-02,-1.56097017e-02,-1.70166448e-02,-1.81571260e-02,-1.81812561e-02,-2.01141909e-02,-2.36089087e-02,-2.82373463e-02,-3.19619337e-02,-3.57313388e-02,-3.95330954e-02,-4.08521574e-02,-3.97302252e-02,-4.14370331e-02,-4.30407822e-02,-4.46954261e-02,-4.55165878e-02,-4.45687569e-02,-4.37040111e-02,-4.32261041e-02,-4.11753716e-02,-3.83685807e-02,-3.50811557e-02,-3.38642295e-02,-3.16912404e-02,-2.94164721e-02,-2.67538428e-02,-2.38344117e-02,-1.98327712e-02,-1.63114568e-02,-1.19730824e-02,-8.70773046e-03,-5.70090484e-03,-2.76391565e-03,-2.61072503e-05,5.29245965e-03,1.21114034e-02,1.68646168e-02,2.08447022e-02
-2.26762391e-02,-2.21510288e-02,-2.18109758e-02,-2.26320289e-02,-2.25555567e-02,-2.22004983e-02,-2.14085661e-02,-2.02594031e-02,-2.09200106e-02,-2.39113884e-02,-2.36601960e-02,-2.10624128e-02,-1.52481893e-02,-1.26159269e-02,-9.32446928e-03,-2.27735660e-03,4.07746562e-03,9.33904579e-03,1.37343227e-02,1.59505468e-02,1.42432418e-02,1.11820005e-02,9.19833265e-03,5.86034409e-03,3.95011623e-03,3.60708493e-03,4.62935686e-03,6.94388656e-03,7.14464713e-03,6.59195364e-03,5.06867114e-03,3.11339398e-03,2.11107255e-03,1.55275131e-03,1.05590948e-04,-1.66920979e-04,1.23947931e-04,-1.49963347e-03,-5.48046803e-03,-9.41532437e-03,-1.15860850e-02,-1.33142226e-02,-1.53989355e-02,-1.69320912e-02,-1.87017695e-02,-2.05552125e-02,-2.12888835e-02,-2.15924509e-02,-2.11506221e-02,-1.94749380e-02,-1.62357169e-02,-1.38663744e-02,-1.44446826e-02,-1.73528316e-02,-1.85653904e-02,-2.11261975e-02,-2.49798232e-02,-2.81385015e-02,-3.08638110e-02,-3.22981680e-02,-3.19882521e-02,-3.02728533e-02,-2.72213722e-02,-2.49456480e-02
-1.49693425e-02,-1.61615387e-02,-1.65395669e-02,-1.67587958e-02,-1.81980690e-02,-1.85930754e-02,-1.85383828e-02,-1.73466268e-02,-1.74004631e-02,-1.89848921e-02,-2.19118196e-02,-2.43921718e-02,-2.70653553e-02,-2.89731420e-02,-2.95378179e-02,-2.89184158e-02,-2.44189919e-02,-1.96127162e-02,-1.47824186e-02,-1.20520913e-02,-1.21240312e-02,-1.10821432e-02,-7.01949610e-03,-4.47723927e-03,-1.25155905e-03,2.09488340e-03,3.74249059e-03,5.44116441e-03,6.80143691e-03,8.18901795e-03,7.39738412e-03,4.48225265e-03,4.09006539e-03,6.05777626e-03,7.23822076e-03,9.00488102e-03,8.72159037e-03,7.63018645e-03,5.81719607e-03,5.58178370e-03,3.86955642e-03,-8.47356680e-04,-2.85435171e-03,-1.36216837e-03,1.12108275e-03,1.52963251e-03,1.08306173e-03,1.42053292e-03,2.06996266e-03,2.08433914e-03,1.45057836e-03,2.87259378e-03,2.47118255e-03,3.53338924e-03,3.59210390e-03,3.02584429e-03,1.21216158e-03,-1.28620913e-03,-4.52982438e-03,-8.63673187e-03,-1.11784312e-02,-1.28192470e-02,-1.43632574e-02,-1.54753759e-02
-4.92011817e-02,-4.71163556e-02,-4.50983584e-02,-4.64417556e-02,-4.60360204e-02,-4.54869729e-02,-4.62268327e-02,-4.67396771e-02,-4.73610815e-02,-4.94892694e-02,-5.17187609e-02,-5.51052447e-02,-5.79224543e-02,-5.93679112e-02,-6.01993458e-02,-5.87864803e-02,-5.98070967e-02,-6.02633694e-02,-5.81844261e-02,-5.69246242e-02,-5.57143472e-02,-5.59677093e-02,-5.23286355e-02,-4.70973758e-02,-4.25866136e-02,-3.96491655e-02,-3.72890039e-02,-3.39868019e-02,-3.18273279e-02,-2.90051871e-02,-2.31973879e-02,-1.73470868e-02,-1.45756140e-02,-1.33673092e-02,-1.10780103e-02,-8.06480584e-03,-5.87524552e-03,-4.53183834e-03,-2.55112212e-03,9.92036384e-04,2.28533409e-03,1.65848945e-03,-3.80217264e-04,-1.40809640e-03,-3.62322114e-03,-5.50599022e-03,-8.13933078e-03,-1.15937046e-02,-1.83819995e-02,-2.54253630e-02,-3.11637688e-02,-3.64537025e-02,-4.18751760e-02,-4.79300487e-02,-5.32191173e-02,-5.76237785e-02,-6.04135686e-02,-6.21810438e-02,-6.24080310e-02,-6.22557197e-02,-5.96644381e-02,-5.62104552e-02,-5.31040869e-02,-5.14705029e-02
-3.79907149e-02,-3.50141112e-02,-3.30989577e-02,-3.31148943e-02,-3.27234127e-02,-3.07305272e-02,-3.14618564e-02,-3.44486800e-02,-3.57827263e-02,-3.51683746e-02,-3.37441319e-02,-3.23013609e-02,-3.17497876e-02,-3.20856586e-02,-3.27511659e-02,-3.35557623e-02,-3.34362886e-02,-3.10364704e-02,-2.82402198e-02,-2.57714105e-02,-2.30028904e-02,-2.00605073e-02,-1.92790675e-02,-2.11343801e-02,-2.32623533e-02,-2.30589303e-02,-2.33984719e-02,-2.35395918e-02,-2.31266255e-02,-2.35272136e-02,-2.33598433e-02,-2.26564761e-02,-2.26908598e-02,-2.29858363e-02,-2.34648390e-02,-2.40071050e-02,-2.46062452e-02,-2.44246442e-02,-2.31779653e-02,-2.28448234e-02,-2.25429333e-02,-2.31023520e-02,-2.63553432e-02,-2.86060681e-02,-3.00995717e-02,-3.03119510e-02,-3.34192724e-02,-3.73941214e-02,-3.71870307e-02,-3.42902016e-02,-3.10062458e-02,-3.03845938e-02,-2.97012032e-02,-3.07825109e-02,-3.13642309e-02,-3.15063516e-02,-3.25958901e-02,-3.29721924e-02,-3.39169130e-02,-3.45063265e-02,-3.54959866e-02,-3.68178453e-02,-3.85503838e-02,-3.97172506e-02
-3.45767153e-02,-3.69263416e-02,-3.75362146e-02,-3.85788124e-02,-4.11145643e-02,-4.27679918e-02,-4.60199012e-02,-4.83559835e-02,-5.38688902e-02,-6.01389904e-02,-6.47754444e-02,-6.87152948e-02,-7.28165142e-02,-7.59005469e-02,-7.73038013e-02,-7.86865262e-02,-8.23504760e-02,-8.76335183e-02,-8.97054989e-02,-8.75003039e-02,-8.29684592e-02,-7.72599081e-02,-7.42245099e-02,-7.09853996e-02,-6.83132283e-02,-6.69936531e-02,-6.52459997e-02,-6.15572838e-02,-5.75415875e-02,-5.47452814e-02,-5.21855589e-02,-5.10606379e-02,-4.97610456e-02,-4.83229986e-02,-4.62958491e-02,-4.21646375e-02,-3.84207364e-02,-3.58571369e-02,-3.46992074e-02,-3.49838369e-02,-3.69340713e-02,-3.76234144e-02,-4.06232420e-02,-4.22418261e-02,-4.17635292e-02,-3.70802660e-02,-3.31351848e-02,-2.82016854e-02,-2.22616962e-02,-1.64323731e-02,-1.32823273e-02,-1.29060431e-02,-1.46474358e-02,-1.71373857e-02,-2.14419047e-02,-2.49704171e-02,-2.79159708e-02,-2.96484474e-02,-2.90473939e-02,-2.82620394e-02,-2.58417849e-02,-2.62036906e-02,-2.88323533e-02,-3.13185449e-02
-8.10529225e-03,-7.36388139e-03,-5.34600650e-03,-2.54099052e-03,-1.08815003e-03,8.85896481e-04,3.46002352e-03,5.30624965e-03,8.86638133e-03,1.17151217e-02,1.31517212e-02,1.29951038e-02,1.43303276e-02,1.50499740e-02,1.40222111e-02,1.29220493e-02,1.07464357e-02,9.50884016e-03,1.07570397e-02,1.66946537e-02,2.40884273e-02,3.08470029e-02,3.81067006e-02,4.40977864e-02,4.87324389e-02,5.25844140e-02,5.39436610e-02,5.30505805e-02,5.18856956e-02,5.26620647e-02,5.29094179e-02,5.04075801e-02,4.68520060e-02,4.31711277e-02,3.68860484e-02,3.16955951e-02,2.64492564e-02,2.42178568e-02,2.16266109e-02,1.91236337e-02,1.76532083e-02,1.49291575e-02,1.22383350e-02,1.12887524e-02,1.16005965e-02,1.34744278e-02,1.39816962e-02,1.37211124e-02,1.35419082e-02,1.31704771e-02,1.29760318e-02,1.07431009e-02,8.32269114e-03,5.91837783e-03,3.12012322e-03,1.31956669e-03,8.98651442e-04,3.47688844e-04,-5.93598247e-04,-2.46138296e-03,-3.42078642e-03,-4.49542478e-03,-5.26675305e-03,-7.53072721e-03
3.74376702e-03,6.91646722e-03,8.88844940e-03,1.08779109e-02,1.33049162e-02,1.48713262e-02,1.40355806e-02,1.03762417e-02,6.71823018e-03,5.33636501e-03,3.15073940e-03,1.38946574e-03,2.07461980e-03,1.89528632e-03,-1.27425271e-04,-2.43484864e-03,-4.39558310e-03,-3.86870961e-03,-4.50516953e-03,-2.68881451e-03,9.14796105e-04,5.38424450e-03,8.37072873e-03,1.09194591e-02,1.34254459e-02,1.43816226e-02,1.15653097e-02,8.62271626e-03,6.50941036e-03,3.20118455e-03,-4.42493347e-03,-1.37265089e-02,-1.96094784e-02,-2.34211551e-02,-2.76013476e-02,-3.05014335e-02,-3.27079117e-02,-3.49510491e-02,-3.44098117e-02,-3.29782212e-02,-3.16457510e-02,-3.17163856e-02,-2.94897636e-02,-2.59857426e-02,-2.33679975e-02,-2.11977237e-02,-1.91070296e-02,-1.71859535e-02,-1.45880638e-02,-1.29268800e-02,-1.29765351e-02,-1.30215097e-02,-1.42709828e-02,-1.57837750e-02,-1.58176847e-02,-1.41424255e-02,-1.15552478e-02,-9.98055863e-03,-7.36128276e-03,-6.32906726e-03,-6.77765633e-03,-6.66261897e-03,-3.66466565e-03,5.40239948e-04
-3.26120468e-03,-3.62905102e-04,2.75228526e-03,4.96951043e-03,5.88496722e-03,5.71405728e-03,6.47115241e-03,5.89643554e-03,8.09000121e-03,8.41055344e-03,7.12240568e-03,6.60783646e-03,6.91032140e-03,7.82920656e-03,9.93768193e-03,1.07395076e-02,1.04662386e-02,9.63047067e-03,7.13159761e-03,4.24171933e-03,6.68713512e-04,-1.62766887e-03,-2.67783602e-03,-3.26761652e-03,-4.08012068e-03,-3.87246959e-03,-5.92160319e-03,-5.14236250e-03,-2.99114140e-03,-3.31303565e-03,-4.95750023e-03,-5.79918025e-03,-6.87828145e-03,-8.94236763e-03,-9.53411159e-03,-9.63019710e-03,-1.06484883e-02,-1.03899710e-02,-8.42646000e-03,-6.36768061e-03,-7.66479943e-03,-1.08163386e-02,-1.35320068e-02,-1.67779025e-02,-1.86093773e-02,-2.01976597e-02,-2.21250973e-02,-2.42924381e-02,-2.51048219e-02,-2.64463845e-02,-2.58083076e-02,-2.54552169e-02,-2.58003409e-02,-2.57638886e-02,-2.71448540e-02,-2.96052263e-02,-3.06535523e-02,-2.77427325e-02,-2.47527018e-02,-2.22598610e-02,-1.91123283e-02,-1.38061216e-02,-8.98790957e-03,-5.22091376e-03
2.03725705e-02,2.01137989e-02,1.85390539e-02,1.45143566e-02,1.22779932e-02,1.31740183e-02,1.36398047e-02,1.34798814e-02,1.25171011e-02,1.37220115e-02,1.54201783e-02,1.81632935e-02,2.13572321e-02,2.45131046e-02,2.73206361e-02,2.83786028e-02,2.80570759e-02,2.75847777e-02,2.64434150e-02,2.50027873e-02,2.29185982e-02,2.20089654e-02,2.13673394e-02,2.37420509e-02,2.61920146e-02,2.72619986e-02,2.58567794e-02,2.47178038e-02,2.53214916e-02,2.59666905e-02,2.76091977e-02,2.77818522e-02,2.74365528e-02,2.76008601e-02,2.73138765e-02,2.58126797e-02,2.25829474e-02,1.88503280e-02,1.65943773e-02,1.28772998e-02,8.86808579e-03,3.10289755e-03,-1.32949749e-03,-2.37570171e-03,-2.62880710e-03,-2.68735037e-03,-2.83341854e-03,-1.66663311e-03,-1.28353185e-03,5.91019528e-04,1.22993368e-03,3.58971861e-03,5.47404712e-03,6.31701544e-03,8.68603109e-03,1.39258836e-02,1.73594133e-02,1.96045887e-02,2.12002885e-02,2.16273886e-02,2.23479586e-02,2.17388766e-02,2.24697994e-02,2.18973675e-02
-3.86194019e-03,-1.92043276e-03,-1.41427007e-03,5.62166006e-04,4.34163024e-03,9.47517532e-03,1.30208162e-02,1.68056424e-02,1.96828384e-02,2.15406799e-02,2.09719725e-02,2.32218015e-02,2.44479475e-02,2.64643845e-02,2.54802320e-02,2.53178300e-02,2.67769690e-02,2.84314291e-02,3.23317332e-02,3.54327278e-02,4.02463383e-02,4.25162598e-02,4.42706807e-02,4.52739170e-02,4.41011920e-02,4.14173592e-02,3.95216997e-02,3.79942298e-02,3.86707187e-02,4.09882622e-02,4.24282957e-02,4.08728632e-02,3.61721592e-02,3.15349968e-02,2.75246457e-02,2.37871061e-02,1.84435138e-02,1.22305956e-02,8.13674518e-03,6.18877536e-03,5.13530736e-03,5.72618687e-03,4.83533498e-03,1.42212582e-03,-3.70603269e-03,-8.56473901e-03,-1.12572657e-02,-1.41285670e-02,-1.84288537e-02,-2.17206209e-02,-2.29397530e-02,-2.50948431e-02,-2.73635337e-02,-2.92492274e-02,-2.92205662e-02,-2.72096405e-02,-2.55342304e-02,-2.31987132e-02,-1.79283763e-02,-1.29025382e-02,-9.63865612e-03,-7.39688406e-03,-5.35754813e-03,-4.67084004e-03
3.85114467e-02,3.75983893e-02,3.74050446e-02,3.83189617e-02,3.73246481e-02,3.67807562e-02,3.81592215e-02,3.94224000e-02,3.88316368e-02,3.72481224e-02,3.64009155e-02,3.60652185e-02,3.59211350e-02,3.42764853e-02,3.09609140e-02,2.61799339e-02,1.96916353e-02,1.37798234e-02,9.17844568e-03,4.69396412e-03,1.27079780e-03,-1.35430140e-03,-2.99377397e-03,-2.84603121e-03,-1.25716088e-03,3.11159142e-04,-1.91702496e-05,7.07720748e-04,2.26458005e-03,4.61468994e-03,6.11342271e-03,7.12753475e-03,7.25005990e-03,5.05468344e-03,5.66638728e-04,-4.37538888e-03,-8.31853755e-03,-8.89390246e-03,-9.07760394e-03,-7.72992245e-03,-5.34018258e-03,-1.33210580e-04,4.69140180e-03,1.05134124e-02,1.54466647e-02,1.96744367e-02,2.29171875e-02,2.44347998e-02,2.69519119e-02,3.00440486e-02,3.29310803e-02,3.37579361e-02,3.45261330e-02,3.76852469e-02,3.99372896e-02,4.17358812e-02,4.13695990e-02,3.95598420e-02,3.96534283e-02,3.98303972e-02,3.87608961e-02,3.85347677e-02,3.90598671e-02,3.88018483e-02
-4.44618176e-02,-4.10389313e-02,-3.84625758e-02,-3.54983710e-02,-3.08713991e-02,-2.52134490e-02,-1.94028238e-02,-1.37581830e-02,-7.96084743e-03,-2.99777981e-03,2.77622230e-03,7.54841160e-03,1.31403983e-02,1.81425169e-02,2.22227848e-02,2.74505899e-02,3.25853597e-02,3.70607470e-02,3.94314492e-02,4.17083201e-02,4.20004475e-02,4.26668893e-02,4.17779217e-02,3.88584131e-02,3.55767230e-02,3.37997536e-02,3.06515965e-02,2.60019633e-02,1.94377849e-02,1.29149676e-02,5.55801964e-03,-4.57684743e-04,-4.56862620e-03,-6.68629694e-03,-9.96543359e-03,-1.35468539e-02,-1.61901180e-02,-1.89932525e-02,-2.09977147e-02,-2.20486736e-02,-2.28802162e-02,-2.39237524e-02,-2.58010612e-02,-2.75534202e-02,-2.96931684e-02,-3.39037529e-02,-3.88666321e-02,-4.21812680e-02,-4.20749896e-02,-4.17697915e-02,-4.09362821e-02,-3.99580470e-02,-4.02140594e-02,-4.19423325e-02,-4.50791867e-02,-4.73341087e-02,-5.11838308e-02,-5.54671997e-02,-5.83274296e-02,-5.72515387e-02,-5.54696889e-02,-5.31322349e-02,-4.96842909e-02,-4.64638556e-02
1.21298761e-02,6.14951920e-03,1.89678787e-03,-3.78829124e-03,-7.95709938e-03,-1.05596977e-02,-1.46010292e-02,-1.78987100e-02,-2.11013330e-02,-2.32005028e-02,-2.54839970e-02,-2.89506605e-02,-3.09009495e-02,-3.23956243e-02,-3.35545767e-02,-3.37294965e-02,-3.24696578e-02,-2.87929124e-02,-2.66595124e-02,-2.65061825e-02,-2.51251059e-02,-1.97928182e-02,-1.57061766e-02,-1.37758481e-02,-1.35393660e-02,-1.28117790e-02,-1.20570595e-02,-1.06084321e-02,-9.03822279e-03,-7.14601768e-03,-5.62629322e-03,-3.90262715e-03,-2.27730349e-03,-2.03512015e-04,2.46687330e-03,6.42916870e-03,1.02905737e-02,1.27856774e-02,1.52732740e-02,1.56197754e-02,1.59774456e-02,1.56871118e-02,1.52695049e-02,1.73384461e-02,1.84177427e-02,1.83782972e-02,1.81334300e-02,1.76818135e-02,1.90213506e-02,2.07701649e-02,2.38333221e-02,2.85750110e-02,3.27865260e-02,3.88933367e-02,4.40651819e-02,4.66976326e-02,4.70131496e-02,4.74435929e-02,4.82682133e-02,4.59281945e-02,4.03455593e-02,3.45462887e-02,2.75554697e-02,1.94512222e-02
-1.49404913e-03,-1.75688006e-04,1.18949215e-03,1.81482342e-03,3.46984748e-03,3.91094625e-03,4.09406846e-03,5.57220986e-03,7.47714909e-03,9.10392096e-03,1.10527485e-02,1.11497536e-02,8.71225642e-03,6.95853796e-03,5.48378679e-03,3.76619669e-03,1.08602586e-04,-4.62241344e-03,-9.67686152e-03,-1.42363475e-02,-1.57503012e-02,-1.76464381e-02,-2.15167628e-02,-2.67822899e-02,-3.20258064e-02,-3.61968483e-02,-3.89801998e-02,-4.07161794e-02,-4.35309604e-02,-4.67789221e-02,-4.78782810e-02,-4.96206666e-02,-5.23984407e-02,-5.64865939e-02,-5.99953446e-02,-6.24869040e-02,-6.33364730e-02,-6.41530592e-02,-6.53437893e-02,-6.47662477e-02,-6.14654066e-02,-5.73905620e-02,-5.47419719e-02,-5.21449621e-02,-4.85740122e-02,-4.53403863e-02,-4.24371760e-02,-3.87608968e-02,-3.43920290e-02,-2.76926107e-02,-2.18859449e-02,-1.66892310e-02,-1.47525176e-02,-1.36522295e-02,-1.42187236e-02,-1.39319929e-02,-1.38262041e-02,-1.47950189e-02,-1.46464654e-02,-1.38788106e-02,-1.22235245e-02,-1.08782787e-02,-8.61016030e-03,-4.71368384e-03
-2.17887993e-02,-2.18464145e-02,-2.22680235e-02,-2.42357445e-02,-2.72778419e-02,-2.77496777e-02,-2.86130675e-02,-2.78228012e-02,-2.80458366e-02,-2.92041402e-02,-3.07077419e-02,-3.10259994e-02,-2.85979278e-02,-2.69426546e-02,-2.49042799e-02,-2.24287939e-02,-1.93356463e-02,-1.77883393e-02,-1.80524261e-02,-1.55906368e-02,-1.40826989e-02,-1.32763234e-02,-1.34263099e-02,-1.24920451e-02,-1.10811998e-02,-8.68139313e-03,-4.62312002e-03,-4.90712392e-04,1.25961542e-03,1.88391260e-03,1.21648214e-03,-3.27310928e-04,-3.16815855e-03,-7.12540701e-03,-1.08439276e-02,-1.16735469e-02,-1.18160929e-02,-1.24850212e-02,-1.41301119e-02,-1.44416254e-02,-1.46531273e-02,-1.62561200e-02,-1.80295784e-02,-2.14566206e-02,-2.37033013e-02,-2.35014878e-02,-2.25020244e-02,-2.12965863e-02,-2.13004151e-02,-2.05956757e-02,-1.87866228e-02,-1.60758265e-02,-1.43517342e-02,-1.39482395e-02,-1.49280642e-02,-1.54738798e-02,-1.68786594e-02,-1.94652843e-02,-2.01382627e-02,-1.97164481e-02,-1.96401498e-02,-2.06051718e-02,-2.15554005e-02,-2.15978082e-02
-1.76163292e-02,-1.03258757e-02,-9.64186581e-04,7.97912321e-03,1.69101042e-02,2.34640318e-02,3.07045718e-02,3.68227222e-02,4.25351246e-02,4.63691529e-02,4.99622806e-02,5.21211078e-02,5.53690861e-02,5.88360494e-02,6.12851362e-02,6.27227966e-02,6.14580193e-02,6.00070686e-02,5.78109033e-02,5.14922718e-02,4.60772175e-02,4.11427277e-02,3.63804245e-02,3.35676679e-02,3.02739619e-02,2.54343546e-02,2.11346135e-02,2.07735269e-02,2.28381410e-02,2.56395699e-02,2.90709211e-02,3.46521143e-02,4.12686195e-02,4.61782559e-02,4.98405065e-02,5.12549532e-02,5.22002338e-02,5.24997654e-02,5.26845609e-02,5.13877885e-02,4.81099963e-02,4.45215677e-02,4.04826599e-02,3.79932417e-02,3.40851571e-02,3.01114039e-02,2.58588855e-02,2.00421411e-02,1.40039463e-02,6.03279275e-03,-2.81627713e-03,-8.83538167e-03,-1.50974441e-02,-2.15798063e-02,-2.71884385e-02,-2.99112086e-02,-2.99312042e-02,-2.87780167e-02,-2.77732622e-02,-2.68958129e-02,-2.78718753e-02,-2.60836604e-02,-2.50404269e-02,-2.28365108e-02
2.10857198e-02,2.37437311e-02,2.44304043e-02,2.56093752e-02,2.70314182e-02,2.76992934e-02,2.97874583e-02,3.23708846e-02,3.51450071e-02,3.88590312e-02,4.27783141e-02,4.38297842e-02,4.22203515e-02,3.99459254e-02,3.97178788e-02,4.07134949e-02,4.12076167e-02,4.08358703e-02,4.15453929e-02,4.53167245e-02,5.12672305e-02,5.39567982e-02,5.61158653e-02,5.64600130e-02,5.65896998e-02,5.84193176e-02,5.86597168e-02,5.80096232e-02,5.49305706e-02,5.32180107e-02,5.23140977e-02,5.15206451e-02,5.25975822e-02,5.43280034e-02,5.49118132e-02,5.59307502e-02,5.85164710e-02,6.09032015e-02,6.44567512e-02,6.50106895e-02,6.34203994e-02,6.17418435e-02,5.90895563e-02,5.70448235e-02,5.36681216e-02,5.10610776e-02,4.54327016e-02,4.02292755e-02,3.64425191e-02,3.34177062e-02,3.02212998e-02,2.56920944e-02,2.29085663e-02,2.13922939e-02,2.11975452e-02,2.10553353e-02,2.14777883e-02,2.08268027e-02,2.06896041e-02,2.06810469e-02,2.03115328e-02,1.91433271e-02,1.81198213e-02,1.84467886e-02
3.12766748e-02,3.10789510e-02,2.88505499e-02,2.69277791e-02,2.63027871e-02,2.66294315e-02,2.70372002e-02,2.60758526e-02,2.58460482e-02,2.35091453e-02,2.03633577e-02,1.83575675e-02,1.67703477e-02,1.62772993e-02,1.64653069e-02,1.89336836e-02,2.17637875e-02,2.17780993e-02,2.41615312e-02,2.59128140e-02,2.82348586e-02,3.16021002e-02,3.58799982e-02,3.99790384e-02,4.10792418e-02,4.38934242e-02,4.80178249e-02,5.04434632e-02,5.06011923e-02,4.90000185e-02,4.91527367e-02,5.21109491e-02,5.46511499e-02,5.43176361e-02,5.16083062e-02,5.12103280e-02,5.07545906e-02,4.99515600e-02,4.85275181e-02,4.54707361e-02,4.17581962e-02,3.76566844e-02,3.51741090e-02,3.59189516e-02,3.64346654e-02,3.76801952e-02,3.93084477e-02,3.91252879e-02,3.76605010e-02,3.99012842e-02,4.14873498e-02,4.33393269e-02,4.29093013e-02,4.14686533e-02,3.79780330e-02,3.48042838e-02,3.35800276e-02,3.30826036e-02,3.35690769e-02,3.53906859e-02,3.64006079e-02,3.58072932e-02,3.46001436e-02,3.31025353e-02
1.41319230e-02,1.20760775e-02,1.08375252e-02,1.01452659e-02,9.24464647e-03,8.93827046e-03,1.11611803e-02,1.43717796e-02,1.56980055e-02,1.55668847e-02,1.41303925e-02,1.38473529e-02,1.43128546e-02,1.61198358e-02,1.82031690e-02,2.12511423e-02,2.48067331e-02,2.90158332e-02,3.41883958e-02,3.67433788e-02,4.02107674e-02,4.18824032e-02,4.27919561e-02,4.26665130e-02,4.22033491e-02,4.23463214e-02,4.30579523e-02,4.30275120e-02,4.35870878e-02,4.29730142e-02,4.26622545e-02,4.24136426e-02,4.18457980e-02,4.22796520e-02,4.28593646e-02,4.35368961e-02,4.28728756e-02,4.14273590e-02,3.92773389e-02,3.74226648e-02,3.73037511e-02,3.82808673e-02,4.12057826e-02,4.39225809e-02,4.49946552e-02,4.44279566e-02,4.25748692e-02,4.22490878e-02,4.01944730e-02,3.92600182e-02,3.60612134e-02,3.38035741e-02,3.25069103e-02,3.03663856e-02,3.01332079e-02,3.03515273e-02,2.82804987e-02,2.54391870e-02,2.36404894e-02,2.16927486e-02,2.06258598e-02,1.84365036e-02,1.74482232e-02,1.56001910e-02
8.05485764e-04,4.53732273e-03,7.19963356e-03,8.01911538e-03,9.10338020e-03,9.92263574e-03,7.34373193e-03,1.81630827e-03,2.10047397e-04,1.23650040e-03,3.53336694e-03,7.02209702e-03,1.30456221e-02,2.00647220e-02,2.58115717e-02,2.71300666e-02,2.78105604e-02,3.11819949e-02,3.40928568e-02,3.57920269e-02,3.71230112e-02,3.61629707e-02,3.40724858e-02,3.09490430e-02,2.60660824e-02,2.22590958e-02,1.97678790e-02,1.77773970e-02,1.50496267e-02,1.22976317e-02,1.21092055e-02,1.33773686e-02,1.38993860e-02,1.45654908e-02,1.39047592e-02,1.46548822e-02,1.26978319e-02,1.00404939e-02,7.12122755e-03,5.29864530e-03,4.51171457e-03,6.02191474e-03,8.11448467e-03,1.11254874e-02,1.19461275e-02,1.15139088e-02,1.08759541e-02,9.20355610e-03,7.08098195e-03,4.81366043e-03,2.47038552e-03,1.02148885e-03,-4.08039820e-04,-2.87175390e-03,-5.40835573e-03,-7.05747159e-03,-8.67609318e-03,-1.03325387e-02,-1.32065193e-02,-1.39701447e-02,-1.28037632e-02,-9.55168413e-03,-5.27714128e-03,-2.39696949e-03
-6.69163357e-03,-9.73915927e-03,-9.07371146e-03,-7.97149013e-03,-6.02240820e-03,-4.95178941e-03,-4.62186621e-03,-2.23794823e-03,-2.99680676e-03,-3.58539050e-03,-2.52774186e-03,-2.27634398e-03,-2.62444460e-03,-3.41462972e-03,-1.83040589e-03,-3.67245617e-04,-9.71007604e-04,-9.51699971e-04,-1.23260233e-03,-2.02639736e-03,-4.92261590e-03,-6.77198986e-03,-9.96665586e-03,-1.27268056e-02,-1.68775823e-02,-2.39167600e-02,-3.15971106e-02,-3.80548100e-02,-3.87274235e-02,-3.66779489e-02,-3.42970199e-02,-3.52869263e-02,-3.77904135e-02,-4.01659816e-02,-4.06537229e-02,-3.88052974e-02,-4.03300604e-02,-4.07756654e-02,-4.03153897e-02,-4.10494328e-02,-3.95067898e-02,-3.90028764e-02,-3.94881452e-02,-4.07297527e-02,-4.01034362e-02,-3.77796724e-02,-3.60515916e-02,-3.73594904e-02,-3.85090427e-02,-3.56113435e-02,-3.35020437e-02,-2.92700900e-02,-2.33759121e-02,-1.84950445e-02,-1.44645381e-02,-9.59660188e-03,-5.87363487e-03,-1.89025361e-03,1.31058702e-03,2.02408637e-03,2.53014947e-03,-1.35105081e-04,-2.58814295e-03,-4.28330158e-03
-2.66050373e-03,2.89091318e-03,6.69369437e-03,9.37073427e-03,1.11771546e-02,1.23723933e-02,1.23275144e-02,1.45316226e-02,1.82102416e-02,2.03126680e-02,2.18685863e-02,2.15493190e-02,2.08280659e-02,1.94288412e-02,1.67055299e-02,1.27655004e-02,1.14650924e-02,1.18863315e-02,1.14557936e-02,9.01836479e-03,4.52615312e-03,-1.59096113e-03,-7.72437912e-03,-1.21534344e-02,-1.55475958e-02,-1.56366742e-02,-1.40198229e-02,-9.36500187e-03,-5.63688787e-03,1.08628545e-04,8.76179721e-03,1.44488815e-02,1.96096241e-02,2.35838576e-02,2.67689013e-02,3.03984983e-02,3.17651646e-02,3.15764694e-02,2.76278916e-02,2.56735234e-02,2.52963898e-02,2.59695463e-02,2.82671817e-02,3.05968974e-02,3.35029604e-02,3.51309671e-02,3.54663173e-02,3.50297699e-02,3.18926729e-02,2.77095810e-02,2.41922401e-02,2.35004374e-02,2.45700771e-02,2.24304013e-02,1.69663548e-02,9.57213453e-03,1.89991469e-03,-3.59570225e-03,-8.39208483e-03,-1.08681819e-02,-1.07732568e-02,-1.12389665e-02,-1.05783889e-02,-6.91676050e-03
-2.35514926e-02,-2.54638800e-02,-2.79981331e-02,-3.01347814e-02,-3.10032781e-02,-3.14194426e-02,-3.15087166e-02,-3.32598328e-02,-3.50156866e-02,-3.62000456e-02,-3.72888035e-02,-3.74156479e-02,-3.95649827e-02,-4.14128433e-02,-4.25196738e-02,-4.05523962e-02,-3.57158216e-02,-3.12993438e-02,-2.60232770e-02,-1.75707194e-02,-7.46423481e-03,1.38711493e-03,8.28315304e-03,1.33526412e-02,1.68844088e-02,2.04674124e-02,2.40508029e-02,2.61485794e-02,2.54279425e-02,2.17715239e-02,1.70049815e-02,1.10647963e-02,5.88866895e-03,2.86831850e-03,-1.98870398e-03,-7.15446702e-03,-1.13759104e-02,-1.59656278e-02,-2.00161631e-02,-2.25310409e-02,-2.28680829e-02,-2.27197958e-02,-2.10635855e-02,-1.92316327e-02,-1.55499961e-02,-1.16065584e-02,-9.06660003e-03,-8.29939441e-03,-8.03279672e-03,-9.56040632e-03,-1.19927062e-02,-1.36140133e-02,-1.42813612e-02,-1.16106003e-02,-9.78650505e-03,-9.12650584e-03,-9.38974430e-03,-8.89618922e-03,-8.75036373e-03,-9.84460020e-03,-1.09385038e-02,-1.42072955e-02,-1.74511565e-02,-2.11855371e-02
2.46119585e-02,2.14354578e-02,1.87347061e-02,1.35454852e-02,9.58336336e-03,7.28203583e-03,4.17469547e-03,8.37117590e-04,-1.39707878e-03,-5.90121104e-03,-1.00989978e-02,-1.18474845e-02,-1.12335504e-02,-8.58739954e-03,-5.32357919e-03,-4.00192723e-03,-1.02948548e-03,1.48362405e-03,1.71834971e-03,2.10887442e-03,1.36853910e-03,6.39305020e-04,-8.04389972e-04,-3.56945762e-03,-6.68818209e-03,-1.07984888e-02,-1.28845640e-02,-1.36717821e-02,-1.06305967e-02,-5.97538075e-03,-4.38655790e-03,-4.78746837e-03,-6.69265879e-03,-7.08578288e-03,-5.30436573e-03,-5.60013072e-03,-5.49378279e-03,-5.45666448e-03,-6.46169062e-03,-3.63425956e-03,1.65729603e-03,6.97600802e-03,1.03689679e-02,1.53240589e-02,1.84809557e-02,1.87211733e-02,1.99692378e-02,1.96441803e-02,1.85583887e-02,1.78182247e-02,1.53434520e-02,1.24368521e-02,9.13071536e-03,9.21333664e-03,9.82259617e-03,1.34622201e-02,1.95566281e-02,2.57442286e-02,2.94093520e-02,3.15838902e-02,3.29573236e-02,3.19392102e-02,2.89607150e-02,2.64532395e-02
-1.69163564e-02,-1.85090666e-02,-2.00947959e-02,-2.28667730e-02,-2.61415129e-02,-2.83997483e-02,-3.03016423e-02,-2.84646776e-02,-2.71108069e-02,-2.54705542e-02,-2.50092013e-02,-2.24994021e-02,-1.86112410e-02,-1.41422568e-02,-1.05905474e-02,-8.26807303e-03,-7.44878102e-03,-7.51509273e-03,-7.76570094e-03,-7.91198673e-03,-6.13418953e-03,-5.38623521e-03,-6.01994703e-03,-6.56688150e-03,-8.60928025e-03,-1.09499886e-02,-1.21610254e-02,-1.16333567e-02,-9.04439920e-03,-6.24836881e-03,-6.06398793e-03,-6.62764436e-03,-6.81722652e-03,-8.18616241e-03,-8.22516860e-03,-9.18300207e-03,-6.94057524e-03,-4.36065023e-03,-3.02024602e-03,3.85746667e-04,5.87235896e-03,1.15183107e-02,1.53320846e-02,1.80748877e-02,2.18152650e-02,2.48015708e-02,2.76560541e-02,3.12196041e-02,3.32465965e-02,3.52360206e-02,3.67462195e-02,3.82283268e-02,3.77753235e-02,3.64948307e-02,3.60983744e-02,3.29111314e-02,2.90842665e-02,2.58436324e-02,2.00889810e-02,1.37175085e-02,7.11260371e-03,-2.56257579e-04,-6.82267553e-03,-1.37474659e-02
-3.39141411e-02,-3.78747852e-02,-3.79219206e-02,-3.60185102e-02,-3.53248749e-02,-3.43314864e-02,-3.28603791e-02,-3.11966091e-02,-3.09250596e-02,-3.07953102e-02,-2.89755841e-02,-2.84318971e-02,-2.90726189e-02,-2.84650391e-02,-2.66039042e-02,-2.44550813e-02,-2.29761589e-02,-1.89132636e-02,-1.29075372e-02,-5.34902462e-03,2.01452610e-03,6.51252860e-03,1.15228241e-02,1.74844937e-02,2.06301999e-02,2.20646037e-02,2.06108232e-02,1.84984996e-02,1.68179664e-02,1.45262765e-02,1.16828804e-02,1.06876354e-02,1.27499319e-02,1.39192489e-02,1.57722964e-02,1.86116615e-02,1.72527909e-02,1.31058095e-02,1.01889645e-02,6.86595838e-03,4.51516394e-03,4.17327933e-03,2.66524532e-03,-1.14617672e-03,-4.18096669e-03,-4.58601796e-03,-4.62940008e-03,-1.97882336e-03,2.35843050e-04,9.53852685e-04,3.18963548e-03,4.72734750e-03,5.49271389e-03,5.68278064e-03,3.67727341e-03,1.48343563e-03,8.56796239e-05,-1.59150544e-03,-4.10651851e-03,-6.66123500e-03,-1.21333571e-02,-1.87658141e-02,-2.48839888e-02,-2.93085216e-02
-4.47753183e-02,-4.56890078e-02,-4.55830882e-02,-4.44664488e-02,-4.42572344e-02,-4.57354943e-02,-4.49711953e-02,-4.24075846e-02,-4.12548869e-02,-4.09853607e-02,-4.04165768e-02,-3.81059733e-02,-3.54922337e-02,-3.25096578e-02,-2.85831676e-02,-2.34092918e-02,-1.97173618e-02,-1.41026860e-02,-9.35389693e-03,-4.58430116e-03,-6.22046140e-04,3.54787730e-03,8.01054568e-03,1.05815190e-02,1.48095503e-02,2.04874523e-02,2.48944765e-02,2.88959344e-02,3.04779159e-02,2.87025099e-02,2.69351654e-02,2.59119932e-02,2.62467735e-02,2.58835276e-02,2.74496855e-02,2.80421002e-02,2.69042004e-02,2.52354729e-02,2.26056896e-02,2.27257787e-02,2.42000384e-02,2.49238716e-02,2.27507185e-02,1.95181597e-02,1.68085176e-02,1.21879137e-02,4.79482280e-03,-2.27911994e-03,-7.71118567e-03,-1.24079184e-02,-1.80543210e-02,-2.22027346e-02,-2.60719111e-02,-2.89868254e-02,-3.23418002e-02,-3.41837867e-02,-3.54972894e-02,-3.73701562e-02,-3.77948821e-02,-3.74535649e-02,-3.81888647e-02,-4.00597537e-02,-4.08922027e-02,-4.30532317e-02
3.63047528e-02,3.93727856e-02,4.10412108e-02,4.35019442e-02,4.83613544e-02,5.12098806e-02,5.11783568e-02,5.30506445e-02,5.36460164e-02,5.41762908e-02,5.52188124e-02,5.62367909e-02,5.72022065e-02,5.58739489e-02,5.35969634e-02,5.06620805e-02,4.75450223e-02,4.63320560e-02,4.60248413e-02,4.44224001e-02,4.04068849e-02,3.59395767e-02,3.06219698e-02,2.24647876e-02,1.23337584e-02,4.09508541e-03,-2.89590109e-03,-8.51005624e-03,-1.24307490e-02,-1.43628304e-02,-1.65961269e-02,-1.61806738e-02,-1.56368228e-02,-1.39687463e-02,-1.26139620e-02,-1.18600156e-02,-1.28350132e-02,-1.48904482e-02,-1.63466163e-02,-1.87840375e-02,-2.11799126e-02,-2.33912518e-02,-2.19506186e-02,-1.92301365e-02,-1.54643876e-02,-1.22077725e-02,-9.08648233e-03,-7.49351280e-03,-6.74102015e-03,-7.12367671e-03,-7.60127828e-03,-8.30031027e-03,-7.60531332e-03,-6.49696393e-03,-3.63126862e-03,-7.54569127e-05,3.34113576e-03,3.46832975e-03,4.72176250e-03,9.50984929e-03,1.57943332e-02,2.17288216e-02,2.77542302e-02,3.24138126e-02
-2.37545918e-02,-2.46500301e-02,-2.52869813e-02,-2.65168480e-02,-2.83843173e-02,-2.92256176e-02,-3.16874733e-02,-3.35940811e-02,-3.43004131e-02,-3.45335100e-02,-3.35983312e-02,-3.22055569e-02,-3.21515966e-02,-3.10381081e-02,-2.78061824e-02,-2.50212474e-02,-2.19650468e-02,-1.95666014e-02,-1.69369400e-02,-1.36257311e-02,-1.00519362e-02,-7.94038051e-03,-4.80952139e-03,-2.41360678e-03,6.80764020e-04,4.47207540e-03,6.69966941e-03,9.30716932e-03,1.06167604e-02,1.00221948e-02,1.05693728e-02,1.06932045e-02,1.13461403e-02,1.23132818e-02,1.22525904e-02,1.04707035e-02,8.38697266e-03,7.15169645e-03,5.92580737e-03,5.90162285e-03,7.25255848e-03,7.60011116e-03,5.47599687e-03,3.31749940e-03,2.07487509e-03,-4.73092229e-05,-1.86132602e-03,-1.50745679e-03,-1.85763438e-03,-4.53857973e-03,-5.00335463e-03,-6.27004935e-03,-6.11296975e-03,-5.12537937e-03,-6.45680110e-03,-9.30054654e-03,-1.19263888e-02,-1.57811351e-02,-1.72894614e-02,-1.71553195e-02,-1.84466798e-02,-2.13991522e-02,-2.31291803e-02,-2.23602466e-02
2.92582862e-02,2.90624729e-02,2.62316054e-02,2.25551112e-02,1.92490439e-02,1.60878401e-02,1.32672300e-02,9.69093992e-03,4.99115167e-03,1.88407323e-03,-3.30938547e-03,-8.54609079e-03,-9.96867465e-03,-8.33898035e-03,-5.15906646e-03,-1.52329426e-03,2.67785375e-03,6.31502832e-03,1.13897399e-02,1.83077528e-02,2.41774562e-02,2.82937748e-02,3.05986784e-02,3.36331539e-02,3.60126095e-02,3.92512447e-02,4.42322849e-02,4.99432986e-02,5.49225017e-02,5.92104232e-02,6.48041266e-02,6.76566804e-02,7.26328439e-02,7.62539735e-02,7.96788406e-02,8.15487345e-02,8.13040487e-02,7.93656372e-02,7.87785495e-02,7.77936872e-02,7.44793487e-02,7.28670953e-02,7.27799388e-02,7.37387888e-02,7.28975146e-02,7.09315256e-02,6.93741548e-02,6.51674054e-02,6.17229499e-02,6.13188817e-02,5.90583548e-02,5.71168829e-02,5.44135774e-02,5.31253798e-02,5.29860116e-02,5.15278857e-02,4.86496573e-02,4.45829756e-02,3.91622153e-02,3.33711938e-02,2.90339018e-02,2.73822205e-02,2.63283349e-02,2.77902240e-02
4.14093255e-03,8.97277219e-03,9.07376828e-03,8.10045614e-03,7.80398623e-03,8.33566194e-03,8.96524482e-03,8.74700863e-03,5.98665647e-03,3.37069079e-03,4.06388304e-03,8.24050796e-03,1.22915048e-02,1.83328582e-02,2.39163764e-02,2.65539762e-02,2.64146908e-02,2.51109624e-02,2.53241896e-02,2.50893250e-02,2.35771424e-02,2.18089150e-02,2.05027078e-02,1.79411289e-02,1.47093301e-02,1.36308312e-02,1.33355028e-02,1.15481649e-02,8.14439316e-03,7.14954660e-03,6.82494007e-03,8.27299890e-03,7.67227624e-03,5.86691622e-03,4.73447453e-03,4.00023171e-03,3.20130530e-03,4.18810422e-03,1.48558396e-03,-9.23952357e-04,-1.06550170e-03,-1.97428134e-03,-4.33736213e-03,-7.71738138e-03,-1.19833119e-02,-1.45622406e-02,-1.56755650e-02,-1.68402586e-02,-1.85200331e-02,-1.78352548e-02,-1.69868800e-02,-1.57835801e-02,-1.42776255e-02,-1.18352129e-02,-9.88901316e-03,-6.06038946e-03,-2.09781521e-03,3.62894275e-04,2.95086613e-05,-4.59200969e-05,-7.49177440e-04,-1.61062604e-03,-1.05510900e-03,3.86428778e-04
3.38426839e-02,3.22144444e-02,3.13097717e-02,2.96672046e-02,2.74394652e-02,2.44031453e-02,2.07860555e-02,1.86906737e-02,1.67182611e-02,1.50962736e-02,1.52847825e-02,1.45787761e-02,1.38558110e-02,1.28028926e-02,9.96679870e-03,6.68384270e-03,1.18652997e-03,-5.18320160e-03,-1.01442076e-02,-1.33993248e-02,-1.62372295e-02,-1.98720809e-02,-2.32572296e-02,-2.41594641e-02,-1.97108811e-02,-1.34491137e-02,-6.21767615e-03,2.75650979e-04,6.56442415e-03,1.19505782e-02,1.45968516e-02,1.56713838e-02,1.94212879e-02,2.34845144e-02,2.43195780e-02,2.41813575e-02,2.40285974e-02,1.96268796e-02,1.25796867e-02,5.70299034e-03,-7.39206294e-04,-8.16961722e-03,-1.47740610e-02,-2.02686076e-02,-2.49273202e-02,-3.00721445e-02,-3.56310952e-02,-3.96211897e-02,-3.83420942e-02,-3.36345361e-02,-2.96780750e-02,-2.53907192e-02,-2.24517890e-02,-1.98864276e-02,-1.61845340e-02,-1.10100623e-02,-2.66132960e-03,6.25488554e-03,1.29105314e-02,1.83256482e-02,2.40072369e-02,2.78703595e-02,3.24480265e-02,3.45540096e-02
-4.21723536e-02,-4.60768666e-02,-5.01742298e-02,-5.23396688e-02,-5.15857069e-02,-5.14100343e-02,-5.09098145e-02,-4.71803386e-02,-4.35853992e-02,-3.98524854e-02,-3.67757503e-02,-3.34643386e-02,-3.09028268e-02,-2.84317378e-02,-2.61386310e-02,-2.23245836e-02,-1.70532675e-02,-1.29049441e-02,-9.20058302e-03,-4.43049743e-03,1.24727572e-04,5.76286674e-03,1.16540446e-02,1.58863081e-02,1.75879280e-02,1.82077622e-02,2.21806219e-02,2.57607306e-02,2.88001010e-02,3.29607979e-02,3.47298569e-02,3.75975808e-02,4.09518996e-02,4.54995167e-02,4.89209725e-02,5.30583501e-02,5.59326050e-02,5.78057185e-02,5.94770314e-02,5.81643699e-02,5.14024947e-02,4.29760089e-02,3.51923331e-02,3.04288915e-02,2.63475307e-02,2.31131254e-02,1.99703947e-02,1.79052128e-02,1.40048969e-02,1.09404941e-02,8.55322036e-03,6.71765844e-03,2.94092462e-03,-5.91767846e-04,-3.69115154e-03,-8.01763358e-03,-1.40688885e-02,-2.08165123e-02,-2.83231929e-02,-3.20863824e-02,-3.28336022e-02,-3.37788245e-02,-3.71949785e-02,-4.00788124e-02
-3.07352560e-02,-2.86672189e-02,-2.64063523e-02,-2.60283612e-02,-2.63615266e-02,-2.65238828e-02,-2.83626581e-02,-3.14934895e-02,-3.35019672e-02,-3.48855340e-02,-3.30160980e-02,-3.29934991e-02,-3.36800836e-02,-3.43593694e-02,-3.47616739e-02,-3.37240920e-02,-3.30379226e-02,-3.08488724e-02,-2.97696720e-02,-2.85050551e-02,-2.58813201e-02,-2.55226784e-02,-2.55745975e-02,-2.38194850e-02,-2.29890332e-02,-2.35718960e-02,-2.59008816e-02,-2.89362616e-02,-3.38258922e-02,-3.89325567e-02,-4.19033031e-02,-4.33494559e-02,-4.30152710e-02,-4.24444223e-02,-4.17608567e-02,-4.05175723e-02,-3.76358409e-02,-3.49612123e-02,-3.31335712e-02,-3.16961720e-02,-3.18864836e-02,-3.35735646e-02,-3.43649540e-02,-3.23940539e-02,-3.15059737e-02,-3.13951445e-02,-3.07379919e-02,-2.96791648e-02,-2.78369978e-02,-2.70300469e-02,-2.65803486e-02,-2.64973596e-02,-2.63510785e-02,-2.66932619e-02,-2.75370070e-02,-2.91915324e-02,-3.27856131e-02,-3.38237964e-02,-3.22347539e-02,-3.03861400e-02,-2.82580413e-02,-2.91127826e-02,-3.14574488e-02,-3.18006896e-02
-5.87390298e-02,-6.13246844e-02,-6.47502677e-02,-7.05687332e-02,-7.47296198e-02,-7.71086475e-02,-7.81442803e-02,-7.81081993e-02,-7.67894419e-02,-7.64660588e-02,-7.61561335e-02,-7.46453704e-02,-7.25506718e-02,-6.98023335e-02,-6.64290107e-02,-5.89527554e-02,-5.23861840e-02,-4.68162432e-02,-4.24063498e-02,-3.81129217e-02,-3.48750834e-02,-3.02134825e-02,-2.62850794e-02,-2.21972393e-02,-1.66135258e-02,-1.01888357e-02,-5.27887476e-03,-1.43894706e-03,1.37337106e-03,5.56856367e-03,8.57768174e-03,1.01096074e-02,1.10389784e-02,1.00218298e-02,7.29359470e-03,3.33167265e-03,5.41112495e-04,-9.59789485e-04,-3.75425464e-03,-6.18911832e-03,-9.82943618e-03,-1.37835606e-02,-1.46623460e-02,-1.32601631e-02,-1.29408159e-02,-1.13958721e-02,-9.40071720e-03,-8.17388171e-03,-1.10630831e-02,-1.40572771e-02,-1.71962579e-02,-2.26702999e-02,-2.88739000e-02,-3.34813451e-02,-3.73146699e-02,-4.09842908e-02,-4.37793968e-02,-4.62533724e-02,-4.99737277e-02,-5.26170103e-02,-5.52093904e-02,-5.68067164e-02,-5.73748387e-02,-5.75254875e-02
-9.76503134e-04,-2.49313309e-03,-3.24904164e-03,-5.78657046e-03,-7.98270551e-03,-9.46685599e-03,-1.20988689e-02,-1.23103392e-02,-8.06111109e-03,-4.57183233e-03,-1.89301789e-03,-9.44006913e-04,7.65319634e-04,2.58952261e-03,1.18329548e-03,-2.34990547e-03,-2.95591230e-03,-8.81603372e-04,1.51706466e-03,4.25849058e-03,5.65152298e-03,5.54728526e-03,2.24882529e-03,-2.34788258e-03,-6.17004868e-03,-9.83103663e-03,-1.37283291e-02,-1.77827400e-02,-2.04587775e-02,-2.13068540e-02,-1.99718695e-02,-1.84929768e-02,-1.61150405e-02,-1.33832506e-02,-1.20043619e-02,-1.11628504e-02,-7.14359757e-03,-2.56313682e-03,9.82513915e-04,3.57316687e-03,5.96263034e-03,7.23727149e-03,9.93908681e-03,1.05207926e-02,1.15961129e-02,1.24711165e-02,1.09069133e-02,7.34087880e-03,4.22606766e-03,1.74737757e-03,3.76334632e-03,5.39028509e-03,5.31078908e-03,5.76251837e-03,7.31177867e-03,7.86938392e-03,9.63062837e-03,9.82621293e-03,6.45095318e-03,2.32363359e-03,-3.65965168e-04,-1.48243109e-03,-5.23052638e-04,-2.11434960e-04
-1.98350572e-02,-1.16905117e-02,-5.51503803e-03,9.02477273e-04,3.87199405e-03,7.32577106e-03,1.13177489e-02,1.43277935e-02,1.80524551e-02,2.18041937e-02,2.44272279e-02,2.45040723e-02,2.14718677e-02,1.83369374e-02,1.52001261e-02,1.32969084e-02,1.08038659e-02,8.46665436e-03,7.32712418e-03,6.41867005e-03,5.30988820e-03,5.25361691e-03,5.87675683e-03,4.24048378e-03,7.49581710e-04,-2.70540447e-03,-7.51950282e-03,-1.01281550e-02,-9.88559341e-03,-9.16310888e-03,-9.78498399e-03,-1.31982033e-02,-1.68847767e-02,-2.43539666e-02,-3.26481438e-02,-4.08031259e-02,-4.63393591e-02,-4.85433879e-02,-4.93089883e-02,-4.98276270e-02,-4.84916640e-02,-4.64447477e-02,-4.68715115e-02,-4.87162131e-02,-4.87725773e-02,-4.75547414e-02,-4.63692309e-02,-4.43291510e-02,-4.01372313e-02,-3.55805544e-02,-3.09039879e-02,-2.68886301e-02,-2.49444463e-02,-2.40877662e-02,-2.50488663e-02,-2.85977982e-02,-3.32390140e-02,-3.61874611e-02,-3.58468871e-02,-3.55127584e-02,-3.53908028e-02,-3.52292226e-02,-3.24746298e-02,-2.70544521e-02
-1.90722258e-02,-2.26875193e-02,-2.42466407e-02,-2.34796225e-02,-2.23479996e-02,-2.34809792e-02,-2.65473819e-02,-2.96825241e-02,-3.04537492e-02,-2.95532852e-02,-2.91793637e-02,-3.11103170e-02,-3.10956226e-02,-3.14461510e-02,-3.33772849e-02,-3.15012237e-02,-2.96032777e-02,-2.67154762e-02,-2.49690830e-02,-2.71650129e-02,-2.82560568e-02,-2.81414321e-02,-2.77373106e-02,-2.56024496e-02,-2.58932740e-02,-2.42621219e-02,-2.28656979e-02,-2.44576770e-02,-2.30866220e-02,-2.12180433e-02,-2.05292799e-02,-1.93583226e-02,-1.86631452e-02,-1.79153398e-02,-1.48114838e-02,-1.28557343e-02,-1.29251031e-02,-1.47086205e-02,-1.78351531e-02,-1.96962683e-02,-1.89916995e-02,-1.74240615e-02,-1.84562075e-02,-1.78860008e-02,-1.87660969e-02,-1.97749629e-02,-1.57868205e-02,-1.04659974e-02,-7.79508017e-03,-5.81838256e-03,-2.75585038e-03,5.06964714e-04,3.18171965e-03,7.61358777e-03,1.04747547e-02,1.00871754e-02,7.63637997e-03,4.77772548e-03,1.95567973e-03,3.83658684e-04,-2.25710348e-03,-5.50991313e-03,-9.81609891e-03,-1.42738338e-02
-2.44505068e-03,-4.64605930e-03,-6.12101087e-03,-6.70829935e-03,-6.25069914e-03,-5.11132158e-03,-4.76903071e-03,-3.53620449e-03,-9.75332800e-04,2.34850331e-03,4.03511363e-03,4.04809877e-03,2.88513438e-03,1.92981856e-03,1.91066579e-03,-5.83055443e-04,-2.91977015e-03,-2.68591549e-03,4.13791360e-04,3.28618794e-03,5.91568507e-03,5.78813811e-03,5.54569026e-03,5.91674295e-03,6.72002447e-03,8.21551689e-03,8.70876407e-03,9.08813816e-03,9.14623392e-03,8.71002194e-03,8.59010751e-03,1.00735225e-02,1.26251499e-02,1.52753545e-02,1.81261995e-02,2.14486231e-02,2.46724176e-02,2.79954450e-02,3.18713912e-02,3.63457352e-02,4.19912881e-02,4.73810123e-02,5.16267979e-02,5.57405265e-02,5.95185853e-02,6.14068038e-02,6.15734817e-02,5.90133748e-02,5.76208381e-02,5.66754379e-02,5.55640690e-02,5.18296349e-02,4.74819322e-02,4.30325368e-02,3.83711539e-02,3.19503428e-02,2.52067349e-02,1.78814365e-02,1.19210215e-02,6.88200739e-03,2.70000348e-03,9.54792501e-04,-9.80591370e-04,-1.50585614e-03
-3.89192371e-02,-3.99323688e-02,-4.31005880e-02,-4.83116194e-02,-5.28557063e-02,-5.48580052e-02,-5.46502227e-02,-5.39373666e-02,-5.31360927e-02,-5.24755581e-02,-5.14173628e-02,-4.82813762e-02,-4.60429361e-02,-4.41251865e-02,-4.34169515e-02,-4.36961117e-02,-4.40337248e-02,-4.34247661e-02,-4.39892662e-02,-4.33331041e-02,-4.42128047e-02,-4.51971645e-02,-4.43612766e-02,-4.37990880e-02,-4.35665539e-02,-4.12280771e-02,-3.74569176e-02,-3.33571077e-02,-2.93452459e-02,-2.56790419e-02,-2.22221517e-02,-2.09807713e-02,-2.14040306e-02,-2.09423561e-02,-2.11092880e-02,-2.19694216e-02,-2.21269869e-02,-2.33537847e-02,-2.70344533e-02,-2.92397282e-02,-3.21821285e-02,-3.45490894e-02,-3.71118989e-02,-4.13261990e-02,-4.69027686e-02,-5.10323643e-02,-5.33027793e-02,-5.32443559e-02,-5.47025967e-02,-5.33791643e-02,-5.32725648e-02,-5.26929404e-02,-4.99815597e-02,-4.76743121e-02,-4.83746021e-02,-4.97894537e-02,-5.11569367e-02,-4.93381031e-02,-4.68343398e-02,-4.55666272e-02,-4.41381491e-02,-4.31460296e-02,-4.19135983e-02,-4.02980453e-02
-1.06829937e-02,-1.24252549e-02,-1.16302825e-02,-9.90495726e-03,-7.37319649e-03,-4.17474171e-03,-9.27930840e-04,1.34351049e-03,4.92313229e-03,7.21956051e-03,7.24634099e-03,7.35567068e-03,9.31909707e-03,1.13062102e-02,1.28235044e-02,1.23857202e-02,1.23114850e-02,1.17644351e-02,9.25542962e-03,7.48348213e-03,6.62290117e-03,6.62107289e-03,6.02526638e-03,5.07040765e-03,4.16852520e-03,3.96944317e-03,3.31710780e-03,-6.44616121e-04,-2.32142515e-03,-5.35200424e-03,-8.81937159e-03,-1.13573224e-02,-1.32104605e-02,-1.46127966e-02,-1.59154522e-02,-1.79313064e-02,-1.91078024e-02,-1.94874721e-02,-2.20757885e-02,-2.33079103e-02,-2.08953577e-02,-1.70931501e-02,-1.20912539e-02,-6.19391649e-03,-1.53967861e-03,2.37363387e-03,7.14685833e-03,9.78681816e-03,1.40184638e-02,1.57634075e-02,1.63950196e-02,1.65777702e-02,1.50847787e-02,1.26832609e-02,9.86457663e-03,7.67431269e-03,5.64231086e-03,2.92905870e-03,-7.67008734e-04,-3.15293650e-03,-4.04292821e-03,-4.49805057e-03,-5.35955219e-03,-8.05675951e-03
3.15107793e-02,3.61338218e-02,3.60522868e-02,3.31219550e-02,3.12679510e-02,3.02735486e-02,3.02448799e-02,2.96139398e-02,2.99691601e-02,2.80655072e-02,2.57988831e-02,2.58447050e-02,2.61677294e-02,2.35894187e-02,1.81722215e-02,1.17282913e-02,4.67943392e-03,-1.57920738e-03,-8.47660632e-03,-1.43250896e-02,-2.02917229e-02,-2.58668783e-02,-3.03169091e-02,-3.22067532e-02,-3.35282272e-02,-3.28072995e-02,-3.23857561e-02,-3.20356758e-02,-3.20264452e-02,-3.22103388e-02,-3.31077918e-02,-3.27325715e-02,-3.21769120e-02,-3.07516811e-02,-2.65574271e-02,-2.17106906e-02,-1.89477546e-02,-1.77043065e-02,-1.76220734e-02,-1.77800214e-02,-1.92216158e-02,-2.00535960e-02,-2.10276581e-02,-2.25749839e-02,-2.39224837e-02,-2.49596106e-02,-2.65041000e-02,-2.51098707e-02,-2.17110813e-02,-1.77032113e-02,-1.38827304e-02,-9.73368620e-03,-6.76285052e-03,-4.38783738e-03,-2.69985155e-03,4.11885715e-04,4.12273384e-03,7.36328373e-03,1.04601424e-02,1.26589836e-02,1.57815505e-02,1.92648740e-02,2.12618740e-02,2.53288103e-02
2.23569728e-02,1.61733726e-02,1.03740279e-02,6.06995502e-03,4.31549644e-03,3.60164043e-03,4.74133639e-03,4.60675002e-03,3.45544007e-03,3.40556014e-03,2.74814365e-03,1.99781588e-03,8.06273320e-04,1.61752741e-03,2.87985375e-03,6.15577636e-03,6.85414110e-03,8.30129295e-03,1.05998270e-02,1.26275949e-02,1.47488220e-02,1.64438727e-02,1.92706409e-02,1.95841216e-02,1.86238072e-02,1.61735768e-02,1.60917400e-02,1.57719177e-02,1.72491906e-02,1.64057105e-02,1.68738457e-02,1.78342912e-02,1.88960134e-02,2.08581917e-02,2.29053703e-02,2.44456078e-02,2.60771702e-02,2.92400939e-02,3.26650412e-02,3.34274620e-02,3.61276753e-02,4.03025321e-02,4.44471261e-02,4.72978655e-02,5.00369384e-02,5.23897199e-02,5.43927264e-02,5.57415928e-02,5.57079205e-02,5.62243438e-02,5.57962222e-02,5.78845475e-02,5.95649207e-02,5.86523272e-02,5.61391354e-02,5.40912583e-02,5.19520295e-02,5.00537099e-02,4.88521990e-02,4.65177602e-02,4.27337245e-02,3.75170653e-02,3.36035875e-02,2.95169643e-02
2.24650521e-02,2.49430206e-02,2.48493143e-02,2.40286773e-02,2.38341807e-02,2.31740097e-02,2.35150577e-02,2.31844948e-02,2.24466838e-02,1.94951547e-02,1.89679298e-02,1.77263495e-02,1.84449929e-02,2.05808756e-02,2.44113035e-02,2.69378417e-02,2.86823687e-02,2.88657942e-02,2.69011472e-02,2.38698367e-02,2.26400836e-02,2.11762000e-02,2.00823450e-02,1.91674579e-02,1.66127189e-02,1.39976655e-02,1.24183594e-02,1.12914124e-02,8.42729527e-03,3.76049920e-03,8.22221518e-04,-1.25097156e-03,-3.19771325e-03,-4.29833181e-03,-4.10494666e-03,-1.90732535e-03,7.46325460e-04,2.36072329e-03,2.77161812e-03,4.37267372e-03,6.77935465e-03,1.06889390e-02,1.61585974e-02,2.03752458e-02,2.35445848e-02,2.60425091e-02,2.95672867e-02,3.25452915e-02,3.27499846e-02,3.30198282e-02,3.53578036e-02,3.60120390e-02,3.44613331e-02,3.21640663e-02,2.83378181e-02,2.64155222e-02,2.53998199e-02,2.56538764e-02,2.71131448e-02,2.79023322e-02,2.59185283e-02,2.24374866e-02,1.91212304e-02,1.90908283e-02
3.84911944e-03,2.86792926e-03,1.67917262e-03,1.27853190e-03,1.26867613e-03,1.69605208e-03,3.13618907e-03,4.89703885e-03,6.57213117e-03,7.20627464e-03,5.47623720e-03,3.77189855e-03,1.56553440e-03,2.09628143e-04,-3.73288409e-03,-5.64901404e-03,-5.49620074e-03,-3.88394645e-03,3.50111294e-04,5.47469021e-03,1.06512113e-02,1.31863448e-02,1.54529794e-02,1.64710351e-02,1.86259023e-02,2.04299625e-02,2.02233604e-02,1.81078772e-02,1.56396200e-02,1.12224704e-02,5.66302788e-03,2.27388624e-03,-7.97514543e-04,-2.18106113e-03,-3.57352444e-03,-2.82651175e-03,-1.89790971e-03,-1.07792016e-03,-7.87830927e-04,-1.19642426e-03,-4.61223868e-03,-7.23655921e-03,-1.21877107e-02,-1.74816581e-02,-2.16208559e-02,-2.37129111e-02,-2.59379723e-02,-2.69238938e-02,-2.58687683e-02,-2.31726960e-02,-1.82315779e-02,-1.50312925e-02,-1.33455524e-02,-1.03541555e-02,-5.21409105e-03,3.20845571e-04,4.44997038e-03,7.32512212e-03,7.52440876e-03,6.95596701e-03,5.98744069e-03,5.99910436e-03,4.34219340e-03,2.79827420e-03
-8.47588186e-03,-9.75762406e-03,-1.10678882e-02,-1.10183826e-02,-9.54444546e-03,-5.06117295e-03,-3.33219497e-04,7.21482575e-03,1.29943569e-02,1.67735245e-02,2.26071943e-02,2.88553054e-02,3.15494193e-02,3.38151687e-02,3.59404748e-02,3.88860126e-02,4.14495304e-02,4.37345377e-02,4.51103039e-02,4.57766050e-02,4.62554153e-02,4.45837849e-02,4.10044432e-02,3.58756218e-02,3.01747245e-02,2.34529816e-02,1.68325201e-02,1.09482520e-02,3.64712220e-03,-3.88468303e-03,-1.06813822e-02,-1.44782697e-02,-1.66267679e-02,-1.91650429e-02,-2.24310324e-02,-2.62875482e-02,-3.16933340e-02,-3.70457550e-02,-4.17568186e-02,-4.35844372e-02,-4.24428232e-02,-4.15379835e-02,-4.14425241e-02,-4.20539494e-02,-4.13175761e-02,-3.97531897e-02,-3.87252583e-02,-3.92816456e-02,-4.06382332e-02,-3.93127801e-02,-3.92430145e-02,-3.96295508e-02,-3.84045156e-02,-3.82857016e-02,-3.75867528e-02,-3.42780390e-02,-3.09404931e-02,-2.77960941e-02,-2.18939977e-02,-1.70048159e-02,-1.15922648e-02,-7.59921681e-03,-8.16920156e-03,-8.65450356e-03
-1.98535666e-02,-2.03394186e-02,-2.14851794e-02,-2.17442209e-02,-2.02282070e-02,-1.86526915e-02,-1.78054461e-02,-1.68013145e-02,-1.34930607e-02,-1.06684919e-02,-8.56160124e-03,-8.15825786e-03,-8.82112758e-03,-9.41948372e-03,-9.80286952e-03,-8.25404280e-03,-9.00861350e-03,-1.05908424e-02,-9.48191039e-03,-7.77196734e-03,-5.90572141e-03,-3.77513241e-03,-2.96087486e-03,-3.47855009e-03,-2.65872084e-03,-1.61146379e-05,2.92570160e-03,5.99417627e-03,6.57343766e-03,6.41895527e-03,4.27444048e-03,-8.75786228e-04,-5.29164239e-03,-9.67208814e-03,-1.39294427e-02,-1.78843320e-02,-2.08322121e-02,-2.51374456e-02,-2.67746655e-02,-2.93791067e-02,-3.23749445e-02,-3.31227964e-02,-3.31923760e-02,-3.52349911e-02,-3.92918658e-02,-4.08300980e-02,-4.32509049e-02,-4.61334859e-02,-4.88450817e-02,-4.98227304e-02,-4.80552693e-02,-4.58946545e-02,-4.48510968e-02,-4.19179068e-02,-3.68937852e-02,-3.28619455e-02,-3.16930542e-02,-3.02817204e-02,-2.85879686e-02,-2.66363144e-02,-2.40264557e-02,-2.22372589e-02,-2.08180106e-02,-2.02541015e-02
-1.94062544e-02,-1.84602730e-02,-1.87529619e-02,-1.77782601e-02,-1.73902155e-02,-1.59150665e-02,-1.65268912e-02,-1.65230203e-02,-1.79940567e-02,-2.20535692e-02,-2.58817462e-02,-3.19944719e-02,-3.73944478e-02,-4.41534622e-02,-5.01171456e-02,-5.39181282e-02,-5.53960862e-02,-5.54451980e-02,-5.45165376e-02,-5.55419791e-02,-5.56653920e-02,-5.47576234e-02,-5.45765154e-02,-5.66202218e-02,-5.71413523e-02,-6.00669874e-02,-6.37918316e-02,-6.94909661e-02,-7.41681586e-02,-7.44748453e-02,-7.30089135e-02,-6.97143785e-02,-6.41717724e-02,-5.69242539e-02,-5.01325126e-02,-4.69098116e-02,-4.46323047e-02,-4.32097659e-02,-4.22121631e-02,-3.98703441e-02,-3.78414293e-02,-3.60400980e-02,-3.53389396e-02,-3.40866792e-02,-3.25699200e-02,-3.15022433e-02,-3.03200830e-02,-2.91330607e-02,-2.66063313e-02,-2.75365950e-02,-2.75358878e-02,-2.67022996e-02,-2.48866272e-02,-2.38120895e-02,-2.26599970e-02,-2.26345001e-02,-2.23131101e-02,-2.18958847e-02,-2.09604282e-02,-2.00367627e-02,-1.94577292e-02,-2.01679255e-02,-2.04414529e-02,-1.93208876e-02
1.24278542e-02,1.43145553e-02,1.63614193e-02,1.69049013e-02,1.63865435e-02,1.66266184e-02,1.68467860e-02,1.79081538e-02,1.89307758e-02,2.18887123e-02,2.51959404e-02,2.64091574e-02,2.49871404e-02,2.31348627e-02,2.04245947e-02,2.08234049e-02,1.87900762e-02,2.00281041e-02,1.92651743e-02,1.56483234e-02,1.14051282e-02,8.35475585e-03,8.91068955e-03,1.10355838e-02,1.23285585e-02,1.35287068e-02,1.34364779e-02,1.52289270e-02,1.83596492e-02,2.23527417e-02,2.61737686e-02,3.09226883e-02,3.26863931e-02,3.48163024e-02,3.58315436e-02,3.64882238e-02,3.69999358e-02,3.77949510e-02,3.67992095e-02,3.79436981e-02,3.84118787e-02,3.95164008e-02,3.81215845e-02,3.64821888e-02,3.69366463e-02,3.69353309e-02,3.40550755e-02,3.26904003e-02,3.31636787e-02,3.40377264e-02,3.30484445e-02,3.10141061e-02,2.87950640e-02,2.37403512e-02,1.90061826e-02,1.68815090e-02,1.50094709e-02,1.54257993e-02,1.53096436e-02,1.36066814e-02,1.28021815e-02,1.03681526e-02,9.04702096e-03,1.14247016e-02
3.00842247e-02,2.87130222e-02,2.70326264e-02,2.64705760e-02,2.91303943e-02,3.16580470e-02,3.45921443e-02,3.58180757e-02,3.65342007e-02,3.69347466e-02,3.81918553e-02,3.83683150e-02,3.78209180e-02,3.79710419e-02,3.70409662e-02,3.69683189e-02,3.74715884e-02,3.64857099e-02,3.35875331e-02,2.95271261e-02,2.55730352e-02,2.23633231e-02,1.90163518e-02,1.72080854e-02,1.56724961e-02,1.64658469e-02,1.86334087e-02,2.09603865e-02,2.09602296e-02,2.05062250e-02,2.24815837e-02,2.38480693e-02,2.47571316e-02,2.56526137e-02,2.90721939e-02,3.14284681e-02,3.10247308e-02,3.01752671e-02,3.07271528e-02,2.95058680e-02,2.92814243e-02,3.03356961e-02,3.12217544e-02,3.11962209e-02,3.27695602e-02,3.53027462e-02,3.75707887e-02,3.96661585e-02,4.12003486e-02,4.20737977e-02,4.07240192e-02,3.82934329e-02,3.55577385e-02,3.44257982e-02,3.41123050e-02,3.37482343e-02,3.44619719e-02,3.48080522e-02,3.46143596e-02,3.50545669e-02,3.47162464e-02,3.46959562e-02,3.30079862e-02,3.17214001e-02
-1.21346809e-02,-1.27460998e-02,-1.52365325e-02,-1.82736852e-02,-1.88264232e-02,-1.79699655e-02,-1.78267761e-02,-1.55181594e-02,-1.35451298e-02,-1.29266232e-02,-1.18881457e-02,-1.05415558e-02,-9.02969153e-03,-7.23026389e-03,-5.69489455e-03,-2.87880952e-03,-1.04726499e-03,-1.95794633e-03,-4.41696062e-03,-4.77063270e-03,-1.48059746e-03,1.22380880e-03,1.21469105e-03,2.30163149e-03,3.44174597e-03,5.04825770e-03,7.68784574e-03,1.00286431e-02,1.18772780e-02,1.53418217e-02,1.78539787e-02,1.92919918e-02,1.89957528e-02,1.92465512e-02,1.75690626e-02,1.46861794e-02,1.36816124e-02,1.17862783e-02,1.00292737e-02,7.28883780e-03,2.95109400e-03,2.54887852e-04,-6.39322598e-04,-3.26706208e-03,-6.02955059e-03,-1.11723771e-02,-1.49227256e-02,-1.69963536e-02,-1.81503393e-02,-1.81786330e-02,-1.86246127e-02,-1.91566065e-02,-1.72395640e-02,-1.26315598e-02,-1.04931516e-02,-1.10888760e-02,-1.23687898e-02,-1.20543651e-02,-1.13570667e-02,-1.15857785e-02,-1.41315054e-02,-1.51374046e-02,-1.35622560e-02,-1.24043236e-02
1.40498725e-02,1.26955991e-02,1.20279127e-02,1.01809323e-02,8.48158273e-03,5.38416946e-03,9.94528979e-04,-3.00151375e-03,-6.40492164e-03,-1.02585070e-02,-1.34166621e-02,-1.40615556e-02,-1.36518809e-02,-1.11698582e-02,-8.96388610e-03,-8.21123794e-03,-7.76712692e-03,-8.00691469e-03,-7.33457687e-03,-6.64956427e-03,-5.34603092e-03,-2.80333238e-03,-2.70685759e-04,2.38508153e-03,4.60694713e-03,5.98994210e-03,5.78739526e-03,6.35534305e-03,8.61224431e-03,8.78204210e-03,8.84539252e-03,8.54118031e-03,5.95002037e-03,3.09949713e-03,-5.88531108e-04,-3.13299921e-03,-4.17666593e-03,-3.35661348e-03,-1.59166646e-03,2.72792963e-04,3.11450898e-03,5.73142517e-03,9.73077981e-03,1.26382698e-02,1.52215978e-02,1.67936058e-02,1.73250031e-02,1.68899359e-02,1.47946659e-02,1.12434449e-02,6.37792280e-03,2.35143800e-03,-1.17570144e-03,-1.89731692e-03,-1.35529993e-03,8.70263376e-04,4.09823200e-03,7.34391139e-03,8.75476955e-03,7.73941539e-03,7.56157392e-03,9.11944892e-03,1.19992636e-02,1.38305969e-02
-9.28835413e-03,-8.04575637e-03,-6.46079179e-03,-5.35042765e-03,-3.05403805e-03,-1.27281774e-04,1.27588238e-03,3.14549220e-03,4.83191099e-03,5.01771602e-03,4.07918947e-03,-8.52035038e-05,-4.92968398e-03,-1.02862418e-02,-1.37555120e-02,-1.62889566e-02,-1.83918482e-02,-2.07957115e-02,-2.25117051e-02,-2.55556489e-02,-2.62584420e-02,-2.56550958e-02,-2.35015356e-02,-2.10339820e-02,-1.82639080e-02,-1.47997957e-02,-1.11038064e-02,-6.72844181e-03,-3.45722045e-03,-2.39272988e-03,-1.50860474e-04,2.01947485e-03,3.55682364e-03,4.55914406e-03,4.51544880e-03,7.33480271e-03,7.27229168e-03,5.12038187e-03,2.55683900e-03,2.17172336e-04,-1.75178727e-04,-3.83893204e-04,-1.05115469e-03,-3.77182548e-03,-7.50221884e-03,-9.91406301e-03,-1.12607718e-02,-1.20963393e-02,-1.53005668e-02,-1.77153269e-02,-1.89144189e-02,-1.91862344e-02,-1.98941912e-02,-2.32249026e-02,-2.41863196e-02,-2.29378615e-02,-1.72075275e-02,-1.34078599e-02,-1.21281050e-02,-1.17478786e-02,-1.24135256e-02,-1.30855522e-02,-1.16663478e-02,-1.09490974e-02
-2.06893655e-02,-1.79030343e-02,-1.44991825e-02,-1.12420904e-02,-9.75805709e-03,-8.96348852e-03,-7.31721571e-03,-3.99057427e-03,-1.15150338e-03,5.32702919e-03,1.19703679e-02,1.80438340e-02,2.40597014e-02,2.94364416e-02,3.66704744e-02,4.02937439e-02,4.14205039e-02,4.26026958e-02,4.48477827e-02,4.78548343e-02,4.84791577e-02,4.63152562e-02,4.54787431e-02,4.29873267e-02,3.79255848e-02,3.44400924e-02,3.07437785e-02,2.85423512e-02,2.70783201e-02,2.56358496e-02,2.52855414e-02,2.36466641e-02,1.96433816e-02,1.59746667e-02,1.20860044e-02,7.55699197e-03,3.30752865e-03,1.44720599e-03,-1.72426587e-03,-6.51891788e-03,-1.12848242e-02,-1.54139863e-02,-2.16749199e-02,-2.95888202e-02,-3.72884999e-02,-4.27458248e-02,-4.59440782e-02,-4.97552432e-02,-5.07605455e-02,-5.29155081e-02,-5.32789727e-02,-5.42396347e-02,-5.53224754e-02,-5.36203268e-02,-4.98176734e-02,-4.65541652e-02,-4.30592285e-02,-3.88519965e-02,-3.34261202e-02,-3.04735923e-02,-3.05348218e-02,-2.92684263e-02,-2.73522743e-02,-2.42257098e-02
-3.41742409e-03,-5.64698166e-03,-7.65153151e-03,-9.75522299e-03,-1.16665475e-02,-1.42405596e-02,-1.63615924e-02,-1.85246271e-02,-1.92130550e-02,-1.87224483e-02,-1.73356728e-02,-1.76013447e-02,-1.76541357e-02,-1.89058602e-02,-2.05180233e-02,-2.30061057e-02,-2.71514383e-02,-2.90639420e-02,-2.93147246e-02,-2.65167610e-02,-2.08887752e-02,-1.62523705e-02,-1.07098636e-02,-5.28946444e-03,-2.10303501e-03,2.53735729e-03,8.52116726e-03,1.10218859e-02,1.50103682e-02,2.02727008e-02,2.54496287e-02,2.95123095e-02,3.46784738e-02,3.91076477e-02,4.35606657e-02,4.80480279e-02,5.07137257e-02,5.03727216e-02,4.91055801e-02,4.84935912e-02,4.79303407e-02,4.54980260e-02,4.30521971e-02,4.01689177e-02,3.85305387e-02,3.85983955e-02,3.78456757e-02,3.42064601e-02,3.11999717e-02,2.97933898e-02,2.78424546e-02,2.48485329e-02,2.03832206e-02,1.52252998e-02,1.14390582e-02,7.58917363e-03,2.15150498e-03,-1.19360962e-03,-2.81685655e-03,-2.65677170e-03,-7.48778635e-04,1.48762581e-03,9.08908200e-04,-8.00798450e-04
2.63808140e-02,2.79204727e-02,2.58133331e-02,2.30991158e-02,2.23695939e-02,2.03029886e-02,1.91513577e-02,1.88458730e-02,1.86838124e-02,1.80616220e-02,1.56035096e-02,8.96248234e-03,2.96551213e-03,-1.13941267e-03,-4.39548006e-03,-7.93918708e-03,-1.11300979e-02,-1.32170223e-02,-1.69877703e-02,-2.35996249e-02,-3.00733698e-02,-3.70478972e-02,-4.32879330e-02,-4.77428346e-02,-5.09760444e-02,-5.41656641e-02,-5.58390751e-02,-5.84860714e-02,-5.90436375e-02,-5.86334373e-02,-5.62260004e-02,-5.46986458e-02,-5.11609897e-02,-4.79227889e-02,-4.75784237e-02,-4.58428720e-02,-4.24755479e-02,-3.86935195e-02,-3.71053182e-02,-3.65842710e-02,-3.60059688e-02,-3.71120090e-02,-3.76186710e-02,-3.92324993e-02,-4.11901658e-02,-4.28791155e-02,-4.34476225e-02,-4.35710098e-02,-4.16237524e-02,-3.81979769e-02,-3.54938814e-02,-3.27080252e-02,-2.87197117e-02,-2.47450965e-02,-1.84483587e-02,-1.25530351e-02,-7.27665530e-03,-1.55674831e-03,4.81871683e-03,1.00123226e-02,1.39603512e-02,1.74702508e-02,2.07489654e-02,2.35400416e-02
3.24922860e-02,3.59008584e-02,3.92468565e-02,4.33005545e-02,4.92102522e-02,5.30851152e-02,5.67569783e-02,6.01684431e-02,6.08689569e-02,6.27525250e-02,6.47224576e-02,6.52158900e-02,6.54179907e-02,6.64889824e-02,7.00772044e-02,7.36527796e-02,7.69113726e-02,7.95100800e-02,8.24175654e-02,8.36529461e-02,8.49933863e-02,8.40641647e-02,8.17320066e-02,8.05213683e-02,7.99652119e-02,7.88140151e-02,7.71657182e-02,7.52120621e-02,7.10359664e-02,6.46314592e-02,6.04969857e-02,5.74349902e-02,5.62652027e-02,5.53799862e-02,5.46251131e-02,5.58586675e-02,5.52159503e-02,5.37998677e-02,5.47071022e-02,5.39505725e-02,5.27324841e-02,5.41872043e-02,5.49787871e-02,5.33128226e-02,5.30156167e-02,5.17447010e-02,5.11061010e-02,5.21419876e-02,5.28339011e-02,5.36875866e-02,5.57477077e-02,5.59011782e-02,5.47180262e-02,5.01665714e-02,4.40415723e-02,3.77511066e-02,3.29333715e-02,3.00027182e-02,2.66832141e-02,2.82500541e-02,2.95020817e-02,3.05966862e-02,3.00979911e-02,3.02667518e-02
4.19630173e-02,4.08114598e-02,3.82147750e-02,3.48276443e-02,3.24262258e-02,3.05805658e-02,2.91465604e-02,2.84817528e-02,2.73304011e-02,2.31118038e-02,1.76236476e-02,1.21323616e-02,5.15244409e-03,2.03422374e-04,-3.43642209e-03,-5.63971415e-03,-4.77911854e-03,-3.50574873e-03,-3.93227929e-03,-7.60750289e-03,-1.06185933e-02,-1.38562181e-02,-1.65505058e-02,-1.87055974e-02,-2.05264775e-02,-2.10880266e-02,-2.08629559e-02,-2.04214665e-02,-2.01195902e-02,-1.71786095e-02,-1.52686061e-02,-1.40264492e-02,-1.28918447e-02,-1.12086024e-02,-9.99684197e-03,-9.87619119e-03,-8.69062177e-03,-6.65306037e-03,-5.60826182e-03,-5.51392657e-03,-5.60889490e-03,-5.45919093e-03,-5.40376222e-03,-4.13458407e-03,-2.40718658e-03,-4.09387789e-04,1.34944763e-03,3.03825511e-03,5.49126408e-03,6.86427636e-03,7.70806402e-03,8.89229299e-03,8.22230468e-03,9.01011768e-03,1.11388398e-02,1.40208735e-02,1.84939989e-02,2.24627971e-02,2.63846468e-02,2.77629550e-02,3.11852839e-02,3.55095514e-02,3.97111926e-02,4.21689804e-02
1.69541827e-02,1.86048655e-02,1.99150022e-02,2.21119738e-02,2.32419564e-02,2.37800424e-02,2.83754601e-02,3.43446970e-02,3.81742005e-02,4.00197534e-02,4.14411597e-02,4.11447241e-02,3.82910684e-02,3.57178761e-02,3.34818650e-02,3.13899622e-02,3.15440107e-02,3.19195353e-02,3.13234839e-02,3.01993134e-02,2.95247710e-02,3.02972076e-02,3.14294687e-02,3.33427954e-02,3.49283563e-02,3.64447999e-02,3.66106988e-02,3.42491372e-02,3.34651092e-02,3.44233819e-02,3.51273245e-02,3.46279708e-02,3.22183650e-02,3.17241808e-02,3.24608119e-02,3.05189634e-02,2.97489972e-02,3.02368265e-02,2.93708333e-02,2.79933427e-02,2.44973089e-02,2.02366658e-02,1.57375179e-02,1.40902777e-02,1.31737081e-02,1.40197695e-02,1.56552174e-02,1.79618415e-02,1.96502290e-02,1.75864785e-02,1.38103353e-02,1.14962383e-02,9.40944859e-03,5.60196661e-03,1.27411947e-03,-6.79908594e-04,-1.76513169e-03,-1.48894237e-03,-8.45187170e-04,8.56359126e-04,3.94163889e-03,7.75753838e-03,1.11027986e-02,1.42097690e-02
4.14723804e-02,4.45241034e-02,4.65909007e-02,4.73519387e-02,4.54784752e-02,4.41919612e-02,4.59616380e-02,4.71081775e-02,4.56931091e-02,4.35564970e-02,3.88123154e-02,3.55628161e-02,3.51575720e-02,3.50003970e-02,3.33336541e-02,3.17787885e-02,2.95151739e-02,2.78620877e-02,2.56907922e-02,2.62019758e-02,2.60352137e-02,2.44349360e-02,2.20517254e-02,2.26797683e-02,2.35985268e-02,2.46383645e-02,2.68763749e-02,2.78893903e-02,2.99696336e-02,3.15760957e-02,3.48387014e-02,4.13048079e-02,4.85045585e-02,5.34888777e-02,5.51340679e-02,5.37363640e-02,4.95377592e-02,4.23992109e-02,3.61999406e-02,3.14875820e-02,2.87494016e-02,2.61562556e-02,2.58237899e-02,2.87129380e-02,3.09746318e-02,3.27238294e-02,3.35385613e-02,3.20713029e-02,2.82188389e-02,2.59028549e-02,2.42565791e-02,2.48679242e-02,2.86171956e-02,3.17882555e-02,3.40773548e-02,3.59668956e-02,3.79036401e-02,4.11540271e-02,4.39627239e-02,4.52089405e-02,4.77495893e-02,4.70229097e-02,4.39262437e-02,4.03797396e-02
-3.31028035e-02,-3.61990292e-02,-3.83289117e-02,-3.82748104e-02,-3.81942369e-02,-3.63142034e-02,-3.38745756e-02,-3.07136294e-02,-2.61299187e-02,-2.13821538e-02,-1.69114449e-02,-1.13838826e-02,-5.14641758e-03,-4.36898317e-04,3.75704041e-03,7.39238143e-03,1.08940639e-02,1.19689511e-02,1.23990260e-02,1.20047742e-02,1.01215994e-02,1.07154973e-02,9.58377012e-03,8.22910118e-03,7.77167400e-03,6.50315294e-03,8.34804221e-03,1.02826441e-02,1.35179886e-02,1.67333652e-02,1.85156667e-02,2.00541113e-02,2.31355662e-02,2.60009434e-02,2.72915526e-02,2.76125190e-02,2.86815843e-02,2.72109651e-02,2.18891880e-02,1.70769550e-02,1.40605491e-02,1.09120531e-02,7.72622310e-03,4.93228405e-03,2.10903253e-03,-8.64213148e-04,-4.51636626e-03,-6.04476010e-03,-7.01371821e-03,-9.69918717e-03,-1.10387264e-02,-1.12457596e-02,-1.29889580e-02,-1.49213661e-02,-1.61525057e-02,-1.92795708e-02,-2.35179126e-02,-2.83220391e-02,-3.14477715e-02,-3.18125910e-02,-3.09977347e-02,-2.93721144e-02,-2.89783918e-02,-3.08886716e-02
2.59556271e-03,-5.85348989e-04,-2.13169398e-03,-4.00703760e-03,-5.10932237e-03,-6.80206224e-03,-8.72061665e-03,-1.00599541e-02,-1.15601143e-02,-1.47596311e-02,-1.74944176e-02,-2.03838467e-02,-2.13133268e-02,-1.96250414e-02,-1.75274021e-02,-1.73537068e-02,-1.80117584e-02,-1.88563112e-02,-2.13322982e-02,-2.65448769e-02,-3.12866185e-02,-3.34627967e-02,-3.37511344e-02,-3.42458094e-02,-3.45972960e-02,-3.28677164e-02,-2.87065150e-02,-2.21327065e-02,-1.61533259e-02,-1.19410444e-02,-7.89252991e-03,-3.97452275e-03,-2.62176107e-03,-1.12940274e-03,1.37712335e-03,3.76352987e-03,5.52585702e-03,6.96662892e-03,7.83966382e-03,9.48097814e-03,1.14289354e-02,1.03597879e-02,9.66092747e-03,1.07710708e-02,1.13330565e-02,1.30488935e-02,1.48998748e-02,1.54316866e-02,1.44985906e-02,1.29731535e-02,1.09596181e-02,1.06063586e-02,1.09505090e-02,1.09400230e-02,1.40609513e-02,1.87336569e-02,2.30299575e-02,2.71254592e-02,2.89466941e-02,2.84235158e-02,2.57204994e-02,1.88314422e-02,1.15634747e-02,6.30072208e-03
-2.56553648e-02,-2.40688889e-02,-2.20906809e-02,-2.09755176e-02,-2.04196044e-02,-1.89597440e-02,-1.61848986e-02,-1.44088750e-02,-1.14127205e-02,-9.78903261e-03,-1.10455434e-02,-1.24138022e-02,-1.31491583e-02,-1.29826897e-02,-1.01686847e-02,-7.54458840e-03,-6.45303728e-03,-6.59237008e-03,-3.83240172e-03,-5.88292420e-04,4.94688075e-03,6.85565533e-03,8.57423933e-03,1.22168781e-02,1.66578998e-02,2.04668478e-02,2.24248018e-02,2.21517917e-02,2.26701319e-02,2.27318328e-02,2.11693650e-02,2.03447820e-02,1.82852390e-02,1.54228231e-02,1.24946366e-02,1.04093825e-02,7.27386305e-03,3.15719445e-03,-1.50298316e-03,-7.53941553e-03,-1.41127427e-02,-2.16794665e-02,-2.78702340e-02,-3.16876792e-02,-3.36020148e-02,-3.51637502e-02,-3.75309617e-02,-3.88940540e-02,-3.97224442e-02,-3.97780130e-02,-3.89713068e-02,-3.66574304e-02,-3.49922355e-02,-3.27386360e-02,-2.93341576e-02,-2.71424133e-02,-2.48694057e-02,-2.35810966e-02,-2.23392302e-02,-2.13946942e-02,-2.10378945e-02,-2.20566729e-02,-2.39711818e-02,-2.54251851e-02
-5.26252383e-02,-5.07930536e-02,-4.83358913e-02,-4.54936165e-02,-4.27661177e-02,-3.98894768e-02,-3.75178082e-02,-3.44332793e-02,-3.09160869e-02,-2.66947768e-02,-2.34219615e-02,-1.88041765e-02,-1.26771552e-02,-6.94774005e-03,-2.10998497e-03,4.84339276e-04,2.65636843e-03,4.19217678e-03,6.76838557e-03,9.66144022e-03,9.90724976e-03,9.18207805e-03,7.60875514e-03,7.36567546e-03,6.12829564e-03,3.97561209e-03,2.20694647e-03,2.23163044e-03,1.49257426e-03,-5.46272999e-04,-1.38590176e-03,-1.58463509e-03,-2.45923526e-03,-3.58416435e-03,-5.08012254e-03,-7.30351488e-03,-1.12003834e-02,-1.51694018e-02,-1.74074613e-02,-2.05935623e-02,-2.66422359e-02,-3.35044340e-02,-4.14068102e-02,-4.91298429e-02,-5.38212289e-02,-5.73164933e-02,-6.12536882e-02,-6.39049438e-02,-6.79481315e-02,-7.09898137e-02,-7.56161993e-02,-7.74686244e-02,-7.88775491e-02,-7.93257366e-02,-7.73517801e-02,-7.51603708e-02,-7.17922519e-02,-6.96603402e-02,-6.85394851e-02,-6.77161398e-02,-6.64218221e-02,-6.30413206e-02,-5.95792003e-02,-5.57799038e-02
4.66606434e-02,4.66494280e-02,4.88630422e-02,5.30538886e-02,5.63584406e-02,5.90630115e-02,5.87033997e-02,5.53750090e-02,5.18529447e-02,4.69194028e-02,4.14608153e-02,3.54351032e-02,2.98627607e-02,2.52347157e-02,2.22564725e-02,1.93412694e-02,1.66725250e-02,1.52429913e-02,1.49431646e-02,1.45958737e-02,1.23413847e-02,9.93473246e-03,8.20634128e-03,6.25110242e-03,3.28965082e-03,2.33433592e-03,2.30396190e-03,1.64754432e-04,3.85887129e-04,-5.30243751e-04,-3.85990565e-03,-7.16989065e-03,-9.29778234e-03,-9.31001138e-03,-1.06299104e-02,-1.17946853e-02,-1.28012264e-02,-1.43618966e-02,-1.52123753e-02,-1.50107713e-02,-1.61372321e-02,-1.76703298e-02,-1.78180567e-02,-1.59435988e-02,-1.26419606e-02,-7.61018043e-03,-2.68244304e-03,4.26774654e-04,3.38462259e-03,7.58656032e-03,1.03202409e-02,9.89413574e-03,1.05615020e-02,1.32288121e-02,1.45087454e-02,1.84788478e-02,2.38673501e-02,2.65297643e-02,2.70661520e-02,2.87038607e-02,3.09955919e-02,3.55893841e-02,4.01182291e-02,4.47952015e-02
-2.21085063e-02,-1.83538830e-02,-1.56591468e-02,-1.11080739e-02,-7.48899193e-03,-5.42737067e-03,-5.65142016e-03,-5.56459025e-03,-6.99286177e-03,-8.60246256e-03,-1.07719676e-02,-1.44329745e-02,-1.77777603e-02,-2.27964539e-02,-2.96784630e-02,-3.42744403e-02,-3.85182477e-02,-4.00230503e-02,-3.98158528e-02,-3.99828193e-02,-3.94684870e-02,-3.75709505e-02,-3.50758187e-02,-3.28947494e-02,-2.97214541e-02,-2.69237320e-02,-2.42257504e-02,-2.12745209e-02,-1.81112003e-02,-1.62956794e-02,-1.50465114e-02,-1.31578456e-02,-1.19099339e-02,-1.00669485e-02,-9.30515085e-03,-7.21085946e-03,-1.86225519e-03,3.44384986e-03,7.33042839e-03,9.15878773e-03,8.37432543e-03,8.16223978e-03,7.84437427e-03,4.97203695e-03,-3.30258652e-04,-5.46077348e-03,-8.57308448e-03,-1.13669506e-02,-1.56257882e-02,-2.00254270e-02,-2.27049330e-02,-2.53699261e-02,-2.80834031e-02,-2.96174357e-02,-3.08166428e-02,-3.23656672e-02,-3.48331935e-02,-3.63378413e-02,-4.00041459e-02,-4.29482473e-02,-4.30002028e-02,-4.00415281e-02,-3.38725551e-02,-2.74938004e-02
1.86200996e-02,1.70374746e-02,1.49380314e-02,1.42093177e-02,1.26259138e-02,8.02972660e-03,4.08430983e-03,-1.78259477e-03,-8.52430298e-03,-1.43654996e-02,-1.77217526e-02,-1.91422383e-02,-2.24571376e-02,-2.63615994e-02,-3.11113091e-02,-3.46102499e-02,-3.66341752e-02,-3.75342629e-02,-3.71460448e-02,-3.48245685e-02,-3.35000573e-02,-3.28520025e-02,-3.13219371e-02,-3.00524786e-02,-3.01913734e-02,-3.02207174e-02,-3.18523115e-02,-3.23598696e-02,-3.16604599e-02,-3.04581515e-02,-3.08142009e-02,-3.30142814e-02,-3.41440574e-02,-3.59367365e-02,-3.83156172e-02,-4.05299540e-02,-4.02702462e-02,-4.08281540e-02,-4.06311459e-02,-3.91470928e-02,-3.68704439e-02,-3.50250261e-02,-3.38206255e-02,-3.26752025e-02,-3.10799787e-02,-2.74761706e-02,-2.24600924e-02,-1.46863823e-02,-6.82774185e-03,-1.92627605e-03,2.09158474e-03,5.14441975e-03,9.86353240e-03,1.43598977e-02,1.75006495e-02,1.94227503e-02,2.14532484e-02,2.27531028e-02,2.44143836e-02,2.63657225e-02,2.74586227e-02,2.56086287e-02,2.13128583e-02,1.89303013e-02
-4.13174568e-03,-1.94969701e-03,-1.17986074e-03,9.14420937e-04,2.19921805e-03,-1.60094917e-03,-6.58177820e-03,-1.17158288e-02,-1.47629463e-02,-1.62493347e-02,-1.53912243e-02,-1.27508280e-02,-1.01581925e-02,-5.28008824e-03,1.53850171e-03,8.02715765e-03,1.29586881e-02,1.62831190e-02,2.00909315e-02,2.28479315e-02,2.34148854e-02,2.10820363e-02,1.59883996e-02,1.08477846e-02,7.51389310e-03,6.44082261e-04,-2.30778670e-03,-4.62957973e-03,-7.54284429e-03,-9.63132118e-03,-1.16665794e-02,-1.38111888e-02,-1.57899661e-02,-1.66171972e-02,-1.68927237e-02,-1.70903074e-02,-1.73088374e-02,-1.69762028e-02,-1.73708932e-02,-1.65319295e-02,-1.55943848e-02,-1.53963479e-02,-1.63309802e-02,-1.97794812e-02,-2.07706799e-02,-2.11571369e-02,-2.17522605e-02,-2.17343261e-02,-1.92453628e-02,-1.63119625e-02,-1.18318162e-02,-7.13626529e-03,-5.88423059e-03,-7.90215635e-03,-9.78832602e-03,-1.18305684e-02,-1.11075661e-02,-9.06999451e-03,-9.19440088e-03,-1.02350225e-02,-1.05403140e-02,-1.00683718e-02,-8.08855841e-03,-6.63455418e-03
-6.79058267e-03,-7.09868107e-03,-7.58997010e-03,-8.80977342e-03,-1.26048755e-02,-1.73077266e-02,-2.19953449e-02,-2.89910317e-02,-3.53212040e-02,-4.00503775e-02,-4.49837084e-02,-4.87094759e-02,-5.29285695e-02,-5.49213130e-02,-5.62632599e-02,-5.73259478e-02,-5.99243422e-02,-6.05293246e-02,-5.91346565e-02,-5.73570523e-02,-5.47853130e-02,-5.11425249e-02,-4.89438002e-02,-4.57997425e-02,-4.45853935e-02,-4.61433809e-02,-4.86750765e-02,-4.99033941e-02,-4.79583012e-02,-4.26418145e-02,-3.68287079e-02,-3.03268403e-02,-2.31935731e-02,-1.52840488e-02,-3.91073727e-03,7.38445799e-03,1.37467000e-02,1.75667268e-02,2.12157844e-02,2.32755552e-02,2.48278744e-02,2.43992261e-02,2.35524076e-02,2.36208909e-02,2.47180276e-02,2.42705134e-02,2.20819715e-02,1.90212267e-02,1.65643599e-02,1.61075157e-02,1.66221382e-02,1.61751544e-02,1.43705498e-02,1.24263313e-02,1.18283866e-02,1.29399894e-02,1.44394100e-02,1.33799890e-02,9.56878374e-03,4.42895060e-03,-2.21199440e-04,-2.54653463e-03,-4.92033524e-03,-6.18690718e-03
3.55993818e-02,3.51235195e-02,3.30184414e-02,3.43077881e-02,3.58181275e-02,3.80513851e-02,3.89162775e-02,3.72420760e-02,3.43197191e-02,2.93489340e-02,2.52043192e-02,2.08860878e-02,1.67380502e-02,1.17166082e-02,5.88603842e-03,-4.88613342e-04,-6.92706559e-03,-1.33999810e-02,-1.88252610e-02,-2.01181148e-02,-2.14618405e-02,-2.24554095e-02,-2.39500120e-02,-2.36971299e-02,-2.39501573e-02,-2.24241404e-02,-1.88309939e-02,-1.50152630e-02,-1.15139503e-02,-7.09644398e-03,-5.71628145e-03,-5.51672552e-03,-4.73947390e-03,-4.46256301e-03,-1.87821425e-03,-1.17425867e-04,2.48578936e-03,7.45140299e-03,1.21312821e-02,1.74057143e-02,2.60323458e-02,3.43953895e-02,4.00295262e-02,4.30705154e-02,4.64937813e-02,4.63068033e-02,4.35509373e-02,4.02629046e-02,3.92456953e-02,3.84569644e-02,3.77623483e-02,3.92166210e-02,4.23387703e-02,4.43054084e-02,4.56501124e-02,4.70349577e-02,4.57493732e-02,4.42704589e-02,4.30544572e-02,3.93451335e-02,3.50776608e-02,3.40676118e-02,3.50994714e-02,3.57890518e-02
-2.63946977e-02,-2.45618879e-02,-2.33500659e-02,-1.98215373e-02,-1.57451123e-02,-1.18007879e-02,-9.69815232e-03,-5.82124196e-03,-6.42896247e-04,5.99910680e-03,1.16285417e-02,1.66326901e-02,1.84782792e-02,2.04904970e-02,2.14157525e-02,1.93063868e-02,1.68966126e-02,1.31718480e-02,1.14250722e-02,1.19362991e-02,1.24855940e-02,1.33677817e-02,1.42139098e-02,1.30877473e-02,1.22646518e-02,9.33423460e-03,5.47801000e-03,2.77207191e-03,-1.62825962e-04,-3.19079145e-03,-5.28105235e-03,-6.63792096e-03,-1.09120857e-02,-1.61535794e-02,-1.95817812e-02,-2.10476222e-02,-2.07212108e-02,-1.94220812e-02,-1.91180002e-02,-1.86414395e-02,-2.01799128e-02,-2.40538345e-02,-2.67160983e-02,-3.12392258e-02,-3.49501978e-02,-3.74386275e-02,-4.19779316e-02,-4.83110951e-02,-5.10464210e-02,-5.02532811e-02,-4.84540361e-02,-4.70929708e-02,-4.72420857e-02,-4.84838792e-02,-4.86729677e-02,-4.89803833e-02,-4.58812698e-02,-4.20605406e-02,-3.86342606e-02,-3.62483619e-02,-3.46683525e-02,-3.46722964e-02,-3.35285006e-02,-2.94455636e-02
-3.79326764e-02,-4.05834500e-02,-4.23655449e-02,-4.40427173e-02,-4.62955330e-02,-4.86922750e-02,-4.85603455e-02,-4.40909327e-02,-3.97129692e-02,-3.66789136e-02,-3.53783040e-02,-3.46880132e-02,-3.33406072e-02,-3.23265318e-02,-3.07566344e-02,-2.90220033e-02,-2.89787159e-02,-2.69054912e-02,-2.28954368e-02,-1.91632137e-02,-1.62803616e-02,-1.43236483e-02,-1.27965849e-02,-9.44360075e-03,-6.50126168e-03,-3.75337046e-03,-2.02400715e-03,-2.65444491e-03,-5.64923923e-03,-1.00885638e-02,-1.50235422e-02,-1.87008150e-02,-1.79990589e-02,-1.90507645e-02,-2.31155246e-02,-2.65507900e-02,-2.88865580e-02,-3.14350951e-02,-3.46658835e-02,-3.71607664e-02,-3.94207017e-02,-4.11195702e-02,-4.07905375e-02,-4.11060787e-02,-4.13882364e-02,-4.12186375e-02,-3.73861173e-02,-3.28140202e-02,-2.96202039e-02,-2.66417178e-02,-2.40797794e-02,-2.48697333e-02,-2.82632196e-02,-3.12188447e-02,-3.37682280e-02,-3.61865773e-02,-3.68703471e-02,-3.88653094e-02,-4.08629680e-02,-4.07466197e-02,-3.94025348e-02,-3.90892114e-02,-3.81356101e-02,-3.69903128e-02
-3.86365756e-02,-3.87495216e-02,-3.85190015e-02,-3.55725697e-02,-3.35017689e-02,-3.13243859e-02,-3.05714060e-02,-3.00837260e-02,-3.06069178e-02,-3.29537281e-02,-3.51366125e-02,-3.41984545e-02,-3.44366360e-02,-3.36258233e-02,-3.13640069e-02,-3.01606211e-02,-2.91515545e-02,-2.80421006e-02,-2.72359854e-02,-2.54308561e-02,-2.22551123e-02,-1.80945528e-02,-1.21029939e-02,-4.81734454e-03,2.20136669e-03,6.81638987e-03,8.93361599e-03,9.29785972e-03,1.10447135e-02,1.33384146e-02,1.42007606e-02,1.43581618e-02,1.61938448e-02,1.68358679e-02,1.77659336e-02,1.71848425e-02,1.59667370e-02,1.42470589e-02,1.15582854e-02,5.92148072e-03,-9.38706522e-04,-5.78114642e-03,-1.09927323e-02,-1.47207713e-02,-1.86605763e-02,-2.20590148e-02,-2.29561763e-02,-2.28761182e-02,-2.69885580e-02,-2.94137702e-02,-3.38734578e-02,-3.71977063e-02,-3.97425397e-02,-4.17668370e-02,-4.37143158e-02,-4.39829856e-02,-4.41982636e-02,-4.56548260e-02,-4.81645977e-02,-4.89190782e-02,-4.53532905e-02,-4.16570582e-02,-3.85522102e-02,-3.91389180e-02
-4.81901993e-03,-3.35559392e-03,-4.15938836e-03,-4.00427223e-03,-3.07931302e-03,-9.66109302e-04,-6.83507692e-05,-9.25757094e-04,-9.94564977e-04,-7.53649570e-04,-4.77327694e-04,-1.16042213e-03,-2.07770059e-03,2.86143266e-04,3.24667210e-03,6.77719406e-03,1.06533722e-02,1.44119395e-02,1.74488357e-02,1.85520817e-02,1.76953714e-02,1.72880062e-02,1.34304873e-02,7.97860633e-03,2.42667765e-03,-3.93069277e-03,-1.03374206e-02,-1.75273663e-02,-2.18973687e-02,-2.35295929e-02,-2.36830181e-02,-2.24742073e-02,-2.00005588e-02,-1.84694853e-02,-1.94746489e-02,-1.97820881e-02,-1.83719162e-02,-1.78208489e-02,-1.61497912e-02,-1.55532900e-02,-1.48481116e-02,-1.37495831e-02,-1.61937267e-02,-1.84900596e-02,-1.54899211e-02,-1.16634062e-02,-8.15955317e-03,-5.90273815e-03,-3.66986054e-03,-1.73296195e-03,6.42642311e-04,1.99932097e-03,2.58883867e-03,2.15496781e-03,1.93883766e-03,1.97288908e-03,1.60540032e-03,5.84780574e-04,-2.84195776e-03,-4.97349443e-03,-5.98577815e-03,-5.95655055e-03,-5.16609031e-03,-5.26005254e-03
6.35829528e-02,6.44732976e-02,6.42229448e-02,6.22930720e-02,5.79849709e-02,5.22038068e-02,4.54191929e-02,4.05315060e-02,3.68839905e-02,3.34452202e-02,2.94908220e-02,2.60467733e-02,2.16968594e-02,1.84951430e-02,1.56055787e-02,1.39154547e-02,1.29238673e-02,1.08906376e-02,9.85472549e-03,9.96834567e-03,8.51029012e-03,3.59532661e-03,-1.35839172e-03,-2.79242848e-03,-3.28748028e-03,-5.33558436e-03,-8.15920503e-03,-9.12747272e-03,-8.52326932e-03,-1.02260393e-02,-1.02386278e-02,-1.10769206e-02,-1.13204110e-02,-1.05530947e-02,-1.11596341e-02,-1.20442238e-02,-1.07084774e-02,-9.98699428e-03,-7.25163371e-03,-2.97811316e-03,1.80995403e-03,6.67034716e-03,8.93741044e-03,9.73809379e-03,1.29983863e-02,1.73817376e-02,2.10318775e-02,2.53775996e-02,2.86096426e-02,2.98281389e-02,3.10836079e-02,3.33244133e-02,3.81243913e-02,4.16237796e-02,4.42916920e-02,4.61259141e-02,4.77138297e-02,4.84177373e-02,5.03980320e-02,5.22051395e-02,5.55063101e-02,5.89763000e-02,6.10965163e-02,6.19497027e-02
2.38991534e-02,2.06038806e-02,1.49309331e-02,1.04877834e-02,8.99795752e-03,8.41625109e-03,9.22329396e-03,8.75544720e-03,8.29583614e-03,5.41924245e-03,1.96310045e-03,7.45624172e-04,1.07976378e-03,2.18010420e-03,3.50693615e-03,4.12819714e-03,6.23717045e-03,9.25473219e-03,1.20251429e-02,1.34420142e-02,1.37025092e-02,1.31914973e-02,1.39310452e-02,1.43634364e-02,1.77722374e-02,2.27553754e-02,2.62326551e-02,2.76817306e-02,2.89421999e-02,3.05994598e-02,3.09735296e-02,2.94694049e-02,2.54071613e-02,1.98157747e-02,1.31379140e-02,7.66882830e-03,5.09656254e-03,4.46088357e-03,5.19910423e-03,9.88610824e-03,1.35547294e-02,1.83635605e-02,2.26926756e-02,2.68991881e-02,3.07505903e-02,3.54286482e-02,3.94293935e-02,4.02761664e-02,3.86401448e-02,3.61109985e-02,3.52287762e-02,3.46921025e-02,3.29034250e-02,3.14864340e-02,3.16959017e-02,3.51785575e-02,3.66658223e-02,3.71362858e-02,3.49098122e-02,3.17232773e-02,3.06061564e-02,2.94494610e-02,2.74089903e-02,2.61074228e-02
1.06572513e-02,7.24055551e-03,4.55248017e-03,3.37158696e-03,2.84836437e-03,2.99391363e-03,3.62143749e-03,5.13542292e-03,4.64527996e-03,5.67564017e-03,5.28475285e-03,5.93714725e-03,4.91673356e-03,2.29946420e-03,-1.08101213e-03,-3.91070294e-03,-6.48843146e-03,-9.91609865e-03,-1.32654880e-02,-1.48945224e-02,-1.76718705e-02,-1.98400864e-02,-2.27408122e-02,-2.62991638e-02,-2.87093847e-02,-3.13887975e-02,-3.54071165e-02,-4.13302317e-02,-4.53880880e-02,-5.02538934e-02,-5.49011964e-02,-5.86642519e-02,-6.10739493e-02,-6.27078412e-02,-6.34569606e-02,-6.40265644e-02,-6.43685274e-02,-6.19579938e-02,-5.91147349e-02,-5.62631394e-02,-5.35915326e-02,-5.32937729e-02,-5.18642114e-02,-4.94084713e-02,-4.78897243e-02,-4.52885868e-02,-4.10406635e-02,-3.66057444e-02,-3.42502855e-02,-3.18966208e-02,-2.92554958e-02,-2.62350437e-02,-2.22285059e-02,-1.65616064e-02,-1.04022712e-02,-4.00748923e-03,1.62773096e-03,6.45089710e-03,8.48371729e-03,1.12878540e-02,1.46020677e-02,1.49118510e-02,1.48683878e-02,1.32410423e-02
-1.05201839e-02,-7.80553202e-03,-4.88096779e-03,-1.19370072e-03,9.33489432e-04,1.69828837e-03,2.38400925e-03,5.81488976e-04,-5.10491177e-04,-4.81455021e-04,5.63171053e-04,5.07599193e-03,9.08924984e-03,1.28659573e-02,1.61007885e-02,1.84413710e-02,2.21513969e-02,2.71235204e-02,3.14898075e-02,3.43053407e-02,3.59110733e-02,3.81336811e-02,4.05530300e-02,4.10698360e-02,4.04742625e-02,3.72112281e-02,3.31408967e-02,2.89967137e-02,2.54595582e-02,2.34521775e-02,2.04409647e-02,1.81849464e-02,1.61924151e-02,1.51872170e-02,1.34149917e-02,1.23842461e-02,1.02077023e-02,8.38185630e-03,7.84164931e-03,4.63999035e-03,5.91691891e-04,-2.59540138e-03,-5.20722169e-03,-6.06410764e-03,-5.39365702e-03,-3.75638669e-03,-2.39354963e-03,-1.70783083e-03,-3.36557320e-03,-5.15000620e-03,-6.67063083e-03,-8.22334207e-03,-1.09186134e-02,-1.46749439e-02,-1.84918989e-02,-2.36279112e-02,-2.75547456e-02,-2.84398774e-02,-2.76630782e-02,-2.54824447e-02,-2.41035453e-02,-2.20955879e-02,-1.82337372e-02,-1.40366873e-02
-1.45949095e-02,-1.81927959e-02,-1.85399421e-02,-1.78933466e-02,-1.56677116e-02,-1.36504921e-02,-1.18950328e-02,-9.94772984e-03,-8.16917306e-03,-4.79419983e-03,-2.36545444e-03,-1.16451858e-04,1.19196167e-03,2.08238275e-03,4.36778501e-03,6.09692901e-03,6.62238621e-03,4.99314041e-03,1.26212342e-03,7.26822515e-04,3.30342949e-03,2.13019344e-03,-4.33112500e-04,6.88300657e-04,1.61495519e-03,3.97308387e-03,5.64491909e-03,7.15500491e-03,1.06106606e-02,1.52393844e-02,1.85628012e-02,2.16113879e-02,2.35959890e-02,2.62066412e-02,3.01170320e-02,3.19938997e-02,3.27643466e-02,3.29866922e-02,3.16561227e-02,2.79061123e-02,2.28841657e-02,1.91916679e-02,1.83311628e-02,1.60876081e-02,1.31907491e-02,9.26709375e-03,3.60204446e-03,-2.86958014e-03,-7.20252441e-03,-9.66778022e-03,-1.06678401e-02,-1.00358967e-02,-8.03233597e-03,-5.55744714e-03,-5.96675841e-03,-9.36982874e-03,-1.16952268e-02,-1.28798707e-02,-1.32501238e-02,-1.35326312e-02,-1.25954294e-02,-1.14794752e-02,-1.02648977e-02,-1.14037099e-02
3.54815201e-02,3.69480002e-02,4.06885087e-02,4.34531346e-02,4.53551004e-02,4.54107986e-02,4.63433206e-02,4.68964980e-02,4.76477442e-02,4.76777444e-02,4.65849509e-02,4.41322412e-02,4.03867244e-02,3.57260793e-02,3.02677576e-02,2.54189918e-02,2.13873953e-02,1.87263737e-02,1.70069940e-02,1.50116996e-02,1.27709659e-02,8.97911409e-03,4.61928809e-03,2.20011451e-03,1.23489437e-03,-1.43408827e-03,-4.49323981e-03,-7.93491483e-03,-8.48984295e-03,-6.72450929e-03,-1.04150062e-03,3.63263594e-03,7.88664277e-03,1.38164330e-02,1.92914002e-02,2.12175398e-02,2.08887623e-02,1.97813470e-02,1.76945717e-02,1.84508087e-02,2.13087032e-02,2.30459378e-02,2.27099961e-02,2.30992015e-02,2.41970847e-02,2.52892810e-02,2.64251603e-02,2.57892634e-02,2.47963996e-02,2.75538848e-02,3.24996276e-02,3.66158643e-02,4.05740452e-02,4.47143878e-02,4.64761686e-02,4.57467109e-02,4.27931388e-02,3.80277058e-02,3.36489989e-02,2.93983605e-02,2.50653397e-02,2.47256064e-02,2.72907453e-02,3.22833177e-02
-1.68834437e-03,1.06470709e-03,1.77166783e-03,1.44011547e-03,3.98595979e-04,-1.71594421e-03,-4.06884774e-03,-6.45710459e-03,-7.68462039e-03,-7.92510137e-03,-8.12067855e-03,-1.10103328e-02,-1.41771624e-02,-1.66356204e-02,-2.10005891e-02,-2.51391342e-02,-2.68958081e-02,-2.77929831e-02,-2.93196749e-02,-3.00126359e-02,-3.09505896e-02,-3.23341030e-02,-3.11999423e-02,-2.94141421e-02,-2.77487348e-02,-2.30282673e-02,-1.87390897e-02,-1.59573801e-02,-1.41492822e-02,-1.20556792e-02,-1.18709577e-02,-1.13882070e-02,-9.36746455e-03,-6.32607097e-03,-3.39008838e-03,9.46483114e-04,8.06380121e-03,1.44421435e-02,2.05791735e-02,2.77371990e-02,3.21903295e-02,3.31695094e-02,3.08270488e-02,2.99277392e-02,2.84310701e-02,2.88511096e-02,2.86474170e-02,2.80846227e-02,2.72975200e-02,2.70664225e-02,2.80701562e-02,2.97779286e-02,2.90634077e-02,2.58762105e-02,2.33566592e-02,2.16606176e-02,1.90740989e-02,1.52490604e-02,1.37953003e-02,1.29717961e-02,8.24795541e-03,2.87319408e-03,-8.80157749e-04,-2.87011869e-03
1.01511802e-02,1.14144166e-02,1.10331184e-02,1.04165051e-02,1.18589949e-02,1.35812726e-02,1.56742270e-02,1.67518450e-02,1.61232581e-02,1.60848907e-02,1.78477572e-02,2.03407876e-02,2.11799398e-02,2.04098439e-02,2.02881950e-02,2.14554158e-02,2.20637254e-02,2.21445594e-02,2.30119340e-02,2.64880167e-02,3.08915551e-02,3.54670829e-02,3.78363915e-02,3.94163124e-02,4.13461577e-02,4.40370899e-02,4.64480330e-02,4.80003518e-02,4.72592177e-02,4.82028766e-02,4.76216549e-02,4.43990371e-02,3.91653377e-02,3.45376545e-02,2.87232039e-02,2.29836981e-02,2.01404645e-02,1.86291032e-02,1.67533022e-02,1.54672572e-02,1.57965988e-02,1.65383546e-02,1.76342923e-02,1.86056682e-02,1.64696308e-02,1.40546351e-02,1.37945696e-02,1.34264694e-02,1.27451441e-02,1.17371093e-02,8.67549066e-03,6.24924462e-03,4.93848536e-03,8.91971739e-04,-1.55900943e-03,-4.55607863e-03,-5.67231261e-03,-5.91824182e-03,-5.62205096e-03,-4.71029272e-03,-2.00227535e-03,2.15120884e-03,6.93728284e-03,9.73276633e-03
-2.51190609e-02,-2.23352838e-02,-1.83156185e-02,-1.61164289e-02,-1.31698102e-02,-7.88278283e-03,-3.37246567e-03,1.99440733e-03,4.37934043e-03,4.75381618e-03,3.70286021e-03,3.20393283e-03,4.08272656e-03,5.28439965e-03,5.81147457e-03,3.51769536e-03,-3.68525233e-04,-4.11991532e-03,-7.76340838e-03,-1.17770857e-02,-1.56178160e-02,-1.73137229e-02,-1.59446325e-02,-1.18441514e-02,-9.03460333e-03,-8.64855603e-03,-1.00250844e-02,-1.08590497e-02,-1.13701213e-02,-1.15495517e-02,-1.28810938e-02,-1.44415933e-02,-1.67041589e-02,-2.15865394e-02,-2.93153919e-02,-3.58420805e-02,-4.24819278e-02,-4.70491512e-02,-5.20141466e-02,-5.61439650e-02,-6.02007736e-02,-6.41232623e-02,-6.40514103e-02,-6.08858084e-02,-5.56094532e-02,-4.88632981e-02,-4.40805900e-02,-3.85379944e-02,-3.46470344e-02,-3.38489291e-02,-3.37113129e-02,-3.38892767e-02,-3.56726284e-02,-3.53759164e-02,-3.32892336e-02,-3.31768099e-02,-3.24776968e-02,-3.18453664e-02,-3.18681187e-02,-3.29971049e-02,-3.37787509e-02,-3.17267106e-02,-2.86129965e-02,-2.62145102e-02
-4.34387153e-02,-4.04990534e-02,-3.85276570e-02,-3.62627899e-02,-3.36225187e-02,-3.20565719e-02,-2.97194489e-02,-2.83745475e-02,-2.74713894e-02,-2.67050704e-02,-3.05729569e-02,-3.47302805e-02,-3.75078018e-02,-3.89010791e-02,-3.95779175e-02,-4.17056461e-02,-4.42942145e-02,-4.49657619e-02,-4.52766320e-02,-4.60587533e-02,-4.60142786e-02,-4.61052469e-02,-4.72630973e-02,-4.55856153e-02,-4.27649679e-02,-4.00152266e-02,-3.84615071e-02,-3.63779293e-02,-3.40999847e-02,-3.25685325e-02,-3.15135115e-02,-2.84762182e-02,-2.52382565e-02,-2.29820602e-02,-2.05498145e-02,-1.84341462e-02,-1.72597406e-02,-1.70413591e-02,-1.85600274e-02,-2.11564642e-02,-2.33047047e-02,-2.48713840e-02,-2.70432161e-02,-2.96470715e-02,-3.41681062e-02,-3.84259544e-02,-4.32014016e-02,-4.78900904e-02,-4.97374454e-02,-4.81886680e-02,-4.49258253e-02,-4.16039802e-02,-3.80193238e-02,-3.53618127e-02,-3.91780967e-02,-4.31425153e-02,-4.54026851e-02,-4.85340133e-02,-5.27400698e-02,-5.43290656e-02,-5.23103363e-02,-4.92749324e-02,-4.64369030e-02,-4.50595881e-02
-8.51675104e-03,-4.40283625e-03,2.73002546e-04,3.85483553e-03,6.37475808e-03,9.69801530e-03,1.05288239e-02,1.12630363e-02,1.11275296e-02,1.14565507e-02,1.03827066e-02,7.16076183e-03,2.61713494e-03,-1.90874960e-03,-4.24520480e-03,-5.41387945e-03,-6.24064577e-03,-6.99320599e-03,-6.99719822e-03,-8.21374397e-03,-1.01841563e-02,-1.11402631e-02,-1.03055291e-02,-9.56322621e-03,-6.34224651e-03,-4.47236649e-03,-3.01836236e-03,-2.92474117e-03,-3.85080780e-03,-2.19818807e-03,4.11169032e-04,1.55464992e-03,2.23443660e-03,1.49140317e-03,4.04367609e-04,6.93125558e-05,-1.52762033e-03,-5.88952601e-03,-8.75700773e-03,-1.04084293e-02,-1.15358783e-02,-1.24099007e-02,-1.08249581e-02,-9.18046043e-03,-9.53702813e-03,-1.02754642e-02,-1.07624411e-02,-1.06875928e-02,-1.27720871e-02,-1.34793697e-02,-1.50074233e-02,-1.78418419e-02,-2.02780944e-02,-2.33672621e-02,-2.65285003e-02,-2.57498190e-02,-2.50684818e-02,-2.36425303e-02,-2.11184662e-02,-1.89393609e-02,-1.61155067e-02,-1.45390541e-02,-1.33704343e-02,-1.10909910e-02
2.21609921e-02,2.35205066e-02,2.36103362e-02,2.36916955e-02,2.42642961e-02,2.31382832e-02,2.26891813e-02,2.28577267e-02,1.89721764e-02,1.34488241e-02,9.48943947e-03,6.66923160e-03,2.35967747e-03,-1.37928178e-03,-3.67281864e-03,-3.84547385e-03,-1.75610828e-03,1.42231721e-03,6.61320580e-03,1.34035757e-02,1.84314108e-02,2.15285293e-02,2.50804400e-02,2.96732024e-02,3.46273514e-02,3.95658286e-02,4.34658139e-02,4.59305351e-02,4.62729150e-02,4.49140296e-02,4.14866463e-02,3.72695602e-02,3.50078850e-02,3.25443857e-02,3.16615929e-02,3.10663440e-02,3.15540813e-02,3.25102166e-02,3.50778134e-02,3.61322893e-02,3.57859874e-02,3.44822301e-02,3.23097843e-02,2.81236288e-02,2.43609431e-02,2.15255308e-02,1.96354103e-02,1.87203339e-02,1.78658948e-02,1.57580367e-02,1.20361584e-02,9.14651840e-03,7.62341186e-03,6.16558231e-03,6.18922846e-03,5.90962588e-03,6.76406437e-03,1.00684026e-02,1.33615540e-02,1.75908603e-02,2.08826011e-02,2.13841923e-02,2.23392016e-02,2.18663166e-02
1.48306133e-02,1.66617034e-02,1.87016791e-02,2.20863247e-02,2.54665281e-02,2.52152532e-02,2.33232958e-02,2.00609233e-02,1.66108101e-02,1.57362284e-02,1.37819912e-02,9.75990708e-03,5.90217946e-03,2.91106382e-03,3.10903009e-03,4.58280329e-03,6.21270357e-03,8.46132380e-03,9.74884729e-03,1.06285726e-02,1.36039639e-02,1.61204140e-02,1.67558239e-02,1.78485321e-02,1.76705409e-02,1.69806746e-02,1.81024250e-02,1.90410317e-02,1.99548824e-02,2.17345274e-02,2.16979247e-02,2.01478121e-02,1.97308556e-02,1.86537510e-02,1.76648410e-02,1.46336483e-02,1.15725409e-02,7.47688502e-03,1.55014330e-03,-6.02437317e-03,-1.11347036e-02,-1.41289706e-02,-1.49228174e-02,-1.46958181e-02,-1.19724836e-02,-1.01281552e-02,-8.07170253e-03,-8.07355874e-03,-8.27792612e-03,-9.96281833e-03,-1.01299990e-02,-1.01897990e-02,-1.08766527e-02,-1.06069262e-02,-1.09380614e-02,-9.40385792e-03,-6.69719765e-03,-5.75178096e-03,-4.44640224e-03,-1.82676339e-03,2.97770865e-03,6.98218809e-03,1.05662244e-02,1.28402135e-02
2.37315640e-02,2.61234863e-02,2.75708240e-02,2.88991372e-02,2.85152614e-02,2.90297366e-02,3.18643613e-02,3.05769762e-02,2.94423161e-02,2.81234693e-02,2.54125134e-02,2.12073399e-02,1.74453258e-02,1.33350065e-02,9.28229833e-03,5.31287027e-03,2.43183598e-03,6.14771113e-04,3.79834764e-04,-1.60309430e-03,-4.42492363e-03,-4.54923211e-03,-1.93677421e-03,-2.84420546e-05,1.93709937e-03,3.20033744e-03,2.78643026e-03,1.80149071e-03,8.90256208e-04,-1.37623076e-03,-5.45435809e-03,-6.23115223e-03,-5.76344779e-03,-6.06069952e-03,-6.10680776e-03,-6.01867625e-03,-5.53947250e-03,-3.91562235e-03,2.63018266e-04,5.94604163e-03,1.04259746e-02,1.35968638e-02,1.43963531e-02,1.28204128e-02,1.10558034e-02,1.01941221e-02,8.77793865e-03,9.23972160e-03,1.12153863e-02,1.34405189e-02,1.52811675e-02,1.65165863e-02,1.72967005e-02,1.65339000e-02,1.58138704e-02,1.69933544e-02,1.81904690e-02,1.96102509e-02,2.08431880e-02,2.05433601e-02,2.11590959e-02,2.01702889e-02,1.94328323e-02,2.06756960e-02
6.00289710e-03,7.02837916e-03,6.31992851e-03,4.88241662e-03,1.72214940e-03,-3.37540936e-03,-6.57226821e-03,-7.31818873e-03,-7.65205521e-03,-7.05755545e-03,-8.05743291e-03,-1.07223024e-02,-1.60767406e-02,-2.10440217e-02,-2.75842084e-02,-3.64732479e-02,-4.18987506e-02,-4.48800253e-02,-4.49341113e-02,-4.43734730e-02,-4.36096567e-02,-4.17828049e-02,-3.94194430e-02,-3.62368324e-02,-3.41918780e-02,-3.40813945e-02,-3.40095990e-02,-3.17235044e-02,-2.61607356e-02,-2.17680341e-02,-1.60731149e-02,-1.02229374e-02,-6.37537512e-03,-5.33624953e-03,-3.80877737e-03,-6.45843569e-03,-9.76478762e-03,-1.18731290e-02,-1.17730129e-02,-1.16462252e-02,-1.05321097e-02,-7.77513610e-03,-4.06258303e-03,6.28141023e-04,3.96509233e-03,7.33204471e-03,1.11702071e-02,1.21624558e-02,1.30733264e-02,1.39316083e-02,1.64199062e-02,1.79051265e-02,1.88086937e-02,1.85126843e-02,1.79329877e-02,1.54975977e-02,1.29259537e-02,1.08701596e-02,8.91256529e-03,4.82930522e-03,3.39918211e-03,4.70150190e-03,5.35426103e-03,5.12191302e-03
1.57879414e-02,1.63209854e-02,1.81271116e-02,1.82233077e-02,1.95718841e-02,2.19187941e-02,2.42138044e-02,2.62476457e-02,2.70773360e-02,2.94620089e-02,3.18000920e-02,3.08895426e-02,2.96947950e-02,2.79756886e-02,2.69659436e-02,2.63568280e-02,2.84674574e-02,3.05975201e-02,3.02854612e-02,3.31591818e-02,3.84149251e-02,4.13538896e-02,4.06671679e-02,4.10169601e-02,3.93404704e-02,3.70167984e-02,3.33265451e-02,2.94420879e-02,2.63057231e-02,2.43500989e-02,2.34293637e-02,2.39289131e-02,2.67390498e-02,2.80405050e-02,2.97159807e-02,3.19993807e-02,3.52998193e-02,3.79316291e-02,3.82651908e-02,3.84556362e-02,3.88303085e-02,3.86432116e-02,3.99751560e-02,4.22713877e-02,4.37119898e-02,4.49323396e-02,4.58260099e-02,4.50905478e-02,4.66914810e-02,5.04503683e-02,5.07281062e-02,4.89459686e-02,4.57408351e-02,4.17657862e-02,3.81247049e-02,3.70520602e-02,3.48981313e-02,3.23139415e-02,2.97111837e-02,2.64996573e-02,2.60469469e-02,2.54193332e-02,2.24664296e-02,1.78598854e-02
-1.25002226e-02,-7.61669594e-03,-2.32035220e-03,1.50725248e-05,1.14286815e-03,2.72296597e-03,8.00915561e-04,1.82453303e-06,2.11489151e-03,5.71719056e-03,8.77657264e-03,1.05046514e-02,1.17823544e-02,1.24004090e-02,1.41718728e-02,1.48571966e-02,1.59748152e-02,1.72045311e-02,1.92804592e-02,2.07428118e-02,2.28166595e-02,2.59210302e-02,2.80255186e-02,3.24770222e-02,3.85215159e-02,4.37128295e-02,4.75817446e-02,5.03784999e-02,5.11497546e-02,5.01667567e-02,4.76432440e-02,4.66592410e-02,4.80949057e-02,4.66279861e-02,4.43579531e-02,4.29537561e-02,4.20005611e-02,4.19100054e-02,4.19576034e-02,4.01893715e-02,3.76156585e-02,3.38862035e-02,3.00386356e-02,2.49221455e-02,2.11167359e-02,1.66442223e-02,9.83613348e-03,2.62571922e-03,-2.65147955e-03,-5.92333571e-03,-8.72973870e-03,-1.23144316e-02,-1.32922768e-02,-1.42834837e-02,-1.68968624e-02,-2.02582941e-02,-2.35657106e-02,-2.56585694e-02,-2.72147279e-02,-2.76527528e-02,-2.53602245e-02,-2.22383068e-02,-1.92325852e-02,-1.55366786e-02
2.41447895e-02,2.78237097e-02,3.00340595e-02,3.01763112e-02,2.71999429e-02,2.41249739e-02,2.14211342e-02,1.89833127e-02,1.49086635e-02,9.78608801e-03,7.54629479e-03,4.84404349e-03,2.99365098e-03,2.53849219e-03,2.25094170e-03,4.31939136e-03,6.10210860e-03,9.06091795e-03,1.48934255e-02,2.36226711e-02,3.13568037e-02,3.44996248e-02,3.48947005e-02,3.19536486e-02,3.15275016e-02,3.44894049e-02,3.80222762e-02,4.08085076e-02,4.31423622e-02,4.59322217e-02,4.98052031e-02,5.34158088e-02,5.61447979e-02,5.72189489e-02,5.75799777e-02,5.59579410e-02,5.09925463e-02,4.82322198e-02,4.60457083e-02,4.26453065e-02,3.82039952e-02,3.48852546e-02,3.09382447e-02,2.84879008e-02,2.78644618e-02,2.64413441e-02,2.64295006e-02,2.54542745e-02,2.59047402e-02,2.58632433e-02,2.39475792e-02,1.88221814e-02,1.21916983e-02,4.48283318e-03,8.04524094e-04,6.56964557e-04,4.88881501e-03,9.49505457e-03,1.26148160e-02,1.51363875e-02,1.80565987e-02,1.84301057e-02,1.85530396e-02,2.07546559e-02
-1.18905546e-02,-1.01910164e-02,-8.34854141e-03,-7.20445151e-03,-7.53674627e-03,-7.94276661e-03,-1.02802991e-02,-1.08483140e-02,-1.37312037e-02,-1.62008542e-02,-1.60267333e-02,-1.66065027e-02,-1.73518626e-02,-1.96000360e-02,-2.04407150e-02,-2.08920942e-02,-2.02166555e-02,-1.90324719e-02,-1.82294591e-02,-1.80607509e-02,-1.96933430e-02,-2.13298179e-02,-2.23593465e-02,-2.42568684e-02,-2.51262566e-02,-2.59540267e-02,-2.71114257e-02,-2.73091477e-02,-2.69937804e-02,-2.87547504e-02,-3.32378703e-02,-3.64473606e-02,-3.94537324e-02,-3.94349549e-02,-3.88122609e-02,-3.83652243e-02,-3.94440811e-02,-4.02267477e-02,-4.07426954e-02,-3.98553685e-02,-3.73307221e-02,-3.43448263e-02,-3.00438587e-02,-2.61187671e-02,-2.38213242e-02,-2.37345933e-02,-2.23284780e-02,-2.25178994e-02,-2.21296146e-02,-2.09422639e-02,-2.24219973e-02,-2.44812412e-02,-2.43010814e-02,-2.27751481e-02,-2.31949672e-02,-2.55214506e-02,-2.40312517e-02,-2.04113502e-02,-1.63096237e-02,-1.23854710e-02,-1.12921902e-02,-1.09040968e-02,-1.19542410e-02,-1.22277969e-02
3.23496679e-02,3.10423343e-02,2.85799275e-02,2.63921930e-02,2.43535777e-02,2.23578011e-02,2.18845735e-02,2.08125399e-02,1.98655402e-02,1.94921023e-02,1.90404895e-02,1.79630273e-02,1.64338201e-02,1.33266559e-02,9.77988386e-03,4.99024426e-03,2.90946530e-03,1.50712684e-03,6.02434152e-04,-3.59053332e-04,-2.46029546e-03,-2.84278749e-03,-3.35463154e-03,-2.51601788e-03,-1.63116223e-04,2.42745830e-03,5.19170975e-03,7.75470040e-03,1.13516340e-02,1.44669641e-02,1.76279978e-02,2.03803036e-02,2.08475239e-02,2.10675915e-02,2.13107148e-02,2.19315711e-02,2.40594913e-02,3.00237937e-02,3.56830761e-02,4.16843243e-02,4.62220554e-02,4.81994683e-02,4.93960146e-02,4.93981907e-02,4.59292694e-02,4.10989217e-02,3.62332325e-02,3.27268927e-02,2.94997068e-02,2.76967277e-02,2.64257179e-02,2.53046857e-02,2.62362174e-02,2.82046477e-02,2.87057180e-02,2.81479439e-02,3.03023852e-02,3.32300946e-02,3.53232369e-02,3.73116010e-02,3.83834338e-02,3.73414954e-02,3.45525897e-02,3.31051523e-02
1.36156733e-02,1.11889047e-02,7.23507973e-03,4.03307367e-03,1.06211380e-03,-1.86588356e-03,-4.74293774e-03,-7.89777329e-03,-9.19414391e-03,-1.03972532e-02,-1.25494986e-02,-1.43944737e-02,-1.52789893e-02,-1.43300319e-02,-1.14945351e-02,-9.68907640e-03,-8.44852984e-03,-7.52064475e-03,-6.05795591e-03,-3.00485903e-03,-1.61771308e-03,-1.47837692e-04,1.26243889e-03,9.99283134e-04,2.30027170e-03,4.17818161e-03,4.29073942e-03,2.66947098e-03,7.21374817e-04,-2.14240984e-04,-2.75028417e-04,-7.93675906e-04,-1.71622322e-03,-3.59852644e-03,-5.48935246e-03,-9.31622405e-03,-1.48376398e-02,-2.06924410e-02,-2.51688776e-02,-2.94527768e-02,-3.19880963e-02,-3.38775447e-02,-3.43931337e-02,-3.47618553e-02,-3.32647091e-02,-3.07160888e-02,-2.82216247e-02,-2.36024880e-02,-1.87072345e-02,-1.37386351e-02,-1.02172761e-02,-7.56515446e-03,-3.44553199e-03,2.94658476e-03,9.15887128e-03,1.31897601e-02,1.56248205e-02,1.52123855e-02,1.48706039e-02,1.57464797e-02,1.73060838e-02,1.79255818e-02,1.69217086e-02,1.50520441e-02
-1.47243608e-02,-1.62257674e-02,-1.65395354e-02,-1.74359943e-02,-1.60166382e-02,-1.33733479e-02,-1.08569186e-02,-7.90019146e-03,-7.65077114e-03,-8.98029579e-03,-1.36340172e-02,-2.01004530e-02,-2.69092116e-02,-3.10741553e-02,-3.36601836e-02,-3.40136959e-02,-3.08695898e-02,-2.54867908e-02,-1.98871959e-02,-1.36385337e-02,-7.98838685e-03,-4.32174817e-03,-1.34566888e-03,1.34826395e-03,3.69933007e-03,4.69583079e-03,6.16993082e-03,7.72451962e-03,9.13923936e-03,9.77445839e-03,1.14426506e-02,1.47528378e-02,1.77114055e-02,2.09814614e-02,2.31237086e-02,2.39392433e-02,2.34481300e-02,2.50210541e-02,2.96987675e-02,3.07958358e-02,3.07774567e-02,3.17549214e-02,3.27086950e-02,3.24276642e-02,3.09159210e-02,3.03590287e-02,2.63435134e-02,2.00980930e-02,1.63947557e-02,1.45349449e-02,1.14748984e-02,9.61685590e-03,9.13248433e-03,1.15460245e-02,1.33766974e-02,1.32871697e-02,1.35545824e-02,1.07074339e-02,5.53979417e-03,-8.48598712e-05,-6.78769107e-03,-1.13679141e-02,-1.34375730e-02,-1.45070746e-02
1.53039665e-02,1.78921204e-02,1.88294181e-02,1.89745418e-02,1.90415396e-02,1.85361778e-02,1.57505966e-02,1.62057742e-02,1.87904016e-02,2.02004160e-02,2.17950421e-02,2.09258519e-02,2.05207715e-02,1.86039289e-02,1.85658111e-02,1.86262962e-02,2.16732494e-02,2.53989052e-02,2.79583811e-02,3.10137777e-02,3.18743894e-02,3.09455668e-02,2.93725862e-02,2.70691899e-02,2.49312932e-02,2.17792578e-02,1.99967377e-02,1.78831278e-02,1.42262632e-02,1.31092440e-02,1.21247092e-02,1.40807162e-02,1.59135981e-02,1.63855037e-02,1.77384194e-02,1.94107731e-02,2.14446554e-02,2.38561997e-02,2.73540784e-02,3.12648747e-02,3.27288650e-02,3.34949168e-02,3.43621579e-02,3.43967445e-02,3.48710069e-02,3.53384502e-02,3.41171413e-02,2.93167605e-02,2.64999621e-02,2.43713896e-02,2.19547529e-02,1.88870382e-02,1.65781067e-02,1.28863719e-02,1.03657880e-02,9.08593676e-03,6.66283572e-03,3.17393685e-03,1.53124387e-05,-4.11389653e-04,-7.08219694e-04,-4.21443851e-04,1.71704042e-03,8.45870619e-03
2.45278780e-02,2.59981183e-02,2.42436570e-02,1.99044432e-02,2.05520274e-02,2.23447635e-02,2.44097377e-02,2.70872198e-02,2.87954389e-02,3.00292508e-02,2.93682161e-02,2.86028479e-02,2.69359762e-02,2.42637557e-02,2.05900175e-02,1.99447339e-02,1.84635403e-02,1.58814269e-02,1.36703950e-02,1.09432514e-02,9.61722764e-03,8.56146839e-03,8.99717062e-03,1.00629471e-02,1.03649308e-02,1.15942262e-02,1.39677309e-02,1.44998461e-02,1.27000429e-02,9.65525219e-03,6.94741255e-03,6.95255055e-03,8.33954507e-03,9.49610984e-03,1.08174397e-02,1.15110310e-02,1.11489087e-02,9.56482569e-03,7.59024854e-03,6.21154331e-03,6.94796848e-03,8.75410580e-03,8.81865574e-03,8.41961453e-03,6.27195684e-03,3.39969879e-03,5.29392205e-04,-2.09775429e-04,-2.95853712e-03,-3.82535536e-03,-2.20965361e-03,1.02712562e-03,5.95887000e-03,1.08176105e-02,1.62633590e-02,2.00169966e-02,2.30612954e-02,2.34402171e-02,2.21343487e-02,1.97379753e-02,1.93394915e-02,1.90144588e-02,2.08515727e-02,2.34507119e-02
-2.20729172e-02,-2.03747164e-02,-1.80298354e-02,-1.50277763e-02,-1.35076663e-02,-1.04837358e-02,-5.63226848e-03,-6.46031566e-04,2.12530564e-03,2.26258319e-03,2.73631337e-03,2.77794880e-03,4.76229341e-03,4.99548473e-03,5.29376768e-03,5.29950383e-03,3.11605390e-03,-6.77634341e-04,-5.09023762e-03,-7.88535080e-03,-7.88013744e-03,-9.54746504e-03,-1.42052240e-02,-1.92512420e-02,-2.28176026e-02,-2.70816882e-02,-2.85384444e-02,-2.90240201e-02,-3.08878691e-02,-3.13205272e-02,-3.14582357e-02,-3.01734974e-02,-2.78981647e-02,-2.76011662e-02,-2.76740604e-02,-2.81233481e-02,-2.70078426e-02,-2.53549938e-02,-2.49785556e-02,-2.49422291e-02,-2.52652430e-02,-2.69800793e-02,-2.79850433e-02,-2.72059409e-02,-2.74036122e-02,-2.62321215e-02,-2.18541568e-02,-1.73595620e-02,-1.24932096e-02,-1.03596066e-02,-8.00615045e-03,-6.51250713e-03,-3.45456730e-03,-2.32909986e-03,-2.95275188e-03,-6.45334469e-03,-9.21035080e-03,-1.14961896e-02,-1.33447350e-02,-1.39540758e-02,-1.53593517e-02,-2.03629863e-02,-2.37196552e-02,-2.25671808e-02
1.47217655e-02,9.29064947e-03,3.25958886e-03,-2.27662183e-03,-6.41879582e-03,-1.09046659e-02,-1.58261158e-02,-2.23769883e-02,-2.79095418e-02,-3.10798250e-02,-3.41169534e-02,-3.64670147e-02,-3.97074410e-02,-3.96843750e-02,-3.64599634e-02,-3.35173646e-02,-2.93684569e-02,-2.40802003e-02,-1.83375221e-02,-1.23507983e-02,-6.65431491e-03,-1.74300212e-03,1.89183398e-03,2.38171523e-03,2.57795898e-03,8.60331265e-04,-4.29338928e-03,-1.04318138e-02,-1.25879986e-02,-1.30636913e-02,-1.18111642e-02,-8.38248940e-03,-3.18778741e-03,1.49916607e-03,3.84413250e-03,4.99897565e-03,6.09619672e-03,6.12063912e-03,4.83098630e-03,2.66703063e-03,2.51326075e-03,4.76958902e-03,5.02209807e-03,3.63121618e-03,1.81598913e-03,1.13098970e-03,1.14465540e-03,1.66256443e-03,7.28367567e-04,1.20965758e-03,7.93919195e-04,1.76034890e-03,2.60760075e-03,4.53420563e-03,5.99166036e-03,8.17237402e-03,1.04999688e-02,1.32968862e-02,1.67354453e-02,1.97053945e-02,2.15234007e-02,2.22449505e-02,2.14215469e-02,1.96993519e-02
1.73253467e-02,1.23349221e-02,6.88435081e-03,1.27168763e-03,-4.12921643e-03,-8.49748344e-03,-1.37531319e-02,-1.92399776e-02,-2.41143795e-02,-2.79446187e-02,-2.90547542e-02,-3.02275845e-02,-3.06550786e-02,-3.26053685e-02,-3.24480325e-02,-3.23506218e-02,-3.17498368e-02,-3.22245958e-02,-3.28365149e-02,-3.25216932e-02,-3.10672252e-02,-2.82907550e-02,-2.46725385e-02,-1.96509278e-02,-1.58428571e-02,-1.25757711e-02,-8.11547604e-03,-4.78795056e-03,-2.95436875e-03,-2.78477573e-03,-9.12730250e-04,-4.23150580e-04,-8.57580710e-04,-1.72530012e-03,-1.67972222e-03,-1.84228867e-03,1.08632519e-03,3.71324933e-03,7.23516742e-03,7.39924646e-03,6.65000163e-03,3.47075706e-03,6.97759447e-04,-5.38746090e-04,-2.13254893e-03,-5.08667647e-03,-8.35437133e-03,-9.19263339e-03,-1.19120203e-02,-1.32667246e-02,-1.45770127e-02,-1.31556550e-02,-9.50853785e-03,-5.57418670e-03,-2.10162952e-03,2.14338774e-03,7.97034652e-03,1.20025053e-02,1.39007928e-02,1.74813772e-02,2.19128480e-02,2.56076580e-02,2.57195771e-02,2.41379804e-02
-8.83275677e-03,-1.09352158e-02,-1.38188933e-02,-1.69877177e-02,-2.03086335e-02,-2.32877494e-02,-2.55247612e-02,-2.72215435e-02,-2.81776853e-02,-2.78753190e-02,-2.67784182e-02,-2.55184632e-02,-2.43396687e-02,-2.65055444e-02,-2.91240424e-02,-3.09937208e-02,-3.34578943e-02,-3.59496610e-02,-3.56294129e-02,-3.52627721e-02,-3.46077929e-02,-3.18019226e-02,-2.66242938e-02,-2.00441607e-02,-1.33304649e-02,-8.90546331e-03,-3.81683541e-03,3.68910857e-03,1.10727776e-02,1.35406808e-02,1.42766510e-02,1.67567475e-02,1.45683267e-02,1.25851182e-02,1.12364553e-02,8.82739648e-03,7.97740945e-03,6.36340681e-03,3.38582480e-03,1.69596402e-04,-3.66654007e-03,-8.60215092e-03,-1.05128917e-02,-1.05654097e-02,-1.03599615e-02,-1.00821132e-02,-1.02780458e-02,-9.14598169e-03,-8.39863504e-03,-1.00815543e-02,-1.15898264e-02,-1.49141931e-02,-2.11051986e-02,-2.41183472e-02,-2.30118907e-02,-2.00614747e-02,-1.60276871e-02,-1.16240493e-02,-8.90372958e-03,-9.24740643e-03,-7.86695199e-03,-7.74109498e-03,-8.01067225e-03,-8.00820385e-03
1.10014841e-02,8.02726521e-03,4.50912247e-03,1.39115582e-03,-9.92307959e-04,-2.45121488e-03,-3.89293403e-03,-7.64206447e-03,-1.13855621e-02,-1.64805911e-02,-1.90037883e-02,-1.83729226e-02,-1.72341079e-02,-1.77205863e-02,-1.67879331e-02,-1.24806831e-02,-7.95556749e-03,-2.98832396e-03,9.88001259e-04,3.33032239e-03,2.60560060e-03,2.80886678e-03,3.75298543e-03,5.11091107e-03,3.52329401e-03,4.42511852e-03,7.40769497e-03,8.76179503e-03,1.03063201e-02,1.20702082e-02,1.45383493e-02,1.87317669e-02,2.20438418e-02,2.34756214e-02,2.45103090e-02,2.35090550e-02,2.10304053e-02,1.80549384e-02,1.58121902e-02,1.22832855e-02,1.00229500e-02,1.14313650e-02,1.50522452e-02,1.77235267e-02,1.89480379e-02,1.86622711e-02,1.79361127e-02,1.63845991e-02,1.68687987e-02,1.77325694e-02,1.87745954e-02,1.94721712e-02,2.11234922e-02,2.18311458e-02,2.20990520e-02,2.36628138e-02,2.34860628e-02,2.10723226e-02,1.92744503e-02,1.85950514e-02,1.83181200e-02,1.61109099e-02,1.45074249e-02,1.33776386e-02
-2.07493690e-02,-2.23159835e-02,-2.38966822e-02,-2.49948095e-02,-2.46558135e-02,-2.19542892e-02,-1.97312839e-02,-1.66672247e-02,-1.34895036e-02,-1.07291353e-02,-1.07591774e-02,-9.82336586e-03,-1.13831246e-02,-1.30453101e-02,-1.30076230e-02,-1.35622732e-02,-1.27186542e-02,-1.12546823e-02,-8.76227597e-03,-5.08597506e-03,6.94689730e-04,6.00901951e-03,1.11005243e-02,1.45352550e-02,1.49483822e-02,1.50823857e-02,1.64647989e-02,1.68078202e-02,1.73753474e-02,1.71782996e-02,1.67661474e-02,1.81631967e-02,1.96140269e-02,2.04945166e-02,2.20436354e-02,2.75167969e-02,3.42300123e-02,3.73030117e-02,3.67435819e-02,3.35896457e-02,2.91766194e-02,2.68883427e-02,2.36284357e-02,2.25298837e-02,2.08842367e-02,2.02904749e-02,1.80105803e-02,1.77402930e-02,1.70333216e-02,1.34190133e-02,8.94824358e-03,3.44712209e-03,-2.07420366e-03,-7.26360081e-03,-9.90450092e-03,-1.36914709e-02,-1.68029285e-02,-1.70628578e-02,-1.61714263e-02,-1.72931638e-02,-1.75023382e-02,-1.84737043e-02,-1.91665309e-02,-1.92055495e-02
-1.29461365e-02,-1.06151469e-02,-1.20297395e-02,-1.45683391e-02,-1.44398555e-02,-1.41623329e-02,-1.28783508e-02,-1.20219548e-02,-1.22636215e-02,-1.41673031e-02,-1.35923019e-02,-1.19548419e-02,-9.81077988e-03,-8.33618156e-03,-6.10887939e-03,-3.89784517e-03,-2.50859112e-03,-1.68582260e-03,-2.81680889e-04,4.13497301e-03,1.18805498e-02,1.99145385e-02,2.49810587e-02,2.63355940e-02,2.69520293e-02,3.01145001e-02,3.46216626e-02,3.64468694e-02,3.62760834e-02,3.37494818e-02,3.04438656e-02,2.70004569e-02,2.44765162e-02,2.25111817e-02,2.05969952e-02,1.88505751e-02,1.79653567e-02,1.48161121e-02,1.11046146e-02,7.43307333e-03,1.98651705e-03,-1.86710771e-03,-6.11749473e-03,-9.01221901e-03,-1.34876163e-02,-1.69438539e-02,-2.13677843e-02,-2.48154505e-02,-2.50782534e-02,-2.29886276e-02,-2.23313908e-02,-2.37704164e-02,-2.65007677e-02,-2.58014388e-02,-2.63752923e-02,-2.66679117e-02,-2.69189523e-02,-2.52352965e-02,-2.42501189e-02,-2.64778728e-02,-2.75917492e-02,-2.56226909e-02,-2.17853061e-02,-1.69455505e-02
3.23400655e-03,-4.89753285e-03,-1.19306164e-02,-1.60839498e-02,-1.81501323e-02,-2.14625757e-02,-2.63567403e-02,-3.06509522e-02,-3.29727817e-02,-3.25566396e-02,-3.31258277e-02,-3.37337631e-02,-3.18034807e-02,-2.82878881e-02,-2.15281089e-02,-1.37030624e-02,-7.41756596e-03,-2.17192057e-03,1.67998943e-03,5.72791084e-03,9.21210205e-03,1.31915956e-02,1.46493642e-02,1.73809321e-02,1.89947508e-02,1.92198675e-02,2.23850491e-02,2.59489144e-02,2.92967826e-02,3.08298951e-02,3.15168238e-02,3.37436070e-02,3.56232257e-02,3.87312914e-02,4.20410849e-02,4.47191450e-02,4.34441982e-02,4.08420237e-02,4.00761383e-02,3.95275137e-02,3.98857963e-02,4.02228555e-02,4.14580986e-02,4.22016421e-02,4.15606804e-02,3.88674595e-02,3.55890624e-02,3.42844897e-02,3.52689085e-02,3.34304476e-02,3.26263010e-02,3.23169210e-02,3.24044672e-02,3.22400495e-02,3.01040559e-02,2.82171629e-02,2.79953125e-02,2.76592479e-02,2.74912643e-02,2.57886337e-02,2.12493139e-02,1.83008043e-02,1.54770864e-02,1.05586330e-02
-2.45374424e-02,-2.09263666e-02,-2.03313757e-02,-1.93172870e-02,-1.94914165e-02,-2.06206452e-02,-2.19437913e-02,-2.17361345e-02,-2.23056847e-02,-2.34695640e-02,-2.00633087e-02,-1.47354176e-02,-8.53634995e-03,-3.89996576e-03,3.43801907e-03,1.00076070e-02,1.58574744e-02,2.12438315e-02,2.62131569e-02,3.16850921e-02,3.76350652e-02,4.50298564e-02,5.18783209e-02,5.73396463e-02,6.07960652e-02,6.29900909e-02,6.67714839e-02,6.78481994e-02,6.65767591e-02,6.74851797e-02,6.85929103e-02,6.81687020e-02,6.52895369e-02,6.24913404e-02,6.03586461e-02,5.67050104e-02,5.30291072e-02,4.88277775e-02,4.43236769e-02,3.95309668e-02,3.82507928e-02,3.51388827e-02,2.97961556e-02,2.28270113e-02,1.64293428e-02,1.10001027e-02,6.70330927e-03,5.72337952e-03,6.37663734e-03,5.87440613e-03,6.70963487e-03,6.62736916e-03,5.18515830e-03,3.78721656e-03,1.84047943e-03,-1.93756586e-03,-8.88614588e-03,-1.56665743e-02,-2.05433453e-02,-2.35015121e-02,-2.44781120e-02,-2.47985675e-02,-2.66526822e-02,-2.77851671e-02
2.58515105e-02,2.43182365e-02,2.57005309e-02,2.88581943e-02,3.10871171e-02,3.49234053e-02,4.01043352e-02,4.66283597e-02,5.16425204e-02,5.77192547e-02,6.32477927e-02,6.89572257e-02,7.55438440e-02,8.08303516e-02,8.63895897e-02,9.18162625e-02,9.59524915e-02,9.86031721e-02,1.00741360e-01,1.02575555e-01,1.02412818e-01,1.00757846e-01,9.76820655e-02,9.57085562e-02,9.29079032e-02,8.79918791e-02,8.38653554e-02,8.00856407e-02,7.60485630e-02,7.28398551e-02,7.09370933e-02,6.69529464e-02,6.14934437e-02,5.55946158e-02,5.17499306e-02,4.54592159e-02,3.68038319e-02,2.85254597e-02,1.99863364e-02,1.20264926e-02,6.07126505e-03,-2.21638788e-04,-3.59243281e-03,-2.88735703e-03,6.74738060e-05,2.05762400e-03,4.57900085e-03,7.27256466e-03,8.90108366e-03,9.74790668e-03,8.03947627e-03,6.73148001e-03,6.13655676e-03,5.98201453e-03,5.01572658e-03,6.75405616e-03,1.16917475e-02,1.72316287e-02,1.96385149e-02,2.22505406e-02,2.45114944e-02,2.60874846e-02,2.81923585e-02,2.75228761e-02
-4.07954660e-02,-4.47077028e-02,-4.78644402e-02,-5.03468589e-02,-5.13142319e-02,-5.21410416e-02,-5.23407647e-02,-5.28222249e-02,-5.24459580e-02,-5.20548915e-02,-5.30973958e-02,-5.64178026e-02,-5.88995456e-02,-5.89905098e-02,-5.84293202e-02,-5.62317194e-02,-5.36027056e-02,-5.39375968e-02,-5.41001525e-02,-5.08099168e-02,-4.78426463e-02,-4.51850867e-02,-4.04686962e-02,-3.40094717e-02,-2.68644310e-02,-1.92414172e-02,-1.02413421e-02,-1.17895252e-03,5.38177850e-03,1.26211604e-02,1.73262745e-02,1.89794635e-02,1.88352676e-02,1.84047548e-02,1.70398770e-02,1.69446265e-02,1.72176985e-02,1.49878295e-02,1.45549322e-02,1.42123335e-02,1.47797397e-02,1.69908589e-02,1.76300053e-02,1.78503216e-02,1.87080255e-02,1.90454554e-02,1.88443351e-02,1.91143911e-02,1.70568367e-02,1.38571188e-02,1.13617885e-02,9.12823331e-03,7.08616966e-03,4.74714186e-03,2.66980361e-03,8.73698279e-04,-3.49118012e-03,-9.09385811e-03,-1.29368377e-02,-1.53835142e-02,-2.09545349e-02,-2.70791239e-02,-3.25713271e-02,-3.59877101e-02
-1.57365684e-02,-1.83951705e-02,-2.33804186e-02,-2.93565641e-02,-3.48387558e-02,-3.72551418e-02,-3.97735489e-02,-4.45841399e-02,-5.08937425e-02,-5.61306327e-02,-5.94453659e-02,-6.18330582e-02,-5.99872352e-02,-5.45778445e-02,-5.04443746e-02,-4.73265065e-02,-4.47201882e-02,-4.03779230e-02,-3.63912915e-02,-3.36595800e-02,-2.94412357e-02,-2.58009911e-02,-2.14165421e-02,-1.66516123e-02,-1.52485544e-02,-1.29237039e-02,-1.01424519e-02,-8.44222591e-03,-6.50702480e-03,-2.04295743e-03,3.04348315e-03,2.69454165e-03,-7.38891258e-04,-3.18503573e-03,-3.43867176e-03,-3.26497066e-03,-1.29971911e-03,6.95051830e-04,2.02066511e-03,3.65318005e-03,4.99014351e-03,7.15931070e-03,8.22185102e-03,7.41643687e-03,5.09558045e-03,4.59648397e-03,2.20315730e-03,8.23581316e-04,-2.39366517e-03,-6.22334309e-03,-1.00675080e-02,-1.42651906e-02,-1.78133458e-02,-2.24048242e-02,-2.50281269e-02,-2.53822724e-02,-2.38090996e-02,-2.05805829e-02,-1.66551678e-02,-1.45805247e-02,-1.37703253e-02,-1.26260208e-02,-1.35459005e-02,-1.46330054e-02
1.41262775e-02,1.35779464e-02,1.52587741e-02,1.80237693e-02,2.10255463e-02,2.19593072e-02,2.23117552e-02,2.45346796e-02,2.74030530e-02,3.05404011e-02,3.11767125e-02,2.99064561e-02,2.68167328e-02,2.53653267e-02,2.25422440e-02,2.07392189e-02,2.00240028e-02,1.96598132e-02,1.86626605e-02,1.65065147e-02,1.09025196e-02,6.20738199e-03,1.48212346e-03,-1.49420902e-03,-3.12603705e-03,-2.84281013e-03,-1.47035432e-03,4.74326700e-04,-9.23163725e-04,-3.76894255e-03,-6.12445026e-03,-5.62879034e-03,-3.48378289e-03,-1.85681265e-03,2.07641670e-03,3.73372373e-03,2.72652464e-03,-7.99037826e-04,-3.53000302e-03,-4.20655889e-03,-5.52223614e-03,-4.69792421e-03,-1.96961388e-03,7.18001924e-04,5.17791363e-03,1.03288656e-02,1.41619633e-02,1.56901999e-02,1.73758884e-02,1.94182318e-02,2.21415169e-02,2.47620481e-02,2.81791498e-02,3.00421806e-02,2.95806974e-02,2.68645880e-02,2.46291349e-02,2.25628445e-02,2.12311702e-02,2.00477678e-02,1.85620185e-02,1.79227505e-02,1.74318678e-02,1.61937510e-02
7.89202644e-02,8.21561890e-02,8.34388253e-02,8.25242062e-02,7.75554746e-02,7.10017231e-02,6.41299213e-02,5.59811450e-02,4.96331706e-02,4.09535701e-02,3.24834743e-02,2.57252730e-02,1.96152472e-02,1.29376717e-02,9.56944806e-03,8.92097610e-03,1.01762870e-02,1.06236256e-02,1.09259359e-02,1.31271600e-02,1.44261957e-02,1.67363425e-02,1.93168130e-02,2.28659805e-02,2.44522356e-02,2.46165581e-02,2.50378754e-02,2.22000957e-02,1.98533943e-02,1.89227288e-02,1.87489842e-02,1.85791140e-02,1.86565864e-02,1.99993803e-02,2.01035931e-02,1.95099233e-02,1.75101047e-02,1.64753995e-02,1.74525209e-02,1.71373564e-02,1.89035221e-02,2.17075183e-02,2.63880199e-02,3.11031840e-02,3.48775785e-02,3.76298275e-02,3.92479065e-02,4.11048588e-02,4.37585907e-02,4.73223409e-02,5.05424066e-02,5.29914492e-02,5.53424555e-02,5.70490576e-02,5.79528993e-02,6.09425878e-02,6.47675098e-02,6.87133647e-02,7.16775010e-02,7.24271556e-02,7.16063996e-02,7.16065503e-02,7.27846616e-02,7.50781769e-02
-1.24700743e-02,-1.08500767e-02,-8.08693586e-03,-4.86789406e-03,-2.09387653e-03,1.79924504e-03,5.14310572e-03,8.51193568e-03,1.10274921e-02,1.22624792e-02,1.11719432e-02,9.09364016e-03,5.56549025e-03,4.64205362e-03,5.92429247e-03,9.65078027e-03,1.18604274e-02,1.35568635e-02,1.40492894e-02,1.28853069e-02,9.92713288e-03,7.96825032e-03,6.26744818e-03,5.24229354e-03,3.78176233e-03,3.24904133e-03,3.36027647e-03,1.18146716e-03,-7.00407557e-04,-2.98621965e-03,-4.44091229e-03,-4.95897234e-03,-4.43627196e-03,-2.64109747e-03,-2.67792493e-03,-4.28493253e-03,-5.90230143e-03,-9.01981319e-03,-1.08274678e-02,-1.12781202e-02,-1.11824023e-02,-1.00592318e-02,-7.80574380e-03,-6.22771864e-03,-5.32196356e-03,-3.64772576e-03,-1.77495499e-03,-2.27883125e-03,-2.15448597e-03,-2.13067771e-03,-3.50371791e-03,-5.44391352e-03,-6.94086673e-03,-7.51277599e-03,-8.63427420e-03,-1.10206600e-02,-1.23388336e-02,-1.26931240e-02,-8.92379101e-03,-6.51060152e-03,-5.51483385e-03,-7.19178011e-03,-1.00495184e-02,-1.27170669e-02
7.49890635e-04,3.39228749e-03,6.24499977e-03,9.11334242e-03,9.25400910e-03,1.02074814e-02,1.13136286e-02,1.22799530e-02,1.02667075e-02,5.95431319e-03,3.29228096e-03,4.62350762e-03,7.32643466e-03,1.07341715e-02,1.20350903e-02,1.08614429e-02,9.29577828e-03,6.65804788e-03,6.06168872e-03,4.24363605e-03,2.92294156e-03,1.48989966e-03,-1.89552629e-03,-5.18254621e-03,-6.59508723e-03,-9.05417656e-03,-1.19184810e-02,-1.40521968e-02,-1.66917202e-02,-1.78127594e-02,-1.68999454e-02,-1.51519267e-02,-1.59577914e-02,-1.67914753e-02,-1.66704210e-02,-1.60087808e-02,-1.40345722e-02,-1.07414297e-02,-8.84497380e-03,-8.82344865e-03,-9.98794325e-03,-1.20820396e-02,-1.42062158e-02,-1.54366400e-02,-1.55455382e-02,-1.58242609e-02,-1.55386119e-02,-1.41937594e-02,-1.29546445e-02,-1.31278254e-02,-1.17839722e-02,-1.09049515e-02,-1.18991268e-02,-1.17524859e-02,-9.97150908e-03,-1.00330973e-02,-8.83233510e-03,-6.83150177e-03,-5.38217716e-03,-3.89922673e-03,9.24371252e-04,3.20995337e-03,1.54625974e-03,1.53810825e-03
3.43382360e-02,3.46460149e-02,3.33302490e-02,3.16881551e-02,2.93050494e-02,2.74177839e-02,2.37096780e-02,1.90787566e-02,1.46788439e-02,1.18442700e-02,8.09559572e-03,5.07926673e-03,1.20972038e-03,-2.64662508e-03,-5.60558926e-03,-9.73833651e-03,-1.38278146e-02,-1.73783128e-02,-2.14646791e-02,-2.61955381e-02,-3.05456248e-02,-3.43225611e-02,-3.87839970e-02,-4.04578510e-02,-4.12359858e-02,-4.13163082e-02,-3.90808530e-02,-3.89109438e-02,-3.74836075e-02,-3.56728421e-02,-3.52467539e-02,-3.36920691e-02,-3.02473688e-02,-2.50463032e-02,-1.91023820e-02,-1.44991583e-02,-1.04073844e-02,-6.36023272e-03,8.97858399e-05,4.04210535e-03,6.14200250e-03,8.33139831e-03,1.22243047e-02,1.57532740e-02,1.68047728e-02,1.61142623e-02,1.61998647e-02,1.59396163e-02,1.41807470e-02,1.46477794e-02,1.64961643e-02,1.91092651e-02,2.32903705e-02,2.52415051e-02,2.80635221e-02,3.07277694e-02,3.30779022e-02,3.48630473e-02,3.34911843e-02,3.36265078e-02,3.69629176e-02,3.74684795e-02,3.56674704e-02,3.43808584e-02
-2.39182770e-02,-2.31089811e-02,-2.26992923e-02,-2.14326102e-02,-1.95486791e-02,-1.88722940e-02,-1.85536751e-02,-1.64588081e-02,-1.42091190e-02,-1.22489819e-02,-1.04880409e-02,-7.52396971e-03,-5.84737082e-03,-4.06628400e-03,-4.30095989e-03,-3.83774405e-03,-3.14463955e-03,-1.30382899e-03,5.00357853e-04,2.33207722e-03,2.50067713e-03,2.08042394e-03,-5.98977900e-04,-5.44960619e-03,-9.31698079e-03,-9.50883506e-03,-1.11826164e-02,-1.54829038e-02,-2.13742479e-02,-2.76721565e-02,-3.33922839e-02,-3.68871024e-02,-4.14472266e-02,-4.54152753e-02,-4.50081054e-02,-4.50509715e-02,-4.46370915e-02,-4.39346379e-02,-4.32742712e-02,-4.41603188e-02,-4.51915927e-02,-4.46237939e-02,-4.24413155e-02,-3.93647920e-02,-3.50642471e-02,-3.23436760e-02,-3.09271037e-02,-2.96167576e-02,-3.04698470e-02,-3.01472835e-02,-2.91840609e-02,-3.02588344e-02,-3.30977649e-02,-3.76227320e-02,-3.92470309e-02,-3.97853694e-02,-3.80743738e-02,-3.56428328e-02,-3.27236042e-02,-3.00717162e-02,-2.72729359e-02,-2.47296944e-02,-2.36549622e-02,-2.42007768e-02
-4.44687439e-03,-4.10417815e-03,-2.92495494e-03,-1.61091712e-03,-3.35531032e-04,-1.72724793e-04,1.87307695e-03,5.59542786e-03,9.65371696e-03,1.27335903e-02,1.59145728e-02,1.84566932e-02,2.09715022e-02,2.14596648e-02,2.10799559e-02,1.98154527e-02,1.94079189e-02,1.74014510e-02,1.73633404e-02,1.76652184e-02,1.71175018e-02,1.38733183e-02,9.86255075e-03,5.18798763e-03,-4.35937071e-04,-4.24577455e-03,-5.98237998e-03,-7.75674299e-03,-8.27185352e-03,-8.43767778e-03,-9.40600699e-03,-1.08409286e-02,-1.41164423e-02,-1.78224071e-02,-2.09499710e-02,-2.47531195e-02,-2.86262781e-02,-3.52185558e-02,-4.06580816e-02,-4.36651564e-02,-4.68476263e-02,-5.03655281e-02,-5.26825138e-02,-5.29382739e-02,-5.30132948e-02,-5.12021487e-02,-4.82525828e-02,-4.57804358e-02,-4.38208210e-02,-4.01715078e-02,-3.66004691e-02,-3.33052273e-02,-2.94916059e-02,-2.67292068e-02,-2.54768726e-02,-2.35467750e-02,-2.21193097e-02,-2.03557842e-02,-1.83424804e-02,-1.59006234e-02,-1.34620667e-02,-1.25721777e-02,-9.76863060e-03,-5.71908800e-03
-1.96970842e-02,-1.85717406e-02,-1.54008962e-02,-1.27529170e-02,-9.84467494e-03,-7.50416503e-03,-5.92590676e-03,-5.09988668e-03,-3.20646485e-03,-1.97760165e-03,-2.70943152e-03,-6.33937404e-03,-8.05947456e-03,-1.32120153e-02,-1.64333925e-02,-1.85340406e-02,-1.78099341e-02,-1.65698240e-02,-1.31877709e-02,-1.27184569e-02,-1.44896695e-02,-1.50466252e-02,-1.40715125e-02,-1.28343648e-02,-1.32862520e-02,-1.04397801e-02,-6.15398910e-03,-1.13011692e-03,2.99114899e-03,6.38765815e-03,1.11529733e-02,1.35774288e-02,1.45223665e-02,1.09907964e-02,5.51492546e-03,1.48623742e-03,-3.56205555e-03,-7.99325306e-03,-1.22217070e-02,-1.70076130e-02,-2.14382982e-02,-2.64218797e-02,-3.24333542e-02,-3.81543137e-02,-4.14661937e-02,-4.31036214e-02,-4.04324873e-02,-3.67979848e-02,-3.31737506e-02,-3.05616007e-02,-2.74901689e-02,-2.40326410e-02,-2.27089227e-02,-2.17309221e-02,-2.04675921e-02,-1.96928019e-02,-1.96725095e-02,-1.78200046e-02,-1.63479044e-02,-1.70964051e-02,-2.00659477e-02,-2.27446275e-02,-2.35204600e-02,-2.23884910e-02
-6.58086700e-02,-6.82464210e-02,-7.06754429e-02,-7.30967770e-02,-7.58128750e-02,-7.87962269e-02,-8.03616304e-02,-8.31295621e-02,-8.59059816e-02,-8.53270218e-02,-8.76598628e-02,-9.01475241e-02,-9.10605073e-02,-9.27065344e-02,-9.36636006e-02,-9.49816672e-02,-9.38672634e-02,-9.29430892e-02,-9.16787046e-02,-8.71990948e-02,-8.20373850e-02,-7.59847763e-02,-7.15418200e-02,-6.71075623e-02,-6.41263959e-02,-5.71353361e-02,-5.08796698e-02,-4.65494057e-02,-4.18452187e-02,-3.74126906e-02,-3.54348774e-02,-3.44178733e-02,-3.22511228e-02,-2.99619575e-02,-2.81786050e-02,-2.58327665e-02,-2.54620371e-02,-2.75165469e-02,-3.20332937e-02,-3.58802277e-02,-3.96388966e-02,-4.28236747e-02,-4.32462979e-02,-4.15717240e-02,-4.00877469e-02,-3.58051884e-02,-3.09230999e-02,-2.82308065e-02,-2.50747360e-02,-2.73753281e-02,-3.04233994e-02,-3.36561631e-02,-3.58382695e-02,-3.66308282e-02,-3.71935407e-02,-3.83038012e-02,-4.06774042e-02,-4.18409614e-02,-4.42116030e-02,-4.71010269e-02,-5.12397538e-02,-5.49063005e-02,-5.86238676e-02,-6.32223502e-02
2.09671016e-02,2.30149787e-02,2.50007589e-02,2.41743893e-02,2.40495857e-02,2.23503278e-02,1.88467887e-02,1.56806456e-02,1.19978266e-02,1.00426337e-02,8.42230158e-03,7.19404780e-03,7.11720117e-03,6.38520271e-03,6.37296056e-03,3.85297202e-03,1.83790298e-03,-1.32296177e-03,-4.13297383e-03,-7.54577006e-03,-1.18756282e-02,-1.61185387e-02,-1.93320858e-02,-2.14429861e-02,-2.23246134e-02,-2.31708978e-02,-2.38562854e-02,-2.42568439e-02,-2.40314942e-02,-2.34360624e-02,-2.39615024e-02,-2.42189639e-02,-2.36917597e-02,-2.29529066e-02,-2.30708561e-02,-2.39016923e-02,-2.40928266e-02,-2.62286476e-02,-2.68706194e-02,-2.78194202e-02,-2.91144308e-02,-2.79626750e-02,-2.67628964e-02,-2.50042727e-02,-2.14852941e-02,-1.99368222e-02,-1.77975610e-02,-1.62828216e-02,-1.60180784e-02,-1.60791464e-02,-1.61305116e-02,-1.52660384e-02,-1.40859063e-02,-1.19480257e-02,-8.04542461e-03,-4.42257344e-03,-1.82856906e-03,1.14803621e-03,3.21912777e-03,4.88802164e-03,7.39285551e-03,1.00280567e-02,1.27759690e-02,1.81550756e-02
-2.72138916e-03,-4.31772814e-04,3.06844106e-03,5.06419137e-03,5.86343055e-03,4.60596206e-03,3.87444603e-03,4.39672904e-03,4.17446472e-03,5.01313887e-03,7.68432080e-03,1.06724621e-02,1.23323697e-02,1.34027675e-02,1.29628112e-02,1.18903027e-02,1.15906390e-02,1.21858483e-02,1.32261782e-02,1.56411620e-02,1.48390625e-02,1.32037241e-02,1.39725912e-02,1.27787725e-02,1.09568483e-02,1.12825382e-02,1.16224032e-02,9.96061825e-03,7.78552417e-03,5.63369407e-03,5.16889727e-03,7.62425339e-03,1.08901527e-02,1.19569988e-02,1.33310741e-02,1.46885803e-02,1.71470234e-02,1.84395270e-02,1.85312954e-02,1.83589736e-02,1.92164289e-02,2.01330216e-02,1.99276900e-02,1.63215211e-02,1.10630092e-02,4.72823108e-03,1.69120807e-05,-2.58542406e-03,-4.45628294e-03,-5.00698035e-03,-6.35589899e-03,-8.51993018e-03,-1.09252762e-02,-1.30677376e-02,-1.62138023e-02,-1.71948538e-02,-1.77212667e-02,-1.77540347e-02,-1.68274846e-02,-1.44140709e-02,-1.25805823e-02,-1.04780724e-02,-7.59486546e-03,-4.94476033e-03
-7.38006122e-02,-7.66524845e-02,-7.63324182e-02,-7.55314095e-02,-7.34910288e-02,-7.04892048e-02,-6.62404959e-02,-5.83219590e-02,-5.24596521e-02,-4.44713184e-02,-3.68415467e-02,-3.02152771e-02,-2.47270062e-02,-2.03627049e-02,-1.76939580e-02,-1.61789993e-02,-1.71044324e-02,-1.76073916e-02,-1.64868142e-02,-1.60012673e-02,-1.76470137e-02,-1.75429133e-02,-1.75160616e-02,-1.74382496e-02,-1.45870493e-02,-1.20268495e-02,-1.13086612e-02,-1.19670155e-02,-1.48369012e-02,-1.99023422e-02,-2.54945163e-02,-3.17387583e-02,-3.68481431e-02,-3.81214408e-02,-3.76984870e-02,-4.00937519e-02,-4.01724886e-02,-3.95985578e-02,-3.97788936e-02,-3.92007002e-02,-3.89648072e-02,-4.00652459e-02,-4.18849160e-02,-4.36146268e-02,-4.40074410e-02,-4.32220056e-02,-3.95203952e-02,-3.55265100e-02,-3.41051395e-02,-3.34368574e-02,-3.44584153e-02,-3.77907944e-02,-3.90070441e-02,-4.21010622e-02,-4.56272427e-02,-4.95117631e-02,-5.39553594e-02,-5.88066377e-02,-6.20154796e-02,-6.29203829e-02,-6.24658916e-02,-6.36842166e-02,-6.62248084e-02,-6.97463432e-02
-1.89257597e-02,-2.10266284e-02,-2.22885482e-02,-2.42310000e-02,-2.61878348e-02,-2.66225606e-02,-2.75601868e-02,-3.10102841e-02,-3.40961655e-02,-3.67477290e-02,-3.92696938e-02,-3.95545657e-02,-3.61553844e-02,-3.40160560e-02,-3.20104855e-02,-3.18418346e-02,-3.34454267e-02,-3.47536226e-02,-3.48007448e-02,-3.42005955e-02,-3.21408925e-02,-3.04613029e-02,-2.96335519e-02,-2.88248059e-02,-3.07683261e-02,-3.09475959e-02,-3.34695892e-02,-3.60700958e-02,-3.95972997e-02,-4.07934905e-02,-3.85995280e-02,-3.56238752e-02,-3.35360036e-02,-3.15287336e-02,-3.18818390e-02,-3.12449679e-02,-2.97043641e-02,-2.83439490e-02,-2.55894847e-02,-2.25001761e-02,-2.16941861e-02,-2.02917860e-02,-1.64827341e-02,-1.17763825e-02,-7.65641560e-03,-3.58383639e-03,7.67917410e-04,3.19756471e-03,5.82690980e-03,9.01178674e-03,9.97255333e-03,7.18285060e-03,4.54852851e-03,1.42474565e-03,-1.05633209e-03,-3.25101115e-03,-6.49048207e-03,-9.22769154e-03,-1.22710930e-02,-1.44929683e-02,-1.36885709e-02,-1.23577814e-02,-1.29654665e-02,-1.62109516e-02
6.08008208e-05,2.89088260e-04,7.46932854e-04,2.33474359e-03,4.35037275e-03,7.54290225e-03,1.12402999e-02,1.41957761e-02,1.63058137e-02,1.87386202e-02,1.99014678e-02,2.00867932e-02,1.82935761e-02,1.60757834e-02,1.37206893e-02,1.10916288e-02,1.09219842e-02,8.83305484e-03,6.89828548e-03,3.69808668e-03,1.33156269e-04,-8.21548004e-04,-1.97159739e-03,-3.12925940e-03,-4.93645458e-03,-8.04399906e-03,-1.25621225e-02,-1.67164935e-02,-2.18433948e-02,-2.73476696e-02,-3.17860699e-02,-3.50313289e-02,-3.90275827e-02,-4.31671207e-02,-4.70863056e-02,-5.03640895e-02,-5.10955864e-02,-5.09298491e-02,-5.08096185e-02,-5.10636316e-02,-5.25058758e-02,-5.12547575e-02,-4.71074401e-02,-4.29651867e-02,-3.86905845e-02,-3.46497899e-02,-3.45043715e-02,-3.49847292e-02,-3.69409784e-02,-3.94109938e-02,-4.02380379e-02,-4.07473441e-02,-4.09537701e-02,-4.14895521e-02,-4.04874246e-02,-3.71638450e-02,-3.23685436e-02,-2.49204841e-02,-1.66955027e-02,-1.12615715e-02,-8.71562527e-03,-5.89365127e-03,-2.78993340e-03,-8.46589462e-04
1.87810881e-02,1.83982009e-02,1.70161976e-02,1.48592942e-02,1.36093833e-02,1.29326807e-02,1.21903868e-02,1.05879571e-02,8.98361121e-03,9.28001560e-03,9.97685856e-03,9.15128764e-03,6.49938008e-03,3.77536609e-03,1.81194364e-03,-1.26271270e-03,-3.83859923e-03,-3.95283935e-03,-4.93648817e-03,-4.73668792e-03,-4.11555832e-03,-1.97205163e-03,5.65186315e-04,2.60746671e-03,5.06829895e-03,5.65366266e-03,3.82336226e-03,-8.11556615e-04,-4.90278196e-03,-7.21057024e-03,-7.17576827e-03,-6.18514600e-03,-4.65865490e-03,-1.30612367e-03,-2.07669710e-04,2.40349967e-04,2.06246213e-03,-5.38722993e-04,-3.04528870e-03,-3.54902036e-03,-4.69633008e-03,-5.35149019e-03,-4.66079181e-03,-5.27154774e-03,-4.75119632e-03,-3.88407219e-03,-4.12414459e-03,-4.30740811e-03,-4.76224366e-03,-4.14519201e-03,-2.30594774e-03,-3.74054393e-04,2.24926411e-03,6.37820326e-03,1.12053317e-02,1.53189147e-02,1.77358697e-02,1.98149202e-02,2.03163695e-02,2.10231115e-02,2.10576970e-02,2.08942256e-02,2.07465530e-02,2.02355778e-02
2.43288154e-02,2.11109862e-02,1.86863447e-02,1.60078145e-02,1.42197796e-02,1.10865285e-02,7.75716453e-03,2.96244573e-03,-1.30363738e-03,-5.14508139e-03,-1.02753455e-02,-1.43662738e-02,-1.67457409e-02,-1.80696227e-02,-1.71240514e-02,-1.85862860e-02,-1.96162640e-02,-2.07692219e-02,-2.09587444e-02,-2.21065111e-02,-2.49403358e-02,-2.76322672e-02,-2.97873613e-02,-3.05630630e-02,-2.97685569e-02,-2.83158049e-02,-2.81274921e-02,-2.72493349e-02,-2.59167339e-02,-2.41762637e-02,-2.08089999e-02,-1.52624133e-02,-1.11960579e-02,-9.22251589e-03,-4.54521745e-03,1.86119260e-03,6.82722063e-03,1.02411625e-02,1.31004779e-02,1.71985474e-02,2.07000113e-02,2.55964026e-02,3.15468167e-02,3.69945225e-02,4.30801798e-02,4.83927275e-02,5.31275463e-02,5.67970471e-02,5.82087013e-02,5.73651622e-02,5.66051615e-02,5.64352083e-02,5.54176308e-02,5.40083153e-02,5.00974327e-02,4.74558245e-02,4.57366442e-02,4.46014475e-02,4.37653838e-02,4.20120063e-02,3.78276077e-02,3.37413703e-02,3.03546513e-02,2.70442573e-02
-1.39429437e-02,-1.17201976e-02,-1.16234909e-02,-1.24322118e-02,-1.40450447e-02,-1.52664345e-02,-1.55480772e-02,-1.54844273e-02,-1.47647949e-02,-1.54885215e-02,-1.59152542e-02,-1.34133766e-02,-9.45232937e-03,-4.93333714e-03,-2.23098003e-03,2.86108282e-04,-2.97220354e-04,-3.64791937e-03,-7.58684042e-03,-1.03111597e-02,-1.26590663e-02,-1.39268576e-02,-1.54532020e-02,-1.89356804e-02,-2.02994435e-02,-2.15126850e-02,-2.29604618e-02,-2.31933632e-02,-2.15588996e-02,-1.82175464e-02,-1.52012076e-02,-1.21905611e-02,-1.01421247e-02,-8.73785879e-03,-7.54269789e-03,-3.76905560e-03,-1.14728266e-03,8.20971122e-04,2.29806777e-03,2.30253769e-03,9.05052379e-04,-3.18688931e-03,-5.24514587e-03,-7.11699347e-03,-1.03191948e-02,-1.46766977e-02,-1.94532572e-02,-2.30086259e-02,-2.61898726e-02,-3.04032990e-02,-3.17642668e-02,-3.03983668e-02,-2.93832796e-02,-2.95895076e-02,-3.09326649e-02,-3.11525996e-02,-3.07772511e-02,-2.89160340e-02,-2.66942179e-02,-2.38240011e-02,-2.16120686e-02,-1.98118109e-02,-1.89817665e-02,-1.68730993e-02
5.33444937e-03,2.63666049e-03,-1.04810271e-04,-2.13090630e-03,-1.56967680e-03,-1.71960627e-03,-2.70237717e-03,-4.43789164e-03,-4.45005995e-03,-1.75264774e-03,-8.30054219e-04,-2.52954485e-03,-2.78875291e-03,-3.43583002e-03,-3.77377143e-03,-5.56179273e-03,-9.57046206e-03,-1.24831785e-02,-1.58391673e-02,-1.79961239e-02,-2.15101233e-02,-2.48049449e-02,-2.42000847e-02,-2.22692137e-02,-2.02736778e-02,-1.76956450e-02,-1.62303687e-02,-1.58423112e-02,-1.76881304e-02,-1.84008717e-02,-1.77823909e-02,-1.79935704e-02,-2.04520573e-02,-2.29125940e-02,-2.51975305e-02,-2.78815643e-02,-2.86190866e-02,-2.57515321e-02,-2.14142052e-02,-1.88900548e-02,-1.52324374e-02,-1.22851289e-02,-1.08794599e-02,-1.08599812e-02,-1.17509776e-02,-9.48093223e-03,-4.48298960e-03,-1.54513118e-03,3.58340278e-04,1.57547603e-04,3.54621494e-04,9.97879634e-04,1.69665746e-03,2.67655386e-03,3.11863584e-03,5.78372243e-03,1.00267863e-02,1.20790684e-02,1.36242246e-02,1.30923815e-02,1.37056067e-02,1.41377348e-02,1.06721435e-02,8.42829823e-03
1.53000310e-03,-1.51381805e-03,-5.92566700e-03,-1.24539839e-02,-1.77303405e-02,-1.94753177e-02,-2.16781335e-02,-2.37356503e-02,-2.48951524e-02,-2.32612033e-02,-2.10325064e-02,-1.76065063e-02,-1.33892865e-02,-1.05189279e-02,-1.07114893e-02,-1.17579897e-02,-1.04670726e-02,-1.04710106e-02,-9.59778938e-03,-7.04994466e-03,-4.79189628e-03,-1.80222335e-03,1.06552783e-03,3.23624120e-03,6.44472008e-03,7.86829063e-03,8.08882099e-03,7.20999675e-03,7.12132508e-03,7.71077190e-03,8.51479171e-03,6.60216981e-03,5.13063995e-03,4.17049578e-03,2.00718512e-03,-2.84275587e-03,-6.48540599e-03,-8.53962400e-03,-8.42609801e-03,-4.15530112e-03,-5.53056844e-04,3.64433973e-04,-2.64675457e-04,-1.12714960e-04,-1.00308062e-03,-9.62437748e-04,-4.04892267e-04,-1.62094358e-03,-8.86305823e-04,1.18359233e-03,8.07569455e-04,1.85902161e-03,4.30497065e-03,7.65241040e-03,9.55984351e-03,9.32909522e-03,8.04421943e-03,8.90771734e-03,7.77189773e-03,7.43755315e-03,7.76752393e-03,6.71476075e-03,6.07428656e-03,3.82306425e-03
1.95018883e-02,1.65653840e-02,1.16761485e-02,6.70117032e-03,-1.10555440e-03,-6.79151505e-03,-1.33685161e-02,-1.72373339e-02,-1.73130305e-02,-1.51796690e-02,-1.29966367e-02,-1.06817749e-02,-9.02112367e-03,-9.51607970e-03,-1.06426472e-02,-1.02497414e-02,-9.76380761e-03,-7.96425847e-03,-5.89959956e-03,-6.07430818e-03,-7.29530270e-03,-8.59030767e-03,-9.34346493e-03,-9.37575732e-03,-6.32056373e-03,-2.39513622e-03,-2.06506850e-04,1.79628972e-03,1.15551438e-03,1.07215123e-03,7.65913669e-04,-1.53293782e-03,-1.27915148e-03,-2.15853538e-03,-3.29176648e-03,-2.22534924e-03,-9.99930605e-04,-1.43385546e-05,1.17859633e-03,2.17145939e-03,6.84195906e-03,9.80634219e-03,1.25987009e-02,1.65690123e-02,1.99535277e-02,2.19037415e-02,2.37421924e-02,2.59527368e-02,2.49243730e-02,2.40559447e-02,2.60483478e-02,2.64796011e-02,2.69480718e-02,2.62160093e-02,2.52521590e-02,2.70796808e-02,3.02872474e-02,3.11958599e-02,3.31196422e-02,3.31063365e-02,3.18031842e-02,2.71260430e-02,2.38887863e-02,2.18694910e-02
3.24154131e-02,3.15308004e-02,2.97113663e-02,2.75955874e-02,2.51308308e-02,2.49131051e-02,2.60745751e-02,2.42234326e-02,1.97120173e-02,1.45910794e-02,1.31992763e-02,1.06115252e-02,8.23585954e-03,6.59260187e-03,5.58099405e-03,3.66893608e-03,3.27717754e-03,3.07023758e-03,1.03231452e-03,7.59371961e-04,3.76875940e-04,-1.71707957e-03,-4.79622318e-03,-8.02077829e-03,-1.19197532e-02,-1.59002017e-02,-1.66124584e-02,-1.89528851e-02,-2.20521148e-02,-2.55962530e-02,-2.82998306e-02,-2.69039303e-02,-2.29063489e-02,-1.85043530e-02,-1.56281940e-02,-1.30152605e-02,-1.27211220e-02,-1.21821056e-02,-1.17986910e-02,-1.12891337e-02,-9.33381226e-03,-7.45452040e-03,-6.07407009e-03,-6.91447948e-03,-8.52338277e-03,-8.02925894e-03,-9.65257662e-03,-1.15155091e-02,-1.23065227e-02,-1.13444919e-02,-1.05320982e-02,-7.58974388e-03,-3.12677283e-03,3.39224982e-03,8.07891915e-03,9.74110798e-03,1.26858770e-02,1.65865978e-02,2.11658321e-02,2.34268034e-02,2.72738299e-02,3.02191556e-02,3.34973302e-02,3.39223533e-02
1.92326523e-03,3.08953514e-03,2.95172749e-03,-2.35534301e-04,-4.06526462e-03,-7.42531131e-03,-1.06980589e-02,-9.72867047e-03,-9.86356639e-03,-1.13512589e-02,-1.23699609e-02,-1.25689013e-02,-1.28043041e-02,-1.27947661e-02,-1.15382599e-02,-1.11580635e-02,-1.00375510e-02,-6.36134322e-03,-2.94728464e-03,-1.10682773e-03,1.09921769e-03,3.83446681e-03,1.03326910e-03,-1.30115870e-03,-3.99126522e-03,-8.01456059e-03,-1.20194783e-02,-1.46340037e-02,-1.48473073e-02,-1.23511372e-02,-1.09404229e-02,-8.83043909e-03,-6.38828124e-03,-4.15973412e-03,-2.60863981e-04,4.61234628e-03,7.42617526e-03,1.11098649e-02,1.61238560e-02,2.02230373e-02,2.32255650e-02,2.45824006e-02,2.36783036e-02,2.42889584e-02,2.49409074e-02,2.36956454e-02,2.09116535e-02,1.99397440e-02,2.13802964e-02,2.51392517e-02,2.73982863e-02,2.60631776e-02,2.29807823e-02,1.92892882e-02,1.47228391e-02,9.38303034e-03,5.55826085e-03,2.59780194e-03,2.98357420e-04,1.70698267e-03,3.07836566e-03,2.87775684e-03,1.48038520e-03,1.02474359e-03
1.21049106e-02,9.09489531e-03,7.46595441e-03,6.14208302e-03,5.87780734e-03,6.56795855e-03,8.38604614e-03,8.68377579e-03,1.08256092e-02,1.45776958e-02,1.78626491e-02,2.25264997e-02,2.62438070e-02,2.83120868e-02,2.97829738e-02,3.09890185e-02,3.28050050e-02,3.35251894e-02,3.20764656e-02,2.88548582e-02,2.66313020e-02,2.32617428e-02,2.06173283e-02,2.07476594e-02,2.03883294e-02,1.79052778e-02,1.52113353e-02,1.18700756e-02,9.17608494e-03,9.24753988e-03,9.03533032e-03,6.93783931e-03,4.71756934e-03,5.75255715e-03,7.94127859e-03,9.75367585e-03,1.06067659e-02,1.00493519e-02,5.57356461e-03,1.20809689e-03,-4.18523356e-03,-7.24533371e-03,-9.85419134e-03,-1.21294054e-02,-1.36831314e-02,-1.48965885e-02,-1.47820826e-02,-1.44103501e-02,-1.57927334e-02,-1.59690546e-02,-1.30615372e-02,-1.07086036e-02,-8.47722008e-03,-6.66557907e-03,-5.91703861e-03,-4.66422063e-03,-3.50914151e-03,-2.22137443e-03,-1.68629840e-03,-1.14929815e-03,8.64144869e-04,4.70876917e-03,8.16294882e-03,1.15620776e-02
-5.57262807e-02,-6.12709174e-02,-6.49376758e-02,-6.68730417e-02,-6.65133846e-02,-6.41811485e-02,-6.06794171e-02,-5.57573760e-02,-4.94928773e-02,-4.47887493e-02,-3.85397363e-02,-3.38881659e-02,-2.85982634e-02,-2.25259949e-02,-1.78790365e-02,-1.03002800e-02,-1.72434124e-03,8.45717977e-03,1.83845029e-02,2.64425221e-02,3.28219482e-02,3.86234769e-02,4.35555855e-02,4.93449808e-02,5.52522345e-02,6.00760964e-02,6.40237725e-02,6.55095548e-02,6.86724180e-02,7.17243681e-02,7.28062793e-02,7.07505275e-02,6.74192451e-02,6.29455281e-02,5.73564029e-02,5.08612289e-02,4.19532593e-02,3.23150003e-02,2.38444115e-02,1.70024025e-02,1.17056756e-02,7.55638660e-03,3.00270821e-03,1.16629266e-03,5.60355053e-04,-1.66984846e-03,-3.42516004e-03,-4.68871243e-03,-5.93127143e-03,-6.79035842e-03,-8.16454416e-03,-7.85962239e-03,-4.98098296e-03,-3.23573988e-03,-2.89189306e-03,-5.15045178e-03,-8.63516550e-03,-1.41722731e-02,-2.18383442e-02,-2.95184041e-02,-3.75969619e-02,-4.32170300e-02,-4.85441866e-02,-5.23483055e-02
2.16729614e-02,2.70268963e-02,3.48712429e-02,3.89553676e-02,3.78309549e-02,3.19517372e-02,2.66760929e-02,2.34860030e-02,2.17614282e-02,1.84590164e-02,1.72554746e-02,1.57736295e-02,1.27605176e-02,1.02333676e-02,1.01916291e-02,1.17039563e-02,1.00644854e-02,6.33871517e-03,3.28732872e-03,2.20100350e-03,1.63515647e-04,-1.14194621e-03,-2.42873923e-03,-4.42957178e-03,-8.52911110e-03,-1.24067756e-02,-1.44472817e-02,-1.72128629e-02,-1.77507974e-02,-1.77060187e-02,-1.78594256e-02,-1.82453272e-02,-2.11979070e-02,-2.31996269e-02,-2.44124026e-02,-2.65037021e-02,-2.84659659e-02,-2.82161164e-02,-2.82041028e-02,-2.60333836e-02,-2.45705225e-02,-2.35193710e-02,-2.29534611e-02,-2.17793890e-02,-2.08015933e-02,-2.04532233e-02,-2.12758376e-02,-2.14476795e-02,-2.23628116e-02,-2.14675491e-02,-1.92880730e-02,-1.89186463e-02,-1.68844569e-02,-1.57429582e-02,-1.43851455e-02,-1.43958524e-02,-1.21053233e-02,-7.45707852e-03,-3.74568313e-03,-1.03989655e-03,2.80470323e-03,6.35132044e-03,1.10323867e-02,1.69015551e-02
2.36504454e-02,2.21226043e-02,2.05588995e-02,2.11040689e-02,2.36492726e-02,2.61179774e-02,2.89162653e-02,2.98128824e-02,2.84393166e-02,2.46201035e-02,2.06396247e-02,1.44990835e-02,1.13628726e-02,1.20012158e-02,1.44402458e-02,1.77072543e-02,2.10738759e-02,2.51336599e-02,2.60674755e-02,2.41918139e-02,1.85805919e-02,1.07732950e-02,4.19886211e-03,-1.86884577e-03,-4.12798263e-03,-6.81095167e-03,-8.90434047e-03,-1.02788599e-02,-1.05816853e-02,-8.63483384e-03,-4.47683965e-03,-2.12468706e-03,-2.78575087e-03,-3.51035232e-03,-5.14079013e-03,-6.12519812e-03,-4.76282681e-03,-1.17678410e-03,2.65430665e-04,1.25155517e-03,1.55306108e-03,1.64204367e-03,1.64537146e-03,6.21355544e-04,1.77551362e-03,2.32378760e-03,1.72201712e-03,1.07596548e-03,1.76678788e-03,7.64081949e-04,5.37573048e-04,2.00050223e-03,2.33611528e-03,2.70072783e-03,2.17315256e-03,2.55416708e-03,4.00974362e-03,4.60011090e-03,6.36734416e-03,8.48566728e-03,1.15840088e-02,1.61700751e-02,1.87354436e-02,2.23297505e-02
3.37405160e-02,3.22816146e-02,2.89722028e-02,2.80674522e-02,2.57162345e-02,2.36274525e-02,2.19472966e-02,2.00655162e-02,1.66800292e-02,1.61671017e-02,1.59537888e-02,1.48398004e-02,1.27767494e-02,1.19485861e-02,1.05922635e-02,8.30454315e-03,6.52224146e-03,2.94795863e-03,-7.44351145e-04,-5.20712666e-03,-8.14650591e-03,-8.74440201e-03,-8.97303243e-03,-1.03936290e-02,-1.06380215e-02,-8.76084397e-03,-4.99863065e-03,-4.28846579e-05,6.55692655e-03,1.09960507e-02,1.25182969e-02,1.60464244e-02,2.08714613e-02,2.62120065e-02,3.16293217e-02,3.74258208e-02,4.21953511e-02,4.37334064e-02,4.28593384e-02,4.16194676e-02,3.97304699e-02,3.65056188e-02,3.31165480e-02,3.13539269e-02,3.15611001e-02,3.38341303e-02,3.62877432e-02,3.72327140e-02,3.57976281e-02,3.50346489e-02,3.73161082e-02,3.89133516e-02,3.96789761e-02,4.12383972e-02,4.24167363e-02,4.21671145e-02,4.01841658e-02,3.79307843e-02,3.40877457e-02,3.22543277e-02,3.26242317e-02,3.43417199e-02,3.56657282e-02,3.57348751e-02
-3.35447459e-02,-3.50221787e-02,-3.57888632e-02,-3.68751119e-02,-3.68185178e-02,-3.34415083e-02,-2.79591797e-02,-2.34482878e-02,-2.15610760e-02,-2.11663101e-02,-2.37283637e-02,-2.64445473e-02,-2.97424611e-02,-3.46212576e-02,-3.87737632e-02,-4.11911915e-02,-4.10896684e-02,-4.01631103e-02,-4.02080700e-02,-4.10553791e-02,-4.40734938e-02,-4.86855043e-02,-5.11741865e-02,-5.21327587e-02,-5.07585666e-02,-4.89485607e-02,-4.49983725e-02,-4.17972578e-02,-3.88057546e-02,-3.82951184e-02,-3.90219222e-02,-4.11599565e-02,-4.22363510e-02,-4.23349305e-02,-4.11065574e-02,-3.93081759e-02,-3.80225591e-02,-3.55685101e-02,-3.41600327e-02,-3.10553822e-02,-2.59942099e-02,-2.17153460e-02,-1.84923629e-02,-1.67636541e-02,-1.59625470e-02,-1.43658112e-02,-1.24645687e-02,-1.19846936e-02,-1.30784327e-02,-1.42464212e-02,-1.64178356e-02,-1.62993227e-02,-1.33603398e-02,-1.38923590e-02,-1.91424156e-02,-2.29036662e-02,-2.57057420e-02,-2.86426168e-02,-3.07446018e-02,-3.09047750e-02,-3.04113050e-02,-2.97858863e-02,-3.07209734e-02,-3.24342133e-02
-1.64929504e-02,-1.67757917e-02,-1.72657268e-02,-1.84583075e-02,-1.95128658e-02,-1.89977773e-02,-1.73028228e-02,-1.74994273e-02,-1.64756296e-02,-1.25905189e-02,-9.48432977e-03,-8.77931720e-03,-8.39176401e-03,-6.89142388e-03,-5.12695280e-03,-4.71650545e-03,-5.60247462e-03,-6.68446035e-03,-5.73277455e-03,-3.45324347e-03,-1.77618407e-03,-1.19406848e-03,-4.74741735e-04,-1.11317056e-03,-3.51142372e-04,-3.14154824e-04,1.41191819e-03,3.28816434e-03,6.98310149e-03,1.06048326e-02,1.43688600e-02,1.74887485e-02,1.89065149e-02,1.79604352e-02,1.85534783e-02,1.80037901e-02,1.68710109e-02,1.61765208e-02,1.58798274e-02,1.61383135e-02,1.58622586e-02,1.43194677e-02,1.05866285e-02,6.75974991e-03,2.24580220e-03,-5.63734406e-03,-1.07864962e-02,-1.50147800e-02,-1.87921017e-02,-2.20949930e-02,-2.27806998e-02,-2.37386124e-02,-2.39549687e-02,-2.47170961e-02,-2.51869215e-02,-2.44540163e-02,-2.47451607e-02,-2.50394471e-02,-2.46480036e-02,-2.48875772e-02,-2.41704918e-02,-2.19566326e-02,-2.01470749e-02,-1.79297369e-02
-1.05335711e-02,-9.12043942e-03,-9.87212842e-03,-1.02458207e-02,-9.09514870e-03,-6.95244519e-03,-6.02249550e-03,-4.23449047e-03,-2.03575153e-03,1.43151535e-03,4.58259420e-03,5.24948619e-03,4.93311659e-03,7.42467226e-04,-2.69803616e-03,-5.71341649e-03,-6.64853040e-03,-5.72631233e-03,-2.46475976e-03,-3.43785121e-04,1.29716542e-03,3.16564419e-03,3.88282413e-03,5.36752535e-03,6.12720077e-03,5.46861715e-03,5.78031903e-03,9.78062208e-03,1.43654754e-02,1.89985925e-02,2.26608468e-02,2.41530589e-02,2.60291463e-02,2.80799388e-02,2.84831486e-02,2.93518202e-02,3.01011665e-02,3.04349395e-02,3.06242659e-02,2.84026006e-02,2.35872848e-02,2.11205279e-02,1.94641700e-02,1.94897515e-02,1.96662051e-02,1.54500726e-02,1.25716190e-02,8.93582687e-03,5.75185178e-03,4.62721242e-03,4.24742645e-03,3.20189027e-03,1.68610672e-03,-7.47197188e-04,-5.00476502e-03,-1.03750510e-02,-1.54451355e-02,-1.90950834e-02,-1.89216509e-02,-1.83607425e-02,-1.74341056e-02,-1.67254357e-02,-1.57304409e-02,-1.29622643e-02
2.95633141e-02,3.19890756e-02,3.55774444e-02,4.02639549e-02,4.16737625e-02,4.22812935e-02,4.23765550e-02,4.10789057e-02,3.84308353e-02,3.64116215e-02,3.33715268e-02,2.93264269e-02,2.57236021e-02,2.27555386e-02,1.98825682e-02,1.65740764e-02,1.29234597e-02,7.84358244e-03,5.68146220e-03,4.13951979e-03,2.23842986e-03,-2.09413296e-03,-7.99547536e-03,-1.35976055e-02,-1.80698549e-02,-2.35588519e-02,-2.76991564e-02,-2.87488005e-02,-3.06760514e-02,-3.10956957e-02,-3.08884416e-02,-3.16470589e-02,-2.95679309e-02,-2.91676492e-02,-3.23446770e-02,-3.52459610e-02,-3.58829142e-02,-3.41450898e-02,-3.12692762e-02,-2.71192461e-02,-2.22343696e-02,-1.54545713e-02,-1.19409861e-02,-1.18553804e-02,-1.36648081e-02,-1.73389507e-02,-2.18750649e-02,-2.29577931e-02,-2.22976001e-02,-2.27609935e-02,-2.37689304e-02,-2.36765434e-02,-2.17923068e-02,-1.92857191e-02,-1.64370582e-02,-1.34687756e-02,-8.96401962e-03,-5.12733415e-03,-1.08379219e-03,5.41098286e-03,1.20269939e-02,1.82872843e-02,2.30351075e-02,2.59753300e-02
-4.01453416e-02,-3.87763205e-02,-3.57779238e-02,-3.18373349e-02,-2.91779995e-02,-2.79418674e-02,-2.66168439e-02,-2.51612481e-02,-2.31698576e-02,-2.08027020e-02,-1.91871450e-02,-1.81477450e-02,-1.61447053e-02,-1.34901556e-02,-1.03484691e-02,-9.25995827e-03,-8.53766925e-03,-1.03877302e-02,-1.35172884e-02,-1.73986317e-02,-2.11658954e-02,-2.61369759e-02,-3.03273754e-02,-3.05303064e-02,-3.00173993e-02,-2.75016449e-02,-2.41128151e-02,-2.06116555e-02,-1.89353256e-02,-1.69899650e-02,-1.55589677e-02,-1.49472393e-02,-1.45475781e-02,-1.38325768e-02,-1.34550392e-02,-1.21295341e-02,-1.15430223e-02,-1.32737457e-02,-1.54709331e-02,-1.80654186e-02,-2.26616369e-02,-2.71248010e-02,-2.87170238e-02,-3.20730703e-02,-3.75020854e-02,-4.12758263e-02,-4.17547711e-02,-4.30381116e-02,-4.44593360e-02,-4.64767632e-02,-4.95909210e-02,-5.30977113e-02,-5.76279116e-02,-6.16326155e-02,-6.37468865e-02,-6.60757479e-02,-6.58291814e-02,-6.67392862e-02,-6.50851898e-02,-6.14359140e-02,-5.65520339e-02,-5.17861228e-02,-4.78036265e-02,-4.33257996e-02
-1.53128711e-02,-1.70933356e-02,-1.79594234e-02,-1.90513630e-02,-1.96718921e-02,-1.87643465e-02,-1.87420783e-02,-1.74905814e-02,-1.51235156e-02,-1.24693708e-02,-9.58646560e-03,-7.16568508e-03,-7.15414505e-03,-8.74519328e-03,-1.15079063e-02,-1.45676178e-02,-1.61161644e-02,-1.76894345e-02,-1.76535539e-02,-1.48167057e-02,-1.29125970e-02,-1.20993006e-02,-1.00467381e-02,-8.51854477e-03,-8.22877659e-03,-1.02459182e-02,-1.26958272e-02,-1.66836116e-02,-2.12946092e-02,-2.54047260e-02,-2.82016079e-02,-2.87747758e-02,-2.89798537e-02,-2.92175779e-02,-2.73689748e-02,-2.58244251e-02,-2.44099968e-02,-2.34403906e-02,-2.24277786e-02,-1.96435752e-02,-1.34943521e-02,-8.97515698e-03,-6.15522073e-03,-3.72733773e-03,4.00274546e-04,9.11509079e-04,-5.29046123e-04,-5.29016293e-03,-1.11644283e-02,-1.52028253e-02,-1.85380772e-02,-2.35234507e-02,-2.53113601e-02,-2.56106773e-02,-2.51506299e-02,-2.38713006e-02,-2.03545571e-02,-1.89351454e-02,-1.79775642e-02,-1.74805443e-02,-1.59351515e-02,-1.51614110e-02,-1.59453757e-02,-1.49165076e-02
3.41014543e-02,3.41363560e-02,3.27097341e-02,3.16006588e-02,3.21968726e-02,3.10989817e-02,2.92457634e-02,2.91200193e-02,2.73711592e-02,2.30199244e-02,1.88749937e-02,1.61045571e-02,1.33483286e-02,8.17592555e-03,4.77724192e-03,3.18909092e-03,1.81646032e-03,5.49380908e-04,-7.11379538e-04,-1.74586798e-03,-2.03383860e-03,-3.18863264e-03,-3.79589557e-03,-1.83722164e-03,1.67136643e-04,2.79990392e-03,3.90790321e-03,3.97472409e-03,3.95890047e-03,6.83031579e-03,1.12177144e-02,1.61881221e-02,2.24708597e-02,2.72535254e-02,3.16927537e-02,3.58630983e-02,3.91362864e-02,4.48961770e-02,4.73066113e-02,4.86884843e-02,4.98291694e-02,4.93237583e-02,4.76436144e-02,4.67796232e-02,4.49449730e-02,4.18083198e-02,3.77939432e-02,3.49263014e-02,3.32868255e-02,3.25613893e-02,3.34558152e-02,3.06714529e-02,2.54663307e-02,2.07626529e-02,2.04045484e-02,2.05969053e-02,2.05587195e-02,2.19845575e-02,2.37240344e-02,2.48455591e-02,2.75614316e-02,3.10516132e-02,3.45484053e-02,3.50845525e-02
5.72057578e-03,3.00016566e-04,-3.50728344e-03,-8.69605967e-03,-1.27679895e-02,-1.59837407e-02,-1.86500359e-02,-1.88644065e-02,-1.96332111e-02,-2.40542070e-02,-2.89709427e-02,-3.35463178e-02,-3.56491772e-02,-3.34948652e-02,-3.03025103e-02,-3.00091289e-02,-3.06716144e-02,-3.16740907e-02,-3.40442709e-02,-3.41647163e-02,-3.29587460e-02,-3.27367480e-02,-3.26799926e-02,-2.97881196e-02,-2.41491371e-02,-1.91152269e-02,-1.58739548e-02,-1.10124346e-02,-5.96055154e-03,-2.39422490e-03,2.33004863e-03,2.77372946e-03,4.19606869e-03,6.24937414e-03,7.28159610e-03,7.80662403e-03,7.99677476e-03,8.16370812e-03,8.24582025e-03,7.29651784e-03,5.22975441e-03,3.17612857e-03,3.64013048e-03,4.35271886e-03,7.28679422e-03,1.08020140e-02,1.39065234e-02,1.79699116e-02,1.97910193e-02,2.13060103e-02,2.21957119e-02,2.60643312e-02,2.99641612e-02,3.27940382e-02,3.23375247e-02,3.20952903e-02,3.26363003e-02,3.03006813e-02,2.87367592e-02,2.62308142e-02,2.42603279e-02,2.00123656e-02,1.65445805e-02,1.17052455e-02
-1.92213466e-02,-1.99003231e-02,-2.07759224e-02,-2.07549480e-02,-2.20062547e-02,-2.32543105e-02,-2.28523993e-02,-2.15824159e-02,-1.98814555e-02,-1.78275511e-02,-1.73998503e-02,-1.58833465e-02,-1.47347997e-02,-1.46218483e-02,-1.48788239e-02,-1.64912013e-02,-2.07107864e-02,-2.39056189e-02,-2.68017113e-02,-2.76210802e-02,-2.54759504e-02,-2.47184676e-02,-2.45514656e-02,-2.36220797e-02,-2.43198687e-02,-2.37665364e-02,-2.37042839e-02,-2.44479532e-02,-2.43984238e-02,-2.41710514e-02,-2.26696674e-02,-2.19061089e-02,-2.05394544e-02,-1.85894648e-02,-1.63501261e-02,-1.45208868e-02,-1.53514405e-02,-1.71034656e-02,-1.86731166e-02,-1.83300995e-02,-1.72553194e-02,-1.64226804e-02,-1.63329093e-02,-1.38227810e-02,-1.07795426e-02,-7.23332784e-03,-5.52500363e-03,-4.07077594e-03,-3.69691874e-03,-1.49966392e-03,-1.26036103e-04,7.41963896e-05,-3.83423760e-05,-4.31850740e-04,-2.30691549e-03,-4.58746507e-03,-6.75515447e-03,-1.00449705e-02,-1.26506582e-02,-1.33427455e-02,-1.16331684e-02,-1.21228473e-02,-1.38779011e-02,-1.78356180e-02
-8.84934213e-03,-6.86369912e-03,-5.00532503e-03,-5.01784629e-03,-5.90374800e-03,-4.38585507e-03,4.64042277e-05,5.08360781e-03,8.61369768e-03,1.37223401e-02,1.96052051e-02,2.51868460e-02,3.15688326e-02,3.58759183e-02,3.67479081e-02,3.85340197e-02,4.05296287e-02,4.43817858e-02,4.58549928e-02,4.48047045e-02,4.33443678e-02,3.93559033e-02,3.61244434e-02,3.15620176e-02,2.74936431e-02,2.38614056e-02,1.93419860e-02,1.45459385e-02,1.01963142e-02,3.13076415e-03,-3.34222733e-03,-6.93567242e-03,-1.05177342e-02,-1.42341108e-02,-1.56264015e-02,-1.90150013e-02,-2.07822637e-02,-2.08751110e-02,-2.09511632e-02,-1.97129696e-02,-1.82287239e-02,-1.75309503e-02,-1.51018751e-02,-1.39736483e-02,-1.17282902e-02,-6.63121678e-03,-2.06586813e-03,3.31560216e-03,8.96451753e-03,1.30872601e-02,1.46287446e-02,1.60135377e-02,1.44182610e-02,1.19001918e-02,7.70437041e-03,3.42418430e-03,9.73666617e-04,-2.20239413e-04,-1.97217756e-03,-5.22047302e-03,-7.86268707e-03,-1.06583136e-02,-1.05383327e-02,-9.88538101e-03
2.94505886e-02,3.09811788e-02,3.21069978e-02,3.23218784e-02,3.27750120e-02,3.29359532e-02,3.27888683e-02,3.20024866e-02,3.21146609e-02,3.34719280e-02,3.52949303e-02,3.34559430e-02,3.15076444e-02,2.79971506e-02,2.34784885e-02,1.89423221e-02,1.33527322e-02,9.25324077e-03,5.60793294e-03,2.37943953e-03,6.92725280e-04,4.44016035e-04,1.03442705e-03,-8.25822868e-04,-4.77254643e-03,-8.47892600e-03,-1.12179094e-02,-1.43375132e-02,-1.84318027e-02,-2.00595822e-02,-2.19414773e-02,-2.42193584e-02,-2.41064372e-02,-2.26902473e-02,-1.94915330e-02,-1.64360344e-02,-1.50420528e-02,-1.51156620e-02,-1.62460185e-02,-1.85976786e-02,-2.48907403e-02,-3.09475347e-02,-3.52870485e-02,-3.76773931e-02,-4.10191200e-02,-4.39247977e-02,-4.34717821e-02,-4.33740353e-02,-4.17709704e-02,-3.92592301e-02,-3.58563428e-02,-3.20740772e-02,-2.66085538e-02,-2.08943987e-02,-1.39078000e-02,-7.35292723e-03,-1.74426669e-03,2.19408863e-03,5.88138517e-03,8.21256414e-03,1.19279585e-02,1.65184088e-02,2.23767261e-02,2.67873438e-02
2.89813767e-03,8.46794640e-03,1.38325326e-02,1.79793675e-02,1.99131878e-02,2.16938096e-02,2.50782289e-02,2.95807181e-02,3.24997688e-02,3.42612232e-02,3.44993330e-02,3.19061697e-02,2.93401109e-02,2.52448162e-02,2.13889454e-02,1.86166005e-02,1.48896228e-02,1.11112513e-02,7.44252923e-03,6.50669861e-03,7.98701922e-03,1.06708412e-02,1.46847359e-02,1.97396881e-02,2.46004003e-02,2.74095330e-02,2.90194007e-02,2.98568287e-02,3.09632130e-02,2.99786155e-02,3.12481376e-02,3.43190404e-02,3.78582176e-02,3.76727076e-02,3.42295940e-02,2.86755005e-02,2.20308344e-02,1.74877035e-02,1.44036776e-02,1.04056198e-02,6.61200270e-03,2.30591095e-03,7.45619972e-04,-1.40084538e-03,-3.15263754e-03,-5.12931617e-03,-7.58909364e-03,-1.07150263e-02,-1.09838727e-02,-1.08579213e-02,-9.92251901e-03,-9.00747435e-03,-8.66944236e-03,-8.73967180e-03,-8.77766199e-03,-6.66009522e-03,-5.50056950e-03,-5.49234785e-03,-2.71092852e-03,-7.58121158e-04,4.88255339e-04,-9.22859953e-04,-1.84733998e-03,-4.89989246e-04
5.76587806e-03,6.64683981e-03,7.52868801e-03,1.00529217e-02,1.22792976e-02,1.29176652e-02,1.14980219e-02,8.77835175e-03,4.63746014e-03,-5.05407861e-05,-2.35692367e-03,-1.06905810e-03,1.05925833e-03,2.60493279e-03,3.39877750e-03,4.72853970e-03,5.22463693e-03,5.38948109e-03,5.63118880e-03,5.92296869e-03,5.85211556e-03,6.71417756e-03,6.66243031e-03,5.48925475e-03,4.58834322e-03,6.60737511e-03,9.82003509e-03,1.19518726e-02,1.12689308e-02,8.43221272e-03,4.35005635e-03,1.46464271e-03,-1.52215393e-03,-3.60331860e-03,-4.23947795e-03,-3.86147171e-03,-9.80186946e-04,-5.62555256e-04,1.25247458e-04,1.20269709e-04,7.43509860e-04,3.18180886e-03,5.83707625e-03,7.13320250e-03,6.77711653e-03,6.06294032e-03,1.76305523e-03,-3.21147950e-03,-6.99804422e-03,-1.03927946e-02,-1.45391329e-02,-1.68378562e-02,-1.67274904e-02,-1.45532229e-02,-1.08598454e-02,-8.51854771e-03,-5.80492684e-03,-1.60345146e-03,-6.08428051e-04,-1.20041539e-03,-1.44677758e-03,2.60141389e-06,2.76612061e-03,4.55844597e-03
8.57913976e-03,8.55931263e-03,6.84016302e-03,1.80474453e-03,-2.15326038e-03,-6.45483597e-03,-1.12492553e-02,-1.37404746e-02,-1.50442269e-02,-1.40238358e-02,-1.54784408e-02,-1.71256912e-02,-1.72648327e-02,-1.76420886e-02,-1.80947743e-02,-1.71746223e-02,-1.63014769e-02,-1.40154488e-02,-1.28866126e-02,-1.24551164e-02,-1.33915975e-02,-1.49198582e-02,-1.60245422e-02,-1.48491559e-02,-1.17777257e-02,-7.67139318e-03,-4.80727678e-03,-3.54013561e-03,-4.45018388e-03,-4.28395917e-03,-3.93966092e-03,-2.44123406e-03,-1.67091119e-03,-3.12608822e-03,-5.94822399e-03,-7.87811094e-03,-1.00353429e-02,-1.17883146e-02,-1.20294463e-02,-1.11740514e-02,-1.17465538e-02,-1.19568816e-02,-1.02537040e-02,-7.88348557e-03,-7.93453876e-03,-7.88387968e-03,-4.35223579e-03,-9.08265697e-05,2.71777166e-03,5.26495015e-03,6.84205895e-03,9.51897372e-03,1.20367250e-02,1.39371334e-02,1.46057738e-02,1.58456388e-02,1.66158971e-02,1.44135721e-02,1.23108822e-02,1.10492703e-02,8.89924866e-03,7.95803621e-03,7.10361469e-03,7.66464638e-03
-2.09788704e-02,-2.37527411e-02,-2.35822940e-02,-2.18184256e-02,-1.85257343e-02,-1.66200635e-02,-1.61524940e-02,-1.41514576e-02,-1.45234112e-02,-1.32152900e-02,-1.03959343e-02,-8.24115685e-03,-6.95845553e-03,-5.19356588e-03,-3.07561861e-03,-8.02879404e-04,3.13278779e-03,6.51574965e-03,8.84663382e-03,8.62517096e-03,9.55071212e-03,1.17617574e-02,1.05099855e-02,7.33163210e-03,3.72033094e-03,1.00002536e-03,-3.29240194e-03,-7.15193337e-03,-1.00186780e-02,-1.48923742e-02,-1.64989124e-02,-1.51225620e-02,-1.36726138e-02,-1.24993641e-02,-1.06058679e-02,-9.62902280e-03,-7.14201459e-03,-4.26994279e-03,-3.79777135e-03,-3.38856215e-03,-3.63062731e-03,-4.10562907e-03,-1.96179250e-03,8.28199165e-04,4.48065699e-03,7.82113592e-03,8.21940274e-03,1.09980215e-02,1.54634561e-02,1.89654729e-02,1.90057513e-02,1.61436685e-02,1.74200822e-02,1.67776172e-02,1.45427263e-02,1.24727135e-02,1.12070157e-02,7.44555361e-03,3.73536079e-03,-3.31188385e-05,-4.89500458e-03,-9.21445484e-03,-1.21182478e-02,-1.57392281e-02
3.73420339e-02,3.19127742e-02,2.63109691e-02,2.22555314e-02,1.74494098e-02,1.38629457e-02,1.08421868e-02,8.33892836e-03,6.56065021e-03,6.27788956e-03,4.91482628e-03,3.01049350e-03,4.77025774e-03,5.10563207e-03,3.20899782e-03,1.31192932e-03,6.94337543e-05,-1.35971581e-03,-4.53359509e-03,-7.75332728e-03,-1.03569032e-02,-1.06008731e-02,-9.17747095e-03,-8.70506488e-03,-9.14715821e-03,-9.60675137e-03,-1.16400778e-02,-1.36059271e-02,-1.46651420e-02,-1.61577479e-02,-1.80236151e-02,-1.83363957e-02,-1.91820909e-02,-1.98745458e-02,-2.04152977e-02,-2.02802952e-02,-2.21053298e-02,-2.35500766e-02,-2.48912849e-02,-2.39521618e-02,-2.29200515e-02,-2.03182400e-02,-1.45588096e-02,-6.54102118e-03,7.31071979e-04,6.84098004e-03,1.48089928e-02,2.06292477e-02,2.54780218e-02,2.95759992e-02,3.32453666e-02,3.59485244e-02,3.78654226e-02,3.95294889e-02,4.12649178e-02,4.16049458e-02,4.25845320e-02,4.30481482e-02,4.34834883e-02,4.49769727e-02,4.60365072e-02,4.44382859e-02,4.24753139e-02,4.11057426e-02
-1.43374501e-02,-1.51234603e-02,-1.75562376e-02,-2.10173882e-02,-2.28586411e-02,-2.25987565e-02,-2.33960707e-02,-2.37913557e-02,-2.37461712e-02,-2.26907264e-02,-2.06056149e-02,-1.74098871e-02,-1.32581611e-02,-1.17938687e-02,-9.97038691e-03,-6.38529753e-03,-3.10398039e-03,-2.83830359e-04,2.88913109e-03,4.05114826e-03,4.85320803e-03,3.77811732e-03,3.31910180e-03,1.99802193e-03,1.48475109e-03,2.01017237e-03,3.40262589e-03,3.72534543e-03,4.65944062e-03,6.30294058e-03,7.02018204e-03,6.41671485e-03,2.02738476e-03,-6.95867263e-05,-4.52625775e-05,1.36144918e-03,2.56945398e-03,4.04437465e-03,5.45632099e-03,5.91723718e-03,6.00147059e-03,6.91965482e-03,6.10587786e-03,5.46903265e-03,6.81358040e-03,7.34710883e-03,5.95011056e-03,5.38664796e-03,6.81438268e-03,6.41211410e-03,5.05761541e-03,4.79629300e-03,4.79058994e-03,3.96901336e-03,3.08921013e-03,3.48708799e-03,3.37757199e-03,3.53140900e-03,1.80458806e-03,-7.24428873e-04,-4.27389988e-03,-8.11353813e-03,-1.07586553e-02,-1.22875683e-02
4.07095623e-02,4.40241575e-02,4.83948761e-02,5.10037868e-02,5.14228763e-02,5.00606687e-02,4.76141919e-02,4.39571006e-02,3.94748873e-02,3.52076202e-02,3.54304979e-02,3.70624682e-02,3.62194648e-02,3.17918468e-02,2.69846387e-02,2.59626759e-02,2.71594871e-02,2.88362465e-02,2.85158292e-02,2.79536414e-02,2.67593937e-02,2.51342471e-02,2.29571268e-02,1.98899183e-02,1.40210771e-02,9.86139898e-03,8.03684549e-03,5.49501364e-03,4.81058057e-03,2.72254236e-03,1.45083598e-03,1.35010039e-03,-5.94260387e-04,-4.95317835e-04,1.02835944e-03,3.49216811e-03,6.62422679e-03,7.23943446e-03,8.29976396e-03,1.00926874e-02,1.25696231e-02,1.24143756e-02,1.28210853e-02,1.39108571e-02,1.57894287e-02,1.88991200e-02,2.22336783e-02,2.56756140e-02,2.79799234e-02,2.84548931e-02,2.68574313e-02,2.74363294e-02,2.92945515e-02,3.00921800e-02,3.00824883e-02,2.97806103e-02,2.92948244e-02,3.00525825e-02,3.01046595e-02,2.96282156e-02,2.93292870e-02,2.96731021e-02,3.19877361e-02,3.65854947e-02
2.00124904e-04,-4.02590083e-03,-7.04034826e-03,-1.16285010e-02,-1.70421016e-02,-2.13173838e-02,-2.32595852e-02,-2.38693196e-02,-2.54796508e-02,-2.82968146e-02,-3.04048648e-02,-3.27880903e-02,-3.43824666e-02,-3.55232753e-02,-3.73729970e-02,-4.02483328e-02,-4.21691213e-02,-4.22323832e-02,-3.98246305e-02,-3.76204765e-02,-3.47562869e-02,-3.18269159e-02,-2.94269418e-02,-2.37570661e-02,-1.89439658e-02,-1.33903206e-02,-6.54229763e-03,-1.20362630e-03,6.35489995e-03,1.58661447e-02,2.55845980e-02,3.38946008e-02,3.94579029e-02,4.57685823e-02,5.18315233e-02,5.60973333e-02,5.72119066e-02,5.49065377e-02,5.19879506e-02,5.12440544e-02,4.88825049e-02,4.52778748e-02,4.40749354e-02,4.20521818e-02,4.17994759e-02,4.16360567e-02,3.93869020e-02,3.83263478e-02,3.73367243e-02,3.56634248e-02,3.44121767e-02,3.31095113e-02,3.17081633e-02,3.38482518e-02,3.64631447e-02,3.72389719e-02,3.71899681e-02,3.36649515e-02,2.71264267e-02,2.18171933e-02,1.77089317e-02,1.47121229e-02,1.17746738e-02,6.24312504e-03
-5.22147868e-02,-5.36856289e-02,-5.53673709e-02,-5.71260004e-02,-5.70001149e-02,-5.34353784e-02,-5.18295678e-02,-4.95584242e-02,-4.45104728e-02,-4.27289225e-02,-4.07896385e-02,-3.94768886e-02,-3.74421971e-02,-3.32460430e-02,-2.93910159e-02,-2.79304322e-02,-2.78973719e-02,-2.73020031e-02,-2.51403798e-02,-2.17318204e-02,-1.76791678e-02,-1.38617370e-02,-1.08235776e-02,-1.05642906e-02,-1.27876699e-02,-1.35386122e-02,-1.43995229e-02,-1.58733663e-02,-1.90049930e-02,-2.11408007e-02,-1.99769198e-02,-1.93982017e-02,-1.77753825e-02,-1.55686956e-02,-1.42024372e-02,-1.40954625e-02,-1.44091527e-02,-1.27173591e-02,-1.02226211e-02,-8.31929916e-03,-5.70447328e-03,-4.88034987e-03,-4.67258693e-03,-4.43944199e-03,-5.24602214e-03,-7.01372390e-03,-7.89219815e-03,-7.71117150e-03,-1.08456296e-02,-1.33273416e-02,-1.42863909e-02,-1.53449668e-02,-1.48280106e-02,-1.42195799e-02,-1.40071622e-02,-1.54216329e-02,-1.59435848e-02,-1.83081764e-02,-2.34267989e-02,-2.85185796e-02,-3.40311965e-02,-4.09282327e-02,-4.59984520e-02,-4.96686846e-02
1.69544729e-02,1.57393074e-02,1.46454269e-02,1.11037983e-02,8.08409358e-03,6.02204029e-03,1.93275801e-03,-3.00553766e-03,-5.88623723e-03,-8.81769291e-03,-1.12137910e-02,-1.29507674e-02,-1.50780370e-02,-1.74102095e-02,-1.94821343e-02,-1.96526354e-02,-1.77731996e-02,-1.66847428e-02,-1.51138138e-02,-1.46345376e-02,-1.58872083e-02,-1.74208374e-02,-1.89579701e-02,-2.09010282e-02,-2.34716785e-02,-2.52742432e-02,-2.50588231e-02,-2.37932371e-02,-2.41790263e-02,-2.27139601e-02,-1.76637151e-02,-1.48287132e-02,-1.30937262e-02,-1.32884358e-02,-1.49084869e-02,-1.75882725e-02,-2.02509021e-02,-2.14412684e-02,-2.26268365e-02,-2.43415295e-02,-2.71912072e-02,-2.84287047e-02,-2.98374174e-02,-2.92346370e-02,-2.79305946e-02,-2.44586334e-02,-2.13068091e-02,-1.88288940e-02,-1.75749313e-02,-1.62975897e-02,-1.40281333e-02,-9.81815475e-03,-5.62484226e-03,-2.50321576e-03,8.10669800e-04,3.06097969e-03,4.86534481e-03,5.10775381e-03,8.01328248e-03,1.06798757e-02,1.12973665e-02,1.19075181e-02,1.41609480e-02,1.62759850e-02
2.99627860e-02,3.49043134e-02,3.98649752e-02,4.14208977e-02,4.37539107e-02,4.66031197e-02,5.02074954e-02,5.30222830e-02,5.49837689e-02,5.54036641e-02,5.40279616e-02,5.02648591e-02,4.44969821e-02,3.99109549e-02,3.54607994e-02,2.84863650e-02,2.36771610e-02,2.09294582e-02,1.95384282e-02,1.89822397e-02,1.94514044e-02,1.89334807e-02,1.71187942e-02,1.58367222e-02,1.45316003e-02,1.12945685e-02,6.62263220e-03,2.45171793e-03,1.80033074e-05,-3.51672401e-03,-5.15720506e-03,-5.39787089e-03,-5.04784882e-03,-6.32883822e-03,-7.88505868e-03,-7.40317840e-03,-6.88767134e-03,-7.49963177e-03,-8.44569511e-03,-8.14538010e-03,-7.82241314e-03,-8.85740838e-03,-9.31983934e-03,-1.00947738e-02,-9.90046418e-03,-1.14470390e-02,-1.34614437e-02,-1.35169984e-02,-1.36518326e-02,-1.36492519e-02,-1.40515787e-02,-1.52788247e-02,-1.77213406e-02,-1.88077256e-02,-1.72143325e-02,-1.18505398e-02,-4.90018798e-03,1.54340177e-03,7.32283249e-03,1.29558010e-02,1.77592505e-02,1.93432396e-02,2.18177457e-02,2.50634954e-02
-3.91961196e-02,-3.58983119e-02,-3.20538981e-02,-2.78866538e-02,-2.26575957e-02,-1.65365167e-02,-1.40492313e-02,-1.26692637e-02,-9.98503170e-03,-9.94371884e-03,-1.04011073e-02,-9.85054509e-03,-1.23354240e-02,-1.64358199e-02,-2.03778545e-02,-2.49359425e-02,-2.84274018e-02,-3.26127365e-02,-3.46677066e-02,-3.54135393e-02,-3.46175248e-02,-3.43514085e-02,-3.42525630e-02,-3.24491827e-02,-3.39084643e-02,-3.31895752e-02,-3.31626743e-02,-3.30661848e-02,-3.30294054e-02,-3.20657867e-02,-3.02126164e-02,-2.96968393e-02,-2.86881425e-02,-2.88852515e-02,-2.79937520e-02,-2.66431233e-02,-2.35018207e-02,-1.83743056e-02,-1.27717665e-02,-9.86349066e-03,-9.99939903e-03,-1.25602798e-02,-1.57201879e-02,-2.15963161e-02,-2.68293493e-02,-3.05231436e-02,-3.31599056e-02,-3.37888180e-02,-3.46905693e-02,-3.41203329e-02,-3.32068480e-02,-3.40957817e-02,-3.42724236e-02,-3.63841494e-02,-3.95724459e-02,-4.01471523e-02,-4.09673764e-02,-4.06773871e-02,-4.04037071e-02,-4.00502914e-02,-3.86934711e-02,-3.91539414e-02,-4.07110290e-02,-4.05591864e-02
-2.30390352e-02,-2.18694059e-02,-2.11289796e-02,-2.15302026e-02,-2.27254951e-02,-2.33547814e-02,-2.29333615e-02,-2.22820256e-02,-2.07797935e-02,-1.93469808e-02,-1.55074265e-02,-1.14623273e-02,-9.83913289e-03,-7.32685000e-03,-6.69240042e-03,-5.56707349e-03,-5.23114001e-03,-3.81142417e-03,-4.35138405e-03,-4.37768270e-03,-3.03315960e-03,-2.34072300e-03,-2.50432568e-03,-3.25085853e-03,-4.55057804e-03,-5.18670100e-03,-4.96496328e-03,-3.82532958e-03,-1.66183813e-03,4.07341623e-04,-4.40887524e-04,-3.31684194e-03,-7.57864780e-03,-1.11677041e-02,-1.24743442e-02,-1.40418515e-02,-1.46110330e-02,-1.43578821e-02,-1.57925699e-02,-1.83393898e-02,-2.11537972e-02,-2.20968222e-02,-2.37150352e-02,-2.09269972e-02,-1.53152239e-02,-1.02262747e-02,-7.50436605e-03,-5.09147829e-03,-2.79391217e-03,-1.52950075e-03,-4.36435702e-04,2.70980825e-03,3.91505823e-03,2.28701203e-03,1.14272241e-04,-2.55028756e-03,-3.73827923e-03,-5.41982749e-03,-7.11448944e-03,-8.92171707e-03,-1.15459202e-02,-1.53949481e-02,-2.02211591e-02,-2.21108511e-02
1.49215485e-02,1.29652579e-02,1.12264387e-02,1.04694111e-02,9.27138060e-03,7.76492398e-03,5.48140766e-03,4.15623164e-03,3.01451584e-03,3.08445482e-03,2.51159437e-03,2.60699945e-03,1.32682868e-03,-1.52444067e-03,-3.04440176e-03,-2.99087621e-03,-2.07506532e-03,2.48917678e-04,1.30374663e-03,5.80171121e-04,-1.91416829e-04,-7.75730693e-04,-1.20428089e-03,-1.81018256e-03,-4.55182481e-03,-7.41384807e-03,-1.01380721e-02,-1.35868928e-02,-1.47808891e-02,-1.64850286e-02,-1.82865386e-02,-2.06850528e-02,-2.27540284e-02,-2.19732790e-02,-1.99405067e-02,-1.85365390e-02,-1.58049315e-02,-9.34139168e-03,-2.31031626e-03,8.49916646e-04,2.33477044e-04,2.09589711e-03,5.77160662e-03,1.03682120e-02,1.28511222e-02,1.30119445e-02,1.22223534e-02,1.10929426e-02,9.56438993e-03,8.80338273e-03,8.98724030e-03,9.01741679e-03,1.26038577e-02,1.66747113e-02,1.80862372e-02,2.08541765e-02,2.26262207e-02,2.32149108e-02,2.53288999e-02,2.60015703e-02,2.47371271e-02,2.22749560e-02,1.98390020e-02,1.81293904e-02
7.15124525e-02,7.27739258e-02,7.23493284e-02,7.05681206e-02,6.84136565e-02,6.26323565e-02,5.79442143e-02,5.55419537e-02,5.35327572e-02,5.28867690e-02,4.87607651e-02,4.36545137e-02,4.07342251e-02,3.84561497e-02,3.70313577e-02,3.67563302e-02,3.68478535e-02,3.73057695e-02,4.02227944e-02,4.19507350e-02,4.45079227e-02,4.85755571e-02,5.17971473e-02,5.34849521e-02,5.58200918e-02,5.74438953e-02,5.88854141e-02,6.19183105e-02,6.41089508e-02,6.60474548e-02,6.81568073e-02,7.07458939e-02,7.06227745e-02,7.07520631e-02,7.10396410e-02,7.07172311e-02,7.06691879e-02,7.28648171e-02,7.50829607e-02,7.57887023e-02,7.62311741e-02,7.76591957e-02,7.92927059e-02,7.97684864e-02,7.97804636e-02,7.69109188e-02,7.47679142e-02,7.42631288e-02,7.31511078e-02,7.52385812e-02,7.74905082e-02,7.89600179e-02,7.90858943e-02,7.86291509e-02,7.63894828e-02,7.35061305e-02,7.18146212e-02,6.93821151e-02,6.67774024e-02,6.43335882e-02,6.35880165e-02,6.40885924e-02,6.68963378e-02,6.88867828e-02
-8.65973701e-03,-6.37108048e-03,-3.63198976e-03,-2.94779003e-04,2.90075811e-04,-9.22457200e-04,-4.34502366e-03,-8.97088821e-03,-1.52036272e-02,-2.29612454e-02,-2.99312856e-02,-3.65421273e-02,-4.40440911e-02,-4.94986555e-02,-5.30155869e-02,-5.43962525e-02,-5.76900169e-02,-6.08263487e-02,-6.40246874e-02,-6.70676810e-02,-6.69508681e-02,-6.79774642e-02,-6.89278227e-02,-6.74588795e-02,-6.83868102e-02,-6.98960781e-02,-6.85745135e-02,-6.62136690e-02,-6.38286452e-02,-6.20375503e-02,-5.73578525e-02,-5.23225723e-02,-4.84377269e-02,-4.54778142e-02,-4.26680975e-02,-3.87698970e-02,-3.53599003e-02,-3.11207311e-02,-2.69115769e-02,-2.35348826e-02,-2.20565099e-02,-2.24500544e-02,-2.14931840e-02,-2.02370380e-02,-1.91477958e-02,-1.88787753e-02,-2.02028557e-02,-2.33971050e-02,-2.54572490e-02,-2.67582051e-02,-2.95135325e-02,-3.03904228e-02,-3.12596960e-02,-2.91550314e-02,-2.36925400e-02,-1.97367978e-02,-1.65879089e-02,-1.45821663e-02,-1.26410472e-02,-1.17779891e-02,-1.15025759e-02,-1.09522838e-02,-1.09778145e-02,-9.22757708e-03
-2.18557958e-02,-2.49357563e-02,-2.93327544e-02,-3.45683834e-02,-4.01970971e-02,-4.38804414e-02,-4.70514312e-02,-4.67544065e-02,-4.46561548e-02,-3.94344618e-02,-3.28772475e-02,-2.53211090e-02,-1.69262401e-02,-1.00895680e-02,-4.97090702e-03,-2.70713897e-04,5.03454022e-03,8.65614093e-03,1.03125205e-02,1.15174078e-02,1.31652355e-02,1.46778977e-02,1.55461432e-02,1.64596744e-02,1.83422145e-02,2.10336736e-02,2.17210649e-02,2.28016126e-02,2.29343418e-02,2.04880392e-02,1.79419382e-02,1.64132018e-02,1.31611943e-02,8.69600280e-03,7.66498056e-03,8.51644594e-03,7.75650861e-03,8.01571893e-03,8.93899397e-03,9.28394075e-03,1.04602857e-02,1.06621958e-02,9.73112365e-03,8.12826199e-03,4.45626822e-03,1.96284680e-03,1.26896827e-03,1.93130394e-05,-2.32021217e-03,-3.05756726e-03,-2.85030240e-03,-5.52013163e-03,-1.02681263e-02,-1.20659692e-02,-1.28054957e-02,-1.66391101e-02,-2.10884895e-02,-2.23709078e-02,-2.13075493e-02,-2.07070080e-02,-2.12951136e-02,-2.06041742e-02,-1.99589199e-02,-2.01657717e-02
6.00203372e-03,1.08235175e-02,1.51092542e-02,1.82362767e-02,2.01803856e-02,2.36135863e-02,2.72090226e-02,2.93987324e-02,2.96262674e-02,2.85729811e-02,2.64922047e-02,2.55462342e-02,2.42157037e-02,2.31438010e-02,2.29526948e-02,2.39451019e-02,2.63222585e-02,2.77494948e-02,2.60863926e-02,2.24513734e-02,1.81456598e-02,1.50510673e-02,1.29574594e-02,1.09716819e-02,1.13779495e-02,1.34372655e-02,1.56886099e-02,1.66938834e-02,1.78603162e-02,1.67812370e-02,1.32779498e-02,6.78545569e-03,8.12778626e-04,-4.54720956e-03,-9.58290394e-03,-1.29020144e-02,-1.45993342e-02,-1.50054018e-02,-1.49279607e-02,-1.50666365e-02,-1.60976992e-02,-1.69054495e-02,-1.71325968e-02,-1.62016714e-02,-1.74496407e-02,-1.85491425e-02,-1.89052217e-02,-1.72756128e-02,-1.55269652e-02,-1.45875656e-02,-1.41668905e-02,-1.31555641e-02,-1.27166547e-02,-1.36105579e-02,-1.40291987e-02,-1.17823164e-02,-1.17042764e-02,-1.10714851e-02,-9.90513641e-03,-7.87814821e-03,-3.93844149e-03,2.94637853e-06,2.31381477e-03,3.69634415e-03
-1.73064614e-02,-1.49220632e-02,-1.09838129e-02,-1.05507262e-02,-1.08263212e-02,-9.90163277e-03,-9.11639121e-03,-1.01567203e-02,-1.05864658e-02,-1.14314699e-02,-1.00475921e-02,-6.71768491e-03,-3.97788220e-03,-3.12361823e-03,-1.44569766e-03,-1.30640009e-03,-7.38895006e-04,-2.64682297e-03,-3.84309330e-03,-6.40214193e-03,-8.69163302e-03,-8.76183421e-03,-8.59649389e-03,-1.16203026e-02,-1.15466145e-02,-1.18426454e-02,-1.26172662e-02,-1.30957167e-02,-1.45875613e-02,-1.50432924e-02,-1.56779991e-02,-1.60919111e-02,-1.69202601e-02,-1.79907380e-02,-1.88476770e-02,-1.80146535e-02,-1.71078186e-02,-1.52381150e-02,-1.37901856e-02,-1.34488930e-02,-1.32357316e-02,-1.20600793e-02,-1.10968715e-02,-9.85789309e-03,-7.36505642e-03,-5.45442709e-03,-5.27223674e-03,-7.08833778e-03,-9.24254961e-03,-1.02554852e-02,-1.13562914e-02,-1.20584526e-02,-1.44254944e-02,-1.73816052e-02,-2.12429992e-02,-2.54374730e-02,-2.74424289e-02,-2.86429092e-02,-2.93984533e-02,-2.85132821e-02,-2.68364731e-02,-2.48265868e-02,-2.27646766e-02,-2.04585407e-02
5.95610927e-02,5.74712219e-02,5.51036710e-02,5.27626682e-02,4.98740522e-02,4.65487914e-02,4.56852570e-02,4.51964497e-02,4.30165009e-02,3.91213865e-02,3.52629751e-02,3.18254199e-02,3.14125969e-02,3.13392945e-02,2.98251876e-02,2.47160951e-02,1.97835336e-02,1.48565592e-02,8.35961477e-03,2.68849951e-03,-3.13123305e-03,-9.53354264e-03,-1.57518324e-02,-1.83914430e-02,-1.88853792e-02,-1.93813489e-02,-1.94902990e-02,-1.70942145e-02,-1.19492479e-02,-6.26147881e-03,-1.36481124e-03,4.39801282e-04,1.49217993e-03,3.49281740e-03,6.67088671e-03,9.90183818e-03,1.18698647e-02,1.42311139e-02,1.34721452e-02,1.16300141e-02,8.90343192e-03,6.16123284e-03,4.62778150e-03,2.17782184e-03,2.26058240e-03,2.28436849e-03,2.20583078e-03,5.17098623e-03,9.93649470e-03,1.61550387e-02,2.43698567e-02,3.24168807e-02,3.96523605e-02,4.57191687e-02,4.94652372e-02,5.27218337e-02,5.50616169e-02,5.60067695e-02,5.65355416e-02,5.79419218e-02,5.84918966e-02,5.89937177e-02,6.02024642e-02,6.05176776e-02
1.28856555e-02,1.53555938e-02,1.73606739e-02,1.99072750e-02,2.10566584e-02,2.19566460e-02,2.25438813e-02,2.06986834e-02,1.77547493e-02,1.71211592e-02,1.61517014e-02,1.50522738e-02,1.29728188e-02,1.22776455e-02,1.36059994e-02,1.37686149e-02,1.21473791e-02,1.04390422e-02,8.64422632e-03,5.49140544e-03,3.58065666e-03,-9.20559780e-04,-4.72034941e-03,-7.69533018e-03,-1.26383924e-02,-1.63730135e-02,-1.70603379e-02,-1.72887792e-02,-1.93027035e-02,-2.04520507e-02,-1.93614298e-02,-1.92851254e-02,-2.12943311e-02,-2.40826211e-02,-2.65015007e-02,-2.74001164e-02,-2.82473204e-02,-2.74159128e-02,-2.42926596e-02,-2.07886531e-02,-1.86907220e-02,-1.71149663e-02,-1.47884670e-02,-1.15786164e-02,-7.46434785e-03,-5.13312508e-03,-4.42253407e-03,-5.41768124e-03,-6.19064731e-03,-8.06546049e-03,-9.28321498e-03,-8.59885208e-03,-6.57426618e-03,-6.93309403e-03,-6.04539473e-03,-5.50700346e-03,-5.74298589e-03,-6.28165228e-03,-5.75866697e-03,-2.92269065e-03,9.87866713e-04,4.07155739e-03,5.49990864e-03,8.17983454e-03
-1.88309188e-02,-1.71342485e-02,-1.68992424e-02,-1.64226178e-02,-1.55294569e-02,-1.35485941e-02,-1.30713449e-02,-1.15384153e-02,-1.06328794e-02,-8.92232916e-03,-8.54118175e-03,-6.84688835e-03,-6.51605938e-03,-5.59161629e-03,-6.76580183e-03,-8.44917291e-03,-9.84499896e-03,-1.12555819e-02,-1.00969159e-02,-8.28508251e-03,-5.59794055e-03,-1.71905945e-03,3.12104866e-03,4.38691075e-03,5.73291753e-03,7.81342542e-03,9.70256570e-03,1.07046297e-02,9.95671290e-03,9.79617097e-03,9.43264599e-03,7.78174178e-03,5.65495673e-03,4.04439605e-03,2.26431810e-03,1.63685763e-03,3.15392258e-03,4.03693774e-03,3.91700652e-03,3.67669795e-03,3.15321577e-03,2.65070058e-03,1.23250876e-03,-1.42006199e-03,-3.47391112e-03,-6.14743275e-03,-1.12759836e-02,-1.51639795e-02,-1.85818427e-02,-1.92414658e-02,-2.19526397e-02,-2.33218298e-02,-2.40104097e-02,-2.47784282e-02,-2.61929550e-02,-2.76134571e-02,-2.78818832e-02,-2.77561502e-02,-2.64776435e-02,-2.45268474e-02,-2.28568595e-02,-2.12534692e-02,-2.01794414e-02,-1.98563356e-02
-1.87923889e-02,-2.40307907e-02,-2.77439930e-02,-3.22056876e-02,-3.51747748e-02,-3.82281514e-02,-3.92940552e-02,-3.89393328e-02,-3.92115874e-02,-3.81147710e-02,-3.80355988e-02,-3.64967421e-02,-3.30842747e-02,-2.98071824e-02,-2.58564172e-02,-2.36155717e-02,-2.24627452e-02,-2.10515317e-02,-1.93472668e-02,-1.74647635e-02,-1.31438797e-02,-6.89355656e-03,-1.74028077e-03,1.47137752e-03,5.21388083e-03,7.81492465e-03,7.96807446e-03,9.39331351e-03,1.00741661e-02,9.86986071e-03,8.73423026e-03,7.54772097e-03,9.32646675e-03,1.20182249e-02,1.61103274e-02,1.88041545e-02,2.08648205e-02,2.20379492e-02,2.28583000e-02,2.42926218e-02,2.67482874e-02,2.96864772e-02,3.37648875e-02,3.64302743e-02,3.86049799e-02,3.75679578e-02,3.42185901e-02,3.05121383e-02,2.85924743e-02,2.56770233e-02,2.20816019e-02,2.13542065e-02,2.28828734e-02,2.55458630e-02,2.63000949e-02,2.40126149e-02,2.16761617e-02,1.95958610e-02,1.70613559e-02,1.31591502e-02,8.79909647e-03,3.47438603e-03,-2.36331641e-03,-1.08170152e-02
6.37614441e-03,8.07773467e-03,8.41615056e-03,1.01962574e-02,1.14976815e-02,1.11706735e-02,1.25924748e-02,1.41411275e-02,1.81280083e-02,2.10708202e-02,2.32896353e-02,2.45740540e-02,2.57705578e-02,2.83562054e-02,3.02599557e-02,3.22377308e-02,3.29598131e-02,3.10075708e-02,3.13860185e-02,3.16908978e-02,3.07534214e-02,2.82759309e-02,2.51279285e-02,2.12165108e-02,1.81348248e-02,1.59214762e-02,1.52697811e-02,1.61192426e-02,1.87571213e-02,2.14796021e-02,2.29089654e-02,2.36469138e-02,2.49011159e-02,2.47460967e-02,2.19746614e-02,2.00860442e-02,2.22732034e-02,2.32028705e-02,2.31110805e-02,2.19747902e-02,1.90480556e-02,1.37280206e-02,9.95749528e-03,9.37006402e-03,9.94223029e-03,9.85242620e-03,1.04180090e-02,1.19583921e-02,1.45863350e-02,1.73077021e-02,1.65010158e-02,1.53161277e-02,1.29484973e-02,1.14857062e-02,1.20977453e-02,1.25170714e-02,9.56799790e-03,5.82865430e-03,2.15234945e-03,-5.22594109e-04,-1.11168030e-03,-1.74438453e-04,2.58871695e-03,4.85478260e-03
-2.36892876e-02,-2.45667968e-02,-2.52439587e-02,-2.52898723e-02,-2.54777952e-02,-2.57637873e-02,-2.41823395e-02,-2.30312402e-02,-2.29997947e-02,-2.48816079e-02,-2.45783493e-02,-2.53613698e-02,-2.54572724e-02,-2.65429892e-02,-2.53716451e-02,-2.53594098e-02,-2.76614046e-02,-2.87865770e-02,-2.71837367e-02,-2.25939828e-02,-1.89585585e-02,-1.62723689e-02,-1.36020170e-02,-1.22961379e-02,-1.07192495e-02,-9.10416350e-03,-7.83569331e-03,-8.85055185e-03,-1.18949034e-02,-1.32980433e-02,-1.22690252e-02,-1.08871566e-02,-9.22045515e-03,-8.67697599e-03,-8.25385919e-03,-9.36882244e-03,-1.15504751e-02,-1.52787051e-02,-1.83826265e-02,-1.95463723e-02,-1.80608567e-02,-1.56930782e-02,-1.23276540e-02,-9.67340953e-03,-8.37843257e-03,-7.98020612e-03,-8.90816598e-03,-9.63518544e-03,-1.19586741e-02,-1.50941879e-02,-1.60921285e-02,-1.64937924e-02,-1.64177053e-02,-1.68771491e-02,-1.74713366e-02,-1.78170479e-02,-1.73942850e-02,-1.78758432e-02,-1.83733462e-02,-1.91153251e-02,-1.97588375e-02,-2.08761674e-02,-2.18653096e-02,-2.26653298e-02
1.50620988e-02,1.33845339e-02,1.04445881e-02,6.88144866e-03,4.06398404e-03,1.82466508e-03,-7.89267929e-04,-2.45820517e-03,-1.46620583e-03,6.97878609e-04,4.71992662e-03,9.67469846e-03,1.32473115e-02,1.66504142e-02,1.84378412e-02,1.82163415e-02,1.79444846e-02,1.67950456e-02,1.51654777e-02,1.29144710e-02,8.21531450e-03,3.71945251e-03,-3.42068997e-04,-3.31409252e-03,-8.06481919e-03,-1.02852067e-02,-1.02325641e-02,-9.45070524e-03,-9.05027284e-03,-8.10806287e-03,-7.77397305e-03,-5.84019868e-03,-2.83993034e-03,-3.22932646e-04,3.10909211e-03,4.47173823e-03,7.43226495e-03,9.68742239e-03,1.14265632e-02,1.31065709e-02,1.42957207e-02,1.61986163e-02,1.80017909e-02,1.96352781e-02,1.88476218e-02,1.98350234e-02,2.15847353e-02,2.32947727e-02,2.47766987e-02,2.44327057e-02,2.52428081e-02,2.55089903e-02,2.51326907e-02,2.59713769e-02,2.46619976e-02,2.38325275e-02,2.28871878e-02,2.06213931e-02,1.85117928e-02,1.81719986e-02,1.87698324e-02,1.93076932e-02,1.84903010e-02,1.71525527e-02
1.40097216e-03,6.02298019e-03,9.77597518e-03,1.63416780e-02,2.30049965e-02,2.82298921e-02,3.08948403e-02,3.59776550e-02,4.24617977e-02,4.74265426e-02,4.95101241e-02,4.90584066e-02,4.66322493e-02,4.35119535e-02,4.14236564e-02,3.80428929e-02,3.58562946e-02,3.30119791e-02,2.56078326e-02,1.83779902e-02,1.20128825e-02,6.76671220e-03,7.76535409e-04,-5.97482401e-03,-1.07581844e-02,-1.46409105e-02,-1.89985806e-02,-2.43623892e-02,-3.03822062e-02,-3.43913365e-02,-3.75727735e-02,-3.87058970e-02,-3.83595539e-02,-3.60036921e-02,-3.17231189e-02,-2.76792537e-02,-2.32238272e-02,-1.69169027e-02,-1.05812351e-02,-5.28182153e-03,-2.70173096e-03,-4.09491889e-04,1.64528655e-03,5.74229918e-03,9.54884119e-03,1.19981418e-02,1.36687963e-02,1.18796405e-02,8.53118357e-03,4.43974316e-03,6.19839696e-04,-4.38887348e-03,-7.71212936e-03,-1.01202495e-02,-1.35272399e-02,-1.59594952e-02,-1.85109195e-02,-2.08640849e-02,-2.10975934e-02,-2.04628726e-02,-1.87202172e-02,-1.73484333e-02,-1.26929462e-02,-6.84075578e-03
-3.11257064e-02,-3.16002387e-02,-2.70894942e-02,-2.05226120e-02,-1.63853061e-02,-1.43479740e-02,-1.03106450e-02,-3.24881420e-03,4.08274665e-03,1.18400852e-02,1.87848930e-02,2.49885425e-02,3.17448988e-02,3.71317217e-02,4.00851340e-02,4.12790075e-02,3.94841908e-02,3.58004389e-02,3.18938634e-02,2.79560969e-02,2.45719013e-02,2.24428310e-02,2.17248657e-02,2.10621869e-02,2.12403962e-02,2.00406079e-02,1.89618172e-02,1.66565884e-02,1.42057716e-02,1.28923560e-02,1.11429902e-02,1.02350890e-02,9.89968593e-03,9.30601348e-03,7.70023004e-03,7.40986210e-03,6.25000021e-03,3.56404977e-03,1.86424549e-03,4.17500102e-04,-8.70647026e-04,-3.19895023e-04,2.46137477e-04,2.30347077e-04,1.17241739e-03,3.47335316e-03,5.22898753e-03,6.60227205e-03,6.54038730e-03,5.12707802e-03,3.36511275e-03,2.14451815e-03,2.44596148e-03,-2.91492250e-05,-4.86933707e-03,-8.59143408e-03,-1.19678839e-02,-1.47585520e-02,-1.67083117e-02,-1.88169814e-02,-2.14936099e-02,-2.49740152e-02,-2.80184604e-02,-2.98625592e-02
-4.51962389e-02,-4.52951524e-02,-4.30658576e-02,-4.11942006e-02,-3.88854865e-02,-3.50150913e-02,-3.15033265e-02,-2.89012100e-02,-2.75636984e-02,-2.90112796e-02,-2.89302168e-02,-2.72176563e-02,-2.33523375e-02,-1.86959034e-02,-1.34929247e-02,-9.72156703e-03,-7.70457199e-03,-8.11306180e-03,-7.13758596e-03,-5.64131672e-03,-4.18027974e-03,-2.21745164e-03,-3.56229809e-03,-7.02099264e-03,-1.28231576e-02,-1.91115104e-02,-2.49366170e-02,-3.14878813e-02,-3.50401287e-02,-3.69714930e-02,-3.73055499e-02,-3.68630997e-02,-3.55041203e-02,-3.39411475e-02,-3.42099009e-02,-3.45627361e-02,-3.53362933e-02,-3.73459473e-02,-4.00565444e-02,-4.18831372e-02,-4.14252705e-02,-3.75951997e-02,-3.21131268e-02,-2.92288137e-02,-2.83923597e-02,-3.05187081e-02,-3.27686598e-02,-3.57907211e-02,-3.69593345e-02,-3.78055273e-02,-3.60241354e-02,-3.59703132e-02,-3.54028580e-02,-3.49303718e-02,-3.42309605e-02,-3.40663545e-02,-3.36876978e-02,-3.29778141e-02,-3.41625872e-02,-3.55775857e-02,-3.76749434e-02,-3.91915001e-02,-4.10643133e-02,-4.31472702e-02
-9.20848679e-03,-1.16401204e-02,-1.34254627e-02,-1.66956816e-02,-1.92428792e-02,-2.17270582e-02,-2.31247475e-02,-2.51005476e-02,-2.56494481e-02,-2.81214301e-02,-3.06673505e-02,-3.41781010e-02,-3.94373133e-02,-4.22010594e-02,-4.32830857e-02,-4.40800057e-02,-4.63519760e-02,-4.85751833e-02,-4.99622870e-02,-5.28087810e-02,-5.56012962e-02,-5.72690628e-02,-5.71779139e-02,-5.74299401e-02,-5.95703324e-02,-6.09693340e-02,-5.97989129e-02,-6.01937659e-02,-6.10339526e-02,-6.17819805e-02,-6.44133101e-02,-6.44471097e-02,-6.00806632e-02,-5.51960927e-02,-5.16827218e-02,-4.87819992e-02,-4.36151742e-02,-3.85555606e-02,-3.28958950e-02,-2.73147939e-02,-2.49653317e-02,-2.41943464e-02,-2.13548381e-02,-1.72173627e-02,-1.43111553e-02,-1.20319990e-02,-1.02345601e-02,-9.05564737e-03,-9.42844729e-03,-1.10863679e-02,-1.32679131e-02,-1.35097533e-02,-1.11674281e-02,-9.24602479e-03,-7.66178651e-03,-4.80494642e-03,-3.28304041e-03,-3.02513294e-03,-4.02236623e-03,-5.15263680e-03,-7.46831112e-03,-8.80026089e-03,-7.98321444e-03,-7.76085443e-03
4.96328230e-02,4.96414717e-02,5.14679287e-02,5.14880058e-02,5.19140499e-02,4.95030360e-02,4.85498839e-02,4.99267982e-02,5.03779015e-02,5.10496810e-02,5.14268671e-02,5.36072191e-02,5.76697401e-02,6.10566486e-02,6.55406285e-02,7.18552765e-02,7.72863973e-02,8.20130044e-02,8.74387035e-02,9.04178009e-02,9.18075324e-02,9.39060287e-02,9.60176525e-02,9.42880041e-02,9.28813736e-02,9.09177811e-02,8.77347067e-02,8.56248973e-02,8.36362399e-02,8.31212545e-02,8.08390446e-02,7.95360049e-02,7.86959835e-02,7.44194229e-02,7.08141180e-02,6.67765556e-02,6.26757993e-02,5.74886239e-02,5.07687087e-02,4.69518582e-02,4.25403982e-02,3.77057722e-02,3.48213148e-02,3.25076532e-02,3.16192756e-02,2.96416663e-02,2.80349803e-02,2.88847021e-02,2.86251656e-02,2.73725573e-02,2.65863689e-02,2.52765085e-02,2.23502625e-02,2.00559008e-02,1.84270874e-02,1.79566115e-02,2.03010019e-02,2.22101593e-02,2.34453978e-02,2.63328956e-02,3.20405635e-02,3.75416315e-02,4.35197790e-02,4.75499708e-02
8.66347814e-03,1.53545247e-02,2.21665399e-02,2.95351371e-02,3.44989104e-02,3.75814849e-02,4.00382833e-02,4.24864679e-02,4.37262114e-02,4.44491560e-02,4.73671378e-02,5.06227847e-02,5.15990169e-02,5.06773558e-02,4.81203862e-02,4.43138578e-02,4.12976893e-02,3.98455143e-02,3.77472351e-02,3.31852559e-02,2.61806504e-02,2.22909094e-02,2.00387769e-02,1.78111414e-02,1.59529780e-02,1.20963963e-02,7.60151374e-03,4.50792287e-03,2.00420858e-03,-7.14550597e-04,-2.43027422e-03,-4.54555904e-03,-8.42292738e-03,-9.30709131e-03,-1.07240284e-02,-1.19285970e-02,-1.14185813e-02,-1.14563470e-02,-1.22852652e-02,-1.12910847e-02,-9.05469960e-03,-6.54828542e-03,-1.25574043e-03,6.14996160e-03,1.26625996e-02,1.54482703e-02,1.68740360e-02,2.15187514e-02,2.46270888e-02,2.57931943e-02,2.46717942e-02,2.28975188e-02,1.93971661e-02,1.70550486e-02,1.30872657e-02,1.00707488e-02,5.64336161e-03,3.29263679e-03,3.46162455e-03,3.85828424e-03,1.32816108e-03,-9.52426351e-04,1.13909972e-03,4.28855241e-03
-3.38740078e-02,-3.56345134e-02,-3.76593445e-02,-4.04653474e-02,-4.09491066e-02,-3.92386578e-02,-3.67355540e-02,-3.59566016e-02,-3.58579488e-02,-3.85020153e-02,-4.23130007e-02,-4.81334442e-02,-5.12825388e-02,-5.35494340e-02,-5.27864019e-02,-4.93652540e-02,-4.34830653e-02,-3.81553760e-02,-3.27242148e-02,-2.52404469e-02,-1.83636155e-02,-1.23138475e-02,-6.58122944e-03,4.33912941e-04,6.54086271e-03,1.36055418e-02,2.15455777e-02,2.54509439e-02,2.62813924e-02,2.75811137e-02,3.03686860e-02,3.36978524e-02,3.60424994e-02,3.82210916e-02,3.95525547e-02,4.03869167e-02,4.20245712e-02,4.47081794e-02,4.53056139e-02,4.32145526e-02,4.07300914e-02,3.84234997e-02,3.54961619e-02,3.37883859e-02,3.23352543e-02,3.08048494e-02,2.76567617e-02,2.32487570e-02,1.85276923e-02,1.42998591e-02,1.08151886e-02,8.83414771e-03,7.50061051e-03,3.92610705e-03,-3.96526516e-04,-4.93581396e-03,-8.99966695e-03,-1.60241066e-02,-2.19126377e-02,-2.65103414e-02,-2.88809662e-02,-2.96193481e-02,-3.14291659e-02,-3.15843388e-02
-1.70012642e-02,-1.84982230e-02,-1.95984167e-02,-2.14892148e-02,-2.45685642e-02,-2.61516687e-02,-2.90144739e-02,-3.03979427e-02,-3.22580669e-02,-3.27368984e-02,-3.17747093e-02,-3.12983575e-02,-3.20492369e-02,-3.20016895e-02,-2.97534895e-02,-2.80586882e-02,-2.85629651e-02,-2.69817985e-02,-2.28628187e-02,-1.86379799e-02,-1.59055653e-02,-1.54204073e-02,-1.43030897e-02,-1.30571086e-02,-1.28784940e-02,-8.90378804e-03,-3.17430687e-03,6.53539551e-04,3.49635703e-03,8.30210162e-03,1.30635584e-02,1.56120719e-02,1.76701667e-02,1.75211985e-02,1.71004988e-02,1.45161375e-02,1.18577618e-02,8.56538757e-03,5.93430155e-03,2.57465876e-03,-1.72155020e-03,-7.67103400e-03,-1.38564856e-02,-1.91080277e-02,-2.19609345e-02,-2.23489748e-02,-2.18382992e-02,-2.02287972e-02,-1.87272967e-02,-1.55586748e-02,-1.02411379e-02,-5.98288495e-03,-2.70923391e-03,7.83820263e-04,3.78135056e-03,6.15269004e-03,8.97581617e-03,9.75911121e-03,6.89798622e-03,3.88151522e-03,-1.32615906e-03,-7.39417453e-03,-1.34083213e-02,-1.64264907e-02
-1.47583766e-02,-1.44538482e-02,-1.26053373e-02,-9.40841165e-03,-8.10565257e-03,-8.33584509e-03,-8.14767224e-03,-7.02073188e-03,-6.36693371e-03,-5.23472446e-03,-2.57670375e-03,-5.14123782e-04,3.15170785e-03,6.30538388e-03,6.48473615e-03,7.81970291e-03,8.67978718e-03,8.80767795e-03,1.12825904e-02,1.19421652e-02,1.31964816e-02,1.32049822e-02,1.36941877e-02,1.34314234e-02,1.36121557e-02,1.46530718e-02,1.64905250e-02,1.87724741e-02,1.98792025e-02,2.00044988e-02,1.96267136e-02,1.89285425e-02,1.84493321e-02,1.99681434e-02,1.87930802e-02,1.57610359e-02,1.14390726e-02,7.30873569e-03,3.87154204e-03,2.91337941e-04,-3.72374308e-03,-9.02227206e-03,-1.30343416e-02,-1.60186877e-02,-1.68390196e-02,-1.82114202e-02,-1.85663426e-02,-1.93290521e-02,-2.08223520e-02,-2.19578899e-02,-2.31812906e-02,-2.24916816e-02,-2.16060446e-02,-2.16092620e-02,-2.02838300e-02,-1.86572124e-02,-1.72580590e-02,-1.40038647e-02,-1.22401372e-02,-1.13344505e-02,-1.12179898e-02,-1.27285778e-02,-1.45626136e-02,-1.43291393e-02
4.70244876e-02,4.82995414e-02,4.76424144e-02,4.49423233e-02,4.04023922e-02,3.58111145e-02,3.19887849e-02,2.86802514e-02,2.50582381e-02,2.16383439e-02,1.83435089e-02,1.39640038e-02,6.02341914e-03,-1.97412149e-03,-8.74950042e-03,-1.24161587e-02,-1.39603216e-02,-1.64922307e-02,-1.80855074e-02,-1.91456322e-02,-2.04313373e-02,-2.27355942e-02,-2.41140365e-02,-2.50720701e-02,-2.70756667e-02,-2.97720595e-02,-3.43800051e-02,-3.87405702e-02,-4.17778652e-02,-4.62408557e-02,-4.95054211e-02,-5.07433678e-02,-5.09080310e-02,-4.96797093e-02,-4.87268669e-02,-4.91691389e-02,-5.11373244e-02,-5.26830410e-02,-5.26399597e-02,-5.28458501e-02,-5.37981114e-02,-5.47054188e-02,-5.38758221e-02,-5.12441459e-02,-4.68415872e-02,-4.09460176e-02,-3.80243818e-02,-3.46354659e-02,-3.15536446e-02,-2.85420460e-02,-2.51131068e-02,-2.17849255e-02,-1.77818833e-02,-1.34032145e-02,-1.01148762e-02,-4.97299064e-03,7.50635705e-04,7.58403380e-03,1.61892470e-02,2.22881900e-02,2.78357377e-02,3.13308396e-02,3.65997800e-02,4.30502440e-02
2.12659687e-02,1.97675690e-02,2.02108997e-02,2.05187659e-02,2.35963969e-02,2.78108869e-02,2.80131902e-02,2.47475400e-02,2.21487012e-02,1.61117333e-02,1.02071425e-02,5.90627987e-03,4.92380492e-03,5.09929952e-03,6.75937659e-03,8.06528393e-03,7.92429921e-03,7.97640560e-03,7.74052531e-03,7.88636934e-03,9.03304712e-03,9.42366504e-03,7.19860275e-03,5.48016796e-03,6.31277462e-03,1.03909431e-02,1.45962544e-02,1.93987409e-02,2.45289518e-02,2.85545776e-02,2.98957770e-02,2.78401206e-02,2.55387635e-02,2.30855011e-02,2.22603308e-02,2.26416907e-02,2.09078739e-02,1.98596592e-02,2.09348075e-02,2.26153044e-02,2.30850991e-02,2.22411474e-02,2.09673847e-02,1.81506232e-02,1.71169487e-02,1.67952158e-02,1.47748748e-02,1.13212441e-02,9.35565466e-03,8.90170610e-03,9.96939157e-03,1.00663182e-02,1.11871077e-02,1.11092879e-02,1.31239727e-02,1.68106811e-02,1.95204159e-02,2.01592354e-02,2.24603884e-02,2.56125856e-02,2.71286441e-02,2.44783095e-02,2.25111823e-02,2.10780312e-02
1.51821333e-02,1.40601584e-02,1.12717117e-02,8.45942053e-03,5.35141122e-03,4.47627627e-03,3.91573735e-03,2.01897792e-03,-6.56008344e-04,-2.34526999e-03,-9.19782131e-04,-3.41521600e-04,-1.61129510e-03,-2.31426921e-03,-3.03127755e-03,-4.13792485e-03,-4.23887765e-03,-4.77988676e-03,-4.07452080e-03,-1.11270891e-03,-9.30817138e-04,-1.47852809e-03,-1.54994329e-03,-2.05495431e-03,-2.51432472e-03,-4.15528263e-03,-8.99101903e-03,-1.36066650e-02,-1.60549564e-02,-1.62785694e-02,-1.55246080e-02,-1.57013521e-02,-1.36165037e-02,-1.08709779e-02,-9.81717284e-03,-7.67838844e-03,-5.70841545e-03,-5.56843780e-03,-3.47975756e-03,2.05049052e-03,7.64877775e-03,1.16897167e-02,1.55819661e-02,1.94630491e-02,2.36569530e-02,2.58282464e-02,2.55814254e-02,2.38880798e-02,2.12011898e-02,1.96927853e-02,2.03845533e-02,2.11682038e-02,2.29182781e-02,2.57729352e-02,2.61068158e-02,2.83051314e-02,2.93823225e-02,3.08598101e-02,2.96491206e-02,2.58737197e-02,2.23587161e-02,1.85766879e-02,1.72012606e-02,1.60511459e-02
-4.32900950e-02,-4.05635570e-02,-3.55358708e-02,-3.10852936e-02,-3.00910014e-02,-3.15757167e-02,-3.46103440e-02,-3.64899333e-02,-3.79163209e-02,-3.84189183e-02,-3.75858031e-02,-3.68935033e-02,-3.61570358e-02,-3.34874875e-02,-3.11634227e-02,-2.79023885e-02,-2.56528237e-02,-2.21370953e-02,-1.82052091e-02,-1.76222411e-02,-1.86144160e-02,-1.90138413e-02,-1.94947239e-02,-2.07980003e-02,-2.10900426e-02,-2.14908138e-02,-2.16710183e-02,-2.29727134e-02,-2.31245088e-02,-2.46444414e-02,-2.65865107e-02,-3.05959191e-02,-3.52738894e-02,-3.95777386e-02,-4.22730265e-02,-4.57206490e-02,-4.74840250e-02,-4.98528234e-02,-5.20571662e-02,-5.14004749e-02,-4.95090116e-02,-4.78822240e-02,-4.49603996e-02,-4.06780186e-02,-3.83355410e-02,-3.40577612e-02,-2.77052952e-02,-2.21270097e-02,-1.96536830e-02,-1.93789428e-02,-1.76636252e-02,-1.63205805e-02,-1.77481520e-02,-1.89727771e-02,-2.13123190e-02,-2.60297032e-02,-3.11083078e-02,-3.48229567e-02,-3.67739538e-02,-3.79600581e-02,-3.75105636e-02,-3.89867063e-02,-4.20811096e-02,-4.38369317e-02
1.77426520e-03,1.56068219e-03,1.03574125e-03,5.68444495e-04,7.96062395e-04,-1.28816720e-03,-7.22377893e-03,-1.33670701e-02,-1.97549881e-02,-2.47377624e-02,-3.11905374e-02,-3.80941790e-02,-4.17643901e-02,-4.35706877e-02,-4.29574440e-02,-4.00162506e-02,-3.76363376e-02,-3.48228799e-02,-3.41509852e-02,-3.40639435e-02,-3.57963876e-02,-3.82426589e-02,-3.94910008e-02,-3.92619677e-02,-3.82111830e-02,-3.76244208e-02,-3.62146124e-02,-3.67673092e-02,-3.68066863e-02,-3.48300335e-02,-3.54568922e-02,-3.46500591e-02,-3.34130804e-02,-3.24408254e-02,-3.03801994e-02,-2.72507703e-02,-2.49008858e-02,-2.38426005e-02,-2.27058612e-02,-2.03880053e-02,-1.68630764e-02,-1.84933264e-02,-2.05031455e-02,-2.33669554e-02,-2.56210173e-02,-2.73685069e-02,-2.87822682e-02,-2.96019998e-02,-3.05134839e-02,-2.89567876e-02,-2.68390787e-02,-2.51745948e-02,-2.22617167e-02,-1.99327258e-02,-1.67538712e-02,-1.45165228e-02,-1.26566385e-02,-1.04114556e-02,-8.66115178e-03,-8.34841331e-03,-6.83228758e-03,-5.41717530e-03,-3.15941041e-03,3.69579716e-04
2.95855929e-02,2.88220568e-02,2.86554179e-02,2.55472284e-02,2.00019759e-02,1.52749660e-02,1.02587118e-02,6.33147115e-03,2.26105251e-03,1.06781997e-04,-1.76496304e-03,-3.17353235e-03,-5.64358296e-03,-5.88516400e-03,-5.79093715e-03,-3.70272144e-03,-1.30527672e-03,7.35773758e-04,4.04505879e-03,7.80055152e-03,1.16208686e-02,1.35999837e-02,1.25170690e-02,9.93441357e-03,7.02874423e-03,5.08468532e-03,5.10862946e-03,4.80748511e-03,7.22365082e-03,1.02838597e-02,1.40574874e-02,1.97341241e-02,2.49820901e-02,2.80328609e-02,2.91602693e-02,2.79716404e-02,2.60790792e-02,2.67266260e-02,2.76480645e-02,2.66441609e-02,2.24847484e-02,1.88002120e-02,1.86012955e-02,1.80639329e-02,1.57248726e-02,1.51217701e-02,1.45584648e-02,1.62457497e-02,2.16366373e-02,2.81304607e-02,3.29987173e-02,3.48109457e-02,3.42891641e-02,3.50624095e-02,3.70668860e-02,3.72194174e-02,3.35312176e-02,2.99057690e-02,2.84174758e-02,2.96058510e-02,3.15655779e-02,3.24245052e-02,3.30325445e-02,3.22195284e-02
1.48155890e-02,1.40173938e-02,1.21509262e-02,8.97372119e-03,8.71408940e-03,8.49574675e-03,8.94574630e-03,9.09988954e-03,8.57514760e-03,7.89409194e-03,5.71360502e-03,4.47825992e-03,3.62343079e-03,9.64537414e-04,-2.04971015e-04,-1.55943587e-03,-3.45971741e-03,-3.08465489e-03,-1.71564059e-03,5.65020923e-04,1.06949697e-03,9.25643874e-04,5.62554959e-04,-3.36425549e-03,-6.04879872e-03,-6.67733404e-03,-9.40251475e-03,-1.16018879e-02,-1.46079073e-02,-1.82373269e-02,-2.10036124e-02,-2.57466401e-02,-2.98718386e-02,-3.29772261e-02,-3.49882350e-02,-3.80016540e-02,-4.12727451e-02,-4.36413231e-02,-4.54828747e-02,-4.65712826e-02,-4.70507804e-02,-4.66517149e-02,-4.27882558e-02,-4.04157910e-02,-3.81648099e-02,-3.40547290e-02,-3.04503835e-02,-2.58397254e-02,-2.15763672e-02,-1.76445888e-02,-1.52152354e-02,-1.08346119e-02,-8.22892951e-03,-5.74616517e-03,-2.56267971e-03,5.91739736e-04,3.80859070e-03,5.12382215e-03,3.84294189e-03,5.02031125e-03,6.78173229e-03,9.99532512e-03,1.26769588e-02,1.39917421e-02
-2.79466224e-02,-2.78504087e-02,-2.97407968e-02,-3.55284139e-02,-4.08969647e-02,-4.44565877e-02,-4.67032700e-02,-4.72836012e-02,-4.59356099e-02,-4.60244350e-02,-4.87064419e-02,-5.16194457e-02,-5.43703330e-02,-5.62757234e-02,-5.82427224e-02,-5.81927716e-02,-5.84578630e-02,-5.78175664e-02,-5.62724400e-02,-5.21301526e-02,-4.66708999e-02,-3.94941985e-02,-3.46276411e-02,-2.99536323e-02,-2.53632117e-02,-1.96039784e-02,-1.22692770e-02,-4.87900826e-03,2.61801495e-03,7.34077756e-03,1.18681316e-02,1.61361314e-02,2.01217474e-02,2.51246587e-02,2.78992572e-02,3.02535464e-02,3.27131114e-02,3.35094010e-02,3.37669240e-02,3.50491554e-02,3.71463060e-02,3.78790269e-02,3.68798929e-02,3.34466927e-02,3.11374530e-02,2.68087597e-02,1.94782526e-02,1.37992722e-02,1.02707813e-02,6.27153975e-03,1.74866791e-03,-3.24955873e-03,-8.29087198e-03,-1.48068293e-02,-2.14799199e-02,-2.68381903e-02,-2.96247877e-02,-3.16052680e-02,-3.55898721e-02,-3.98464330e-02,-3.76744066e-02,-3.54875301e-02,-3.28141796e-02,-3.03694415e-02
-2.28534601e-03,-3.63884297e-03,-5.80043194e-03,-6.83425444e-03,-5.71204941e-03,-3.65366338e-03,-8.07347452e-04,2.32402442e-03,4.98915320e-03,5.91801015e-03,2.53604299e-03,-2.01536229e-03,-8.48898597e-03,-1.38221359e-02,-1.62415665e-02,-1.71314366e-02,-1.89886272e-02,-1.89426182e-02,-1.93510019e-02,-1.85870421e-02,-1.63235212e-02,-1.45607638e-02,-1.31331009e-02,-1.40524860e-02,-1.50701552e-02,-1.61917155e-02,-1.50393819e-02,-1.32958882e-02,-1.22445218e-02,-1.29407844e-02,-1.39634645e-02,-1.74135880e-02,-2.07387185e-02,-2.29648294e-02,-2.25747255e-02,-2.38565408e-02,-2.38429138e-02,-2.46912644e-02,-2.56292542e-02,-2.58763389e-02,-2.53654436e-02,-2.49476615e-02,-2.53550486e-02,-2.38493608e-02,-2.20071174e-02,-1.71631388e-02,-1.38720873e-02,-1.29817169e-02,-1.38239035e-02,-1.52190569e-02,-1.32830495e-02,-1.07278865e-02,-9.70350923e-03,-9.72781473e-03,-1.04135151e-02,-1.01553195e-02,-1.10766320e-02,-1.07282411e-02,-8.96424547e-03,-7.30714691e-03,-6.19544238e-03,-4.82386383e-03,-2.78713464e-03,-1.07749438e-03
1.08312064e-02,8.46182743e-03,7.25570321e-03,6.45743440e-03,6.08499433e-03,5.51063559e-03,4.88245209e-03,3.34927628e-03,-1.40778512e-04,-3.01371933e-03,-5.07103260e-03,-5.73423513e-03,-5.35822709e-03,-4.81533245e-03,-2.58123072e-03,-3.06024967e-03,-4.49601177e-03,-4.44357806e-03,-3.62921960e-03,-9.71030007e-04,2.40705848e-03,4.88737603e-03,8.35326248e-03,1.22750881e-02,1.45485695e-02,1.41410274e-02,1.42303840e-02,1.19155066e-02,7.14555169e-03,3.24743097e-03,-3.57915872e-04,-2.38680396e-03,-4.42600212e-03,-5.89504794e-03,-4.42229945e-03,-5.99981758e-04,3.77599925e-03,7.30351046e-03,1.09627018e-02,1.36782246e-02,1.55191930e-02,1.77508583e-02,1.94938939e-02,1.91330355e-02,1.84402620e-02,1.80655164e-02,1.95585757e-02,2.08107960e-02,2.11295832e-02,2.00654345e-02,1.77396261e-02,1.96285022e-02,2.28202628e-02,2.45821404e-02,2.44704483e-02,2.39910723e-02,2.22469570e-02,2.13389969e-02,2.03052133e-02,1.97584080e-02,1.96844511e-02,2.02726141e-02,1.79582540e-02,1.36348455e-02
8.14776750e-03,7.01874715e-03,7.62467797e-03,7.59802157e-03,7.50567929e-03,8.07497605e-03,9.34580826e-03,1.30978615e-02,1.53552623e-02,1.55203097e-02,1.71588383e-02,1.60323746e-02,1.23164042e-02,1.14331716e-02,1.08984795e-02,1.11605310e-02,1.16097988e-02,1.07099425e-02,1.19351514e-02,1.17454639e-02,1.18251134e-02,1.29221779e-02,1.46769945e-02,1.35024906e-02,1.23371332e-02,8.71528214e-03,4.74903914e-03,3.32960399e-03,2.59719430e-03,7.13960887e-04,9.99032895e-04,1.27350407e-03,1.65529595e-03,1.31910972e-03,2.10908372e-03,4.62283847e-03,6.30522654e-03,8.70074274e-03,1.13233721e-02,1.38008377e-02,1.70046422e-02,1.92344880e-02,2.06616032e-02,2.01266681e-02,2.03856067e-02,2.19363883e-02,2.35675033e-02,2.60031404e-02,2.81710004e-02,2.96148050e-02,3.15212037e-02,3.19646811e-02,3.15827972e-02,2.91006495e-02,2.69132429e-02,2.69227331e-02,2.58754266e-02,2.15359184e-02,1.60153194e-02,1.30703077e-02,1.25737595e-02,1.15641493e-02,1.07467792e-02,9.71118095e-03
-3.52024185e-03,-3.38898766e-03,-1.29331077e-03,1.62277169e-03,4.80097432e-03,8.14238797e-03,1.08478870e-02,1.18878068e-02,1.28047795e-02,1.14984891e-02,1.03767511e-02,9.09762797e-03,6.99753954e-03,4.72018723e-03,5.00424402e-03,6.14805632e-03,6.86373450e-03,8.12220872e-03,8.05423087e-03,6.19965135e-03,4.33822753e-03,2.06323336e-03,1.48819467e-03,1.24931412e-03,4.47000986e-05,-4.17198019e-04,8.65033590e-04,1.51049640e-03,1.57962531e-03,2.85803344e-03,5.17747854e-03,6.97365250e-03,7.80542336e-03,1.11778302e-02,1.32766486e-02,1.38443672e-02,1.26295078e-02,9.95966573e-03,8.11593385e-03,8.59332194e-03,8.20899972e-03,8.79105157e-03,9.49800529e-03,9.27838942e-03,6.63679450e-03,2.61877536e-03,-1.09868356e-03,-4.41464296e-03,-3.79285858e-03,2.17804813e-04,5.94675979e-03,1.09022592e-02,1.63394067e-02,1.68635538e-02,1.42274423e-02,1.29360294e-02,1.59155581e-02,1.73845213e-02,1.61176929e-02,1.24567651e-02,1.01373763e-02,7.19723236e-03,2.77239602e-03,-1.38495871e-03
1.85016502e-02,1.62490399e-02,1.26950311e-02,1.20883905e-02,1.11588445e-02,8.76491012e-03,4.57684149e-03,1.01982628e-03,-2.59118501e-03,-5.73602962e-03,-9.23555405e-03,-1.14211534e-02,-1.15933153e-02,-1.10527784e-02,-1.09094235e-02,-1.02814150e-02,-9.28406957e-03,-5.65784135e-03,-1.81429303e-04,7.78163751e-03,1.44647323e-02,2.16470256e-02,2.68748067e-02,3.09600114e-02,3.41878254e-02,3.81684838e-02,4.36538080e-02,4.92252531e-02,5.31682037e-02,5.40814444e-02,5.31325071e-02,5.10542991e-02,4.93827453e-02,4.91592664e-02,4.89707066e-02,4.91358664e-02,4.91945385e-02,4.90237040e-02,5.07751433e-02,5.22343760e-02,5.15615855e-02,4.99701907e-02,4.83573330e-02,4.70092715e-02,4.61300500e-02,4.53456667e-02,4.29070195e-02,4.28413775e-02,4.23694207e-02,3.75902075e-02,3.54691815e-02,3.46589090e-02,3.36981150e-02,3.29090596e-02,3.30090825e-02,3.29122779e-02,3.20927983e-02,3.34104883e-02,3.46878909e-02,3.27230768e-02,3.14159343e-02,2.91850346e-02,2.50562975e-02,2.16597745e-02
3.47001819e-02,3.64280718e-02,3.80874180e-02,4.04980320e-02,4.14709456e-02,4.40432593e-02,4.52963864e-02,4.59356984e-02,4.63583392e-02,4.63055858e-02,4.71746506e-02,4.57549108e-02,4.27169484e-02,3.80521845e-02,3.42278797e-02,3.28176443e-02,3.04897907e-02,2.89998890e-02,2.73918087e-02,2.32892720e-02,1.93953988e-02,1.43918499e-02,9.75792452e-03,7.86368210e-03,6.91825760e-03,6.46244692e-03,6.32775119e-03,5.82285278e-03,3.99345896e-03,3.71172643e-03,4.32683645e-03,4.29242868e-03,4.64136137e-03,6.14439456e-03,8.01019722e-03,1.13737248e-02,1.42392920e-02,1.67382600e-02,1.80698768e-02,1.97508875e-02,2.14183237e-02,2.38614078e-02,2.47298350e-02,2.50682318e-02,2.44245755e-02,2.11892340e-02,1.66818608e-02,1.26714791e-02,8.63479403e-03,6.97029253e-03,6.29537316e-03,5.62618409e-03,5.70974421e-03,7.56214497e-03,1.14447186e-02,1.31125957e-02,1.53646874e-02,1.85010566e-02,2.01311532e-02,2.26864127e-02,2.54431448e-02,2.74158919e-02,3.10153114e-02,3.38736522e-02
2.75547523e-02,2.59984192e-02,2.35111558e-02,2.01514156e-02,1.80934575e-02,1.57436994e-02,1.27378220e-02,1.03052657e-02,8.85110102e-03,5.75424040e-03,3.73733557e-03,1.64788251e-03,-9.72049710e-04,-3.93801036e-03,-6.13049626e-03,-8.87021027e-03,-1.19321578e-02,-1.25277529e-02,-9.17004241e-03,-5.94018985e-03,-5.93882615e-05,5.80350242e-03,1.31740578e-02,1.91276758e-02,2.00540346e-02,1.93074926e-02,1.66193485e-02,1.42078871e-02,1.11514454e-02,7.15890257e-03,3.32411809e-03,1.71613734e-03,4.01835955e-03,7.39730467e-03,1.27801069e-02,1.98611042e-02,2.89948280e-02,3.60039477e-02,4.15557738e-02,4.36581076e-02,4.37253213e-02,4.50103928e-02,4.87912410e-02,5.19879679e-02,5.61300883e-02,5.92524116e-02,5.98317442e-02,5.86261843e-02,5.91812809e-02,5.98716551e-02,5.86427139e-02,5.53337802e-02,5.28030619e-02,5.04558081e-02,4.85989934e-02,4.78154863e-02,4.56784771e-02,4.19683502e-02,3.67523190e-02,3.32900203e-02,3.06217820e-02,2.98848540e-02,2.88805137e-02,2.75601527e-02
-7.79615726e-03,-7.89107095e-03,-6.55523333e-03,-4.77417413e-03,-4.16199920e-03,-3.27060019e-03,-3.25356768e-03,-3.25083794e-03,-1.79508714e-03,-1.59177919e-03,-3.07918993e-03,-7.86452910e-03,-1.30513464e-02,-1.66499743e-02,-2.03736699e-02,-2.39096438e-02,-2.38811356e-02,-2.43056810e-02,-2.47929916e-02,-2.44801694e-02,-2.25801148e-02,-2.12866264e-02,-1.98734680e-02,-2.04645878e-02,-2.05635059e-02,-1.82779623e-02,-1.33665169e-02,-6.63248230e-03,-8.10525118e-04,5.60123416e-03,1.03141576e-02,1.48535102e-02,1.86663377e-02,2.24381277e-02,2.69789482e-02,2.99347247e-02,3.10198532e-02,3.04247036e-02,3.03367965e-02,3.18903150e-02,3.14519645e-02,2.98274746e-02,2.83488235e-02,2.60448964e-02,2.52522824e-02,2.50229331e-02,2.54960676e-02,2.72677422e-02,2.94844994e-02,3.13410759e-02,3.27665501e-02,3.42645557e-02,3.34214015e-02,3.28067575e-02,3.09147039e-02,2.98533422e-02,2.80317855e-02,2.40270561e-02,1.93156950e-02,1.21166980e-02,4.67343960e-03,2.86366906e-04,-2.68544383e-03,-5.70023422e-03
-3.42351266e-02,-3.46281567e-02,-3.51378007e-02,-3.45704939e-02,-3.23142376e-02,-2.91725883e-02,-2.61593757e-02,-2.44287509e-02,-2.35935930e-02,-2.08811332e-02,-1.81923774e-02,-1.44015392e-02,-1.13826926e-02,-8.41901229e-03,-3.99042677e-03,1.76862513e-03,8.20404550e-03,1.16769181e-02,1.29707388e-02,1.08031139e-02,1.26591569e-02,1.44659309e-02,1.35663513e-02,1.20912206e-02,1.26387718e-02,1.35840578e-02,1.29255568e-02,1.18977427e-02,1.00303413e-02,8.69064535e-03,9.84648401e-03,1.05488376e-02,1.19789649e-02,1.22434138e-02,1.04719629e-02,7.23185698e-03,5.34306965e-03,4.18449366e-03,2.62428475e-03,-8.65186920e-05,-4.82849130e-03,-7.12666241e-03,-7.54540665e-03,-1.02642939e-02,-1.58678906e-02,-2.19234049e-02,-2.80164158e-02,-3.39315534e-02,-3.84468097e-02,-4.23584363e-02,-4.37778802e-02,-4.36257729e-02,-4.29791159e-02,-4.00146260e-02,-3.78067722e-02,-3.54550153e-02,-3.44353514e-02,-3.27919327e-02,-3.21751422e-02,-3.24306341e-02,-3.23050794e-02,-3.16119770e-02,-3.22996991e-02,-3.42771313e-02
-2.05639063e-05,-2.19847574e-03,-4.79680181e-03,-7.88106496e-03,-1.03153839e-02,-1.29093814e-02,-1.48707067e-02,-1.68851762e-02,-1.65039395e-02,-1.64942194e-02,-1.69739084e-02,-1.85013400e-02,-2.12754622e-02,-2.62063457e-02,-3.15894928e-02,-3.45725595e-02,-3.78961066e-02,-3.87810804e-02,-3.95562294e-02,-4.01305451e-02,-4.05908728e-02,-4.24361149e-02,-4.51240477e-02,-4.75274798e-02,-4.79370633e-02,-4.79127972e-02,-4.86113314e-02,-4.90865966e-02,-4.92584638e-02,-5.08931560e-02,-5.26681426e-02,-5.30711055e-02,-5.34095768e-02,-5.48628477e-02,-5.71340090e-02,-5.80441655e-02,-5.67591671e-02,-5.31266218e-02,-4.77749948e-02,-4.28664196e-02,-4.16784898e-02,-4.22586162e-02,-4.19676110e-02,-4.06940333e-02,-3.89382094e-02,-3.80498398e-02,-3.59829133e-02,-3.51202529e-02,-3.69898567e-02,-3.72010876e-02,-3.72088604e-02,-3.42493418e-02,-3.13087142e-02,-2.81393981e-02,-2.43534401e-02,-2.02178376e-02,-1.63145926e-02,-1.16097039e-02,-7.78065016e-03,-3.70840222e-03,-1.80514350e-03,1.05386209e-03,3.03051153e-03,2.08453845e-03
-2.15656621e-02,-2.31682905e-02,-2.29464808e-02,-1.87731925e-02,-1.34837881e-02,-9.26602097e-03,-5.27087857e-03,-5.93166605e-05,4.79475165e-03,7.57853728e-03,1.00777649e-02,1.47594779e-02,1.90280876e-02,2.24955496e-02,2.39562965e-02,2.49585537e-02,2.68056390e-02,2.86714482e-02,2.71939732e-02,2.47505067e-02,2.14935419e-02,1.70024651e-02,1.20512824e-02,7.87640389e-03,6.80034032e-03,5.19820723e-03,2.31415517e-03,-1.51599033e-03,-3.59145892e-03,-3.03090098e-03,-3.56499201e-04,9.52978691e-04,-1.25268779e-05,-7.86115155e-04,-1.09371966e-03,-1.63492275e-03,-1.40429027e-03,-1.22327881e-03,-8.03701390e-04,-3.29616811e-04,3.25500946e-04,-2.45220187e-03,-3.62835030e-03,-2.39363607e-03,-1.01911768e-03,2.76871468e-04,4.52706629e-04,-7.22973717e-04,-2.83886398e-03,-4.47945956e-03,-5.79378552e-03,-9.70201909e-03,-1.25344090e-02,-1.47596403e-02,-1.63517818e-02,-1.71499100e-02,-1.74554352e-02,-1.64411829e-02,-1.74953401e-02,-1.72583734e-02,-1.63742624e-02,-1.70165763e-02,-1.91295054e-02,-2.06444833e-02
-3.77378126e-02,-3.48884445e-02,-3.29600815e-02,-3.06093639e-02,-2.56517602e-02,-2.19897647e-02,-1.87872190e-02,-1.56251235e-02,-1.56505002e-02,-2.00912573e-02,-2.45088835e-02,-3.02436947e-02,-3.40401248e-02,-3.52742331e-02,-3.38429804e-02,-3.16716297e-02,-2.82524475e-02,-2.46197977e-02,-2.04475747e-02,-1.65481282e-02,-1.16478413e-02,-5.30092797e-03,2.00380081e-03,6.73886778e-03,8.68663849e-03,1.08746220e-02,1.33107746e-02,1.57192454e-02,1.81675627e-02,1.91671341e-02,1.81604569e-02,1.45992791e-02,1.12158585e-02,9.25837148e-03,8.37835934e-03,8.11468693e-03,7.73422868e-03,6.53249280e-03,7.61135945e-03,8.09766284e-03,7.46793684e-03,6.20891240e-03,2.56736644e-03,7.41499687e-05,-1.44830883e-03,-3.39821541e-03,-5.47583874e-03,-7.75459687e-03,-1.13691424e-02,-1.50038039e-02,-2.09543133e-02,-2.66089719e-02,-2.96184309e-02,-3.13166520e-02,-3.24829192e-02,-3.27011400e-02,-3.51958632e-02,-3.69841594e-02,-3.85035946e-02,-3.91033003e-02,-3.98770983e-02,-3.99682757e-02,-4.08142704e-02,-3.98403258e-02
-4.15855849e-02,-4.42769687e-02,-4.79136381e-02,-5.34582489e-02,-5.88201252e-02,-6.14376760e-02,-6.10617865e-02,-5.88691013e-02,-5.67109912e-02,-5.50583831e-02,-5.27555772e-02,-5.16493184e-02,-5.16652826e-02,-5.04933384e-02,-4.94140798e-02,-4.88486465e-02,-4.86423014e-02,-5.00372349e-02,-5.23100613e-02,-5.36888378e-02,-5.37311590e-02,-5.47665303e-02,-5.45658040e-02,-5.73473282e-02,-6.09218334e-02,-6.14163601e-02,-6.15077464e-02,-6.25656428e-02,-6.49990796e-02,-6.69466121e-02,-6.62053403e-02,-6.64172278e-02,-6.60470889e-02,-6.40003365e-02,-6.41284939e-02,-6.39932401e-02,-6.45221831e-02,-6.54080311e-02,-6.64797362e-02,-6.58857581e-02,-6.52299351e-02,-6.46871994e-02,-6.48987254e-02,-6.66278171e-02,-6.81719290e-02,-6.54558240e-02,-6.45153941e-02,-6.38924871e-02,-6.18653088e-02,-5.94893005e-02,-5.76485803e-02,-5.44634653e-02,-5.10275591e-02,-4.78622456e-02,-4.65709271e-02,-4.57226933e-02,-4.45668118e-02,-4.32007766e-02,-4.21557277e-02,-4.18705559e-02,-4.18503988e-02,-4.24143800e-02,-4.29877862e-02,-4.22439540e-02
2.34403478e-02,2.02723220e-02,1.64090616e-02,1.33450481e-02,8.67321495e-03,8.45577805e-04,-6.05780420e-03,-9.61492104e-03,-1.24299532e-02,-1.50795245e-02,-1.66652769e-02,-1.73136003e-02,-1.58359819e-02,-1.59152398e-02,-1.42186452e-02,-1.06536702e-02,-8.79996319e-03,-8.67544937e-03,-9.42870921e-03,-8.86243044e-03,-7.43729347e-03,-5.14991682e-03,-2.97324750e-03,-2.49271190e-03,-2.98578239e-03,-4.33951510e-03,-6.91435086e-03,-9.67953352e-03,-1.18135233e-02,-1.19124865e-02,-1.11518870e-02,-9.67534796e-03,-8.47662837e-03,-6.87616833e-03,-6.57404879e-03,-3.66425301e-03,-3.61639249e-05,3.88252819e-03,9.02698205e-03,1.36920096e-02,1.38784249e-02,1.07372125e-02,6.97007011e-03,5.51140537e-03,7.28509271e-03,7.67730269e-03,8.40950116e-03,1.04252804e-02,1.22813821e-02,1.61458091e-02,1.86792231e-02,2.07525193e-02,2.09864292e-02,2.00762101e-02,1.98396364e-02,2.02414200e-02,2.05960726e-02,2.14955490e-02,2.14627023e-02,2.39559774e-02,2.54594069e-02,2.50401707e-02,2.66368413e-02,2.61900894e-02
-2.29701477e-02,-2.22849980e-02,-2.06580254e-02,-1.73508119e-02,-1.33375973e-02,-8.60602042e-03,-2.53660945e-03,1.51459881e-03,2.32614489e-03,2.97238499e-03,3.35400036e-03,2.83299324e-03,7.05842398e-04,-1.16565961e-03,1.76819139e-03,4.41287629e-03,5.97374365e-03,6.71357492e-03,9.04419831e-03,1.01124369e-02,1.00328521e-02,1.11905804e-02,1.03782566e-02,8.25112646e-03,7.96412873e-03,5.32096877e-03,1.01702341e-03,-4.32372104e-04,-1.68686858e-03,3.71346287e-04,2.20818817e-03,4.66512983e-03,5.97043353e-03,7.04082387e-03,7.31887987e-03,6.83262466e-03,7.20697316e-03,6.59756762e-03,3.66263558e-03,-3.79460577e-04,-3.94357739e-03,-5.88511017e-03,-8.19022713e-03,-1.17731956e-02,-1.59693766e-02,-2.17730206e-02,-2.59434582e-02,-2.72823009e-02,-2.85834327e-02,-2.82104974e-02,-2.78395661e-02,-2.38319955e-02,-1.75294600e-02,-1.23836438e-02,-7.22042426e-03,-3.13619156e-03,-8.57345978e-04,-2.57788463e-03,-1.77907172e-03,-2.73624257e-03,-7.94524367e-03,-1.34318756e-02,-1.91935965e-02,-2.20224065e-02
-3.32072228e-02,-3.94484301e-02,-4.51095986e-02,-4.98789657e-02,-5.06437545e-02,-4.91889008e-02,-4.85954075e-02,-4.73463639e-02,-4.58565168e-02,-4.31561390e-02,-4.11907986e-02,-3.99864383e-02,-3.80080409e-02,-3.43794711e-02,-2.95352613e-02,-2.58325215e-02,-2.01632570e-02,-1.32648850e-02,-8.36510382e-03,-4.10417238e-03,-6.02952014e-04,3.75098746e-03,7.00582533e-03,9.34186756e-03,9.86755144e-03,1.05389176e-02,9.64581149e-03,8.44577747e-03,5.55825496e-03,2.05909697e-03,2.29570155e-03,3.39850802e-03,3.65054284e-03,2.41155633e-03,3.91326121e-04,-1.85181867e-03,-1.57876771e-03,-8.37500477e-04,-8.11223619e-04,9.28869993e-04,3.02311789e-03,5.09586358e-03,7.41839296e-03,8.85336256e-03,9.45516161e-03,9.36245101e-03,1.06837207e-02,1.17220227e-02,1.32436168e-02,1.51959018e-02,1.69090680e-02,1.87239213e-02,1.92803253e-02,1.81590356e-02,1.50086757e-02,1.25492567e-02,9.55342080e-03,5.48216595e-03,4.93772945e-04,-6.87841645e-03,-1.31670473e-02,-1.69073299e-02,-2.23861045e-02,-2.76817712e-02
-2.00741991e-02,-2.53414132e-02,-2.89414817e-02,-3.02436096e-02,-2.95781146e-02,-3.04645490e-02,-3.15313715e-02,-3.32748337e-02,-3.66579274e-02,-3.83553706e-02,-3.97806355e-02,-3.99935686e-02,-3.83991267e-02,-3.65630023e-02,-3.66287484e-02,-3.73153055e-02,-3.88679856e-02,-3.96087121e-02,-4.06814389e-02,-4.10015898e-02,-3.97274916e-02,-3.91123007e-02,-3.62735792e-02,-3.03713477e-02,-2.52213784e-02,-2.19873269e-02,-1.71220720e-02,-1.19908951e-02,-7.29892009e-03,-4.41396637e-03,-2.24474443e-03,-1.63935454e-03,-2.15190813e-03,-3.65394475e-03,-5.48233386e-03,-7.26480018e-03,-1.01613408e-02,-1.10416865e-02,-1.29549004e-02,-1.39850634e-02,-1.44724008e-02,-1.16156341e-02,-8.46068365e-03,-7.73183881e-03,-6.18668958e-03,-4.73960103e-03,-3.62813529e-03,-1.36377203e-03,2.50932387e-03,5.29558213e-03,7.74127952e-03,1.00117974e-02,1.10879005e-02,1.18848018e-02,1.17468964e-02,1.28616019e-02,1.24268280e-02,1.06564756e-02,8.30174748e-03,6.02582516e-03,2.02836136e-03,-3.20643508e-03,-7.90060112e-03,-1.42160693e-02
-4.30067007e-03,-5.11564802e-03,-5.43543369e-03,-4.29833296e-03,-1.14813858e-03,2.58468443e-03,5.54553991e-03,6.79405608e-03,5.56925342e-03,1.60675306e-03,-2.39319955e-03,-4.63114553e-03,-6.23729815e-03,-9.66658972e-03,-1.57108850e-02,-2.00317824e-02,-2.38525695e-02,-2.88603919e-02,-3.43271713e-02,-3.86368240e-02,-4.13184691e-02,-4.04553581e-02,-3.89440043e-02,-3.92445938e-02,-4.00918905e-02,-4.10641089e-02,-3.86363522e-02,-3.80288500e-02,-3.91641640e-02,-4.18922645e-02,-4.47207933e-02,-4.68249760e-02,-4.64267001e-02,-4.25527915e-02,-3.97138674e-02,-3.93640698e-02,-3.68757530e-02,-3.36773489e-02,-2.97646051e-02,-2.66344114e-02,-2.42615251e-02,-2.16016569e-02,-1.95266536e-02,-1.80356727e-02,-1.55051947e-02,-1.21247980e-02,-9.39511691e-03,-7.53500965e-03,-8.10374883e-03,-9.57982545e-03,-1.05180986e-02,-9.28204283e-03,-7.77539212e-03,-5.45701176e-03,-2.40430287e-03,9.07552346e-05,1.73981610e-03,2.50493559e-03,2.62234449e-03,2.96532158e-03,1.78691452e-03,2.29153636e-04,-8.95862076e-04,-2.53775494e-03
5.25344719e-02,5.00295475e-02,4.78376434e-02,4.55567953e-02,4.31674023e-02,4.15678769e-02,3.89823941e-02,3.72058592e-02,3.43838721e-02,3.43959373e-02,3.43522157e-02,3.40424045e-02,3.30658910e-02,3.16835842e-02,3.06375670e-02,3.12573125e-02,3.30759378e-02,3.37324634e-02,3.14473226e-02,2.69489941e-02,2.29147398e-02,2.04481181e-02,1.75571247e-02,1.43097376e-02,1.15225338e-02,9.89371882e-03,8.95974293e-03,7.47950330e-03,6.46250130e-03,4.56844820e-03,3.07809884e-04,-7.24536677e-04,-3.39852880e-03,-5.92085344e-03,-7.42983388e-03,-7.77690780e-03,-5.30441201e-03,1.18764645e-04,6.30358085e-03,1.04297136e-02,1.43138553e-02,1.68589803e-02,1.86688485e-02,2.14086781e-02,2.51300392e-02,2.93733519e-02,3.18599794e-02,3.17699342e-02,3.11055725e-02,2.95933245e-02,2.70740394e-02,2.63987018e-02,2.59773443e-02,2.63724087e-02,2.44439274e-02,2.34965884e-02,2.36757967e-02,2.68575744e-02,2.94871650e-02,3.37362096e-02,3.87246722e-02,4.47895478e-02,5.04743447e-02,5.32259583e-02
-4.75497454e-02,-4.44075652e-02,-4.11151941e-02,-3.82925146e-02,-3.43113616e-02,-3.19213121e-02,-3.18941520e-02,-3.12748961e-02,-3.04697845e-02,-2.80047057e-02,-2.18702052e-02,-1.47639069e-02,-9.31815260e-03,-3.08087740e-03,3.00656508e-03,6.38597371e-03,9.14981812e-03,7.89882209e-03,4.09012412e-03,1.55273527e-03,1.25360182e-03,2.22986749e-03,2.39514164e-03,3.72388715e-04,-2.17263859e-03,-3.42873313e-03,-4.78174887e-03,-6.64718106e-03,-7.85354067e-03,-9.79996082e-03,-1.37794596e-02,-1.77093408e-02,-1.94058210e-02,-1.95386396e-02,-2.10061371e-02,-2.21111020e-02,-2.27677704e-02,-2.42773726e-02,-2.59037741e-02,-2.71253066e-02,-2.82601181e-02,-2.74057760e-02,-2.51381885e-02,-2.29957296e-02,-2.04092749e-02,-1.84489245e-02,-1.81607332e-02,-1.78677817e-02,-1.85059538e-02,-2.05266415e-02,-2.32640337e-02,-2.68624149e-02,-2.96030826e-02,-3.33416859e-02,-3.91356332e-02,-4.35180302e-02,-4.47029218e-02,-4.64167497e-02,-4.80766423e-02,-4.99219061e-02,-4.95601024e-02,-4.89565932e-02,-5.02019105e-02,-4.87606423e-02
1.81532537e-02,2.37057322e-02,2.77063465e-02,3.12113396e-02,3.48894102e-02,3.64977594e-02,3.80035587e-02,4.02412784e-02,3.92978574e-02,3.78138723e-02,3.61546107e-02,3.49016059e-02,3.39167570e-02,3.36370203e-02,3.41439306e-02,3.25528226e-02,2.90512813e-02,2.35137403e-02,1.72940607e-02,1.18229963e-02,8.04526719e-03,4.29973848e-03,1.69889630e-03,2.47575110e-05,-2.53999009e-03,-3.46733800e-03,-3.66371426e-03,-1.30112271e-03,-1.23681007e-03,-2.03651018e-03,-1.24016996e-03,-3.34532866e-05,4.35442954e-04,3.74833129e-04,-7.89278460e-04,-9.10630650e-04,-1.45627702e-03,-1.68024320e-03,-3.74927817e-03,-5.18686428e-03,-6.50084337e-03,-6.88585951e-03,-5.20347622e-03,-3.46518878e-03,-3.79210022e-03,-4.69022783e-03,-5.28715827e-03,-7.38393569e-03,-1.21973143e-02,-1.45144792e-02,-1.53031480e-02,-1.61748905e-02,-1.63987151e-02,-1.84219623e-02,-1.76667262e-02,-1.46030114e-02,-1.23792611e-02,-1.01391173e-02,-6.88227276e-03,-3.59377498e-03,-4.48495454e-04,2.70313862e-03,7.50282393e-03,1.22926665e-02
1.17952720e-02,1.40464841e-02,1.33489668e-02,9.90616085e-03,7.79463388e-03,5.03755141e-03,9.05653971e-04,-5.47207450e-03,-1.05215704e-02,-1.31918284e-02,-1.57138891e-02,-1.67653882e-02,-1.81056435e-02,-2.14913855e-02,-2.81232214e-02,-3.54081447e-02,-4.03922099e-02,-4.44360502e-02,-4.61386729e-02,-4.43574472e-02,-4.48036294e-02,-4.59529559e-02,-4.40321931e-02,-4.20281008e-02,-4.20013698e-02,-4.30638287e-02,-4.14317760e-02,-3.81713545e-02,-3.38528721e-02,-3.01167201e-02,-2.86140714e-02,-2.49648918e-02,-2.04413743e-02,-1.79396401e-02,-1.55914753e-02,-1.25767289e-02,-8.77797346e-03,-4.36215613e-03,1.17154267e-03,7.45211958e-03,1.19805325e-02,1.40591882e-02,1.42827266e-02,1.33766654e-02,1.49406264e-02,1.61199915e-02,1.80647861e-02,2.14279502e-02,2.43522125e-02,2.54297856e-02,2.64707041e-02,2.61274927e-02,2.46457703e-02,2.32777144e-02,2.04090348e-02,1.70379031e-02,1.41741697e-02,1.39027488e-02,1.29869073e-02,1.20082210e-02,1.20543873e-02,1.14791947e-02,1.01313284e-02,1.03275672e-02
2.54912567e-02,2.33729341e-02,2.33480820e-02,2.20246162e-02,2.15420277e-02,2.15755393e-02,2.02274560e-02,1.74111816e-02,1.68933816e-02,1.84696175e-02,2.11124649e-02,2.33949652e-02,2.54607981e-02,2.53087847e-02,2.59655063e-02,2.59392025e-02,2.51349646e-02,2.36614863e-02,2.32346673e-02,2.29443090e-02,1.83247537e-02,1.41221743e-02,1.03939411e-02,7.86961721e-03,7.62403897e-03,7.21856284e-03,5.26696084e-03,4.80106385e-03,5.81110393e-03,7.67548279e-03,8.83050134e-03,8.79634604e-03,1.03472537e-02,1.14901795e-02,1.41389729e-02,1.63016923e-02,1.97118868e-02,2.46075154e-02,2.66881540e-02,3.10592082e-02,3.74382408e-02,4.63615521e-02,5.42155460e-02,5.99335153e-02,6.30162265e-02,6.48918093e-02,6.53943220e-02,6.66427370e-02,6.95803301e-02,7.48213722e-02,7.83753059e-02,7.80126376e-02,7.76927356e-02,7.77178058e-02,7.45496038e-02,7.01083040e-02,6.49760145e-02,6.18585989e-02,5.74452508e-02,5.32165432e-02,4.83254630e-02,4.26222275e-02,3.48624740e-02,2.90948200e-02
-7.74853793e-03,-7.62377288e-03,-7.77736763e-03,-6.85493222e-03,-6.13795505e-03,-7.78586630e-03,-1.01061309e-02,-1.14116365e-02,-1.51065676e-02,-1.70612197e-02,-1.71293575e-02,-1.77127185e-02,-1.69300078e-02,-1.49817432e-02,-1.25534799e-02,-1.12101871e-02,-9.59250405e-03,-8.56329116e-03,-6.67839899e-03,-2.21929150e-03,1.77672572e-03,6.29207936e-03,9.64451181e-03,1.46180500e-02,1.96910902e-02,2.50248709e-02,3.09144302e-02,3.36568425e-02,3.35171917e-02,3.00430751e-02,2.48627581e-02,1.90433333e-02,1.41720833e-02,9.00336933e-03,3.27454857e-03,-9.79172876e-04,-3.61187227e-03,-5.97693789e-03,-8.64723182e-03,-1.37745348e-02,-2.01318424e-02,-2.65860632e-02,-3.28639914e-02,-3.66887905e-02,-3.85614139e-02,-4.02364662e-02,-3.99004349e-02,-3.47869921e-02,-2.75978991e-02,-2.06505342e-02,-1.54532867e-02,-1.09844919e-02,-5.32113366e-03,-1.70252803e-03,2.17216064e-03,6.16111278e-03,7.71465837e-03,8.37084624e-03,8.45196319e-03,5.82775994e-03,2.34485615e-03,-2.12934292e-03,-5.18356824e-03,-7.16937287e-03
-3.21641061e-02,-3.48293341e-02,-3.55775957e-02,-3.55795559e-02,-3.57014123e-02,-3.65984611e-02,-3.52379353e-02,-3.13012771e-02,-3.21605073e-02,-3.45696967e-02,-3.30488217e-02,-3.12260364e-02,-2.80428128e-02,-2.28822791e-02,-1.81560372e-02,-1.19649455e-02,-6.88069550e-03,-3.22559302e-03,1.19296879e-03,5.38673626e-03,7.55167002e-03,8.58206649e-03,9.78300632e-03,1.22920389e-02,1.40864268e-02,1.44524938e-02,1.51813900e-02,1.40075723e-02,1.14963207e-02,1.00694425e-02,9.53148409e-03,7.32486961e-03,4.91579677e-03,2.08434666e-03,-9.04311834e-04,-2.54938647e-03,-2.97280157e-03,-2.66295306e-03,-3.25270900e-03,-2.08963016e-03,-1.77561342e-03,-1.94725602e-03,-2.85035964e-03,-4.26325852e-03,-5.50337087e-03,-7.82376854e-03,-1.00982492e-02,-1.21927869e-02,-1.41242567e-02,-1.33949021e-02,-1.13015504e-02,-1.15278226e-02,-1.17480275e-02,-1.27947404e-02,-1.33021824e-02,-1.45448512e-02,-1.74865046e-02,-1.97650422e-02,-2.05199570e-02,-2.09956543e-02,-2.41652353e-02,-2.67573312e-02,-2.80363900e-02,-2.96564373e-02
-7.20960993e-03,-8.87620152e-03,-7.44724633e-03,-6.20074263e-03,-3.68154376e-03,-9.44435375e-04,2.47810805e-04,2.23618716e-03,5.05850102e-03,6.18368896e-03,6.90633168e-03,6.26345047e-03,5.69445412e-03,6.84215458e-03,6.36278455e-03,5.06194560e-03,6.02252643e-03,6.53788512e-03,5.75160909e-03,3.92193108e-03,1.41117307e-03,-3.99969446e-04,-1.94327148e-03,-4.46708470e-03,-6.93105378e-03,-1.03025675e-02,-1.46328737e-02,-1.93042636e-02,-2.15881375e-02,-2.28410785e-02,-2.28086635e-02,-2.15316773e-02,-2.17874085e-02,-2.44044103e-02,-2.64156822e-02,-2.70081817e-02,-2.63876450e-02,-2.57229756e-02,-2.65079959e-02,-2.73803668e-02,-2.52111405e-02,-2.03912930e-02,-1.56435877e-02,-1.36054085e-02,-1.13047986e-02,-7.63751139e-03,-3.81535777e-03,-2.50398186e-03,-2.45740873e-04,2.79793453e-03,3.05159930e-03,9.47017599e-04,-5.42737426e-04,-1.67567347e-03,-2.78581807e-03,-5.44068390e-03,-7.91019467e-03,-8.72604582e-03,-7.71561795e-03,-7.72540225e-03,-6.52475587e-03,-4.60902056e-03,-5.03975760e-03,-6.06804780e-03
-3.31975431e-03,-2.75243773e-03,-2.96759316e-03,-3.69096531e-03,-5.02194003e-03,-6.94179900e-03,-9.58979393e-03,-1.29899997e-02,-1.91408556e-02,-2.54923475e-02,-3.06324198e-02,-3.49421877e-02,-3.81765457e-02,-3.86286032e-02,-3.78748633e-02,-3.49345730e-02,-3.15225070e-02,-2.89094574e-02,-2.52492304e-02,-2.07871089e-02,-1.65845224e-02,-1.19467349e-02,-9.62018326e-03,-7.88982323e-03,-6.31955697e-03,-5.64678023e-03,-7.54045189e-03,-8.63855970e-03,-7.41644684e-03,-5.71077213e-03,-4.09241909e-03,-2.00516651e-03,9.10357164e-04,2.16652290e-03,1.83607236e-04,-3.45188384e-03,-7.91771361e-03,-1.25432702e-02,-1.75318012e-02,-1.84782339e-02,-2.11677849e-02,-2.44984115e-02,-2.56666899e-02,-2.38274778e-02,-2.09239472e-02,-1.75211079e-02,-1.55704618e-02,-1.18915144e-02,-6.84647230e-03,-4.17214138e-03,-1.09671587e-03,2.17358019e-04,1.63499823e-03,4.07790679e-03,7.09402517e-03,1.01946159e-02,1.39225647e-02,1.32270981e-02,8.99967573e-03,4.86267977e-03,1.48683281e-03,-7.00486542e-04,-2.76736491e-03,-3.83757883e-03
-1.64667866e-02,-1.77257162e-02,-1.77028050e-02,-1.74165522e-02,-1.69106190e-02,-1.79083670e-02,-2.05567590e-02,-2.40091604e-02,-2.71290474e-02,-2.91009355e-02,-3.20140809e-02,-3.38777111e-02,-3.47084469e-02,-3.55301320e-02,-3.55779731e-02,-3.43412078e-02,-3.29656509e-02,-3.10259551e-02,-3.16481813e-02,-3.10966703e-02,-2.93148839e-02,-2.45826704e-02,-2.21604922e-02,-2.12721384e-02,-2.34557700e-02,-2.81417343e-02,-3.14470917e-02,-3.26676345e-02,-3.21949544e-02,-3.32769861e-02,-3.07454006e-02,-2.66011793e-02,-2.03309168e-02,-1.35015880e-02,-7.15835362e-03,-1.95834921e-03,1.63996477e-03,4.85889205e-03,4.86119898e-03,3.30843411e-03,1.52858280e-03,-6.84313417e-04,-2.88828347e-03,-3.35887236e-03,-4.75562263e-03,-5.14797263e-03,-3.44044431e-03,6.01931882e-04,3.84004987e-03,4.87584293e-03,4.71290008e-03,4.67170215e-03,5.30869622e-03,8.75783043e-03,1.03937910e-02,9.43849649e-03,6.59679856e-03,3.19557875e-03,2.84792526e-04,-2.20818873e-03,-5.77682294e-03,-8.74763648e-03,-1.07581454e-02,-1.35585049e-02
1.44697448e-02,1.18184038e-02,9.75381768e-03,7.77803345e-03,7.92687734e-03,9.70862108e-03,1.14238261e-02,1.23456860e-02,1.18260504e-02,1.21218378e-02,1.23056237e-02,7.72801024e-03,2.18895376e-03,-4.10657478e-04,-2.78284306e-03,-7.90638573e-03,-1.26240982e-02,-1.52637386e-02,-1.68296927e-02,-1.95724722e-02,-2.23308150e-02,-2.24455321e-02,-2.22770148e-02,-2.05943053e-02,-1.90447179e-02,-1.74975573e-02,-1.68409912e-02,-1.55959515e-02,-1.43571518e-02,-1.19281080e-02,-7.10131627e-03,-1.18590641e-03,5.83348070e-03,1.34765203e-02,2.02770587e-02,2.81818769e-02,3.46990544e-02,4.06135975e-02,4.56456025e-02,5.27094914e-02,5.68858658e-02,5.89782135e-02,5.83285888e-02,5.44146675e-02,4.85083737e-02,4.20438057e-02,3.59269552e-02,2.93398458e-02,2.47229133e-02,2.11118930e-02,2.23592253e-02,2.51610264e-02,2.77566166e-02,2.77998080e-02,2.67708959e-02,2.58672560e-02,2.67544548e-02,2.64806580e-02,2.58819106e-02,2.50811077e-02,2.33439372e-02,2.08484230e-02,1.67003165e-02,1.49644217e-02
2.97990550e-02,2.74960555e-02,2.53571248e-02,2.30363552e-02,2.14835090e-02,1.89288024e-02,1.58682166e-02,1.52206131e-02,1.54906593e-02,1.47682462e-02,1.55701430e-02,1.70277189e-02,1.51132438e-02,1.40038482e-02,1.27548642e-02,9.96680280e-03,4.65053336e-03,-1.52591694e-03,-6.46839518e-03,-8.15234272e-03,-1.14042722e-02,-1.60046005e-02,-2.20572276e-02,-2.73192358e-02,-3.18623961e-02,-3.53796546e-02,-3.70723296e-02,-3.85064752e-02,-3.63501670e-02,-3.29450867e-02,-3.00838219e-02,-2.66104387e-02,-2.15281738e-02,-1.68697854e-02,-1.29299307e-02,-1.00402933e-02,-6.03555635e-03,-2.00717927e-03,1.06207590e-03,3.88405079e-03,7.03968819e-03,1.18926355e-02,1.45001108e-02,1.60381385e-02,1.70642275e-02,1.51858467e-02,1.21029069e-02,9.64412486e-03,7.89955589e-03,6.30038776e-03,5.00664569e-03,7.60004481e-03,1.35665260e-02,1.87511463e-02,2.35688078e-02,2.78923096e-02,2.93941479e-02,3.01924259e-02,3.16717084e-02,3.20663416e-02,3.19825109e-02,3.17183357e-02,3.23526859e-02,3.13673633e-02
-2.85061449e-02,-2.80256599e-02,-2.50232396e-02,-2.19756128e-02,-2.08556227e-02,-1.97436918e-02,-2.25399309e-02,-2.47159787e-02,-2.60927048e-02,-2.78239003e-02,-2.98962810e-02,-2.95952656e-02,-2.59002517e-02,-2.26248984e-02,-1.83456182e-02,-1.39841014e-02,-8.47031404e-03,-5.91437835e-03,-4.04298663e-03,-2.20611910e-03,-3.93746727e-04,-3.18552922e-04,-5.19642438e-04,-2.56337975e-03,-6.76941808e-03,-9.48074181e-03,-1.05601715e-02,-1.08018751e-02,-1.32309127e-02,-1.60055182e-02,-1.46605438e-02,-1.33253681e-02,-1.39530378e-02,-1.46228143e-02,-1.54892615e-02,-1.67063351e-02,-1.91952297e-02,-1.99943938e-02,-2.00622415e-02,-1.88545526e-02,-1.69038293e-02,-1.50664422e-02,-1.40596469e-02,-1.48782367e-02,-1.55399031e-02,-1.60002081e-02,-1.58468578e-02,-1.42692792e-02,-1.29572891e-02,-1.26142061e-02,-1.36621898e-02,-1.64833311e-02,-1.97000069e-02,-2.24861737e-02,-2.54670651e-02,-2.71227103e-02,-2.86905442e-02,-3.11808789e-02,-3.18364971e-02,-3.19927295e-02,-3.11416719e-02,-3.15208309e-02,-3.07413324e-02,-2.87563836e-02
-1.09576865e-02,-1.30529725e-02,-1.43975225e-02,-1.47024161e-02,-1.64467067e-02,-1.88626047e-02,-2.33434973e-02,-2.70173925e-02,-2.98675369e-02,-3.05706855e-02,-3.04941443e-02,-3.00733775e-02,-3.00591528e-02,-3.11390066e-02,-3.30351177e-02,-3.26846264e-02,-3.25319249e-02,-3.52787576e-02,-4.05067570e-02,-4.45513880e-02,-4.63608750e-02,-4.87894598e-02,-4.90785151e-02,-4.97754132e-02,-5.00404312e-02,-5.00630895e-02,-4.79300265e-02,-4.79231200e-02,-4.60491860e-02,-4.05655301e-02,-3.75231315e-02,-3.41407011e-02,-3.32343200e-02,-3.41784536e-02,-3.23490248e-02,-3.02683043e-02,-2.95243232e-02,-2.79952962e-02,-2.48369413e-02,-2.35370268e-02,-2.38006785e-02,-2.58526909e-02,-2.88370408e-02,-3.15308273e-02,-3.19138777e-02,-2.97409274e-02,-2.65370361e-02,-2.55555712e-02,-2.49921574e-02,-2.33082740e-02,-2.00432659e-02,-1.74444644e-02,-1.81714937e-02,-1.94619961e-02,-2.02753458e-02,-1.92173147e-02,-1.63838596e-02,-1.37856540e-02,-1.19580058e-02,-1.11620700e-02,-1.00352879e-02,-8.48731816e-03,-7.53190548e-03,-8.80910532e-03
4.45220931e-02,4.28409071e-02,4.09983958e-02,3.89205298e-02,3.54822549e-02,3.23606464e-02,2.94701065e-02,2.73159582e-02,2.45634884e-02,2.32410609e-02,2.41724697e-02,2.54944583e-02,2.40197242e-02,2.30568514e-02,2.36994207e-02,2.35528098e-02,2.19428481e-02,2.00177429e-02,1.51456502e-02,1.05991234e-02,8.96270243e-03,6.57293393e-03,4.23348246e-03,2.48846393e-03,6.31203880e-04,2.60206149e-03,4.97161029e-03,8.17332710e-03,1.09596518e-02,1.12999027e-02,1.14608082e-02,1.12098360e-02,1.02682132e-02,9.50515773e-03,8.34439490e-03,7.09750514e-03,6.32154164e-03,7.35389752e-03,8.49490688e-03,9.25239172e-03,1.06705691e-02,1.09009091e-02,1.06097908e-02,1.25166636e-02,1.46893810e-02,1.66298542e-02,1.79154601e-02,1.74019680e-02,1.63234112e-02,1.53494814e-02,1.55287744e-02,1.65141760e-02,1.89629050e-02,2.06043545e-02,2.44963389e-02,2.94532251e-02,3.57053640e-02,4.29253960e-02,4.86824060e-02,5.17582227e-02,5.24009040e-02,4.97169265e-02,4.77556615e-02,4.62300237e-02
3.14927067e-02,3.65037500e-02,4.20321487e-02,4.69207933e-02,5.14658572e-02,5.60693261e-02,5.93030216e-02,6.04512150e-02,6.02566356e-02,6.11014957e-02,6.09895874e-02,5.90658900e-02,5.64662929e-02,5.24012971e-02,4.77614067e-02,4.22649116e-02,3.78783777e-02,3.19263207e-02,2.56092784e-02,2.41261184e-02,2.25684132e-02,2.00901056e-02,1.67496553e-02,1.38377522e-02,1.11616101e-02,1.08859266e-02,1.02748280e-02,1.03194598e-02,1.02841025e-02,1.11352776e-02,1.13600645e-02,7.96255703e-03,4.54318249e-03,4.52067285e-04,-7.47835239e-04,-1.18530115e-03,1.42436198e-05,-9.14815607e-04,-1.30480274e-03,-4.48553950e-03,-6.28827336e-03,-5.62868269e-03,-4.63819709e-03,-2.33849597e-03,-3.23056345e-04,1.10747945e-03,3.67107456e-03,5.10355731e-03,5.55832851e-03,6.42514440e-03,6.03860362e-03,5.10730347e-03,4.09510503e-03,3.48234363e-03,1.58894813e-03,1.10220515e-03,1.14827672e-03,1.97724117e-03,3.35558948e-03,8.62097443e-03,1.39035216e-02,1.81403945e-02,2.20141907e-02,2.68847655e-02
-1.41189308e-02,-9.12222084e-03,-3.42154470e-03,1.04636808e-03,3.07262433e-03,5.95289437e-03,1.06386533e-02,1.46244776e-02,1.87952679e-02,2.26438696e-02,2.55168015e-02,2.76731975e-02,2.86608393e-02,2.74113713e-02,2.54721903e-02,2.28122840e-02,2.27453003e-02,2.26928149e-02,1.99307597e-02,1.89664073e-02,2.05046345e-02,2.17145917e-02,2.24482076e-02,2.36628607e-02,2.50263934e-02,2.59512445e-02,2.82318724e-02,3.15960712e-02,3.26165598e-02,3.18774294e-02,2.75704420e-02,2.19868626e-02,1.95084648e-02,1.54873164e-02,9.79510632e-03,5.30808706e-03,2.71013419e-03,-8.74069884e-04,-3.87090576e-03,-8.83341248e-03,-1.55963013e-02,-2.22193585e-02,-2.75243959e-02,-3.10821190e-02,-3.35301128e-02,-3.49392979e-02,-3.31204970e-02,-3.08988756e-02,-3.17029765e-02,-3.51216025e-02,-3.72578926e-02,-3.92369601e-02,-4.19647970e-02,-4.53363186e-02,-4.62278775e-02,-4.63296181e-02,-4.53679395e-02,-4.27921240e-02,-3.85870562e-02,-3.39971698e-02,-2.88624808e-02,-2.41245462e-02,-2.09554028e-02,-1.79368041e-02
2.64202846e-02,2.79800319e-02,2.89568042e-02,2.92844546e-02,2.92973273e-02,3.03709425e-02,3.01294806e-02,2.63420781e-02,2.29938144e-02,1.82964653e-02,1.62362533e-02,1.58412836e-02,1.48572802e-02,1.42729118e-02,1.63217385e-02,1.97354715e-02,2.14358185e-02,2.38704371e-02,2.56293454e-02,2.65067072e-02,2.64778044e-02,2.52545051e-02,2.43368725e-02,2.10726643e-02,1.72689354e-02,1.37740152e-02,9.97260791e-03,6.60912186e-03,3.89026387e-03,3.90300458e-03,2.87105861e-03,1.88422965e-03,-8.10689309e-04,-1.91240441e-03,-1.67789332e-03,-2.46436575e-03,1.02762154e-04,3.41334522e-03,6.78646776e-03,1.07886205e-02,1.42935893e-02,1.62920234e-02,1.81052622e-02,2.14654514e-02,2.35285408e-02,2.18990284e-02,1.72773632e-02,1.17951222e-02,1.06757332e-02,9.55406381e-03,1.00546796e-02,1.13667810e-02,1.14446093e-02,1.00319978e-02,8.09805467e-03,7.69335737e-03,6.12188914e-03,5.41397759e-03,6.61211442e-03,8.06101665e-03,1.20496595e-02,1.57372194e-02,1.92551815e-02,2.34180459e-02
3.47338360e-02,3.40589807e-02,3.33464175e-02,3.30565599e-02,3.33255569e-02,3.27862890e-02,3.10120503e-02,3.23048953e-02,3.10794925e-02,2.85412601e-02,2.58278914e-02,2.40437337e-02,2.25862508e-02,2.17412921e-02,2.27153251e-02,2.38211278e-02,2.56882155e-02,2.71415684e-02,2.73469878e-02,2.75202987e-02,2.67693359e-02,2.67533493e-02,2.85647785e-02,2.88362557e-02,2.85413098e-02,2.72469520e-02,2.75972370e-02,2.92480952e-02,2.79444385e-02,2.54804833e-02,2.11225832e-02,1.60684125e-02,1.10589023e-02,6.40445988e-03,1.55126454e-03,-1.34028507e-03,-1.29641117e-03,-3.50029437e-03,-3.40816710e-03,-3.69191757e-03,-2.20244280e-03,-1.13727324e-03,1.33768043e-05,1.46675752e-03,2.45614912e-03,2.49325177e-03,3.59523907e-03,4.00354139e-03,3.98427161e-03,3.97716381e-03,2.11194858e-03,1.43179434e-03,1.07962585e-03,1.88407554e-03,4.80680603e-03,7.19838572e-03,9.88018083e-03,1.24959550e-02,1.64135147e-02,1.93365861e-02,2.25495960e-02,2.57151408e-02,2.86729319e-02,3.24901747e-02
6.45156056e-03,2.47972484e-03,-2.28134612e-04,-3.13630442e-03,-5.72172970e-03,-7.11201275e-03,-5.38105759e-03,-4.46928901e-03,-2.37423537e-03,-3.68821680e-04,4.41119713e-04,1.33852815e-04,2.47357791e-05,1.20056697e-03,4.66184877e-03,7.59431614e-03,9.48398215e-03,9.65784750e-03,7.82792726e-03,5.91367965e-03,4.76480161e-03,5.21133343e-03,8.20687179e-03,1.20401030e-02,1.59940483e-02,1.80985161e-02,1.85532787e-02,1.63863990e-02,1.51488271e-02,1.77870042e-02,2.07435907e-02,2.29355480e-02,2.44600382e-02,2.64007918e-02,2.84477686e-02,3.01597684e-02,3.10025524e-02,3.10453396e-02,3.33215208e-02,3.58467064e-02,3.85298184e-02,3.87730804e-02,3.97650243e-02,3.93946306e-02,3.93645253e-02,3.94969434e-02,3.99377486e-02,3.95904362e-02,3.70720779e-02,3.45305039e-02,3.04153772e-02,2.49226579e-02,2.05954494e-02,1.70071448e-02,1.57655628e-02,1.55292270e-02,1.43147270e-02,1.37062977e-02,1.30322611e-02,1.30762531e-02,1.30919695e-02,1.27483921e-02,1.25829457e-02,9.62952707e-03
2.39389367e-02,2.42721561e-02,2.28980714e-02,1.96841004e-02,1.64716568e-02,9.73623746e-03,6.84506966e-03,7.41326762e-03,8.36568155e-03,1.04106290e-02,1.09925541e-02,1.06098814e-02,8.34244274e-03,6.37280345e-03,4.48624104e-03,4.00403607e-03,2.86586709e-03,1.23475022e-03,-8.59731081e-04,-1.52307792e-04,-1.70295664e-04,-1.79789495e-03,-2.44851989e-03,-1.12641400e-03,5.41525901e-04,3.05964966e-03,5.81311230e-03,9.29290999e-03,1.32573372e-02,1.47609200e-02,1.64674794e-02,1.83949939e-02,1.98721254e-02,2.21025999e-02,2.19101362e-02,2.10307186e-02,1.81119103e-02,1.50670575e-02,1.41228746e-02,1.30673808e-02,1.31974335e-02,1.56582836e-02,1.59942040e-02,1.45255222e-02,1.42111668e-02,1.32288698e-02,1.19622906e-02,1.27913435e-02,1.20062376e-02,1.17740732e-02,1.12977139e-02,1.33882505e-02,1.45287774e-02,1.52503533e-02,1.45206952e-02,1.29500252e-02,1.16119275e-02,1.26375418e-02,1.36558259e-02,1.49524835e-02,1.77767950e-02,1.97782999e-02,2.12519811e-02,2.31283099e-02
9.36948640e-03,1.03834638e-02,1.25325671e-02,1.59139685e-02,1.93388534e-02,2.15985508e-02,2.04947971e-02,2.05683768e-02,1.93648277e-02,1.88598369e-02,1.74290152e-02,1.62552571e-02,1.23073739e-02,6.69230721e-03,1.63199627e-03,-2.14290269e-03,-7.48782654e-03,-1.20567017e-02,-1.71528501e-02,-1.93619846e-02,-1.82756753e-02,-1.86813222e-02,-2.12299086e-02,-2.54553159e-02,-2.77456449e-02,-2.90221034e-02,-2.81065782e-02,-2.71717473e-02,-2.52952672e-02,-2.34144892e-02,-2.15042418e-02,-2.09904904e-02,-2.41513771e-02,-2.56381002e-02,-2.69985622e-02,-2.94137322e-02,-3.17646110e-02,-3.64066757e-02,-3.70833340e-02,-3.56281233e-02,-3.24890196e-02,-3.07378155e-02,-2.79757556e-02,-2.49074375e-02,-2.25622826e-02,-1.85226237e-02,-1.76158902e-02,-1.63000619e-02,-1.39866635e-02,-1.18463379e-02,-9.88797387e-03,-6.63439656e-03,-4.01914792e-03,-2.93787865e-03,-1.47898579e-03,5.91545957e-04,3.37805736e-03,4.69048958e-03,5.55630823e-03,5.76603650e-03,5.41165533e-03,6.63836761e-03,8.07522995e-03,8.92561212e-03
9.61678630e-03,5.66707934e-03,3.23191400e-03,-3.88274281e-04,-5.15179018e-03,-8.98761466e-03,-1.16944305e-02,-1.39282797e-02,-1.47637307e-02,-1.57286905e-02,-1.65769278e-02,-1.66495744e-02,-1.53679901e-02,-1.29682075e-02,-1.10534995e-02,-9.67269452e-03,-8.54214519e-03,-9.46561114e-03,-1.10169087e-02,-1.29859034e-02,-1.18481955e-02,-9.96058990e-03,-8.67802864e-03,-6.33883967e-03,-3.45109214e-03,1.82924679e-03,8.63473403e-03,1.28962247e-02,1.43235260e-02,1.55631706e-02,1.81629214e-02,2.03910319e-02,1.96936556e-02,1.66341199e-02,1.14470809e-02,6.41375476e-03,3.13497141e-03,1.88287032e-04,-1.12969028e-03,-5.02615336e-04,1.81162581e-03,2.34966476e-03,3.71411117e-03,7.33859381e-03,1.05430412e-02,1.31549938e-02,1.75905429e-02,2.12962946e-02,2.22506499e-02,2.15518057e-02,2.03048967e-02,1.81632081e-02,1.67541590e-02,1.54951773e-02,1.33894406e-02,1.31457073e-02,1.50352284e-02,1.81653679e-02,2.11114434e-02,2.14323140e-02,1.95892661e-02,1.80801903e-02,1.60639078e-02,1.31361536e-02
-2.44849386e-02,-2.74725478e-02,-3.04655260e-02,-3.37790573e-02,-3.58079387e-02,-3.55913386e-02,-3.54546202e-02,-3.35146182e-02,-2.95100004e-02,-2.60065536e-02,-2.27263610e-02,-2.13840202e-02,-2.16347888e-02,-2.09564660e-02,-1.86919842e-02,-1.66529770e-02,-1.60191576e-02,-1.61520252e-02,-1.67986181e-02,-1.83018242e-02,-1.82970070e-02,-1.79378201e-02,-1.68273050e-02,-1.60776311e-02,-1.67601547e-02,-1.53569876e-02,-1.44323161e-02,-1.29072957e-02,-1.29038501e-02,-1.31237878e-02,-1.45843768e-02,-1.40194749e-02,-1.48424706e-02,-1.61158017e-02,-1.66265244e-02,-1.81866107e-02,-2.03979935e-02,-2.21127164e-02,-2.33517989e-02,-2.40703276e-02,-2.52613840e-02,-2.53689616e-02,-2.64198191e-02,-2.52547142e-02,-2.57451915e-02,-2.54022174e-02,-2.69755503e-02,-2.89900429e-02,-3.16575654e-02,-3.30944556e-02,-3.13124070e-02,-2.56696365e-02,-2.12152061e-02,-1.74556343e-02,-1.47815922e-02,-1.44775220e-02,-1.40625521e-02,-1.37673160e-02,-1.38459111e-02,-1.39389718e-02,-1.36353331e-02,-1.39680665e-02,-1.69534116e-02,-2.07157779e-02
-8.88707971e-03,-3.29709688e-03,-1.30364926e-03,-3.76092968e-04,2.99214269e-03,5.88757878e-03,6.60392059e-03,4.28641296e-03,1.58910383e-03,5.62323779e-04,-3.69304701e-03,-8.09160228e-03,-1.16455694e-02,-1.46128548e-02,-1.48972168e-02,-1.53167535e-02,-1.53133819e-02,-1.58802266e-02,-1.63956955e-02,-1.73773687e-02,-1.92117988e-02,-2.30588545e-02,-2.65794382e-02,-2.80921044e-02,-3.04321288e-02,-3.15722726e-02,-3.22825690e-02,-3.08634005e-02,-2.96474383e-02,-2.85327740e-02,-2.78272698e-02,-2.85460993e-02,-2.87259123e-02,-2.56295510e-02,-2.31282064e-02,-1.98866947e-02,-1.72989457e-02,-1.55107011e-02,-1.53157087e-02,-1.51710120e-02,-1.57242368e-02,-1.58131707e-02,-1.45539648e-02,-1.22907861e-02,-1.19855234e-02,-1.27940822e-02,-1.35796525e-02,-1.55970482e-02,-1.88778609e-02,-2.19924386e-02,-2.37166977e-02,-2.47548918e-02,-2.63203596e-02,-2.92115020e-02,-3.23567662e-02,-3.39882520e-02,-3.45051574e-02,-3.44913762e-02,-3.28965416e-02,-3.12195666e-02,-2.94120980e-02,-2.57672775e-02,-2.20585500e-02,-1.59247240e-02
-2.08636587e-03,-3.01142617e-03,-4.16958456e-03,-7.17655293e-03,-1.07263639e-02,-1.37522739e-02,-1.49161997e-02,-1.46701899e-02,-1.55182653e-02,-1.59866020e-02,-1.53401497e-02,-1.49604295e-02,-1.30894411e-02,-1.15315659e-02,-8.51512859e-03,-8.17770812e-03,-9.60839373e-03,-1.21700661e-02,-1.44446659e-02,-1.52230059e-02,-1.42160908e-02,-1.02806959e-02,-7.58320986e-03,-2.90257689e-03,1.03064568e-03,4.11727971e-03,7.45386758e-03,8.13329157e-03,5.70779197e-03,1.71168960e-03,-1.10970436e-03,-3.43760916e-03,-3.63502415e-03,-8.09813988e-04,1.33389394e-03,3.81524583e-03,6.37325082e-03,8.82905813e-03,1.11303907e-02,1.20889763e-02,1.08656344e-02,1.05052755e-02,1.00097343e-02,1.12071549e-02,1.06297548e-02,1.02017595e-02,1.27568271e-02,1.38339013e-02,1.23862295e-02,7.84906038e-03,3.16420105e-03,6.33766826e-05,-2.08165403e-03,-2.77345741e-03,-2.53972710e-03,-3.88193260e-03,-3.78141990e-03,-4.82647139e-03,-3.29160972e-03,-3.66418285e-04,9.84819277e-04,5.16186173e-04,-2.32977466e-03,-2.61988532e-03
-7.02588654e-03,-9.66291067e-03,-1.32704248e-02,-1.71187904e-02,-1.90946073e-02,-1.87009236e-02,-1.42145121e-02,-1.08825513e-02,-6.87918186e-03,-4.08333601e-03,-1.14046553e-03,-1.61501610e-03,-1.19663621e-03,1.05602729e-03,3.24736033e-03,4.23217445e-03,5.00693689e-03,6.83272710e-03,8.50266252e-03,8.55092768e-03,5.27781440e-03,3.87875663e-03,2.24885408e-03,2.09294954e-03,1.85511239e-03,3.83417750e-05,-3.71817876e-03,-5.42710237e-03,-6.95360657e-03,-1.00819135e-02,-1.48714429e-02,-1.89599187e-02,-1.90907239e-02,-2.02300890e-02,-1.96714446e-02,-2.01978259e-02,-1.89710703e-02,-1.63318787e-02,-1.32191007e-02,-1.19587160e-02,-1.08712025e-02,-8.60591706e-03,-6.72102542e-03,-2.71200436e-03,-9.66640159e-05,1.10282056e-03,2.33663464e-03,4.15789411e-03,5.63930409e-03,8.12740723e-03,1.01652213e-02,1.08707742e-02,1.05419067e-02,1.06215044e-02,9.84851465e-03,8.67396057e-03,4.60406896e-03,1.14153258e-03,-1.90348111e-03,-4.96663350e-03,-6.29924265e-03,-6.22265388e-03,-6.42245735e-03,-6.58104871e-03
-3.47760050e-02,-3.51276833e-02,-3.41485388e-02,-3.34783926e-02,-3.17706074e-02,-3.30248571e-02,-3.39323778e-02,-3.21852530e-02,-3.06879086e-02,-3.24521601e-02,-3.17155734e-02,-3.33185602e-02,-3.46783290e-02,-3.67673506e-02,-3.68470813e-02,-3.67768167e-02,-3.64701096e-02,-3.51784599e-02,-3.22843665e-02,-3.03162964e-02,-3.05858910e-02,-2.99557185e-02,-2.63356710e-02,-2.28751493e-02,-2.00709614e-02,-1.85420601e-02,-1.74441255e-02,-1.65960746e-02,-1.66746497e-02,-1.56254493e-02,-1.46135059e-02,-1.37637350e-02,-1.07276287e-02,-8.87046054e-03,-8.37509296e-03,-8.65697606e-03,-7.17517493e-03,-3.26769688e-03,-1.57525516e-04,1.84837684e-03,2.24114159e-03,2.11998680e-03,2.62069088e-03,2.48934193e-03,3.23704646e-04,-6.06611939e-04,-2.03434618e-03,-5.36626267e-03,-6.69948064e-03,-8.64988946e-03,-9.92899847e-03,-9.84111086e-03,-1.06816802e-02,-1.10093976e-02,-1.24748982e-02,-1.31304086e-02,-1.24003100e-02,-1.20235531e-02,-1.22196894e-02,-1.39768256e-02,-1.68890283e-02,-2.23612963e-02,-2.85028777e-02,-3.21369437e-02
-3.98408405e-02,-3.95772046e-02,-3.80068656e-02,-3.60579743e-02,-3.48740846e-02,-3.57100414e-02,-3.54298947e-02,-3.43111101e-02,-3.24232393e-02,-3.06812481e-02,-2.88177982e-02,-2.62513262e-02,-2.41413481e-02,-2.18583495e-02,-1.92964180e-02,-1.50735812e-02,-1.01658724e-02,-4.67858883e-03,-2.44348133e-04,3.52341518e-03,6.82908235e-03,1.30188803e-02,1.68186132e-02,1.96624956e-02,2.08062717e-02,2.07847830e-02,1.88306044e-02,1.47611191e-02,1.03222727e-02,4.22200923e-03,-3.58930533e-04,-1.72088414e-03,-3.26498883e-03,-7.41842742e-03,-1.00731273e-02,-1.09423056e-02,-1.48496515e-02,-2.02684585e-02,-2.46149083e-02,-2.73752805e-02,-2.88582623e-02,-2.82126564e-02,-2.55296889e-02,-2.12602020e-02,-1.94286839e-02,-1.87393774e-02,-1.89955937e-02,-2.14166215e-02,-2.38210253e-02,-2.58466137e-02,-2.72494122e-02,-2.94310695e-02,-3.30380966e-02,-3.65146757e-02,-4.12599688e-02,-4.37615463e-02,-4.27057176e-02,-4.22706314e-02,-4.13944402e-02,-4.33630950e-02,-4.40684741e-02,-4.51035528e-02,-4.34584759e-02,-4.05906062e-02
3.69256270e-02,3.75674326e-02,3.96044195e-02,4.11995346e-02,3.96993358e-02,3.89239918e-02,3.79210985e-02,3.56301616e-02,3.11522607e-02,2.81673912e-02,2.70543371e-02,2.69109761e-02,2.66400630e-02,2.55069297e-02,2.60360521e-02,2.54662074e-02,2.44907651e-02,2.27478613e-02,2.06354158e-02,2.01791594e-02,1.97015979e-02,2.00469402e-02,2.06298437e-02,2.25074625e-02,2.28995496e-02,2.11364614e-02,1.93189781e-02,1.83014150e-02,1.70762651e-02,1.60026295e-02,1.69045698e-02,1.80669251e-02,1.93943324e-02,1.89121611e-02,1.95453819e-02,1.98711683e-02,2.16362197e-02,2.44146683e-02,2.79739769e-02,3.05724777e-02,3.38007737e-02,3.61057563e-02,3.71719572e-02,3.82680377e-02,4.16748245e-02,4.31721228e-02,4.38813625e-02,4.61802475e-02,4.99332267e-02,5.01923827e-02,5.11149616e-02,5.02284568e-02,4.92895058e-02,4.68534342e-02,4.29912764e-02,3.96232233e-02,3.59366695e-02,3.21080523e-02,2.95229749e-02,2.76468404e-02,2.66826563e-02,2.74276450e-02,2.94630510e-02,3.47342246e-02
1.35126830e-02,1.78617836e-02,2.03023654e-02,1.98378632e-02,1.85678078e-02,1.44071701e-02,9.27605537e-03,4.12903952e-03,2.25260523e-03,2.16932003e-03,2.33205095e-03,2.23938456e-03,1.70259778e-03,-1.97243157e-03,-6.24654917e-03,-8.78020133e-03,-1.32265356e-02,-1.59226494e-02,-1.83819792e-02,-2.03419471e-02,-2.16135490e-02,-2.12151002e-02,-1.83284514e-02,-1.53628791e-02,-1.27372512e-02,-1.13784818e-02,-1.33656437e-02,-1.65287352e-02,-2.22883170e-02,-2.58732490e-02,-2.73193649e-02,-2.70825778e-02,-2.74777295e-02,-2.83414636e-02,-3.03249488e-02,-3.22555743e-02,-3.35062633e-02,-3.57647617e-02,-3.61605163e-02,-3.50099737e-02,-3.36981904e-02,-3.40148656e-02,-3.55453126e-02,-3.71293411e-02,-3.69042524e-02,-3.38792360e-02,-3.05749062e-02,-2.67416265e-02,-2.40572661e-02,-2.12883597e-02,-2.08725409e-02,-2.00982724e-02,-1.86859161e-02,-1.71899351e-02,-1.42015689e-02,-1.24402044e-02,-1.08349434e-02,-9.73274204e-03,-9.58879686e-03,-6.94165449e-03,-5.58381897e-03,-4.43731309e-03,-3.25903679e-04,6.99229883e-03
-5.14412592e-02,-5.22007593e-02,-5.18197479e-02,-5.05070215e-02,-4.77931128e-02,-4.26051952e-02,-3.79434292e-02,-3.44876680e-02,-3.04290488e-02,-2.74568712e-02,-2.62224436e-02,-2.43388665e-02,-2.22140499e-02,-1.95250013e-02,-1.75919077e-02,-1.66881059e-02,-1.49096865e-02,-1.14738103e-02,-7.55798389e-03,-5.83580199e-03,-4.64043244e-03,-3.59631178e-03,-1.67140062e-03,-2.93508070e-03,-2.11558148e-03,-2.05238004e-03,-5.11478822e-03,-8.31600634e-03,-1.20657052e-02,-1.55169627e-02,-1.87524065e-02,-2.26961157e-02,-2.72115772e-02,-2.86745407e-02,-2.79124827e-02,-2.52414500e-02,-2.43116615e-02,-2.02435150e-02,-1.54533762e-02,-1.11323442e-02,-7.91276675e-03,-5.63053026e-03,-6.18128659e-03,-8.10735387e-03,-9.45381612e-03,-1.12833949e-02,-1.28169056e-02,-1.35115027e-02,-1.39202127e-02,-1.50488338e-02,-1.71647631e-02,-1.74061453e-02,-1.99663013e-02,-2.23596060e-02,-2.63935935e-02,-3.09373826e-02,-3.44245822e-02,-3.69062426e-02,-3.84617746e-02,-4.28752211e-02,-4.51903800e-02,-4.83375657e-02,-5.08755716e-02,-5.16322474e-02
-4.97879172e-03,-5.14024377e-03,-6.71812792e-03,-9.59881695e-03,-9.92624186e-03,-8.42166836e-03,-5.61311239e-03,-2.88503661e-03,1.11287551e-03,6.80800782e-03,1.25269461e-02,1.93521111e-02,2.43924163e-02,2.66807845e-02,2.76532604e-02,2.77437919e-02,2.70812350e-02,2.53162312e-02,2.68847858e-02,2.96066333e-02,3.20103968e-02,3.24091188e-02,3.30982410e-02,3.29294449e-02,3.51575332e-02,3.81319825e-02,4.07562926e-02,4.20564669e-02,4.37234376e-02,4.45815147e-02,4.49035477e-02,4.54731329e-02,4.78928856e-02,4.86846479e-02,4.88973992e-02,4.76101815e-02,4.66803632e-02,4.59974390e-02,4.46939501e-02,4.51662565e-02,4.84774916e-02,4.99299984e-02,4.80162119e-02,4.27536165e-02,3.74097135e-02,3.21250753e-02,2.60571951e-02,2.02176381e-02,1.40252592e-02,9.56995682e-03,6.73360109e-03,2.94393393e-03,-1.93094863e-04,-2.45458844e-03,-6.53086540e-03,-1.06911381e-02,-1.24246574e-02,-1.06016182e-02,-9.00430862e-03,-6.84496046e-03,-4.99982733e-03,-5.22129235e-03,-5.16569671e-03,-4.61451797e-03
-5.48382469e-03,-3.21471315e-03,-7.64998332e-04,1.82912145e-03,4.69366126e-03,6.78043131e-03,9.80588999e-03,1.28003098e-02,1.72145131e-02,2.20836726e-02,2.58793033e-02,2.91348654e-02,3.21011349e-02,3.30783820e-02,3.03358952e-02,2.66212977e-02,2.16029324e-02,1.57220031e-02,9.56623877e-03,7.06051584e-03,7.05855981e-03,8.47837883e-03,8.14638129e-03,7.34958176e-03,8.08439448e-03,8.30435543e-03,7.01774495e-03,5.51275015e-03,3.20157615e-03,4.51032609e-04,-9.25086698e-04,9.22337099e-04,2.04865591e-03,3.49830413e-03,5.59275236e-03,8.52285631e-03,9.16962955e-03,1.10335788e-02,1.39668122e-02,1.58930974e-02,1.62979008e-02,1.76557583e-02,1.82388819e-02,1.97046448e-02,2.18844851e-02,2.27285856e-02,2.23343424e-02,2.41770091e-02,2.29103223e-02,1.90760392e-02,1.71363000e-02,1.70786646e-02,1.60788951e-02,1.47648421e-02,1.30174394e-02,1.06539375e-02,8.84026864e-03,9.57556941e-03,9.69328169e-03,5.56661708e-03,-2.51626427e-03,-7.14990921e-03,-8.31825711e-03,-7.67009385e-03
-1.46695887e-02,-1.86772176e-02,-2.00265734e-02,-1.94072108e-02,-1.93826775e-02,-1.73312596e-02,-1.38421273e-02,-1.13313492e-02,-1.00020619e-02,-8.63428800e-03,-7.48722607e-03,-6.72878843e-03,-6.97995322e-03,-7.43453073e-03,-7.87205042e-03,-5.88114863e-03,-4.42007430e-03,-5.20018962e-03,-6.91502693e-03,-1.06920146e-02,-1.32773400e-02,-1.54695500e-02,-1.55864651e-02,-1.61244518e-02,-1.77911338e-02,-1.89811493e-02,-2.14918093e-02,-2.19445484e-02,-2.08683091e-02,-1.92106110e-02,-1.80195795e-02,-1.66933819e-02,-1.41976770e-02,-9.80478995e-03,-6.36292832e-03,-5.12858056e-03,-3.89463824e-03,-2.59081538e-03,8.51328383e-04,5.58459510e-03,8.14515026e-03,1.13708199e-02,1.44994417e-02,1.77786130e-02,2.30420728e-02,2.76243049e-02,2.97275034e-02,3.00242998e-02,2.96171211e-02,2.83064089e-02,2.64277852e-02,2.72653607e-02,2.58346344e-02,2.11618192e-02,1.65433695e-02,1.42063734e-02,1.25916029e-02,1.09423806e-02,9.17985996e-03,8.64686192e-03,4.82769669e-03,2.46288845e-04,-6.34715834e-03,-1.08190252e-02
4.12302522e-02,4.33716963e-02,4.56533542e-02,4.76455145e-02,5.14268871e-02,5.69995874e-02,6.13093918e-02,6.35455527e-02,6.48102644e-02,6.56690444e-02,6.52380942e-02,6.22657751e-02,5.94400195e-02,5.77478921e-02,5.58221346e-02,5.38022373e-02,4.97386212e-02,4.57714508e-02,4.07758317e-02,3.46113026e-02,2.74406486e-02,2.03893757e-02,1.51403770e-02,9.99100541e-03,7.43399240e-03,5.35843854e-03,5.45989462e-03,5.86433314e-03,6.38208626e-03,6.17188332e-03,6.58035683e-03,5.22751928e-03,4.32379675e-03,2.02708547e-03,-1.87084600e-03,-5.91036733e-03,-8.93885798e-03,-1.17233911e-02,-1.52706027e-02,-1.56606048e-02,-1.41037353e-02,-1.30738421e-02,-1.17301732e-02,-1.00958742e-02,-7.71035758e-03,-5.27245637e-03,-6.56245625e-03,-8.30041700e-03,-8.72896268e-03,-5.81296084e-03,-4.41984794e-03,-1.62765260e-03,1.71398062e-03,6.73469747e-03,1.09616000e-02,1.68580055e-02,2.11230526e-02,2.18251376e-02,2.28582136e-02,2.47210233e-02,2.88552714e-02,3.18174904e-02,3.50598274e-02,3.86097086e-02
2.95361874e-02,2.89669777e-02,3.13190812e-02,3.22649455e-02,3.06272019e-02,2.80048101e-02,2.43377079e-02,2.03220121e-02,1.73226786e-02,1.73349495e-02,1.52112251e-02,1.30615404e-02,1.07671063e-02,1.02349467e-02,1.29945759e-02,1.42335878e-02,1.52353536e-02,1.50628297e-02,1.66634300e-02,1.50707876e-02,1.24332160e-02,8.59362465e-03,2.85426362e-03,-3.26027039e-03,-7.12700953e-03,-1.11989130e-02,-1.39366301e-02,-1.36649967e-02,-1.18172040e-02,-9.85162133e-03,-6.61191039e-03,-4.83505837e-03,-5.07475440e-03,-4.60597101e-03,-5.39752334e-03,-7.01288205e-03,-7.35958899e-03,-6.80268475e-03,-5.52205348e-03,-1.62258702e-03,2.54661888e-03,6.99638774e-03,1.27056830e-02,1.86748560e-02,2.80492620e-02,3.74304220e-02,4.35071096e-02,4.88173890e-02,5.24020619e-02,5.44130283e-02,5.64089249e-02,5.57729847e-02,5.53878618e-02,5.50781042e-02,5.67026228e-02,5.77658917e-02,5.64399652e-02,5.47767533e-02,5.13191709e-02,4.69245881e-02,4.35586943e-02,4.13649975e-02,3.72125209e-02,3.28849108e-02
7.59383982e-03,4.36682527e-03,3.28800083e-03,5.67218992e-04,-3.21914026e-03,-5.06204117e-03,-8.82623163e-03,-1.15637823e-02,-1.67326786e-02,-2.18859578e-02,-2.33311326e-02,-2.34521181e-02,-2.49552268e-02,-2.60966959e-02,-2.60330281e-02,-2.64556236e-02,-2.57681380e-02,-2.42300334e-02,-2.33519479e-02,-2.19934323e-02,-1.86051050e-02,-1.47487030e-02,-1.00884109e-02,-4.91546779e-03,-1.16147146e-03,1.02261028e-03,4.45824915e-03,5.68670117e-03,7.66771866e-03,1.06466330e-02,1.30480800e-02,1.26797244e-02,1.44074574e-02,1.62422503e-02,1.70016940e-02,1.47615385e-02,1.15052526e-02,7.54172514e-03,4.81349429e-03,3.04519969e-03,2.65758773e-03,4.73465345e-03,6.88899323e-03,8.02252486e-03,1.00862636e-02,1.26667074e-02,1.52601667e-02,1.72631874e-02,2.02679808e-02,2.33422622e-02,2.65169161e-02,2.89253098e-02,2.93556133e-02,2.93837824e-02,3.07636267e-02,2.99735623e-02,2.66012816e-02,2.36782264e-02,2.17190249e-02,1.90810623e-02,1.66182810e-02,1.47851035e-02,1.31372088e-02,1.04770797e-02
-4.57027298e-02,-4.59678732e-02,-4.59382443e-02,-4.59296451e-02,-4.55955112e-02,-4.33723622e-02,-4.17338981e-02,-4.03178279e-02,-3.88132502e-02,-3.74609554e-02,-3.65929650e-02,-3.60500550e-02,-3.48567103e-02,-3.33175502e-02,-3.21260468e-02,-3.20474782e-02,-3.27367194e-02,-3.26504017e-02,-3.27725758e-02,-3.39311397e-02,-3.48392206e-02,-3.78884252e-02,-4.12427400e-02,-4.30393740e-02,-4.17958282e-02,-4.11157401e-02,-4.15749215e-02,-4.01061881e-02,-3.82285468e-02,-3.60615038e-02,-3.66206009e-02,-3.73318247e-02,-3.89099023e-02,-4.18691947e-02,-4.33166466e-02,-4.47477276e-02,-4.42700314e-02,-4.11119289e-02,-3.41338093e-02,-2.78775423e-02,-2.24499796e-02,-1.94404092e-02,-1.90781266e-02,-1.98092236e-02,-2.28412953e-02,-2.89772859e-02,-3.35578484e-02,-3.64480438e-02,-3.68713052e-02,-3.77584624e-02,-3.99762715e-02,-4.13146548e-02,-4.05627415e-02,-4.02923634e-02,-3.93270761e-02,-3.70037801e-02,-3.66673677e-02,-3.56439475e-02,-3.51128012e-02,-3.64517231e-02,-3.94411419e-02,-4.26155047e-02,-4.35646837e-02,-4.48322709e-02
-1.93699898e-02,-2.13532292e-02,-2.55313185e-02,-2.87433932e-02,-3.17762339e-02,-3.60594345e-02,-4.17365461e-02,-4.67898536e-02,-5.00722509e-02,-5.18851745e-02,-5.10875035e-02,-4.69862886e-02,-4.06799066e-02,-3.49595063e-02,-2.97756408e-02,-2.58388086e-02,-2.44937210e-02,-2.46617044e-02,-2.45089076e-02,-2.44542462e-02,-2.53100518e-02,-2.78273554e-02,-3.01987550e-02,-3.21719645e-02,-3.46230428e-02,-3.64801803e-02,-4.08376085e-02,-4.45876086e-02,-4.84290440e-02,-4.96706200e-02,-4.85527111e-02,-4.66214709e-02,-4.72908263e-02,-4.69680974e-02,-4.36330971e-02,-4.00114849e-02,-3.73509954e-02,-3.33937210e-02,-2.97343238e-02,-2.78226040e-02,-2.57328591e-02,-2.25611219e-02,-2.05755798e-02,-2.09970944e-02,-2.02447938e-02,-1.92075733e-02,-1.79268103e-02,-1.76102064e-02,-1.57603184e-02,-1.58142737e-02,-1.58455361e-02,-1.75907835e-02,-1.88084323e-02,-1.78924526e-02,-1.59584181e-02,-1.60405192e-02,-1.72842691e-02,-1.76189762e-02,-1.80318182e-02,-2.10722150e-02,-2.15570185e-02,-2.06082814e-02,-2.09932304e-02,-2.02976635e-02
1.87243409e-02,1.62330669e-02,1.43986077e-02,1.20760432e-02,1.15494773e-02,8.99562253e-03,6.73707684e-03,4.67331354e-03,5.23422256e-03,7.12699889e-03,7.48777476e-03,5.42954597e-03,2.84867223e-03,1.38286577e-03,7.68475411e-04,-7.12244577e-04,3.52376955e-04,1.55711161e-03,2.59087570e-03,9.41887000e-04,5.74654421e-04,1.27516403e-03,-1.16890024e-04,-1.51590282e-03,-2.81669029e-03,-2.17372475e-03,-3.93851125e-03,-6.03324825e-03,-8.54963351e-03,-8.99534659e-03,-6.95884413e-03,-3.61212126e-03,-1.16219728e-03,2.13597990e-03,5.78777778e-03,6.30904961e-03,5.28329805e-03,4.11390381e-03,3.27374853e-03,1.41183624e-03,-2.31544898e-03,-5.36126448e-03,-7.50058061e-03,-8.32082904e-03,-7.76492124e-03,-7.33448993e-03,-5.59441363e-03,-3.99149107e-03,-5.79814057e-03,-6.56657885e-03,-7.23622772e-03,-8.53540184e-03,-8.52630858e-03,-7.00212428e-03,-6.57534053e-03,-4.63128599e-03,-1.06504415e-03,1.93198215e-03,6.27275633e-03,1.06751143e-02,1.50092994e-02,1.93724396e-02,2.09989768e-02,2.03707704e-02
-5.03283672e-02,-4.93467627e-02,-4.75022671e-02,-4.49963090e-02,-4.08535353e-02,-3.91267234e-02,-3.77747972e-02,-3.48733441e-02,-2.90055454e-02,-2.41304964e-02,-1.96458924e-02,-1.43349003e-02,-1.05212431e-02,-5.70023894e-03,-2.36168524e-03,1.04892430e-03,2.95848767e-03,5.10897760e-03,8.51037306e-03,1.17746002e-02,1.52992043e-02,1.80047726e-02,1.89970714e-02,1.94136844e-02,1.88333524e-02,1.68711043e-02,1.53976581e-02,1.54908023e-02,1.48930109e-02,1.45259882e-02,1.52513023e-02,1.53339714e-02,1.47405223e-02,1.43621743e-02,1.49314521e-02,1.51774980e-02,1.30593492e-02,9.40562710e-03,4.90158793e-03,7.89199022e-04,-1.28444440e-03,1.04023472e-04,4.71279068e-03,8.68921290e-03,1.26942487e-02,1.53240845e-02,1.60536951e-02,1.40413800e-02,1.16758054e-02,9.19341374e-03,6.05182227e-03,1.91696474e-03,-1.73306892e-03,-4.89128146e-03,-1.01236759e-02,-1.33853857e-02,-1.81051903e-02,-2.37591518e-02,-3.09465665e-02,-3.59475770e-02,-4.07774490e-02,-4.36412573e-02,-4.71198520e-02,-4.99571444e-02
-7.64084842e-03,-3.15272530e-03,9.10594763e-06,4.14654320e-03,8.29830535e-03,1.08989107e-02,1.41065629e-02,2.13445389e-02,3.03917241e-02,3.75474560e-02,4.32455512e-02,4.77227416e-02,5.14282540e-02,5.52572661e-02,5.60924195e-02,5.50869655e-02,5.26967636e-02,5.06723420e-02,4.70398640e-02,4.31172898e-02,3.76543097e-02,3.34558866e-02,2.93679588e-02,2.69269209e-02,2.11564673e-02,1.32775167e-02,6.35282853e-03,1.03275546e-03,-2.26425113e-03,-6.08293173e-03,-9.71687869e-03,-1.34794021e-02,-1.58101064e-02,-1.98257657e-02,-2.41061210e-02,-2.61652870e-02,-2.77385672e-02,-2.84650106e-02,-2.88496659e-02,-2.91694867e-02,-2.76389633e-02,-2.73754848e-02,-2.74797542e-02,-2.49518436e-02,-2.14596385e-02,-1.78592092e-02,-1.56694019e-02,-1.42122608e-02,-1.26462515e-02,-1.17416715e-02,-1.29927214e-02,-1.38467825e-02,-1.43320590e-02,-1.52368492e-02,-1.62663213e-02,-1.69254204e-02,-1.60398004e-02,-1.49893976e-02,-1.47059597e-02,-1.66862066e-02,-1.74310136e-02,-1.59291111e-02,-1.48965833e-02,-1.13063657e-02
-5.56999964e-02,-5.02133068e-02,-4.44256951e-02,-3.96711317e-02,-3.64849845e-02,-3.50583676e-02,-3.56369642e-02,-3.77352766e-02,-3.88966807e-02,-3.86241622e-02,-3.64389523e-02,-3.51907813e-02,-3.51578700e-02,-3.28918479e-02,-3.03953702e-02,-3.01319651e-02,-3.08025567e-02,-3.23915819e-02,-3.51398111e-02,-3.88340574e-02,-4.18600669e-02,-4.41417183e-02,-4.76622482e-02,-5.07039952e-02,-5.38542217e-02,-5.73785641e-02,-6.18267740e-02,-6.62578946e-02,-6.98724008e-02,-7.21924582e-02,-7.28748376e-02,-7.43977606e-02,-7.50815942e-02,-7.27197624e-02,-7.08545425e-02,-6.74528486e-02,-6.29053271e-02,-5.80413018e-02,-5.57009547e-02,-5.39915755e-02,-5.26485534e-02,-5.34926423e-02,-5.29004597e-02,-5.20044070e-02,-5.16198707e-02,-5.00826056e-02,-5.07816156e-02,-5.05210747e-02,-4.96973758e-02,-4.91839734e-02,-4.92646195e-02,-4.83151309e-02,-4.87880474e-02,-5.19402757e-02,-5.35510848e-02,-5.49248692e-02,-5.53429568e-02,-5.61996981e-02,-5.67559323e-02,-5.83069012e-02,-5.97092655e-02,-6.01121125e-02,-6.10227269e-02,-5.95201997e-02
1.74005313e-02,2.30195871e-02,2.71933790e-02,3.25119191e-02,3.58289362e-02,3.67553118e-02,3.67802324e-02,3.42963125e-02,3.35573635e-02,3.41662407e-02,3.57545642e-02,3.72118379e-02,3.89777622e-02,3.93159984e-02,4.05447034e-02,4.15050153e-02,4.43285338e-02,4.82555564e-02,5.06876904e-02,5.48385272e-02,6.09064412e-02,6.74159287e-02,7.06951539e-02,7.17508598e-02,7.14839517e-02,7.07157247e-02,6.85554052e-02,6.67178848e-02,6.45938609e-02,6.30272505e-02,6.17905006e-02,6.06903586e-02,5.95582265e-02,5.83072889e-02,5.94240387e-02,6.02616163e-02,5.99072686e-02,5.89058088e-02,5.65067148e-02,5.52897907e-02,5.39836919e-02,5.22508364e-02,4.93375138e-02,4.36433109e-02,3.56274001e-02,2.89197896e-02,2.13836568e-02,1.38067143e-02,6.13014220e-03,-5.40862667e-04,-5.11022020e-03,-8.44290372e-03,-8.58639808e-03,-7.96884761e-03,-6.16417150e-03,-4.42941809e-03,-3.86133903e-03,-3.27935138e-03,-2.95563055e-03,-9.06133440e-04,-6.45164238e-04,1.34859568e-03,4.02738163e-03,1.08427438e-02
8.70683331e-03,5.01614187e-03,3.69014060e-03,2.10232201e-03,1.19665795e-03,7.68473006e-04,3.44742090e-04,1.74315819e-03,3.07372689e-03,3.34104190e-03,4.35836852e-03,4.83546160e-03,4.33718382e-03,4.70533994e-03,3.03402031e-03,1.06781195e-03,3.47024948e-04,-1.13945107e-03,-9.34393868e-04,-2.03184508e-03,-1.29067082e-03,-7.89090092e-04,-2.63450225e-03,-5.47784849e-03,-8.44280613e-03,-1.07753285e-02,-1.24512734e-02,-1.43784361e-02,-1.73766026e-02,-2.02618012e-02,-2.37334891e-02,-2.73939261e-02,-3.09964318e-02,-3.00195381e-02,-2.62597880e-02,-2.36858073e-02,-2.23917730e-02,-2.40710195e-02,-2.61887125e-02,-3.08017382e-02,-3.17618476e-02,-3.06812925e-02,-2.87533092e-02,-2.65131706e-02,-2.68951580e-02,-2.74510117e-02,-2.78744679e-02,-2.97469562e-02,-3.30418029e-02,-3.40403763e-02,-3.42187220e-02,-3.24979688e-02,-3.12200754e-02,-3.03469297e-02,-2.81967311e-02,-2.44762075e-02,-1.93533624e-02,-1.38753177e-02,-5.75303766e-03,-2.93015630e-04,2.30549790e-03,6.63510953e-03,9.82411741e-03,1.08903428e-02
-7.88691790e-03,-8.01647281e-03,-6.94772175e-03,-4.43965885e-03,-2.16667222e-03,-2.53932866e-03,-5.91714713e-03,-8.59339977e-03,-8.58795227e-03,-8.57929775e-03,-1.14680216e-02,-1.63239599e-02,-1.96599076e-02,-2.17691869e-02,-2.25770582e-02,-2.32771748e-02,-2.14468030e-02,-1.78844477e-02,-1.52927778e-02,-1.39841870e-02,-1.55808796e-02,-1.80876548e-02,-2.00478310e-02,-2.04709883e-02,-2.19967406e-02,-2.42460434e-02,-2.76284212e-02,-2.92775241e-02,-2.64432212e-02,-2.34596535e-02,-2.01023440e-02,-1.76663619e-02,-1.48437825e-02,-1.24897673e-02,-1.38515799e-02,-1.45009705e-02,-1.31978840e-02,-1.20225210e-02,-1.18763450e-02,-1.29050545e-02,-1.42980264e-02,-1.64152836e-02,-1.77891088e-02,-2.06081082e-02,-2.21880784e-02,-2.37540116e-02,-2.43880214e-02,-2.55323931e-02,-2.66629827e-02,-2.68431642e-02,-2.73199450e-02,-3.14837449e-02,-3.59659745e-02,-3.91250457e-02,-4.03888146e-02,-3.86276290e-02,-3.48897384e-02,-3.15757455e-02,-2.85796596e-02,-2.44233274e-02,-1.96089426e-02,-1.40753133e-02,-8.73420849e-03,-6.67231146e-03
3.47046960e-02,2.99926924e-02,2.73621067e-02,2.71094397e-02,2.70646839e-02,2.44289174e-02,2.07045541e-02,1.85578278e-02,1.72464665e-02,1.68549203e-02,1.83599601e-02,1.70718328e-02,1.33253199e-02,7.89332185e-03,3.26616447e-03,-1.77164933e-03,-8.81527192e-03,-1.61972900e-02,-2.27592656e-02,-2.81756138e-02,-2.98368420e-02,-2.86277756e-02,-2.63306683e-02,-2.47564514e-02,-2.06247684e-02,-1.83653234e-02,-1.72764870e-02,-1.53954151e-02,-1.51992125e-02,-1.43734179e-02,-1.33155332e-02,-1.10629535e-02,-9.70597809e-03,-9.79814655e-03,-8.90524663e-03,-7.54676550e-03,-5.27964286e-03,7.59384386e-05,6.97686529e-03,1.10086209e-02,1.38214642e-02,1.68605428e-02,1.74605989e-02,2.05702330e-02,2.42721935e-02,3.09033379e-02,3.59570759e-02,3.95846841e-02,4.61097625e-02,5.46007370e-02,6.09351990e-02,6.48205435e-02,6.82669852e-02,6.96462812e-02,6.89255922e-02,6.72320961e-02,6.64986988e-02,6.45360357e-02,6.07498459e-02,5.72993474e-02,5.27691744e-02,4.74909070e-02,4.38815467e-02,3.96767358e-02
3.61680802e-02,3.46858262e-02,3.15236133e-02,2.88260856e-02,2.46468401e-02,2.02889180e-02,1.51594644e-02,1.17211495e-02,8.31683869e-03,5.75603732e-03,3.32335065e-03,4.60497480e-04,-6.20751801e-04,6.70434686e-05,2.47912311e-03,4.76577676e-03,5.47687679e-03,3.73830258e-03,2.73579666e-03,2.29373908e-03,1.19532937e-03,-2.68708082e-04,-2.15810481e-03,-3.26162345e-03,-5.40708871e-03,-7.32901531e-03,-6.35467911e-03,-3.64688149e-03,-3.17559526e-03,-1.22141177e-03,-1.63914662e-03,-2.85255827e-03,-3.00596573e-03,-2.74898820e-03,-3.29970261e-03,-2.86036738e-03,-1.21953397e-03,-2.06733112e-03,-3.08262840e-03,-3.79372721e-03,-4.57283204e-03,-7.09921097e-03,-9.73309354e-03,-1.11574984e-02,-1.14174347e-02,-1.17867426e-02,-1.21997765e-02,-1.19721671e-02,-1.09116107e-02,-9.75354486e-03,-7.06461932e-03,-2.64323219e-03,5.70240984e-04,3.61282129e-03,5.54731103e-03,1.06116801e-02,1.85847940e-02,2.50045720e-02,2.99147111e-02,3.35095814e-02,3.61490209e-02,3.75983920e-02,3.80650001e-02,3.69447104e-02
2.49681754e-02,2.59002448e-02,2.47908672e-02,2.34054038e-02,2.01309066e-02,1.71920477e-02,1.47699873e-02,1.20785289e-02,1.00444581e-02,7.94910354e-03,5.73116317e-03,5.47171532e-03,6.81481627e-03,8.79405436e-03,1.01118307e-02,1.27933277e-02,1.74409314e-02,2.25538287e-02,2.81813349e-02,3.42454448e-02,4.02012325e-02,4.29980763e-02,4.32336273e-02,4.24036002e-02,4.20311062e-02,4.02841389e-02,3.87920862e-02,3.61845346e-02,3.26960507e-02,3.04604016e-02,2.90972631e-02,2.97529340e-02,3.04862676e-02,2.94001543e-02,2.83612143e-02,2.71766423e-02,2.54276808e-02,2.18195449e-02,1.82248816e-02,1.48263352e-02,1.28612909e-02,1.17677223e-02,1.27731542e-02,1.63453029e-02,2.16479810e-02,2.53449918e-02,2.82252504e-02,3.14814402e-02,3.46618766e-02,3.68513302e-02,3.80844846e-02,3.99365645e-02,4.17017308e-02,4.08611416e-02,3.97533373e-02,4.00081335e-02,3.95039650e-02,3.93621897e-02,3.83627608e-02,3.62308987e-02,3.12386576e-02,2.68070945e-02,2.35150758e-02,2.44210255e-02
-1.95782779e-02,-2.19590682e-02,-2.67518832e-02,-3.07162664e-02,-3.34792091e-02,-3.73524986e-02,-4.20231363e-02,-4.36694345e-02,-4.60225633e-02,-4.61313135e-02,-4.37074750e-02,-4.25434447e-02,-3.97975798e-02,-3.74875586e-02,-3.32109835e-02,-3.17512274e-02,-2.96537266e-02,-3.01431680e-02,-3.04788395e-02,-3.06549357e-02,-3.06463129e-02,-3.08586159e-02,-3.28194449e-02,-3.47862855e-02,-3.70493157e-02,-4.08262001e-02,-4.16886540e-02,-4.16326931e-02,-4.11979730e-02,-4.33988817e-02,-4.55911751e-02,-4.83218727e-02,-4.91311209e-02,-5.02903419e-02,-5.08947116e-02,-5.09983619e-02,-5.23558104e-02,-5.36611733e-02,-5.32255605e-02,-5.29954202e-02,-5.29474743e-02,-5.01504004e-02,-4.40198513e-02,-3.73581095e-02,-3.01376640e-02,-2.06546736e-02,-1.29691029e-02,-8.93338462e-03,-6.49659469e-03,-4.83811856e-03,-2.94184650e-03,-1.91438581e-03,-3.54093143e-04,2.54636216e-03,4.77979025e-03,4.80285687e-03,5.47808631e-03,5.70597426e-03,1.89245872e-03,-1.30237316e-03,-5.70126718e-03,-9.33360348e-03,-1.33963113e-02,-1.77139720e-02
1.31389366e-02,5.77758769e-03,-7.32820950e-04,-8.34600228e-03,-1.37956955e-02,-1.77559811e-02,-2.15094792e-02,-2.40390981e-02,-2.46401703e-02,-2.43629051e-02,-2.41189824e-02,-2.28570793e-02,-1.86085058e-02,-1.40075743e-02,-9.22036108e-03,-4.49506029e-03,1.67310467e-03,5.16995013e-03,9.13432074e-03,1.42065422e-02,1.82963573e-02,2.07191251e-02,2.20143077e-02,2.20875092e-02,2.32561137e-02,2.23698143e-02,2.03620227e-02,1.86287312e-02,1.47886521e-02,1.16628394e-02,9.06437319e-03,5.37623356e-03,4.56080325e-03,2.23175786e-03,-1.44849130e-03,-3.57553452e-03,-4.59053087e-03,-6.95237806e-03,-1.07570170e-02,-1.34502754e-02,-1.68129120e-02,-1.97331126e-02,-2.10279551e-02,-2.16235865e-02,-1.92869893e-02,-1.75958474e-02,-1.51242652e-02,-1.20219225e-02,-8.92905249e-03,-2.51985840e-03,5.24560052e-03,1.13391868e-02,1.79974531e-02,2.09697489e-02,2.30381050e-02,2.56138115e-02,2.79417446e-02,2.94002355e-02,2.97311290e-02,3.13903698e-02,2.98759619e-02,2.66012283e-02,2.46257544e-02,2.04937164e-02
3.01693982e-02,2.84325053e-02,2.58022460e-02,1.96071017e-02,1.25801057e-02,5.54213340e-03,3.75927846e-04,-3.48665987e-03,-5.32220708e-03,-8.02620712e-03,-1.09838698e-02,-9.90006611e-03,-7.07855426e-03,-4.51131387e-03,-3.06241492e-03,-9.58566294e-04,1.84703319e-03,4.73168920e-03,7.33881671e-03,8.67117976e-03,8.91108883e-03,8.81345700e-03,9.05711461e-03,1.15226169e-02,1.33408426e-02,1.33280540e-02,1.23890435e-02,1.08268410e-02,1.07277684e-02,1.11916461e-02,1.30567524e-02,1.32719666e-02,1.28260981e-02,1.10035491e-02,9.36428517e-03,7.16810140e-03,5.07671363e-03,4.02891384e-03,2.98041647e-03,3.13223184e-03,2.75710074e-03,1.66010417e-03,-1.72398294e-03,-4.04859783e-03,-5.85661732e-03,-4.85409979e-03,-4.68202908e-03,-3.00923807e-03,9.71176181e-05,3.25043025e-03,5.10629006e-03,7.36449609e-03,8.22823469e-03,9.22412001e-03,1.20926148e-02,1.38904820e-02,1.63226155e-02,1.88180328e-02,2.14419510e-02,2.37685113e-02,2.51005550e-02,2.73727703e-02,2.92924702e-02,3.05394797e-02
-1.66117568e-02,-1.77890867e-02,-1.99318463e-02,-1.95839464e-02,-1.93920640e-02,-1.95480554e-02,-1.45017637e-02,-7.87820596e-03,-3.51919154e-03,1.04023153e-03,4.54712741e-03,7.03660958e-03,8.94969582e-03,9.86477694e-03,9.63408442e-03,8.28407783e-03,5.79458475e-03,5.20675966e-04,-3.33378063e-03,-6.09550768e-03,-7.95186360e-03,-8.37405309e-03,-8.25568083e-03,-7.04183096e-03,-6.36986035e-03,-7.15306590e-03,-7.79078074e-03,-6.47729046e-03,-4.03108679e-03,-3.19034777e-04,3.04510663e-03,5.09102041e-03,8.63908933e-03,1.01697099e-02,9.79801396e-03,8.83593599e-03,4.69657873e-03,-2.95839274e-03,-1.14678562e-02,-1.77845710e-02,-2.21377121e-02,-2.72352101e-02,-3.31549047e-02,-3.80252584e-02,-4.17173605e-02,-4.27313969e-02,-4.21519634e-02,-3.94908036e-02,-3.59160019e-02,-3.12882726e-02,-2.91222564e-02,-2.93400827e-02,-2.72225334e-02,-2.48140855e-02,-2.15659664e-02,-1.81187879e-02,-1.46088976e-02,-1.12354655e-02,-1.09278982e-02,-1.35054746e-02,-1.35648329e-02,-1.30548573e-02,-1.41897640e-02,-1.59626397e-02
1.71853448e-02,1.95715943e-02,2.19229084e-02,2.31174739e-02,2.26990983e-02,2.10065346e-02,2.03778145e-02,2.04599875e-02,1.96382315e-02,1.89818565e-02,1.97669391e-02,1.83471907e-02,1.52753407e-02,1.26869188e-02,1.10536765e-02,8.34256568e-03,4.73215447e-03,-4.73837440e-04,-6.89512585e-03,-1.28328362e-02,-1.44772879e-02,-1.58171826e-02,-1.68054021e-02,-1.66589660e-02,-1.53698508e-02,-1.29411776e-02,-1.28188524e-02,-1.28632673e-02,-1.24371784e-02,-1.61272004e-02,-2.00122904e-02,-2.38364469e-02,-2.80194170e-02,-3.17802851e-02,-3.51434504e-02,-3.75531003e-02,-3.98987046e-02,-4.33411211e-02,-4.73742940e-02,-4.87572707e-02,-5.05493861e-02,-5.14064821e-02,-5.10677667e-02,-4.86927172e-02,-4.40965070e-02,-3.73516096e-02,-3.01380040e-02,-2.69684588e-02,-2.59483745e-02,-2.37071645e-02,-2.06407964e-02,-1.76270573e-02,-1.62488052e-02,-1.44350115e-02,-1.24576969e-02,-1.03777564e-02,-7.66757532e-03,-3.96582385e-03,1.72559008e-03,7.35108318e-03,1.02460131e-02,1.19809354e-02,1.31457917e-02,1.49716401e-02
1.12780345e-02,1.13262219e-02,1.20756052e-02,1.06998606e-02,8.10604196e-03,7.18488922e-03,5.07366060e-03,3.09511902e-03,3.30972043e-03,5.24317383e-03,6.79270531e-03,7.73069533e-03,8.22366506e-03,8.33219514e-03,9.64212440e-03,1.19163842e-02,1.32949344e-02,1.54938724e-02,1.59485778e-02,1.79774775e-02,1.99832900e-02,2.09846627e-02,2.30975403e-02,2.41863469e-02,2.19510615e-02,1.84217568e-02,1.30145311e-02,8.62263782e-03,8.02709243e-03,8.85587304e-03,1.04030093e-02,1.15246896e-02,1.07895660e-02,8.03904862e-03,7.54137202e-03,4.70752654e-03,1.66440374e-03,-1.83834998e-04,-1.44913170e-03,-2.48944295e-03,-6.22512836e-03,-7.69302820e-03,-7.84156287e-03,-8.24903739e-03,-8.27795936e-03,-6.45710342e-03,-5.82343166e-03,-3.18697214e-03,-1.69938014e-03,-2.04990414e-03,-5.15610857e-04,1.67579054e-03,1.48646914e-03,1.46161046e-03,2.04077119e-03,1.76151423e-03,3.04185551e-03,6.13774527e-03,9.15914659e-03,1.19493916e-02,1.33990866e-02,1.30757576e-02,1.27372706e-02,1.22965726e-02
-3.05319337e-02,-3.03498109e-02,-2.99049219e-02,-2.91274688e-02,-2.71166866e-02,-2.38210988e-02,-2.16920359e-02,-1.79930192e-02,-1.32453406e-02,-7.14374355e-03,-2.86766484e-03,4.82291383e-04,2.16639940e-03,2.20702268e-03,2.91532728e-03,2.92362725e-03,2.70731727e-03,4.54465870e-03,6.43103728e-03,7.10032533e-03,6.73746437e-03,8.60173943e-03,1.03915135e-02,1.18881829e-02,1.52706691e-02,1.77169970e-02,2.15349866e-02,2.63516331e-02,2.91305253e-02,3.10474348e-02,3.12339958e-02,2.99196717e-02,2.88369426e-02,2.93653885e-02,3.00012943e-02,2.91761591e-02,3.00510204e-02,3.11405174e-02,2.93911644e-02,2.80886931e-02,2.75137940e-02,2.73294867e-02,2.62494413e-02,2.49757230e-02,2.27100309e-02,1.93424902e-02,1.46040818e-02,1.18089171e-02,8.99904462e-03,5.50155830e-03,1.72754430e-03,-2.21086114e-03,-4.01363688e-03,-3.32520576e-03,-3.52270120e-03,-4.97052474e-03,-6.75781048e-03,-9.19424240e-03,-1.30534253e-02,-1.58048451e-02,-1.92777967e-02,-2.39893011e-02,-2.79498035e-02,-3.00918256e-02
2.45547702e-02,2.37625611e-02,2.25349367e-02,1.97645233e-02,1.46174965e-02,9.61414611e-03,6.22404098e-03,-1.03048867e-03,-8.46288123e-03,-1.36454746e-02,-1.81848314e-02,-2.26243303e-02,-2.67760203e-02,-2.91742013e-02,-3.19718008e-02,-3.40187857e-02,-3.60101471e-02,-3.82925506e-02,-4.15374799e-02,-4.46966700e-02,-4.68241841e-02,-5.06625064e-02,-5.43637823e-02,-5.64541501e-02,-5.84190041e-02,-5.93762153e-02,-5.97479255e-02,-6.00578531e-02,-6.08661246e-02,-6.13019042e-02,-6.00270742e-02,-5.88932531e-02,-5.78370912e-02,-5.40815413e-02,-5.16791700e-02,-4.73486350e-02,-4.54226172e-02,-4.59551849e-02,-4.84435260e-02,-5.01175880e-02,-5.05017379e-02,-4.95543352e-02,-4.73294333e-02,-4.40613836e-02,-4.12781709e-02,-3.76169382e-02,-3.05283058e-02,-2.12988508e-02,-1.21115443e-02,-4.72017416e-03,1.83415753e-03,5.89990265e-03,1.10607205e-02,1.58498888e-02,2.01556487e-02,2.44127307e-02,2.76156058e-02,3.05769329e-02,3.05740276e-02,2.88489818e-02,2.81670186e-02,2.72127719e-02,2.69684261e-02,2.59090666e-02
-2.75037291e-02,-2.69034393e-02,-2.65943544e-02,-2.64682687e-02,-2.73272527e-02,-2.83320128e-02,-2.87576642e-02,-2.80431903e-02,-2.77830713e-02,-2.77985132e-02,-2.72637613e-02,-2.70232367e-02,-2.54239983e-02,-2.38393696e-02,-2.28011626e-02,-2.28188698e-02,-2.31826990e-02,-2.30657407e-02,-2.35040778e-02,-2.42913097e-02,-2.21212158e-02,-2.13999479e-02,-2.21170831e-02,-2.55849729e-02,-3.32542849e-02,-3.90273620e-02,-4.59497040e-02,-5.30770115e-02,-5.88806022e-02,-6.14845108e-02,-6.46342586e-02,-6.83751557e-02,-6.94935019e-02,-6.86922394e-02,-6.96448248e-02,-6.81166377e-02,-6.66696830e-02,-6.58576596e-02,-6.65342448e-02,-6.81253057e-02,-6.81110922e-02,-6.86201612e-02,-6.97733886e-02,-6.94676929e-02,-6.96476249e-02,-6.94009177e-02,-6.77887566e-02,-6.49690351e-02,-6.07480920e-02,-5.47729493e-02,-4.99931464e-02,-4.65756068e-02,-4.21428268e-02,-3.76526199e-02,-3.32323968e-02,-3.03338508e-02,-2.77940166e-02,-2.74363737e-02,-2.77241791e-02,-2.83391714e-02,-2.78275404e-02,-2.81515304e-02,-2.87322809e-02,-2.85366452e-02
-3.20761477e-02,-3.07098503e-02,-2.84375755e-02,-2.55658980e-02,-2.29221761e-02,-1.98790584e-02,-1.89476296e-02,-1.83446007e-02,-2.00076092e-02,-2.28038292e-02,-2.46017551e-02,-2.70122488e-02,-2.94218677e-02,-3.05367672e-02,-3.00410037e-02,-2.86745181e-02,-2.76394287e-02,-2.49843826e-02,-2.20205312e-02,-1.92103673e-02,-1.50919817e-02,-1.31445171e-02,-1.14370116e-02,-1.02407535e-02,-9.81187198e-03,-9.40198371e-03,-1.09079966e-02,-1.21698528e-02,-1.27297230e-02,-1.38106156e-02,-1.51047162e-02,-1.38723790e-02,-1.24643799e-02,-1.27955498e-02,-1.38929354e-02,-1.53381994e-02,-1.58096757e-02,-1.70083570e-02,-1.95538792e-02,-2.50087485e-02,-3.02397407e-02,-3.68697331e-02,-4.21224434e-02,-4.71313596e-02,-4.98805679e-02,-5.12099487e-02,-5.33058291e-02,-5.39537133e-02,-5.19844532e-02,-4.88838562e-02,-4.52111077e-02,-4.22892819e-02,-4.09724144e-02,-3.67873291e-02,-3.34119536e-02,-3.33645654e-02,-3.33121547e-02,-3.53174920e-02,-3.56983256e-02,-3.35664912e-02,-3.22287841e-02,-3.43627035e-02,-3.57213633e-02,-3.49547705e-02
-1.15461854e-02,-8.46584587e-03,-4.61921699e-03,-1.57519083e-03,-2.97234768e-04,-6.92075684e-04,-2.22636063e-03,-1.09065250e-03,1.52194116e-03,3.68358498e-03,4.04227016e-03,2.46882862e-03,2.98835903e-03,2.23068612e-03,3.33411014e-03,3.85042501e-03,1.76858034e-03,-1.43173329e-03,-5.04103607e-03,-1.03461924e-02,-1.48653783e-02,-1.77407842e-02,-2.10969065e-02,-2.29235910e-02,-2.37782027e-02,-2.49144254e-02,-2.45788734e-02,-2.50689636e-02,-2.48753134e-02,-2.55798901e-02,-2.52370427e-02,-2.28946487e-02,-1.94520227e-02,-1.54006149e-02,-1.26882872e-02,-1.07341408e-02,-8.71963315e-03,-5.71074115e-03,-3.35489784e-03,-1.88928234e-03,-1.17710873e-04,1.74652070e-03,3.09697415e-03,1.45714844e-03,1.22546348e-03,-4.57394627e-04,-2.01549304e-03,-3.44424087e-03,-6.41644691e-03,-9.24151559e-03,-1.29128036e-02,-1.75953630e-02,-2.17348781e-02,-2.48728644e-02,-2.64355885e-02,-2.72717741e-02,-2.95690560e-02,-3.14397053e-02,-2.96684840e-02,-2.82240912e-02,-2.54985334e-02,-2.36250634e-02,-2.06092479e-02,-1.64750499e-02
4.47200797e-02,4.42181045e-02,4.54210470e-02,4.72464282e-02,4.75402740e-02,4.82245238e-02,4.84110260e-02,4.93337010e-02,4.85218579e-02,4.71494810e-02,4.58944093e-02,4.37321484e-02,4.10196206e-02,3.65777817e-02,2.72124703e-02,1.81437505e-02,1.11942227e-02,5.66225762e-03,1.16276125e-03,-2.86014202e-03,-6.06538878e-03,-1.10548809e-02,-1.37452109e-02,-1.33036502e-02,-1.30941413e-02,-1.07849491e-02,-9.80221031e-03,-8.91555706e-03,-7.18450530e-03,-5.93485039e-03,-2.06445911e-03,3.86335891e-03,1.36621017e-02,2.32949539e-02,3.30498778e-02,4.01119897e-02,4.47371260e-02,4.77772249e-02,4.94156266e-02,4.81906817e-02,4.62711050e-02,4.56179072e-02,4.29069105e-02,3.80789251e-02,3.50686147e-02,3.18706650e-02,3.05559591e-02,3.13730681e-02,3.16163027e-02,3.25446866e-02,3.23880647e-02,2.86533387e-02,2.40466143e-02,2.22957912e-02,2.19680636e-02,2.31003765e-02,2.76427655e-02,3.17179202e-02,3.47732630e-02,3.71490091e-02,3.73433621e-02,3.92729723e-02,4.32614637e-02,4.46024242e-02
8.82058046e-03,1.03241309e-02,1.15382345e-02,1.26848394e-02,1.36536896e-02,1.41518530e-02,1.24445382e-02,1.22872998e-02,1.57468652e-02,2.09303658e-02,2.63018058e-02,3.27969631e-02,3.51184584e-02,3.64993541e-02,3.98529094e-02,4.33767548e-02,4.57336076e-02,4.58400602e-02,4.42902059e-02,4.06497433e-02,3.92088651e-02,3.99682059e-02,3.80426964e-02,3.70663975e-02,3.74073350e-02,3.88894497e-02,3.97468801e-02,4.17774588e-02,4.12757715e-02,4.12807989e-02,4.01980458e-02,3.98502915e-02,3.96183376e-02,3.63915138e-02,2.98607665e-02,2.19999892e-02,1.20044846e-02,1.89361380e-03,-4.62744193e-03,-8.28048490e-03,-1.19407769e-02,-1.59940939e-02,-1.91257958e-02,-2.15260812e-02,-2.28700693e-02,-2.42436004e-02,-2.45636040e-02,-2.39793745e-02,-2.27989336e-02,-2.28912241e-02,-2.36982703e-02,-2.49123066e-02,-2.44450284e-02,-2.11711596e-02,-1.87756580e-02,-1.44258152e-02,-7.62584136e-03,-2.85492084e-03,-7.00547379e-04,3.58935519e-03,9.50895514e-03,1.32713091e-02,1.25912345e-02,1.01959772e-02
-2.41181124e-02,-2.24204475e-02,-2.21215919e-02,-2.22015137e-02,-2.25322116e-02,-2.13309064e-02,-2.04263062e-02,-1.89517007e-02,-1.73622588e-02,-1.66649993e-02,-1.61881536e-02,-1.53116345e-02,-1.50856187e-02,-1.65812820e-02,-1.84872513e-02,-1.92279853e-02,-2.17981740e-02,-2.28103001e-02,-2.12462363e-02,-2.06831767e-02,-2.10148956e-02,-2.09272299e-02,-2.01655608e-02,-2.19550900e-02,-2.53718492e-02,-2.67834429e-02,-2.41288827e-02,-2.13922781e-02,-1.86925565e-02,-1.81552272e-02,-1.62767813e-02,-1.03434092e-02,-4.29235823e-03,-1.61302803e-04,2.46689309e-03,1.92197491e-03,3.48737199e-05,-2.72962455e-03,-3.63359118e-03,-1.35284519e-03,4.57270416e-04,3.32399010e-04,-1.09889790e-03,-3.30209480e-03,-5.21888207e-03,-4.91813251e-03,-2.74130009e-03,-4.21170561e-03,-5.18768950e-03,-7.45664278e-03,-1.02023722e-02,-1.25664649e-02,-1.42789563e-02,-1.61639677e-02,-1.74376391e-02,-1.78418154e-02,-1.91048187e-02,-2.29299337e-02,-2.55776774e-02,-2.72409115e-02,-2.65216071e-02,-2.60429056e-02,-2.55466228e-02,-2.48825761e-02
-3.00070949e-02,-3.28557986e-02,-3.56443999e-02,-3.75445661e-02,-3.48085534e-02,-3.39213600e-02,-3.26523283e-02,-3.26652235e-02,-3.61470181e-02,-3.86453313e-02,-4.08206422e-02,-4.19661040e-02,-4.40831930e-02,-4.55198146e-02,-4.73576545e-02,-4.86165705e-02,-4.73767790e-02,-4.74039328e-02,-4.75624663e-02,-4.64292659e-02,-4.52154309e-02,-4.56565322e-02,-4.54467589e-02,-4.32285520e-02,-4.04393268e-02,-3.60227229e-02,-3.39407743e-02,-3.29040281e-02,-3.34043679e-02,-3.58035813e-02,-3.77934230e-02,-3.98787951e-02,-4.31690089e-02,-4.63016763e-02,-4.81922355e-02,-4.89563479e-02,-5.03892901e-02,-4.99263409e-02,-4.77806066e-02,-4.35725402e-02,-4.08802077e-02,-3.76185503e-02,-3.55381734e-02,-3.53571714e-02,-3.48634048e-02,-3.41545684e-02,-3.19692841e-02,-3.01543717e-02,-2.64560399e-02,-2.28104454e-02,-1.93230434e-02,-1.66871641e-02,-1.60159241e-02,-1.73377992e-02,-1.83856957e-02,-1.97097306e-02,-1.96769288e-02,-2.01769231e-02,-2.28163742e-02,-2.28326074e-02,-2.39824442e-02,-2.48673525e-02,-2.64512612e-02,-2.83067725e-02
-4.51957069e-03,-5.58077284e-03,-6.25383068e-03,-7.91064462e-03,-8.50174734e-03,-5.51196687e-03,-3.49721300e-03,-1.09458678e-03,2.15003068e-04,3.56767605e-03,7.34402675e-03,9.22623921e-03,8.29873074e-03,7.96558850e-03,7.61848807e-03,7.21019206e-03,5.44161975e-03,4.00853791e-03,3.63132387e-03,2.29332893e-03,2.27185614e-03,4.47315217e-03,7.87547219e-03,1.29615250e-02,1.80540987e-02,2.20801391e-02,2.56763875e-02,2.99500887e-02,3.34135255e-02,3.52547139e-02,3.65934184e-02,3.69273029e-02,3.43897511e-02,2.93356396e-02,2.36551575e-02,1.85093387e-02,1.32927363e-02,9.76391066e-03,7.03570064e-03,3.47951589e-03,2.09829223e-03,-1.58053718e-03,-3.76070933e-03,-3.84138577e-03,-3.55716462e-03,-1.92209681e-03,2.52040778e-04,2.80484660e-03,4.58895216e-03,3.53094287e-03,2.79028890e-03,1.38445950e-03,1.00238430e-03,2.95749671e-03,6.34892761e-03,7.93086243e-03,7.73622393e-03,6.51928307e-03,5.31305796e-03,4.91045485e-03,4.64462997e-03,3.02612740e-03,-1.81237388e-03,-3.78376522e-03
-1.60062536e-02,-1.64161482e-02,-1.70207396e-02,-1.90692841e-02,-2.31770255e-02,-2.81031106e-02,-3.43704781e-02,-4.05801301e-02,-4.71252517e-02,-5.27443104e-02,-5.57254574e-02,-5.67467122e-02,-5.63633282e-02,-5.56041700e-02,-5.53758423e-02,-5.50126742e-02,-5.29588141e-02,-5.07407733e-02,-4.72841522e-02,-4.28379332e-02,-3.76512417e-02,-3.01289169e-02,-2.18311703e-02,-1.49346707e-02,-9.69172585e-03,-6.25036775e-03,-4.35676954e-03,-3.66032765e-03,-2.61484268e-03,-3.05617998e-03,-4.14728112e-03,-6.96639462e-03,-1.15315974e-02,-1.68109293e-02,-2.17160559e-02,-2.68838821e-02,-2.97502126e-02,-3.08129619e-02,-3.13454660e-02,-3.05508934e-02,-3.18794887e-02,-3.40260826e-02,-3.40729491e-02,-3.37499493e-02,-3.30894981e-02,-3.12316485e-02,-2.72282054e-02,-2.24837726e-02,-2.10753305e-02,-1.95425477e-02,-1.85753086e-02,-1.64197019e-02,-1.54118387e-02,-1.47007396e-02,-1.70534470e-02,-1.79119987e-02,-2.11436752e-02,-2.43516625e-02,-2.61311770e-02,-2.46202720e-02,-2.26015894e-02,-2.13440151e-02,-1.82697414e-02,-1.65289692e-02
-4.68788336e-02,-4.96868224e-02,-5.30955007e-02,-5.55358407e-02,-5.59813319e-02,-5.51820072e-02,-5.46286190e-02,-5.49313186e-02,-5.61119720e-02,-5.67885176e-02,-5.57214565e-02,-5.45853786e-02,-5.22548654e-02,-4.89236039e-02,-4.67656638e-02,-4.62203990e-02,-4.86003184e-02,-5.24491058e-02,-5.54328339e-02,-5.68976185e-02,-5.60643181e-02,-5.43855453e-02,-5.28754987e-02,-4.98491055e-02,-4.45081928e-02,-4.09968472e-02,-3.89115848e-02,-3.75573643e-02,-3.53722195e-02,-3.24797107e-02,-2.92063301e-02,-2.60653888e-02,-2.41086840e-02,-2.41372103e-02,-2.42926785e-02,-2.36759118e-02,-2.36028859e-02,-2.40627829e-02,-2.78992393e-02,-2.88753095e-02,-2.88231650e-02,-2.85382229e-02,-2.72804808e-02,-2.56800106e-02,-2.20505788e-02,-1.94868018e-02,-1.56270095e-02,-1.22711545e-02,-9.39307516e-03,-8.70906182e-03,-9.92545334e-03,-1.24975512e-02,-1.45098620e-02,-1.61279326e-02,-1.57326520e-02,-1.37245267e-02,-1.64666307e-02,-2.27440546e-02,-2.87559434e-02,-3.30371947e-02,-3.54275955e-02,-3.70280840e-02,-4.14093738e-02,-4.45808565e-02
2.51407112e-02,2.49138038e-02,2.79646142e-02,3.13495560e-02,3.34686946e-02,3.55789730e-02,3.81926830e-02,3.95075515e-02,3.99884259e-02,4.00502265e-02,4.12385482e-02,4.33679711e-02,4.56900213e-02,4.54470494e-02,4.43971469e-02,4.27242820e-02,4.20217770e-02,4.08206500e-02,3.73887005e-02,3.25552404e-02,2.78096058e-02,2.30948424e-02,1.95096376e-02,1.79044923e-02,1.70747317e-02,1.67370447e-02,1.70843574e-02,1.80224926e-02,2.11807558e-02,2.64715081e-02,3.05185146e-02,3.35472857e-02,3.65099889e-02,3.93876657e-02,4.16125923e-02,4.22522167e-02,4.36535502e-02,4.31772832e-02,4.16159412e-02,3.98394226e-02,3.84163097e-02,3.61747617e-02,3.38951254e-02,3.27732260e-02,3.10226682e-02,3.04443951e-02,3.17915751e-02,3.31362803e-02,3.51646795e-02,3.76937138e-02,3.76233299e-02,3.42674913e-02,3.12226007e-02,2.67589842e-02,2.48257316e-02,2.34281339e-02,2.04572625e-02,1.95066334e-02,1.87170480e-02,1.85580112e-02,1.65847858e-02,1.78798767e-02,2.11434253e-02,2.39579861e-02
3.96747963e-02,3.96819445e-02,3.96399738e-02,3.79347016e-02,3.56740842e-02,3.53482188e-02,3.61348205e-02,3.85296116e-02,4.23536794e-02,4.47360974e-02,4.57341218e-02,4.40895273e-02,4.01739003e-02,3.45862202e-02,3.03380971e-02,2.58306140e-02,2.19308421e-02,1.81474891e-02,1.57371176e-02,1.52103876e-02,1.15507159e-02,9.85581545e-03,6.94251568e-03,4.00131062e-03,6.45251719e-04,-2.32635593e-03,-4.79204019e-03,-8.38687263e-03,-1.14165671e-02,-1.29517001e-02,-1.49226138e-02,-1.68786776e-02,-1.99669894e-02,-2.38227957e-02,-2.76376292e-02,-2.89788215e-02,-3.39641606e-02,-3.83255781e-02,-4.06755301e-02,-4.12414225e-02,-4.08721511e-02,-4.08877101e-02,-4.03047575e-02,-3.85887924e-02,-3.93916643e-02,-3.79656134e-02,-3.20221624e-02,-2.81419629e-02,-2.61716176e-02,-2.33856391e-02,-1.78128124e-02,-8.99118593e-03,-2.65911117e-05,9.13607466e-03,1.59255247e-02,2.16858546e-02,2.57812380e-02,2.80926143e-02,3.15683162e-02,3.77578256e-02,4.06811662e-02,4.17258598e-02,4.05083062e-02,4.01114737e-02
-2.18406843e-03,-3.46211378e-03,-2.86229031e-03,-2.37023297e-03,-1.53338973e-03,1.03038765e-03,1.92033351e-03,2.94676446e-03,6.95294454e-03,8.95472945e-03,1.21631688e-02,1.47628792e-02,1.71566373e-02,1.93258679e-02,2.18345440e-02,2.39689818e-02,2.81574800e-02,3.29864780e-02,3.69492153e-02,3.69320148e-02,3.47511926e-02,3.39663738e-02,3.38574439e-02,3.60746851e-02,3.90313692e-02,4.20857177e-02,4.41042075e-02,4.56075860e-02,4.66467395e-02,4.79159661e-02,4.73898322e-02,4.55353995e-02,4.36059265e-02,4.18380704e-02,3.96157402e-02,3.64104926e-02,3.48033805e-02,3.47433628e-02,3.59228735e-02,3.66493788e-02,3.60566032e-02,3.45985751e-02,3.18639418e-02,3.02911158e-02,2.74488288e-02,2.43343098e-02,2.10815128e-02,1.86990904e-02,1.64624089e-02,1.34673665e-02,1.05477753e-02,7.61226619e-03,5.51348901e-03,6.51363942e-03,8.98905128e-03,1.05681460e-02,9.62301200e-03,7.94368849e-03,6.32114974e-03,4.71351653e-03,9.28267539e-04,-1.00354163e-03,-2.55135474e-03,-2.49130128e-03
-4.95886383e-02,-5.41939529e-02,-5.59281497e-02,-5.93630353e-02,-6.17408899e-02,-6.48419625e-02,-6.62470083e-02,-6.78764185e-02,-6.92310736e-02,-7.06557473e-02,-7.19553297e-02,-7.15151514e-02,-6.66231425e-02,-6.12048779e-02,-5.34315838e-02,-4.70232203e-02,-4.22679596e-02,-3.83340788e-02,-3.43377728e-02,-2.74764567e-02,-1.92795080e-02,-1.26855728e-02,-5.60530079e-03,-1.41730651e-03,-8.97744819e-04,-3.98687264e-03,-7.24612319e-03,-1.04437789e-02,-1.30462835e-02,-1.48185727e-02,-1.66856715e-02,-1.47820897e-02,-1.03667865e-02,-4.65070059e-03,-1.73041195e-03,-3.31660143e-03,-4.37725840e-03,-5.16596283e-03,-3.83023203e-03,-1.96108198e-03,6.69925169e-04,2.46780086e-03,6.13989154e-03,9.53519394e-03,1.13806420e-02,1.16742123e-02,1.07583583e-02,1.24076371e-02,1.30476295e-02,1.23804680e-02,1.08809563e-02,1.01090049e-02,8.77661320e-03,5.84837106e-03,2.85785192e-03,1.08548675e-03,-2.73002749e-03,-8.83103124e-03,-1.52358833e-02,-2.23700883e-02,-3.01177263e-02,-3.68541322e-02,-4.24886751e-02,-4.61177820e-02
-2.74092098e-02,-2.80250667e-02,-2.96596485e-02,-2.79681899e-02,-2.70724641e-02,-2.64557030e-02,-2.54632740e-02,-2.45919177e-02,-2.22978753e-02,-2.10272145e-02,-1.95783680e-02,-1.82008039e-02,-1.79499423e-02,-1.72526777e-02,-1.51558181e-02,-1.25164824e-02,-7.26346232e-03,-1.78799928e-03,3.52255273e-03,4.74013835e-03,4.75366779e-03,3.13531924e-03,4.75485443e-06,-5.44314312e-04,-3.61222011e-03,-6.96593663e-03,-1.18560832e-02,-1.55452911e-02,-1.62636093e-02,-1.69844617e-02,-1.68081960e-02,-1.61574022e-02,-1.75365374e-02,-1.78704283e-02,-1.82197301e-02,-1.91230269e-02,-1.88284481e-02,-1.96971246e-02,-1.91798423e-02,-1.87052256e-02,-1.97283969e-02,-2.18907827e-02,-2.57842342e-02,-3.11277340e-02,-3.50288036e-02,-3.84800195e-02,-4.11452151e-02,-4.10474416e-02,-4.05836511e-02,-3.87053181e-02,-3.61896078e-02,-3.47235571e-02,-3.28183960e-02,-3.13458000e-02,-3.15772775e-02,-3.09550470e-02,-3.16508451e-02,-3.32909890e-02,-3.38654885e-02,-3.42822836e-02,-3.45616521e-02,-3.16682151e-02,-3.04914200e-02,-2.87693776e-02
-9.24377612e-03,-9.82488882e-03,-1.00837986e-02,-9.73486586e-03,-6.71794351e-03,-5.90080006e-03,-5.96638972e-03,-6.31749272e-03,-5.11381528e-03,-3.60165809e-03,-1.27053582e-03,1.48804582e-03,6.11501973e-03,6.57718717e-03,6.11386194e-03,4.43142830e-03,3.25390605e-03,2.04547388e-03,2.78569681e-03,3.87185666e-03,7.45773562e-03,1.09538114e-02,1.35010321e-02,1.65865173e-02,2.00667758e-02,2.36177146e-02,2.48138898e-02,2.44410053e-02,2.41812483e-02,2.43028980e-02,2.55856039e-02,2.65725461e-02,2.57693048e-02,2.54195237e-02,2.49980828e-02,2.48956768e-02,2.39584724e-02,2.41207755e-02,2.34087853e-02,2.03943070e-02,1.79997921e-02,1.62990372e-02,1.54670938e-02,1.45498224e-02,1.36957419e-02,1.08821704e-02,7.18910120e-03,6.25754564e-03,6.36171943e-03,5.92636015e-03,2.97742560e-03,3.89036119e-04,-2.29327687e-03,-5.70861330e-03,-7.11148219e-03,-6.17838497e-03,-4.16769213e-03,-2.41992217e-03,-2.91273501e-03,-4.96227170e-03,-4.98212896e-03,-6.02301365e-03,-7.57540699e-03,-8.69776283e-03
9.03721532e-03,1.33525046e-02,1.42102845e-02,1.32655759e-02,1.10862027e-02,8.75339678e-03,6.52716788e-03,3.21889688e-03,-4.63499801e-04,-1.65630049e-03,-2.05915725e-04,-8.06623997e-04,-3.78293082e-03,-6.41889838e-03,-9.29192822e-03,-1.12722382e-02,-1.23491819e-02,-1.46037844e-02,-1.83750313e-02,-2.38645830e-02,-2.86118377e-02,-3.23299861e-02,-3.36348234e-02,-3.42437865e-02,-3.33685965e-02,-2.96995535e-02,-2.57248068e-02,-2.26356096e-02,-1.93490979e-02,-1.73671946e-02,-1.72764416e-02,-1.61704649e-02,-1.48468076e-02,-1.57149365e-02,-1.68043387e-02,-1.80675194e-02,-1.93222742e-02,-1.79922128e-02,-1.66812652e-02,-1.41624742e-02,-9.87782137e-03,-5.94243530e-03,-2.86811943e-03,-1.43834825e-03,2.32738815e-04,5.69164700e-04,-5.92185190e-04,-3.82528180e-04,5.57091324e-04,2.94849870e-03,6.33091250e-03,1.01555047e-02,1.14536998e-02,1.25399374e-02,1.26817191e-02,1.29756424e-02,1.24711693e-02,1.03328015e-02,6.45013463e-03,3.42557713e-03,1.67271435e-03,3.52650877e-04,1.83798825e-03,4.91485338e-03
-6.64193189e-03,-5.61589146e-03,-4.85538851e-03,-6.22609218e-03,-7.22128945e-03,-8.22731439e-03,-8.20279049e-03,-6.41408372e-03,-3.44525790e-03,5.75460562e-04,3.27909363e-03,5.26307441e-03,4.83327804e-03,4.54412949e-03,4.03652135e-03,5.46246819e-03,7.26598510e-03,1.03644781e-02,1.42174348e-02,1.73868247e-02,1.98154177e-02,2.11463487e-02,2.26812186e-02,2.19385019e-02,2.06220788e-02,1.82411166e-02,1.64276778e-02,1.45282057e-02,1.42556985e-02,1.24764028e-02,9.08213683e-03,6.09434559e-03,2.30335183e-03,-2.67266835e-03,-6.33908326e-03,-8.78636449e-03,-1.58875120e-02,-2.32016021e-02,-2.96040102e-02,-3.30160333e-02,-3.41487996e-02,-3.19329188e-02,-3.11889205e-02,-3.04891788e-02,-2.79347451e-02,-2.48627063e-02,-2.28948715e-02,-2.17814672e-02,-2.01130332e-02,-1.84349622e-02,-1.73307128e-02,-1.59383646e-02,-1.28638509e-02,-8.98875534e-03,-5.93660559e-03,-1.95794366e-03,-1.10539990e-04,-4.00778277e-04,-1.85758814e-03,-6.22754367e-03,-8.72637824e-03,-7.33505883e-03,-7.01149372e-03,-6.70738401e-03
-2.95079535e-02,-2.97299546e-02,-2.91860572e-02,-2.90495815e-02,-2.95176041e-02,-2.90717599e-02,-2.88713463e-02,-3.06663600e-02,-3.02720942e-02,-2.99691298e-02,-3.01149969e-02,-3.02473207e-02,-2.97020067e-02,-2.98355055e-02,-2.71885329e-02,-2.39729514e-02,-1.99122494e-02,-1.69442208e-02,-1.63267021e-02,-1.76315263e-02,-1.78083771e-02,-1.61169892e-02,-1.35951059e-02,-1.12061773e-02,-9.96577951e-03,-9.29986058e-03,-7.76580276e-03,-6.29775725e-03,-6.96611752e-03,-7.09709377e-03,-7.74100089e-03,-9.55406824e-03,-1.02815233e-02,-1.18687487e-02,-1.36471644e-02,-1.47624305e-02,-1.28993308e-02,-7.46565501e-03,-9.11415836e-04,5.66287821e-03,9.64485261e-03,1.16734129e-02,1.39932476e-02,1.53290086e-02,1.73509658e-02,1.69684852e-02,1.57846311e-02,1.47824611e-02,1.42098201e-02,1.42908292e-02,1.45487000e-02,1.53655641e-02,1.58330016e-02,1.35747922e-02,8.45040295e-03,1.46740033e-03,-5.04586853e-03,-8.07486267e-03,-9.43936611e-03,-1.33828876e-02,-1.84873556e-02,-2.38077995e-02,-2.70990010e-02,-2.83329296e-02
5.45347819e-03,6.44333029e-03,6.93580991e-03,5.48194907e-03,6.96668376e-03,9.90959370e-03,1.30098455e-02,1.40587007e-02,1.55371497e-02,1.56182227e-02,1.34687791e-02,1.13773311e-02,8.55371749e-03,5.76946291e-03,3.28888726e-03,2.01423411e-04,-1.71419391e-03,-1.86388248e-03,7.02869587e-05,2.09849968e-03,5.72621142e-03,9.90313978e-03,1.37456761e-02,1.80625966e-02,2.11421232e-02,2.16435007e-02,1.99613340e-02,1.64185887e-02,1.34084064e-02,1.06067012e-02,8.49777036e-03,6.29526628e-03,3.18276223e-03,-5.62700397e-05,-4.49743513e-03,-8.37164448e-03,-9.78319068e-03,-1.11327898e-02,-1.18409398e-02,-1.05853043e-02,-9.25807594e-03,-9.87257597e-03,-1.04245312e-02,-8.47744980e-03,-5.68410950e-03,-2.58734987e-03,3.07975309e-04,5.79201800e-03,9.18684542e-03,1.42752295e-02,1.80541063e-02,1.96832872e-02,2.12709636e-02,2.35076607e-02,2.21466805e-02,2.00511970e-02,1.65555549e-02,1.35527502e-02,9.80470609e-03,5.63624175e-03,2.34824537e-03,2.17600044e-03,2.14006724e-03,3.39875050e-03
-1.85424425e-02,-1.76037246e-02,-1.44243243e-02,-1.04379858e-02,-6.65558513e-03,-4.47559361e-03,-2.00553028e-03,-2.80854571e-04,-1.08183586e-03,-2.19260656e-03,-4.94201083e-03,-8.39156908e-03,-1.06754353e-02,-1.24370728e-02,-1.39174673e-02,-1.40488390e-02,-1.12392543e-02,-6.99367914e-03,-2.89295871e-03,1.69059953e-03,5.48653938e-03,8.30056441e-03,1.18404325e-02,1.62578790e-02,1.94571914e-02,1.92833765e-02,1.84013278e-02,1.64626564e-02,1.25861118e-02,8.33933537e-03,4.87274483e-03,1.26106392e-03,-5.79347022e-03,-1.38244150e-02,-2.15110030e-02,-2.66814411e-02,-3.01265420e-02,-3.35299160e-02,-3.64073092e-02,-3.95153677e-02,-3.99027502e-02,-3.94353552e-02,-3.99619057e-02,-4.27417049e-02,-4.66915548e-02,-4.98328132e-02,-5.07666800e-02,-5.08504344e-02,-4.97682217e-02,-4.90885049e-02,-5.09869285e-02,-5.41532124e-02,-5.65369770e-02,-5.92521969e-02,-6.01629089e-02,-5.88044449e-02,-5.49397612e-02,-4.84346003e-02,-4.11038421e-02,-3.35969751e-02,-2.72635349e-02,-2.21466891e-02,-1.92415594e-02,-1.82234210e-02
3.84400228e-02,4.07465193e-02,4.60060234e-02,5.24926291e-02,5.96691281e-02,6.62842992e-02,6.89992260e-02,6.82159664e-02,6.61224244e-02,6.25829429e-02,5.73781186e-02,5.19465484e-02,4.77998190e-02,4.45040052e-02,4.16759117e-02,4.10421293e-02,4.12705106e-02,3.99106113e-02,3.70931676e-02,3.25611766e-02,2.62215243e-02,2.28173230e-02,2.25953785e-02,2.09431913e-02,1.94203841e-02,1.67779830e-02,1.37294856e-02,1.07583564e-02,8.76397572e-03,5.96158241e-03,2.26682466e-03,-1.41784506e-03,-3.64700345e-03,-4.89648243e-03,-6.52541860e-03,-7.81711674e-03,-9.39962261e-03,-1.15237462e-02,-1.50544151e-02,-1.92974007e-02,-2.01199836e-02,-1.86205766e-02,-1.69787496e-02,-1.47512830e-02,-1.19246910e-02,-7.10616088e-03,-1.97803159e-03,9.31744004e-04,4.13424793e-03,7.94353198e-03,1.23861088e-02,1.58235767e-02,1.81028166e-02,2.14172216e-02,2.67260463e-02,2.90364397e-02,2.90170810e-02,3.06392824e-02,3.26578141e-02,3.47081734e-02,3.64526821e-02,3.66293754e-02,3.71428510e-02,3.70093007e-02
2.56123035e-02,2.53362111e-02,2.40514118e-02,2.18177197e-02,1.87329635e-02,1.62443122e-02,1.30151027e-02,1.20035224e-02,1.33286841e-02,1.59609848e-02,1.71462302e-02,1.72475249e-02,1.73085837e-02,1.68776719e-02,1.57590881e-02,1.39658096e-02,1.21049433e-02,1.03540090e-02,9.17789705e-03,7.41242837e-03,6.99651403e-03,6.16520051e-03,6.01755737e-03,6.12280853e-03,5.68409710e-03,3.35043286e-03,4.33469460e-03,6.10915997e-03,9.46267527e-03,1.04475731e-02,9.18548951e-03,7.52737791e-03,4.96460611e-03,2.43973883e-03,-1.03071492e-04,-1.42139722e-03,-2.52432315e-03,-2.84065559e-03,-3.86459853e-03,-4.34582739e-03,-6.08472910e-03,-1.05397879e-02,-1.74440105e-02,-2.47137987e-02,-3.11547920e-02,-3.56254457e-02,-3.63205274e-02,-3.63340224e-02,-3.60223172e-02,-3.27856523e-02,-2.72965641e-02,-2.26696771e-02,-1.80582327e-02,-1.28527578e-02,-5.95380394e-03,3.78586781e-03,1.09906963e-02,1.55636979e-02,1.74844405e-02,1.95149879e-02,1.88203204e-02,2.05040702e-02,2.43534789e-02,2.57198547e-02
2.80869039e-02,2.84265596e-02,3.13648739e-02,3.47860955e-02,3.86906070e-02,4.19188893e-02,4.35482778e-02,4.43797933e-02,4.49688987e-02,4.47667168e-02,4.35607408e-02,4.34543611e-02,4.43264594e-02,4.58523487e-02,4.65667444e-02,4.61702750e-02,4.57311825e-02,4.02132823e-02,3.19895800e-02,2.73459594e-02,2.34797417e-02,2.01278917e-02,1.50204465e-02,1.27331239e-02,1.36201053e-02,1.55422270e-02,1.88711453e-02,2.22418625e-02,2.57533901e-02,2.88072853e-02,3.23775430e-02,3.64233207e-02,4.01456231e-02,4.30924379e-02,4.45463982e-02,4.35378700e-02,4.32677428e-02,4.35560465e-02,4.52492333e-02,4.72427403e-02,4.89599526e-02,4.93235005e-02,4.80781518e-02,4.77658172e-02,4.66570694e-02,4.40703327e-02,4.12681126e-02,3.85194296e-02,3.57175332e-02,3.34389343e-02,3.28296306e-02,3.35770221e-02,3.47909439e-02,3.60705789e-02,3.67316475e-02,3.62068679e-02,3.51447027e-02,3.40090911e-02,3.26473781e-02,3.08069923e-02,3.03934868e-02,3.08285976e-02,3.01443712e-02,2.98085492e-02
1.83347361e-02,2.03157294e-02,2.31221023e-02,2.50741485e-02,2.65733270e-02,2.55478352e-02,2.48421130e-02,2.40336233e-02,2.25793161e-02,2.05311156e-02,1.80712218e-02,1.55529050e-02,1.28338327e-02,8.87449305e-03,4.48413242e-03,-1.10453874e-04,-3.10204073e-03,-1.31719947e-03,9.46958944e-04,2.51215895e-03,4.93189629e-04,-2.31981321e-03,-4.76589222e-03,-4.85884214e-03,-4.77160989e-03,-3.65692030e-03,-3.67235507e-03,-5.66414813e-03,-6.84840931e-03,-6.92405021e-03,-5.46669890e-03,-2.49882288e-03,-5.48090777e-04,1.04805030e-03,2.33973748e-03,3.41702626e-03,3.50214409e-03,2.46207436e-03,1.27257585e-03,-1.62724767e-03,-7.23469814e-03,-1.26073940e-02,-1.69153718e-02,-1.85088566e-02,-1.94105158e-02,-2.08581977e-02,-1.92756931e-02,-1.82310237e-02,-1.74252960e-02,-1.51014137e-02,-1.40138841e-02,-1.27362310e-02,-1.15143608e-02,-7.47694703e-03,-1.99720622e-03,3.99780622e-03,1.14950525e-02,1.80642418e-02,2.24371312e-02,2.27865365e-02,2.07207116e-02,1.95233462e-02,1.96205520e-02,1.85314373e-02
2.70341669e-02,2.34574273e-02,2.15499061e-02,2.21598031e-02,2.41379110e-02,2.50504194e-02,2.76712668e-02,2.87958967e-02,2.83124917e-02,3.04335085e-02,3.29049297e-02,3.59642419e-02,3.94133526e-02,4.35561777e-02,4.77066818e-02,5.11476659e-02,5.45219959e-02,5.58171485e-02,5.43971995e-02,5.45636147e-02,5.57495541e-02,5.55582060e-02,5.32287124e-02,5.26585316e-02,5.29441875e-02,5.16683405e-02,5.07582996e-02,5.21187352e-02,5.25287048e-02,5.09843419e-02,4.96162325e-02,4.67876483e-02,4.55931768e-02,4.29678075e-02,3.74011071e-02,3.17851377e-02,2.76406749e-02,2.52729161e-02,2.46353936e-02,2.30909126e-02,2.09384370e-02,1.99915796e-02,1.85879580e-02,1.58920401e-02,1.39655306e-02,1.39953981e-02,1.69032687e-02,2.05294203e-02,2.55615367e-02,2.80258469e-02,3.00059286e-02,3.14605487e-02,3.21685766e-02,3.18673808e-02,3.02631967e-02,3.15378713e-02,3.37409219e-02,3.63980399e-02,3.93754959e-02,4.11311173e-02,4.12790055e-02,3.91738817e-02,3.43299847e-02,3.03271248e-02
-1.51862793e-02,-9.94094539e-03,-5.06954475e-03,2.50243166e-04,6.86801840e-03,1.44892255e-02,2.31219513e-02,2.96557765e-02,3.50673106e-02,4.07508067e-02,4.54788821e-02,4.80630276e-02,4.70553356e-02,4.49212976e-02,4.46189959e-02,4.03384806e-02,3.59861648e-02,3.19826762e-02,2.51185570e-02,2.12386644e-02,1.74606447e-02,1.10980935e-02,3.64949340e-03,-3.89321417e-03,-1.20208902e-02,-1.72414902e-02,-2.07386758e-02,-2.30896509e-02,-2.33244793e-02,-2.37028603e-02,-2.33158398e-02,-2.32284034e-02,-2.42141797e-02,-2.36386966e-02,-2.28903487e-02,-2.38239387e-02,-2.64459832e-02,-2.96894682e-02,-3.32948445e-02,-3.58950948e-02,-3.91975406e-02,-4.30007722e-02,-4.44421333e-02,-4.45677174e-02,-4.62447230e-02,-4.60054309e-02,-4.57965808e-02,-4.72928648e-02,-5.03973260e-02,-5.15334957e-02,-5.26765602e-02,-5.20489814e-02,-5.14484532e-02,-5.14611636e-02,-5.00555566e-02,-4.61287412e-02,-4.34224015e-02,-4.11822522e-02,-3.83678012e-02,-3.58861329e-02,-3.19315488e-02,-2.82634401e-02,-2.48302169e-02,-2.00337546e-02
2.20778201e-02,2.46882012e-02,2.45157595e-02,1.89686083e-02,1.33761625e-02,9.40204166e-03,5.13590100e-03,2.26322890e-03,3.07299778e-04,-4.75128320e-04,4.83993569e-04,2.45931562e-03,5.41168495e-03,9.00093127e-03,1.11464223e-02,1.21595537e-02,1.41206446e-02,1.77715939e-02,2.20358389e-02,2.38717725e-02,2.34858464e-02,2.25094391e-02,2.05933042e-02,1.70988459e-02,1.19701157e-02,4.78286783e-03,1.39168002e-03,-2.38746260e-03,-4.70854976e-03,-7.05407926e-03,-8.39966085e-03,-7.19653874e-03,-5.91387688e-03,-4.72836672e-03,-3.83364436e-03,-3.37326516e-03,-3.12530761e-03,-2.11142172e-03,-2.96315984e-03,-3.83460878e-03,-3.90252432e-03,-4.09301004e-03,-2.43515698e-03,-1.08813379e-03,1.91280956e-03,4.14586269e-03,4.74726329e-03,4.99655014e-03,3.68880486e-03,2.03169051e-03,7.72164618e-04,1.49419670e-03,7.09429184e-04,2.15759895e-04,-4.25981207e-04,1.06043906e-04,1.14471731e-03,2.92220345e-03,5.02138670e-03,6.93069514e-03,1.00869443e-02,1.47358911e-02,1.87656936e-02,2.00808198e-02
3.92039682e-02,4.06047005e-02,4.13952674e-02,4.36611941e-02,4.51077678e-02,4.42812423e-02,4.40132445e-02,4.38256546e-02,4.19917472e-02,3.68146967e-02,3.29146446e-02,2.82549200e-02,2.08530550e-02,1.32990482e-02,6.16044276e-03,-1.90523598e-03,-8.00095058e-03,-1.39620653e-02,-1.90835147e-02,-2.47688348e-02,-2.85472273e-02,-3.09308928e-02,-3.30038747e-02,-3.69912673e-02,-4.34191920e-02,-4.82094662e-02,-4.96638378e-02,-5.13412423e-02,-5.12388591e-02,-4.86333519e-02,-4.57846367e-02,-4.32852001e-02,-4.23341030e-02,-4.30900114e-02,-3.95339972e-02,-3.42825958e-02,-2.95061720e-02,-2.62533972e-02,-2.16842639e-02,-1.66958315e-02,-1.13028361e-02,-4.59499942e-03,2.89616130e-03,8.65336515e-03,1.18959518e-02,1.58986317e-02,1.93772592e-02,2.31502577e-02,2.73962417e-02,3.17464388e-02,3.54564154e-02,3.75850511e-02,3.95079935e-02,3.85051817e-02,3.85575645e-02,3.72184508e-02,3.73703562e-02,3.52736390e-02,3.16951536e-02,3.10597309e-02,3.21309984e-02,3.25883828e-02,3.40209667e-02,3.73757261e-02
3.82606474e-02,4.04087178e-02,3.98856677e-02,4.07609722e-02,4.19739091e-02,4.34838655e-02,4.27974470e-02,3.98860503e-02,3.79531146e-02,3.62196676e-02,3.31369111e-02,3.07575838e-02,2.96136259e-02,2.94925698e-02,3.27974941e-02,3.85034216e-02,4.28822959e-02,4.56750496e-02,4.94945491e-02,5.30656555e-02,5.50654367e-02,5.61075456e-02,5.76294309e-02,5.89589884e-02,5.90851413e-02,5.72091287e-02,5.50869944e-02,5.47675699e-02,5.36464993e-02,4.95201451e-02,4.65617251e-02,4.43699864e-02,4.25541564e-02,3.97766276e-02,3.78928854e-02,3.72358862e-02,3.54320775e-02,3.53505844e-02,3.81328415e-02,3.86258612e-02,3.54357026e-02,3.19985314e-02,2.91442983e-02,2.60898126e-02,2.32284206e-02,1.81089816e-02,1.14835677e-02,4.73386236e-03,1.29134593e-03,-3.23388427e-03,-5.74867269e-03,-6.14962808e-03,-4.89893844e-03,-3.24386025e-03,-9.36283805e-04,3.42614149e-03,6.85568467e-03,1.00119833e-02,1.39646041e-02,1.58757016e-02,1.97832080e-02,2.44349491e-02,2.94351077e-02,3.42245969e-02
-1.60320013e-02,-1.74515025e-02,-1.87452331e-02,-2.06394730e-02,-2.23676189e-02,-2.51871810e-02,-3.17025437e-02,-3.79699584e-02,-4.30510902e-02,-4.72891508e-02,-4.94820256e-02,-5.26948199e-02,-5.58348173e-02,-5.84306450e-02,-6.01318389e-02,-6.00292610e-02,-5.85106080e-02,-5.62784796e-02,-5.33959055e-02,-5.33134310e-02,-5.17264728e-02,-4.87422562e-02,-4.69706733e-02,-4.69040060e-02,-4.69948304e-02,-4.80879609e-02,-4.94172646e-02,-4.81568947e-02,-4.69343642e-02,-4.51016699e-02,-4.31290070e-02,-3.99576970e-02,-3.57069209e-02,-3.15300224e-02,-2.58697610e-02,-2.08767621e-02,-1.70446713e-02,-1.44282872e-02,-1.43111455e-02,-1.33979212e-02,-1.10218903e-02,-9.22861741e-03,-5.92453527e-03,-2.70774044e-03,2.01853387e-03,5.87469594e-03,7.89014461e-03,9.78043623e-03,1.17791563e-02,1.30453868e-02,1.28362652e-02,1.06779734e-02,8.31909477e-03,7.33491588e-03,7.63318837e-03,5.77565410e-03,3.37842028e-03,2.48882762e-03,1.99654468e-04,-1.66154699e-03,-4.62301726e-03,-8.34919971e-03,-1.12399778e-02,-1.44279817e-02
4.03636085e-02,3.64436479e-02,3.20794321e-02,2.59346742e-02,2.22751383e-02,1.97125190e-02,1.60810836e-02,9.54221434e-03,5.23443405e-03,1.98847712e-03,5.54637875e-04,2.04695136e-04,7.07387460e-05,1.24684118e-03,4.83759013e-03,1.00241123e-02,1.51009437e-02,1.97442336e-02,2.53754902e-02,2.96920046e-02,3.26767795e-02,3.26238523e-02,3.11540663e-02,3.09205155e-02,3.06245992e-02,3.03658951e-02,2.87275644e-02,2.66132119e-02,2.37048833e-02,2.05745780e-02,1.90499662e-02,1.89068980e-02,2.02982675e-02,2.33740585e-02,2.75201085e-02,3.30234502e-02,3.67128219e-02,3.74961833e-02,3.89351497e-02,3.94853488e-02,4.07146651e-02,4.19073345e-02,4.40349044e-02,4.69399927e-02,4.81076926e-02,4.81270862e-02,5.12007131e-02,5.48271881e-02,5.67746631e-02,5.71166394e-02,5.99184538e-02,6.30842627e-02,6.59156166e-02,6.72047807e-02,6.74698393e-02,6.74893422e-02,6.64324774e-02,6.67888686e-02,6.74794715e-02,6.33855479e-02,5.90123470e-02,5.51575928e-02,5.13815431e-02,4.55806144e-02
-4.66380491e-02,-4.77489140e-02,-4.71394792e-02,-4.51087025e-02,-4.38015362e-02,-4.09958520e-02,-3.68341418e-02,-3.45004918e-02,-3.22736680e-02,-3.12504957e-02,-2.82035680e-02,-2.58159575e-02,-2.51465092e-02,-2.57187324e-02,-2.59864117e-02,-2.78732341e-02,-2.93977437e-02,-3.05054456e-02,-3.13894561e-02,-3.10562067e-02,-3.17246343e-02,-3.34851629e-02,-3.58102123e-02,-3.71963809e-02,-3.82618406e-02,-3.82801746e-02,-3.76193811e-02,-3.71997562e-02,-3.58720918e-02,-3.48783669e-02,-3.30451636e-02,-3.00298688e-02,-3.15597924e-02,-3.24426644e-02,-3.18817528e-02,-3.05569143e-02,-2.90061710e-02,-2.67618995e-02,-2.49623799e-02,-2.17618265e-02,-1.65928485e-02,-1.42269107e-02,-1.15736882e-02,-1.07162971e-02,-1.00865075e-02,-1.13389193e-02,-1.16902685e-02,-1.00289508e-02,-8.05699960e-03,-5.60425019e-03,-2.74774594e-03,1.71876674e-03,5.62699387e-03,8.18690772e-03,5.76377916e-03,9.65715026e-04,-3.76208656e-03,-1.06019789e-02,-1.72884234e-02,-2.50789897e-02,-3.17319008e-02,-3.80328523e-02,-4.19027717e-02,-4.58805854e-02
2.98823617e-02,3.29377260e-02,3.53370975e-02,3.87508735e-02,4.26338094e-02,4.38987857e-02,4.45325543e-02,4.29858994e-02,4.17587109e-02,4.09054573e-02,3.95431594e-02,3.76589224e-02,3.63625201e-02,3.29165243e-02,2.91017753e-02,2.37449376e-02,1.93805168e-02,1.38156310e-02,9.28901187e-03,5.60854326e-03,5.20827641e-03,6.62657775e-03,8.21056202e-03,9.93043245e-03,9.23329728e-03,9.09914021e-03,1.03862081e-02,1.20204208e-02,1.17475731e-02,1.01477006e-02,8.53168565e-03,7.78670898e-03,8.26093922e-03,8.10804911e-03,9.74652901e-03,1.22076600e-02,1.24923247e-02,9.24721839e-03,3.97683058e-03,2.44728219e-03,1.27512686e-03,1.20425699e-04,-1.66197164e-03,-2.18097362e-03,-3.76459191e-03,-6.99159522e-03,-1.04499543e-02,-1.19117146e-02,-1.11194797e-02,-1.00273785e-02,-8.29641913e-03,-7.01913835e-03,-4.35982359e-03,2.99893715e-04,4.54778556e-03,5.79761032e-03,9.24817228e-03,1.29335657e-02,1.72691694e-02,1.86331772e-02,2.01936024e-02,2.30914064e-02,2.48850508e-02,2.66835737e-02
-5.71089815e-03,-6.71658587e-03,-6.80750158e-03,-4.74632212e-03,-2.35514553e-03,-1.14959276e-04,4.52017967e-04,1.27661843e-03,3.83853816e-03,9.63346081e-03,1.57740271e-02,1.87481288e-02,2.10022140e-02,2.31316964e-02,2.51924572e-02,2.84992542e-02,3.27968008e-02,3.59176177e-02,3.72089746e-02,3.93930948e-02,4.43641645e-02,5.03210197e-02,5.55459377e-02,5.80803223e-02,5.79132074e-02,5.76821557e-02,5.81598819e-02,5.74229069e-02,5.80079217e-02,5.86991458e-02,6.21444166e-02,6.34759532e-02,6.39762283e-02,6.25508639e-02,6.10862149e-02,5.98997754e-02,5.95785637e-02,5.91995822e-02,5.85070289e-02,5.67724045e-02,5.76926428e-02,5.86706708e-02,5.71221738e-02,5.22146806e-02,4.67474325e-02,4.15314957e-02,3.65593792e-02,3.20469871e-02,2.78866771e-02,2.59167082e-02,2.37793261e-02,2.17417810e-02,1.91252290e-02,1.65891008e-02,1.45403744e-02,1.24404513e-02,9.99559122e-03,5.61590657e-03,3.13789687e-03,9.51660299e-04,-2.57745385e-03,-2.73096767e-03,-3.37834482e-03,-5.38981004e-03
5.28407285e-02,5.31478724e-02,5.11437607e-02,4.95821085e-02,4.76022892e-02,4.56986748e-02,4.15361974e-02,3.90725858e-02,3.57216040e-02,2.93519781e-02,2.09297921e-02,1.18459086e-02,5.97553891e-03,2.00982368e-03,-2.14025028e-04,-3.09191229e-03,-3.75681931e-03,-2.20713656e-03,-1.14463518e-03,-2.66502165e-03,-1.90789636e-03,-2.17187129e-03,-4.51639139e-03,-4.71867791e-03,-5.43753168e-03,-4.31847137e-03,-5.33513975e-04,3.78096242e-03,5.83586471e-03,7.49617412e-03,7.99610771e-03,7.59246962e-03,7.91629664e-03,7.72836126e-03,9.34268148e-03,9.52352963e-03,9.80503121e-03,1.13982149e-02,1.45056011e-02,1.57699179e-02,1.56777046e-02,1.46681662e-02,1.30282362e-02,1.17212762e-02,1.11238253e-02,1.19968271e-02,1.45127581e-02,1.79628308e-02,2.22996229e-02,2.54603730e-02,3.03826739e-02,3.33956728e-02,3.43217917e-02,3.46068497e-02,3.30592966e-02,3.27081079e-02,3.45461713e-02,3.79927491e-02,4.06941707e-02,4.39678384e-02,4.76797979e-02,5.00468061e-02,5.06249746e-02,5.14656431e-02
-4.40570411e-02,-4.42321146e-02,-4.43574835e-02,-4.28964105e-02,-4.21208157e-02,-4.15557902e-02,-4.24205911e-02,-4.37042374e-02,-4.60800884e-02,-4.76309159e-02,-4.90858212e-02,-4.91696123e-02,-4.95347533e-02,-4.81555379e-02,-4.59167909e-02,-4.50898416e-02,-4.35572302e-02,-4.23341802e-02,-4.32538163e-02,-4.21016452e-02,-4.01563365e-02,-3.76175926e-02,-3.52222077e-02,-3.31880152e-02,-3.14836853e-02,-2.92973655e-02,-2.84820786e-02,-2.71200398e-02,-2.69689121e-02,-2.94239574e-02,-3.29936874e-02,-3.56706244e-02,-3.55088550e-02,-3.41089946e-02,-3.28096872e-02,-3.34038604e-02,-3.46626370e-02,-3.41888500e-02,-3.18378825e-02,-2.58545643e-02,-2.29840502e-02,-2.35998145e-02,-2.36489342e-02,-2.22731238e-02,-2.34388307e-02,-2.53244301e-02,-2.82594930e-02,-3.01839777e-02,-3.20883044e-02,-3.54344546e-02,-3.90264657e-02,-4.23831578e-02,-4.60757766e-02,-4.93717448e-02,-5.38420961e-02,-5.62268861e-02,-5.80722896e-02,-5.74057038e-02,-5.52420094e-02,-5.15632199e-02,-4.80667244e-02,-4.68211414e-02,-4.59581319e-02,-4.52833002e-02
-1.93849328e-02,-2.30186370e-02,-2.64996788e-02,-2.91505358e-02,-3.13641667e-02,-3.21167215e-02,-3.38136131e-02,-3.43151297e-02,-3.62433925e-02,-3.88672138e-02,-4.25618307e-02,-4.52148885e-02,-4.75959647e-02,-5.05426318e-02,-5.32224843e-02,-5.46394102e-02,-5.58895086e-02,-5.40326143e-02,-5.10222078e-02,-4.65583688e-02,-4.25080316e-02,-3.90778737e-02,-3.52963274e-02,-3.12154328e-02,-2.65679962e-02,-2.26416546e-02,-1.88759162e-02,-1.88370202e-02,-1.98120459e-02,-2.25755448e-02,-2.46489439e-02,-2.47679608e-02,-2.60272676e-02,-2.35656164e-02,-2.04617161e-02,-1.66751376e-02,-1.22542278e-02,-7.45198340e-03,-1.34016916e-03,5.74143866e-03,1.07556703e-02,1.29853870e-02,1.36734466e-02,1.30579487e-02,1.07594544e-02,8.14491974e-03,5.25522552e-03,2.91074425e-03,3.92605329e-04,-8.17297985e-04,-6.92531797e-04,-4.42259126e-04,-1.93272331e-04,-1.66187384e-03,-5.81819772e-03,-1.08232211e-02,-1.21117049e-02,-1.16033310e-02,-1.22418558e-02,-1.29878298e-02,-1.50410170e-02,-1.55883800e-02,-1.56303166e-02,-1.67990377e-02
-3.91824346e-02,-3.85830192e-02,-3.88135269e-02,-3.65461247e-02,-3.61627223e-02,-3.81543785e-02,-3.87577121e-02,-3.84195817e-02,-3.59976374e-02,-3.34898030e-02,-2.95785454e-02,-2.51361233e-02,-2.32459601e-02,-2.19251516e-02,-2.09245366e-02,-2.06999126e-02,-1.97526665e-02,-1.99160438e-02,-1.90268511e-02,-1.79511561e-02,-1.63504698e-02,-1.71604856e-02,-1.90675668e-02,-2.12800434e-02,-2.35646560e-02,-2.55977135e-02,-2.78100363e-02,-3.03597488e-02,-3.11344936e-02,-3.24906718e-02,-3.28846346e-02,-3.09295326e-02,-2.78389028e-02,-2.66389588e-02,-2.56963204e-02,-2.63721972e-02,-2.85964341e-02,-3.07016989e-02,-3.30052288e-02,-3.52557731e-02,-3.73630644e-02,-4.00838332e-02,-4.16091634e-02,-4.26354522e-02,-4.35241417e-02,-4.81392203e-02,-5.10802752e-02,-5.22673827e-02,-5.53184847e-02,-5.66309720e-02,-5.87423693e-02,-5.98306105e-02,-5.97667279e-02,-6.09602137e-02,-6.02735436e-02,-5.74617537e-02,-5.30117755e-02,-4.87838739e-02,-4.61717484e-02,-4.33828088e-02,-3.88399446e-02,-3.67935521e-02,-3.70138960e-02,-3.86844501e-02
1.28176486e-02,1.51262103e-02,1.64250978e-02,1.73613995e-02,1.80374841e-02,1.67456129e-02,1.43983685e-02,1.29789925e-02,1.10510909e-02,9.31382723e-03,9.24357279e-03,1.21009924e-02,1.49354256e-02,1.63249654e-02,1.82607046e-02,2.17617195e-02,2.71768158e-02,2.95581353e-02,3.17218847e-02,3.24967523e-02,3.27361975e-02,3.24374567e-02,3.04193785e-02,2.80884048e-02,2.38902782e-02,1.83312548e-02,1.23032373e-02,7.36720947e-03,3.15672359e-03,4.02367733e-04,-1.97625814e-03,-3.99957942e-03,-4.86750458e-03,-3.75200199e-03,-3.68868998e-03,-1.59837269e-03,-2.05844264e-03,-3.76680073e-03,-5.26605575e-03,-6.07356952e-03,-7.66330538e-03,-1.00092903e-02,-1.27510050e-02,-1.35931962e-02,-1.27243367e-02,-1.04865783e-02,-8.30103252e-03,-7.09280205e-03,-8.56438334e-03,-1.14368692e-02,-1.11864598e-02,-9.19271440e-03,-5.00473304e-03,-1.79762913e-03,2.05232997e-04,4.35466088e-03,8.76801731e-03,1.17833670e-02,1.08681891e-02,8.76397447e-03,8.63575185e-03,9.24513353e-03,1.17828476e-02,1.29226702e-02
-3.38317030e-02,-3.21820319e-02,-3.10401892e-02,-2.81090679e-02,-2.41464457e-02,-1.91907206e-02,-1.52113732e-02,-9.35267661e-03,-7.28710434e-05,1.08461242e-02,1.95301668e-02,2.54983326e-02,2.81383097e-02,2.80087346e-02,2.73005339e-02,2.55963997e-02,2.29656429e-02,1.95734214e-02,1.49673285e-02,9.28341863e-03,3.34085829e-03,-3.19449436e-03,-9.53385165e-03,-1.46475956e-02,-1.81387559e-02,-1.90923827e-02,-1.81754223e-02,-1.76767707e-02,-1.67117272e-02,-1.55978148e-02,-1.58269508e-02,-1.34512829e-02,-9.30293103e-03,-6.26986400e-03,-1.32962960e-03,5.02933646e-03,8.98628903e-03,1.27519356e-02,1.42086359e-02,1.64996025e-02,1.72127851e-02,1.63798124e-02,1.34554021e-02,9.76795308e-03,6.44522644e-03,2.82778339e-03,-3.04537165e-03,-1.06039340e-02,-1.62189097e-02,-1.93101278e-02,-2.26780814e-02,-2.43950752e-02,-2.42142027e-02,-2.52001519e-02,-2.69385455e-02,-2.79632893e-02,-2.92723949e-02,-3.11892652e-02,-3.60972611e-02,-3.82343453e-02,-3.84186045e-02,-3.91993181e-02,-3.89946884e-02,-3.58923232e-02
-4.55238862e-02,-4.71684374e-02,-4.98793110e-02,-5.15772145e-02,-5.06981055e-02,-4.95702013e-02,-4.76304505e-02,-4.54181151e-02,-4.65116494e-02,-4.83578168e-02,-4.86616921e-02,-4.89883686e-02,-4.83549720e-02,-4.94986538e-02,-5.06647789e-02,-5.19161807e-02,-5.41568345e-02,-5.58145963e-02,-5.39976285e-02,-5.12317408e-02,-4.74780945e-02,-4.31123964e-02,-3.98023857e-02,-3.62576801e-02,-3.42481793e-02,-3.55213185e-02,-3.75670876e-02,-3.97240789e-02,-4.19546168e-02,-4.39612536e-02,-4.30217979e-02,-4.44201847e-02,-4.65111823e-02,-4.95422289e-02,-5.23283159e-02,-5.30493309e-02,-5.21846162e-02,-5.02531633e-02,-4.91546301e-02,-4.87517929e-02,-4.77372515e-02,-4.61507770e-02,-4.42490559e-02,-4.12760427e-02,-3.88444045e-02,-3.98738144e-02,-4.25525993e-02,-4.35700874e-02,-4.41922820e-02,-4.42358010e-02,-4.19264740e-02,-4.00085004e-02,-3.81002169e-02,-3.71045844e-02,-3.75272536e-02,-3.82317916e-02,-4.21766385e-02,-4.58020581e-02,-4.68410407e-02,-4.81527663e-02,-4.74403213e-02,-4.66312331e-02,-4.49972931e-02,-4.48138623e-02
-1.53805572e-02,-1.29099993e-02,-8.42043489e-03,-3.98962803e-03,1.70992280e-03,7.23132684e-03,1.17587185e-02,1.51857786e-02,1.76283694e-02,1.77064623e-02,1.85417141e-02,1.92229041e-02,1.93244198e-02,2.08355016e-02,2.13106915e-02,2.13804798e-02,2.08440870e-02,1.99997662e-02,2.00548337e-02,2.00231865e-02,1.88608146e-02,1.70414692e-02,1.44884459e-02,1.33582098e-02,1.16901655e-02,9.18537393e-03,5.66871764e-03,2.64309202e-03,1.80094420e-03,-7.11319163e-04,-1.53555293e-03,-5.37092476e-04,-6.43565416e-04,2.05639715e-03,2.20131535e-03,1.57718067e-03,1.88300207e-03,3.24059109e-03,2.56680180e-03,4.03007173e-04,-2.59418922e-03,-1.97777299e-03,1.20780403e-04,1.55340524e-03,4.14442758e-03,6.31285057e-03,7.91646606e-03,6.76377320e-03,4.69735057e-03,2.20371632e-05,-5.77202574e-03,-9.17143759e-03,-8.76031019e-03,-9.42011952e-03,-1.02185707e-02,-1.13305096e-02,-1.28764591e-02,-1.26891760e-02,-1.17521456e-02,-1.32930572e-02,-1.51151214e-02,-1.74430024e-02,-1.85290936e-02,-1.69651081e-02
5.32402537e-03,4.22655782e-03,-4.18052808e-04,-4.51712329e-03,-8.79066566e-03,-1.32196253e-02,-1.70881975e-02,-1.90473952e-02,-2.09102441e-02,-1.95151395e-02,-1.55457700e-02,-1.21451082e-02,-7.39041846e-03,-2.80413578e-03,1.05913425e-03,4.82145820e-03,7.98739638e-03,1.28288734e-02,1.61446146e-02,1.96927284e-02,2.20770470e-02,2.30697010e-02,2.28859083e-02,2.38064563e-02,2.38353306e-02,2.36954236e-02,2.39861275e-02,2.36567539e-02,2.20739268e-02,2.10511547e-02,1.99286200e-02,2.04912846e-02,2.15198229e-02,2.33867903e-02,2.59655720e-02,2.93016280e-02,3.31143803e-02,3.46686968e-02,3.42941964e-02,3.55426046e-02,3.98317626e-02,4.19779733e-02,4.38646835e-02,4.24975261e-02,4.21679612e-02,4.39790326e-02,4.49181246e-02,4.33166613e-02,4.23011413e-02,4.04205400e-02,3.90722646e-02,3.78174399e-02,3.60103069e-02,3.32275875e-02,2.97289420e-02,2.56520715e-02,1.90401021e-02,1.56304625e-02,1.43244978e-02,1.46528508e-02,1.28192163e-02,9.09925250e-03,6.38082023e-03,4.76734689e-03
1.42799425e-02,1.09744351e-02,8.82244667e-03,6.96114313e-03,5.86115901e-03,4.27855589e-03,2.32764063e-03,2.12145019e-04,-4.59663671e-03,-7.75478541e-03,-8.92877442e-03,-8.49235019e-03,-6.46617370e-03,-5.66789386e-03,-3.24128299e-03,-1.56718581e-04,2.22516748e-03,4.52955595e-03,9.34014525e-03,1.41513792e-02,1.66351676e-02,1.51609328e-02,1.27726610e-02,1.06012638e-02,1.06144780e-02,1.01568271e-02,1.05908356e-02,1.32903472e-02,1.63628014e-02,1.97304254e-02,2.21196573e-02,2.40693028e-02,2.65146655e-02,2.66345389e-02,2.63181436e-02,2.77641188e-02,3.06004026e-02,3.42093155e-02,3.78796700e-02,3.87477543e-02,3.80984527e-02,3.70434326e-02,3.51550491e-02,3.24805859e-02,3.10742922e-02,3.06401268e-02,3.08290687e-02,2.86961968e-02,2.44472869e-02,2.08140409e-02,1.67707761e-02,1.42227450e-02,1.12091591e-02,9.36469255e-03,6.89641618e-03,4.93815864e-03,4.15646244e-03,3.99802810e-03,6.24016531e-03,8.37705778e-03,1.22120941e-02,1.48115372e-02,1.59882848e-02,1.60566796e-02
-7.81039730e-03,-8.56901142e-03,-7.86058056e-03,-6.93193468e-03,-5.68026983e-03,-5.04414430e-03,-5.28076061e-03,-7.17925556e-03,-8.07729311e-03,-6.16385826e-03,-2.62584788e-03,-1.59544489e-05,-1.34450529e-03,-3.63368384e-03,-6.46987733e-03,-1.09714179e-02,-1.64470091e-02,-2.08647184e-02,-2.22793778e-02,-2.27050592e-02,-2.22609232e-02,-2.00415122e-02,-1.60314147e-02,-1.45266732e-02,-1.43987174e-02,-1.21488097e-02,-9.81623816e-03,-6.46822317e-03,-3.24353873e-03,-1.15439746e-03,-9.23889599e-04,-2.72485082e-03,-3.01356073e-03,-2.64351469e-03,-2.43577094e-03,-2.94806126e-03,-5.64414077e-04,4.77881971e-04,1.34324139e-03,2.01548759e-03,2.90091027e-04,-2.27031540e-03,-4.04232828e-03,-1.70457850e-03,1.17152347e-03,2.50534105e-03,2.86352378e-03,1.01863546e-03,-3.11475894e-04,-1.57134290e-03,-2.97808743e-03,-3.26316894e-03,-3.96081365e-03,-3.97878669e-03,-4.31256304e-03,-6.46000634e-03,-8.87750554e-03,-1.01307529e-02,-9.05279946e-03,-7.70601805e-03,-6.09807506e-03,-5.52355362e-03,-3.90223195e-03,-5.33680958e-03
-5.29572064e-02,-5.48252804e-02,-5.64597582e-02,-5.45484394e-02,-4.77377020e-02,-4.12502990e-02,-3.61638272e-02,-3.27877994e-02,-2.73550539e-02,-2.41201760e-02,-2.05091035e-02,-1.80267551e-02,-1.53618024e-02,-1.12667580e-02,-9.47587808e-03,-8.25453235e-03,-6.24302398e-03,-4.97807006e-03,-3.18026852e-03,-1.51400436e-03,8.23148244e-04,1.89171177e-03,2.22279439e-03,2.28555885e-03,3.28716546e-03,4.94503425e-03,4.31859594e-03,3.21864026e-03,2.77640247e-03,4.00548017e-03,5.65860026e-03,8.54647658e-03,1.09993001e-02,1.28831213e-02,1.58506850e-02,1.79618524e-02,2.00724411e-02,2.30894687e-02,2.41025825e-02,2.39157752e-02,2.23175176e-02,1.71318671e-02,1.19508432e-02,8.26669008e-03,3.06177913e-03,-3.54872376e-03,-1.07247752e-02,-1.74209296e-02,-2.02898884e-02,-2.22477576e-02,-2.57352305e-02,-2.69976775e-02,-2.80572136e-02,-2.86335410e-02,-2.90848913e-02,-3.00648521e-02,-2.94231732e-02,-2.99466319e-02,-3.32783787e-02,-3.73505969e-02,-4.07737991e-02,-4.37187823e-02,-4.61787801e-02,-4.97512324e-02
-4.77247182e-02,-4.22760583e-02,-3.83734085e-02,-3.73069209e-02,-3.47401269e-02,-3.09798851e-02,-2.68386935e-02,-2.49873375e-02,-2.41370367e-02,-2.23597521e-02,-1.88547484e-02,-1.57899008e-02,-1.29458916e-02,-1.00349280e-02,-7.97402092e-03,-6.97981435e-03,-4.62907661e-03,-1.69519772e-03,-5.91041429e-04,7.89794294e-05,-1.25117953e-03,-3.01293708e-03,-2.56334218e-03,-2.58177347e-03,-2.07638592e-03,-3.50380582e-03,-7.32731592e-03,-1.17639752e-02,-1.37077389e-02,-1.27518368e-02,-1.31121817e-02,-1.56174289e-02,-1.88427706e-02,-2.22238284e-02,-2.68850425e-02,-2.93846118e-02,-3.32340828e-02,-3.64312835e-02,-3.80973517e-02,-3.85245633e-02,-3.77382430e-02,-3.87782081e-02,-3.83302333e-02,-3.79656915e-02,-3.88502427e-02,-3.95177333e-02,-4.10508351e-02,-4.33481041e-02,-4.33149270e-02,-4.20407215e-02,-4.00800145e-02,-3.69444712e-02,-3.54930702e-02,-3.49206296e-02,-3.55969185e-02,-3.81473328e-02,-4.15767425e-02,-4.56716871e-02,-4.96028280e-02,-5.32244961e-02,-5.38900883e-02,-5.46871223e-02,-5.42367239e-02,-5.22993394e-02
-3.90373141e-02,-3.84096227e-02,-3.70658036e-02,-3.72527730e-02,-3.52769343e-02,-3.36100777e-02,-3.35088228e-02,-3.40033583e-02,-3.04987149e-02,-2.67717525e-02,-2.15650657e-02,-1.56232384e-02,-1.04928306e-02,-7.97741445e-03,-9.73841523e-03,-1.15626467e-02,-1.41426193e-02,-1.79560150e-02,-2.19991585e-02,-2.38359422e-02,-2.44470944e-02,-2.41404649e-02,-2.31960679e-02,-2.18424654e-02,-1.76209593e-02,-9.52839625e-03,-1.65904380e-03,5.97390263e-03,1.08077189e-02,1.54112111e-02,1.99386987e-02,2.51802042e-02,2.78576813e-02,2.83126872e-02,2.73855907e-02,2.49594743e-02,2.21647880e-02,1.78220724e-02,1.46484132e-02,1.20370571e-02,1.02490178e-02,9.76697551e-03,1.05001959e-02,1.24805881e-02,1.16123013e-02,8.03097614e-03,5.19446052e-03,2.69367744e-03,-1.48512267e-03,-3.12867821e-03,-7.18804147e-03,-1.22583817e-02,-1.80565128e-02,-2.27951492e-02,-2.75733779e-02,-3.00334827e-02,-3.08173356e-02,-3.10865735e-02,-3.15721867e-02,-3.27682711e-02,-3.39252072e-02,-3.52793636e-02,-3.74348451e-02,-3.84540310e-02
4.75333824e-02,5.05588599e-02,5.13294332e-02,5.28319072e-02,5.35548104e-02,5.34460281e-02,5.18241090e-02,5.09968900e-02,4.90077174e-02,4.85243753e-02,4.73397896e-02,4.57889482e-02,4.38569653e-02,4.09758350e-02,3.79979448e-02,3.49705178e-02,3.08883615e-02,2.91914653e-02,2.67316320e-02,2.39088682e-02,1.95484051e-02,1.30883573e-02,7.96328984e-03,5.76113672e-03,3.43594319e-03,5.15623365e-04,4.24564766e-04,-1.69433145e-03,-4.97118521e-03,-9.14583244e-03,-1.29413240e-02,-1.78757145e-02,-1.93710698e-02,-2.15833938e-02,-2.43700173e-02,-2.56252994e-02,-2.46446340e-02,-2.15569637e-02,-1.72979846e-02,-1.24298932e-02,-7.77131842e-03,-2.88692232e-03,1.06078305e-03,1.87551035e-03,2.20429656e-03,3.29615191e-03,3.81486660e-03,5.22137971e-03,8.50635318e-03,1.15367822e-02,1.25930629e-02,1.51324103e-02,1.93490702e-02,2.20881857e-02,2.38762594e-02,2.62735705e-02,2.85897735e-02,3.01826748e-02,3.18121406e-02,3.44141074e-02,3.80803594e-02,4.13096169e-02,4.47918814e-02,4.63917912e-02
5.76906855e-02,5.81990643e-02,5.64282451e-02,5.35728618e-02,4.89889136e-02,4.57755557e-02,4.37769810e-02,4.27923241e-02,4.18662565e-02,4.08126768e-02,3.75414388e-02,3.40767659e-02,3.31572741e-02,3.04976546e-02,2.66469935e-02,2.42026523e-02,2.14467800e-02,1.98721741e-02,2.04385955e-02,2.06071713e-02,2.03125452e-02,1.91254994e-02,1.70641612e-02,1.67345598e-02,1.54745627e-02,1.46044636e-02,1.18883716e-02,9.45535992e-03,5.83235260e-03,2.91398631e-03,3.95827106e-04,-2.85001035e-03,-5.84582292e-03,-8.45867801e-03,-1.09607161e-02,-1.04539436e-02,-1.01564584e-02,-1.12548576e-02,-1.29620795e-02,-1.26333501e-02,-1.01402514e-02,-5.05464514e-03,1.53917515e-03,7.12815878e-03,1.26113389e-02,1.96765748e-02,2.63490797e-02,3.36264803e-02,4.08930471e-02,4.78744506e-02,5.43721901e-02,5.88064046e-02,6.25429343e-02,6.47280423e-02,6.45310373e-02,6.38291721e-02,6.33338142e-02,6.18853111e-02,5.89045306e-02,5.56917500e-02,5.25579267e-02,5.26830796e-02,5.48311030e-02,5.64396047e-02
1.20241398e-02,1.16198490e-02,9.22889270e-03,7.26809249e-03,6.22572842e-03,6.52800767e-03,5.80398873e-03,5.69239502e-03,5.59729658e-03,6.18823810e-03,7.37089151e-03,9.05780514e-03,1.07095418e-02,1.15159448e-02,1.05360545e-02,1.22270076e-02,1.26744521e-02,1.22780272e-02,9.54802628e-03,7.63473795e-03,4.64622857e-03,2.62139866e-03,1.78174401e-05,-3.18094286e-03,-6.26975139e-03,-1.03234002e-02,-1.50964130e-02,-1.77361474e-02,-1.72678700e-02,-1.37795565e-02,-1.26949373e-02,-1.16074282e-02,-9.62861825e-03,-6.42160825e-03,-3.33172875e-03,-3.11562471e-03,-3.04289586e-03,-5.22554856e-03,-6.91586248e-03,-1.07828987e-02,-1.59810198e-02,-2.20128080e-02,-2.76012951e-02,-3.18373021e-02,-3.79725694e-02,-4.39189735e-02,-4.63260107e-02,-4.65926932e-02,-4.68962851e-02,-4.93096491e-02,-5.06769531e-02,-5.05091654e-02,-4.75102491e-02,-4.37094908e-02,-3.89327102e-02,-3.24230972e-02,-2.49409804e-02,-1.75222152e-02,-1.25811232e-02,-4.46292867e-03,1.38203006e-03,4.50128538e-03,7.98614841e-03,1.11443352e-02
3.29645705e-02,2.83181713e-02,2.35669199e-02,1.82013503e-02,1.46886101e-02,1.17653027e-02,8.38266224e-03,5.02723858e-03,2.21259435e-03,-1.15109760e-03,-2.48861531e-03,-3.10072768e-03,-3.63220515e-03,-4.97317921e-03,-5.85082331e-03,-8.10914769e-03,-1.21391912e-02,-1.73162747e-02,-2.02167089e-02,-2.34557845e-02,-2.50763964e-02,-2.46392401e-02,-2.37681283e-02,-2.18988694e-02,-1.82408901e-02,-1.53003470e-02,-1.50079854e-02,-1.65325249e-02,-1.82838489e-02,-1.72582298e-02,-1.37255921e-02,-8.46177214e-03,-2.57540465e-03,4.45243793e-03,7.43216148e-03,1.13839657e-02,1.75923844e-02,2.16338100e-02,2.40461506e-02,2.44080711e-02,2.26348437e-02,2.36935720e-02,2.79145691e-02,3.23706580e-02,3.64537423e-02,3.71535551e-02,3.67859988e-02,3.49980663e-02,3.32241750e-02,3.33059804e-02,3.27869219e-02,3.44937832e-02,3.83072326e-02,4.10959421e-02,4.38513584e-02,4.50979240e-02,4.72601836e-02,5.19540288e-02,5.64297711e-02,5.75771443e-02,5.63535364e-02,5.11804854e-02,4.43129106e-02,3.85252582e-02
2.37737565e-02,2.04215534e-02,1.75825895e-02,1.46665222e-02,1.29134042e-02,1.07662151e-02,7.20562468e-03,5.02161630e-03,4.52077189e-03,8.13822510e-04,-4.60824925e-03,-1.04606106e-02,-1.48889820e-02,-1.70064397e-02,-1.94307750e-02,-2.04009756e-02,-2.09122759e-02,-2.21580931e-02,-2.33594151e-02,-2.43885560e-02,-2.60421745e-02,-2.58154665e-02,-2.48089188e-02,-2.37645696e-02,-2.47377844e-02,-2.70275077e-02,-2.75713894e-02,-2.66920141e-02,-2.44927842e-02,-2.29446674e-02,-2.21871759e-02,-1.94801135e-02,-1.58159525e-02,-1.19158649e-02,-7.48975006e-03,-5.88879319e-04,5.69106913e-03,9.30797209e-03,1.31856651e-02,1.53289635e-02,1.63926836e-02,1.85990947e-02,2.01439060e-02,1.91733468e-02,1.69830747e-02,1.17633747e-02,9.44432119e-03,1.07686995e-02,1.29858620e-02,1.40259813e-02,1.55414557e-02,1.68969116e-02,2.06883809e-02,2.49813958e-02,2.87188569e-02,3.00421305e-02,3.25178860e-02,3.32161933e-02,3.17003197e-02,2.84982182e-02,2.72508047e-02,2.62131491e-02,2.51356003e-02,2.48967050e-02
2.63238566e-02,2.51500727e-02,2.21234804e-02,1.76199510e-02,1.49905758e-02,1.42498650e-02,1.50678858e-02,1.67088896e-02,1.86445431e-02,2.10246557e-02,2.02832583e-02,1.90991639e-02,1.87455857e-02,1.96013865e-02,2.09380839e-02,2.24173317e-02,2.44425444e-02,2.57720122e-02,2.50830461e-02,2.39364978e-02,2.14471268e-02,1.87537731e-02,1.74235536e-02,1.79389323e-02,1.94549771e-02,2.00173546e-02,1.87017167e-02,2.04243243e-02,2.22659091e-02,2.26941417e-02,2.02577561e-02,1.90802798e-02,1.68896714e-02,1.56398401e-02,1.49230359e-02,1.38147568e-02,9.83113965e-03,6.40866940e-03,3.30685090e-03,3.04995044e-04,-2.74186146e-03,-3.60388785e-03,-4.53701494e-03,-5.08634225e-03,-4.82586810e-03,-5.12748643e-03,-5.76297186e-03,-5.36433739e-03,-6.36559057e-03,-4.19825186e-03,-3.15767002e-03,-1.26851639e-03,1.92818122e-03,4.54093469e-03,5.46315801e-03,6.87734299e-03,8.25545829e-03,1.06951500e-02,1.29027999e-02,1.61050591e-02,1.98937917e-02,2.21594243e-02,2.50229035e-02,2.58228544e-02
-7.14268667e-03,-5.70942903e-03,-2.30574584e-03,5.50870044e-04,1.06691334e-03,4.41069570e-04,-1.43751017e-03,-3.47732531e-03,-5.62755204e-03,-9.14707206e-03,-1.00431228e-02,-1.09961330e-02,-1.22898594e-02,-1.38035951e-02,-1.55069317e-02,-1.56057998e-02,-1.30260375e-02,-1.01611652e-02,-8.83383442e-03,-6.86038222e-03,-5.37267723e-03,-2.11049494e-03,6.45367294e-04,3.50634907e-03,4.52632238e-03,3.58496737e-03,4.89523975e-03,9.21745428e-03,1.59825240e-02,2.05155163e-02,2.30131025e-02,2.37188460e-02,2.56581635e-02,2.69025543e-02,2.83567343e-02,3.01024137e-02,3.20583647e-02,3.02774480e-02,2.82187409e-02,2.75094052e-02,2.87799604e-02,3.03892615e-02,3.18729346e-02,3.40451573e-02,3.45226926e-02,3.23950517e-02,3.00998935e-02,2.85170418e-02,2.39205603e-02,2.18971903e-02,1.90779506e-02,1.72347080e-02,1.54494322e-02,1.35985341e-02,1.17224524e-02,7.44299831e-03,2.81289896e-03,-1.16330037e-03,-2.92239498e-03,-1.39273547e-03,-2.48719977e-03,-4.81511472e-03,-6.82663939e-03,-6.89265582e-03
6.56894815e-02,7.07790826e-02,7.55008003e-02,7.90880015e-02,8.16859726e-02,8.10099329e-02,7.71148973e-02,7.44373148e-02,7.09268252e-02,6.75110054e-02,6.31631285e-02,5.97739671e-02,5.60183968e-02,5.37328909e-02,5.21801840e-02,5.12793007e-02,4.99081538e-02,4.68209745e-02,4.27817634e-02,4.01487222e-02,4.03074454e-02,4.29663213e-02,4.52159176e-02,4.46237023e-02,4.16003140e-02,3.92968192e-02,3.62795717e-02,3.35105865e-02,3.14280790e-02,2.99468611e-02,2.74685553e-02,2.49779984e-02,2.07931257e-02,1.79171538e-02,1.55178528e-02,1.35592197e-02,1.27282458e-02,1.39827672e-02,1.53594600e-02,1.89908468e-02,2.26037134e-02,2.61967648e-02,3.08964853e-02,3.84654065e-02,4.36438508e-02,4.72603960e-02,4.84965833e-02,5.11246671e-02,5.45245604e-02,5.96943861e-02,6.42093644e-02,6.64503798e-02,6.86563316e-02,6.91392500e-02,6.81005879e-02,6.50102431e-02,6.32414740e-02,6.19522659e-02,5.88353032e-02,5.65303691e-02,5.49949458e-02,5.53760094e-02,5.78331411e-02,6.18548086e-02
-3.35374282e-03,-3.77934230e-04,2.52815214e-03,3.15487009e-03,4.35725207e-03,2.54802454e-03,3.91131813e-04,-3.05434399e-03,-7.28915314e-03,-1.11021594e-02,-1.35362813e-02,-1.40946592e-02,-1.45951002e-02,-1.50717986e-02,-1.62317598e-02,-1.94471221e-02,-2.12214780e-02,-2.38426253e-02,-2.65802044e-02,-2.79982928e-02,-3.04489705e-02,-3.24411901e-02,-3.37834280e-02,-3.66088369e-02,-4.12671579e-02,-4.41703786e-02,-4.65845692e-02,-4.88289727e-02,-5.13495418e-02,-5.27418983e-02,-5.18578498e-02,-5.09350720e-02,-4.79249646e-02,-4.53665761e-02,-4.26671481e-02,-4.01607878e-02,-3.77239111e-02,-3.57659358e-02,-3.58612045e-02,-3.62333654e-02,-3.63781831e-02,-3.52380867e-02,-3.40191058e-02,-3.33338154e-02,-3.08374312e-02,-2.70985637e-02,-2.28540354e-02,-1.97800509e-02,-1.82319337e-02,-1.68155577e-02,-1.81166439e-02,-1.92857808e-02,-1.99238803e-02,-2.13997587e-02,-1.99018489e-02,-1.95542613e-02,-2.03823757e-02,-1.94218383e-02,-1.62596953e-02,-1.30758246e-02,-9.41807911e-03,-7.70589212e-03,-7.83181087e-03,-6.26144499e-03
-1.36292362e-03,1.39572069e-03,7.56741782e-03,1.45581802e-02,2.23215668e-02,2.94519768e-02,3.63544706e-02,4.47314974e-02,5.22856230e-02,5.67927391e-02,6.25290884e-02,6.70828066e-02,7.02087572e-02,7.16600249e-02,6.92304794e-02,6.45378777e-02,6.06962547e-02,5.65855512e-02,5.19743061e-02,4.92845849e-02,4.57624068e-02,4.19559966e-02,3.96236276e-02,3.97727755e-02,3.80563232e-02,3.66166912e-02,3.47571177e-02,3.21451061e-02,3.00262262e-02,2.57181099e-02,2.05410609e-02,1.58955415e-02,1.10625221e-02,5.45396614e-03,1.74353054e-03,-3.83877546e-03,-8.48669734e-03,-1.21468221e-02,-1.54036039e-02,-1.46713521e-02,-1.34141720e-02,-1.22563582e-02,-1.01930628e-02,-9.45909996e-03,-9.10661276e-03,-1.00461457e-02,-1.21195024e-02,-1.39986056e-02,-1.29220942e-02,-1.41181634e-02,-1.56228027e-02,-1.60813474e-02,-1.69530534e-02,-1.68971280e-02,-1.50881759e-02,-1.28367063e-02,-1.04719777e-02,-7.75447575e-03,-6.53458656e-03,-6.67423360e-03,-6.04288662e-03,-5.48371062e-03,-4.12205983e-03,-2.29406895e-03
-4.08236639e-02,-4.26974020e-02,-4.48694377e-02,-4.76933795e-02,-5.00011218e-02,-5.36509713e-02,-5.59430672e-02,-5.79409251e-02,-5.96114555e-02,-5.98065985e-02,-5.98996725e-02,-6.11550290e-02,-6.22384564e-02,-6.19525155e-02,-6.03643528e-02,-6.06255600e-02,-6.10013410e-02,-5.99809617e-02,-5.93549474e-02,-5.80384184e-02,-5.61046781e-02,-5.49251226e-02,-5.60473802e-02,-5.84447782e-02,-6.12288548e-02,-6.51634899e-02,-6.72433974e-02,-6.67909241e-02,-6.45886572e-02,-6.52396448e-02,-6.60448478e-02,-6.70438923e-02,-6.59816607e-02,-6.27173311e-02,-5.94494819e-02,-5.43542374e-02,-5.17021535e-02,-5.16424928e-02,-4.98857623e-02,-4.85987312e-02,-4.75564227e-02,-4.62231890e-02,-4.37748808e-02,-4.11336308e-02,-3.81249072e-02,-3.74109431e-02,-3.59653439e-02,-3.44513342e-02,-3.20061843e-02,-3.02153891e-02,-2.91005382e-02,-2.83411036e-02,-2.72078203e-02,-2.73231939e-02,-2.85954839e-02,-2.80206853e-02,-2.80953642e-02,-2.86226576e-02,-2.89890548e-02,-2.93352728e-02,-3.00195063e-02,-3.23541104e-02,-3.63823410e-02,-3.96072222e-02
-7.26523478e-02,-6.72788209e-02,-6.11753755e-02,-5.70979664e-02,-5.30508078e-02,-5.06996837e-02,-4.80016439e-02,-4.77605923e-02,-4.91914509e-02,-4.94839746e-02,-4.75204213e-02,-4.32787387e-02,-3.94416561e-02,-3.61760449e-02,-3.35173310e-02,-3.01300334e-02,-2.59721876e-02,-2.03108254e-02,-1.59351109e-02,-1.18262114e-02,-8.37834468e-03,-5.92428547e-03,-3.43833102e-03,-1.95776459e-03,7.26696776e-04,4.51785632e-03,8.11229817e-03,1.20430615e-02,1.40958657e-02,1.53950632e-02,1.66039897e-02,1.76332009e-02,1.67692576e-02,1.73429861e-02,1.64967072e-02,1.41522905e-02,1.14708167e-02,8.40762729e-03,4.76367282e-03,7.43178772e-04,-3.58649136e-03,-8.51619754e-03,-1.15994932e-02,-1.53014228e-02,-1.91229974e-02,-2.25535947e-02,-2.58267960e-02,-2.96133227e-02,-3.50856186e-02,-4.18811705e-02,-4.72491352e-02,-5.30373225e-02,-5.65304095e-02,-6.08137221e-02,-6.53461724e-02,-6.96885072e-02,-7.08881643e-02,-7.16129680e-02,-7.11316879e-02,-7.15276885e-02,-7.42462990e-02,-7.70300284e-02,-7.66644322e-02,-7.55868777e-02
2.77395719e-02,2.88484549e-02,2.79652133e-02,2.58268376e-02,2.48598163e-02,2.36893333e-02,2.44290259e-02,2.62624119e-02,2.74570703e-02,2.82358696e-02,2.93917524e-02,2.97437798e-02,2.93599362e-02,2.96925328e-02,2.82239878e-02,2.55608116e-02,2.23647429e-02,2.18812551e-02,2.31222036e-02,2.20337583e-02,2.09796983e-02,1.91132017e-02,1.64894827e-02,1.57142291e-02,1.67454486e-02,1.89516237e-02,2.02605207e-02,2.21871793e-02,2.45179495e-02,2.54685687e-02,2.73064583e-02,2.75594764e-02,2.71685216e-02,2.67896646e-02,2.32215929e-02,1.90108820e-02,1.48456027e-02,1.07394281e-02,6.93990961e-03,3.66073911e-03,2.50437790e-03,1.04764427e-03,-5.04165842e-04,5.74258121e-05,9.78506490e-04,1.55443444e-04,-1.23567161e-03,-2.48966254e-03,-4.35194185e-03,-6.63599508e-03,-5.27769740e-03,-3.44824774e-03,-5.18779169e-04,1.37279554e-03,3.53770497e-03,6.13990942e-03,7.85998976e-03,1.07305673e-02,1.26044545e-02,1.68856464e-02,2.02379141e-02,2.16723200e-02,2.27384051e-02,2.58439908e-02
2.20140395e-03,5.96200347e-03,1.09224735e-02,1.64225881e-02,2.14305962e-02,2.48477296e-02,2.62531916e-02,2.41566658e-02,2.07024308e-02,1.89408365e-02,1.79513921e-02,1.73638131e-02,1.87521875e-02,2.21996074e-02,2.41173371e-02,2.53935241e-02,2.57572485e-02,2.76465291e-02,2.99620597e-02,3.15769373e-02,3.37039168e-02,3.44036463e-02,3.57904762e-02,3.76363943e-02,3.94905723e-02,4.13977007e-02,4.30656078e-02,4.52860633e-02,4.57060419e-02,4.27099033e-02,3.71713373e-02,3.20395473e-02,2.87529203e-02,2.46263448e-02,2.04604554e-02,1.73524881e-02,1.28265914e-02,5.32972552e-03,-2.66173588e-03,-1.01121503e-02,-1.41580026e-02,-1.51696750e-02,-1.70167677e-02,-1.98646735e-02,-2.11216637e-02,-2.37317268e-02,-2.63602919e-02,-2.78846180e-02,-2.70752271e-02,-2.38616202e-02,-2.06641135e-02,-1.80224587e-02,-1.67274472e-02,-1.62341615e-02,-1.49097169e-02,-1.35026912e-02,-1.13282756e-02,-6.68545167e-03,-3.79094453e-03,-2.33800970e-03,-9.32690673e-04,1.96490294e-04,5.91732973e-04,9.83381848e-04
-4.07093253e-05,1.14014658e-03,1.57011669e-03,1.52245182e-04,3.53250306e-04,9.34252774e-05,1.04881388e-03,4.30979504e-03,6.54003094e-03,6.99324678e-03,9.22693505e-03,1.32766980e-02,1.55298524e-02,1.81172639e-02,1.98538005e-02,2.14399142e-02,2.36995893e-02,2.60695082e-02,2.78674686e-02,2.82274953e-02,2.75922063e-02,2.81552575e-02,3.11226086e-02,3.49707984e-02,3.98821186e-02,4.41367744e-02,4.79811053e-02,5.11981540e-02,5.31492742e-02,5.28585204e-02,5.38178479e-02,5.45695363e-02,5.35046391e-02,5.06021499e-02,4.68529068e-02,4.48312463e-02,4.19774380e-02,3.91346798e-02,3.61599907e-02,3.51602730e-02,3.36054256e-02,3.33713292e-02,3.51334359e-02,3.63084404e-02,3.84129286e-02,4.13399371e-02,4.29217057e-02,4.20143040e-02,3.93647179e-02,3.37522175e-02,2.72170227e-02,2.18044157e-02,1.61287783e-02,1.31507273e-02,1.15026328e-02,8.19232785e-03,2.70349410e-03,-5.99038743e-04,-2.75686878e-03,-3.68240570e-03,-3.26958821e-03,-4.30074863e-03,-5.26426565e-03,-2.65706829e-03
-2.91604995e-02,-2.98185446e-02,-3.01734082e-02,-3.00769783e-02,-2.90323050e-02,-2.59830606e-02,-2.20648346e-02,-1.92111759e-02,-1.85344988e-02,-1.80526246e-02,-1.65192826e-02,-1.30590613e-02,-8.50384022e-03,-5.13118411e-03,-3.11388358e-03,-2.22688114e-03,-4.42981620e-03,-8.22641808e-03,-1.12081829e-02,-1.17155967e-02,-1.01237952e-02,-8.76249947e-03,-8.98469576e-03,-9.65619187e-03,-1.04670139e-02,-8.00711341e-03,-5.00688981e-03,-3.36465533e-03,-1.93355040e-03,-2.06741548e-03,-3.96166463e-03,-4.30896148e-03,-2.94614757e-03,-2.39842042e-03,-8.42906466e-04,-2.53652324e-03,-6.08892947e-03,-8.78626487e-03,-1.12071512e-02,-1.39589944e-02,-1.71060233e-02,-1.99472728e-02,-2.37236119e-02,-2.71784454e-02,-2.84278501e-02,-2.88533369e-02,-2.74941573e-02,-2.27849344e-02,-1.80959514e-02,-1.32980134e-02,-1.16385685e-02,-1.00161824e-02,-8.25882934e-03,-9.21117840e-03,-1.06715283e-02,-1.15628177e-02,-1.35076219e-02,-1.41958267e-02,-1.35184404e-02,-1.46566410e-02,-1.62942282e-02,-1.93740195e-02,-2.28845326e-02,-2.72695465e-02
7.07506293e-03,4.72414773e-03,2.70727559e-05,-4.63290856e-03,-7.47868134e-03,-6.28678288e-03,-3.83987862e-03,-2.50598285e-03,-2.15698066e-03,-4.98065520e-03,-6.73821870e-03,-7.60982946e-03,-8.43160143e-03,-7.29801177e-03,-6.49164277e-03,-5.59941012e-03,-5.77850410e-03,-6.28531681e-03,-5.34028970e-03,-6.14572544e-03,-7.53174933e-03,-8.82501322e-03,-1.02088238e-02,-1.16866226e-02,-1.06277318e-02,-8.11352356e-03,-4.58818420e-03,-1.33276419e-03,5.75432035e-04,1.15966919e-03,3.71705221e-04,1.72982052e-04,1.71574269e-03,6.37488217e-03,1.07928575e-02,1.19587422e-02,1.23851871e-02,1.24004981e-02,1.33794805e-02,1.50578970e-02,1.66411211e-02,1.86184269e-02,2.01692200e-02,1.96058502e-02,1.95249721e-02,1.93705012e-02,1.90242059e-02,2.09244309e-02,2.30204128e-02,2.53307545e-02,2.76252246e-02,2.97571740e-02,3.06721443e-02,3.29206506e-02,3.40515459e-02,3.42096501e-02,3.16739923e-02,2.85006957e-02,2.46509732e-02,2.16535470e-02,1.75374250e-02,1.34095243e-02,8.95946485e-03,6.60575538e-03
3.21372298e-02,2.98555174e-02,2.60060532e-02,2.06988454e-02,1.47282212e-02,1.01766041e-02,4.07550331e-03,-5.10777528e-04,-5.12739774e-03,-7.92803716e-03,-8.32649363e-03,-4.95542437e-03,-1.45882638e-04,4.47432483e-03,8.60247389e-03,1.23121178e-02,1.26644962e-02,1.08358192e-02,8.99992711e-03,8.17306683e-03,8.27602453e-03,9.70329556e-03,1.33584365e-02,1.55598554e-02,1.56340735e-02,1.47744424e-02,1.38708792e-02,1.17124925e-02,1.16930861e-02,1.18353804e-02,1.10484741e-02,9.31802771e-03,9.60365427e-03,1.09825805e-02,1.02337514e-02,1.05812283e-02,1.13785989e-02,1.03507320e-02,1.15954256e-02,1.39795778e-02,1.76367378e-02,2.19200035e-02,2.88108009e-02,3.62548569e-02,4.51959330e-02,5.23083728e-02,5.51513240e-02,5.70266763e-02,5.74520311e-02,5.85912187e-02,5.91540631e-02,5.99823872e-02,5.95568379e-02,5.50668019e-02,5.05769073e-02,4.73835205e-02,4.59440017e-02,4.45853652e-02,4.39972723e-02,4.46523770e-02,4.44402732e-02,4.17963812e-02,3.84637146e-02,3.57730523e-02
7.58899629e-04,-1.07686837e-03,-2.87897694e-03,-4.79589416e-03,-5.32135151e-03,-6.86687774e-03,-7.65449701e-03,-6.50501219e-03,-5.72155246e-03,-6.13315121e-03,-6.51838875e-03,-7.40378802e-03,-9.75486538e-03,-1.14693292e-02,-1.51793772e-02,-2.10372789e-02,-2.80395715e-02,-3.43777068e-02,-3.68931016e-02,-3.65013392e-02,-3.43165464e-02,-3.51311348e-02,-3.34891347e-02,-3.04152463e-02,-2.83998403e-02,-2.81675279e-02,-2.78017066e-02,-2.80993932e-02,-2.99399478e-02,-3.25303246e-02,-3.43725623e-02,-3.56266648e-02,-3.66381486e-02,-3.88270222e-02,-4.07942680e-02,-4.28423845e-02,-4.68595797e-02,-5.10454188e-02,-5.41438704e-02,-5.34267795e-02,-5.01678091e-02,-4.64894452e-02,-4.34565770e-02,-3.88667357e-02,-3.38236694e-02,-2.95187718e-02,-2.68545672e-02,-2.58388629e-02,-2.36885983e-02,-2.25653090e-02,-2.15791919e-02,-2.06370112e-02,-1.97068950e-02,-1.83358228e-02,-1.67358914e-02,-1.45262248e-02,-1.25065678e-02,-1.07775635e-02,-9.22103721e-03,-7.42930099e-03,-4.92646305e-03,-1.26749383e-03,2.84189127e-04,1.20068638e-03
3.29205752e-02,3.79465539e-02,4.20126616e-02,4.49817511e-02,4.89731075e-02,5.31861992e-02,5.83847432e-02,6.12951576e-02,6.61288965e-02,7.08923051e-02,7.41582286e-02,7.66819500e-02,7.84834020e-02,8.13384000e-02,8.18610281e-02,7.99488881e-02,7.43356796e-02,6.83302324e-02,6.40614914e-02,6.20544872e-02,5.92805106e-02,5.70471868e-02,5.37113035e-02,5.05028341e-02,4.60030559e-02,4.02558548e-02,3.31398416e-02,2.55511286e-02,1.98855814e-02,1.70385046e-02,1.72026220e-02,1.99528970e-02,2.20356643e-02,2.31342240e-02,2.43586800e-02,2.62264115e-02,3.05029182e-02,3.65784023e-02,4.02069816e-02,4.17975540e-02,4.17505017e-02,4.00709531e-02,3.97845824e-02,4.13112614e-02,4.32592756e-02,4.39732176e-02,4.53886837e-02,4.57355454e-02,4.59418554e-02,4.71495184e-02,4.74361328e-02,4.56389936e-02,4.09394350e-02,3.39865497e-02,2.79475499e-02,2.40080506e-02,2.07136899e-02,2.05777226e-02,2.16214034e-02,2.42895082e-02,2.68560132e-02,2.87158313e-02,2.87822208e-02,2.92071146e-02
-1.67795286e-02,-1.70616453e-02,-1.67994340e-02,-1.77769922e-02,-1.91637304e-02,-2.03837856e-02,-2.17397047e-02,-2.29770338e-02,-2.39056089e-02,-2.49426884e-02,-2.47252027e-02,-2.31800287e-02,-2.00322442e-02,-1.77745058e-02,-1.60402360e-02,-1.40465162e-02,-1.13552153e-02,-7.51781783e-03,-3.94071060e-03,-9.50553420e-04,1.24410782e-04,1.16380597e-03,-2.64359337e-04,-1.07200040e-03,-1.40973929e-03,3.19984489e-04,8.81045777e-04,2.75516639e-03,4.20737375e-03,5.28227497e-03,5.90092872e-03,6.66731662e-03,1.06939244e-02,1.69728468e-02,2.29232257e-02,2.91997057e-02,3.51248874e-02,3.93679981e-02,3.98569565e-02,4.05910223e-02,4.10572479e-02,4.24535206e-02,4.28667625e-02,4.51978354e-02,4.56996499e-02,4.42984396e-02,4.21639255e-02,3.93857613e-02,3.53874946e-02,3.22915600e-02,2.79495634e-02,2.41348960e-02,2.02547585e-02,1.59714790e-02,1.23619619e-02,9.49392165e-03,8.72703226e-03,6.78792015e-03,1.78946953e-03,-2.33412082e-03,-6.37096641e-03,-8.91268730e-03,-1.12349896e-02,-1.49953732e-02
5.08638203e-02,5.12887151e-02,5.23893202e-02,5.33689860e-02,5.50119200e-02,5.57274393e-02,5.46050958e-02,5.24736572e-02,4.92033129e-02,4.49482512e-02,4.06328206e-02,3.79921834e-02,3.34222442e-02,2.74087743e-02,2.34908271e-02,2.08003880e-02,1.78101441e-02,1.32547005e-02,8.85876523e-03,7.65095678e-03,7.29918427e-03,8.58487106e-03,1.10766227e-02,1.47125367e-02,1.81305592e-02,2.22455634e-02,2.84241585e-02,3.36405370e-02,3.91800940e-02,4.26970212e-02,4.21690072e-02,3.86725470e-02,3.43303149e-02,3.26970296e-02,3.06103522e-02,2.96969887e-02,2.94221498e-02,2.99440054e-02,3.17008485e-02,3.35080642e-02,3.33273311e-02,3.31482183e-02,3.06435637e-02,2.95213745e-02,2.82602866e-02,2.75883468e-02,2.58614158e-02,2.49641364e-02,2.57449816e-02,2.85975994e-02,3.16805861e-02,3.44293910e-02,3.63986389e-02,3.86354967e-02,4.22899032e-02,4.53970947e-02,4.78578540e-02,5.29932217e-02,5.92417135e-02,6.06609080e-02,5.95724657e-02,5.83901099e-02,5.64476150e-02,5.26819446e-02
4.07454900e-03,1.08940127e-03,1.20374910e-03,2.46311073e-03,4.92361320e-03,6.49950453e-03,8.76799833e-03,1.01200475e-02,1.16694249e-02,1.38379436e-02,1.60117162e-02,1.65964909e-02,1.84701550e-02,2.00016904e-02,2.45320729e-02,3.07246833e-02,3.48484685e-02,3.77631277e-02,3.88319156e-02,4.03419271e-02,4.20327542e-02,4.53615390e-02,4.74754398e-02,4.79686601e-02,4.97269701e-02,5.17728888e-02,5.07615434e-02,4.96024142e-02,4.86630137e-02,4.57321911e-02,4.31653232e-02,3.93316273e-02,3.66794151e-02,3.31316462e-02,2.85347737e-02,2.51586791e-02,2.13259847e-02,1.45913646e-02,9.10643201e-03,4.40661545e-03,-1.47354305e-04,-3.74655360e-03,-6.20065704e-03,-8.71445714e-03,-1.03800479e-02,-1.20588962e-02,-1.14494873e-02,-1.02890517e-02,-7.55738091e-03,-4.86692226e-03,-6.94448813e-04,1.63433501e-03,3.78189819e-03,4.84951278e-03,4.00713819e-03,3.41274147e-03,4.58320815e-03,5.03530562e-03,7.81903465e-03,9.89342758e-03,9.67201418e-03,8.11017229e-03,6.63715154e-03,6.50283058e-03
1.36049934e-02,1.58577265e-02,1.55390733e-02,1.39165751e-02,1.28864126e-02,1.29039694e-02,1.08048350e-02,6.03519966e-03,3.68393157e-03,5.22623792e-04,-8.85214159e-04,-2.50633028e-03,-2.41712937e-03,-2.94238307e-03,-2.88970870e-03,-2.18258832e-03,-4.36094545e-03,-6.62814602e-03,-7.74856425e-03,-1.08485077e-02,-1.38551454e-02,-1.66393003e-02,-1.77369253e-02,-1.89923447e-02,-1.86724065e-02,-1.91346398e-02,-2.01222043e-02,-1.78320811e-02,-1.33716163e-02,-8.50163424e-03,-5.60215273e-03,-4.27645917e-03,-1.94511829e-03,-1.68699681e-03,-2.96042598e-03,-6.00903009e-03,-1.05623358e-02,-1.43472266e-02,-1.74862834e-02,-1.81875805e-02,-1.48132176e-02,-1.15503434e-02,-9.25765150e-03,-7.40041991e-03,-6.03058480e-03,-6.94024686e-03,-9.13341771e-03,-1.03710189e-02,-1.18606195e-02,-1.29780075e-02,-1.38721313e-02,-1.44378044e-02,-1.39442242e-02,-1.21127935e-02,-1.13418405e-02,-1.22746326e-02,-1.33341934e-02,-1.38260834e-02,-1.28547500e-02,-1.13835199e-02,-7.66904966e-03,-3.50721181e-03,2.99963036e-03,9.13450216e-03
1.66859251e-02,1.59217672e-02,1.55051012e-02,1.54427686e-02,1.32048879e-02,1.11242060e-02,1.00517800e-02,6.98114595e-03,2.88481178e-04,-7.89235395e-03,-1.63674941e-02,-2.52594905e-02,-3.25991865e-02,-3.96203061e-02,-4.49323411e-02,-5.05015718e-02,-5.28621591e-02,-5.52853652e-02,-5.68684051e-02,-5.66350769e-02,-5.53774686e-02,-5.62412868e-02,-5.67219009e-02,-5.56826104e-02,-5.45416579e-02,-5.39467341e-02,-5.41278914e-02,-5.47515059e-02,-5.47382643e-02,-5.30966866e-02,-5.04221454e-02,-4.71826445e-02,-4.37627260e-02,-4.17137619e-02,-4.14907632e-02,-4.26888011e-02,-4.44246783e-02,-4.50956038e-02,-4.53073811e-02,-4.48052471e-02,-4.59446841e-02,-4.37716479e-02,-4.01961396e-02,-3.69615067e-02,-3.27892819e-02,-2.87102218e-02,-2.31219213e-02,-1.92012429e-02,-1.50022409e-02,-1.14280207e-02,-8.08212745e-03,-2.48421285e-03,4.09874013e-03,8.43264747e-03,1.24396281e-02,1.82995687e-02,2.40086566e-02,2.74103799e-02,2.73018817e-02,2.65087632e-02,2.59381045e-02,2.21510362e-02,1.79268756e-02,1.69106367e-02
-2.91966498e-02,-3.35958630e-02,-3.79761654e-02,-4.04878547e-02,-4.19433221e-02,-4.37420213e-02,-4.35434234e-02,-4.15521553e-02,-3.88626065e-02,-3.43074033e-02,-2.84714373e-02,-2.26644737e-02,-1.66389343e-02,-1.15604591e-02,-6.61433013e-03,-1.64153228e-04,4.09930766e-03,6.83263186e-03,1.00779180e-02,1.37132845e-02,1.37442974e-02,1.52039148e-02,1.86503316e-02,2.11835593e-02,2.15814398e-02,2.13428930e-02,1.98128386e-02,1.98905623e-02,1.95300362e-02,1.72070631e-02,1.53683217e-02,1.48075660e-02,1.44609092e-02,1.35120346e-02,1.18543216e-02,9.23030632e-03,5.45730421e-03,3.74578887e-03,1.92996855e-03,-1.00396387e-03,-4.33439071e-03,-7.10803405e-03,-1.02010316e-02,-1.57300351e-02,-1.93505270e-02,-2.37535122e-02,-2.81365406e-02,-3.24498703e-02,-3.42090809e-02,-3.56145000e-02,-3.67131237e-02,-3.46299677e-02,-3.04850963e-02,-2.62347327e-02,-2.32521439e-02,-2.21319984e-02,-2.23069222e-02,-2.21049521e-02,-2.03756691e-02,-1.90337655e-02,-2.09881308e-02,-2.34524180e-02,-2.45855091e-02,-2.59324446e-02
3.00153563e-02,2.73645157e-02,2.43817610e-02,2.35611714e-02,2.39285907e-02,2.28705086e-02,2.36752571e-02,2.35138236e-02,2.47986820e-02,2.40808223e-02,2.30894010e-02,2.31302208e-02,2.34979763e-02,2.28276604e-02,2.37955037e-02,2.76844731e-02,3.19116121e-02,3.48648095e-02,3.74760836e-02,3.81329603e-02,4.03181419e-02,4.21006874e-02,4.49825114e-02,4.65324409e-02,4.51918612e-02,4.44247082e-02,4.46157676e-02,4.38937530e-02,4.37170376e-02,4.25250841e-02,4.26590075e-02,4.36128118e-02,4.19311347e-02,4.11021141e-02,3.87658727e-02,3.40551956e-02,3.05576609e-02,2.57549114e-02,1.87787090e-02,1.35385388e-02,1.25015965e-02,1.43434959e-02,1.79595725e-02,2.29984420e-02,2.78415243e-02,2.98409591e-02,3.22525459e-02,3.38154817e-02,3.44386192e-02,3.66599800e-02,3.89426033e-02,4.06418909e-02,4.14860502e-02,4.19142449e-02,4.10921383e-02,4.05984966e-02,4.30438426e-02,4.40333942e-02,4.53656384e-02,4.57675323e-02,4.36708351e-02,3.96254152e-02,3.54921683e-02,3.22361605e-02
5.09845048e-03,5.25794033e-03,7.27143217e-03,6.66896364e-03,6.54903936e-03,7.51718444e-03,8.26907207e-03,9.10106184e-03,1.13440644e-02,1.32155972e-02,1.39549196e-02,1.52595376e-02,1.99586226e-02,2.34595304e-02,2.76334081e-02,2.98638067e-02,3.23117322e-02,3.30628020e-02,3.00055381e-02,2.85110771e-02,2.72510941e-02,2.40348258e-02,2.10536852e-02,1.68362059e-02,1.21473994e-02,7.00899643e-03,1.44088005e-03,-4.31919934e-03,-1.01120964e-02,-1.34345587e-02,-1.51835871e-02,-1.67836559e-02,-1.85261611e-02,-1.91301158e-02,-1.80822485e-02,-1.33145206e-02,-8.25015769e-03,-3.09633613e-03,2.61093477e-03,7.04602990e-03,1.11082564e-02,1.48377825e-02,1.85473353e-02,2.08604368e-02,2.28117999e-02,2.18984545e-02,1.98296034e-02,1.82354907e-02,1.48879110e-02,1.27437156e-02,1.09450274e-02,9.52893771e-03,7.58266002e-03,5.59335602e-03,3.81343709e-03,3.88554750e-03,2.82690576e-03,3.28081770e-03,6.07498664e-03,8.64872605e-03,1.02132350e-02,1.13731002e-02,1.17513082e-02,7.90591977e-03
-3.23067231e-02,-3.74195660e-02,-3.91232969e-02,-4.08992699e-02,-4.21011431e-02,-4.13926749e-02,-3.98311904e-02,-3.61823761e-02,-3.09667477e-02,-2.54124514e-02,-2.02610757e-02,-1.79605807e-02,-1.51577535e-02,-1.10390686e-02,-6.25202907e-03,-1.30955422e-03,1.94210722e-03,3.76729378e-03,2.74867935e-03,2.31724533e-03,6.25232661e-04,-2.64208969e-03,-2.86474822e-03,-4.28075068e-03,-6.57293454e-03,-1.03365696e-02,-1.28845353e-02,-1.53271619e-02,-1.70629268e-02,-1.80297256e-02,-1.67517445e-02,-1.51287992e-02,-1.30254672e-02,-1.29479938e-02,-1.11821483e-02,-7.36745967e-03,-3.80645789e-03,1.01382820e-03,5.50498351e-03,1.28987048e-02,1.86099619e-02,2.28885694e-02,2.48243529e-02,2.48604801e-02,2.44992067e-02,2.45457488e-02,2.56113761e-02,2.58346104e-02,2.26889366e-02,1.84388661e-02,1.51635794e-02,1.26106867e-02,1.05937780e-02,8.07023439e-03,5.61552035e-03,5.72331677e-03,8.00601506e-03,8.39511678e-03,6.95906293e-03,5.55480437e-03,4.81938180e-04,-7.98155348e-03,-1.73717224e-02,-2.58212356e-02
1.12676181e-02,1.02213502e-02,1.20540520e-02,1.56793258e-02,1.94209804e-02,1.96788729e-02,2.03684834e-02,1.82981068e-02,1.95149985e-02,2.12979071e-02,2.10830621e-02,1.92641481e-02,1.60809314e-02,1.31384982e-02,1.12963845e-02,9.01235206e-03,8.55565006e-03,8.59279409e-03,7.20231580e-03,4.00100513e-03,3.81486310e-04,-4.21252898e-03,-9.07635925e-03,-9.80093763e-03,-1.18833003e-02,-1.35651218e-02,-1.45169687e-02,-1.51402227e-02,-1.68341097e-02,-1.83165537e-02,-2.01398320e-02,-2.03623233e-02,-2.06377079e-02,-2.01881170e-02,-1.62482127e-02,-1.20686317e-02,-7.48911323e-03,-5.71820842e-03,-2.32787898e-03,1.32245283e-03,4.20593862e-03,6.05608930e-03,1.01054204e-02,1.45404120e-02,1.78575710e-02,2.03790490e-02,2.05022308e-02,2.03479039e-02,1.82652791e-02,1.53302012e-02,1.33724585e-02,1.24531037e-02,1.27836891e-02,1.34877126e-02,1.36443285e-02,1.26915212e-02,1.31306039e-02,1.36402253e-02,1.51348595e-02,1.73330624e-02,1.64757725e-02,1.63574993e-02,1.55853511e-02,1.43950931e-02
3.99790651e-02,4.09827650e-02,4.15773818e-02,4.09371265e-02,4.01789934e-02,4.03762966e-02,4.23260819e-02,4.57303165e-02,4.72769620e-02,4.65413351e-02,4.76640652e-02,4.59713515e-02,4.16769801e-02,3.93125084e-02,3.71940494e-02,3.52218942e-02,3.54093672e-02,3.51629999e-02,3.69637638e-02,3.75894772e-02,3.88207365e-02,3.91192601e-02,3.65095474e-02,3.34084205e-02,2.93166965e-02,2.54502612e-02,2.06266029e-02,1.61859798e-02,1.28148600e-02,9.49030473e-03,7.31464487e-03,7.72123742e-03,9.46637496e-03,1.11741855e-02,1.22547995e-02,1.22488885e-02,1.00042298e-02,5.81193931e-03,1.97857422e-03,-1.06261081e-03,-4.45997469e-03,-6.77072904e-03,-6.60883333e-03,-5.81054002e-03,-7.89040989e-03,-1.12931081e-02,-1.43755007e-02,-1.76601403e-02,-2.04108672e-02,-1.90610783e-02,-1.62076272e-02,-1.31898623e-02,-1.01041669e-02,-5.41097788e-03,2.48472823e-04,4.72504658e-03,9.05537552e-03,1.34939055e-02,1.66099845e-02,1.93813926e-02,2.50901220e-02,3.10214269e-02,3.61098712e-02,3.81862398e-02
-2.08402378e-02,-1.92091387e-02,-1.96741144e-02,-2.12122978e-02,-2.59856752e-02,-3.13399432e-02,-3.73763137e-02,-4.33079954e-02,-4.85645745e-02,-5.04025624e-02,-5.14585789e-02,-5.28754958e-02,-5.20365023e-02,-5.17583597e-02,-5.20510025e-02,-5.36178201e-02,-5.70318452e-02,-6.16481852e-02,-6.54920553e-02,-7.08925866e-02,-7.51203120e-02,-7.87610551e-02,-8.38137833e-02,-8.81704608e-02,-9.00860205e-02,-9.01019006e-02,-8.83112269e-02,-8.52547272e-02,-8.02516150e-02,-7.44512272e-02,-6.87718669e-02,-6.38815500e-02,-6.10285600e-02,-6.05911737e-02,-6.15135709e-02,-6.28167331e-02,-6.26520093e-02,-6.07007632e-02,-6.08461897e-02,-6.07672555e-02,-6.19317349e-02,-6.43062890e-02,-6.43035118e-02,-6.56728038e-02,-6.63895306e-02,-6.34365923e-02,-5.98784946e-02,-5.69820076e-02,-5.43211317e-02,-5.16986156e-02,-4.97463988e-02,-4.75818259e-02,-4.42846311e-02,-4.02538101e-02,-3.59920271e-02,-3.23827561e-02,-3.10045170e-02,-3.09983342e-02,-3.06461445e-02,-2.81414498e-02,-2.71018199e-02,-2.71392220e-02,-2.65747919e-02,-2.45100362e-02
-1.89641608e-02,-1.92883970e-02,-2.04253937e-02,-2.21379355e-02,-2.48054660e-02,-2.46680142e-02,-2.39113660e-02,-2.17754776e-02,-1.91644724e-02,-1.56226569e-02,-1.14330448e-02,-1.00942754e-02,-9.56097492e-03,-8.59725835e-03,-9.01884933e-03,-8.70255622e-03,-9.31439029e-03,-9.21830111e-03,-8.99035031e-03,-8.24691750e-03,-6.57105020e-03,-3.78232053e-03,-9.25978458e-04,2.04217712e-04,-2.75878138e-05,-2.81414624e-04,-1.18204934e-03,-2.06444516e-03,-3.25845079e-03,-4.52949636e-03,-6.31507125e-03,-5.47374036e-03,-5.55148653e-03,-5.56457823e-03,-6.82750168e-03,-9.06271681e-03,-1.14988062e-02,-1.54653406e-02,-2.32406897e-02,-3.02884023e-02,-3.57012800e-02,-3.96105150e-02,-4.15737552e-02,-4.06405999e-02,-4.08813653e-02,-4.27953775e-02,-4.50310054e-02,-4.84510925e-02,-5.13526310e-02,-5.29671745e-02,-5.46465434e-02,-5.67075118e-02,-5.52915846e-02,-5.24457707e-02,-4.71330424e-02,-4.27653620e-02,-3.79461487e-02,-3.19772148e-02,-2.68048029e-02,-2.36575755e-02,-2.14109810e-02,-2.16800016e-02,-2.19636631e-02,-2.03710571e-02
1.16832229e-02,1.15366508e-02,1.10452317e-02,8.51784873e-03,6.19826329e-03,4.53120288e-03,4.98375276e-03,5.72484755e-03,7.31863899e-03,8.90132185e-03,9.75979123e-03,8.27661269e-03,7.19019162e-03,7.18966037e-03,5.15430666e-03,3.84456816e-03,3.69811145e-03,5.12545898e-03,6.81411434e-03,9.62406325e-03,1.10214630e-02,8.46394659e-03,5.15770645e-03,1.43869423e-03,-1.28399884e-03,-2.71512870e-03,-5.36861165e-03,-8.95023582e-03,-1.20160874e-02,-1.58855802e-02,-1.69095503e-02,-1.83421306e-02,-1.86555148e-02,-1.89659848e-02,-1.76493027e-02,-1.87932522e-02,-1.69052658e-02,-1.36612283e-02,-1.10720711e-02,-7.26403449e-03,-3.22734842e-03,8.16729031e-04,1.91793528e-03,2.12349384e-03,3.53411802e-03,3.68433074e-03,5.08190916e-03,8.13995433e-03,1.06702950e-02,1.30428830e-02,1.49493219e-02,1.58257757e-02,1.61952837e-02,1.59393160e-02,1.44434866e-02,1.39364229e-02,1.33782301e-02,1.18640630e-02,8.86865504e-03,7.72136706e-03,7.77279644e-03,6.92282931e-03,8.08937952e-03,1.11427614e-02
8.97534323e-04,-1.70011884e-03,-1.78739873e-03,-1.28599246e-03,-3.06068378e-03,-3.68723534e-03,-2.44501997e-03,-5.33205876e-04,7.44808130e-04,1.61088720e-03,4.89778770e-04,-2.91943987e-03,-8.45963778e-03,-1.54551032e-02,-2.35733304e-02,-3.07604801e-02,-3.67782226e-02,-4.26920115e-02,-4.71093263e-02,-4.92374560e-02,-4.99815055e-02,-4.80323752e-02,-4.61086810e-02,-4.43935826e-02,-4.18346841e-02,-3.81512612e-02,-3.27201268e-02,-3.08948208e-02,-2.76416203e-02,-2.23341401e-02,-1.81118349e-02,-1.27981060e-02,-8.63245950e-03,-6.62808660e-03,-6.08017777e-03,-5.82935822e-03,-2.87381457e-03,-4.82254101e-04,1.15574916e-03,3.27125747e-03,6.24092077e-03,8.61073523e-03,1.04874515e-02,1.30102034e-02,1.33429297e-02,1.20987724e-02,9.26647158e-03,4.93564261e-03,1.97161390e-03,-1.56932059e-03,-3.17272042e-03,-1.90367264e-03,-3.68081549e-04,8.44646531e-04,1.34068188e-03,1.22156717e-03,1.47398190e-03,2.13167414e-03,1.06856519e-03,1.24766051e-03,2.84681698e-03,3.98440599e-03,4.70059111e-03,2.77000002e-03
8.48932689e-05,-5.02672110e-03,-9.99305481e-03,-1.46067036e-02,-1.83853441e-02,-1.99965293e-02,-2.31166424e-02,-2.66896861e-02,-2.83738261e-02,-2.99757751e-02,-3.17945225e-02,-3.34155367e-02,-3.56848643e-02,-3.74912014e-02,-3.94953781e-02,-4.22661133e-02,-4.36650205e-02,-4.06208721e-02,-3.71712481e-02,-3.33387335e-02,-2.91260570e-02,-2.29711814e-02,-1.73076360e-02,-1.26095171e-02,-8.07690624e-03,-4.91463686e-03,-3.61939115e-03,-1.11800229e-03,1.75295291e-03,3.64287618e-03,6.82273009e-03,1.13310608e-02,1.44382003e-02,2.09485598e-02,2.85590553e-02,3.56373591e-02,4.30195763e-02,4.82243021e-02,5.27524671e-02,5.54526335e-02,5.57132952e-02,5.74776525e-02,6.07799085e-02,6.31144655e-02,6.53399772e-02,6.46136615e-02,6.03403152e-02,5.72547950e-02,5.49947518e-02,5.04048890e-02,4.68376173e-02,4.31115861e-02,3.86851919e-02,3.43221329e-02,3.08368294e-02,2.71791717e-02,2.27714747e-02,1.71564012e-02,1.23931763e-02,7.91239562e-03,5.54083151e-03,3.78309002e-03,5.35886695e-03,3.45998423e-03
1.68675179e-03,4.47887497e-03,4.12300882e-03,3.50001109e-03,3.82154522e-03,4.89783855e-03,5.57780091e-03,6.85498024e-03,6.65741247e-03,6.81018601e-03,5.86450949e-03,6.27290628e-03,7.84046922e-03,1.06296044e-02,1.39573949e-02,1.54720679e-02,1.56549283e-02,1.64626919e-02,1.76231588e-02,1.73763315e-02,1.64033668e-02,1.43225726e-02,1.23598303e-02,9.61431491e-03,7.46931142e-03,5.28701566e-03,5.97642365e-03,6.81627123e-03,7.28684727e-03,7.98582669e-03,9.02546163e-03,1.04487256e-02,1.08350828e-02,8.74928411e-03,6.10322167e-03,3.15272261e-03,2.13549632e-03,1.22245917e-03,6.25747102e-04,1.27626011e-03,1.98926706e-03,2.63153806e-04,-2.75643622e-03,-5.06905888e-03,-5.49492009e-03,-4.16974082e-03,-1.47769203e-03,-1.19122759e-03,-3.58698422e-03,-6.04038628e-03,-7.99572500e-03,-8.71834717e-03,-7.08432673e-03,-6.07885681e-03,-5.22801945e-03,-5.95722849e-03,-8.31658740e-03,-8.85392413e-03,-8.47327993e-03,-7.86407052e-03,-8.29335838e-03,-6.48743294e-03,-3.97608224e-03,-1.03669946e-03
-1.44891671e-02,-1.02609284e-02,-3.44994015e-03,1.71204345e-03,5.85735547e-03,1.17309779e-02,1.66175663e-02,2.09359593e-02,2.54112302e-02,2.87245135e-02,3.34745283e-02,3.69222176e-02,3.96547411e-02,4.19771725e-02,4.35039116e-02,4.48804168e-02,4.47718536e-02,4.55182358e-02,4.45377613e-02,4.31048449e-02,4.04644474e-02,3.75204066e-02,3.53445255e-02,3.48915731e-02,3.27317231e-02,2.97085149e-02,2.48251690e-02,1.71321286e-02,7.63517001e-03,-1.33151937e-03,-8.68905100e-03,-1.44158942e-02,-1.94027798e-02,-2.37057708e-02,-2.63613681e-02,-2.83157552e-02,-3.04653003e-02,-3.15821631e-02,-3.20885333e-02,-3.28527382e-02,-3.36174082e-02,-3.41532004e-02,-3.25399976e-02,-3.24125679e-02,-3.26389389e-02,-3.26644141e-02,-3.23689436e-02,-3.13709864e-02,-3.15022472e-02,-3.26317516e-02,-3.40069628e-02,-3.52777091e-02,-3.41106117e-02,-3.25702188e-02,-2.98376333e-02,-2.65645403e-02,-2.37119750e-02,-2.16129432e-02,-2.01742927e-02,-2.05589332e-02,-2.16725371e-02,-2.09347784e-02,-1.92634935e-02,-1.76433144e-02
-3.35419445e-02,-3.31817609e-02,-2.90592355e-02,-2.53234890e-02,-2.50197104e-02,-2.49121829e-02,-2.48267873e-02,-2.29507430e-02,-2.05337507e-02,-1.90603214e-02,-1.79626842e-02,-1.52917081e-02,-1.33003194e-02,-1.17650595e-02,-1.17326342e-02,-1.21463781e-02,-1.29052269e-02,-1.39358658e-02,-1.35744792e-02,-1.26133233e-02,-1.16343835e-02,-1.04438052e-02,-1.01417636e-02,-8.94427907e-03,-7.52414956e-03,-5.10530235e-03,-3.73068865e-03,8.96986969e-04,3.78992988e-03,5.85170901e-03,6.10199800e-03,4.55175324e-03,2.52667456e-03,3.82261316e-04,-1.93313864e-06,1.87937998e-03,4.96254340e-03,5.00286951e-03,3.53451658e-03,1.62809764e-03,1.92461817e-03,3.58347191e-03,4.37848652e-03,3.99836498e-03,4.43918607e-03,4.57374792e-03,4.89124900e-03,4.17055890e-03,3.64260974e-03,4.43387731e-03,4.79980792e-03,2.51940999e-03,-5.20382132e-04,-4.32306317e-03,-8.41137432e-03,-1.08876506e-02,-1.30636292e-02,-1.53484479e-02,-1.71015390e-02,-1.93743381e-02,-2.22939090e-02,-2.77310439e-02,-3.31950905e-02,-3.38836638e-02
-1.47653397e-02,-1.81891185e-02,-2.32706268e-02,-2.81262417e-02,-2.93729514e-02,-3.07766312e-02,-3.31899464e-02,-3.44849931e-02,-3.74608557e-02,-4.03555968e-02,-4.21919226e-02,-4.44201158e-02,-4.54346926e-02,-4.60675041e-02,-4.62366295e-02,-4.69965084e-02,-4.66000656e-02,-4.61048102e-02,-4.42578824e-02,-4.31118425e-02,-4.25926231e-02,-4.13148072e-02,-4.24472635e-02,-4.26759277e-02,-4.10554199e-02,-3.92079132e-02,-3.74170361e-02,-3.56316122e-02,-3.23040912e-02,-2.65277432e-02,-2.13877208e-02,-1.61347065e-02,-9.18426978e-03,-4.69904136e-03,-2.14411457e-03,-3.65882700e-04,-7.41210353e-04,-1.86046511e-03,-3.08416204e-03,-3.00847615e-03,3.73749669e-04,2.76236562e-03,3.40832139e-03,1.99201380e-03,-3.17192724e-03,-6.59336328e-03,-8.55246139e-03,-7.32241495e-03,-3.59624068e-03,-1.04473604e-03,-7.17483630e-04,1.52834173e-03,3.54093985e-03,4.13204739e-03,4.25483892e-03,1.56585487e-03,-1.51559708e-03,-3.38443232e-03,-5.73795976e-03,-6.87320240e-03,-8.62548072e-03,-1.09428328e-02,-1.21805241e-02,-1.29114411e-02
-4.27802061e-02,-4.03322082e-02,-3.84398497e-02,-3.65637643e-02,-3.44770561e-02,-2.99283348e-02,-2.75662557e-02,-2.38052514e-02,-1.97031993e-02,-1.51414826e-02,-1.06899385e-02,-8.12203276e-03,-4.64577213e-03,-2.76685846e-03,-8.19928200e-04,-1.76501524e-03,-4.00605595e-03,-9.74723020e-03,-1.53813702e-02,-2.07799525e-02,-2.65584446e-02,-2.97059488e-02,-3.06157776e-02,-3.04019315e-02,-2.81263819e-02,-2.68016713e-02,-2.36640074e-02,-2.10194816e-02,-1.75356116e-02,-1.52701285e-02,-1.00167071e-02,-4.89292331e-03,-1.96739134e-03,1.66016473e-03,4.40688919e-03,8.76403138e-03,1.12914446e-02,1.13548532e-02,9.85647042e-03,8.70631639e-03,8.61423711e-03,6.46497951e-03,4.26700871e-03,2.36618248e-03,3.18531721e-03,1.82764246e-03,9.58337328e-04,2.87040136e-04,7.23169019e-04,-3.08067424e-04,-1.63093303e-03,-3.13700985e-03,-4.32675890e-03,-7.30180010e-03,-1.03480122e-02,-1.30829770e-02,-1.84345552e-02,-2.43332127e-02,-2.88369777e-02,-3.28301341e-02,-3.83274309e-02,-4.22331400e-02,-4.30147539e-02,-4.34806898e-02
-3.88722158e-02,-4.02377157e-02,-4.29361365e-02,-4.57857288e-02,-4.74411632e-02,-4.84235379e-02,-4.70775142e-02,-4.62487320e-02,-4.42260558e-02,-4.20207517e-02,-3.99497280e-02,-3.61961149e-02,-3.25157220e-02,-2.95804546e-02,-2.66831002e-02,-2.53778900e-02,-2.41959643e-02,-2.32244598e-02,-2.05519473e-02,-1.98646310e-02,-1.84174230e-02,-1.64261445e-02,-1.55738056e-02,-1.51492161e-02,-1.44756480e-02,-1.78970750e-02,-2.14553541e-02,-2.43413548e-02,-2.57074657e-02,-2.38647022e-02,-1.92375095e-02,-1.59333364e-02,-1.48112139e-02,-1.51382018e-02,-1.53903760e-02,-1.49870502e-02,-1.48072467e-02,-1.46582771e-02,-1.26508893e-02,-1.07329038e-02,-8.75289967e-03,-7.43006564e-03,-6.32419898e-03,-7.20115321e-03,-7.25974625e-03,-6.67294270e-03,-5.36181415e-03,-3.45392552e-03,-2.17698907e-03,-7.85129223e-04,-7.84439991e-04,-3.21458099e-04,-8.42126045e-04,-3.20867971e-03,-5.72184545e-03,-7.00472050e-03,-8.90277491e-03,-1.26693660e-02,-1.82638123e-02,-2.44890665e-02,-2.85964509e-02,-3.37711942e-02,-3.56197206e-02,-3.71343117e-02
1.94413398e-02,1.50222966e-02,1.36151788e-02,1.59595206e-02,1.80457277e-02,1.56952423e-02,1.33693983e-02,1.03992502e-02,7.61258080e-03,8.44985260e-03,1.06517966e-02,1.13305057e-02,1.18731982e-02,1.31350465e-02,1.14344236e-02,1.13780819e-02,9.38282805e-03,7.35424013e-03,6.44636591e-03,6.84687607e-03,7.84370596e-03,7.10590765e-03,4.76980413e-03,3.86200781e-03,4.83912810e-03,6.47337335e-03,7.34999371e-03,1.05503423e-02,1.33435811e-02,1.70839734e-02,2.05351301e-02,2.33864285e-02,2.61955283e-02,2.74716614e-02,2.88689180e-02,2.90209920e-02,2.72196553e-02,2.56950110e-02,2.29903991e-02,2.09837611e-02,2.00183362e-02,1.99605572e-02,2.08000716e-02,2.25827959e-02,2.47476815e-02,2.45343642e-02,2.36536888e-02,2.16245805e-02,2.00349898e-02,1.82022908e-02,1.47634426e-02,1.25387291e-02,9.27670033e-03,6.27134121e-03,5.29013563e-03,5.04125253e-03,6.22366284e-03,8.49622136e-03,1.15638194e-02,1.37231727e-02,1.66987521e-02,1.90716477e-02,2.21486330e-02,2.18608999e-02
2.48516818e-02,2.73030863e-02,3.17733622e-02,3.64999534e-02,3.99648093e-02,4.24975169e-02,4.40294457e-02,4.50225212e-02,4.62582120e-02,4.73521808e-02,4.93950019e-02,5.24846072e-02,5.81555834e-02,6.32873145e-02,6.71379217e-02,6.97013358e-02,7.15672679e-02,7.37071304e-02,7.70403956e-02,7.83361801e-02,7.72339295e-02,7.81331615e-02,7.81725740e-02,7.91878294e-02,7.63902512e-02,7.02742098e-02,6.39769537e-02,5.91426129e-02,5.64473483e-02,5.35158010e-02,5.06949737e-02,4.79777095e-02,4.39164906e-02,3.82288325e-02,3.43112145e-02,2.67689378e-02,1.82150957e-02,1.26590986e-02,6.29196792e-03,-9.52339205e-04,-7.58779351e-03,-1.26702651e-02,-1.75374366e-02,-2.34950947e-02,-2.82631519e-02,-2.91161086e-02,-2.70647464e-02,-2.32741014e-02,-1.75311364e-02,-1.35232660e-02,-1.06082632e-02,-8.25306659e-03,-5.86540014e-03,-3.52708821e-03,7.17257227e-04,4.44003632e-03,7.20660860e-03,8.98278335e-03,1.13077267e-02,1.36158604e-02,1.63083782e-02,1.86463727e-02,1.94302835e-02,2.19239811e-02
1.12694009e-02,1.35999303e-02,1.54598051e-02,1.60257337e-02,1.56689365e-02,1.56406492e-02,1.52206564e-02,1.10861844e-02,4.25531364e-03,-1.76590802e-03,-7.29922760e-03,-1.22242471e-02,-1.80479906e-02,-2.51753563e-02,-3.33133353e-02,-3.91267450e-02,-4.38716009e-02,-4.52085199e-02,-4.60794005e-02,-4.78649602e-02,-4.76819086e-02,-4.54662739e-02,-4.38374997e-02,-4.11177323e-02,-3.82606015e-02,-3.28919540e-02,-2.95063476e-02,-2.77649059e-02,-2.66283835e-02,-2.55978626e-02,-2.31095621e-02,-2.00787041e-02,-1.90616796e-02,-1.90936732e-02,-1.60073502e-02,-1.34832384e-02,-1.22596483e-02,-1.03041848e-02,-9.68942667e-03,-9.16641644e-03,-9.16647759e-03,-8.00524307e-03,-6.61452108e-03,-3.69208734e-03,-1.85896296e-04,1.00776805e-04,-2.58371726e-03,-7.98576926e-03,-1.17340343e-02,-1.36837800e-02,-1.41360266e-02,-1.38026416e-02,-1.38093757e-02,-1.36160441e-02,-1.23549763e-02,-9.91983804e-03,-7.36575617e-03,-4.57823775e-03,-9.72658379e-04,1.92129967e-03,3.64741577e-03,4.41047731e-03,6.89436978e-03,9.34537698e-03
2.36174520e-02,2.25719756e-02,2.12369323e-02,2.08344116e-02,2.13142526e-02,1.95559813e-02,1.93037807e-02,1.69646278e-02,1.13879237e-02,8.55645900e-03,6.14129254e-03,3.46719873e-03,-1.15153289e-03,-5.12869024e-03,-6.60719087e-03,-7.52478135e-03,-6.74633167e-03,-4.48799054e-03,-2.85893836e-03,8.32730305e-04,2.11291717e-03,4.34262936e-03,6.68703238e-03,8.72501983e-03,9.97284182e-03,1.08861410e-02,1.33845204e-02,1.46836295e-02,1.38357953e-02,1.52662568e-02,1.71723226e-02,1.79943085e-02,1.69945522e-02,1.40945249e-02,1.40597463e-02,1.65521980e-02,1.82742888e-02,1.76619746e-02,1.25022997e-02,8.24939561e-03,3.32004104e-03,3.26592207e-05,-9.22663014e-04,-7.45990210e-04,-2.32216214e-04,-2.72969501e-04,-3.06021540e-05,8.76188852e-04,3.35426123e-04,9.56385794e-05,8.27159277e-04,1.91246923e-03,3.78293935e-03,7.02075708e-03,9.63127566e-03,9.23222517e-03,8.47084983e-03,8.68001545e-03,1.01088238e-02,1.35977598e-02,1.69473891e-02,1.93358382e-02,2.10008973e-02,2.31891127e-02
3.59144994e-02,3.53315743e-02,3.51316788e-02,3.45117638e-02,3.35767248e-02,3.25259430e-02,2.87648021e-02,2.47858172e-02,2.17128054e-02,2.07082669e-02,2.01473595e-02,1.92707601e-02,1.98412896e-02,2.05841807e-02,2.15987494e-02,2.07263971e-02,1.75580778e-02,1.68322816e-02,1.41759714e-02,1.11384892e-02,1.12597937e-02,1.04447067e-02,9.43779061e-03,6.47522275e-03,3.13819430e-03,1.00708575e-03,-2.70163966e-05,-1.63407842e-03,-3.05430672e-03,-4.11146896e-03,-6.40153102e-03,-8.19815371e-03,-6.81807310e-03,-4.86786551e-03,-4.19105400e-03,-3.80345980e-03,-2.48841434e-03,-1.83123620e-03,-1.63569977e-03,-6.38719765e-04,1.49560766e-04,2.01653040e-03,4.72121258e-03,5.80320839e-03,6.15351689e-03,5.97553313e-03,7.11430553e-03,7.92573129e-03,8.94900962e-03,1.04674533e-02,1.16540004e-02,1.32020332e-02,1.40832443e-02,1.62926246e-02,1.67500364e-02,1.96048803e-02,2.30465228e-02,2.72957516e-02,3.12877805e-02,3.43780598e-02,3.48776641e-02,3.46903394e-02,3.54006977e-02,3.61639842e-02
-2.24680361e-02,-1.84831655e-02,-1.65201124e-02,-1.56268629e-02,-1.41605616e-02,-1.19513532e-02,-1.12339068e-02,-9.88462788e-03,-8.71354050e-03,-9.87333180e-03,-8.53166226e-03,-4.92157796e-03,8.52445088e-04,7.45276726e-03,1.18646684e-02,1.49494749e-02,1.71675861e-02,1.86048720e-02,1.90986919e-02,2.05466900e-02,2.11489133e-02,1.91621651e-02,1.59374728e-02,1.26141007e-02,9.28344145e-03,5.33856688e-03,-4.30096724e-04,-7.01141720e-03,-1.28321990e-02,-1.76676866e-02,-2.17402906e-02,-2.75878053e-02,-3.36940983e-02,-3.73416679e-02,-3.91438160e-02,-4.27552963e-02,-4.53508748e-02,-4.72851298e-02,-4.77695548e-02,-4.71277352e-02,-4.68722296e-02,-4.66020113e-02,-4.78891561e-02,-4.80254050e-02,-5.04884318e-02,-5.32881418e-02,-5.34422866e-02,-5.18857831e-02,-5.03526764e-02,-4.95027208e-02,-4.98032220e-02,-5.08977733e-02,-4.99083794e-02,-4.96756044e-02,-4.99259987e-02,-4.74724024e-02,-4.84451288e-02,-4.82014026e-02,-4.53736461e-02,-4.16032506e-02,-3.81874857e-02,-3.44766269e-02,-2.97279600e-02,-2.53766523e-02
1.44831620e-02,1.48129569e-02,1.68879816e-02,1.98004825e-02,2.40517728e-02,2.73932316e-02,3.00003660e-02,3.21126276e-02,3.38704154e-02,3.49154818e-02,3.26155420e-02,3.07038031e-02,2.92008008e-02,2.72653132e-02,2.39620288e-02,1.80071562e-02,1.12871563e-02,3.57765434e-03,-2.92478358e-03,-4.78768918e-03,-2.61465738e-03,-2.92168010e-04,1.31645036e-03,4.72794960e-03,6.85602566e-03,8.32067074e-03,1.04202620e-02,1.29446618e-02,1.69800177e-02,2.03894344e-02,2.32421642e-02,2.44320407e-02,2.64830968e-02,2.87390899e-02,2.87750330e-02,2.87425258e-02,2.94660242e-02,3.04643909e-02,2.84413680e-02,2.96662424e-02,3.38416567e-02,3.87923663e-02,4.05866204e-02,4.18430750e-02,4.53000329e-02,4.89477796e-02,4.85701002e-02,4.76378430e-02,4.70035787e-02,4.34323541e-02,3.96271033e-02,3.56129720e-02,3.19838351e-02,2.76160954e-02,2.67589768e-02,2.60755284e-02,2.50767790e-02,2.28237932e-02,2.02339291e-02,1.83823001e-02,1.55568701e-02,1.39322266e-02,1.52777605e-02,1.56418172e-02
-2.86404258e-02,-3.02266628e-02,-3.33275257e-02,-3.70274429e-02,-3.92651063e-02,-4.02163795e-02,-4.21791642e-02,-4.47648975e-02,-4.52909764e-02,-4.52113158e-02,-4.44155609e-02,-4.47556473e-02,-4.35681144e-02,-4.17455389e-02,-3.94279287e-02,-3.69235027e-02,-3.59201779e-02,-3.58021329e-02,-3.57745280e-02,-3.80505857e-02,-4.11226864e-02,-4.43381330e-02,-4.52001893e-02,-4.54754899e-02,-4.52426031e-02,-4.18296691e-02,-3.98286301e-02,-3.73092882e-02,-3.54098972e-02,-3.33094817e-02,-2.91267138e-02,-2.44379466e-02,-2.03989272e-02,-1.92800731e-02,-1.91765982e-02,-2.11062219e-02,-2.31922822e-02,-2.51450422e-02,-2.54535934e-02,-2.57298999e-02,-2.49052611e-02,-2.39589851e-02,-2.29579415e-02,-2.20740374e-02,-2.28469221e-02,-2.12705435e-02,-1.88889536e-02,-1.72148548e-02,-1.48728792e-02,-1.28937421e-02,-1.02006724e-02,-9.17319420e-03,-8.88929145e-03,-1.03614864e-02,-1.36669243e-02,-1.84451498e-02,-2.30110836e-02,-2.53581106e-02,-2.73359909e-02,-2.68870225e-02,-2.72072878e-02,-2.71045867e-02,-2.81297405e-02,-2.77718813e-02
3.49405054e-02,2.48521244e-02,1.68202973e-02,1.22015962e-02,7.40208203e-03,3.21137952e-03,-3.60468456e-04,-3.21298549e-03,-5.56411416e-04,3.74694200e-03,7.39248369e-03,1.15513124e-02,1.50890145e-02,1.81119702e-02,2.09619440e-02,2.04884976e-02,2.02770686e-02,2.19260244e-02,2.54323499e-02,2.96439851e-02,3.11426579e-02,3.04745944e-02,2.86167452e-02,2.46696361e-02,2.16897437e-02,2.03072612e-02,1.75593691e-02,1.77245847e-02,1.40260945e-02,1.12650274e-02,8.99603955e-03,6.89768709e-03,6.67879010e-03,8.37081212e-03,9.67709706e-03,1.07728542e-02,1.18711953e-02,1.44839195e-02,1.65642764e-02,2.06681027e-02,2.50244904e-02,3.05044612e-02,3.49689853e-02,3.82875240e-02,4.05726856e-02,4.27820314e-02,4.37928499e-02,4.65530380e-02,4.89674533e-02,5.13881244e-02,5.36577269e-02,5.73542421e-02,6.10801842e-02,6.43960056e-02,6.47873913e-02,6.30284161e-02,6.22711824e-02,6.33988333e-02,6.43852691e-02,6.37796707e-02,6.18811786e-02,5.85493220e-02,5.23294166e-02,4.36777312e-02
-2.40446551e-02,-2.46237524e-02,-2.43789036e-02,-2.40085854e-02,-2.30338676e-02,-2.17858173e-02,-2.03161843e-02,-2.14957862e-02,-2.44376250e-02,-2.61260214e-02,-2.76064532e-02,-3.09693994e-02,-3.45179253e-02,-3.63497592e-02,-3.60653317e-02,-3.57502908e-02,-3.82154261e-02,-3.94388566e-02,-4.02058537e-02,-4.05869502e-02,-4.03030000e-02,-3.71799673e-02,-3.22230448e-02,-2.54652140e-02,-1.88161961e-02,-1.37211939e-02,-9.58339272e-03,-5.52114390e-03,-4.27372466e-03,-3.93908189e-03,-2.71506597e-03,5.59571305e-04,3.94213838e-03,7.20682201e-03,1.10057908e-02,1.11469502e-02,1.07701390e-02,1.03330120e-02,9.59512669e-03,7.92479839e-03,5.58899179e-03,1.53951643e-03,-2.96686801e-03,-9.26556666e-03,-1.61072921e-02,-2.26969563e-02,-2.82645001e-02,-3.36614009e-02,-3.69257100e-02,-3.80765629e-02,-3.86186277e-02,-3.95499167e-02,-3.91638383e-02,-3.81391953e-02,-3.81555289e-02,-3.71629548e-02,-3.52086078e-02,-3.20247912e-02,-3.00140876e-02,-2.84162170e-02,-2.57217218e-02,-2.38511390e-02,-2.15869038e-02,-2.20867901e-02
-6.51160967e-03,-6.31687364e-03,-4.12585340e-03,-2.56812644e-03,-3.76543333e-03,-8.55355539e-03,-1.51052202e-02,-2.10107481e-02,-2.50891222e-02,-2.72719052e-02,-2.85612153e-02,-3.04969524e-02,-3.02705637e-02,-3.04723146e-02,-3.00766631e-02,-2.86700134e-02,-2.54728582e-02,-2.16217093e-02,-1.65543010e-02,-1.12899873e-02,-8.24625038e-03,-8.14133093e-03,-1.01656648e-02,-1.24918111e-02,-1.49172668e-02,-1.69491295e-02,-2.05758653e-02,-2.49421450e-02,-2.81790660e-02,-3.06662360e-02,-3.08277545e-02,-3.14397879e-02,-3.26893245e-02,-3.33130961e-02,-3.64895215e-02,-3.96980573e-02,-4.29636706e-02,-4.55085794e-02,-4.78699878e-02,-4.94179713e-02,-4.97768030e-02,-4.97213268e-02,-4.99476932e-02,-5.01977825e-02,-4.96287108e-02,-4.59875618e-02,-4.03692591e-02,-3.48052059e-02,-3.08799750e-02,-2.78917310e-02,-2.66807236e-02,-2.65592347e-02,-2.33959583e-02,-2.10127086e-02,-1.98772495e-02,-2.01525739e-02,-1.99759348e-02,-1.75702244e-02,-1.50613728e-02,-1.12066205e-02,-9.90641533e-03,-8.70394467e-03,-6.44744403e-03,-5.89377595e-03
1.03281305e-02,5.80510523e-03,1.53742334e-03,6.23582986e-04,-6.00712940e-04,-2.79156764e-03,-2.95148471e-03,1.29742215e-03,7.60113141e-03,1.38286640e-02,1.98449791e-02,2.70506280e-02,3.41907469e-02,4.09501535e-02,4.58549038e-02,5.01521595e-02,5.42703077e-02,5.90985360e-02,6.17419630e-02,6.29223860e-02,6.30462394e-02,6.31841715e-02,6.22334000e-02,6.27378060e-02,6.40649900e-02,6.51167482e-02,6.61598012e-02,6.81708936e-02,6.88111949e-02,6.73912768e-02,6.54965174e-02,6.23670073e-02,5.97889331e-02,5.58001087e-02,5.16710882e-02,4.64264020e-02,4.30335952e-02,4.14725305e-02,3.76909948e-02,3.44932121e-02,3.19155660e-02,3.10090427e-02,3.26840831e-02,3.50544693e-02,3.65065262e-02,3.69672577e-02,3.80021997e-02,3.88630570e-02,3.77319162e-02,3.61241827e-02,3.21596830e-02,2.88289689e-02,2.66873951e-02,2.72863803e-02,2.84937234e-02,2.92410894e-02,2.86578870e-02,2.77935012e-02,2.61685623e-02,2.40247908e-02,2.16261317e-02,1.72502329e-02,1.40811890e-02,1.29512375e-02
-3.74022375e-02,-3.91022377e-02,-3.84894080e-02,-3.74123426e-02,-3.77732050e-02,-3.96288962e-02,-3.93222468e-02,-3.81692480e-02,-3.69810481e-02,-3.59077103e-02,-3.60409094e-02,-3.56352356e-02,-3.22701022e-02,-2.79783227e-02,-2.76200845e-02,-2.87659933e-02,-3.16806391e-02,-3.22363064e-02,-3.29741323e-02,-3.32897808e-02,-3.28770074e-02,-3.08641034e-02,-2.87932903e-02,-2.83001657e-02,-2.95886195e-02,-2.87795686e-02,-2.80927311e-02,-2.54682847e-02,-2.10148767e-02,-1.30943474e-02,-4.63131105e-03,4.92243627e-03,9.51077678e-03,9.89935333e-03,8.65957050e-03,6.80234045e-03,5.14438367e-03,4.88828173e-03,4.44606998e-03,5.30956556e-03,5.68342868e-03,3.89115749e-03,1.71082068e-03,-4.04187171e-04,-3.31601109e-03,-6.05745571e-03,-7.04596311e-03,-5.37059213e-03,-4.16115047e-03,-4.37809152e-03,-3.41816017e-03,-2.64144219e-03,-2.49880440e-03,-1.46885240e-03,-5.25596111e-04,2.05511502e-03,2.93214467e-03,-1.48561056e-03,-7.70522734e-03,-1.46843199e-02,-2.11033129e-02,-2.75120811e-02,-3.39321442e-02,-3.61979294e-02
3.32307986e-02,3.10050596e-02,2.92767948e-02,2.86962491e-02,2.78937560e-02,2.59460206e-02,2.32477567e-02,2.22368615e-02,2.09787390e-02,1.64768629e-02,9.20720092e-03,2.03819752e-03,-4.39344544e-03,-1.01395589e-02,-1.52902573e-02,-1.83368317e-02,-1.88666142e-02,-1.69751990e-02,-1.32577897e-02,-1.18499193e-02,-1.07808320e-02,-7.81806947e-03,-3.12217622e-03,2.13865979e-03,4.28337659e-03,5.50270524e-03,8.29446130e-03,1.01458340e-02,1.02919029e-02,1.00573866e-02,1.15872297e-02,1.45696389e-02,1.76699919e-02,1.84380096e-02,1.92912471e-02,2.07182639e-02,2.26247510e-02,2.74573603e-02,3.08267347e-02,3.57924384e-02,4.35411087e-02,5.12570796e-02,5.57770147e-02,5.82906898e-02,5.81552074e-02,5.81070322e-02,5.72153975e-02,5.59189707e-02,5.51439529e-02,5.49677797e-02,5.39645264e-02,5.30023046e-02,5.12560268e-02,5.00907154e-02,4.73651453e-02,4.48280109e-02,4.28125375e-02,4.25304479e-02,4.23017646e-02,4.05267052e-02,3.82340461e-02,3.60533039e-02,3.47078551e-02,3.39702963e-02
2.97208432e-02,2.94908713e-02,2.76471909e-02,2.59120894e-02,2.39181017e-02,2.31635074e-02,2.37940761e-02,2.53065756e-02,2.38932538e-02,1.99401660e-02,1.48573756e-02,8.76523975e-03,5.30762195e-03,2.83607117e-03,2.15627453e-04,-3.88338431e-03,-8.39229387e-03,-9.65182015e-03,-9.49724148e-03,-9.39254769e-03,-9.49621470e-03,-9.00452163e-03,-9.32233840e-03,-1.02109805e-02,-7.68243863e-03,-3.53265198e-03,6.39357365e-05,4.44186591e-03,6.71829858e-03,8.36161246e-03,1.06178178e-02,1.31576353e-02,1.50142941e-02,1.75552658e-02,1.95125664e-02,2.15189695e-02,2.41578339e-02,2.68351026e-02,2.86347463e-02,3.12514568e-02,3.39905119e-02,3.61853136e-02,3.84362606e-02,3.88949608e-02,3.89745362e-02,3.92032439e-02,4.03549549e-02,3.81430471e-02,3.50659537e-02,3.24757254e-02,3.12232900e-02,3.04388584e-02,2.83585438e-02,2.81460045e-02,3.09557199e-02,3.30313914e-02,3.45398600e-02,3.61630905e-02,3.50758461e-02,3.33507428e-02,3.17153720e-02,2.95714041e-02,2.76859753e-02,2.84618246e-02
2.37111792e-02,1.95350687e-02,1.68814151e-02,1.43134082e-02,1.19523735e-02,9.90277205e-03,6.67643604e-03,2.77684353e-03,-4.90975968e-04,-2.81925334e-03,-6.93326083e-03,-1.07090537e-02,-1.38447293e-02,-1.66421216e-02,-1.95718897e-02,-2.39580716e-02,-2.88647679e-02,-3.32865805e-02,-3.70803632e-02,-4.07776189e-02,-4.31163329e-02,-4.63824098e-02,-4.71635940e-02,-4.96571214e-02,-4.92712804e-02,-4.64609542e-02,-4.25532278e-02,-3.68748994e-02,-3.51200963e-02,-3.41755746e-02,-3.45051400e-02,-3.40473149e-02,-3.16647090e-02,-2.99990788e-02,-2.89608375e-02,-2.84941355e-02,-2.75965559e-02,-2.57437800e-02,-2.38250810e-02,-2.25168894e-02,-2.32286525e-02,-2.36365403e-02,-2.30858389e-02,-2.20610571e-02,-2.15142704e-02,-2.18373880e-02,-2.21730480e-02,-2.13101929e-02,-1.99008294e-02,-1.82422020e-02,-1.43957512e-02,-1.03449394e-02,-4.40011188e-03,3.86388210e-03,1.19219050e-02,2.07452318e-02,2.63432992e-02,3.09955334e-02,3.33874417e-02,3.52026269e-02,3.36946178e-02,3.24970376e-02,3.05057932e-02,2.71983422e-02
-5.24148615e-02,-5.08999113e-02,-4.97515242e-02,-4.61635904e-02,-4.25339769e-02,-3.92062913e-02,-3.76134150e-02,-3.73161975e-02,-3.77250242e-02,-3.75789167e-02,-3.75729276e-02,-3.59815559e-02,-3.46710512e-02,-3.34764478e-02,-3.25543390e-02,-3.31318360e-02,-3.27374129e-02,-3.07410557e-02,-2.93991298e-02,-2.97750212e-02,-2.85689269e-02,-2.53986530e-02,-2.11902989e-02,-1.89632023e-02,-1.95298117e-02,-2.04801785e-02,-2.00313123e-02,-1.85299692e-02,-1.74156151e-02,-1.67887400e-02,-1.61163552e-02,-1.71957131e-02,-1.70455697e-02,-1.62454814e-02,-1.71868644e-02,-1.86299897e-02,-1.74953726e-02,-1.48941493e-02,-1.40313611e-02,-1.73907400e-02,-2.26188806e-02,-2.69861010e-02,-2.85264402e-02,-2.78377567e-02,-3.00192279e-02,-3.13587109e-02,-3.13430861e-02,-2.92619990e-02,-2.90822143e-02,-2.97135990e-02,-3.02873830e-02,-3.24727646e-02,-3.45589961e-02,-3.75227315e-02,-4.34364187e-02,-5.04327863e-02,-5.55734868e-02,-5.95898133e-02,-6.16751328e-02,-6.08604967e-02,-6.07064926e-02,-6.05198590e-02,-5.84826832e-02,-5.49499570e-02
1.80264582e-02,1.94677865e-02,1.97270215e-02,1.98691538e-02,2.15987533e-02,2.16781770e-02,2.19972128e-02,2.25890897e-02,2.34541465e-02,2.47853981e-02,2.62944968e-02,2.47238492e-02,2.57152798e-02,2.87595401e-02,3.07890661e-02,3.15259105e-02,3.14036431e-02,3.13995174e-02,3.25777439e-02,3.36405433e-02,3.41461844e-02,3.39683141e-02,3.42941207e-02,3.27724648e-02,3.19481469e-02,3.23722602e-02,3.15292992e-02,2.97551837e-02,2.90546769e-02,2.83748601e-02,2.77254331e-02,2.72196950e-02,2.42253980e-02,1.82827763e-02,1.18993173e-02,7.83533696e-03,1.89311737e-03,-4.94594089e-03,-1.19058919e-02,-1.68601156e-02,-1.94244215e-02,-2.16872956e-02,-2.31930275e-02,-2.36017493e-02,-2.53851922e-02,-2.79366810e-02,-2.52047405e-02,-2.19812252e-02,-1.93968648e-02,-1.59754630e-02,-1.07552038e-02,-4.74485657e-03,1.23876476e-03,6.00635362e-03,1.09048801e-02,1.26337438e-02,1.28147230e-02,1.32187410e-02,1.39325252e-02,1.32673975e-02,1.29052918e-02,1.33738510e-02,1.50186508e-02,1.69120090e-02
6.82872599e-03,2.62710052e-03,1.02186585e-03,-1.91956522e-03,-4.66442865e-03,-4.63158250e-03,-4.25467536e-03,-2.83211746e-03,-1.85867847e-03,-1.65881802e-03,-2.48666356e-04,1.03116476e-03,3.04088860e-03,4.75527712e-03,3.82863815e-03,2.95206707e-03,1.89830774e-03,-8.05865006e-04,-3.30996780e-03,-7.88688398e-03,-1.31199216e-02,-2.12731200e-02,-3.09514683e-02,-4.00872671e-02,-5.04311676e-02,-5.70933173e-02,-6.36992142e-02,-6.69252357e-02,-6.91707348e-02,-7.02609815e-02,-7.04218425e-02,-6.97550068e-02,-6.89117997e-02,-6.99433063e-02,-7.09240794e-02,-7.13574517e-02,-7.09512536e-02,-6.74181139e-02,-6.36354642e-02,-6.03689575e-02,-5.84876346e-02,-5.50479735e-02,-5.35865827e-02,-5.47602080e-02,-5.37484464e-02,-4.98763414e-02,-4.62659798e-02,-4.21018351e-02,-3.67042414e-02,-2.88470731e-02,-1.91753255e-02,-1.21297504e-02,-8.11555857e-03,-5.85286076e-03,-5.36216771e-03,-1.79075841e-03,1.61175771e-03,7.10929381e-03,1.13527923e-02,1.51487251e-02,1.79307196e-02,1.87509569e-02,1.48450560e-02,1.05178432e-02
-1.51332345e-02,-1.70072942e-02,-1.55786575e-02,-1.10727182e-02,-6.15541877e-03,-1.26484231e-03,1.72123008e-03,3.57429942e-03,5.04108170e-03,6.22500432e-03,2.97823482e-03,1.56379428e-03,9.57872932e-04,-3.95605368e-04,-2.79723464e-03,-4.38736837e-03,-6.84550140e-03,-9.24796141e-03,-1.19609405e-02,-1.37854730e-02,-1.61372616e-02,-2.01618375e-02,-2.46420248e-02,-2.71930095e-02,-2.83315381e-02,-2.91750705e-02,-3.03206356e-02,-3.19129276e-02,-3.26382209e-02,-3.34783921e-02,-3.35140091e-02,-3.32667106e-02,-2.93393773e-02,-2.51896909e-02,-2.21105794e-02,-2.07600895e-02,-1.99566290e-02,-1.87692000e-02,-1.71660258e-02,-1.38022012e-02,-9.41653941e-03,-5.12387353e-03,-3.07290456e-03,-2.48344877e-03,-1.91990240e-03,2.17204559e-03,4.99369030e-03,7.08710188e-03,8.65811040e-03,9.73000139e-03,9.61350067e-03,1.04682578e-02,1.28855982e-02,1.72637425e-02,2.03925140e-02,2.23924858e-02,2.49095139e-02,2.54053758e-02,2.38539823e-02,2.13671904e-02,1.56282636e-02,6.52217377e-03,-2.96507487e-03,-1.07613826e-02
-6.00276561e-02,-5.94110805e-02,-5.79081564e-02,-5.57559178e-02,-5.38970728e-02,-5.17198333e-02,-4.92121066e-02,-4.59268536e-02,-4.33773561e-02,-3.92361882e-02,-3.73420930e-02,-3.83286307e-02,-4.01848258e-02,-4.14313365e-02,-4.19984801e-02,-4.06133586e-02,-3.59760682e-02,-2.89034204e-02,-2.32952459e-02,-1.75691221e-02,-1.27325681e-02,-9.53507235e-03,-8.03875271e-03,-4.86291364e-03,-2.55433228e-04,4.19839274e-03,7.16425084e-03,1.17074492e-02,1.79791781e-02,2.30226735e-02,2.47376372e-02,2.74755736e-02,3.14236560e-02,3.55456140e-02,3.72133674e-02,3.80290691e-02,3.56424996e-02,3.29928724e-02,3.15151681e-02,2.94868816e-02,2.48278469e-02,1.78987073e-02,1.04786421e-02,6.87819520e-03,6.12671014e-03,5.94861558e-03,4.06064565e-03,2.03875980e-03,1.90053375e-03,1.81457266e-03,-3.71770246e-04,-3.90817606e-03,-6.96981599e-03,-1.16273138e-02,-1.41634060e-02,-1.64999913e-02,-1.99924611e-02,-2.65118168e-02,-3.36387105e-02,-3.95353492e-02,-4.56462257e-02,-5.28178839e-02,-5.71631368e-02,-6.01882289e-02
-2.64050649e-03,-1.46489444e-03,-1.25712729e-03,-2.32376926e-03,-2.27698632e-03,-3.73909475e-04,1.98613220e-03,3.46030619e-03,5.01186219e-03,5.76051823e-03,5.84817035e-03,7.43290834e-03,8.73166115e-03,1.05893720e-02,1.26176990e-02,1.38167613e-02,1.35400857e-02,1.54019276e-02,1.74831402e-02,1.98542855e-02,2.14971683e-02,2.28997792e-02,2.46055247e-02,2.63452880e-02,2.61084554e-02,2.67302074e-02,2.73839105e-02,2.51518225e-02,2.27952430e-02,2.23933953e-02,2.30819461e-02,2.16191726e-02,1.88830360e-02,1.59028653e-02,1.31218395e-02,9.16934299e-03,7.09743316e-03,4.68369505e-03,1.84323901e-03,-8.59330111e-04,-3.72971435e-03,-7.36030400e-03,-1.12306748e-02,-1.37720049e-02,-1.65686125e-02,-2.00574852e-02,-2.03213118e-02,-2.02841661e-02,-2.11890689e-02,-2.20148291e-02,-2.45196824e-02,-2.92686169e-02,-3.17893624e-02,-3.10160084e-02,-2.84668605e-02,-2.47923539e-02,-2.29210031e-02,-1.94857510e-02,-1.77068438e-02,-1.76429826e-02,-1.67724997e-02,-1.37718703e-02,-8.83545281e-03,-5.27697928e-03
-1.43724252e-03,3.42920052e-03,9.05793948e-03,1.10581061e-02,1.22645932e-02,1.25761228e-02,1.06908677e-02,7.02615592e-03,2.77001120e-03,-1.75813691e-03,-3.39098920e-03,-3.14095039e-03,6.84160855e-04,4.52844151e-03,8.08810984e-03,8.20408794e-03,7.27382759e-03,4.98099495e-03,5.83585278e-03,6.85088737e-03,6.74113444e-03,7.08794171e-03,8.87412402e-03,1.04791462e-02,1.17552289e-02,1.23368582e-02,1.29646245e-02,1.34269592e-02,1.31688575e-02,1.24109314e-02,1.20309267e-02,1.14699201e-02,8.18026223e-03,3.37409380e-03,-2.92150784e-03,-9.61915147e-03,-1.32092413e-02,-1.68668265e-02,-2.08469214e-02,-2.62210054e-02,-2.91827083e-02,-2.94397605e-02,-2.68192802e-02,-2.56326797e-02,-2.53330988e-02,-2.40438097e-02,-2.20710341e-02,-1.91213838e-02,-1.50024467e-02,-1.05081528e-02,-4.81407386e-03,-2.49302270e-05,2.23594017e-03,5.69399431e-03,6.99166670e-03,5.67673824e-03,4.56155710e-03,3.06675098e-03,2.15507175e-03,3.46160899e-04,-3.82576890e-03,-5.98862452e-03,-4.56891538e-03,-3.38435017e-03
-1.33250964e-02,-1.40524061e-02,-1.52798508e-02,-1.59593250e-02,-1.68515810e-02,-1.60253259e-02,-1.34659458e-02,-1.13797678e-02,-9.97531556e-03,-7.50639986e-03,-3.29015165e-03,-1.09546213e-03,1.14017370e-03,3.09270417e-03,6.69318072e-03,1.14847125e-02,1.38230965e-02,1.50476146e-02,1.79063389e-02,2.22604513e-02,2.50225040e-02,2.99350794e-02,3.43926342e-02,3.83042339e-02,4.18625225e-02,4.36703216e-02,4.32453587e-02,3.96534979e-02,3.27079579e-02,2.63869256e-02,2.05649315e-02,1.50921111e-02,1.25849157e-02,1.06757408e-02,9.67907911e-03,9.58646616e-03,1.06332137e-02,1.30730421e-02,1.60542551e-02,1.90097153e-02,2.16577397e-02,2.34247174e-02,2.04940784e-02,1.60124235e-02,1.23033627e-02,1.29784909e-02,1.46025522e-02,1.56144935e-02,1.55118875e-02,1.43471650e-02,1.47523849e-02,1.47198838e-02,1.51195473e-02,1.57205409e-02,1.61015377e-02,1.31575949e-02,8.36105389e-03,1.94794420e-03,-2.90822297e-03,-6.25556245e-03,-8.86855510e-03,-9.36639236e-03,-1.00062883e-02,-1.21435002e-02
1.33223269e-02,1.23035215e-02,8.04510101e-03,5.73183612e-03,4.20895177e-03,1.41246682e-03,4.22394592e-04,2.54119186e-03,3.38419725e-03,2.74800767e-03,3.58835239e-03,5.44734694e-03,5.95934530e-03,7.77941612e-03,7.51357787e-03,7.40690276e-03,7.00884151e-03,9.10301074e-03,1.26385781e-02,1.52306726e-02,1.65529270e-02,1.87865620e-02,1.98858853e-02,1.86187211e-02,1.67954002e-02,1.26396443e-02,7.31529826e-03,2.15130187e-03,-2.23348199e-03,-7.64736914e-03,-1.20563535e-02,-1.45157270e-02,-1.72065827e-02,-1.81428145e-02,-2.05136276e-02,-2.24639287e-02,-2.36446107e-02,-2.40229250e-02,-2.44373846e-02,-2.45729745e-02,-2.51975744e-02,-2.21666573e-02,-1.76277843e-02,-1.46506762e-02,-1.20530767e-02,-1.16410665e-02,-1.00507106e-02,-8.27488293e-03,-5.55498232e-03,-1.12846548e-03,3.47576155e-03,7.07429444e-03,1.04579633e-02,1.21054557e-02,1.27190203e-02,1.19997767e-02,1.10236145e-02,1.08718295e-02,9.45081116e-03,7.85223992e-03,7.07968349e-03,5.77457461e-03,6.57334106e-03,1.15434650e-02
-5.38046203e-02,-5.23194418e-02,-4.88735651e-02,-4.60883586e-02,-4.31813582e-02,-3.93248299e-02,-3.69110538e-02,-3.51182495e-02,-3.20762762e-02,-2.89135097e-02,-2.72699667e-02,-2.62625931e-02,-2.50191855e-02,-2.20620055e-02,-1.79448423e-02,-1.67739041e-02,-1.64245576e-02,-1.44743352e-02,-1.18207480e-02,-1.26655663e-02,-1.35908856e-02,-1.31531893e-02,-1.29649473e-02,-1.15471829e-02,-8.05270775e-03,-5.24502723e-03,-2.91817907e-03,1.23615803e-03,5.14670938e-03,9.82860354e-03,1.31843581e-02,1.47602895e-02,1.72406981e-02,1.89793469e-02,1.77179715e-02,1.63452905e-02,1.34568417e-02,1.07471845e-02,8.60653876e-03,6.30762762e-03,2.96115044e-03,-1.03249884e-03,-7.19947324e-03,-1.47895126e-02,-2.28186723e-02,-3.22346915e-02,-3.99259536e-02,-4.38725500e-02,-4.35884132e-02,-4.16608426e-02,-4.06254357e-02,-4.23642808e-02,-4.51976844e-02,-4.75130482e-02,-5.26911950e-02,-5.75191730e-02,-5.82473793e-02,-5.83473020e-02,-5.82574887e-02,-5.80252278e-02,-5.85113322e-02,-6.01344613e-02,-5.82037143e-02,-5.43852747e-02
1.47017707e-02,1.52542661e-02,1.33596885e-02,1.12696767e-02,9.92790551e-03,7.55541437e-03,6.78497091e-03,5.23811657e-03,3.94378732e-03,1.15091999e-03,-1.82197373e-04,-1.87177344e-03,-2.58620682e-03,-2.57833138e-03,-1.63266968e-03,-3.74986162e-04,-1.83651708e-04,-5.11912385e-04,3.36466960e-04,2.64513693e-03,5.14582013e-03,4.80551104e-03,2.97204136e-03,1.90423809e-03,1.37735545e-03,1.55158013e-03,3.83085338e-04,-1.22361427e-03,-2.51051894e-03,-3.64219175e-03,-4.87282043e-03,-5.79850210e-03,-5.42828917e-03,-5.55270257e-03,-6.64189212e-03,-7.01896913e-03,-7.52057486e-03,-7.17630142e-03,-6.09780990e-03,-4.70989220e-03,-1.76132062e-03,8.94581556e-04,2.73447881e-03,3.76188880e-03,5.11954429e-03,6.39718414e-03,7.38119725e-03,8.92992887e-03,8.40216670e-03,8.29733838e-03,9.01603984e-03,7.54004725e-03,2.77645974e-03,-2.17883728e-03,-2.39724644e-03,-2.15979904e-03,3.35870536e-04,4.99961868e-03,8.19598221e-03,1.20927919e-02,1.38097587e-02,1.42361925e-02,1.34703393e-02,1.41019426e-02
-1.92083607e-02,-1.45839688e-02,-1.03585112e-02,-6.38232613e-03,-1.73218562e-03,1.37965340e-03,1.33352448e-03,6.97795773e-04,2.45562871e-03,4.25782295e-03,5.49359419e-03,6.53456320e-03,7.38648549e-03,5.78789354e-03,3.92467036e-03,1.95346483e-03,4.49943021e-04,1.36176755e-03,2.17221696e-03,1.98606168e-03,3.84427827e-03,5.47481166e-03,7.50431312e-03,1.07832934e-02,1.41938717e-02,1.78096799e-02,2.18942594e-02,2.36971516e-02,2.44128038e-02,2.36741671e-02,2.25025587e-02,2.02057051e-02,1.86954360e-02,1.69665570e-02,1.49391194e-02,1.42320403e-02,1.29585232e-02,1.17711598e-02,1.07316385e-02,7.09732884e-03,4.09867531e-03,1.95019754e-03,-7.92136970e-04,-4.82059191e-03,-9.15252346e-03,-1.06306871e-02,-9.90558546e-03,-7.98792560e-03,-8.78771753e-03,-1.32265208e-02,-1.70740185e-02,-2.02499194e-02,-2.12483931e-02,-2.15947147e-02,-2.13625315e-02,-2.18802499e-02,-2.29487971e-02,-2.36179354e-02,-2.66488214e-02,-2.94360759e-02,-3.15023964e-02,-3.08556023e-02,-2.64049706e-02,-2.35116407e-02
-1.12045894e-02,-1.13161947e-02,-1.03305843e-02,-1.21959507e-02,-1.49252104e-02,-1.74497625e-02,-1.83616480e-02,-2.15408995e-02,-2.28933299e-02,-2.29377887e-02,-2.20365648e-02,-2.19877058e-02,-2.23343771e-02,-2.42381178e-02,-2.27462482e-02,-1.98974723e-02,-1.77987443e-02,-1.61983450e-02,-1.66035682e-02,-1.65805755e-02,-1.70788985e-02,-1.71891114e-02,-1.80335098e-02,-1.77134876e-02,-1.64253947e-02,-1.42822018e-02,-1.18781510e-02,-8.97098609e-03,-8.15726379e-03,-7.15526444e-03,-5.66844192e-03,-2.15891857e-03,8.89998815e-04,2.72909553e-03,5.02862315e-03,6.83265434e-03,7.87629037e-03,5.54021700e-03,2.12500102e-03,3.08813798e-04,-2.24863375e-03,-5.26533633e-03,-7.78459821e-03,-1.10334066e-02,-1.44674123e-02,-1.75761688e-02,-1.88757760e-02,-1.93764418e-02,-2.05238318e-02,-2.10852515e-02,-1.96547512e-02,-1.90213651e-02,-1.81558610e-02,-1.78397704e-02,-1.69833830e-02,-1.50985132e-02,-1.34602629e-02,-1.34919885e-02,-1.23402828e-02,-9.73952798e-03,-8.40400310e-03,-8.57580931e-03,-9.30513694e-03,-1.02154730e-02
1.62023409e-03,1.37363044e-04,-8.99630676e-04,-3.50204628e-03,-5.83717980e-03,-7.25745746e-03,-7.59049183e-03,-7.54494358e-03,-7.73344756e-03,-7.22803251e-03,-5.86191888e-03,-3.35631621e-03,-1.54705115e-03,-3.34452537e-04,3.14231733e-03,7.91413633e-03,1.05842663e-02,1.02482054e-02,1.14897850e-02,1.07196945e-02,9.77484389e-03,9.23570275e-03,9.10011705e-03,9.82879264e-03,1.18361392e-02,1.13597502e-02,9.52394163e-03,7.79732759e-03,5.35373705e-03,2.61518287e-03,2.00930410e-03,3.19247705e-03,5.24292210e-03,6.32031505e-03,6.04453852e-03,7.07268014e-03,9.07841325e-03,1.22427769e-02,1.57696279e-02,1.81322049e-02,1.76083363e-02,1.90833133e-02,2.02108557e-02,2.10402430e-02,2.22469016e-02,2.19040751e-02,2.03030996e-02,1.92594882e-02,1.96827169e-02,2.24697280e-02,2.46391772e-02,2.50643005e-02,2.33386025e-02,2.19240350e-02,1.86461617e-02,1.48350277e-02,1.35596581e-02,1.23571229e-02,1.14264192e-02,9.45135528e-03,7.02180877e-03,5.39751756e-03,4.03035569e-03,2.65616069e-03
2.96215715e-02,3.10077536e-02,3.31646609e-02,3.37787404e-02,3.46114125e-02,3.25213937e-02,2.84277075e-02,2.52129890e-02,2.17676183e-02,1.93226037e-02,1.91393327e-02,1.99542007e-02,2.07972471e-02,2.16796353e-02,2.18112773e-02,2.27258498e-02,2.60170405e-02,3.00459501e-02,3.22799942e-02,3.23475474e-02,3.11436365e-02,2.91085346e-02,2.81690793e-02,2.44973792e-02,2.15351953e-02,1.85558541e-02,1.25878900e-02,6.51525614e-03,1.17086368e-04,-2.95154045e-03,-3.98914862e-03,-6.53116655e-03,-6.86572824e-03,-8.63642572e-03,-9.31283680e-03,-8.52535922e-03,-4.89434895e-03,-5.40926724e-04,2.22708300e-03,4.60854172e-03,8.98022560e-03,1.43004867e-02,1.66807178e-02,1.97393512e-02,1.89460609e-02,1.97509205e-02,2.30404441e-02,2.60113562e-02,2.88963751e-02,3.24296982e-02,3.55059057e-02,3.90804133e-02,4.11899344e-02,4.25707672e-02,4.42350871e-02,4.42529895e-02,4.44501879e-02,4.14385160e-02,3.71897551e-02,3.43087413e-02,3.22334716e-02,3.05401091e-02,2.93757856e-02,2.92044247e-02
2.42506953e-02,2.85354671e-02,3.11433715e-02,3.29556950e-02,3.31876885e-02,3.39536735e-02,3.62032241e-02,3.89654140e-02,4.20035077e-02,4.50955201e-02,4.74829010e-02,5.01902222e-02,5.24145383e-02,5.20147113e-02,5.03855802e-02,4.78558480e-02,4.50162688e-02,4.11633388e-02,3.70789917e-02,3.30394843e-02,2.64096745e-02,1.97827168e-02,1.28010918e-02,4.71680168e-03,-1.53470244e-03,-7.72606164e-03,-1.49611846e-02,-1.95712898e-02,-2.27886248e-02,-2.55092262e-02,-2.66213621e-02,-2.64022033e-02,-2.58558753e-02,-2.51890244e-02,-2.48898401e-02,-2.44235632e-02,-2.21721111e-02,-1.89613972e-02,-1.56454299e-02,-1.23725272e-02,-1.07522785e-02,-9.91719525e-03,-9.51111769e-03,-7.47536316e-03,-5.36875155e-03,-7.02192572e-03,-8.39614932e-03,-7.98899179e-03,-6.91599871e-03,-6.79345998e-03,-7.85637940e-03,-6.46124677e-03,-5.98048880e-03,-7.71112168e-03,-8.22567261e-03,-6.51585424e-03,-3.22444574e-03,6.66103072e-04,3.35581087e-03,5.78723770e-03,9.88377031e-03,1.44468131e-02,1.78611405e-02,2.00318854e-02
3.64330540e-03,1.57917729e-03,4.08209220e-05,-9.81341646e-04,-4.38823963e-03,-5.78866133e-03,-6.74714526e-03,-6.83894773e-03,-8.22652295e-03,-1.08848040e-02,-1.00051713e-02,-5.15515203e-03,-1.21641395e-03,2.37063069e-04,3.44800616e-04,-4.06113174e-04,-1.81810639e-03,-3.10551377e-03,-2.73287915e-03,-1.30476178e-03,1.29952449e-03,2.66324078e-03,2.06697384e-03,3.58730953e-03,6.17816785e-03,7.71763553e-03,8.18625178e-03,8.24430364e-03,9.69563881e-03,1.05219558e-02,1.26574722e-02,1.37103024e-02,1.59106444e-02,1.77932969e-02,2.28437210e-02,2.79514329e-02,2.98150342e-02,2.96928021e-02,2.83479600e-02,2.62532118e-02,2.58752414e-02,2.60039868e-02,2.80722148e-02,3.06484569e-02,3.38944507e-02,3.67681689e-02,3.66753945e-02,3.71051372e-02,3.83635411e-02,3.85561311e-02,3.61008579e-02,3.38081907e-02,3.21395555e-02,3.11812233e-02,3.07108517e-02,3.18489434e-02,3.00133938e-02,2.75924330e-02,2.36596915e-02,1.87693897e-02,1.53555780e-02,1.28789464e-02,9.28575366e-03,5.87729145e-03
2.33249909e-04,2.56949610e-04,7.23403643e-04,1.64427172e-03,3.08552423e-03,1.97736097e-03,1.36834316e-04,-5.57459907e-05,-3.24596370e-04,-9.16972384e-04,-1.47602112e-03,-3.58364980e-03,-5.20575350e-03,-7.71869688e-03,-9.66790428e-03,-1.27775121e-02,-1.92458073e-02,-2.69179043e-02,-3.24320459e-02,-3.37274022e-02,-3.28041501e-02,-3.04721958e-02,-2.94205623e-02,-2.88195950e-02,-2.60274008e-02,-2.16914548e-02,-1.79893574e-02,-1.45531373e-02,-9.75747840e-03,-4.10840855e-03,2.16744008e-03,7.53233247e-03,1.23969189e-02,1.52884506e-02,1.82308793e-02,1.99678115e-02,2.19082056e-02,2.36297487e-02,2.16432341e-02,1.75420060e-02,1.32107859e-02,8.86301411e-03,6.51389733e-03,2.73041676e-03,-1.87935685e-06,-9.92182841e-04,-1.65660354e-04,2.63335927e-03,4.93770990e-03,4.94190069e-03,4.87394195e-03,5.65071347e-03,5.23633828e-03,3.53563022e-03,1.80018535e-03,2.11502895e-03,1.71846259e-03,-2.24853740e-04,-1.26415171e-03,-1.69067917e-03,1.43319864e-04,2.71727690e-03,3.11272873e-03,2.30988989e-03
-2.53206494e-02,-2.41536865e-02,-2.22184427e-02,-2.03264937e-02,-1.89047844e-02,-1.83586528e-02,-1.89985850e-02,-1.83812654e-02,-1.85876907e-02,-2.05213989e-02,-2.24185424e-02,-2.20113968e-02,-2.10316846e-02,-2.05366378e-02,-2.19050131e-02,-2.43554745e-02,-2.62125981e-02,-2.88796888e-02,-2.96593772e-02,-2.83918881e-02,-2.74196056e-02,-2.81852599e-02,-2.76543301e-02,-2.80400704e-02,-2.75892974e-02,-3.10276999e-02,-3.42739395e-02,-3.85668316e-02,-4.17993026e-02,-4.37156063e-02,-4.22066742e-02,-3.98856696e-02,-4.01780645e-02,-4.41346843e-02,-4.83385873e-02,-5.13214543e-02,-5.24899116e-02,-5.14196345e-02,-4.86583278e-02,-4.41552408e-02,-4.10664540e-02,-3.85083144e-02,-3.64004845e-02,-3.36024330e-02,-3.07785997e-02,-2.61107553e-02,-2.12370159e-02,-1.81179942e-02,-1.75123490e-02,-1.82694225e-02,-1.95138243e-02,-1.95197636e-02,-1.88330414e-02,-1.70530142e-02,-1.62220121e-02,-1.71108292e-02,-2.06004329e-02,-2.31385879e-02,-2.57920469e-02,-2.83800908e-02,-3.02849740e-02,-3.15138740e-02,-3.03914026e-02,-2.77879520e-02
1.02523449e-02,1.30054458e-02,1.79619919e-02,2.33728396e-02,2.75432547e-02,2.89247491e-02,3.30376635e-02,3.79069919e-02,4.08895870e-02,4.26596211e-02,4.70783355e-02,4.85024234e-02,4.97900914e-02,5.01781226e-02,4.74897733e-02,4.55027947e-02,4.32327907e-02,4.25379779e-02,4.02054499e-02,3.86845087e-02,3.82643939e-02,3.75032709e-02,3.55434985e-02,3.39200137e-02,2.91878121e-02,2.06238214e-02,1.25317247e-02,6.17014518e-03,3.44549392e-03,-5.95147835e-04,-3.96156427e-03,-9.10757439e-03,-1.17684227e-02,-1.45709322e-02,-2.16397597e-02,-2.95267998e-02,-3.72523265e-02,-4.32872968e-02,-4.77592734e-02,-5.20349578e-02,-5.34176289e-02,-5.49537068e-02,-5.43861641e-02,-5.60224239e-02,-5.68557782e-02,-5.52910580e-02,-5.18941407e-02,-4.73056921e-02,-4.34662189e-02,-3.85848887e-02,-3.45854435e-02,-3.01657397e-02,-2.68615768e-02,-2.42743272e-02,-2.01542758e-02,-1.71894212e-02,-1.55301876e-02,-1.39484759e-02,-1.16865226e-02,-9.43679956e-03,-6.07531790e-03,-7.32066069e-04,4.31142451e-03,8.20716274e-03
-5.56349054e-03,-3.10879493e-03,-4.25266519e-04,-1.30062136e-03,-2.68161667e-03,-2.95192327e-03,-2.69454256e-03,-4.32055962e-03,-4.45401467e-03,-1.91521845e-03,-1.44350904e-04,2.01588451e-04,-2.25882947e-04,-6.78295103e-04,-7.00039146e-04,-1.81103172e-03,-3.19874765e-03,-4.23270994e-03,-4.33693011e-03,-5.91903826e-03,-9.84622702e-03,-1.38505986e-02,-1.67012753e-02,-1.94371596e-02,-2.09566020e-02,-2.20117528e-02,-2.45815810e-02,-2.73971873e-02,-2.86185789e-02,-2.83912413e-02,-2.80681854e-02,-2.83233326e-02,-2.87299873e-02,-2.59436840e-02,-2.16887469e-02,-1.53270743e-02,-9.83406120e-03,-4.76680126e-03,-8.42471023e-04,3.97597287e-03,9.29135715e-03,1.22630124e-02,1.29640504e-02,1.21011552e-02,1.27267030e-02,1.31499149e-02,1.21697291e-02,1.21151141e-02,1.19026466e-02,1.06528684e-02,7.84487093e-03,5.86834868e-03,3.18347912e-03,-1.04694432e-03,-7.94307019e-03,-1.30563106e-02,-1.75885072e-02,-1.98045641e-02,-1.94394143e-02,-1.88037245e-02,-1.70841287e-02,-1.44503031e-02,-1.11564841e-02,-7.95765391e-03
-1.74653087e-02,-1.84607903e-02,-1.75860521e-02,-1.82599708e-02,-1.99114205e-02,-2.01456010e-02,-1.87038370e-02,-1.69053819e-02,-1.47740085e-02,-1.43490814e-02,-1.43169332e-02,-1.27983863e-02,-9.56712927e-03,-6.11285714e-03,-4.14036399e-03,-2.40530924e-03,1.43283266e-03,3.53592292e-03,8.28676029e-03,1.16152109e-02,1.44579668e-02,1.61933354e-02,1.44856804e-02,1.29652068e-02,1.00572137e-02,6.81709525e-03,4.39927677e-03,1.69586737e-03,3.77915389e-04,8.88222212e-04,3.02444229e-03,5.38342569e-03,7.21726829e-03,7.44895335e-03,7.14564583e-03,9.66811356e-03,1.18294877e-02,1.48739308e-02,1.74647851e-02,1.87878797e-02,2.11536215e-02,2.23771344e-02,2.16179218e-02,2.11479309e-02,1.89994870e-02,1.58821516e-02,1.22364846e-02,8.93915128e-03,5.65377938e-03,1.59805791e-03,-6.29758269e-04,-1.93310959e-03,-2.70262748e-03,-3.86817405e-04,3.38126708e-03,6.95344257e-03,7.67713333e-03,4.68008728e-03,3.30476251e-04,-4.72981130e-03,-9.68472651e-03,-1.41518700e-02,-1.52862213e-02,-1.54797496e-02
-1.72780108e-02,-1.45252797e-02,-1.35601894e-02,-1.35460214e-02,-1.43365774e-02,-1.66799017e-02,-1.87036742e-02,-1.95825093e-02,-2.18239253e-02,-2.36986569e-02,-2.18232252e-02,-2.13743413e-02,-2.12810577e-02,-2.01104348e-02,-1.75768244e-02,-1.41772014e-02,-1.22229921e-02,-9.50394408e-03,-7.48264963e-03,-6.38559185e-03,-2.79577896e-03,4.33736236e-03,1.16145904e-02,1.67465348e-02,2.17993727e-02,2.64918576e-02,2.97604199e-02,3.22129450e-02,2.97808930e-02,2.83549463e-02,2.52673388e-02,2.42003423e-02,2.11682900e-02,1.70043041e-02,1.22321288e-02,7.24370940e-03,1.33478595e-03,-2.77623871e-03,-6.10699415e-03,-8.03490181e-03,-7.76015676e-03,-7.86009937e-03,-8.18246422e-03,-8.74266317e-03,-8.05618253e-03,-9.14277540e-03,-1.15797454e-02,-1.30428020e-02,-1.47980145e-02,-1.86010933e-02,-2.16592085e-02,-2.32443215e-02,-2.41391572e-02,-2.45061129e-02,-2.46861298e-02,-2.57644435e-02,-2.69236161e-02,-2.81338748e-02,-2.83673096e-02,-2.78095763e-02,-2.70667848e-02,-2.45002199e-02,-2.14340646e-02,-1.94095326e-02
-3.07126743e-02,-2.97918944e-02,-2.85185974e-02,-2.69272841e-02,-2.52300251e-02,-2.35677560e-02,-2.05843910e-02,-1.67518636e-02,-1.64275063e-02,-1.75092046e-02,-1.80262663e-02,-1.69197862e-02,-1.53368840e-02,-1.38863979e-02,-1.50073970e-02,-1.59540310e-02,-1.66513618e-02,-1.70386296e-02,-1.82781627e-02,-2.03337772e-02,-2.12853069e-02,-1.99348580e-02,-1.89319180e-02,-1.90040341e-02,-1.88606021e-02,-1.94228707e-02,-2.13434442e-02,-2.18079568e-02,-2.41677288e-02,-2.46906897e-02,-2.69567701e-02,-3.01328673e-02,-3.46229479e-02,-3.63981934e-02,-3.77837753e-02,-3.97061424e-02,-4.20360420e-02,-4.67130311e-02,-4.87753588e-02,-4.90982843e-02,-4.94118614e-02,-4.86088599e-02,-4.75896264e-02,-4.59308036e-02,-4.36571854e-02,-4.17550908e-02,-3.80211638e-02,-3.37175359e-02,-3.09316209e-02,-2.82891767e-02,-2.64214296e-02,-2.63439999e-02,-2.65482499e-02,-2.74302221e-02,-2.75657074e-02,-2.73482461e-02,-2.83099802e-02,-2.99726949e-02,-3.07083667e-02,-3.04618410e-02,-3.02945479e-02,-2.91177518e-02,-2.86933930e-02,-3.03783692e-02
-4.33367886e-02,-4.59424586e-02,-4.80423799e-02,-4.93967395e-02,-5.18467009e-02,-5.44371191e-02,-5.54174400e-02,-5.61196891e-02,-5.77787248e-02,-5.76233469e-02,-5.58639611e-02,-5.34364859e-02,-5.15149632e-02,-5.13126467e-02,-5.09668133e-02,-5.13910666e-02,-4.89924316e-02,-4.57114823e-02,-4.15936527e-02,-3.73347206e-02,-3.33584798e-02,-3.08716498e-02,-3.11483812e-02,-3.04054642e-02,-2.87676944e-02,-3.12696114e-02,-3.35505967e-02,-3.40455374e-02,-3.40415439e-02,-3.22699325e-02,-2.91748991e-02,-2.21068403e-02,-1.67704506e-02,-1.42699510e-02,-1.34558194e-02,-1.23688878e-02,-1.19276703e-02,-1.26984930e-02,-1.40486375e-02,-1.66028887e-02,-2.07895907e-02,-2.30004173e-02,-2.45133017e-02,-2.74581041e-02,-2.69237581e-02,-2.21010682e-02,-1.55836492e-02,-1.19197072e-02,-8.81500380e-03,-8.43232283e-03,-8.51376165e-03,-7.40053274e-03,-8.41450631e-03,-1.18316081e-02,-1.73935942e-02,-2.36115006e-02,-2.87372493e-02,-3.04079521e-02,-3.08025511e-02,-3.05720689e-02,-3.11259732e-02,-3.28215744e-02,-3.73624919e-02,-3.98990487e-02
-2.14925680e-02,-2.03986233e-02,-2.02274745e-02,-2.02178015e-02,-2.15263768e-02,-2.26993746e-02,-2.39476383e-02,-2.44125833e-02,-2.33623421e-02,-1.91110386e-02,-1.32991940e-02,-9.66139371e-03,-6.37397312e-03,-3.78969219e-03,-3.78270324e-04,2.68413495e-03,5.97297490e-03,7.95559549e-03,6.29932599e-03,3.73009478e-03,3.84602344e-03,4.53948556e-03,6.08666600e-03,6.74590752e-03,7.37050652e-03,8.58217326e-03,9.07719359e-03,6.53480058e-03,2.19634980e-03,1.73353900e-04,-2.45193705e-03,-7.69034020e-03,-1.11734946e-02,-1.31130357e-02,-1.56716942e-02,-1.69276371e-02,-1.76754543e-02,-1.88260456e-02,-2.02754787e-02,-2.25261405e-02,-2.52559128e-02,-2.54224093e-02,-2.65155546e-02,-2.69351579e-02,-2.60930144e-02,-2.42764019e-02,-2.37375296e-02,-2.30148738e-02,-2.12374258e-02,-2.03710727e-02,-2.11099255e-02,-2.27993663e-02,-2.22845110e-02,-2.18900129e-02,-2.17345094e-02,-2.36932409e-02,-2.53640798e-02,-2.66658044e-02,-2.62399702e-02,-2.52792251e-02,-2.51685170e-02,-2.65118953e-02,-2.65600578e-02,-2.38231058e-02
1.54727268e-02,1.54619588e-02,1.56221318e-02,1.75842171e-02,2.09114899e-02,2.40073651e-02,2.40247472e-02,2.34339973e-02,2.25160012e-02,2.15827975e-02,2.18062010e-02,2.07957484e-02,2.15647127e-02,2.21304837e-02,2.18118546e-02,2.25680967e-02,2.39706156e-02,2.62574658e-02,3.00230166e-02,3.21532119e-02,3.28691714e-02,3.21866510e-02,3.25177449e-02,3.33507543e-02,3.38173779e-02,3.48398306e-02,3.57584398e-02,3.40066606e-02,2.95999243e-02,2.22597160e-02,1.60733094e-02,9.10679943e-03,5.04948289e-03,1.75687591e-03,-3.64058842e-03,-1.08392513e-02,-1.64029267e-02,-2.10547179e-02,-2.32554600e-02,-2.46791058e-02,-2.65979585e-02,-2.89502920e-02,-3.24745065e-02,-3.52056335e-02,-3.49757183e-02,-3.45875923e-02,-3.56177217e-02,-3.74643761e-02,-3.60605485e-02,-3.16801701e-02,-2.75656488e-02,-2.25213411e-02,-1.66075921e-02,-9.40440068e-03,-1.25796392e-03,6.52758898e-03,1.34649151e-02,1.65144095e-02,1.69780840e-02,1.93168904e-02,2.11073678e-02,2.11109754e-02,1.93930732e-02,1.78560449e-02
4.29817050e-02,3.98487290e-02,3.86224417e-02,3.75711231e-02,3.95062925e-02,4.24951674e-02,4.57561629e-02,4.81108703e-02,4.88834954e-02,4.89058100e-02,4.66985776e-02,4.62818788e-02,4.54246280e-02,4.25760832e-02,3.91841136e-02,3.40347362e-02,3.00045422e-02,2.56974994e-02,1.99604591e-02,1.40046428e-02,7.81328823e-03,2.40813353e-03,-3.04992512e-03,-6.37817904e-03,-7.26642602e-03,-7.65626872e-03,-6.79166173e-03,-4.27317362e-03,-1.59389198e-03,3.55197122e-03,6.70588051e-03,8.90773966e-03,1.13827790e-02,1.26274313e-02,1.23273315e-02,1.06648893e-02,9.88312447e-03,9.54877257e-03,7.77782266e-03,6.38631890e-03,4.60492386e-03,3.55631679e-03,2.77618798e-03,4.17365029e-03,6.93234107e-03,9.04094985e-03,8.62212535e-03,8.07661729e-03,9.89308674e-03,1.23863460e-02,1.59582588e-02,1.92057105e-02,2.32802947e-02,2.85010829e-02,3.49639127e-02,3.98944882e-02,4.30513787e-02,4.57675372e-02,4.92903806e-02,5.16603553e-02,5.25041236e-02,5.31754318e-02,4.91704401e-02,4.59170319e-02
-2.88158932e-02,-3.07553995e-02,-3.46155495e-02,-3.87148885e-02,-4.05941881e-02,-3.91736335e-02,-3.93892122e-02,-3.71556086e-02,-3.51520289e-02,-3.45682421e-02,-3.53981309e-02,-3.73882150e-02,-3.95992698e-02,-3.99266312e-02,-3.90429423e-02,-3.77141907e-02,-3.55374900e-02,-3.24015077e-02,-3.08191170e-02,-2.75554050e-02,-2.41278786e-02,-2.39882587e-02,-2.42657648e-02,-2.26914481e-02,-2.03379841e-02,-1.83802479e-02,-1.76557036e-02,-1.65283249e-02,-1.51158820e-02,-1.32816852e-02,-1.20793940e-02,-8.98686034e-03,-7.00571834e-03,-5.99591995e-03,-5.47580403e-03,-6.06756220e-03,-7.61827752e-03,-8.71633231e-03,-1.09830193e-02,-1.29112770e-02,-1.35023635e-02,-1.36429308e-02,-1.23515912e-02,-1.00583025e-02,-1.04819571e-02,-1.28148383e-02,-1.57026216e-02,-1.85758182e-02,-2.09593245e-02,-2.17797580e-02,-2.23346375e-02,-2.44302421e-02,-2.59486945e-02,-2.70983233e-02,-2.85286768e-02,-3.02625241e-02,-3.31771010e-02,-3.38195329e-02,-3.20030010e-02,-2.98301463e-02,-2.89180904e-02,-2.87530308e-02,-2.98446099e-02,-2.92141770e-02
-1.86847402e-02,-1.47054951e-02,-1.25462007e-02,-1.03128401e-02,-8.72912911e-03,-9.07774663e-03,-1.01224597e-02,-1.03857734e-02,-9.82571861e-03,-1.22042592e-02,-1.34808868e-02,-1.44434397e-02,-1.49365216e-02,-1.49432017e-02,-1.48246311e-02,-1.51605606e-02,-1.60570109e-02,-1.60415020e-02,-1.63533674e-02,-1.67875686e-02,-1.75739670e-02,-2.01487732e-02,-2.09066814e-02,-1.99198747e-02,-1.97237407e-02,-2.02261719e-02,-2.18833769e-02,-2.43385869e-02,-2.51517042e-02,-2.50032635e-02,-2.23690416e-02,-1.79819827e-02,-1.55815027e-02,-1.12770337e-02,-4.74350182e-03,1.36476088e-03,6.10015413e-03,9.11140479e-03,1.22155918e-02,1.49844691e-02,1.57295858e-02,1.60077119e-02,1.51931734e-02,1.35786512e-02,1.11366437e-02,8.50024628e-03,5.66918334e-03,3.29810543e-03,-3.20392288e-04,-4.52126353e-03,-9.00491752e-03,-1.37108933e-02,-1.98454567e-02,-2.78963031e-02,-3.45161643e-02,-3.97498545e-02,-4.29292615e-02,-4.21538496e-02,-3.94261822e-02,-3.61591195e-02,-3.24138054e-02,-2.87472176e-02,-2.54491598e-02,-2.29467733e-02
4.77480248e-02,4.89460638e-02,4.90637890e-02,4.77420177e-02,4.53367860e-02,4.55916838e-02,4.67433691e-02,4.72777866e-02,4.75701573e-02,4.95438478e-02,4.95433080e-02,4.87217123e-02,4.65578690e-02,4.80494326e-02,4.92808584e-02,5.03476414e-02,4.93729199e-02,4.65435743e-02,4.34178376e-02,3.96351189e-02,3.54503564e-02,3.34567410e-02,3.08071593e-02,2.75874011e-02,2.31041552e-02,1.92207124e-02,1.73989731e-02,1.47538513e-02,1.34794154e-02,1.27147915e-02,1.17128897e-02,1.07589553e-02,1.04518251e-02,1.08920343e-02,9.74564183e-03,6.26154546e-03,4.79429631e-03,3.30463179e-03,2.32093448e-03,3.76455844e-03,5.13589105e-03,6.19076910e-03,7.13429096e-03,5.00499865e-03,4.60026621e-04,-2.09582250e-03,-3.66325625e-03,-3.94053670e-03,-3.34309930e-03,4.19999804e-04,4.99929579e-03,1.04603953e-02,1.71696346e-02,2.40000959e-02,2.91764286e-02,3.44190710e-02,3.81955020e-02,3.97376868e-02,4.34988494e-02,4.60691884e-02,4.71448033e-02,4.90786397e-02,4.94271667e-02,4.80564769e-02
7.63812673e-03,8.52876369e-03,9.43341714e-03,9.69108485e-03,1.19827944e-02,1.36930295e-02,1.55441738e-02,1.74897149e-02,1.76639124e-02,1.88895948e-02,2.02958854e-02,2.21450287e-02,2.59789301e-02,2.88466545e-02,3.21284547e-02,3.41096627e-02,3.61494319e-02,3.76344921e-02,3.98235453e-02,4.24507156e-02,4.28450679e-02,4.22261303e-02,4.13013151e-02,4.10105094e-02,3.95286621e-02,3.95353872e-02,3.81453476e-02,3.74271944e-02,3.61869650e-02,3.31654336e-02,3.01234760e-02,3.02785042e-02,2.98924377e-02,3.06111296e-02,3.09837848e-02,3.31353341e-02,3.45625089e-02,3.47327295e-02,3.53891844e-02,3.67979987e-02,3.65266252e-02,3.51033814e-02,2.95310540e-02,2.30427016e-02,2.06337898e-02,1.81501359e-02,1.69521454e-02,1.74877476e-02,1.83549525e-02,1.94520536e-02,1.99600054e-02,2.10410776e-02,2.07481968e-02,1.96235797e-02,1.87218528e-02,1.68227225e-02,1.66547715e-02,1.69548042e-02,1.53185212e-02,1.40276142e-02,1.14857855e-02,8.65140431e-03,6.53605502e-03,6.39788120e-03
1.45451222e-03,-3.50086554e-03,-9.95458491e-03,-1.47762429e-02,-1.93488678e-02,-2.18710607e-02,-2.34845675e-02,-2.62348309e-02,-3.06972459e-02,-3.46177619e-02,-3.54460063e-02,-3.37619154e-02,-2.97366419e-02,-2.45392464e-02,-1.75954383e-02,-9.51210856e-03,-4.42175697e-03,-1.62691540e-03,3.09939172e-03,6.69713001e-03,9.97192304e-03,1.21244565e-02,1.25377030e-02,1.18237179e-02,1.16289344e-02,1.30323185e-02,1.73795119e-02,2.04546215e-02,2.05780782e-02,1.78758834e-02,1.67019107e-02,1.64150900e-02,1.59505363e-02,1.49983588e-02,1.61366181e-02,2.09953669e-02,2.58026292e-02,3.07728758e-02,3.48739874e-02,3.86009064e-02,3.99316611e-02,4.01933960e-02,3.99055759e-02,4.03940929e-02,3.91300899e-02,3.83509994e-02,3.73077857e-02,3.64580413e-02,3.64696511e-02,3.55585841e-02,3.45778204e-02,3.28369057e-02,3.12316908e-02,3.07551886e-02,2.90336391e-02,2.91314455e-02,2.86501324e-02,2.79072343e-02,2.50089903e-02,2.21666259e-02,1.88123550e-02,1.43073416e-02,9.60374945e-03,4.92983164e-03
-6.23789624e-03,-3.79380859e-03,-1.17623678e-03,6.59112048e-04,1.02017121e-03,3.55195204e-04,6.83156756e-04,1.79336860e-04,4.89201197e-04,7.69280331e-04,2.40196856e-03,3.70091047e-03,5.13813515e-03,5.51142893e-03,5.33039907e-03,6.49963427e-03,6.68433481e-03,7.06710366e-03,6.45767647e-03,3.57419507e-03,-4.84610876e-04,-4.77619185e-03,-1.06963159e-02,-1.58645816e-02,-2.14967867e-02,-2.74994150e-02,-3.16847626e-02,-3.49949502e-02,-3.89171684e-02,-4.15882591e-02,-4.51956598e-02,-4.75819171e-02,-4.84895141e-02,-4.74774053e-02,-4.58191697e-02,-4.34267645e-02,-4.21177365e-02,-4.10963303e-02,-4.02073801e-02,-3.87480110e-02,-3.41001361e-02,-2.77357808e-02,-2.34124530e-02,-1.95765220e-02,-1.60638581e-02,-1.20853741e-02,-7.08975353e-03,-3.70045232e-03,-3.69351469e-03,-3.25883706e-03,-3.35588205e-03,-4.40092505e-03,-3.45824931e-03,-8.21132645e-04,9.54986876e-04,-1.55412825e-03,-4.72340013e-03,-8.77916916e-03,-1.13268436e-02,-1.25308087e-02,-1.23435258e-02,-1.30592030e-02,-1.27305370e-02,-8.69213110e-03
-3.62548726e-02,-3.43036613e-02,-3.18262570e-02,-3.12729396e-02,-3.10138228e-02,-2.91228098e-02,-2.86453826e-02,-2.69074022e-02,-2.65103761e-02,-2.48892858e-02,-2.27516754e-02,-1.99843877e-02,-1.90033591e-02,-1.88699761e-02,-1.87398380e-02,-1.74939225e-02,-1.57939793e-02,-1.46077958e-02,-1.46887352e-02,-1.55014613e-02,-1.50168866e-02,-1.24020733e-02,-1.24071842e-02,-1.28050652e-02,-1.22261407e-02,-1.34629405e-02,-1.48443170e-02,-1.52546763e-02,-1.78274021e-02,-2.28520524e-02,-2.76724857e-02,-3.22906037e-02,-3.68546252e-02,-3.88560195e-02,-3.98843279e-02,-4.11064882e-02,-4.22975853e-02,-4.22953071e-02,-4.32931341e-02,-4.42373505e-02,-4.58467503e-02,-4.64605183e-02,-4.51868437e-02,-4.21358753e-02,-4.01065906e-02,-3.94714247e-02,-4.03264359e-02,-4.19425800e-02,-4.30161321e-02,-4.33567293e-02,-4.15920947e-02,-3.84550390e-02,-3.49675095e-02,-3.25273938e-02,-3.24936692e-02,-3.42539198e-02,-3.58139055e-02,-3.64462749e-02,-3.55025699e-02,-3.31793078e-02,-3.22149415e-02,-3.42511261e-02,-3.66338583e-02,-3.72475589e-02
2.24051050e-02,2.20436426e-02,2.06208789e-02,2.16262225e-02,2.58658615e-02,3.00034604e-02,3.36674836e-02,3.55516498e-02,3.94080146e-02,4.38301472e-02,4.64832505e-02,4.61916013e-02,4.47416602e-02,4.17579572e-02,3.84933149e-02,3.57085594e-02,3.31651571e-02,3.07526984e-02,2.77515730e-02,2.54015036e-02,2.36080105e-02,2.23930078e-02,2.21052112e-02,2.37151261e-02,2.60377647e-02,2.77290403e-02,2.82738144e-02,2.66028265e-02,2.60762652e-02,2.42257387e-02,2.41482961e-02,2.48126162e-02,2.42882302e-02,2.38447281e-02,2.47430766e-02,2.41986342e-02,2.43747368e-02,2.52132664e-02,2.81774257e-02,3.01288048e-02,3.19944992e-02,3.42392776e-02,3.43989186e-02,3.26201881e-02,3.09296181e-02,3.15185026e-02,3.33275555e-02,3.68542986e-02,4.11148738e-02,4.39146727e-02,4.49062612e-02,4.61538733e-02,4.87470101e-02,4.83586841e-02,4.65081790e-02,4.42191362e-02,3.98002008e-02,3.58511625e-02,3.18201389e-02,3.05632141e-02,2.92774958e-02,2.53931860e-02,2.30441850e-02,2.21364578e-02
-4.83086393e-02,-4.74524551e-02,-4.64600285e-02,-4.84255196e-02,-4.90467541e-02,-4.69006582e-02,-4.40628152e-02,-4.15940227e-02,-3.81682409e-02,-3.32030817e-02,-2.67528924e-02,-2.15318162e-02,-1.68630109e-02,-1.18174493e-02,-7.46667915e-03,-5.68800189e-03,-4.20835573e-03,-4.76979205e-03,-4.84609959e-03,-3.56724909e-03,-3.73729714e-03,-6.74307233e-03,-1.08297546e-02,-1.58176497e-02,-2.06296506e-02,-2.58722006e-02,-2.74909310e-02,-2.79467333e-02,-2.68762650e-02,-2.52721410e-02,-2.25904747e-02,-1.85228754e-02,-1.45750173e-02,-1.15717848e-02,-9.10920104e-03,-5.55315079e-03,-3.33504232e-03,-3.33134112e-03,-6.16382839e-03,-1.04410552e-02,-1.31840255e-02,-1.38973120e-02,-1.32183369e-02,-1.11931444e-02,-8.98710714e-03,-9.79987162e-03,-1.29237520e-02,-1.54202621e-02,-1.79720832e-02,-2.04322604e-02,-2.27960275e-02,-2.37022787e-02,-2.58009091e-02,-2.67355971e-02,-2.80452282e-02,-3.01688717e-02,-3.20266442e-02,-3.51688106e-02,-3.84832011e-02,-4.13051519e-02,-4.44960019e-02,-4.78530351e-02,-4.82082687e-02,-4.83880053e-02
3.81600660e-02,3.46428717e-02,3.12166061e-02,2.71311155e-02,2.17571889e-02,1.57834087e-02,1.17971809e-02,8.51257866e-03,8.17077807e-03,8.80962116e-03,7.71384819e-03,7.32826378e-03,6.64989936e-03,5.93121760e-03,6.62644233e-03,7.58675211e-03,9.12782103e-03,1.00109303e-02,9.45892832e-03,8.70179858e-03,7.50127840e-03,6.01215386e-03,5.13828704e-03,4.30759118e-03,5.13909164e-03,6.57650330e-03,6.73696195e-03,7.37781998e-03,7.53293724e-03,1.01828157e-02,1.37434303e-02,1.66211889e-02,1.92836331e-02,2.12119117e-02,2.15832700e-02,1.88491790e-02,1.37953539e-02,1.02306802e-02,8.44654941e-03,5.86151863e-03,2.41829667e-03,5.45025912e-04,1.63748403e-03,2.48207718e-03,2.34983014e-03,2.38197054e-03,3.34961812e-03,7.26728262e-03,1.37805962e-02,1.73529637e-02,1.86135138e-02,2.20420591e-02,2.65023609e-02,2.97430444e-02,3.26017679e-02,3.41504742e-02,3.65570346e-02,3.95398121e-02,4.07130264e-02,4.15499862e-02,4.16877459e-02,4.08505069e-02,4.10701042e-02,4.00135347e-02
-2.29858157e-02,-1.77808212e-02,-1.14910731e-02,-8.14059968e-03,-7.62734372e-03,-9.36132686e-03,-1.15184160e-02,-1.34942298e-02,-1.53184249e-02,-1.87500898e-02,-2.02442983e-02,-2.22652911e-02,-2.47187089e-02,-2.59056711e-02,-2.67850524e-02,-2.66733241e-02,-2.43175408e-02,-2.21488180e-02,-1.80971756e-02,-1.37195635e-02,-1.00240615e-02,-6.65009767e-03,-3.95857911e-03,-4.80825694e-04,3.77929808e-03,7.48630189e-03,8.67194144e-03,8.76706842e-03,8.36933625e-03,6.98727874e-03,4.65905303e-03,1.57773766e-03,-2.82113581e-03,-8.65409509e-03,-1.29257815e-02,-1.83244289e-02,-2.32547996e-02,-2.68767758e-02,-2.89613199e-02,-3.10879734e-02,-3.26331679e-02,-3.36762063e-02,-3.45306926e-02,-3.53752253e-02,-3.62397723e-02,-3.76584152e-02,-3.89762605e-02,-4.00828581e-02,-4.28065339e-02,-4.49084581e-02,-4.56535124e-02,-4.18190291e-02,-3.68128843e-02,-3.13856732e-02,-2.73253012e-02,-2.57844500e-02,-2.37306012e-02,-2.08660087e-02,-1.93310488e-02,-1.76642296e-02,-1.89198393e-02,-2.21416411e-02,-2.47485526e-02,-2.51252692e-02
3.18654991e-02,3.10182146e-02,3.06994987e-02,3.17080036e-02,3.19922062e-02,3.00546005e-02,2.90600250e-02,2.85965894e-02,2.96997656e-02,3.21580018e-02,3.75236237e-02,4.28269876e-02,4.57444503e-02,5.07868196e-02,5.43817578e-02,5.71362170e-02,5.94140984e-02,6.09435977e-02,6.43424848e-02,6.82736137e-02,7.00173471e-02,6.84951485e-02,6.52384129e-02,6.23415567e-02,5.85717225e-02,5.49846810e-02,5.07868803e-02,4.70906565e-02,4.60061602e-02,4.44266880e-02,4.16017529e-02,3.87662350e-02,3.97160307e-02,3.93668005e-02,3.78347707e-02,3.68786214e-02,3.70353630e-02,3.76640780e-02,3.98236354e-02,4.14901725e-02,4.18678345e-02,4.43456265e-02,4.76480160e-02,5.03908309e-02,5.37121100e-02,5.71610820e-02,6.13000474e-02,6.51675318e-02,6.75384424e-02,6.66689440e-02,6.49593144e-02,6.28884288e-02,6.14745409e-02,5.81362015e-02,5.42936244e-02,4.94356855e-02,4.30567529e-02,3.85352255e-02,3.72450644e-02,3.82844546e-02,3.93553684e-02,3.81097434e-02,3.57163126e-02,3.29185268e-02
2.98245536e-02,2.69639731e-02,2.35632639e-02,2.02927103e-02,1.74566635e-02,1.44810187e-02,1.22117922e-02,1.02358528e-02,8.78055394e-03,6.21310694e-03,1.54424027e-03,-3.52733843e-03,-9.61382190e-03,-1.30829784e-02,-1.65575075e-02,-1.79821567e-02,-2.06632188e-02,-2.20756625e-02,-2.19002255e-02,-2.16138264e-02,-2.42106185e-02,-2.60675413e-02,-2.53357445e-02,-2.29696615e-02,-1.87163035e-02,-1.47065014e-02,-1.17674626e-02,-1.10520087e-02,-1.31638185e-02,-1.53725967e-02,-1.57421037e-02,-1.68974396e-02,-1.71105726e-02,-1.79154989e-02,-1.70476759e-02,-1.43245528e-02,-1.15495325e-02,-7.83807189e-03,-3.64751098e-03,9.96775370e-04,7.44807598e-03,1.36846439e-02,1.76580082e-02,2.13299058e-02,2.54841099e-02,3.03337101e-02,3.64993092e-02,4.19024819e-02,4.43978133e-02,4.67801645e-02,4.77096021e-02,4.75050506e-02,4.67258206e-02,4.69140311e-02,4.82513319e-02,4.89203648e-02,4.66223374e-02,4.34248664e-02,4.09389259e-02,3.98959046e-02,3.75317599e-02,3.57458544e-02,3.44899010e-02,3.25416914e-02
-2.10328637e-02,-2.31970711e-02,-2.39751402e-02,-2.39230944e-02,-2.21401957e-02,-2.05353242e-02,-1.99243463e-02,-1.71447086e-02,-1.26112835e-02,-7.38564134e-03,-2.78135562e-03,2.63933662e-03,7.92396657e-03,9.76728273e-03,8.64712044e-03,7.62009984e-03,8.14622893e-03,6.65125114e-03,3.72826158e-03,-2.43625539e-04,-5.73129985e-03,-1.03564288e-02,-1.34636714e-02,-1.14411279e-02,-7.71912768e-03,-4.33347194e-03,-1.43461552e-03,3.04472796e-03,8.24863423e-03,1.34623937e-02,1.82618345e-02,2.21661230e-02,2.50015802e-02,2.41148488e-02,2.17292640e-02,1.95564369e-02,1.89214504e-02,1.99660249e-02,1.98334491e-02,1.81718837e-02,1.47162695e-02,1.16778558e-02,9.79426912e-03,6.57193125e-03,4.59857565e-03,2.60207343e-03,-1.74536689e-03,-5.81375933e-03,-9.10073201e-03,-9.70926776e-03,-9.99863113e-03,-9.26625847e-03,-9.36856912e-03,-9.36590824e-03,-9.65818079e-03,-8.97637457e-03,-8.43710636e-03,-9.70536482e-03,-1.14982952e-02,-1.37148745e-02,-1.47430626e-02,-1.71871888e-02,-1.92893858e-02,-1.99335910e-02
1.09652199e-03,4.77496683e-04,3.08317383e-04,3.77267669e-04,4.71186597e-04,-1.41036420e-03,-2.17431699e-03,-3.09287136e-03,-3.72783254e-03,-5.33657751e-03,-7.29477304e-03,-6.74418950e-03,-5.45345081e-03,-4.80642197e-03,-3.70948120e-03,-2.58683231e-03,-2.97738142e-03,-5.92219832e-03,-6.52016995e-03,-5.66183864e-03,-2.74408670e-03,1.17784229e-03,2.82067073e-03,4.33252202e-03,2.41123764e-03,-1.48586878e-04,-1.07100914e-03,1.28144282e-04,3.28936215e-03,6.68814278e-03,7.31813390e-03,8.87641916e-03,9.19506035e-03,1.05383568e-02,1.12754487e-02,1.32523590e-02,1.56122237e-02,1.84348023e-02,2.17035164e-02,2.44641552e-02,2.71944965e-02,2.95639533e-02,3.25305125e-02,3.42087219e-02,3.43371737e-02,3.37922406e-02,3.22131454e-02,2.88744649e-02,2.66279564e-02,2.55391484e-02,2.43746203e-02,2.46938364e-02,2.32432328e-02,2.03063994e-02,1.69692226e-02,1.30554371e-02,9.72069186e-03,4.51205841e-03,1.17451905e-03,3.68490554e-04,-1.31022400e-05,-2.75515547e-04,-7.43824600e-04,1.27885594e-03
1.11803725e-03,-3.25657235e-04,-8.83804176e-04,-2.69997609e-04,1.94721389e-03,4.25584074e-03,6.27354813e-03,9.08851999e-03,1.07331106e-02,1.44904535e-02,1.79004542e-02,2.10659753e-02,2.45656787e-02,2.73458362e-02,2.89985063e-02,3.40961302e-02,3.91313108e-02,4.12136655e-02,4.17990992e-02,4.27839603e-02,4.37453802e-02,4.56193060e-02,4.63314135e-02,4.21102902e-02,3.61487331e-02,3.17283343e-02,2.87053657e-02,2.93223811e-02,3.06482993e-02,2.89403842e-02,2.70157821e-02,2.39255500e-02,2.22364959e-02,1.88391792e-02,1.55377437e-02,1.20940814e-02,1.13767992e-02,1.00286910e-02,6.23289278e-03,4.95309023e-03,5.96688807e-03,5.84844777e-03,5.72924914e-03,5.54911244e-03,6.68722930e-03,1.04705702e-02,1.42391043e-02,1.85775296e-02,2.29272372e-02,2.44315838e-02,2.57949255e-02,2.65695220e-02,2.57932880e-02,2.45325063e-02,2.25437169e-02,2.12967880e-02,1.91899327e-02,1.62244821e-02,1.53888884e-02,1.55114240e-02,1.31823594e-02,1.06565020e-02,7.39334738e-03,4.15630677e-03
1.08207273e-02,1.53508567e-02,1.95792125e-02,2.07277746e-02,2.06543995e-02,2.16901231e-02,2.20492738e-02,1.82709491e-02,1.47298706e-02,1.16065653e-02,8.07836081e-03,2.87587173e-03,-2.97342626e-03,-8.72885934e-03,-1.52064689e-02,-2.20668023e-02,-2.53743155e-02,-2.87823695e-02,-3.18681107e-02,-3.57811661e-02,-3.82531327e-02,-3.88794679e-02,-3.94210505e-02,-3.96625160e-02,-4.08548678e-02,-4.18140164e-02,-4.05948964e-02,-3.82066727e-02,-3.56260537e-02,-3.33742881e-02,-2.96993215e-02,-2.60027358e-02,-2.07677936e-02,-1.53107301e-02,-1.27990265e-02,-1.20475790e-02,-1.14361358e-02,-1.21360741e-02,-1.37459926e-02,-1.44389010e-02,-1.48075603e-02,-1.57893617e-02,-1.69534181e-02,-1.79166666e-02,-1.75804871e-02,-1.56126224e-02,-1.51674735e-02,-1.47768152e-02,-1.38127578e-02,-1.19327584e-02,-9.47813000e-03,-7.48297809e-03,-5.31923393e-03,-5.56982665e-03,-7.54439075e-03,-9.82701810e-03,-1.05134186e-02,-1.05092735e-02,-9.37935659e-03,-6.94130742e-03,-3.19386635e-03,7.35971854e-04,4.20846750e-03,7.78480653e-03
-2.53075325e-02,-2.29954886e-02,-2.12143294e-02,-2.10889005e-02,-1.99953754e-02,-1.59562806e-02,-1.21092611e-02,-8.50342690e-03,-6.90787198e-03,-6.40239324e-03,-6.99402408e-03,-9.13171589e-03,-1.14295661e-02,-1.50354741e-02,-1.88354653e-02,-1.96737389e-02,-2.10763453e-02,-2.18468195e-02,-2.39285775e-02,-2.61470032e-02,-2.88845566e-02,-3.03022836e-02,-3.22272891e-02,-3.31046872e-02,-3.45582911e-02,-3.68461997e-02,-3.76882387e-02,-3.77329045e-02,-3.73563585e-02,-3.45606258e-02,-3.26327777e-02,-3.13229586e-02,-2.99289192e-02,-2.90122797e-02,-2.73345107e-02,-2.54740624e-02,-2.51627010e-02,-2.56272548e-02,-2.66778577e-02,-2.86690619e-02,-3.05774460e-02,-3.12640017e-02,-3.24543838e-02,-3.18528805e-02,-3.14523698e-02,-3.01028185e-02,-2.81284500e-02,-2.75831604e-02,-2.47128137e-02,-2.14737717e-02,-1.96463281e-02,-1.82653805e-02,-1.70369970e-02,-1.78458271e-02,-1.89114468e-02,-1.99215280e-02,-1.96724288e-02,-1.99672593e-02,-2.13754642e-02,-2.39748088e-02,-2.55441838e-02,-2.65084186e-02,-2.86101066e-02,-2.86841492e-02
4.63641900e-02,4.68893832e-02,4.89021404e-02,5.14270432e-02,5.37369280e-02,5.52238349e-02,5.59961837e-02,5.70073269e-02,5.92060749e-02,6.00879841e-02,5.82646324e-02,5.44989176e-02,5.01834268e-02,4.48579594e-02,4.01432293e-02,3.60982492e-02,3.30080570e-02,2.96831688e-02,2.69581488e-02,2.41971566e-02,2.31951027e-02,2.22778322e-02,1.92821166e-02,1.71778662e-02,1.48047663e-02,1.34842827e-02,1.08741271e-02,6.91048023e-03,3.69539487e-03,3.08473245e-03,3.67249650e-03,5.63412456e-03,6.97344421e-03,9.67178704e-03,1.39256742e-02,1.83426429e-02,2.07163377e-02,2.23514203e-02,2.45850998e-02,2.65582247e-02,2.76586195e-02,2.96978515e-02,3.06130951e-02,3.09659646e-02,3.23773341e-02,3.42480052e-02,3.57882397e-02,3.64899792e-02,3.62199548e-02,3.71552961e-02,3.92118266e-02,4.03566357e-02,4.11526137e-02,4.15524837e-02,4.22101703e-02,4.31657575e-02,4.54727582e-02,4.78005173e-02,4.75878885e-02,4.49444933e-02,4.41400301e-02,4.45912108e-02,4.50531629e-02,4.56048440e-02
-2.52485247e-02,-2.35976150e-02,-2.07668656e-02,-1.88910344e-02,-1.95399254e-02,-2.25973187e-02,-2.54664770e-02,-2.77022344e-02,-2.85260853e-02,-2.87718679e-02,-2.80049983e-02,-2.55223973e-02,-2.24668939e-02,-1.72231577e-02,-1.32835385e-02,-8.13219528e-03,-4.23412793e-03,-2.27200108e-03,-1.40819998e-05,-2.97970462e-04,-3.32589031e-03,-4.52561387e-03,-2.35647368e-03,-1.22113981e-03,-9.15837582e-04,3.90701921e-04,5.93415683e-04,1.26955606e-03,2.53956880e-03,5.12486227e-03,7.39044162e-03,7.46044106e-03,6.77772340e-03,6.41295815e-03,5.02778054e-03,4.72579661e-03,4.87461971e-03,6.09457618e-03,4.53095590e-03,7.06898299e-04,-3.15010596e-03,-7.22980833e-03,-8.65576518e-03,-9.93678036e-03,-1.07310318e-02,-1.10958387e-02,-9.00743440e-03,-7.29347491e-03,-6.88869453e-03,-5.81294082e-03,-7.03256428e-03,-1.01436740e-02,-1.44085541e-02,-1.54784885e-02,-1.61162790e-02,-1.50635514e-02,-1.49098190e-02,-1.51284622e-02,-1.67225855e-02,-2.12093973e-02,-2.39204282e-02,-2.47396801e-02,-2.59788006e-02,-2.68334829e-02
-3.32737276e-03,-2.58632698e-03,-1.27084611e-03,1.05392797e-04,2.11039671e-03,5.44580976e-03,7.55078619e-03,8.76401922e-03,8.92737459e-03,9.54216150e-03,1.01594119e-02,1.18297933e-02,1.43185929e-02,1.69323739e-02,1.42383563e-02,8.78025116e-03,5.01756523e-03,2.04293034e-03,-1.05169371e-03,-2.25046535e-03,-8.30964335e-04,5.02723255e-04,2.62181220e-03,5.79846792e-03,7.66496433e-03,5.96708135e-03,3.24921153e-03,6.39229635e-04,-6.63018905e-06,-2.96804127e-03,-7.24155820e-03,-1.25362058e-02,-1.71736599e-02,-2.09749816e-02,-2.61270935e-02,-3.15586235e-02,-3.53199857e-02,-3.70286537e-02,-3.96551221e-02,-4.18636411e-02,-4.46620199e-02,-4.71732437e-02,-4.74664802e-02,-4.69003850e-02,-4.44245688e-02,-3.98187195e-02,-3.61133572e-02,-3.41936354e-02,-3.00784388e-02,-2.47689129e-02,-2.09728191e-02,-2.03112680e-02,-2.19927516e-02,-2.42998041e-02,-2.61156588e-02,-2.73461060e-02,-2.81482983e-02,-2.74910110e-02,-2.51822249e-02,-2.12076109e-02,-1.60829485e-02,-1.20591680e-02,-7.06492183e-03,-4.22939683e-03
-5.03938515e-03,-5.90461558e-03,-6.68711935e-03,-8.77017596e-03,-1.20656709e-02,-1.39764809e-02,-1.39669331e-02,-1.22128116e-02,-1.04150893e-02,-9.17279269e-03,-9.92073412e-03,-9.89300083e-03,-1.20875031e-02,-1.30652517e-02,-1.25753650e-02,-1.43033138e-02,-1.68417975e-02,-1.61221676e-02,-1.27171861e-02,-8.15821522e-03,-5.25128789e-03,-4.57110525e-03,-5.24200960e-03,-6.67979871e-03,-9.39681337e-03,-1.53360702e-02,-2.16973595e-02,-2.56049548e-02,-2.84948412e-02,-2.98946839e-02,-3.12345746e-02,-3.08412831e-02,-3.07616104e-02,-3.00561801e-02,-2.90819026e-02,-2.84094854e-02,-2.70454983e-02,-2.48135421e-02,-2.52079734e-02,-2.68292345e-02,-3.04416880e-02,-3.28724118e-02,-3.47593588e-02,-3.43322444e-02,-3.21943142e-02,-3.02198540e-02,-2.97401727e-02,-2.87699242e-02,-2.91412435e-02,-3.01949383e-02,-2.86754360e-02,-2.36235934e-02,-1.81498556e-02,-1.26321825e-02,-7.90604254e-03,-5.11860363e-03,-2.59518260e-03,-1.07112354e-03,-3.22764679e-03,-5.13360666e-03,-6.01812871e-03,-7.24966849e-03,-6.25769591e-03,-5.00356736e-03
3.34298304e-02,3.23928925e-02,3.16394232e-02,3.12129007e-02,3.02920019e-02,2.74216910e-02,2.54196032e-02,2.43446615e-02,2.46065076e-02,2.71683139e-02,2.97889989e-02,3.08831114e-02,3.08550995e-02,2.86964358e-02,2.59562732e-02,2.27955506e-02,2.31404662e-02,2.56849593e-02,2.89457543e-02,3.23037825e-02,3.42522708e-02,3.57369001e-02,3.60753066e-02,3.67510428e-02,3.92798633e-02,4.15141634e-02,4.13166845e-02,3.97816347e-02,3.86931735e-02,3.80099658e-02,3.45632472e-02,2.91074476e-02,2.72674433e-02,2.50819143e-02,2.44916494e-02,2.53714356e-02,2.73281175e-02,2.88102655e-02,2.98210380e-02,3.11967501e-02,3.42098767e-02,3.48595944e-02,3.59611985e-02,3.69742709e-02,3.64936390e-02,3.56628049e-02,3.78349782e-02,4.01234175e-02,4.30479334e-02,4.82021845e-02,5.22419297e-02,5.39130952e-02,5.54524442e-02,5.52617765e-02,5.44827641e-02,5.43112160e-02,5.42827329e-02,5.17948484e-02,4.80216919e-02,4.36549656e-02,4.05113294e-02,3.90840130e-02,3.75759886e-02,3.62129315e-02
1.96844946e-02,2.30207943e-02,2.43023510e-02,2.35488183e-02,2.23940329e-02,1.88691949e-02,1.53997068e-02,1.36042988e-02,1.23411876e-02,9.97369629e-03,4.48007417e-03,-1.45166364e-03,-6.37283045e-03,-1.16878705e-02,-1.52240431e-02,-1.79139247e-02,-2.06054523e-02,-2.22687317e-02,-2.38622785e-02,-2.50046487e-02,-2.28999541e-02,-2.11807285e-02,-2.01073815e-02,-2.01802530e-02,-2.15433411e-02,-2.17579167e-02,-2.03729164e-02,-1.85602407e-02,-1.75950491e-02,-1.75698233e-02,-1.45803715e-02,-8.24177916e-03,-2.23255063e-03,2.86090004e-03,5.21315123e-03,4.35248979e-03,3.63585795e-03,1.75649401e-03,-1.79617608e-03,-5.86220514e-03,-1.01582043e-02,-1.50526991e-02,-2.14351980e-02,-2.56243630e-02,-2.68103168e-02,-2.84077532e-02,-2.81324530e-02,-2.70227207e-02,-2.50335237e-02,-2.33072612e-02,-2.15263853e-02,-1.94718956e-02,-1.93588718e-02,-2.11870135e-02,-2.11366668e-02,-2.05050356e-02,-1.74125254e-02,-1.26070208e-02,-7.91653041e-03,-3.58337823e-03,9.30306024e-04,5.57745604e-03,1.00259387e-02,1.43523474e-02
1.65128306e-02,1.61721477e-02,1.38881916e-02,1.26729434e-02,1.36222992e-02,1.77708294e-02,2.30822033e-02,2.51647210e-02,2.68449014e-02,2.85783770e-02,2.97526948e-02,2.90521577e-02,2.82225451e-02,2.62952798e-02,2.47651979e-02,2.30854176e-02,2.05000025e-02,2.11185954e-02,2.26552407e-02,2.16666315e-02,1.98595125e-02,1.84882999e-02,1.78303980e-02,1.72032278e-02,1.47835163e-02,6.30516675e-03,-2.61357390e-03,-9.93295566e-03,-1.70563073e-02,-2.24192612e-02,-2.55420839e-02,-2.92492871e-02,-3.43660795e-02,-3.80246418e-02,-4.08888592e-02,-4.16890103e-02,-4.19090082e-02,-4.10919136e-02,-4.03993128e-02,-3.88321749e-02,-3.68190067e-02,-3.42674569e-02,-2.99898014e-02,-2.50782637e-02,-1.97341138e-02,-1.31028045e-02,-8.15364482e-03,-6.40953549e-03,-4.26342892e-03,-1.67010803e-03,-6.67771960e-05,-7.84853774e-04,-1.36299663e-03,-9.74495636e-04,-5.79271638e-04,1.63612945e-03,5.27466543e-03,8.10217127e-03,9.91728639e-03,1.26677606e-02,1.44623146e-02,1.45319302e-02,1.48861057e-02,1.64523665e-02
-3.21286489e-02,-3.74777897e-02,-4.13825137e-02,-4.34227644e-02,-4.41921480e-02,-4.44098355e-02,-4.61738379e-02,-4.54971952e-02,-4.10213392e-02,-3.62514218e-02,-3.26847878e-02,-2.74463796e-02,-2.29593683e-02,-2.10137096e-02,-2.00437072e-02,-1.78306649e-02,-1.48785441e-02,-1.51721552e-02,-1.56726614e-02,-1.66910497e-02,-1.67116756e-02,-1.59689616e-02,-1.49923129e-02,-1.32174222e-02,-1.39156025e-02,-1.26255390e-02,-1.13477496e-02,-1.09231685e-02,-9.03696275e-03,-7.39248555e-03,-8.48119850e-03,-1.11822358e-02,-1.46450579e-02,-1.64644277e-02,-1.61312034e-02,-1.63280801e-02,-1.56643785e-02,-1.33601002e-02,-9.88881099e-03,-9.70166901e-03,-1.05622754e-02,-1.07691720e-02,-1.23864449e-02,-1.63124635e-02,-2.00422015e-02,-2.10920035e-02,-2.31218635e-02,-2.64151307e-02,-3.10659107e-02,-3.53357356e-02,-3.68927563e-02,-3.47851180e-02,-3.10589580e-02,-3.01054967e-02,-3.09684097e-02,-3.14766739e-02,-3.05038231e-02,-3.00395245e-02,-2.86045596e-02,-2.93781387e-02,-2.81686203e-02,-2.60434413e-02,-2.56161568e-02,-2.68857528e-02
9.44442745e-04,5.61424653e-03,1.26831352e-02,2.19022871e-02,3.15442982e-02,4.01798617e-02,4.78590309e-02,5.35124182e-02,5.60396973e-02,5.87901788e-02,6.11703274e-02,6.29951597e-02,6.43285655e-02,6.42066070e-02,6.40392081e-02,5.98861047e-02,5.49611378e-02,5.05702573e-02,4.53799072e-02,4.17801010e-02,3.88218985e-02,3.33866975e-02,2.87368654e-02,2.56678512e-02,2.28997349e-02,1.86937358e-02,1.59797698e-02,1.51426209e-02,1.72020544e-02,1.89450797e-02,1.95302298e-02,2.14056395e-02,2.31391273e-02,2.53938538e-02,2.61569380e-02,2.42009704e-02,2.15105353e-02,1.70448962e-02,1.49077035e-02,1.23623578e-02,8.12466186e-03,7.32367637e-03,9.88392742e-03,1.31330964e-02,1.84464476e-02,2.16510397e-02,2.46284466e-02,2.66038427e-02,2.79836487e-02,2.81283909e-02,2.80499626e-02,2.70880369e-02,2.51052232e-02,2.25346738e-02,1.93378703e-02,1.75026677e-02,1.53181042e-02,1.32754183e-02,9.73836972e-03,6.82403885e-03,4.61650641e-03,8.66803495e-04,-2.23750478e-03,-1.42497147e-03
-1.14890157e-02,-1.09187184e-02,-1.19216407e-02,-1.40504576e-02,-1.80583001e-02,-2.06532641e-02,-2.22660819e-02,-2.35316853e-02,-2.36509726e-02,-2.33350611e-02,-2.37184425e-02,-2.45372326e-02,-2.51750095e-02,-2.58929775e-02,-2.54286253e-02,-2.57648271e-02,-2.47221094e-02,-2.28294468e-02,-2.03494882e-02,-1.73472057e-02,-1.53809378e-02,-1.49861031e-02,-1.59804605e-02,-1.73013595e-02,-1.69526398e-02,-1.86354050e-02,-2.22754678e-02,-2.33715510e-02,-2.35511709e-02,-2.36635703e-02,-2.21082843e-02,-1.83025927e-02,-1.60473757e-02,-1.48755122e-02,-1.15882873e-02,-6.86307961e-03,-2.92392655e-03,5.52812902e-04,1.79636385e-03,3.33802243e-03,2.98127231e-03,5.23705677e-03,8.70586663e-03,1.02909441e-02,1.18153456e-02,1.35590969e-02,1.48666357e-02,1.44297909e-02,1.38994133e-02,1.23052083e-02,1.06403484e-02,8.39739821e-03,7.08056632e-03,5.65333845e-03,5.10933708e-03,4.26902818e-03,1.47135125e-03,-1.91296145e-03,-4.86750108e-03,-7.06882535e-03,-8.31155099e-03,-8.32004988e-03,-1.02685666e-02,-1.12822075e-02
1.29752922e-02,1.23340939e-02,1.24289868e-02,1.19516885e-02,1.15045300e-02,1.21547140e-02,1.23234688e-02,1.13961870e-02,7.83647544e-03,4.66329921e-03,2.27799794e-03,-2.09494501e-04,-2.16308432e-03,-3.86946157e-03,-2.03034801e-03,1.51628313e-04,2.37579813e-03,3.63583196e-03,4.77519547e-03,5.07684245e-03,7.67198798e-03,9.68083768e-03,1.22170424e-02,1.47573261e-02,1.62388949e-02,1.53867342e-02,1.21270195e-02,7.22986508e-03,2.12231953e-03,-2.27426282e-03,-7.44227436e-03,-1.44142271e-02,-2.03927147e-02,-2.58432591e-02,-2.72619995e-02,-2.77605933e-02,-2.73354939e-02,-2.42302198e-02,-2.04008635e-02,-1.83203730e-02,-1.78832903e-02,-1.94485350e-02,-2.01975825e-02,-2.20010896e-02,-2.31927248e-02,-2.44393147e-02,-2.61155909e-02,-2.87610789e-02,-3.08084914e-02,-3.27703554e-02,-2.97592396e-02,-2.34620608e-02,-1.93903682e-02,-1.68487859e-02,-1.28919216e-02,-7.61517003e-03,-2.88178613e-03,1.06074283e-03,3.33315087e-03,4.91665881e-03,8.02969715e-03,9.32208362e-03,9.98365440e-03,1.14589139e-02
2.60162758e-02,2.78992989e-02,3.10776915e-02,3.46396771e-02,3.88951437e-02,4.12212248e-02,4.42754302e-02,4.62230213e-02,4.74248385e-02,4.86221931e-02,5.15455569e-02,5.45831913e-02,5.67373798e-02,5.93570254e-02,6.11283653e-02,5.98434830e-02,5.70157491e-02,5.44884461e-02,5.17770936e-02,4.86404373e-02,4.38687158e-02,4.16948677e-02,4.16558330e-02,4.14325337e-02,3.95835733e-02,3.65855061e-02,3.41468519e-02,2.92240313e-02,2.38103923e-02,1.79168294e-02,1.25321380e-02,7.35709792e-03,3.14955206e-03,-1.39006747e-04,-1.72356854e-03,-3.38778473e-03,-5.91483545e-03,-9.62994329e-03,-1.42905000e-02,-1.59238934e-02,-1.90992060e-02,-2.38175910e-02,-2.78226913e-02,-3.03729044e-02,-3.30684556e-02,-3.74368863e-02,-4.15298428e-02,-4.39325085e-02,-4.23510854e-02,-3.89718265e-02,-3.37689705e-02,-2.80651468e-02,-2.32685709e-02,-1.77835371e-02,-1.20846607e-02,-6.87791982e-03,-1.32543449e-03,4.01609330e-03,1.07351740e-02,1.57919492e-02,1.80609680e-02,1.97580568e-02,2.22382076e-02,2.45791163e-02
-4.66233851e-03,-6.10062991e-03,-7.45622150e-03,-7.67062002e-03,-1.00577961e-02,-1.53367809e-02,-2.12042852e-02,-2.59498722e-02,-3.22329629e-02,-3.73102968e-02,-4.05109159e-02,-4.36385786e-02,-4.44517522e-02,-4.33684978e-02,-4.44569891e-02,-4.62297588e-02,-4.68159321e-02,-4.62984605e-02,-4.74816386e-02,-4.85939360e-02,-5.01109024e-02,-5.10957321e-02,-5.10082170e-02,-5.13168861e-02,-5.22483110e-02,-5.31529198e-02,-5.34580147e-02,-5.40336977e-02,-5.33338033e-02,-5.37723361e-02,-5.31365294e-02,-5.27985204e-02,-5.47172508e-02,-5.50290237e-02,-5.39325453e-02,-5.14461686e-02,-4.78693324e-02,-4.13473246e-02,-3.50315425e-02,-3.05167766e-02,-2.62833477e-02,-2.35388502e-02,-2.07352541e-02,-1.91482784e-02,-1.84673263e-02,-1.70256544e-02,-1.56923298e-02,-1.39645876e-02,-1.07200704e-02,-8.53248710e-03,-5.80972546e-03,-3.64930131e-03,-4.74755923e-03,-6.07644873e-03,-7.43707205e-03,-6.87206920e-03,-5.14468302e-03,-2.96417639e-03,6.56023767e-05,1.03918780e-03,3.68584423e-04,-7.98690555e-04,-2.55788216e-03,-3.48678534e-03
1.56133054e-02,1.41497201e-02,9.83390034e-03,5.01274810e-03,6.23425785e-04,-1.10406778e-03,-4.12959730e-03,-6.01386030e-03,-5.64988487e-03,-6.01158905e-03,-8.22272199e-03,-1.06628749e-02,-1.37664504e-02,-1.62630640e-02,-1.63913076e-02,-1.54859969e-02,-1.50789613e-02,-1.56583159e-02,-1.80964157e-02,-2.14062765e-02,-2.48530617e-02,-2.77044772e-02,-2.91967548e-02,-2.76868575e-02,-2.52428723e-02,-2.49583996e-02,-2.56059112e-02,-2.69502088e-02,-2.70996694e-02,-2.64456469e-02,-2.52466286e-02,-2.22975668e-02,-1.92015860e-02,-1.64641049e-02,-1.28118626e-02,-1.10894555e-02,-1.08947708e-02,-1.10967255e-02,-1.07409998e-02,-1.01331011e-02,-7.87310117e-03,-6.57550509e-03,-7.47467190e-03,-9.28123971e-03,-1.03752653e-02,-1.09525199e-02,-1.30002457e-02,-1.54922882e-02,-1.73617297e-02,-1.79561602e-02,-1.92578426e-02,-2.14315400e-02,-2.32790390e-02,-2.46209389e-02,-2.40249446e-02,-2.07186306e-02,-1.63073712e-02,-1.23281131e-02,-7.01375134e-03,-2.36815293e-03,2.67534505e-03,8.00556166e-03,1.29406766e-02,1.46748745e-02
1.65919401e-02,1.68427226e-02,1.51343471e-02,1.15143197e-02,7.91342883e-03,5.08775989e-03,3.43530431e-03,1.28671459e-03,1.99664706e-04,2.28178475e-05,-7.85502842e-04,-2.35379913e-03,-5.16594927e-03,-7.54382467e-03,-8.89561812e-03,-1.13765277e-02,-1.24514038e-02,-1.34127587e-02,-1.49894087e-02,-1.52576459e-02,-1.37530305e-02,-1.63411494e-02,-1.95392464e-02,-2.07955573e-02,-2.25371944e-02,-2.49728272e-02,-2.60526110e-02,-2.74842013e-02,-2.77587874e-02,-2.76382142e-02,-2.65319688e-02,-2.44019625e-02,-2.13743094e-02,-1.84982655e-02,-1.56876167e-02,-1.41367067e-02,-1.40461588e-02,-1.74274706e-02,-2.08277101e-02,-2.34182725e-02,-2.52597199e-02,-2.63646642e-02,-2.74685321e-02,-2.97659583e-02,-3.20461038e-02,-3.31962827e-02,-3.39182677e-02,-3.37210754e-02,-2.99092941e-02,-2.37997165e-02,-1.96805844e-02,-1.57510125e-02,-1.26754815e-02,-1.05716881e-02,-8.01951404e-03,-4.06763680e-03,1.35667305e-04,4.50687612e-03,7.01756752e-03,1.01207552e-02,1.23684429e-02,1.43834014e-02,1.63904418e-02,1.69361710e-02
6.37588987e-03,4.09925120e-03,1.07630880e-03,6.61084124e-04,-8.99485151e-04,-3.76329832e-03,-7.36803231e-03,-1.15232706e-02,-1.58802994e-02,-2.07805739e-02,-2.58179421e-02,-3.06339108e-02,-3.20068488e-02,-3.05733360e-02,-2.75750172e-02,-2.38364916e-02,-2.36259728e-02,-2.33273313e-02,-2.30033606e-02,-2.19489414e-02,-2.01604043e-02,-2.00736980e-02,-2.09963961e-02,-2.09344434e-02,-1.75223069e-02,-1.44415843e-02,-9.92100346e-03,-7.70714711e-03,-7.89245822e-03,-6.77051725e-03,-5.35899181e-03,-2.00920490e-03,1.63463700e-03,5.35797670e-03,7.19853161e-03,8.57034079e-03,9.60310930e-03,1.13512960e-02,1.25311189e-02,1.47743675e-02,1.78219114e-02,1.84113569e-02,1.63730354e-02,1.47084229e-02,1.03105037e-02,5.85142787e-03,2.63958153e-03,6.73552262e-05,-1.68775701e-03,-3.43833220e-03,-5.45870461e-03,-5.02652385e-03,-3.81495460e-03,-2.53448957e-03,-2.86050267e-03,-3.53443041e-03,-1.94293926e-03,-3.04228834e-04,2.03399036e-03,3.06423145e-03,5.63696237e-03,6.65077939e-03,7.45469072e-03,7.57623202e-03
-5.51040937e-02,-5.41270420e-02,-5.16154533e-02,-4.80333022e-02,-4.24945301e-02,-3.56453038e-02,-2.81626356e-02,-2.50215387e-02,-2.41607617e-02,-2.50457135e-02,-2.45531520e-02,-2.49601968e-02,-2.60173196e-02,-2.63715617e-02,-2.47549254e-02,-2.14776484e-02,-2.11271610e-02,-2.19853844e-02,-2.05941691e-02,-1.72840894e-02,-1.71138378e-02,-1.59105381e-02,-1.33391880e-02,-9.87522206e-03,-5.88797241e-03,-1.67155240e-03,3.77363311e-03,8.23872765e-03,1.24778797e-02,1.52879505e-02,1.62409553e-02,1.47683053e-02,1.37252001e-02,1.34945493e-02,1.25095038e-02,1.05583286e-02,8.65030946e-03,8.48359208e-03,8.95570126e-03,8.75190219e-03,8.40192428e-03,7.33617824e-03,6.91297713e-03,6.06159737e-03,5.53546216e-03,5.49482588e-03,4.52989391e-03,2.69543457e-03,-1.44085239e-03,-6.71509739e-03,-1.19849543e-02,-1.59039964e-02,-1.89315816e-02,-2.14386090e-02,-2.56537147e-02,-2.97010913e-02,-3.36786540e-02,-3.82994773e-02,-4.26905778e-02,-4.65105099e-02,-4.98448915e-02,-5.29479802e-02,-5.40688446e-02,-5.38754293e-02
3.20977721e-02,3.27992919e-02,3.46348371e-02,3.58095789e-02,3.48043915e-02,3.28279380e-02,3.00160902e-02,2.47183258e-02,1.90089893e-02,1.27500018e-02,7.87057669e-03,3.96878067e-03,-1.41346749e-04,-4.20066602e-03,-8.54354769e-03,-1.06775014e-02,-1.38533221e-02,-1.70068291e-02,-1.78070009e-02,-1.74000503e-02,-1.46413327e-02,-1.06178653e-02,-8.95614182e-03,-6.15438065e-03,-5.30866343e-03,-5.43597540e-03,-7.12554582e-03,-9.88628068e-03,-1.46984030e-02,-1.72892543e-02,-1.82518668e-02,-2.01743040e-02,-2.17495567e-02,-2.12147652e-02,-2.06950617e-02,-1.99665057e-02,-1.92513557e-02,-1.98506381e-02,-1.91348574e-02,-1.88687806e-02,-1.83504576e-02,-1.79104476e-02,-1.68155188e-02,-1.59448916e-02,-1.58760418e-02,-1.67549318e-02,-1.68750643e-02,-1.68731260e-02,-1.57412723e-02,-1.57238185e-02,-1.59853464e-02,-1.69465961e-02,-1.60843894e-02,-1.39081458e-02,-1.27209563e-02,-8.32563861e-03,-1.91726741e-03,5.10940708e-03,9.79452044e-03,1.55200903e-02,1.94939895e-02,2.43090447e-02,3.01037105e-02,3.23869436e-02
8.99715555e-03,6.46847616e-03,2.76613286e-03,-1.25788828e-03,-6.46140078e-03,-1.12821422e-02,-1.44440215e-02,-1.61823468e-02,-1.61672920e-02,-1.53249176e-02,-1.51179759e-02,-1.66078056e-02,-2.03937211e-02,-2.34024372e-02,-2.65959262e-02,-2.90373686e-02,-2.94795175e-02,-2.85628806e-02,-2.70560056e-02,-2.72828379e-02,-2.78367755e-02,-2.83207363e-02,-3.03375555e-02,-3.37246401e-02,-3.47245018e-02,-3.19599000e-02,-3.14246350e-02,-3.37123160e-02,-3.37126450e-02,-3.53492745e-02,-3.68539364e-02,-3.71827486e-02,-3.80034898e-02,-3.89119647e-02,-3.86840353e-02,-3.69564784e-02,-3.47664594e-02,-3.10150980e-02,-2.63100121e-02,-2.12901499e-02,-1.76999015e-02,-1.16767706e-02,-6.19951391e-03,-2.23562247e-03,-2.12809124e-04,-7.01793593e-04,-1.15288384e-03,-1.28559552e-03,-1.34234947e-03,-2.19450009e-03,-3.58048719e-03,-4.20420813e-03,-6.75727390e-03,-8.59029457e-03,-9.62849283e-03,-8.67997043e-03,-6.59475692e-03,-5.72511402e-03,-3.66345112e-03,3.94996490e-04,3.18534732e-03,6.49468048e-03,9.06091382e-03,1.05006566e-02
-1.19791713e-02,-1.12996273e-02,-1.11462242e-02,-9.70461873e-03,-8.75749415e-03,-9.27873151e-03,-7.06803160e-03,-5.75570172e-03,-4.00340937e-03,-2.05216307e-03,-1.37195094e-03,-1.58412201e-03,-2.46761710e-03,-2.11044806e-03,1.43314884e-03,2.34088996e-03,2.62225777e-03,3.37214257e-03,1.98367355e-03,-1.22814016e-03,-4.85124938e-03,-5.97021801e-03,-8.65281067e-03,-1.19713412e-02,-1.68119101e-02,-2.15652863e-02,-2.46000933e-02,-2.89231862e-02,-3.01169342e-02,-3.34718015e-02,-3.61570057e-02,-3.71838067e-02,-3.64951830e-02,-3.59186932e-02,-3.67251837e-02,-3.77448363e-02,-3.81798778e-02,-3.92722553e-02,-4.03046762e-02,-4.29461377e-02,-4.59151917e-02,-4.84830897e-02,-5.26775832e-02,-5.40473253e-02,-5.63013650e-02,-5.67845830e-02,-5.73171752e-02,-5.73542237e-02,-5.69370739e-02,-5.50416457e-02,-5.48959922e-02,-5.45088461e-02,-5.49606019e-02,-5.31290758e-02,-4.85038790e-02,-4.22743878e-02,-3.79683292e-02,-3.22842867e-02,-2.74836055e-02,-2.27640806e-02,-1.96285754e-02,-1.61781778e-02,-1.43227770e-02,-1.35008111e-02
4.18589046e-02,4.43317051e-02,4.58637197e-02,4.75612449e-02,4.81179815e-02,4.59362917e-02,4.30114004e-02,4.03905935e-02,3.66308045e-02,3.34397568e-02,3.21733862e-02,3.25479001e-02,3.53370002e-02,3.71685887e-02,3.66314968e-02,3.76141347e-02,3.84130253e-02,3.72582292e-02,3.46378506e-02,3.27517005e-02,3.16020975e-02,2.97080038e-02,2.61573645e-02,2.15173279e-02,1.68473091e-02,1.02362098e-02,3.31494867e-03,-3.83105967e-03,-1.04384695e-02,-1.45701318e-02,-1.68499271e-02,-1.77752724e-02,-1.88792410e-02,-1.94016259e-02,-1.90696530e-02,-1.92639749e-02,-1.83724377e-02,-1.93665751e-02,-2.23913756e-02,-2.69719379e-02,-3.15635528e-02,-3.56541020e-02,-4.01748814e-02,-4.30290141e-02,-4.55941056e-02,-4.89098316e-02,-5.30284524e-02,-5.40326801e-02,-5.32214054e-02,-5.13070868e-02,-4.83842747e-02,-4.38076249e-02,-3.77971917e-02,-3.25620049e-02,-2.71670984e-02,-2.11730328e-02,-1.40635277e-02,-6.56469501e-03,1.31774492e-03,9.44035223e-03,1.80221815e-02,2.72220378e-02,3.33346727e-02,3.86190853e-02
-3.42643906e-02,-3.89464491e-02,-4.34609276e-02,-4.61589043e-02,-4.58772877e-02,-4.35785789e-02,-4.14386990e-02,-3.94342654e-02,-3.73824550e-02,-3.44737815e-02,-3.23323266e-02,-3.16201486e-02,-3.12050661e-02,-2.95974661e-02,-2.99794071e-02,-3.07563618e-02,-3.04183134e-02,-2.82852525e-02,-2.73588119e-02,-2.64902836e-02,-2.69062156e-02,-2.86959648e-02,-3.06312372e-02,-3.13738300e-02,-2.98586263e-02,-2.72673870e-02,-2.52522946e-02,-2.37370026e-02,-2.39296808e-02,-2.16328961e-02,-1.85006280e-02,-1.49389178e-02,-1.52842362e-02,-1.72569418e-02,-2.06109717e-02,-2.47152163e-02,-2.91591031e-02,-3.24497711e-02,-3.41210699e-02,-3.58726003e-02,-3.77176719e-02,-3.82589181e-02,-3.92777703e-02,-3.92829521e-02,-3.99851648e-02,-3.96451126e-02,-3.75106591e-02,-3.39806780e-02,-3.20173826e-02,-3.16679013e-02,-3.20442744e-02,-3.14622927e-02,-3.13704432e-02,-2.97098170e-02,-2.71969622e-02,-2.50614571e-02,-2.48399665e-02,-2.46965914e-02,-2.26356946e-02,-2.13922275e-02,-2.11608786e-02,-2.13938948e-02,-2.38521714e-02,-2.93038321e-02
2.70935284e-03,-4.77729171e-03,-1.13766051e-02,-1.54401677e-02,-1.87653742e-02,-2.06967702e-02,-2.06373577e-02,-2.19399856e-02,-2.29159955e-02,-2.33262441e-02,-2.08191355e-02,-1.64261309e-02,-1.35947915e-02,-1.15861159e-02,-1.09299690e-02,-1.42548529e-02,-1.76159864e-02,-1.93527341e-02,-1.96521929e-02,-1.80612395e-02,-1.76255147e-02,-1.55180744e-02,-1.23276506e-02,-9.28987654e-03,-7.66597176e-03,-6.73544573e-03,-5.28168564e-03,-3.22762779e-03,-2.61115608e-03,-2.79451443e-03,-2.54507310e-03,-1.12978170e-03,-5.01825048e-04,-7.85581356e-04,-9.95213366e-04,-1.06954508e-03,-1.85219986e-03,-3.46785063e-03,-4.84877130e-03,-8.76714596e-03,-1.60095081e-02,-2.18970891e-02,-2.51164385e-02,-2.63383490e-02,-2.46831207e-02,-2.01173838e-02,-1.33860493e-02,-7.47224923e-03,-1.81680668e-03,2.00937903e-03,6.43412077e-03,1.05082647e-02,1.33133320e-02,1.24621149e-02,1.30552935e-02,1.25912902e-02,1.19583976e-02,1.34527459e-02,1.39399500e-02,1.39857991e-02,1.34789645e-02,1.39837037e-02,1.26815449e-02,8.67521532e-03
-3.59917367e-02,-3.39052944e-02,-3.23796130e-02,-3.02979626e-02,-2.52990080e-02,-2.00977717e-02,-1.58675516e-02,-1.26710253e-02,-1.07373435e-02,-7.00775332e-03,-2.51510662e-03,7.49540954e-04,5.25341887e-03,7.54229453e-03,9.87266063e-03,1.09758192e-02,1.07307739e-02,1.12189347e-02,1.25618332e-02,1.65481666e-02,2.19942609e-02,2.76445816e-02,3.25297817e-02,3.51863135e-02,3.32810053e-02,2.97381484e-02,2.60979946e-02,2.34333470e-02,2.26401043e-02,2.17610728e-02,1.86042253e-02,1.34440012e-02,8.65287865e-03,3.13766949e-03,-2.24949921e-03,-7.25338003e-03,-1.40719138e-02,-2.04034861e-02,-2.65248455e-02,-3.16388325e-02,-3.37962699e-02,-3.62261427e-02,-4.07570687e-02,-4.48061213e-02,-4.94743146e-02,-5.58871126e-02,-6.07714151e-02,-6.44091084e-02,-6.67350939e-02,-6.72953343e-02,-6.73938236e-02,-6.89587605e-02,-6.94463940e-02,-6.70735727e-02,-6.32602116e-02,-5.89778186e-02,-5.51673278e-02,-5.33987336e-02,-5.24136772e-02,-5.03395991e-02,-4.75984600e-02,-4.48538807e-02,-4.31069429e-02,-3.92659815e-02
1.28435661e-02,7.81520285e-03,1.91848306e-03,-4.54848530e-03,-9.87336619e-03,-1.30159651e-02,-1.86092237e-02,-2.42679259e-02,-2.80126697e-02,-2.97373071e-02,-3.15320929e-02,-3.32898918e-02,-3.31109104e-02,-3.08980038e-02,-2.76735215e-02,-2.39570990e-02,-2.14623811e-02,-2.21663289e-02,-2.39916555e-02,-2.51498191e-02,-2.62499348e-02,-2.71387503e-02,-2.72640662e-02,-2.66195893e-02,-2.30208228e-02,-2.01637777e-02,-1.82788878e-02,-1.49524324e-02,-1.16902869e-02,-9.00725454e-03,-7.71149310e-03,-8.97225356e-03,-1.01274335e-02,-9.91279162e-03,-7.85748420e-03,-4.55847236e-03,-2.25322993e-03,9.57201824e-04,4.35449520e-03,5.93391313e-03,5.91037971e-03,7.80818097e-03,9.53860421e-03,9.79945421e-03,1.10025534e-02,1.26845797e-02,1.43387558e-02,1.72579974e-02,1.96925679e-02,1.96891143e-02,2.04892736e-02,2.28995076e-02,2.41726662e-02,2.40472406e-02,2.45427004e-02,2.59094727e-02,2.75936007e-02,2.87884190e-02,3.03897650e-02,2.91480081e-02,2.70423854e-02,2.44646472e-02,1.97189482e-02,1.62120148e-02
-1.99259018e-02,-2.55832080e-02,-2.96137834e-02,-3.05374781e-02,-3.13099355e-02,-2.95750312e-02,-2.66734303e-02,-2.29459065e-02,-1.96411389e-02,-1.69058734e-02,-1.77110852e-02,-1.78928910e-02,-1.82171516e-02,-1.80181196e-02,-1.74452780e-02,-1.60164436e-02,-1.31935755e-02,-1.04856659e-02,-8.51292338e-03,-7.45724303e-03,-7.28787682e-03,-8.91551528e-03,-9.50648608e-03,-8.89082131e-03,-6.53246975e-03,-5.08317263e-03,-4.30436821e-03,-3.53202983e-03,-3.20378839e-03,-1.88412654e-03,5.48808470e-04,8.57359000e-04,8.92659062e-04,1.96514204e-03,2.51955470e-03,2.77239147e-03,3.95242373e-03,8.38607072e-03,1.27311802e-02,1.67942170e-02,2.01280342e-02,2.10756473e-02,2.12624159e-02,2.06619801e-02,2.18643380e-02,2.20595907e-02,2.23291308e-02,2.31304122e-02,2.35005389e-02,2.27245111e-02,2.24590640e-02,2.32944775e-02,2.34035359e-02,2.17561289e-02,1.96114440e-02,1.79320038e-02,1.52281543e-02,1.05455429e-02,6.00565633e-03,1.71403691e-03,-2.75661758e-03,-8.82642515e-03,-1.42973252e-02,-1.64684573e-02
3.84948123e-02,3.25018617e-02,2.59545048e-02,2.14845343e-02,1.81512309e-02,1.50060155e-02,1.31635192e-02,1.14644334e-02,1.03478819e-02,1.04101374e-02,1.16337355e-02,1.26606965e-02,1.36267935e-02,1.60129595e-02,1.73046876e-02,1.83684797e-02,2.14405425e-02,2.56341310e-02,2.69427494e-02,2.81511496e-02,2.90171843e-02,3.07211568e-02,3.28908603e-02,3.67633724e-02,3.95293382e-02,4.02730937e-02,4.07591833e-02,4.11334278e-02,4.04222720e-02,4.00268940e-02,3.85383501e-02,3.75356992e-02,3.81870388e-02,3.65230825e-02,3.43383835e-02,3.27512763e-02,3.16175167e-02,3.22501059e-02,3.34780937e-02,3.36475808e-02,3.38605803e-02,3.28577346e-02,3.38727362e-02,3.74511238e-02,4.31870678e-02,4.93111523e-02,5.45556527e-02,5.79333211e-02,6.17866456e-02,6.37688346e-02,6.25176503e-02,6.03577872e-02,5.86686231e-02,5.97594452e-02,5.99362625e-02,5.82605482e-02,5.73092081e-02,5.74354792e-02,5.54454058e-02,5.26060972e-02,4.92769655e-02,4.63141284e-02,4.42586390e-02,4.15985122e-02
4.20365963e-02,4.26829279e-02,4.29717615e-02,4.30118523e-02,4.16242234e-02,3.99138597e-02,3.66383698e-02,3.23734925e-02,2.92613160e-02,2.70815578e-02,2.53639691e-02,2.55526846e-02,2.52145397e-02,2.40924492e-02,2.20445120e-02,2.05165775e-02,1.74014810e-02,1.35640831e-02,9.78369046e-03,9.38089594e-03,1.11928562e-02,1.42680018e-02,1.62846396e-02,1.86184237e-02,2.02470945e-02,1.92934531e-02,1.78617764e-02,1.80367947e-02,1.81685320e-02,1.85836470e-02,1.83323831e-02,1.67649254e-02,1.67455817e-02,1.76970337e-02,1.78767518e-02,1.62289437e-02,1.74106396e-02,1.58087814e-02,1.39525159e-02,1.04585429e-02,6.86664252e-03,3.87829680e-03,8.52840960e-04,-1.92993483e-03,-3.71367205e-03,-5.98771094e-03,-8.51365698e-03,-8.76904523e-03,-5.48702074e-03,-4.11500294e-04,3.97483184e-03,6.18822518e-03,5.72320009e-03,7.40404001e-03,9.99072835e-03,1.40295320e-02,1.79834892e-02,2.08551020e-02,2.51752248e-02,2.95148693e-02,3.48863677e-02,3.96421826e-02,4.17708728e-02,4.28989254e-02
-3.08003948e-02,-3.17226052e-02,-2.96762274e-02,-2.94259379e-02,-2.87258875e-02,-2.75029734e-02,-2.82436690e-02,-2.83168457e-02,-2.70734455e-02,-2.62018894e-02,-2.76787815e-02,-3.10313920e-02,-3.54077337e-02,-3.89560891e-02,-4.29031447e-02,-4.43615962e-02,-4.48361369e-02,-4.67517753e-02,-4.66171121e-02,-4.40344934e-02,-4.21805439e-02,-3.84031021e-02,-3.09222385e-02,-2.48091759e-02,-1.92688019e-02,-1.37832764e-02,-7.87187222e-03,-3.21328573e-03,-1.44257507e-03,1.14133851e-03,2.81167792e-03,4.41936488e-03,6.42015867e-03,6.00992862e-03,6.21099934e-03,6.15973585e-03,6.81143091e-03,7.83958068e-03,9.09393896e-03,1.07361145e-02,1.04317358e-02,8.80909603e-03,7.67819252e-03,6.01106462e-03,4.61158612e-03,2.20022934e-03,1.48904371e-03,1.18030052e-03,-2.51221920e-03,-7.13763611e-03,-1.01426619e-02,-1.25717317e-02,-1.52668895e-02,-1.71673030e-02,-1.79812055e-02,-1.75645827e-02,-1.56876425e-02,-1.51985124e-02,-1.74278141e-02,-1.99338485e-02,-2.33037575e-02,-2.63202281e-02,-2.73543606e-02,-2.95093747e-02
-2.87042160e-02,-3.04820113e-02,-3.37641827e-02,-3.63728105e-02,-3.73962747e-02,-3.74736276e-02,-3.54101184e-02,-3.24949223e-02,-3.16658381e-02,-3.19418915e-02,-3.19950370e-02,-3.27007872e-02,-3.38613940e-02,-3.61844372e-02,-3.86852969e-02,-4.04430270e-02,-4.12992944e-02,-4.00195086e-02,-3.61568822e-02,-3.30234956e-02,-2.81458642e-02,-1.98620470e-02,-1.28348366e-02,-7.37003247e-03,-4.80255779e-03,-3.19363997e-03,-4.58650501e-03,-5.56938549e-03,-6.26184227e-03,-7.36055044e-03,-5.01564143e-03,-1.52272737e-03,5.60796595e-04,3.73041531e-04,2.16748992e-03,5.30399952e-03,6.64900305e-03,8.75715859e-03,8.86391508e-03,7.71506656e-03,5.19997982e-03,1.76931096e-03,-2.57120471e-03,-7.06454806e-03,-1.11506785e-02,-1.16089547e-02,-1.17947879e-02,-1.33497033e-02,-1.43674264e-02,-1.60259238e-02,-1.89926114e-02,-2.39964824e-02,-2.57925638e-02,-2.69139238e-02,-2.76272852e-02,-2.76022964e-02,-2.89802618e-02,-3.00525935e-02,-3.13265814e-02,-3.47472070e-02,-3.69408601e-02,-3.39523366e-02,-3.09734946e-02,-2.90748710e-02
-5.85538509e-02,-6.16827637e-02,-6.42647605e-02,-6.54990672e-02,-6.83952602e-02,-6.91769629e-02,-6.87155534e-02,-6.65406661e-02,-6.43950502e-02,-6.37617557e-02,-6.13063463e-02,-6.04898621e-02,-5.96088281e-02,-5.87420227e-02,-5.75771553e-02,-5.63901959e-02,-5.68537463e-02,-5.79800883e-02,-5.92493485e-02,-6.17131289e-02,-6.40782091e-02,-6.62690152e-02,-6.60022502e-02,-6.46056598e-02,-6.04976853e-02,-5.35867935e-02,-4.36360587e-02,-3.50434536e-02,-3.07405887e-02,-2.55532258e-02,-1.94450467e-02,-1.38879246e-02,-8.02341516e-03,-2.83143223e-03,2.34987783e-03,4.36127472e-03,6.77502733e-03,1.18805320e-02,1.49184872e-02,1.68876305e-02,1.77787231e-02,1.54392943e-02,1.33295677e-02,9.35952536e-03,6.14673137e-03,3.91677101e-03,2.58623381e-03,1.55822661e-03,-1.46054794e-03,-6.00411507e-03,-1.10703301e-02,-1.55113156e-02,-2.10958705e-02,-2.65077800e-02,-3.32482967e-02,-3.88375393e-02,-4.33254037e-02,-4.60386049e-02,-4.63512034e-02,-4.75164403e-02,-4.92598414e-02,-5.01631524e-02,-5.16735057e-02,-5.52626318e-02
2.25879103e-02,2.52091750e-02,2.65109751e-02,2.67286061e-02,2.55645017e-02,2.50938658e-02,2.63972372e-02,2.50650365e-02,2.31721788e-02,1.83395318e-02,1.39182514e-02,1.04863893e-02,9.65511457e-03,1.06038279e-02,1.11465311e-02,1.10242208e-02,8.55103442e-03,6.24589949e-03,3.49571009e-03,-6.28779318e-04,-5.13063651e-03,-9.77953276e-03,-1.34413111e-02,-1.34157466e-02,-1.44572250e-02,-1.46929427e-02,-1.30890587e-02,-9.29307849e-03,-3.50892253e-03,1.26499459e-03,4.73267599e-03,7.29130984e-03,8.75505024e-03,9.36828328e-03,9.58829004e-03,1.18594791e-02,1.73319681e-02,1.97336861e-02,2.28670254e-02,2.55765152e-02,2.83118256e-02,2.92298044e-02,2.73248646e-02,2.46651943e-02,2.32188050e-02,2.02465782e-02,1.84284092e-02,1.86281595e-02,1.60542544e-02,1.60807745e-02,1.67087321e-02,1.71628703e-02,1.71971512e-02,1.68372955e-02,1.49169412e-02,1.17915909e-02,8.27179546e-03,6.03832117e-03,5.17786256e-03,6.37798339e-03,1.00075985e-02,1.43887214e-02,1.74881358e-02,1.96893627e-02
2.93096481e-02,3.05796179e-02,3.19624078e-02,3.42592788e-02,3.69329912e-02,3.96142909e-02,4.01810633e-02,3.91132634e-02,3.62856689e-02,3.28534693e-02,3.12118122e-02,3.05325486e-02,3.08676618e-02,3.14115265e-02,3.25000398e-02,3.39939505e-02,3.53803432e-02,3.67222013e-02,3.71618934e-02,3.72620262e-02,3.65362587e-02,3.58997655e-02,3.41472734e-02,3.14415670e-02,2.67487788e-02,2.16976325e-02,1.66627587e-02,1.09600382e-02,6.35257787e-03,-2.09252216e-04,-6.52047974e-03,-1.00775087e-02,-1.05032968e-02,-1.10964962e-02,-1.19419308e-02,-1.21307432e-02,-1.15227484e-02,-1.16789245e-02,-1.17895470e-02,-9.89852043e-03,-8.45746677e-03,-1.05809339e-02,-1.37342580e-02,-1.42074267e-02,-1.46001810e-02,-1.60364993e-02,-1.31308189e-02,-9.25433521e-03,-3.87302319e-03,2.56965907e-04,4.83669157e-03,9.15274981e-03,1.46023800e-02,1.67591130e-02,1.69349853e-02,1.67021237e-02,1.47174916e-02,1.16085312e-02,1.06142987e-02,1.25655154e-02,1.47207420e-02,1.80711270e-02,2.19287126e-02,2.58703719e-02
-3.95589107e-03,7.84643466e-05,4.35691899e-03,9.71282048e-03,1.37117892e-02,1.65226871e-02,1.73627850e-02,1.70764260e-02,1.63809377e-02,1.68720115e-02,1.37559016e-02,1.02723650e-02,7.54450585e-03,5.44496514e-03,2.73274234e-03,2.39633405e-03,4.51831649e-03,6.20806732e-03,9.02935309e-03,1.02139727e-02,9.53020419e-03,8.07948684e-03,7.13374684e-03,7.29191182e-03,6.37435627e-03,6.61470622e-03,9.21808975e-03,1.02781957e-02,9.40344269e-03,8.26607846e-03,7.42248128e-03,8.27123429e-03,9.04172293e-03,9.97025155e-03,1.14743644e-02,1.22019868e-02,1.10092405e-02,8.09288419e-03,4.97273240e-03,2.69041824e-03,-7.24641903e-04,-4.07146655e-03,-6.13388450e-03,-7.69762203e-03,-9.20292925e-03,-9.87792984e-03,-9.82509675e-03,-1.08810760e-02,-1.36391315e-02,-1.52325131e-02,-1.59580436e-02,-1.69193589e-02,-1.64849829e-02,-1.69891241e-02,-1.71751125e-02,-1.89061869e-02,-2.09488781e-02,-2.32649735e-02,-2.40669184e-02,-2.31942827e-02,-2.12664713e-02,-1.77240102e-02,-1.34737271e-02,-9.04092828e-03
-1.90564795e-02,-1.96848570e-02,-2.27089146e-02,-2.67262337e-02,-2.99087294e-02,-3.13539199e-02,-3.33460235e-02,-3.56468760e-02,-3.38122288e-02,-3.17084043e-02,-3.03070075e-02,-2.78551885e-02,-2.71559018e-02,-2.51102246e-02,-2.38842068e-02,-2.40470758e-02,-2.49006128e-02,-2.44109304e-02,-2.39909379e-02,-2.22813261e-02,-1.83897874e-02,-1.23294526e-02,-7.43306806e-03,-2.73915287e-03,2.07831405e-03,5.93970519e-03,1.06179231e-02,1.69051716e-02,2.44791231e-02,3.04542517e-02,3.41731412e-02,3.51124229e-02,3.45749567e-02,3.53612221e-02,3.49703631e-02,3.40598288e-02,3.36052388e-02,3.02870138e-02,2.49049696e-02,2.05541264e-02,1.75259313e-02,1.50943097e-02,1.24451349e-02,9.40464755e-03,6.27359956e-03,9.96910173e-04,-2.79434591e-03,-5.17921169e-03,-8.13396255e-03,-9.80505008e-03,-1.02062412e-02,-9.24264076e-03,-7.11335565e-03,-4.56488730e-03,-3.39322652e-03,-2.15837000e-03,-2.12548700e-03,-4.54142484e-03,-7.91075135e-03,-1.12891001e-02,-1.32790262e-02,-1.42486157e-02,-1.56671659e-02,-1.84478421e-02
-3.22584720e-02,-3.19897886e-02,-3.14203448e-02,-3.38537574e-02,-3.86882301e-02,-4.35380696e-02,-4.55155147e-02,-4.55057896e-02,-4.52684675e-02,-4.71651249e-02,-4.77334393e-02,-4.92619142e-02,-4.74600379e-02,-4.46574240e-02,-4.03219153e-02,-3.42886603e-02,-2.69832987e-02,-1.87984038e-02,-1.02336672e-02,-1.84918334e-03,6.08952292e-03,1.18803093e-02,1.43220204e-02,1.51459986e-02,1.58039658e-02,1.80382520e-02,2.33283913e-02,2.84571012e-02,3.21023036e-02,3.47307724e-02,3.49129749e-02,3.42370182e-02,3.20077272e-02,2.97200366e-02,3.03919420e-02,3.15374235e-02,3.55227800e-02,3.94347603e-02,4.17839045e-02,4.38747202e-02,4.64406141e-02,5.02756635e-02,5.36671476e-02,5.52002381e-02,5.46957115e-02,5.55031925e-02,5.61877083e-02,5.49364998e-02,5.00141364e-02,4.49345539e-02,4.09900496e-02,3.73607296e-02,3.21012805e-02,2.57679314e-02,1.92070241e-02,1.26358600e-02,6.59274994e-03,-1.53049977e-03,-9.36869472e-03,-1.51072432e-02,-2.18973669e-02,-2.83810375e-02,-3.15173361e-02,-3.20425738e-02
3.88590021e-03,4.62189858e-03,4.63301740e-03,3.39219102e-03,2.63247288e-03,3.06726967e-03,3.47549294e-03,3.99469929e-03,5.76775150e-03,7.14034786e-03,9.33486520e-03,1.08004972e-02,1.07391025e-02,1.16640724e-02,1.41117204e-02,1.80948328e-02,2.04700267e-02,2.12099232e-02,2.10746217e-02,2.30317031e-02,2.41984425e-02,2.31675652e-02,2.16066425e-02,1.92280919e-02,1.95929254e-02,1.97412363e-02,2.12061056e-02,2.25912055e-02,2.38693843e-02,2.48418526e-02,2.58694819e-02,2.66394018e-02,2.64071112e-02,2.52226011e-02,2.00508658e-02,1.23466774e-02,5.86310068e-03,3.38351969e-04,-4.14074945e-03,-7.82137381e-03,-1.16994354e-02,-1.26141024e-02,-1.29065814e-02,-1.21563038e-02,-1.10956572e-02,-9.08085037e-03,-8.03287391e-03,-6.72124242e-03,-7.21271336e-03,-9.96431586e-03,-1.22314013e-02,-1.29700123e-02,-1.18441930e-02,-9.87994789e-03,-6.80408822e-03,-4.74997077e-03,-4.01119331e-03,-2.60792842e-03,-1.74476001e-03,-6.71390975e-04,1.33509604e-03,2.94889358e-03,1.76942034e-03,1.98009536e-03
-2.44899395e-02,-2.54005666e-02,-2.33213214e-02,-2.01412007e-02,-1.68951699e-02,-1.69431666e-02,-1.52926663e-02,-1.06537892e-02,-4.69809840e-03,4.63953845e-04,4.49012602e-03,9.00343137e-03,9.02590108e-03,9.64547700e-03,9.86630947e-03,7.65651836e-03,4.75804278e-03,-1.00554109e-03,-4.95465026e-03,-4.55058786e-03,-2.78057523e-03,-3.44586466e-03,-4.36768477e-03,-3.55698939e-03,-3.87555900e-03,-2.53477851e-03,-1.88559260e-03,-3.49416729e-03,-5.96234597e-03,-6.93718032e-03,-6.12291594e-03,-3.45880829e-03,8.04441425e-04,1.67639870e-03,3.54707672e-03,7.61489724e-03,1.06775899e-02,1.42060154e-02,1.89883404e-02,2.40978264e-02,3.01265388e-02,3.50158700e-02,3.95331247e-02,4.53477726e-02,4.87317997e-02,4.92803381e-02,4.76803430e-02,4.47136811e-02,4.08571348e-02,3.65723322e-02,3.25884851e-02,2.98280139e-02,2.78727665e-02,2.66554048e-02,2.24134059e-02,1.76419376e-02,9.04481605e-03,-3.43999995e-05,-6.45809600e-03,-1.12740096e-02,-1.45585656e-02,-1.69701709e-02,-1.93663197e-02,-2.29095888e-02
-1.82639847e-02,-1.65471793e-02,-1.62237279e-02,-1.60663630e-02,-1.62315948e-02,-1.38113978e-02,-1.14884659e-02,-1.04466717e-02,-9.33685176e-03,-8.55798261e-03,-1.00464458e-02,-1.24101364e-02,-1.63281387e-02,-2.05887327e-02,-2.45697301e-02,-2.82727538e-02,-3.21580324e-02,-3.58003180e-02,-3.78376463e-02,-3.54067741e-02,-3.18517809e-02,-2.89446219e-02,-2.85131657e-02,-2.87985249e-02,-2.74725383e-02,-2.57418471e-02,-2.62290317e-02,-2.81029159e-02,-2.90518497e-02,-3.00591015e-02,-3.07226290e-02,-3.07948800e-02,-3.07619524e-02,-3.07120267e-02,-3.01870357e-02,-3.08015639e-02,-3.36236043e-02,-3.56825860e-02,-3.69629373e-02,-3.80794978e-02,-3.91292473e-02,-4.04741979e-02,-4.22923601e-02,-4.29303280e-02,-3.96469410e-02,-3.89082123e-02,-3.85556565e-02,-3.80943737e-02,-3.65925893e-02,-3.58503172e-02,-3.38613904e-02,-3.16695930e-02,-3.16290550e-02,-3.02509661e-02,-2.74644136e-02,-2.60073440e-02,-2.49819297e-02,-2.63864018e-02,-2.74912323e-02,-2.82101993e-02,-2.86094159e-02,-2.89312376e-02,-2.73015341e-02,-2.34706744e-02
-9.14126568e-03,-1.18033578e-02,-1.23694034e-02,-1.03049825e-02,-7.85799247e-03,-5.50810554e-03,-3.22637516e-03,-1.79708082e-03,-3.98711404e-05,1.43900669e-03,1.93211805e-03,2.31875486e-03,3.22630463e-03,2.22194178e-03,3.83617978e-04,-3.97114148e-03,-7.94108624e-03,-1.23634348e-02,-1.66912008e-02,-1.86411455e-02,-1.84411652e-02,-1.76661243e-02,-1.96640895e-02,-2.22839869e-02,-2.31570726e-02,-2.56864454e-02,-2.82679444e-02,-3.21240349e-02,-3.49208535e-02,-3.73912112e-02,-4.01359066e-02,-4.14381678e-02,-4.31583050e-02,-4.53146223e-02,-4.42956833e-02,-4.34007903e-02,-4.28947794e-02,-3.93842563e-02,-3.42010955e-02,-2.85179881e-02,-2.31044174e-02,-1.80071607e-02,-1.16336844e-02,-5.90700676e-03,-1.57829121e-03,2.55205916e-03,4.88289971e-03,6.91486561e-03,6.13136902e-03,5.59990556e-03,5.35054153e-03,6.54989065e-03,9.33188477e-03,1.03444155e-02,8.84355302e-03,6.46830045e-03,4.45002094e-03,3.66201772e-03,4.22887221e-03,2.66865626e-03,9.37246516e-04,-1.78405732e-03,-4.04228012e-03,-6.04380662e-03
-1.29376467e-02,-7.82157596e-03,-4.07889898e-03,-2.24262827e-03,1.06678361e-03,3.12404256e-03,5.27597624e-03,8.32038783e-03,1.14057859e-02,1.23218816e-02,1.34090601e-02,1.48229900e-02,1.72438565e-02,1.94160750e-02,2.06029999e-02,2.06035203e-02,1.95403496e-02,1.92485135e-02,1.96163665e-02,2.21722493e-02,2.22248070e-02,2.08032408e-02,1.97919959e-02,1.87316955e-02,1.68541162e-02,1.15100526e-02,5.72221651e-03,-3.90679317e-04,-4.31059687e-03,-7.57679666e-03,-1.11152732e-02,-1.66715901e-02,-1.99392711e-02,-2.01918537e-02,-2.07783993e-02,-1.84803784e-02,-1.43750788e-02,-1.01983021e-02,-6.24038293e-03,-3.39210714e-03,-2.03690179e-03,2.15971324e-03,6.84601441e-03,9.56089919e-03,1.10469569e-02,1.13332869e-02,1.23985221e-02,1.31918793e-02,1.17193672e-02,9.37332521e-03,5.83375663e-03,8.50861647e-04,-4.91332503e-03,-1.07774191e-02,-1.53384161e-02,-1.87683027e-02,-2.04229267e-02,-1.92432337e-02,-1.76021998e-02,-1.53584193e-02,-1.54751773e-02,-1.75612441e-02,-1.85928544e-02,-1.69434192e-02
-2.66068897e-02,-2.11806802e-02,-1.46326574e-02,-8.60259778e-03,-1.53779388e-03,4.82041481e-03,9.13365199e-03,9.75268216e-03,9.41159680e-03,8.57819870e-03,9.11610258e-03,8.26909544e-03,8.11369743e-03,7.84055188e-03,7.79829894e-03,7.95118887e-03,7.07806351e-03,5.08073987e-03,4.17619985e-03,2.98811197e-03,3.73298175e-04,-1.15104194e-03,-1.31518175e-03,-3.15530211e-04,1.44665928e-03,2.51158535e-03,2.87341042e-03,4.03234700e-03,6.03723373e-03,9.61794495e-03,1.19805075e-02,1.26054223e-02,1.18503988e-02,1.12449657e-02,1.21077774e-02,1.28046196e-02,1.38534784e-02,1.42626414e-02,1.32448245e-02,1.14877454e-02,7.81052642e-03,2.41363672e-03,-1.23291246e-03,-5.22185040e-03,-1.01152152e-02,-1.66491099e-02,-2.41484362e-02,-2.91852507e-02,-3.18822060e-02,-3.28135416e-02,-3.45891901e-02,-3.49234189e-02,-3.41112652e-02,-3.47846678e-02,-3.37833201e-02,-3.38336133e-02,-3.37751853e-02,-3.34003054e-02,-3.11095901e-02,-2.97316326e-02,-3.01808394e-02,-3.04974276e-02,-2.96408791e-02,-2.92235182e-02
-3.67374208e-03,-2.33111429e-03,7.99135963e-04,2.98085599e-03,4.90104900e-03,7.56266660e-03,9.14966883e-03,9.70327873e-03,9.98316353e-03,9.94151007e-03,1.03767527e-02,8.24108793e-03,4.05326133e-03,1.91130053e-03,4.40755693e-04,-1.40597708e-04,9.69838875e-04,2.23571596e-03,5.55949706e-03,9.96366080e-03,1.52938983e-02,1.98933452e-02,2.25338910e-02,2.46898595e-02,2.39638749e-02,2.44064983e-02,2.61492047e-02,2.72292487e-02,2.35442383e-02,1.95041594e-02,1.58840137e-02,1.06535258e-02,6.05602795e-03,2.96548459e-03,-1.43446430e-03,-6.40954600e-03,-1.01497646e-02,-1.29294621e-02,-1.54457399e-02,-1.64209565e-02,-1.80937351e-02,-1.98427404e-02,-1.98248052e-02,-1.86327002e-02,-1.80050801e-02,-1.75261077e-02,-1.87181072e-02,-1.83004839e-02,-1.77785529e-02,-1.84823504e-02,-1.88015308e-02,-1.80093346e-02,-1.89809842e-02,-1.98468536e-02,-1.79300171e-02,-1.69577285e-02,-1.41201274e-02,-9.37644043e-03,-4.61927665e-03,-1.81801941e-03,-2.50872483e-04,-7.54658409e-04,-2.40727679e-03,-3.67339117e-03
2.13136410e-03,-4.69304166e-04,-2.71290483e-03,-1.85606942e-03,-3.68201443e-03,-5.17872693e-03,-6.92331241e-03,-8.47957129e-03,-8.19406468e-03,-8.69505311e-03,-1.04794512e-02,-1.37883546e-02,-1.98829315e-02,-2.57819795e-02,-3.05108229e-02,-3.33241003e-02,-3.49793030e-02,-3.55653996e-02,-3.51240499e-02,-3.49596609e-02,-3.33701241e-02,-3.13845529e-02,-2.86452608e-02,-2.75255844e-02,-2.37993010e-02,-2.10864241e-02,-1.97638223e-02,-1.93855819e-02,-1.90658947e-02,-1.72780829e-02,-1.56032889e-02,-1.41530587e-02,-1.54479299e-02,-1.71394193e-02,-1.86649707e-02,-1.67081746e-02,-1.32249004e-02,-1.09843014e-02,-8.04251307e-03,-3.42295371e-03,1.58726316e-03,4.53628468e-03,8.71373137e-03,9.24574514e-03,8.97923596e-03,7.40894542e-03,4.44443473e-03,4.43128273e-03,5.35144604e-03,3.84333773e-03,3.18264212e-03,2.46040246e-03,1.35287347e-04,-2.66600199e-03,-5.06546052e-03,-4.41891622e-03,-2.11373087e-03,-1.08855548e-03,-3.08438116e-04,1.43200431e-03,2.69936760e-03,3.60890707e-03,3.05923594e-03,3.33534639e-03
4.14331335e-04,-3.24945117e-03,-6.10433563e-03,-1.04263415e-02,-1.49149886e-02,-1.95458544e-02,-2.12239486e-02,-2.05610300e-02,-1.81403501e-02,-1.57026176e-02,-1.28257395e-02,-1.10305316e-02,-1.02788454e-02,-9.19458905e-03,-9.82000168e-03,-9.59764374e-03,-6.28925936e-03,-9.33371633e-05,5.85493808e-03,8.93153685e-03,1.21489413e-02,1.66887464e-02,1.89814735e-02,2.04360846e-02,1.86131316e-02,1.56155352e-02,1.12778465e-02,6.93197452e-03,9.53275115e-04,-1.79018936e-03,-6.12914762e-03,-1.07915395e-02,-1.24720443e-02,-1.26895077e-02,-1.23822922e-02,-1.04964891e-02,-4.99143369e-03,6.73165045e-04,3.45156356e-03,4.95397304e-03,4.85190326e-03,1.58187960e-03,-4.45432050e-03,-7.89838319e-03,-7.87471402e-03,-6.86421108e-03,-5.62321358e-03,-2.72757151e-03,8.16059313e-04,4.14230571e-03,6.54365669e-03,8.61809800e-03,1.08540325e-02,1.29410165e-02,1.30195904e-02,1.46322617e-02,1.79879668e-02,1.95835114e-02,1.78762620e-02,1.59991028e-02,1.44649986e-02,1.29492456e-02,9.93440999e-03,5.43897209e-03
8.09312982e-03,3.70355946e-03,-1.07176839e-03,-6.83372487e-03,-1.51096195e-02,-2.19736967e-02,-2.77001910e-02,-3.43160099e-02,-3.88921849e-02,-4.25435391e-02,-4.55517299e-02,-4.60876718e-02,-4.61345717e-02,-4.49503026e-02,-4.46781875e-02,-4.45417641e-02,-4.51443207e-02,-4.65910684e-02,-4.67819647e-02,-4.54514382e-02,-4.37114491e-02,-3.90434095e-02,-3.46591630e-02,-2.84782486e-02,-2.31768026e-02,-1.71040273e-02,-1.23025227e-02,-8.73913668e-03,-6.11074413e-03,-3.55941992e-03,-1.11448712e-03,1.05451514e-03,1.91890550e-03,2.82480608e-03,2.85982063e-03,2.99061675e-03,2.16890560e-04,-4.55024764e-03,-1.05226464e-02,-1.61287829e-02,-2.00321997e-02,-2.31798918e-02,-2.44595866e-02,-2.54181016e-02,-2.47739395e-02,-2.51118352e-02,-2.56562544e-02,-2.54321000e-02,-2.22197824e-02,-1.67018420e-02,-1.24832670e-02,-7.67008747e-03,-2.18668117e-03,1.84513185e-03,6.43825326e-03,9.73366903e-03,9.58089680e-03,8.80708901e-03,9.47692991e-03,9.11518025e-03,8.13459562e-03,8.79140514e-03,1.03237601e-02,1.06089835e-02
-1.04772610e-03,1.82897543e-03,4.68278536e-03,7.40921344e-03,9.95487933e-03,1.32796708e-02,1.53262677e-02,1.56597964e-02,1.56218738e-02,1.50741294e-02,1.32524573e-02,1.01895874e-02,6.75725011e-03,4.94896440e-03,4.68402607e-03,3.67668760e-03,-1.06232597e-03,-5.74001351e-03,-1.01908412e-02,-1.21356525e-02,-1.24043147e-02,-1.27515119e-02,-1.49746421e-02,-1.87309268e-02,-2.30443245e-02,-2.89769940e-02,-3.15918887e-02,-3.21839984e-02,-3.26125940e-02,-3.11254758e-02,-2.96711995e-02,-2.86528195e-02,-2.95009906e-02,-3.00113493e-02,-2.90433986e-02,-2.82883160e-02,-2.63883928e-02,-2.68385888e-02,-2.98617738e-02,-3.14743215e-02,-3.10910175e-02,-2.96354728e-02,-2.68952460e-02,-2.40467975e-02,-2.24192621e-02,-1.91689548e-02,-1.53308530e-02,-1.02510713e-02,-7.18364353e-03,-7.50537474e-03,-6.68394063e-03,-6.74510142e-03,-8.36413471e-03,-9.12374407e-03,-1.07728495e-02,-1.20946212e-02,-1.36352723e-02,-1.44561496e-02,-1.30742288e-02,-1.11233687e-02,-7.26232483e-03,-3.69976023e-03,-1.81448304e-03,-9.52844564e-04
3.55136761e-02,3.65760653e-02,3.57940649e-02,3.42882816e-02,3.10250787e-02,2.92356254e-02,2.79803761e-02,2.69005908e-02,2.32900959e-02,2.02618572e-02,1.75380164e-02,1.50282800e-02,1.01238865e-02,5.38888692e-03,1.24268519e-03,-3.47168402e-03,-7.72555932e-03,-9.38710273e-03,-1.08937752e-02,-1.36764155e-02,-1.54102079e-02,-1.56967653e-02,-1.65794436e-02,-1.52456577e-02,-1.32994232e-02,-1.27761485e-02,-1.25875811e-02,-1.17135743e-02,-1.33002770e-02,-1.49632144e-02,-1.62292522e-02,-1.73631233e-02,-1.84163106e-02,-1.96246363e-02,-2.08885321e-02,-2.31995293e-02,-2.53977770e-02,-2.49033906e-02,-2.69437502e-02,-2.85423862e-02,-3.05196787e-02,-3.31605431e-02,-3.60460816e-02,-3.80623620e-02,-3.80986163e-02,-3.91714835e-02,-3.74489945e-02,-3.29035120e-02,-2.79090142e-02,-2.15081685e-02,-1.34676803e-02,-7.10589159e-03,5.00026339e-04,8.39433801e-03,1.36716920e-02,1.75808636e-02,2.18300855e-02,2.60862736e-02,2.94506634e-02,3.09664184e-02,3.01692590e-02,3.15585239e-02,3.30082998e-02,3.43448868e-02
-8.39773861e-03,-9.25019027e-03,-1.01589210e-02,-1.17298754e-02,-1.38363691e-02,-1.55860944e-02,-1.50777427e-02,-1.43649217e-02,-1.54183284e-02,-1.77495265e-02,-1.99092325e-02,-2.02109465e-02,-1.90890930e-02,-1.83911235e-02,-1.56478048e-02,-1.07076140e-02,-7.32382412e-03,-2.91095616e-03,1.21055311e-03,3.70741090e-03,6.90015280e-03,1.06054958e-02,1.29746009e-02,1.66974876e-02,2.00817418e-02,2.27370653e-02,2.77601675e-02,3.34053202e-02,3.86860037e-02,4.45441539e-02,4.92995841e-02,5.28333778e-02,5.33886071e-02,5.22221638e-02,4.91800575e-02,4.37100564e-02,3.91192274e-02,3.79226696e-02,3.67537671e-02,3.70953099e-02,3.90996737e-02,4.10123110e-02,4.15160986e-02,4.13655834e-02,4.21669576e-02,4.24583883e-02,4.05870987e-02,3.71401046e-02,3.33779079e-02,2.97841532e-02,2.29031319e-02,1.44955812e-02,8.41339820e-03,6.60267693e-04,-6.38872929e-03,-1.21500661e-02,-1.45893278e-02,-1.57537758e-02,-1.54191436e-02,-1.38989681e-02,-1.10490248e-02,-9.09602391e-03,-7.32591779e-03,-6.46763586e-03
-2.81312871e-03,1.99689385e-03,5.31931883e-03,5.88240429e-03,7.64620231e-03,1.05356271e-02,1.27809168e-02,1.49048756e-02,1.54414227e-02,1.55643380e-02,1.61433069e-02,1.64386171e-02,1.61853929e-02,1.39327631e-02,9.86207205e-03,6.90723600e-03,-6.85148829e-05,-7.83984171e-03,-1.41041887e-02,-2.03659017e-02,-2.51890056e-02,-2.68409387e-02,-2.71315260e-02,-2.72650496e-02,-2.58441900e-02,-2.81522086e-02,-3.16279970e-02,-3.55243042e-02,-3.85001833e-02,-3.94726660e-02,-3.87109357e-02,-3.50815472e-02,-3.24740124e-02,-3.34834133e-02,-3.21994418e-02,-3.23160634e-02,-3.25370052e-02,-3.30648639e-02,-3.38343453e-02,-3.28494417e-02,-3.24071183e-02,-3.25093855e-02,-3.58092854e-02,-3.93078391e-02,-4.10602429e-02,-4.20860023e-02,-4.37992893e-02,-4.46843235e-02,-4.44585334e-02,-4.78463381e-02,-5.18351472e-02,-5.30852896e-02,-5.30525754e-02,-5.20614216e-02,-5.05970837e-02,-4.63069098e-02,-4.18145427e-02,-3.79696800e-02,-3.54418513e-02,-3.31839837e-02,-2.89143328e-02,-2.51384926e-02,-1.96871199e-02,-1.09512403e-02
2.09948455e-02,2.12502691e-02,2.18607110e-02,2.08887113e-02,1.91163486e-02,1.52405490e-02,1.00760093e-02,5.05065843e-03,2.30991103e-04,-3.37164442e-03,-7.15788881e-03,-8.50459278e-03,-8.59038844e-03,-7.98944677e-03,-8.89730733e-03,-9.06294128e-03,-8.12925614e-03,-5.48957385e-03,-3.92037551e-03,-4.27422416e-03,-3.31800390e-03,-2.08771338e-03,-7.08409216e-04,-2.57536806e-04,-1.03503082e-03,-8.01591291e-04,-3.33941853e-04,-2.37208076e-04,-1.31870105e-03,-3.51886750e-03,-3.03000184e-03,-1.48165431e-03,-6.92972854e-04,-5.33478693e-04,-3.42734398e-04,-2.43108859e-03,-3.71759349e-03,-3.18811637e-03,-3.75811151e-03,-3.89834317e-03,-2.65672462e-03,1.47004342e-03,5.71806481e-03,1.07536768e-02,1.64787217e-02,2.18023825e-02,2.49925218e-02,2.64517131e-02,2.84672557e-02,3.14366254e-02,3.46219343e-02,3.50353605e-02,3.23565213e-02,2.99984884e-02,2.92477273e-02,2.90388920e-02,2.74455535e-02,2.32233943e-02,2.04394367e-02,1.88617003e-02,1.95061108e-02,1.99607438e-02,2.04189991e-02,2.09148887e-02
-9.46119257e-03,-8.10180611e-03,-6.06715027e-03,-4.92309077e-03,-6.48550250e-03,-7.67308713e-03,-7.23083990e-03,-5.91094050e-03,-2.79177327e-03,-3.98772400e-04,1.19904206e-04,6.24747862e-04,3.87889418e-04,-2.26109655e-03,-7.04323254e-03,-1.09849226e-02,-1.00630314e-02,-7.74055105e-03,-5.36763781e-03,-3.32892758e-03,5.89793218e-04,4.30999618e-03,5.20623888e-03,3.86498167e-03,9.62548096e-04,-3.00529176e-03,-7.48946742e-03,-9.69017241e-03,-1.18423567e-02,-1.48256042e-02,-1.78127907e-02,-2.11538956e-02,-2.34992722e-02,-2.86503396e-02,-2.98781250e-02,-2.57652309e-02,-1.99107582e-02,-1.36742527e-02,-1.07721541e-02,-1.07328452e-02,-1.11973614e-02,-1.18375923e-02,-1.14698231e-02,-1.07190242e-02,-9.89068349e-03,-1.16404791e-02,-1.16823887e-02,-9.14338001e-03,-6.61839344e-03,-5.59417898e-03,-5.58324318e-03,-6.88978745e-03,-8.40868187e-03,-1.12971529e-02,-1.29124286e-02,-1.54684810e-02,-1.88883583e-02,-2.18682774e-02,-2.51066163e-02,-2.40504276e-02,-2.09739444e-02,-1.67493970e-02,-1.39195382e-02,-1.18214231e-02
-1.05640826e-02,-1.47214272e-02,-1.87396227e-02,-2.24110940e-02,-2.17599631e-02,-1.95692462e-02,-1.79565711e-02,-1.92970637e-02,-2.33157939e-02,-2.60117615e-02,-2.95691003e-02,-3.32703193e-02,-3.58750930e-02,-3.82990263e-02,-3.95182894e-02,-3.88139160e-02,-3.72627702e-02,-3.57378765e-02,-3.42722089e-02,-3.05469802e-02,-2.59573482e-02,-2.21859404e-02,-1.91280823e-02,-1.87969077e-02,-1.94605701e-02,-1.96190375e-02,-1.81942642e-02,-1.88490523e-02,-1.86803256e-02,-1.81931753e-02,-1.94180124e-02,-2.07208027e-02,-1.99403175e-02,-1.82284225e-02,-1.57205702e-02,-1.51058954e-02,-1.35598569e-02,-1.25148357e-02,-1.38821749e-02,-1.60616609e-02,-1.87386957e-02,-2.17893541e-02,-2.66611274e-02,-2.97624234e-02,-3.03953728e-02,-3.19030342e-02,-3.21379295e-02,-2.87910078e-02,-2.52171971e-02,-1.98938582e-02,-1.47387235e-02,-1.06094527e-02,-6.34869307e-03,-2.24414657e-03,-1.44749388e-03,-5.63348818e-04,1.96860662e-03,1.73801953e-03,2.96423966e-03,2.06688113e-03,1.65699030e-03,-5.24742003e-04,-2.01894696e-03,-6.17820993e-03
-9.28658471e-03,-8.62989082e-03,-6.73294221e-03,-2.31510095e-03,1.42904192e-03,6.30447895e-03,1.11878524e-02,1.53298160e-02,1.71694984e-02,1.59948439e-02,1.68975635e-02,1.62427510e-02,1.43669318e-02,1.22912543e-02,7.83732268e-03,5.47127364e-03,4.68980897e-03,7.17347274e-03,9.66073947e-03,1.17972500e-02,1.46242101e-02,1.79501005e-02,1.96985324e-02,1.99417898e-02,2.16248095e-02,2.29107392e-02,2.28981890e-02,2.29167951e-02,2.05634041e-02,1.59423758e-02,1.06164383e-02,6.77856839e-03,1.97659355e-03,-3.62965847e-03,-6.19562267e-03,-8.01261619e-03,-8.74591910e-03,-8.39273470e-03,-9.61546442e-03,-8.59909133e-03,-5.89929269e-03,-6.65283116e-03,-6.89376614e-03,-5.50264898e-03,-3.34177332e-03,2.46877508e-04,3.02335003e-03,2.66359531e-03,1.90895763e-03,-1.49122600e-04,-2.58115368e-03,-3.83505163e-03,-8.99872196e-03,-1.43414120e-02,-1.94793822e-02,-2.15842054e-02,-2.40843714e-02,-2.64618974e-02,-2.56595119e-02,-2.29772258e-02,-1.93101037e-02,-1.52051889e-02,-1.25422515e-02,-1.04965851e-02
6.42303920e-03,1.07238601e-02,1.42421546e-02,1.51809694e-02,1.26304885e-02,7.50429556e-03,-3.06285788e-04,-5.11166973e-03,-9.42188694e-03,-1.24287097e-02,-1.37790203e-02,-1.44177826e-02,-1.67914436e-02,-1.88326545e-02,-2.16914838e-02,-2.44083982e-02,-2.77844207e-02,-3.01778166e-02,-3.12706093e-02,-3.11081538e-02,-2.73997570e-02,-2.35573016e-02,-2.10771084e-02,-2.08808195e-02,-2.19338052e-02,-2.07844312e-02,-1.91983514e-02,-1.63637550e-02,-1.45858176e-02,-1.19212480e-02,-1.15829650e-02,-1.25274355e-02,-1.18046265e-02,-1.14673024e-02,-1.11940994e-02,-9.24616565e-03,-7.58356660e-03,-7.67684270e-03,-7.89792726e-03,-1.02005087e-02,-1.27040624e-02,-1.30605166e-02,-1.33830164e-02,-1.40637319e-02,-1.63798892e-02,-1.95169501e-02,-1.98901624e-02,-1.84805163e-02,-1.75579523e-02,-1.63949935e-02,-1.43871480e-02,-1.11919193e-02,-9.03182221e-03,-7.68508042e-03,-8.60051799e-03,-1.10380666e-02,-1.32336452e-02,-1.43687355e-02,-1.31140339e-02,-1.25935670e-02,-9.38806332e-03,-5.62170395e-03,-1.34141922e-03,2.61180873e-03
1.77483458e-02,1.52006311e-02,1.28783110e-02,1.22914617e-02,1.17358050e-02,1.13199756e-02,1.05279591e-02,1.03154832e-02,1.08358103e-02,1.07541427e-02,1.05073202e-02,8.96633627e-03,6.69249410e-03,3.93349030e-03,3.10158700e-03,5.92326165e-04,-1.97749838e-03,-3.87057386e-03,-6.60701978e-03,-1.06377097e-02,-1.59491885e-02,-2.29603024e-02,-2.90183102e-02,-3.38339211e-02,-3.79721133e-02,-3.92523671e-02,-4.06756061e-02,-4.12921497e-02,-4.25341705e-02,-4.58753646e-02,-4.87768128e-02,-5.11446878e-02,-5.24152182e-02,-5.55445799e-02,-5.96733791e-02,-5.94963092e-02,-5.69424911e-02,-5.40827878e-02,-5.32397701e-02,-5.21670504e-02,-5.02431410e-02,-4.79622149e-02,-4.69864174e-02,-4.36139745e-02,-3.98508521e-02,-3.40889897e-02,-2.65922895e-02,-2.00095991e-02,-1.67467154e-02,-1.59488025e-02,-1.61351013e-02,-1.47667533e-02,-1.27253986e-02,-1.02021724e-02,-6.30412287e-03,-1.73639240e-03,3.30619245e-03,8.11234728e-03,1.26747578e-02,1.79477504e-02,2.32403372e-02,2.53696223e-02,2.40090915e-02,2.06856038e-02
-4.03475367e-03,-4.09782268e-03,-4.60979021e-03,-3.01523567e-03,-4.58537800e-03,-5.07260917e-03,-4.46455669e-03,-4.19609803e-03,-3.06898345e-03,-1.51139682e-03,-1.33122926e-03,4.33396699e-04,1.91142135e-03,2.98506275e-03,5.34000837e-03,9.01152515e-03,1.14951846e-02,1.31274169e-02,1.49967444e-02,1.55507027e-02,1.35829427e-02,1.17515507e-02,1.13795751e-02,1.17729727e-02,1.16549425e-02,1.05468915e-02,1.23198242e-02,1.36880547e-02,1.47994310e-02,1.33391764e-02,1.02570297e-02,8.16540373e-03,5.43083553e-03,-7.88353529e-04,-5.84979502e-03,-7.60599723e-03,-6.63923873e-03,-6.00674745e-03,-8.04959664e-03,-9.83198954e-03,-1.02277596e-02,-1.09241849e-02,-1.17609637e-02,-1.34081200e-02,-1.46882689e-02,-1.43674715e-02,-1.36785892e-02,-1.41583295e-02,-1.43201032e-02,-1.24367267e-02,-1.01867837e-02,-9.15435134e-03,-7.60794199e-03,-5.89610521e-03,-3.44321075e-03,-6.41015713e-04,7.30214325e-04,1.29407056e-03,2.88816989e-03,1.89904711e-03,1.16139697e-03,-1.80076359e-05,-2.39488135e-03,-3.29704649e-03
-1.44228438e-02,-1.12450703e-02,-5.96283618e-03,-2.18863883e-03,-1.94338047e-03,-3.52711993e-03,-4.56094695e-03,-3.79487784e-03,-2.28512274e-03,1.05521569e-03,3.39689003e-03,2.27934056e-03,5.27808757e-04,-9.65004800e-04,-3.41327337e-04,1.82138779e-04,-1.25073147e-03,-2.73609089e-03,-3.05656768e-03,-1.83207967e-03,-3.35384596e-04,2.15851059e-03,5.20728529e-03,7.46159996e-03,7.12205969e-03,6.71929033e-03,5.87036318e-03,6.55268965e-03,7.61306693e-03,6.87230177e-03,6.40163815e-03,5.30080486e-03,5.61496066e-03,6.93987638e-03,9.81913899e-03,1.18145544e-02,1.45752401e-02,1.67299433e-02,1.83889046e-02,2.23723803e-02,2.31925642e-02,2.32793167e-02,2.24536395e-02,2.01237253e-02,1.83463542e-02,1.78389304e-02,1.64069968e-02,1.47246976e-02,1.43204859e-02,1.30690725e-02,1.18326423e-02,9.81134594e-03,9.05008244e-03,7.47225640e-03,5.18293141e-03,4.23733548e-03,1.02699282e-03,-4.26521229e-03,-8.36142927e-03,-1.11968269e-02,-1.38938549e-02,-1.68513433e-02,-1.86448392e-02,-1.68629043e-02
4.67109663e-03,6.12216839e-03,7.15374349e-03,8.34475178e-03,1.02710785e-02,1.37865647e-02,1.60120979e-02,1.92986509e-02,2.26028486e-02,2.35405143e-02,2.31399240e-02,2.41329022e-02,2.55483553e-02,2.72708848e-02,3.02719167e-02,3.41714073e-02,3.74514750e-02,3.98880812e-02,4.01446661e-02,4.15428385e-02,4.36342726e-02,4.48466776e-02,4.64130619e-02,4.75349392e-02,4.78001483e-02,4.65245919e-02,4.60755265e-02,4.50447589e-02,4.30344083e-02,3.90160128e-02,3.63392382e-02,3.49635699e-02,3.31672719e-02,3.16620439e-02,3.06045345e-02,2.99731104e-02,2.96874033e-02,2.86904223e-02,2.85559241e-02,2.74661885e-02,2.69330234e-02,2.65422092e-02,2.36304887e-02,2.03360614e-02,1.77289236e-02,1.66164560e-02,1.61383038e-02,1.62669175e-02,1.97448806e-02,2.26018058e-02,2.38484466e-02,2.51637723e-02,2.53876909e-02,2.16253167e-02,1.71491167e-02,1.40556812e-02,1.16250302e-02,8.40415320e-03,6.09581692e-03,3.09137622e-03,1.91851942e-03,1.43717854e-03,2.87864130e-03,3.12852874e-03
-4.90793080e-02,-4.83294483e-02,-4.96448606e-02,-5.06081574e-02,-5.08732242e-02,-4.84523619e-02,-4.52720013e-02,-4.23203932e-02,-4.01132673e-02,-3.77173315e-02,-3.49911197e-02,-3.34174198e-02,-3.36433137e-02,-3.74850698e-02,-3.96403063e-02,-3.99399714e-02,-3.97584783e-02,-4.00365847e-02,-4.24494341e-02,-4.43696984e-02,-4.32990470e-02,-4.07141609e-02,-3.73386434e-02,-3.47097659e-02,-3.12275233e-02,-2.90884913e-02,-2.68808481e-02,-2.39920155e-02,-2.23536406e-02,-2.34981191e-02,-2.54764764e-02,-2.72983724e-02,-2.94437142e-02,-2.97055237e-02,-3.01813857e-02,-3.08212283e-02,-3.16345406e-02,-2.95849175e-02,-2.52062547e-02,-2.39844980e-02,-2.26440639e-02,-2.20802883e-02,-2.20242568e-02,-2.22301563e-02,-2.41922383e-02,-2.42713259e-02,-2.41962827e-02,-2.49337302e-02,-2.34992352e-02,-2.15558521e-02,-2.06272883e-02,-2.23517367e-02,-2.53356634e-02,-2.81066722e-02,-2.88759677e-02,-3.05380422e-02,-3.33484968e-02,-3.66216135e-02,-4.16639051e-02,-4.70015079e-02,-5.06054777e-02,-5.27222670e-02,-5.19844815e-02,-5.11272084e-02
-5.57624799e-02,-5.53452404e-02,-5.46250293e-02,-5.38025216e-02,-5.11677137e-02,-4.92381940e-02,-4.80459163e-02,-4.73521116e-02,-4.74454572e-02,-4.42799400e-02,-4.02443318e-02,-3.49789921e-02,-2.89622760e-02,-2.15776125e-02,-1.34522719e-02,-5.75797311e-03,2.71561415e-03,1.13286727e-02,1.75049632e-02,2.19124389e-02,2.29390404e-02,2.20763096e-02,2.22883141e-02,2.23355212e-02,2.12713399e-02,1.98925127e-02,1.90288643e-02,1.76804529e-02,1.61582231e-02,1.37701913e-02,1.02984649e-02,7.25604282e-03,4.45982113e-03,1.16955774e-03,-4.46487622e-03,-8.04014893e-03,-9.10061002e-03,-1.15579917e-02,-1.43302066e-02,-1.74767756e-02,-2.02968462e-02,-2.47329065e-02,-2.84586980e-02,-3.02300001e-02,-3.05941279e-02,-2.94894003e-02,-2.87733323e-02,-2.71194672e-02,-2.32066800e-02,-1.98316030e-02,-1.95851558e-02,-2.02260448e-02,-2.21494134e-02,-2.72123916e-02,-3.34347481e-02,-3.72863433e-02,-4.10967234e-02,-4.24718796e-02,-4.32113899e-02,-4.56406095e-02,-4.96015536e-02,-5.22072214e-02,-5.40967788e-02,-5.55436777e-02
-4.17985239e-02,-4.13312474e-02,-4.28035591e-02,-4.16767104e-02,-3.84873092e-02,-3.77268972e-02,-3.72160397e-02,-3.51821099e-02,-3.29328379e-02,-3.27089135e-02,-3.29315017e-02,-3.11917446e-02,-2.95895587e-02,-2.69208207e-02,-2.54472541e-02,-2.36346560e-02,-2.35462877e-02,-2.64951146e-02,-2.82009632e-02,-2.82316084e-02,-2.60672746e-02,-2.40887453e-02,-2.14720558e-02,-1.99018320e-02,-1.85337480e-02,-1.61625374e-02,-1.44513090e-02,-1.29697451e-02,-1.13972334e-02,-9.73577270e-03,-8.00419173e-03,-6.34571377e-03,-5.94056315e-03,-5.79360737e-03,-3.54338347e-03,-3.03641123e-04,2.85326714e-03,1.96263495e-03,-1.92089067e-03,-6.19907451e-03,-1.15941232e-02,-1.90100706e-02,-2.59797098e-02,-3.01756912e-02,-3.30649716e-02,-3.30223205e-02,-3.24186501e-02,-3.30942680e-02,-3.54722350e-02,-3.85776837e-02,-4.12575101e-02,-4.03189488e-02,-4.03092945e-02,-4.19849895e-02,-4.45640641e-02,-4.58148742e-02,-4.70590224e-02,-4.63226374e-02,-4.56245912e-02,-4.55437053e-02,-4.65871133e-02,-4.67465425e-02,-4.50299269e-02,-4.28363031e-02
-3.25071040e-02,-3.13298964e-02,-3.13821141e-02,-3.34183587e-02,-3.54605850e-02,-3.69079862e-02,-3.77995877e-02,-3.80698245e-02,-3.90219516e-02,-3.82609001e-02,-3.74734466e-02,-3.71418365e-02,-3.47075596e-02,-3.38001908e-02,-3.34129477e-02,-3.27083569e-02,-3.35564004e-02,-3.27706521e-02,-3.09234897e-02,-3.01428695e-02,-2.91565424e-02,-2.95359672e-02,-3.12361838e-02,-3.34651501e-02,-3.76645711e-02,-4.30864222e-02,-4.88178193e-02,-5.34487080e-02,-5.87224786e-02,-6.30097200e-02,-6.63508278e-02,-6.81438432e-02,-6.94515390e-02,-7.21105231e-02,-7.40316525e-02,-7.55625351e-02,-7.49661929e-02,-7.33711275e-02,-7.09845813e-02,-6.81604990e-02,-6.29081909e-02,-5.71036770e-02,-4.97486235e-02,-4.38778420e-02,-3.89945001e-02,-3.44748845e-02,-3.09615621e-02,-2.62040891e-02,-2.19214416e-02,-2.04951270e-02,-2.17925249e-02,-2.33718493e-02,-2.49909278e-02,-2.56321651e-02,-2.69949028e-02,-2.82670596e-02,-3.05896467e-02,-3.26022867e-02,-3.27239246e-02,-3.12867850e-02,-3.15624939e-02,-3.11834460e-02,-3.10263856e-02,-3.22525998e-02
-7.81510121e-02,-7.81288884e-02,-7.71423917e-02,-7.72341690e-02,-7.80371575e-02,-8.00926604e-02,-8.09573022e-02,-8.11608806e-02,-8.13406092e-02,-7.98077288e-02,-7.48958594e-02,-6.97026919e-02,-6.69909475e-02,-6.65363582e-02,-6.54213152e-02,-6.54815926e-02,-6.51257224e-02,-6.30673342e-02,-5.79725289e-02,-5.10600827e-02,-4.58693865e-02,-4.00436256e-02,-3.50076348e-02,-3.08891970e-02,-2.60508505e-02,-2.13465208e-02,-1.70433148e-02,-1.21249697e-02,-6.66259534e-03,-2.45319889e-03,3.21058410e-04,1.15423777e-03,-1.43832976e-03,-5.15585723e-03,-8.53687800e-03,-1.13213670e-02,-1.62364584e-02,-1.92334964e-02,-2.37231937e-02,-2.78429145e-02,-3.10629077e-02,-3.29610661e-02,-3.68874202e-02,-3.85070617e-02,-4.11003293e-02,-4.39182222e-02,-4.54070815e-02,-4.76772226e-02,-5.10286191e-02,-5.38326262e-02,-5.69305753e-02,-5.85798979e-02,-5.94013348e-02,-6.12603248e-02,-6.35505959e-02,-6.47617259e-02,-6.50231661e-02,-6.55911258e-02,-6.53955457e-02,-6.71437409e-02,-6.96669866e-02,-7.28470579e-02,-7.61182084e-02,-7.71981299e-02
2.29119878e-02,2.21842988e-02,1.85124790e-02,1.38852008e-02,7.65911797e-03,3.36054937e-03,-1.25289846e-03,-2.88391152e-03,-3.82774768e-03,-4.22420201e-03,-2.14274134e-03,-2.28921515e-04,2.14981009e-03,4.87865806e-03,7.80149805e-03,7.49215087e-03,5.85341978e-03,4.66970708e-03,2.50949405e-03,3.43425803e-03,5.63004325e-03,7.66833595e-03,9.61695183e-03,9.42142760e-03,7.34188481e-03,3.92870570e-03,2.22789105e-03,5.67197922e-04,-1.74038258e-03,-4.74688685e-03,-6.40602238e-03,-7.08541320e-03,-7.67056552e-03,-8.16195278e-03,-1.00562726e-02,-1.24930148e-02,-1.53905405e-02,-1.66121973e-02,-1.55607314e-02,-1.30895023e-02,-9.96515440e-03,-6.24431454e-03,-9.46153702e-04,2.76681740e-03,6.26607542e-03,9.79506338e-03,1.34973531e-02,1.49384512e-02,1.48460734e-02,1.38283799e-02,1.42909741e-02,1.48112049e-02,1.48019058e-02,1.51859927e-02,1.64708788e-02,1.55505410e-02,1.57825564e-02,1.58592920e-02,1.81024792e-02,1.79605468e-02,1.62161971e-02,1.73262102e-02,2.00359548e-02,2.11334632e-02
-1.74077757e-02,-1.24857750e-02,-9.93418293e-03,-9.59126862e-03,-9.96576462e-03,-9.83193434e-03,-1.11396875e-02,-1.22259918e-02,-1.22707739e-02,-1.37708997e-02,-1.40967749e-02,-1.38722808e-02,-1.30391055e-02,-1.19499864e-02,-1.16746515e-02,-9.82893567e-03,-9.08575782e-03,-9.93790790e-03,-1.10203319e-02,-9.19934434e-03,-7.69760392e-03,-6.47806369e-03,-4.91600192e-03,-3.46273841e-03,-2.46973780e-03,-2.39140953e-03,-2.55340339e-03,-5.65609636e-03,-8.58998316e-03,-1.15988201e-02,-1.64710932e-02,-1.68256889e-02,-1.50277311e-02,-1.48202490e-02,-1.41813812e-02,-1.37295787e-02,-1.25030941e-02,-1.25144689e-02,-1.01319826e-02,-8.66610345e-03,-1.09369578e-02,-1.40993060e-02,-1.94553496e-02,-2.34602401e-02,-2.54964210e-02,-2.85109226e-02,-3.10095982e-02,-3.25098075e-02,-3.44836134e-02,-3.44413897e-02,-3.34104024e-02,-3.61583867e-02,-3.98824630e-02,-4.16619851e-02,-4.31357860e-02,-4.41904057e-02,-4.70281048e-02,-4.75005090e-02,-4.64158837e-02,-4.46387895e-02,-4.06431139e-02,-3.54141558e-02,-2.96077777e-02,-2.42553980e-02
-2.73009053e-02,-2.65812332e-02,-2.52133139e-02,-2.19634756e-02,-2.02726362e-02,-1.87260630e-02,-1.72723025e-02,-1.74035410e-02,-1.98553140e-02,-1.88492281e-02,-1.68678688e-02,-1.54545357e-02,-1.32451931e-02,-1.12307740e-02,-1.05556387e-02,-1.02422399e-02,-1.06361253e-02,-1.03608565e-02,-1.28107809e-02,-1.56401991e-02,-1.66493576e-02,-1.70955010e-02,-1.71502784e-02,-1.67082144e-02,-1.82465049e-02,-2.01041911e-02,-2.09284199e-02,-1.99767120e-02,-1.84789577e-02,-1.53502839e-02,-1.45250910e-02,-1.44673611e-02,-1.37270063e-02,-1.57653720e-02,-1.80261899e-02,-1.86398756e-02,-1.80547482e-02,-1.70956474e-02,-1.18125666e-02,-5.56916657e-03,-1.14821836e-03,3.73565939e-03,7.43439609e-03,9.11370456e-03,9.67812368e-03,8.04249942e-03,5.88929046e-03,7.64729210e-04,-4.95001985e-03,-9.57668316e-03,-1.15761334e-02,-1.50223776e-02,-1.80563980e-02,-2.43162467e-02,-2.80134290e-02,-3.07420618e-02,-3.28114152e-02,-3.42047171e-02,-3.45693931e-02,-3.18398185e-02,-3.06141668e-02,-2.93098155e-02,-2.68316114e-02,-2.65669526e-02
3.84678263e-02,4.23076326e-02,4.61124143e-02,5.04796188e-02,5.38148690e-02,5.73106549e-02,5.86746962e-02,5.92369288e-02,5.90195283e-02,5.65146057e-02,5.29613229e-02,5.20486766e-02,5.21584751e-02,5.27444669e-02,5.45806959e-02,5.58665212e-02,5.68404229e-02,5.60273793e-02,5.31079415e-02,5.22029066e-02,5.23715546e-02,5.10838832e-02,5.16040646e-02,5.23109058e-02,5.06002114e-02,5.14683955e-02,4.97311977e-02,4.81966548e-02,4.64596047e-02,4.35168246e-02,4.03780312e-02,3.77944652e-02,3.55953450e-02,3.08010752e-02,2.69892217e-02,2.40294123e-02,2.03017949e-02,1.59889154e-02,1.68346904e-02,1.81713577e-02,1.92510627e-02,2.12736062e-02,2.13201465e-02,2.21476531e-02,2.31532435e-02,2.43928672e-02,2.44358554e-02,2.54949421e-02,2.69896425e-02,3.03522305e-02,3.35448564e-02,3.51206710e-02,3.39345989e-02,3.08569098e-02,2.77958242e-02,2.63032901e-02,2.63391215e-02,2.50121497e-02,2.47325059e-02,2.75377123e-02,2.89860873e-02,3.07347294e-02,3.29490582e-02,3.53828597e-02
-1.11433786e-02,-1.17474394e-02,-1.22473150e-02,-1.23299648e-02,-1.12252334e-02,-7.36948989e-03,-4.45711019e-03,-2.34650931e-03,7.48301562e-04,2.42316698e-03,4.03904117e-03,2.44228368e-03,1.63024989e-03,9.60976467e-04,1.84238669e-03,4.77930883e-03,5.62282350e-03,7.65258805e-03,1.17635586e-02,1.53422114e-02,1.96471604e-02,2.28661600e-02,2.65941435e-02,3.18584830e-02,3.43751048e-02,3.50502736e-02,3.95401708e-02,4.54861194e-02,5.10553533e-02,5.44403507e-02,5.93049371e-02,6.25690830e-02,6.35687829e-02,6.34017203e-02,6.31147579e-02,6.18200671e-02,5.89220803e-02,5.38688089e-02,5.07750405e-02,5.13356534e-02,5.15487147e-02,5.09516444e-02,4.87619970e-02,4.69936963e-02,4.48425960e-02,4.21454862e-02,3.74243054e-02,3.27024603e-02,2.91767960e-02,2.64319488e-02,2.26869076e-02,1.92807198e-02,1.41800313e-02,1.11207105e-02,8.71637089e-03,7.20828300e-03,5.32643922e-03,3.34686171e-03,2.02805556e-03,5.70092011e-04,-2.89041720e-03,-4.79768244e-03,-7.57984743e-03,-9.69692942e-03
-1.40029206e-02,-9.79713696e-03,-7.95669814e-03,-6.26194547e-03,-3.69030841e-03,-2.08464269e-03,-5.43197062e-04,1.00879356e-03,5.11981599e-03,7.54044438e-03,7.36243632e-03,6.88830226e-03,8.41083257e-03,8.86748542e-03,9.17324380e-03,7.45057389e-03,5.51722410e-03,6.42684003e-03,7.23211287e-03,7.11569496e-03,6.14182668e-03,6.47335159e-03,6.34181690e-03,3.78913212e-03,3.27192202e-03,4.64663713e-03,3.32732005e-03,-1.66564504e-04,-2.47676517e-03,-3.66817846e-03,-3.96377418e-03,-4.09547863e-03,-4.90964385e-03,-7.02318396e-03,-8.35403331e-03,-8.48903672e-03,-1.01073335e-02,-1.09070404e-02,-9.05162269e-03,-5.79872176e-03,-2.69192529e-03,-1.43348507e-03,-5.76223887e-04,6.85952533e-04,1.21796704e-03,6.28629204e-04,-2.74325667e-03,-6.34263541e-03,-7.51360649e-03,-9.60733252e-03,-1.18546820e-02,-1.36071640e-02,-1.52300440e-02,-1.80241467e-02,-2.20839324e-02,-2.56692202e-02,-2.77181561e-02,-2.96175143e-02,-2.88956082e-02,-2.72291460e-02,-2.45306725e-02,-2.34795868e-02,-2.35309523e-02,-1.97619863e-02
2.77476552e-02,2.56709699e-02,2.53084311e-02,2.44368452e-02,2.15670180e-02,1.84791308e-02,1.47426634e-02,7.31484815e-03,-2.44413283e-04,-5.92223686e-03,-1.19567134e-02,-1.83228852e-02,-2.14621957e-02,-2.47255855e-02,-2.89703793e-02,-3.21350896e-02,-3.78368129e-02,-4.09553305e-02,-4.02282039e-02,-3.86703056e-02,-3.74929904e-02,-3.64010946e-02,-3.65078314e-02,-3.85979043e-02,-4.09644226e-02,-4.26298721e-02,-4.38374995e-02,-4.55165043e-02,-4.72773729e-02,-4.68328787e-02,-4.46179963e-02,-4.14826327e-02,-3.76392051e-02,-3.14654369e-02,-2.28727953e-02,-1.56580355e-02,-7.36953096e-03,7.35579172e-04,5.58190684e-03,6.69064570e-03,7.50415909e-03,9.40549821e-03,1.08492881e-02,1.41292553e-02,1.61803268e-02,1.67652976e-02,1.92927747e-02,2.20035355e-02,2.18704204e-02,1.90745767e-02,1.67408370e-02,1.39042799e-02,1.49057024e-02,1.77578915e-02,1.85697546e-02,1.97956200e-02,2.21044684e-02,2.45686450e-02,2.83396194e-02,3.05138863e-02,3.08235814e-02,2.95272144e-02,2.93520439e-02,2.94388789e-02
2.19190818e-02,1.96931817e-02,1.92729972e-02,1.77368022e-02,1.52937198e-02,1.39491521e-02,1.30724256e-02,1.15645940e-02,9.41540198e-03,5.84376640e-03,4.22050384e-04,-4.01115878e-03,-4.96570296e-03,-5.81556149e-03,-6.81208542e-03,-9.22924045e-03,-1.35785887e-02,-1.79196660e-02,-2.21453907e-02,-2.55308745e-02,-2.91486293e-02,-3.26192777e-02,-3.68209763e-02,-4.17843615e-02,-4.56725144e-02,-4.85883360e-02,-5.11832088e-02,-4.97289641e-02,-4.64388175e-02,-4.21301391e-02,-3.90815858e-02,-3.79169846e-02,-3.63544996e-02,-3.52846721e-02,-3.40198375e-02,-3.30996504e-02,-3.24730077e-02,-3.10647757e-02,-3.08798543e-02,-3.11992641e-02,-3.36869444e-02,-3.43400728e-02,-3.46605327e-02,-3.66347473e-02,-3.56389976e-02,-3.56622969e-02,-3.68409434e-02,-3.62385783e-02,-3.30575934e-02,-2.77829486e-02,-2.14124575e-02,-1.68844694e-02,-1.25970481e-02,-8.04371539e-03,-5.35443460e-03,-4.48014178e-03,-2.16928629e-03,-3.57262820e-04,1.95445436e-03,7.74803965e-03,1.42832657e-02,1.94987633e-02,2.35798681e-02,2.43784755e-02
-3.59487951e-02,-3.35372179e-02,-3.07703032e-02,-2.74419472e-02,-2.50212042e-02,-2.06888283e-02,-1.60943497e-02,-1.15214994e-02,-5.00252496e-03,2.13399629e-03,7.92360781e-03,1.26852432e-02,1.54784478e-02,1.59397472e-02,1.82269102e-02,1.94914107e-02,1.94183061e-02,1.77173705e-02,1.69262956e-02,1.54183705e-02,1.58673361e-02,1.46267302e-02,1.42644463e-02,1.44869308e-02,1.76644640e-02,1.84681764e-02,1.72607837e-02,1.66142327e-02,1.44449813e-02,1.42413858e-02,1.48571885e-02,1.60676734e-02,1.52613047e-02,1.33997402e-02,1.11750679e-02,7.79497777e-03,3.75504836e-03,1.64329036e-03,-1.54326898e-04,2.41259566e-04,9.18319741e-04,-1.77955330e-03,-4.31488636e-03,-8.56520438e-03,-1.39998520e-02,-1.76656510e-02,-2.13319023e-02,-2.55362738e-02,-2.90390438e-02,-3.13778971e-02,-3.18054649e-02,-3.13671907e-02,-3.26263197e-02,-3.22197426e-02,-3.05875697e-02,-3.08464254e-02,-3.26253783e-02,-3.38187067e-02,-3.37844220e-02,-3.53434216e-02,-3.87675740e-02,-4.03217515e-02,-3.91676103e-02,-3.79867739e-02
-4.01558187e-02,-3.79597335e-02,-3.58988841e-02,-3.33082605e-02,-2.87153518e-02,-2.46398712e-02,-2.11788644e-02,-1.70846932e-02,-1.38751737e-02,-9.45327928e-03,-4.81432876e-03,-2.51262662e-04,2.23034394e-03,3.37625448e-03,1.75820432e-03,1.36966842e-05,-1.93206758e-04,-7.97011892e-04,-1.37504020e-03,-3.90503722e-03,-6.29499175e-03,-9.28803138e-03,-1.29107258e-02,-1.70249235e-02,-2.06987586e-02,-2.33391854e-02,-2.33381333e-02,-2.19071249e-02,-2.09293246e-02,-2.18247217e-02,-2.41027103e-02,-2.60593506e-02,-2.70204225e-02,-2.82729861e-02,-2.98153643e-02,-2.99385014e-02,-3.11554645e-02,-3.11598170e-02,-3.16457466e-02,-3.12795331e-02,-3.02833191e-02,-2.96643301e-02,-2.72408615e-02,-2.50666532e-02,-2.27020916e-02,-2.00083668e-02,-1.54396852e-02,-1.26881600e-02,-1.18901003e-02,-1.29445726e-02,-1.63272789e-02,-2.27331909e-02,-2.75784092e-02,-2.86629487e-02,-2.68273578e-02,-2.66264655e-02,-2.98301245e-02,-3.10710644e-02,-3.18685875e-02,-3.30769662e-02,-3.45085471e-02,-3.64036373e-02,-3.83355001e-02,-3.93889832e-02
8.42485469e-02,7.71234941e-02,6.90216912e-02,6.24053314e-02,5.63762566e-02,4.94025749e-02,4.20527631e-02,3.57449105e-02,3.20716114e-02,2.99250406e-02,2.95617097e-02,3.06973396e-02,3.26806624e-02,3.32766701e-02,3.40582324e-02,3.57173389e-02,3.76292539e-02,3.90130647e-02,3.96079932e-02,3.87266700e-02,3.62714368e-02,3.37758544e-02,2.98438239e-02,2.85334680e-02,2.67879092e-02,2.53948926e-02,2.42597676e-02,2.34073974e-02,2.10204690e-02,1.80478020e-02,1.57049950e-02,1.34737101e-02,1.12385434e-02,1.19013690e-02,1.24482717e-02,1.21729008e-02,1.13274025e-02,1.11268811e-02,1.34262720e-02,1.50907966e-02,1.78157482e-02,1.81730731e-02,1.76942571e-02,1.89830112e-02,2.37165343e-02,3.03769020e-02,3.63439276e-02,4.10468723e-02,4.44179609e-02,4.83939625e-02,5.14420235e-02,5.48085488e-02,6.20369737e-02,7.14611826e-02,8.15408019e-02,8.81406468e-02,9.23301001e-02,9.77526971e-02,1.00686521e-01,1.01591727e-01,9.88258296e-02,9.63561917e-02,9.40425446e-02,9.02787722e-02
-1.33340551e-02,-7.21573973e-03,-2.93923370e-03,1.07489916e-03,5.77563621e-03,9.13552409e-03,1.12319255e-02,1.49528265e-02,1.90148632e-02,2.12835946e-02,2.22685409e-02,2.24168400e-02,2.32714501e-02,2.62205708e-02,2.75343477e-02,2.74452175e-02,2.63863484e-02,2.59085773e-02,2.52633731e-02,2.37038048e-02,1.86257815e-02,1.36890757e-02,8.84110562e-03,3.97940319e-03,1.17475973e-03,-3.47645945e-04,-9.65138139e-04,-4.82588886e-04,-1.29329652e-03,-3.91745758e-03,-6.17003504e-03,-8.24562978e-03,-1.11440812e-02,-1.17911571e-02,-1.17264870e-02,-1.29759655e-02,-1.46395264e-02,-1.45007912e-02,-1.73928081e-02,-1.94022166e-02,-2.12289774e-02,-2.16069763e-02,-2.11150644e-02,-1.94116837e-02,-1.81913817e-02,-1.81227956e-02,-1.69598496e-02,-1.48230592e-02,-1.14517891e-02,-9.57152358e-03,-9.53678723e-03,-1.08175988e-02,-1.37872743e-02,-1.83951093e-02,-2.03495616e-02,-2.28906240e-02,-2.55744051e-02,-2.62141630e-02,-2.52229235e-02,-2.44192884e-02,-2.37602505e-02,-2.23310846e-02,-2.01026946e-02,-1.66751412e-02
-3.84758672e-03,-6.37032551e-03,-9.59144093e-03,-1.17797765e-02,-1.54419244e-02,-1.85280617e-02,-1.99336753e-02,-2.06776315e-02,-2.33266795e-02,-2.66995754e-02,-2.58795824e-02,-2.50662078e-02,-2.53817270e-02,-2.51799063e-02,-2.45845997e-02,-2.35139253e-02,-2.43443726e-02,-2.50610973e-02,-2.47947620e-02,-2.52423276e-02,-2.65237769e-02,-2.77567117e-02,-2.93301399e-02,-3.04918360e-02,-3.22475530e-02,-3.51016883e-02,-3.85173129e-02,-3.82459920e-02,-3.69923315e-02,-3.68220063e-02,-3.56587583e-02,-3.15499352e-02,-2.80451747e-02,-2.72377461e-02,-2.60480756e-02,-2.68084568e-02,-2.94957164e-02,-2.93598897e-02,-2.74883928e-02,-2.56637748e-02,-2.39201872e-02,-2.02700721e-02,-1.64671194e-02,-1.23880224e-02,-8.05232768e-03,-5.14493284e-03,-2.17643076e-03,-1.15547455e-03,7.71147559e-04,1.82203380e-03,4.27546672e-03,6.92894275e-03,8.75359279e-03,9.12587760e-03,8.39291427e-03,7.71460330e-03,5.37742334e-03,3.68317601e-03,4.07498644e-03,4.23875649e-03,3.57553385e-03,1.02095284e-03,-2.97345803e-04,-1.71126083e-03
-4.06666775e-03,-8.35412034e-04,-2.42095040e-04,2.63117617e-04,1.04520749e-03,2.08953943e-03,4.31948849e-03,8.04452333e-03,9.63541773e-03,1.08228068e-02,1.21122924e-02,1.43226468e-02,1.56521782e-02,1.78607991e-02,2.03155815e-02,2.17873083e-02,2.24056462e-02,2.05641992e-02,1.86125848e-02,1.49382631e-02,1.16953045e-02,9.22373510e-03,7.35916514e-03,4.24809055e-03,1.64147510e-03,2.36553282e-04,6.26001494e-04,-2.18412623e-04,-2.01618032e-03,-5.24072856e-03,-9.14695492e-03,-1.40841076e-02,-1.81683326e-02,-2.05906078e-02,-2.24458079e-02,-2.41274084e-02,-2.58013564e-02,-2.73808897e-02,-2.93660297e-02,-3.42008116e-02,-3.64775366e-02,-3.62076778e-02,-3.71449763e-02,-3.87646763e-02,-4.24407999e-02,-4.55472951e-02,-4.90940058e-02,-5.01460069e-02,-4.86186571e-02,-4.65321559e-02,-4.26056477e-02,-3.84336551e-02,-3.60910783e-02,-3.45079016e-02,-3.32084625e-02,-3.14145490e-02,-2.89696277e-02,-2.49092507e-02,-2.14742757e-02,-2.03759612e-02,-1.69900331e-02,-1.35626957e-02,-1.01819304e-02,-6.91026357e-03
-1.07727587e-02,-7.39798658e-03,-3.63932100e-03,-5.52679770e-04,2.59734761e-03,4.82491811e-03,8.37827926e-03,1.17114938e-02,1.26364086e-02,1.11658134e-02,9.33031338e-03,6.04413289e-03,2.37353296e-03,-1.74299581e-03,-5.49455671e-03,-6.47441604e-03,-5.44064094e-03,-2.06525523e-03,-6.32074081e-05,-2.07047766e-04,-2.65049421e-03,-5.17057953e-03,-6.31165386e-03,-6.62629264e-03,-8.32676735e-03,-8.36555708e-03,-8.89418167e-03,-9.49246926e-03,-9.15437543e-03,-1.12149558e-02,-1.42145782e-02,-1.62435561e-02,-1.78726937e-02,-2.16175947e-02,-2.71841236e-02,-3.27542968e-02,-3.68827999e-02,-3.84324332e-02,-3.88674517e-02,-3.98261793e-02,-4.16863636e-02,-4.55723172e-02,-4.82570086e-02,-5.06078066e-02,-4.94018625e-02,-5.07135452e-02,-5.16489266e-02,-5.16888223e-02,-5.07234998e-02,-5.02422874e-02,-4.81768836e-02,-4.50730961e-02,-4.47623785e-02,-4.56111784e-02,-4.36521182e-02,-4.06449058e-02,-3.68654889e-02,-3.37547338e-02,-2.98543700e-02,-2.65813768e-02,-2.34702386e-02,-2.02574697e-02,-1.65021535e-02,-1.36087661e-02
-1.93141985e-02,-2.10068805e-02,-2.14235438e-02,-2.10566414e-02,-2.03375486e-02,-2.11380103e-02,-2.03475533e-02,-2.03401641e-02,-2.23585025e-02,-2.46629490e-02,-2.56479962e-02,-2.65489273e-02,-2.76936226e-02,-3.05192290e-02,-3.32793155e-02,-3.78653613e-02,-3.92062896e-02,-3.89517067e-02,-3.64475195e-02,-3.45005761e-02,-3.25097353e-02,-2.99652336e-02,-2.57864334e-02,-2.11371373e-02,-1.49427853e-02,-1.09332318e-02,-8.06514754e-03,-3.90811715e-03,-2.89933416e-04,1.84269510e-03,3.61409967e-03,7.30704536e-03,9.98398241e-03,1.10340822e-02,1.48255977e-02,1.73925475e-02,1.54217539e-02,1.27928473e-02,1.00739262e-02,4.58973335e-03,-3.14113479e-03,-1.18385627e-02,-2.10000323e-02,-2.95124015e-02,-3.37343040e-02,-3.72529311e-02,-4.10197128e-02,-4.51469853e-02,-4.75389223e-02,-4.86355713e-02,-4.73814373e-02,-4.33580721e-02,-3.79830096e-02,-3.28482221e-02,-3.13884942e-02,-2.97472444e-02,-2.60176511e-02,-2.19414688e-02,-1.99811093e-02,-1.85506542e-02,-1.89344254e-02,-1.81846594e-02,-1.84248823e-02,-1.82799185e-02
-2.04281184e-02,-1.92938087e-02,-1.67307128e-02,-1.37482683e-02,-1.27589360e-02,-1.23409939e-02,-1.19257082e-02,-1.16119652e-02,-9.60957038e-03,-7.29135972e-03,-5.53038553e-03,-3.25885879e-03,6.42870537e-04,1.37328692e-03,5.06892939e-03,9.11129896e-03,1.29912640e-02,1.70042252e-02,1.84222797e-02,1.85800105e-02,1.96712925e-02,2.10070229e-02,2.32600985e-02,2.57395430e-02,2.85445899e-02,2.97158540e-02,3.18852954e-02,3.27422685e-02,2.99664945e-02,2.60342552e-02,2.33832398e-02,2.21618428e-02,2.10590201e-02,2.18826259e-02,2.17431312e-02,2.00639258e-02,1.76705686e-02,1.45742650e-02,1.11914158e-02,7.65918503e-03,4.18894703e-03,1.59479950e-03,-2.11862767e-03,-5.10235545e-03,-5.89295666e-03,-7.16889977e-03,-8.08948173e-03,-6.61314487e-03,-4.93302416e-03,-4.20989863e-03,-6.22747783e-03,-8.91411890e-03,-8.85680891e-03,-1.02955634e-02,-1.23246766e-02,-1.44478812e-02,-1.45424066e-02,-1.43706066e-02,-1.60820794e-02,-1.61939702e-02,-1.59728808e-02,-1.65829562e-02,-1.73584166e-02,-1.94834042e-02
-3.38694695e-03,-4.18590344e-03,-3.72823977e-03,-2.44624744e-03,-2.60849214e-03,-3.52662100e-03,-2.96607213e-03,-7.59753643e-04,2.79853431e-03,7.12061828e-03,8.82794377e-03,1.08464497e-02,1.10462364e-02,9.99475140e-03,9.53616850e-03,7.26656036e-03,4.62684758e-03,6.48534882e-04,-1.58384343e-03,-2.56360247e-03,-1.90033184e-03,-3.12048479e-04,1.41414221e-03,2.35401104e-03,6.11788063e-03,1.06022816e-02,1.43715501e-02,1.72008372e-02,1.81194555e-02,1.86674031e-02,2.02375440e-02,2.08628450e-02,1.93409520e-02,1.94302156e-02,2.04745236e-02,2.03405963e-02,1.78277831e-02,1.39974266e-02,9.47941767e-03,3.76712041e-03,-3.45049446e-03,-9.00619436e-03,-1.33672748e-02,-1.62330676e-02,-1.65874216e-02,-1.72911718e-02,-1.95726609e-02,-2.30656448e-02,-2.43312262e-02,-2.39462258e-02,-2.42027310e-02,-2.34380611e-02,-2.22124792e-02,-1.89671755e-02,-1.46160301e-02,-1.28376033e-02,-1.08765527e-02,-9.47752717e-03,-7.41225215e-03,-6.29207639e-03,-4.55513839e-03,-1.87295907e-03,-1.64032976e-03,-2.62322083e-03
-7.23474904e-02,-6.38039290e-02,-5.44033939e-02,-4.80662603e-02,-4.26212087e-02,-3.88974433e-02,-3.67663047e-02,-3.32765171e-02,-2.82074479e-02,-2.42585564e-02,-2.14168874e-02,-1.86036977e-02,-1.56660437e-02,-1.23985771e-02,-7.81942143e-03,-3.47572351e-03,6.16225077e-04,4.07366379e-03,5.62932335e-03,6.69192974e-03,5.68354052e-03,3.13448140e-03,1.53899962e-03,2.32009258e-03,1.14729302e-03,-1.86868167e-03,-4.73686939e-03,-8.63791554e-03,-1.11002311e-02,-1.46662537e-02,-1.86284370e-02,-2.15498527e-02,-2.31093903e-02,-2.28130451e-02,-2.14889141e-02,-1.99448128e-02,-1.70683492e-02,-1.41748792e-02,-1.14164161e-02,-1.08784213e-02,-1.20900258e-02,-1.28229171e-02,-1.58341209e-02,-1.92942377e-02,-2.18426692e-02,-2.24080674e-02,-2.28473885e-02,-2.33664035e-02,-2.29753070e-02,-2.37707038e-02,-2.66708819e-02,-3.07485803e-02,-3.25918447e-02,-3.33560787e-02,-3.54869770e-02,-4.03401007e-02,-4.80723916e-02,-5.51127330e-02,-6.08586964e-02,-6.45320903e-02,-6.68397867e-02,-7.11264131e-02,-7.45996747e-02,-7.61794293e-02
-4.07190582e-02,-3.77469251e-02,-3.19352510e-02,-2.31812250e-02,-1.48009109e-02,-8.13549982e-03,-2.82112634e-03,1.36024049e-03,6.42698064e-03,1.06549841e-02,1.08861208e-02,9.17285757e-03,8.39115303e-03,9.64012758e-03,1.01051905e-02,1.17312288e-02,1.21944168e-02,1.22112987e-02,1.10156698e-02,1.02056133e-02,1.11213191e-02,1.02885808e-02,1.09532217e-02,1.32676396e-02,1.51947433e-02,1.56976206e-02,1.39058657e-02,1.08941028e-02,9.06675548e-03,8.71139948e-03,9.46088921e-03,9.08467336e-03,8.55408747e-03,5.18063196e-03,2.46155368e-03,7.72272546e-04,-2.10433836e-03,-7.58323740e-03,-1.26508447e-02,-1.60483771e-02,-1.73685592e-02,-1.89984358e-02,-1.94939157e-02,-2.09740274e-02,-2.17740961e-02,-1.97912597e-02,-1.62361825e-02,-1.47986983e-02,-1.52578866e-02,-1.54165248e-02,-1.57487510e-02,-1.87441841e-02,-2.01422029e-02,-2.28690299e-02,-2.53435653e-02,-2.62751389e-02,-2.90734320e-02,-3.21538419e-02,-3.40955487e-02,-3.74128580e-02,-3.94105542e-02,-4.19346719e-02,-4.47213663e-02,-4.43608793e-02
-1.58531444e-02,-1.82545078e-02,-1.92449441e-02,-1.85390606e-02,-1.75996355e-02,-1.56790209e-02,-1.57965160e-02,-1.73732247e-02,-1.82375170e-02,-1.79961118e-02,-1.77711116e-02,-1.76015296e-02,-2.16422925e-02,-2.56449124e-02,-2.75312536e-02,-2.75973005e-02,-2.84891221e-02,-2.95694163e-02,-3.43503790e-02,-3.78230020e-02,-3.96929420e-02,-4.35753526e-02,-4.57081162e-02,-4.84472930e-02,-5.12458233e-02,-5.44677709e-02,-5.65642244e-02,-5.53706094e-02,-5.12092056e-02,-4.70378887e-02,-4.43685541e-02,-4.24955937e-02,-4.23853944e-02,-4.56183402e-02,-4.89765369e-02,-5.13306255e-02,-5.14452136e-02,-5.04169115e-02,-5.05293586e-02,-5.08466753e-02,-5.35247819e-02,-5.44802547e-02,-5.34636979e-02,-4.94581470e-02,-4.38607135e-02,-3.87007181e-02,-3.32322326e-02,-2.77485170e-02,-2.23796216e-02,-1.70650070e-02,-1.23443336e-02,-1.30392405e-02,-1.44207497e-02,-1.56152602e-02,-1.42304481e-02,-1.32021654e-02,-1.39666923e-02,-1.28106518e-02,-8.95099765e-03,-6.58119074e-03,-5.64825908e-03,-8.47738924e-03,-1.12819920e-02,-1.38423739e-02
3.12540403e-02,2.95561982e-02,2.82726183e-02,2.57695320e-02,2.30433586e-02,2.24839465e-02,2.14900010e-02,2.12587372e-02,2.06446543e-02,2.01210397e-02,1.89390683e-02,1.71326865e-02,1.46594694e-02,1.54677250e-02,1.72843632e-02,1.92853234e-02,1.99345120e-02,1.98793569e-02,1.84506031e-02,1.75309406e-02,1.58181429e-02,1.70026502e-02,2.15157236e-02,2.50188871e-02,2.56009324e-02,2.34632842e-02,2.07306111e-02,1.94942440e-02,1.99337010e-02,2.09036054e-02,2.12153315e-02,2.19215432e-02,2.10929837e-02,2.04821618e-02,1.86006267e-02,1.65251239e-02,1.70272301e-02,2.04717280e-02,2.33595076e-02,2.40080753e-02,2.42566232e-02,2.61600436e-02,2.70965312e-02,2.84865024e-02,2.96688885e-02,2.99373347e-02,3.05469700e-02,3.46049348e-02,3.92651799e-02,4.52196455e-02,5.18362094e-02,5.75944759e-02,6.16063986e-02,6.14788666e-02,5.71825655e-02,5.31615341e-02,4.74235617e-02,4.14302607e-02,3.81773591e-02,3.60001998e-02,3.61851792e-02,3.58765518e-02,3.36237943e-02,3.24051756e-02
7.35271990e-02,7.92215071e-02,8.19219893e-02,8.53480289e-02,8.93806913e-02,9.23053165e-02,9.45462962e-02,9.75287456e-02,1.00424292e-01,1.02886656e-01,1.05867929e-01,1.06012514e-01,1.05498773e-01,1.05081018e-01,1.05927681e-01,1.07156341e-01,1.01970826e-01,9.51342925e-02,8.97341416e-02,8.42603093e-02,7.76818622e-02,7.04075910e-02,6.25140968e-02,5.83608997e-02,5.23007363e-02,4.47829372e-02,4.01053583e-02,3.68649525e-02,3.31053802e-02,3.01090431e-02,2.57300530e-02,1.90544454e-02,1.20051006e-02,6.92280923e-03,2.45940550e-03,-1.35705126e-03,-3.39058185e-03,-3.04133398e-03,-3.91988562e-03,-2.05842307e-03,1.81117727e-03,6.15651660e-03,9.90389898e-03,1.21298276e-02,1.58372275e-02,1.93579636e-02,2.25871278e-02,2.66522981e-02,3.09723867e-02,3.38771032e-02,3.40810578e-02,3.48123857e-02,3.57222269e-02,3.76611402e-02,3.99180766e-02,4.34113643e-02,4.87211750e-02,5.37873680e-02,5.89694007e-02,6.29813138e-02,6.34553471e-02,6.56326380e-02,6.69983940e-02,6.94719664e-02
-1.84720745e-02,-2.05437027e-02,-2.30949501e-02,-2.57994733e-02,-2.88106497e-02,-3.03133546e-02,-3.09732396e-02,-3.13085708e-02,-3.21338006e-02,-3.09711620e-02,-2.90615584e-02,-2.62611505e-02,-2.14766659e-02,-1.72679497e-02,-1.58859597e-02,-1.39324828e-02,-1.12560422e-02,-8.29308689e-03,-5.69190884e-03,-3.65923617e-03,-4.18228646e-03,-5.26868705e-03,-6.41967986e-03,-8.68785178e-03,-1.06700401e-02,-1.20018454e-02,-1.36906970e-02,-1.39490781e-02,-1.77560710e-02,-2.28769671e-02,-2.69431943e-02,-3.00263952e-02,-3.49854627e-02,-3.77003418e-02,-3.92738201e-02,-3.86635701e-02,-3.89583695e-02,-3.78518149e-02,-3.53043681e-02,-3.04279584e-02,-2.51142868e-02,-2.00046363e-02,-1.74871945e-02,-1.52102414e-02,-1.37629330e-02,-9.22442308e-03,-6.30076056e-03,-4.45960839e-03,-6.09398545e-03,-6.92921059e-03,-6.23259415e-03,-6.88047147e-03,-8.61497204e-03,-1.07510158e-02,-1.29763245e-02,-1.47170787e-02,-1.69537483e-02,-1.85459491e-02,-1.92277218e-02,-1.83868256e-02,-1.55095589e-02,-1.70282271e-02,-1.77959992e-02,-1.65261769e-02
1.31312480e-02,1.50814746e-02,1.53831710e-02,1.55276355e-02,1.62732919e-02,1.51819147e-02,1.51603477e-02,1.48698072e-02,1.34551405e-02,1.19410082e-02,9.36711656e-03,8.34995037e-03,7.47447844e-03,7.33674411e-03,5.87823435e-03,2.21188388e-03,-3.52416214e-04,4.30737047e-04,2.94216135e-03,4.40427476e-03,5.66117151e-03,7.23572614e-03,7.90122509e-03,5.07191178e-03,-2.39170823e-04,-7.86715115e-03,-1.37733312e-02,-1.56992717e-02,-1.45164678e-02,-1.37178776e-02,-1.33663994e-02,-1.45015973e-02,-1.83079161e-02,-2.22724142e-02,-2.52382633e-02,-2.74116269e-02,-2.70784131e-02,-2.50415786e-02,-2.46042536e-02,-2.42271923e-02,-2.46683447e-02,-2.37592937e-02,-2.23957076e-02,-2.31406390e-02,-2.43638532e-02,-2.38331621e-02,-2.47845787e-02,-2.93898010e-02,-3.17784809e-02,-3.20971725e-02,-3.28429390e-02,-3.23819484e-02,-2.93265312e-02,-2.52486728e-02,-1.81689231e-02,-1.05650827e-02,-5.35686428e-03,-1.30248615e-03,2.41541678e-03,3.04835740e-03,3.74244332e-03,5.56194271e-03,8.34802808e-03,1.04936029e-02
-7.38370837e-03,-9.37526685e-03,-1.01850470e-02,-1.05964829e-02,-1.13502883e-02,-9.08304513e-03,-6.76474667e-03,-5.37217518e-03,-3.15845917e-03,-3.52746451e-03,-6.98656035e-03,-1.30888058e-02,-1.73866116e-02,-2.01658607e-02,-2.20752918e-02,-2.25952141e-02,-2.43993795e-02,-2.26298615e-02,-2.04208535e-02,-1.84113470e-02,-1.82223664e-02,-1.87449086e-02,-1.81119232e-02,-2.01358084e-02,-2.42372863e-02,-2.69794331e-02,-2.98036298e-02,-3.27031373e-02,-3.69477009e-02,-4.22482829e-02,-4.75814013e-02,-5.34586132e-02,-6.01034764e-02,-6.38043103e-02,-6.50978992e-02,-6.48170468e-02,-6.27718441e-02,-6.05897804e-02,-5.97393108e-02,-5.89993112e-02,-5.65340661e-02,-5.49616084e-02,-5.43132948e-02,-5.09941715e-02,-4.74353258e-02,-4.45994782e-02,-4.09418674e-02,-3.94053780e-02,-4.13557361e-02,-4.14833340e-02,-4.01140125e-02,-3.76217610e-02,-3.73171677e-02,-3.75607078e-02,-3.78527457e-02,-3.80931224e-02,-3.60218308e-02,-3.10276261e-02,-2.43808178e-02,-1.72525516e-02,-1.23157576e-02,-8.11312909e-03,-6.21393606e-03,-5.04565794e-03
-4.21662454e-02,-4.77276290e-02,-5.02932302e-02,-4.94063528e-02,-4.69845687e-02,-4.39593713e-02,-3.61739466e-02,-2.69980014e-02,-1.74946119e-02,-9.72429661e-03,-2.89657576e-03,1.32916767e-04,7.73820414e-06,-8.64230786e-04,-1.12474619e-03,-3.44109602e-03,-6.89652047e-03,-8.30392260e-03,-6.49663657e-03,-6.64223067e-03,-5.82678090e-03,-6.40075159e-03,-7.29345433e-03,-9.47854669e-03,-1.01025830e-02,-1.04741463e-02,-1.16917023e-02,-1.07966780e-02,-8.46608285e-03,-4.88413193e-03,-4.88057319e-04,3.95984815e-03,8.21677146e-03,1.29536620e-02,1.55350810e-02,1.67582925e-02,1.73131164e-02,1.75625150e-02,1.86310238e-02,2.26819451e-02,2.47174281e-02,2.72141299e-02,2.95052841e-02,3.26435348e-02,3.57065750e-02,3.80277585e-02,3.82947857e-02,3.74660938e-02,3.76093867e-02,3.75844000e-02,3.57065552e-02,3.32224222e-02,2.91172283e-02,2.21786605e-02,1.63446569e-02,1.27330623e-02,8.76848647e-03,3.41013603e-03,-1.09043964e-03,-6.74144693e-03,-1.50233379e-02,-2.14897796e-02,-2.81491483e-02,-3.50430946e-02
3.48851882e-02,3.65072555e-02,3.62455858e-02,3.41677819e-02,3.24722904e-02,3.27244243e-02,3.41068976e-02,3.45493449e-02,3.52704593e-02,3.68527707e-02,3.72871897e-02,3.79585467e-02,4.05639594e-02,4.17412104e-02,4.23751591e-02,4.20633251e-02,4.25468924e-02,4.55609329e-02,4.93289665e-02,4.97871861e-02,4.77846632e-02,4.66527917e-02,4.62311936e-02,4.65734298e-02,4.49785856e-02,4.43054561e-02,4.36156036e-02,3.93330307e-02,3.60294985e-02,3.29651367e-02,3.08617753e-02,2.61618814e-02,2.13079970e-02,1.81736179e-02,1.42566926e-02,1.29870690e-02,1.36970921e-02,1.60971871e-02,1.58584795e-02,1.68478510e-02,1.70111202e-02,1.59627835e-02,1.45616037e-02,1.17848089e-02,1.03130515e-02,1.08830572e-02,9.88593356e-03,9.17120033e-03,7.60604345e-03,6.13028972e-03,5.13265765e-03,4.12866471e-03,5.64724439e-03,8.64210357e-03,1.12347369e-02,1.48185714e-02,1.85879684e-02,2.27180307e-02,2.55898983e-02,2.68352042e-02,2.92062913e-02,3.02977655e-02,3.17263351e-02,3.37108304e-02
1.89520667e-03,-9.87660891e-04,-2.60817802e-03,-3.21090341e-03,-5.02956842e-03,-6.71383069e-03,-8.15916539e-03,-1.10093757e-02,-1.55338388e-02,-2.29262853e-02,-3.08881499e-02,-3.76484762e-02,-4.18644581e-02,-4.59358106e-02,-4.92269264e-02,-5.19896923e-02,-5.21014879e-02,-5.36743004e-02,-5.51382032e-02,-5.54883217e-02,-5.32771812e-02,-4.84520528e-02,-4.20006317e-02,-3.47590344e-02,-2.84930868e-02,-2.36037829e-02,-1.96238972e-02,-1.58346806e-02,-1.44176039e-02,-1.33865883e-02,-9.73379372e-03,-3.84448188e-03,2.01733210e-03,4.58962179e-03,4.62315802e-03,4.94139200e-03,5.03758321e-03,4.83801219e-03,4.12522062e-03,4.82376384e-03,4.66781693e-03,4.11514663e-03,3.89172674e-03,6.60217513e-03,1.00868581e-02,1.13012409e-02,1.39325186e-02,1.54118124e-02,1.56968696e-02,1.46823086e-02,1.40925894e-02,1.60108757e-02,1.62376617e-02,1.70916592e-02,1.73286584e-02,1.71935991e-02,1.86610150e-02,2.12625033e-02,2.10350227e-02,1.91492487e-02,1.58648121e-02,1.28280100e-02,1.14012745e-02,6.72969366e-03
-1.54691570e-02,-1.79196820e-02,-2.01685876e-02,-2.16147756e-02,-2.24026190e-02,-2.28023210e-02,-2.49718875e-02,-2.64277964e-02,-2.78222974e-02,-3.05759102e-02,-3.46278535e-02,-3.77065844e-02,-3.84783053e-02,-3.79627633e-02,-3.56382960e-02,-3.35854038e-02,-3.21191995e-02,-2.96070087e-02,-2.81872663e-02,-2.71135506e-02,-2.38294228e-02,-1.81322527e-02,-1.15030948e-02,-4.46308028e-03,4.06319958e-03,1.13811291e-02,1.82512847e-02,2.36429611e-02,2.87847143e-02,3.34963630e-02,3.57370300e-02,3.83163145e-02,4.25932891e-02,4.49712575e-02,4.52150550e-02,4.41075891e-02,4.42767179e-02,4.52260695e-02,4.34018936e-02,4.05929025e-02,3.79486136e-02,3.53963866e-02,3.43967851e-02,3.36463344e-02,3.29554504e-02,3.04928406e-02,2.39284205e-02,1.62388580e-02,1.06902552e-02,8.39296954e-03,5.74840453e-03,7.81413000e-04,-2.83944253e-03,-2.34010701e-03,1.36715843e-03,5.63626967e-03,7.15678800e-03,4.30636607e-03,2.81481872e-03,-8.81598749e-04,-4.82682248e-03,-7.16432953e-03,-8.47417928e-03,-1.19445338e-02
2.48013554e-02,2.60410951e-02,2.84338780e-02,2.97824202e-02,3.06017413e-02,3.15535788e-02,3.33841987e-02,3.48450189e-02,3.56586820e-02,3.57082611e-02,3.58200679e-02,3.66973949e-02,3.42170885e-02,3.26229233e-02,3.26851227e-02,3.16774996e-02,2.95426986e-02,2.69167597e-02,2.48989192e-02,2.49698780e-02,2.62753150e-02,2.76732987e-02,2.85555639e-02,2.87281454e-02,2.71195889e-02,2.58272004e-02,2.60884827e-02,2.76426658e-02,2.93437590e-02,3.10565547e-02,3.27853010e-02,3.26702404e-02,3.14685020e-02,3.04215525e-02,2.79271453e-02,2.50610284e-02,2.25373805e-02,1.90713869e-02,1.38376223e-02,8.28365525e-03,3.45269617e-03,2.71954329e-03,2.45442556e-03,2.70264219e-03,4.22310979e-03,7.76359950e-03,1.22764422e-02,1.56176095e-02,1.71126907e-02,2.03803110e-02,2.18620178e-02,2.21247198e-02,2.18573305e-02,2.06934509e-02,2.11458890e-02,2.13826701e-02,2.05086107e-02,1.94381314e-02,1.90336039e-02,2.17049127e-02,2.37027670e-02,2.40148016e-02,2.36799683e-02,2.36117617e-02
6.09313028e-03,1.05233208e-02,1.41971410e-02,1.70482626e-02,1.96028079e-02,2.17814458e-02,2.40797069e-02,2.55693609e-02,2.41969786e-02,2.47653915e-02,2.53658840e-02,2.51022919e-02,2.43845486e-02,2.36911711e-02,2.40164565e-02,2.33946862e-02,2.17721797e-02,1.97643754e-02,2.05481405e-02,2.31420482e-02,2.59539507e-02,2.64287094e-02,2.42007803e-02,1.99367773e-02,1.76849182e-02,1.54364041e-02,1.42164072e-02,1.36583656e-02,1.42432593e-02,1.47011297e-02,1.20354214e-02,8.05195641e-03,3.09564014e-03,-1.32526371e-03,-5.60348992e-03,-9.95659069e-03,-1.37847245e-02,-1.55475611e-02,-1.50740651e-02,-1.52714858e-02,-1.68619421e-02,-1.69806442e-02,-1.71580869e-02,-1.71936797e-02,-1.91859174e-02,-2.23874652e-02,-2.35484942e-02,-2.42560084e-02,-2.74499421e-02,-2.92876116e-02,-2.76658764e-02,-2.87865555e-02,-3.20038142e-02,-3.48121359e-02,-3.68570745e-02,-3.71830759e-02,-3.44960877e-02,-3.02951431e-02,-2.61155252e-02,-2.04635998e-02,-1.54526518e-02,-8.22520093e-03,-2.66088612e-03,1.57482769e-03
4.76133282e-02,4.44109948e-02,4.25297942e-02,4.04227260e-02,3.95221797e-02,4.09639547e-02,4.32485966e-02,4.50112507e-02,4.56815815e-02,4.63074145e-02,4.64132188e-02,4.61237586e-02,4.57406923e-02,4.35858408e-02,4.00087886e-02,3.42995424e-02,2.83268176e-02,2.24278586e-02,1.68441288e-02,9.95006946e-03,9.06788769e-04,-3.29866463e-03,-3.84641450e-03,-4.40680684e-03,-5.11412541e-03,-5.01896432e-03,-2.81433515e-03,-3.65374981e-04,3.21699116e-03,6.80824559e-03,1.16417425e-02,1.36970681e-02,1.78247107e-02,2.21756848e-02,2.53707054e-02,2.68228174e-02,2.81988763e-02,2.93362770e-02,3.27821272e-02,3.64146120e-02,3.94161951e-02,4.04663870e-02,4.21411387e-02,4.52941640e-02,4.74248104e-02,4.90688780e-02,5.13176444e-02,5.45718593e-02,5.80633589e-02,6.09952869e-02,6.32911363e-02,6.33511414e-02,6.25554995e-02,6.16934690e-02,5.97612067e-02,5.67247058e-02,5.58281482e-02,5.61758661e-02,5.69578765e-02,5.79563181e-02,5.86394956e-02,5.68312864e-02,5.40061274e-02,5.10741585e-02
-3.85376942e-02,-3.72454335e-02,-3.74812657e-02,-4.05349286e-02,-4.35951113e-02,-4.62500851e-02,-4.91362855e-02,-5.13418186e-02,-5.22826998e-02,-5.28769094e-02,-5.42579892e-02,-5.43717028e-02,-5.38754852e-02,-5.30076930e-02,-5.02432979e-02,-4.64384783e-02,-4.26427698e-02,-3.66529350e-02,-2.92529158e-02,-2.21238088e-02,-1.62652631e-02,-1.27942091e-02,-1.04528442e-02,-8.94691953e-03,-7.59721127e-03,-6.58370923e-03,-7.10799111e-03,-8.49811167e-03,-1.05569164e-02,-1.45853762e-02,-1.92486963e-02,-2.23093606e-02,-2.44381474e-02,-2.56309231e-02,-2.99287254e-02,-3.52479567e-02,-3.97247210e-02,-4.42510256e-02,-4.84192889e-02,-5.19145035e-02,-5.46749596e-02,-5.68842353e-02,-5.86620097e-02,-5.92302889e-02,-5.62706813e-02,-5.22674143e-02,-4.92118998e-02,-4.69318234e-02,-4.68203684e-02,-4.59108569e-02,-4.66417140e-02,-4.80990445e-02,-4.82862376e-02,-4.62275828e-02,-4.39647647e-02,-4.31893975e-02,-4.25295025e-02,-4.06883089e-02,-3.92597369e-02,-3.90092558e-02,-3.75309069e-02,-3.86584450e-02,-3.96992226e-02,-3.95235666e-02
2.43215693e-02,2.24358240e-02,2.00827944e-02,1.73658128e-02,1.30784734e-02,1.06801248e-02,9.78715618e-03,9.48471491e-03,9.63394405e-03,9.05804433e-03,7.67642893e-03,5.97943849e-03,5.28060666e-03,4.98254326e-03,7.75914023e-03,1.08066718e-02,1.08908057e-02,1.06160777e-02,8.44871387e-03,7.44458255e-03,8.14752776e-03,1.01898646e-02,1.42706943e-02,1.90331493e-02,2.20202335e-02,2.38746851e-02,2.33042076e-02,2.15613904e-02,1.98778728e-02,1.64676794e-02,1.04173819e-02,4.52763524e-03,5.02282132e-04,-1.75008091e-03,-4.90233455e-03,-6.23805147e-03,-4.79452552e-03,-1.93180112e-03,-6.15215412e-04,1.52010550e-03,3.27598499e-03,5.94711940e-03,8.45710969e-03,8.58641386e-03,9.46713161e-03,1.24710512e-02,1.52325637e-02,1.70318710e-02,1.83000051e-02,1.88020469e-02,1.91834448e-02,2.10377500e-02,2.11633242e-02,2.18277196e-02,1.94989996e-02,1.90068356e-02,2.04158213e-02,2.16312649e-02,2.41301777e-02,2.69963672e-02,2.92125050e-02,2.92545236e-02,2.78738529e-02,2.63627302e-02
9.19122246e-03,7.65398155e-03,5.74378522e-03,6.35924853e-03,7.57937810e-03,9.12259883e-03,8.85552494e-03,9.86576303e-03,1.30243938e-02,1.52074864e-02,1.77771818e-02,1.95104412e-02,1.96824289e-02,2.01715859e-02,2.25574597e-02,2.42810608e-02,2.50009293e-02,2.45167022e-02,2.17940606e-02,1.79745405e-02,1.43615158e-02,1.02613175e-02,6.14760470e-03,1.47667214e-03,-2.80940546e-03,-5.44101411e-03,-6.68155181e-03,-7.29028567e-03,-9.86351791e-03,-1.33122254e-02,-1.41162442e-02,-1.44642722e-02,-1.53807515e-02,-1.61451224e-02,-1.67888084e-02,-1.79112288e-02,-1.68761969e-02,-1.49164214e-02,-1.26211075e-02,-1.01273342e-02,-7.57440470e-03,-3.30486810e-03,9.98124735e-04,6.36010732e-03,1.09422587e-02,1.60979909e-02,2.01324975e-02,2.38794267e-02,2.82603158e-02,3.18582105e-02,3.34250110e-02,3.10149454e-02,2.88512227e-02,2.61173986e-02,2.43637893e-02,2.38875188e-02,2.30452718e-02,2.25389353e-02,2.13719436e-02,2.01112373e-02,1.87675796e-02,1.62130254e-02,1.31262488e-02,1.14895377e-02
4.14918930e-02,4.41723056e-02,4.56358312e-02,5.04741218e-02,5.70123391e-02,6.20944872e-02,6.37748861e-02,6.54741085e-02,6.84425107e-02,7.30702859e-02,7.60971118e-02,7.85745106e-02,8.06110093e-02,8.35203505e-02,8.35465963e-02,8.24820627e-02,8.06866442e-02,7.93385444e-02,7.84668281e-02,7.58744418e-02,7.18146731e-02,6.86478973e-02,6.66858458e-02,6.27841629e-02,5.76606203e-02,5.16042547e-02,4.63082132e-02,4.15376795e-02,3.69214067e-02,3.30366124e-02,3.03586709e-02,2.88260757e-02,2.70713597e-02,2.50115364e-02,2.36128269e-02,2.15741762e-02,1.69424071e-02,1.36392042e-02,1.17847321e-02,9.67031516e-03,1.04108239e-02,1.24815809e-02,1.51707580e-02,1.62915867e-02,1.82329046e-02,1.96270275e-02,1.87796406e-02,1.60870040e-02,1.41078009e-02,1.16992947e-02,9.12428078e-03,7.09699360e-03,4.39608565e-03,4.17291202e-03,6.19667000e-03,1.02190051e-02,1.48011909e-02,1.96161383e-02,2.26117284e-02,2.58993636e-02,2.91951685e-02,3.12942341e-02,3.43770531e-02,3.80091721e-02
2.06083821e-02,1.86089521e-02,1.73416720e-02,1.74808538e-02,1.60648000e-02,1.40210879e-02,9.50179604e-03,3.95987190e-03,-1.08297899e-03,-7.39509978e-03,-1.35629309e-02,-1.90341916e-02,-2.44725156e-02,-2.91783562e-02,-3.30293647e-02,-3.58870777e-02,-3.70655836e-02,-3.76360604e-02,-3.98833863e-02,-4.28851480e-02,-4.56385110e-02,-4.68597984e-02,-4.53757412e-02,-4.27060535e-02,-3.98267781e-02,-3.76479930e-02,-3.47921684e-02,-3.28713763e-02,-2.94496460e-02,-2.86353882e-02,-3.01565893e-02,-3.38645012e-02,-3.59750787e-02,-3.47587299e-02,-3.19734404e-02,-2.95035652e-02,-2.65659891e-02,-2.13843329e-02,-1.75085985e-02,-1.53084157e-02,-1.40370699e-02,-1.47458229e-02,-1.43218660e-02,-1.42561694e-02,-1.43944333e-02,-1.43060944e-02,-1.58614189e-02,-1.74699549e-02,-1.43008415e-02,-1.07883752e-02,-8.76233453e-03,-8.29342676e-03,-6.83973049e-03,-4.47991824e-03,-4.50876726e-04,3.80439933e-03,9.37081638e-03,1.34754003e-02,1.58684993e-02,1.83079529e-02,2.08380890e-02,2.19247489e-02,2.14467406e-02,2.30150923e-02
9.40863112e-03,1.62941618e-02,2.12736237e-02,2.38199815e-02,2.71783003e-02,2.79510777e-02,2.79727321e-02,2.64435645e-02,2.31690331e-02,1.96266844e-02,1.75749957e-02,1.88806793e-02,1.87748397e-02,1.64411876e-02,1.38953464e-02,1.30418129e-02,1.17319378e-02,1.07667415e-02,1.00278495e-02,8.12290255e-03,4.72835028e-03,1.46135033e-03,-1.84354094e-03,-2.24396034e-03,-2.46973313e-03,-6.06805459e-03,-8.98985564e-03,-9.91432424e-03,-1.09443368e-02,-1.17571583e-02,-1.08777706e-02,-1.00575764e-02,-8.52648842e-03,-6.49627428e-03,-4.97941248e-03,-3.64798583e-03,-1.78463694e-03,-6.26418722e-05,2.15461161e-03,4.82205422e-03,5.84300239e-03,5.46910355e-03,6.93304160e-03,6.17852110e-03,4.61114580e-03,2.86888834e-03,2.17412997e-03,2.66982973e-03,2.99852099e-03,3.90069033e-03,5.63397854e-03,6.22672381e-03,1.21005513e-03,-5.53608261e-03,-1.04647766e-02,-1.23953054e-02,-1.47181418e-02,-1.51491476e-02,-1.42522109e-02,-1.24787170e-02,-1.19414587e-02,-1.06764853e-02,-5.60848030e-03,1.18670201e-03
4.01469083e-02,3.45545549e-02,3.06592237e-02,2.73013427e-02,2.69854150e-02,2.77597136e-02,2.95823826e-02,3.06619806e-02,2.98620062e-02,2.86029821e-02,2.50679800e-02,2.33052583e-02,1.93977241e-02,1.49410315e-02,1.12625678e-02,8.53880619e-03,7.11090910e-03,6.77608656e-03,7.13902861e-03,1.00436492e-02,1.26696423e-02,1.25088262e-02,1.15343431e-02,1.25416300e-02,1.60996589e-02,2.02544708e-02,2.41312915e-02,2.60953131e-02,2.72816548e-02,2.82675384e-02,2.79060662e-02,2.70971560e-02,2.45232784e-02,2.26586404e-02,2.24654480e-02,2.34601293e-02,2.40382055e-02,2.46490483e-02,2.55293073e-02,2.71409694e-02,3.24213265e-02,3.95615673e-02,4.26434021e-02,4.53849444e-02,4.80045177e-02,4.95117035e-02,4.95977015e-02,5.07851967e-02,5.03769800e-02,4.92960121e-02,4.85816636e-02,5.08409824e-02,5.07008466e-02,5.13435335e-02,5.06467442e-02,5.05569252e-02,5.25785425e-02,5.40837599e-02,5.48650469e-02,5.38541839e-02,5.29140802e-02,5.17162077e-02,5.02006717e-02,4.60439011e-02
1.44763512e-02,1.20513073e-02,7.05751454e-03,1.62095520e-03,-3.70755077e-03,-8.19921589e-03,-1.33107678e-02,-1.73283756e-02,-1.81669905e-02,-1.89054733e-02,-1.92233305e-02,-1.78721169e-02,-1.67825570e-02,-1.43423142e-02,-7.94706075e-03,-1.28615880e-03,5.84664246e-03,1.09974382e-02,1.41770494e-02,1.71041041e-02,2.07913070e-02,2.37013603e-02,2.72046387e-02,3.02430099e-02,3.08340279e-02,2.89912223e-02,2.77927255e-02,2.62675886e-02,2.37992716e-02,2.25537560e-02,2.08745467e-02,2.16110526e-02,2.10041645e-02,2.12744751e-02,2.17642264e-02,2.01598469e-02,1.83387882e-02,1.46499155e-02,9.79664206e-03,6.34684271e-03,1.83050644e-03,-1.18832481e-03,-2.34916856e-03,-4.42961286e-03,-6.42023445e-03,-7.81508578e-03,-1.02683992e-02,-1.35236964e-02,-1.49984768e-02,-1.34729386e-02,-9.93797858e-03,-4.29302227e-03,9.72371270e-04,4.32473075e-03,7.02685804e-03,7.46258541e-03,8.39863592e-03,1.26149058e-02,1.51781079e-02,1.60813417e-02,1.76888566e-02,1.95126386e-02,2.02957024e-02,1.73164322e-02
-9.27334597e-03,-9.22673848e-03,-8.69660242e-03,-6.21633226e-03,-4.67644851e-03,-4.09832643e-03,-2.29226040e-03,-1.18075312e-03,6.71044540e-04,-5.56818501e-04,-3.16188452e-03,-2.92687931e-03,-2.10757151e-03,-7.64329184e-04,1.73098388e-04,-2.46751084e-05,-2.42046288e-03,-5.42828278e-03,-8.82015476e-03,-1.11602534e-02,-1.17696890e-02,-1.21316292e-02,-1.15546176e-02,-9.67986075e-03,-8.26898255e-03,-6.52895743e-03,-4.26895240e-03,-3.12901615e-03,-4.49243029e-03,-6.36210341e-03,-8.51463851e-03,-1.09697309e-02,-1.34266857e-02,-1.64856229e-02,-1.86152342e-02,-2.16795554e-02,-2.47136092e-02,-2.58953054e-02,-2.78165513e-02,-2.74483381e-02,-2.54317197e-02,-2.13297802e-02,-1.99123441e-02,-1.92281560e-02,-1.65261152e-02,-1.36266437e-02,-1.20975756e-02,-1.18897745e-02,-1.28385589e-02,-1.33898925e-02,-1.50984418e-02,-1.66406509e-02,-1.94760231e-02,-2.01229926e-02,-1.96923745e-02,-1.88249666e-02,-1.68917046e-02,-1.71569405e-02,-1.72753278e-02,-1.77956774e-02,-1.81696107e-02,-1.55770769e-02,-1.26977329e-02,-1.12167671e-02
1.85085398e-03,2.56475174e-03,2.87293842e-03,2.90112105e-03,3.33826561e-03,2.78306700e-03,3.55283161e-03,5.64516416e-03,6.89865133e-03,7.81317906e-03,8.43385792e-03,1.02854129e-02,1.16426051e-02,1.00719474e-02,8.74080095e-03,7.49454087e-03,8.41734715e-03,8.98159856e-03,8.91761090e-03,9.25960223e-03,1.10452957e-02,1.32559951e-02,1.40456890e-02,1.51432732e-02,1.81464771e-02,2.09758057e-02,2.48309405e-02,2.90594429e-02,3.02905602e-02,2.87223737e-02,2.63771358e-02,2.38170457e-02,2.27610734e-02,2.18694749e-02,2.06797461e-02,2.09934455e-02,2.27751328e-02,2.02855030e-02,1.94524442e-02,1.87460185e-02,1.73593293e-02,1.55183572e-02,1.31444799e-02,1.09970253e-02,4.68536379e-03,-2.89492980e-03,-9.55974318e-03,-1.51897695e-02,-1.87437502e-02,-1.95114945e-02,-2.14428112e-02,-2.27126265e-02,-2.12784680e-02,-2.03733348e-02,-2.14300964e-02,-2.24858891e-02,-2.24166742e-02,-2.08908821e-02,-2.04102923e-02,-1.91568827e-02,-1.52524868e-02,-9.31869049e-03,-4.25908181e-03,-2.31491839e-04
-1.35947315e-02,-1.27176620e-02,-1.12083262e-02,-9.35569770e-03,-8.29247042e-03,-7.39065513e-03,-5.17088554e-03,8.04828136e-04,6.75149068e-03,1.12434331e-02,1.20573114e-02,1.09071879e-02,9.69026350e-03,8.89873253e-03,8.13291846e-03,7.61259906e-03,7.80563165e-03,8.65023859e-03,1.00318160e-02,1.22615869e-02,1.27894443e-02,1.27181256e-02,1.25793784e-02,9.95933122e-03,7.04706798e-03,6.03432483e-03,4.81395454e-03,3.69982050e-03,1.07186201e-03,-3.55791659e-03,-7.26237743e-03,-9.00633655e-03,-9.43189623e-03,-8.09503035e-03,-6.02722550e-03,-3.39417336e-03,-2.22336104e-03,5.13098573e-04,5.49117545e-03,1.03221089e-02,1.10612652e-02,1.00743182e-02,6.07124372e-03,5.37952541e-04,-5.44573740e-03,-7.70638499e-03,-8.80482475e-03,-8.91960777e-03,-9.22173645e-03,-1.01267936e-02,-8.70335569e-03,-6.76786811e-03,-5.51337184e-03,-4.33474030e-03,-5.15656742e-03,-5.73823768e-03,-5.08088523e-03,-4.17894065e-03,-2.77263477e-03,-2.89591941e-03,-5.39900146e-03,-9.39898160e-03,-1.21756591e-02,-1.32441139e-02
6.62849352e-02,6.65489460e-02,6.57350702e-02,6.56050861e-02,6.50829880e-02,6.56302171e-02,6.55715634e-02,6.39367905e-02,6.16975779e-02,6.00627101e-02,5.97259200e-02,5.94324142e-02,5.86520788e-02,5.66268600e-02,5.57324304e-02,5.44228708e-02,5.40478638e-02,5.17863060e-02,4.84013949e-02,4.69679109e-02,4.43023381e-02,4.01159980e-02,3.45637279e-02,3.01402455e-02,2.53812558e-02,1.92928284e-02,1.33700247e-02,1.05642727e-02,9.54109342e-03,8.42918437e-03,9.55817221e-03,1.19006142e-02,1.47575053e-02,1.94461270e-02,2.18235731e-02,2.41715249e-02,2.62240998e-02,3.07863644e-02,3.58121944e-02,3.99483171e-02,4.47948897e-02,4.70846950e-02,4.78263305e-02,4.52296965e-02,4.18425029e-02,3.88706763e-02,3.57974138e-02,3.16309089e-02,3.00242846e-02,2.99471062e-02,2.91492878e-02,2.75972420e-02,2.63687010e-02,2.77264462e-02,3.26943138e-02,3.97521336e-02,4.81379227e-02,5.48679680e-02,5.95903915e-02,6.24979447e-02,6.44066422e-02,6.39489386e-02,6.40999996e-02,6.48404855e-02
5.32127452e-02,5.20714458e-02,4.95484200e-02,4.49350152e-02,4.14659255e-02,3.95369037e-02,3.82803958e-02,3.62774799e-02,3.31100301e-02,2.98780614e-02,2.62093334e-02,2.28138617e-02,2.05935463e-02,1.77677340e-02,1.70163328e-02,1.51862904e-02,1.21122219e-02,1.06692823e-02,9.32413701e-03,9.21025347e-03,1.02948661e-02,1.32850410e-02,1.73912457e-02,1.99518253e-02,2.26787196e-02,2.46184963e-02,2.65224481e-02,2.86622476e-02,2.90422275e-02,3.09788015e-02,3.15811571e-02,3.01775953e-02,2.98323829e-02,2.86232611e-02,2.68830295e-02,2.29522327e-02,1.86373323e-02,1.33799668e-02,7.50955438e-03,1.70489597e-03,-2.39684391e-03,-4.49317529e-03,-4.16742424e-03,-1.89833965e-03,1.85846993e-03,2.69666267e-03,5.81558771e-03,9.53521287e-03,1.14486463e-02,9.97522690e-03,1.03901310e-02,1.26991885e-02,1.47892363e-02,1.91250440e-02,2.47012028e-02,2.99586617e-02,3.27238181e-02,3.53022634e-02,3.63303448e-02,3.71877625e-02,3.98226628e-02,4.32496726e-02,4.69104552e-02,5.12475525e-02
7.94821719e-03,4.25143001e-03,-2.22646775e-04,-3.80675336e-03,-7.32596572e-03,-9.29306322e-03,-1.14487611e-02,-1.39709938e-02,-1.71005961e-02,-2.24045519e-02,-2.63892446e-02,-2.94735255e-02,-3.25341405e-02,-3.22912330e-02,-3.25804004e-02,-3.39071428e-02,-3.39693135e-02,-3.46753478e-02,-3.48293009e-02,-3.27443753e-02,-2.96494473e-02,-2.77412521e-02,-2.53686063e-02,-2.11339779e-02,-1.87584548e-02,-1.68687905e-02,-1.61180738e-02,-1.52316900e-02,-1.05841463e-02,-5.97785870e-03,8.92338837e-05,6.79757156e-03,1.23049839e-02,1.68753716e-02,1.88704298e-02,2.32303544e-02,2.94283393e-02,3.50525457e-02,4.31759209e-02,4.76507368e-02,4.91684866e-02,4.95693443e-02,4.91789182e-02,4.78544447e-02,4.70523087e-02,4.81227571e-02,4.90563194e-02,4.93147687e-02,5.02336586e-02,5.09894130e-02,5.12133848e-02,4.86753324e-02,4.37463213e-02,3.74903069e-02,3.12345032e-02,2.74152680e-02,2.41242700e-02,1.95970719e-02,1.63620964e-02,1.18815961e-02,9.33802973e-03,7.46153964e-03,9.58413212e-03,1.01954147e-02
-5.37364801e-02,-5.06621930e-02,-4.73313549e-02,-4.25345780e-02,-3.69758120e-02,-3.00124054e-02,-2.31539769e-02,-1.74080806e-02,-1.32015108e-02,-9.62481969e-03,-6.05916163e-03,-2.40531953e-03,1.13900294e-03,4.41874155e-03,8.53999613e-03,1.26021191e-02,1.47555779e-02,1.51289619e-02,1.56336500e-02,1.57058640e-02,1.46220899e-02,1.29338430e-02,1.20269548e-02,1.09292495e-02,1.09533358e-02,1.14115503e-02,1.01474313e-02,9.70410384e-03,8.99770082e-03,5.54571939e-03,1.66748488e-03,2.86563529e-04,4.78282074e-04,-2.68963816e-04,-3.45380109e-03,-6.89084146e-03,-8.96738184e-03,-1.20910426e-02,-1.32213421e-02,-1.52847327e-02,-1.69702066e-02,-1.81083534e-02,-1.82632617e-02,-2.06511915e-02,-2.12536340e-02,-2.03437952e-02,-2.27496299e-02,-2.66543019e-02,-3.27763730e-02,-4.03384939e-02,-4.79738598e-02,-5.38094833e-02,-5.88772181e-02,-6.37661593e-02,-6.64365274e-02,-6.67205315e-02,-6.42348629e-02,-6.17306085e-02,-6.03249262e-02,-6.11143351e-02,-6.15730441e-02,-6.21164927e-02,-6.01658585e-02,-5.69186361e-02
-3.94444175e-02,-3.85335150e-02,-3.67283822e-02,-3.32650252e-02,-3.20395664e-02,-3.14231075e-02,-3.05108627e-02,-2.89032105e-02,-2.73042699e-02,-2.51956086e-02,-2.38098895e-02,-2.35831795e-02,-2.11154106e-02,-1.74979268e-02,-1.60725240e-02,-1.35299160e-02,-1.18710369e-02,-1.23708135e-02,-1.25872907e-02,-1.24697372e-02,-1.27373799e-02,-1.31432066e-02,-1.40217242e-02,-1.28254580e-02,-1.18554264e-02,-1.16004787e-02,-1.02742706e-02,-9.41849719e-03,-1.06760551e-02,-1.29008858e-02,-1.58583911e-02,-2.08842852e-02,-2.40743989e-02,-2.62182623e-02,-2.94038547e-02,-3.49814784e-02,-4.00571954e-02,-4.43035316e-02,-4.75515138e-02,-4.97491720e-02,-5.15503824e-02,-5.51673700e-02,-5.67547306e-02,-5.78752550e-02,-5.69330580e-02,-5.51157817e-02,-5.41389053e-02,-5.45823155e-02,-5.70229868e-02,-5.97056872e-02,-6.11284433e-02,-6.12858290e-02,-6.21926115e-02,-6.18069965e-02,-6.03140081e-02,-5.91592678e-02,-5.76410836e-02,-5.37828964e-02,-4.69939653e-02,-4.25379005e-02,-4.00852929e-02,-3.99198635e-02,-3.92633318e-02,-3.94107323e-02
-3.16422290e-02,-3.17581174e-02,-3.35459714e-02,-3.36525183e-02,-3.35121075e-02,-3.21782280e-02,-3.05734040e-02,-2.86098464e-02,-2.54872581e-02,-2.55433701e-02,-2.48877276e-02,-2.44852453e-02,-2.57458373e-02,-2.60959776e-02,-2.60700120e-02,-2.59443691e-02,-2.46756526e-02,-2.23696608e-02,-2.05265928e-02,-1.99172108e-02,-1.98606390e-02,-2.10964325e-02,-2.44067789e-02,-2.85572811e-02,-3.30532890e-02,-3.66341454e-02,-4.13904874e-02,-4.44664648e-02,-4.49138066e-02,-4.15625797e-02,-3.73154739e-02,-3.37547979e-02,-3.15068748e-02,-2.87387595e-02,-2.45080533e-02,-2.22406849e-02,-1.95499289e-02,-1.90223962e-02,-1.78759677e-02,-1.63099229e-02,-1.68574868e-02,-1.82131926e-02,-1.93339635e-02,-2.19576434e-02,-2.56760257e-02,-3.01248349e-02,-3.39616076e-02,-3.62911850e-02,-3.89596762e-02,-4.12186881e-02,-4.30624496e-02,-4.36487302e-02,-4.31340530e-02,-4.05241369e-02,-3.66642846e-02,-3.22584910e-02,-2.77212446e-02,-2.62069848e-02,-2.60783355e-02,-2.66787096e-02,-2.76647714e-02,-2.95242602e-02,-3.24534144e-02,-3.22199764e-02
2.60629134e-02,2.65427009e-02,2.95744255e-02,3.17952569e-02,3.39775651e-02,3.57478833e-02,3.43206788e-02,3.38595582e-02,3.39492446e-02,3.52979443e-02,3.73709594e-02,3.92286872e-02,4.15262249e-02,4.44475443e-02,4.67629756e-02,4.70543196e-02,4.73384954e-02,4.58463418e-02,4.36518420e-02,4.02980309e-02,3.80515830e-02,3.59278621e-02,3.40426337e-02,3.12189806e-02,2.78847182e-02,2.68137070e-02,2.72945181e-02,2.72004063e-02,2.60305930e-02,2.46403844e-02,2.06957965e-02,1.48024997e-02,1.05201720e-02,8.57858840e-03,9.35246005e-03,9.03218108e-03,6.63963956e-03,3.25455511e-03,1.53690726e-03,4.85222880e-04,-1.08885416e-03,-4.92624341e-03,-8.82103160e-03,-1.11142420e-02,-1.10063212e-02,-8.90666221e-03,-3.91514621e-03,-4.33912294e-04,-5.49841340e-04,-1.34659259e-03,-7.48734130e-04,-2.52054216e-03,-3.96555611e-03,-4.56438557e-03,-3.69979928e-03,-2.00947537e-03,-1.04096408e-04,2.29763317e-03,4.92046180e-03,1.05204366e-02,1.76727943e-02,2.35753500e-02,2.58770867e-02,2.66241530e-02
-1.11748380e-02,-8.12462795e-03,-4.50098195e-03,-2.58134540e-03,1.56417954e-03,5.53110009e-03,9.87319336e-03,1.44496594e-02,1.96733758e-02,2.48958764e-02,2.85139302e-02,3.12658954e-02,3.35917463e-02,3.46504756e-02,3.31570128e-02,3.10339124e-02,2.87717108e-02,2.78395613e-02,2.82885511e-02,2.83429619e-02,2.67606501e-02,2.70247069e-02,3.04898314e-02,3.22353775e-02,3.17632187e-02,2.81931826e-02,2.57328173e-02,2.20611911e-02,1.92585598e-02,1.75190079e-02,1.44590091e-02,1.01501170e-02,4.56194003e-03,-3.18826957e-03,-1.18664764e-02,-1.86805542e-02,-2.33977249e-02,-2.84146770e-02,-3.52749635e-02,-4.05406549e-02,-4.56235586e-02,-5.00059605e-02,-5.46223149e-02,-5.77374476e-02,-6.36926118e-02,-7.01402301e-02,-7.31406406e-02,-7.45757697e-02,-7.52603663e-02,-7.49329142e-02,-7.40599573e-02,-7.15780936e-02,-6.84543831e-02,-6.33349258e-02,-5.84380478e-02,-5.42645302e-02,-5.10619974e-02,-4.96392679e-02,-4.63495584e-02,-4.20540079e-02,-3.46949049e-02,-2.70810136e-02,-2.09028441e-02,-1.61196271e-02
1.34570363e-02,1.50293822e-02,1.92956087e-02,2.34089748e-02,2.32149674e-02,2.12516191e-02,1.94669918e-02,1.97130883e-02,2.19145098e-02,2.33844878e-02,2.42639761e-02,2.67322431e-02,2.81585053e-02,2.67485690e-02,2.72872548e-02,2.79420149e-02,2.97665520e-02,3.10934871e-02,3.01002095e-02,2.99847476e-02,3.11677390e-02,3.13237767e-02,3.04099585e-02,2.77674119e-02,2.50563220e-02,2.39956398e-02,2.04024957e-02,1.65015347e-02,1.40901761e-02,1.19326845e-02,9.71968117e-03,7.08599565e-03,6.16349790e-03,5.95096007e-03,6.06107184e-03,4.16948957e-03,2.58682481e-03,1.98385202e-03,8.96847690e-04,1.82753345e-04,2.78398170e-04,1.38315608e-03,1.08867355e-03,1.00994003e-03,1.35252059e-04,-3.32736501e-04,7.39011664e-04,3.37207476e-03,6.87226525e-03,9.92075027e-03,1.23871305e-02,1.31569644e-02,1.26893395e-02,1.15018708e-02,1.08554629e-02,9.31242766e-03,9.24285599e-03,1.11035844e-02,1.13946467e-02,1.03452327e-02,8.68988924e-03,6.73135469e-03,7.25892242e-03,1.06818470e-02
2.37429670e-02,2.36304269e-02,2.68748173e-02,3.03152636e-02,3.33249957e-02,3.54818036e-02,3.50785384e-02,3.38407019e-02,3.29814728e-02,3.01010303e-02,2.84630435e-02,2.60908299e-02,2.47611710e-02,2.18862378e-02,1.91801786e-02,1.77634660e-02,1.76665104e-02,1.74767619e-02,1.54008792e-02,1.43790602e-02,1.43198021e-02,1.39601648e-02,1.35362352e-02,1.53788645e-02,1.71409707e-02,1.76531601e-02,1.57208140e-02,1.59971770e-02,1.68298221e-02,1.98363169e-02,2.06797974e-02,1.99214392e-02,2.08301106e-02,2.17821091e-02,2.25843250e-02,2.25153183e-02,2.32914529e-02,2.45903410e-02,2.41053009e-02,2.07436297e-02,1.58898223e-02,1.29241483e-02,1.26702429e-02,1.36994320e-02,1.31310258e-02,1.27471909e-02,1.32705647e-02,1.25520685e-02,1.21806043e-02,1.34707232e-02,1.43867291e-02,1.43189827e-02,1.22732305e-02,9.87019876e-03,9.38923123e-03,9.71998074e-03,1.21493650e-02,1.44593916e-02,1.79462969e-02,2.14228365e-02,2.18171085e-02,2.20233890e-02,2.31334376e-02,2.39028426e-02
4.30782887e-02,4.44860075e-02,4.45667535e-02,4.31762933e-02,4.32995219e-02,4.22779665e-02,4.07982187e-02,3.85517055e-02,3.71917113e-02,3.58469735e-02,3.43514622e-02,3.14877308e-02,2.75165216e-02,2.44379218e-02,2.39415636e-02,2.01651539e-02,1.70561670e-02,1.56081006e-02,1.31457151e-02,9.21998281e-03,4.67756702e-03,3.24498742e-03,2.17450746e-03,2.42460883e-03,4.53866862e-03,7.28036691e-03,1.01624416e-02,1.43873878e-02,1.83282129e-02,1.92319055e-02,1.96111266e-02,2.05506005e-02,2.18700068e-02,2.50529930e-02,2.70240383e-02,2.55328960e-02,2.38161128e-02,2.23351033e-02,2.06662879e-02,1.89207715e-02,1.74725376e-02,1.55857336e-02,1.44416563e-02,1.29045344e-02,1.17956175e-02,9.98885077e-03,7.55534007e-03,5.43270242e-03,4.39960280e-03,3.09427997e-03,3.63435773e-03,5.34716984e-03,8.08148644e-03,8.34545069e-03,8.35178506e-03,8.73924441e-03,8.01867592e-03,8.23008077e-03,1.19502548e-02,1.75538745e-02,2.38720273e-02,3.04867247e-02,3.62441734e-02,4.02090294e-02
2.95032452e-02,2.38397212e-02,2.30822932e-02,2.50220880e-02,2.46531065e-02,2.36791656e-02,2.30475369e-02,2.43247248e-02,2.84133027e-02,3.21621515e-02,3.41142476e-02,3.39384709e-02,3.18627716e-02,2.90032364e-02,2.63235337e-02,2.18227272e-02,1.58635337e-02,9.56651420e-03,4.66991851e-03,1.83804214e-03,2.97447686e-04,-2.53489518e-03,-2.87911037e-03,-4.40169777e-03,-6.01051147e-03,-9.16611088e-03,-1.26555259e-02,-1.46875706e-02,-1.48290658e-02,-1.47382991e-02,-1.40428476e-02,-1.20224890e-02,-1.02176537e-02,-8.05921834e-03,-6.31777703e-03,-6.01652590e-03,-8.12183140e-03,-9.29815775e-03,-1.09892586e-02,-1.28753460e-02,-1.50381923e-02,-1.54918240e-02,-1.47627788e-02,-1.43513037e-02,-1.48830590e-02,-1.35345151e-02,-1.07542638e-02,-7.67093598e-03,-3.64627001e-03,-6.86444714e-04,2.61250916e-03,9.87488680e-03,1.76708860e-02,2.47038011e-02,3.23748016e-02,3.62292707e-02,3.65777151e-02,3.38713476e-02,3.03454082e-02,2.88932121e-02,3.18287658e-02,3.43040482e-02,3.52116967e-02,3.32765645e-02
4.35454802e-02,4.12230810e-02,3.68639039e-02,3.10090816e-02,2.39189353e-02,1.84806061e-02,1.49055691e-02,1.10228736e-02,6.06939814e-03,1.82641922e-03,-3.30660685e-04,-3.44610558e-03,-8.04744742e-03,-1.29664204e-02,-1.63692558e-02,-2.03396095e-02,-2.29016075e-02,-2.77286287e-02,-3.26705759e-02,-3.46928476e-02,-3.57191767e-02,-3.52347832e-02,-3.26746389e-02,-3.13716618e-02,-2.70569676e-02,-2.27080027e-02,-1.99802895e-02,-1.83472222e-02,-1.57554902e-02,-1.15164774e-02,-7.25236385e-03,-5.21152178e-03,-4.66956875e-03,-5.31029024e-03,-7.41983746e-03,-8.91342207e-03,-9.74800526e-03,-8.20346851e-03,-5.61010989e-03,-2.82720973e-03,-8.92662050e-04,2.29942141e-03,5.23829251e-03,6.15977535e-03,7.11243815e-03,9.45061879e-03,1.47819895e-02,1.95254303e-02,2.37038550e-02,2.80763720e-02,3.24356496e-02,3.63408426e-02,4.24935907e-02,4.80476802e-02,5.30558140e-02,5.71555302e-02,6.00111879e-02,6.18517122e-02,6.22845180e-02,6.19416236e-02,5.93097414e-02,5.53921598e-02,5.07791505e-02,4.71544843e-02
-9.02540250e-03,-8.15420298e-03,-7.14639503e-03,-6.60637891e-03,-7.08444621e-03,-9.40115690e-03,-1.20233025e-02,-1.52084449e-02,-1.98493350e-02,-2.30188113e-02,-2.70615267e-02,-3.10538207e-02,-3.48391320e-02,-3.87224545e-02,-4.27930314e-02,-4.73223385e-02,-5.06266122e-02,-5.30622190e-02,-5.55212169e-02,-5.73942031e-02,-5.86397602e-02,-5.76825333e-02,-5.56186585e-02,-5.36749843e-02,-5.12565892e-02,-4.68272842e-02,-4.17208720e-02,-3.81674307e-02,-3.26934475e-02,-2.71047665e-02,-2.37480687e-02,-2.16631493e-02,-2.05578657e-02,-1.84594944e-02,-1.76762533e-02,-1.97804911e-02,-2.37629570e-02,-2.63785046e-02,-2.57532700e-02,-2.35674852e-02,-2.14665618e-02,-1.89513382e-02,-1.69954131e-02,-1.71984104e-02,-1.79511272e-02,-1.79998318e-02,-1.96585462e-02,-1.82556292e-02,-1.55479277e-02,-1.40700208e-02,-1.30525186e-02,-1.33552439e-02,-1.44395589e-02,-1.54107280e-02,-1.54870032e-02,-1.64575984e-02,-1.51590990e-02,-1.18943486e-02,-8.04053534e-03,-6.78619040e-03,-5.65286950e-03,-5.41393256e-03,-7.73838757e-03,-8.82792703e-03
-4.79696427e-02,-4.89172674e-02,-4.91065513e-02,-4.81803743e-02,-4.73971530e-02,-4.61416295e-02,-4.62994620e-02,-4.64031035e-02,-4.61729616e-02,-4.29121788e-02,-3.74684327e-02,-3.23927876e-02,-2.90428727e-02,-2.65979128e-02,-2.32836975e-02,-2.03334371e-02,-2.00124065e-02,-1.98918394e-02,-1.88808324e-02,-1.70985176e-02,-1.68266148e-02,-1.91574022e-02,-2.08904617e-02,-2.44474069e-02,-2.84608252e-02,-3.10774492e-02,-3.29332200e-02,-3.61493530e-02,-3.84731540e-02,-3.87364907e-02,-3.73627109e-02,-3.57631711e-02,-3.57511498e-02,-3.65159051e-02,-3.72806418e-02,-3.60836495e-02,-3.61568590e-02,-3.68256351e-02,-3.69228879e-02,-3.86449860e-02,-4.49661182e-02,-5.08146491e-02,-5.39796416e-02,-5.54294917e-02,-5.52470760e-02,-5.40567005e-02,-5.36369942e-02,-5.25246911e-02,-5.03971577e-02,-4.94521348e-02,-5.05893837e-02,-5.08117568e-02,-4.99824569e-02,-4.87219614e-02,-4.85098099e-02,-4.76644208e-02,-4.63284728e-02,-4.41878697e-02,-4.41575439e-02,-4.62752420e-02,-4.73336605e-02,-4.74053268e-02,-4.80695764e-02,-4.77492179e-02
6.50008263e-02,6.85722454e-02,7.05980879e-02,7.29415071e-02,7.53568798e-02,7.84053021e-02,8.00218391e-02,8.14189380e-02,8.25127679e-02,8.52008656e-02,8.55294989e-02,8.48714529e-02,8.43309828e-02,8.32155308e-02,8.03781247e-02,8.07431661e-02,8.30828501e-02,8.26902769e-02,8.03740565e-02,7.60028637e-02,6.88750774e-02,6.01364584e-02,5.14937342e-02,4.50929843e-02,4.12216157e-02,3.71304513e-02,3.18828190e-02,2.49770959e-02,1.88799706e-02,1.57298757e-02,1.43481844e-02,1.26593124e-02,1.15596786e-02,1.02647237e-02,8.98095739e-03,7.50319711e-03,6.40767380e-03,5.20769803e-03,3.12491308e-03,1.69839565e-03,2.20792258e-03,3.59917886e-03,5.85106763e-03,7.22841981e-03,8.05839776e-03,1.06079143e-02,1.32757228e-02,1.45488451e-02,1.52803564e-02,1.31796521e-02,1.17750325e-02,1.50892121e-02,1.96990377e-02,2.34596927e-02,2.68464726e-02,3.11121926e-02,3.48294188e-02,3.74503228e-02,4.04653605e-02,4.30726344e-02,4.51781124e-02,4.82162262e-02,5.28956774e-02,5.89829422e-02
3.35517619e-02,3.12090052e-02,2.89649912e-02,2.63626381e-02,2.08073141e-02,1.38583793e-02,9.45644142e-03,3.65547627e-03,-1.77961605e-03,-4.73851783e-03,-5.84899074e-03,-4.60796919e-03,-3.30432940e-03,-1.54179903e-03,8.73473007e-04,2.92977874e-03,6.98887661e-03,1.07948015e-02,1.49617321e-02,2.00231471e-02,2.47374202e-02,3.10780661e-02,3.62297415e-02,3.94108000e-02,3.90938997e-02,3.60915705e-02,3.31596786e-02,3.19677749e-02,3.04217118e-02,2.78733488e-02,2.43093808e-02,2.10854234e-02,1.79905021e-02,1.48230442e-02,1.34440831e-02,1.39289003e-02,1.53046800e-02,1.43370468e-02,1.32115350e-02,1.23709581e-02,1.33789218e-02,1.46242112e-02,1.56424104e-02,1.54385368e-02,1.47883716e-02,1.32188651e-02,1.23328372e-02,1.36117798e-02,1.40753002e-02,1.46695720e-02,1.24453172e-02,1.14827806e-02,1.32755238e-02,1.45046985e-02,1.69103964e-02,2.01158528e-02,2.41586327e-02,2.54524928e-02,2.47624314e-02,2.62293649e-02,2.90216852e-02,3.09705588e-02,3.34523070e-02,3.49489054e-02
-9.60322165e-04,1.57342556e-04,2.25662262e-04,-5.86034191e-04,-1.23871635e-03,1.31382737e-05,7.89243955e-04,1.71483034e-03,1.71236514e-03,4.98322142e-04,1.57208821e-03,3.98369183e-03,6.51206705e-03,8.39158806e-03,9.93616786e-03,1.07992120e-02,1.13466253e-02,1.33859595e-02,1.58156828e-02,1.64033561e-02,1.47696391e-02,1.11846075e-02,6.74168850e-03,7.07743429e-04,-4.58872546e-03,-9.48630290e-03,-1.36913060e-02,-1.66461213e-02,-1.91166584e-02,-1.95794744e-02,-1.84474711e-02,-1.53327568e-02,-1.37207424e-02,-1.27852850e-02,-1.08850938e-02,-9.46521221e-03,-1.03793609e-02,-1.21418318e-02,-1.51171959e-02,-1.72043880e-02,-1.87464194e-02,-1.89918764e-02,-1.99134033e-02,-2.12253743e-02,-2.18459405e-02,-2.05054856e-02,-1.54589448e-02,-9.85479291e-03,-4.60761108e-03,8.92113257e-04,4.10653310e-03,7.42167882e-03,1.21102383e-02,1.29603602e-02,1.21282299e-02,8.90236947e-03,9.98758541e-03,9.61139101e-03,8.60461392e-03,6.63362498e-03,5.26727153e-03,3.17774162e-03,8.28253104e-04,-7.45153448e-04
3.73245927e-02,3.70262203e-02,3.73670180e-02,3.51937977e-02,3.28869158e-02,3.16435667e-02,3.12711473e-02,3.21394571e-02,3.19520111e-02,3.17205596e-02,3.01357980e-02,2.91949935e-02,2.79069959e-02,2.71285654e-02,2.67313673e-02,2.58176653e-02,2.37040535e-02,2.02722907e-02,1.74905561e-02,1.44043781e-02,1.22322375e-02,1.14752386e-02,1.15405089e-02,1.23225218e-02,9.25669379e-03,3.00822177e-03,-1.64589165e-03,-4.77097845e-03,-6.67046949e-03,-6.13427745e-03,-4.03132199e-03,-1.15125053e-03,2.49940975e-03,5.20775479e-03,7.36593697e-03,9.97772940e-03,1.27705957e-02,1.32594958e-02,1.18932650e-02,1.01669125e-02,9.78832742e-03,1.01294308e-02,1.08415995e-02,1.25163362e-02,1.54006496e-02,1.85133661e-02,2.14022076e-02,2.50624974e-02,3.11174044e-02,3.50643420e-02,3.80306820e-02,4.13147462e-02,4.27854197e-02,4.35635687e-02,4.33006976e-02,3.97665455e-02,3.74803424e-02,3.43832119e-02,3.68693812e-02,3.76529305e-02,3.63881875e-02,3.74821241e-02,3.83801996e-02,3.81931216e-02
-6.29328628e-03,-1.37378506e-03,5.85250976e-03,1.48894855e-02,2.32819175e-02,3.12736167e-02,3.91466891e-02,4.32251652e-02,4.46793857e-02,4.31932480e-02,4.22798881e-02,4.02815309e-02,3.89151212e-02,3.70479836e-02,3.57417166e-02,3.72147988e-02,3.76914755e-02,3.82838498e-02,3.86283363e-02,3.84890785e-02,3.89550122e-02,3.85943749e-02,3.67931281e-02,3.59158196e-02,3.46441202e-02,3.06862107e-02,2.39699204e-02,1.71422617e-02,1.19640992e-02,8.69433020e-03,7.13093252e-03,7.46202790e-03,8.06592891e-03,5.33841092e-03,-3.69500884e-04,-6.24123963e-03,-1.12247979e-02,-1.38381102e-02,-1.37970611e-02,-1.15244899e-02,-9.67605858e-03,-5.67408795e-03,-7.17756048e-04,1.82315578e-03,4.82712292e-03,6.69339783e-03,5.02872411e-03,3.01377692e-03,2.95739293e-03,4.21115660e-03,5.76238931e-03,8.16820783e-03,1.14544999e-02,1.45994195e-02,1.67776617e-02,1.54134544e-02,1.22948734e-02,8.44571986e-03,5.56428921e-03,1.42300426e-03,-2.99309561e-03,-4.67835000e-03,-6.65709163e-03,-7.28468491e-03
-1.97810569e-02,-1.77485470e-02,-1.74686197e-02,-1.86213476e-02,-1.89478177e-02,-1.84322916e-02,-1.90599389e-02,-1.86229591e-02,-1.81031564e-02,-1.64403840e-02,-1.42841984e-02,-1.07470549e-02,-8.95679705e-03,-8.01447956e-03,-6.97248832e-03,-5.81346315e-03,-4.19082709e-03,-5.01731889e-03,-4.34604462e-03,-1.32539631e-03,7.72948864e-04,2.02501366e-03,3.19833238e-03,5.73778686e-03,9.59338758e-03,1.35986941e-02,1.70825766e-02,1.87442597e-02,2.13778177e-02,2.44418800e-02,2.69135077e-02,2.72023277e-02,2.66561999e-02,2.54775194e-02,2.47471657e-02,2.30717548e-02,2.03176045e-02,1.73432737e-02,1.42497340e-02,8.97161449e-03,3.53572926e-03,-3.31347684e-03,-8.53474618e-03,-1.37675800e-02,-1.74934316e-02,-1.96488214e-02,-2.07505401e-02,-2.07227917e-02,-2.09714162e-02,-2.41858920e-02,-3.02154665e-02,-3.45607897e-02,-3.72795252e-02,-3.50249857e-02,-3.11436996e-02,-2.74292324e-02,-2.50413343e-02,-2.56678373e-02,-2.67527015e-02,-2.81601292e-02,-2.56277324e-02,-2.26619618e-02,-2.12956998e-02,-1.98970948e-02
-2.88831696e-02,-3.02425532e-02,-2.79752819e-02,-2.67461018e-02,-2.78614811e-02,-2.98269563e-02,-2.98655078e-02,-2.94492341e-02,-2.94917516e-02,-2.74602973e-02,-2.34454683e-02,-1.86343914e-02,-1.30601731e-02,-5.26526145e-03,9.51724183e-04,7.08283438e-03,1.21480308e-02,1.69765228e-02,2.01040672e-02,2.13965441e-02,1.94125050e-02,1.66933227e-02,1.59431539e-02,1.52865223e-02,1.52112105e-02,1.67237189e-02,1.73829080e-02,1.47324215e-02,1.23768286e-02,1.24134959e-02,1.33475701e-02,1.32120689e-02,1.20027859e-02,1.17871325e-02,1.06531090e-02,1.06930679e-02,9.74145270e-03,8.79989949e-03,9.80544798e-03,1.09357068e-02,1.35789272e-02,1.51491056e-02,1.42559259e-02,1.25964065e-02,1.12393858e-02,1.09251036e-02,9.83294182e-03,8.16882677e-03,5.76611576e-03,4.43741105e-03,1.07293289e-03,-4.26936105e-03,-1.02984154e-02,-1.49161071e-02,-1.94309752e-02,-2.37493509e-02,-2.81619003e-02,-3.18600342e-02,-3.51429377e-02,-3.56835116e-02,-3.52275147e-02,-3.25908953e-02,-3.02555013e-02,-2.86298778e-02
3.49145177e-03,3.09435333e-03,7.65990161e-04,-5.55327304e-03,-9.75448276e-03,-1.26991282e-02,-1.41165056e-02,-1.58296753e-02,-1.61822368e-02,-1.59209213e-02,-1.52780731e-02,-1.42603742e-02,-1.45004443e-02,-1.35356412e-02,-1.11086003e-02,-8.87899322e-03,-7.58268977e-03,-5.36284688e-03,-2.14448528e-03,-3.28894634e-04,1.30792523e-03,-3.07128736e-04,-2.58716324e-03,-2.00433072e-03,-3.63171974e-04,3.48218540e-05,1.15650290e-03,3.71218617e-03,7.17440862e-03,7.54094107e-03,3.86846412e-03,1.31226539e-03,-1.33774979e-03,-3.47587502e-03,-1.70373585e-03,2.73914768e-03,7.29313435e-03,1.17006531e-02,1.65214513e-02,1.69912076e-02,1.73754915e-02,1.62441890e-02,1.65682339e-02,1.82189172e-02,2.01717572e-02,1.93810262e-02,1.57160399e-02,1.02683540e-02,5.26998457e-03,2.13375075e-03,5.24753420e-04,-1.13416796e-03,-2.15359735e-03,-3.85237267e-03,-6.71225199e-03,-7.37414259e-03,-6.42982280e-03,-3.07687175e-03,-1.11125545e-03,4.41695322e-04,2.67224857e-03,3.16650830e-03,2.90027776e-03,3.62951570e-03
1.73480877e-02,1.77532090e-02,1.87719610e-02,2.12690640e-02,2.52185023e-02,2.80504002e-02,2.90985827e-02,2.78417451e-02,2.56066239e-02,2.11220832e-02,1.78829686e-02,1.49151332e-02,1.38022751e-02,1.46625417e-02,1.46289455e-02,1.30844303e-02,1.19001817e-02,1.20136260e-02,1.20835873e-02,1.29904852e-02,1.40188217e-02,1.32123773e-02,1.29081499e-02,1.25259126e-02,1.15674054e-02,1.05623375e-02,8.12289817e-03,6.41266620e-03,2.73447824e-03,-1.34444624e-03,-3.42267746e-03,-4.25435718e-03,-4.43187200e-03,-4.35841980e-03,-4.22437817e-03,-2.39047770e-03,-2.77933512e-03,-5.92463762e-03,-8.60487054e-03,-9.28460540e-03,-1.17892933e-02,-1.73008978e-02,-2.17698476e-02,-2.57191687e-02,-2.95144513e-02,-3.10643348e-02,-3.01819672e-02,-2.70267966e-02,-2.39462179e-02,-2.15199516e-02,-1.92947329e-02,-1.53735188e-02,-8.46121990e-03,-1.61072947e-03,3.78257929e-03,7.62363675e-03,1.25126674e-02,1.70143355e-02,1.91124935e-02,2.10385715e-02,2.08722624e-02,1.95028507e-02,1.89002309e-02,1.69259469e-02
-2.40680379e-03,-4.51246877e-03,-4.99970255e-03,-4.54475367e-03,-2.13844901e-03,-9.34015909e-04,-7.79694329e-04,1.77484208e-04,1.33097890e-03,3.01209186e-03,3.32172538e-03,3.52401178e-03,3.48975472e-03,2.26989884e-03,-8.05557355e-04,-3.78976347e-03,-8.38243189e-03,-1.10650071e-02,-1.28445139e-02,-1.23900256e-02,-8.63107556e-03,-4.81110237e-03,-2.08646966e-04,1.12454876e-03,2.56738996e-03,3.04811876e-03,1.80410481e-03,-3.57863461e-03,-9.14839355e-03,-1.30941555e-02,-1.65471522e-02,-1.67826059e-02,-1.32554872e-02,-8.40837035e-03,-5.12121515e-03,-2.14632660e-03,1.02086387e-03,3.24200334e-03,4.34867173e-03,7.60007291e-03,1.22899465e-02,1.73435305e-02,2.17978051e-02,2.67755094e-02,3.02865658e-02,3.21176515e-02,3.35850527e-02,3.51044397e-02,3.80850164e-02,4.09043569e-02,4.43147300e-02,4.53359752e-02,4.30130398e-02,4.07930477e-02,3.85751432e-02,3.51251867e-02,3.22008975e-02,2.81642750e-02,2.32088947e-02,1.88445394e-02,1.50708230e-02,1.04629394e-02,6.02154640e-03,2.17339881e-03
1.07045753e-03,1.63653784e-03,8.26703865e-04,2.11366349e-04,-2.89047581e-03,-7.65333377e-03,-1.31303757e-02,-1.83434838e-02,-2.28553299e-02,-2.40854098e-02,-2.50816176e-02,-2.55688128e-02,-2.59491491e-02,-2.50793103e-02,-2.63657915e-02,-2.98940738e-02,-3.43169174e-02,-3.78108380e-02,-3.82128978e-02,-3.77154616e-02,-3.88267352e-02,-4.11642807e-02,-4.20678004e-02,-4.13743704e-02,-4.07880277e-02,-4.30476203e-02,-4.60339958e-02,-4.91991759e-02,-5.37075137e-02,-5.52108171e-02,-5.44550542e-02,-5.35820468e-02,-5.15363513e-02,-4.86126924e-02,-4.57559409e-02,-4.19515837e-02,-3.92659775e-02,-3.61481931e-02,-3.45561658e-02,-3.45268431e-02,-3.33595682e-02,-3.31861247e-02,-3.13866313e-02,-2.75978184e-02,-2.25656610e-02,-1.55850428e-02,-1.06363007e-02,-6.72867655e-03,-2.86900420e-03,9.46184536e-04,5.22146500e-03,9.48515990e-03,1.15876249e-02,1.18045883e-02,9.14662592e-03,6.01868882e-03,4.67660177e-03,3.78714198e-03,9.59544916e-04,-1.02692244e-03,-2.16411231e-03,-1.29943339e-03,-3.90258506e-04,7.04863928e-05
-3.52252839e-03,1.47415760e-03,6.04541285e-03,7.51836592e-03,9.84116748e-03,1.00531591e-02,8.72188394e-03,7.96657961e-03,6.13854018e-03,6.42693802e-03,6.81354712e-03,6.64494019e-03,6.46095964e-03,5.83617329e-03,5.59215230e-03,4.05558217e-03,4.38740358e-03,3.93077823e-03,2.60625895e-03,4.04439562e-04,-2.78201076e-03,-6.15575651e-03,-1.00738152e-02,-1.31149165e-02,-1.44416368e-02,-1.26791695e-02,-1.00888146e-02,-7.05266168e-03,-4.92418684e-03,-3.01576222e-03,-8.06529854e-04,2.29337632e-03,5.57347948e-03,1.03669091e-02,1.19211440e-02,1.31637248e-02,1.22164584e-02,1.07311465e-02,7.44008822e-03,3.42441794e-03,-3.29781480e-04,-5.50667304e-03,-1.03921975e-02,-1.42416234e-02,-1.89314436e-02,-2.46019189e-02,-2.84362900e-02,-3.08091554e-02,-3.56527491e-02,-4.03902991e-02,-4.51697759e-02,-4.54262930e-02,-4.47049624e-02,-4.57035151e-02,-4.47232267e-02,-4.28553986e-02,-4.00560487e-02,-3.72150871e-02,-3.26937644e-02,-2.91840580e-02,-2.44698600e-02,-1.89390292e-02,-1.28955342e-02,-7.43145811e-03
1.95445859e-02,2.50459877e-02,2.91312785e-02,3.38467046e-02,3.59267849e-02,3.51443766e-02,3.40469816e-02,3.17145496e-02,2.97786310e-02,2.76429009e-02,2.52726581e-02,2.21605944e-02,1.92623258e-02,1.85481758e-02,1.71678921e-02,1.38190987e-02,1.18572924e-02,1.13735004e-02,1.01887971e-02,7.77350163e-03,6.08213817e-03,5.36185014e-03,6.24798702e-03,8.10270849e-03,1.05907067e-02,1.05627322e-02,1.05860302e-02,1.30849246e-02,1.50876646e-02,1.46109889e-02,1.33643072e-02,1.21163492e-02,9.77781663e-03,8.52951486e-03,9.11228509e-03,1.14395383e-02,1.24463464e-02,1.22039522e-02,1.30768428e-02,1.29191867e-02,1.08794347e-02,8.21679116e-03,6.32398973e-03,4.97370501e-03,4.07942683e-03,1.92588115e-03,-4.00978209e-04,-5.60195030e-03,-1.15401177e-02,-1.55561703e-02,-1.92581696e-02,-2.31725352e-02,-2.83063403e-02,-3.06675804e-02,-2.94735743e-02,-2.91833811e-02,-2.77348125e-02,-2.68042376e-02,-2.47612353e-02,-1.63002866e-02,-8.05328572e-03,-3.34253490e-04,7.19947285e-03,1.31622117e-02
-1.99023420e-03,-5.13062129e-03,-7.94437169e-03,-8.75715603e-03,-6.10824319e-03,-2.74642070e-03,-2.17126926e-03,-4.20135279e-04,1.03722019e-03,2.72036370e-03,5.44951618e-03,8.23181298e-03,1.27339744e-02,1.69623622e-02,2.05324657e-02,2.39660497e-02,2.45218008e-02,2.33789551e-02,2.04239466e-02,1.76065907e-02,1.42080668e-02,1.16280172e-02,1.11265901e-02,1.16768162e-02,1.49447039e-02,1.75467715e-02,2.20202591e-02,2.64976077e-02,2.90375779e-02,3.13195152e-02,3.58934268e-02,3.75722493e-02,3.55615600e-02,3.19666015e-02,2.73910117e-02,2.26207356e-02,1.64123022e-02,1.20573091e-02,7.71754202e-03,4.35601222e-03,3.72753583e-04,-4.66900993e-04,-3.20977543e-03,-7.44242949e-03,-9.09312123e-03,-1.10517003e-02,-1.29885014e-02,-1.46937142e-02,-1.51202980e-02,-1.48148729e-02,-1.17968910e-02,-8.41207334e-03,-6.00161866e-03,-2.40556850e-03,3.34066109e-03,7.16820830e-03,8.02997864e-03,7.48622606e-03,8.29654581e-03,7.69379171e-03,8.02362973e-03,6.12865004e-03,4.20420928e-03,8.41975412e-04
5.20987426e-02,5.22114224e-02,5.23203801e-02,5.19471093e-02,5.24316402e-02,5.26566362e-02,5.26052618e-02,5.50512438e-02,5.57111745e-02,5.57242758e-02,5.43521551e-02,5.29739844e-02,5.01537820e-02,4.73560689e-02,4.39955898e-02,4.11422899e-02,4.05638526e-02,4.02580154e-02,3.75061280e-02,3.42377305e-02,3.01706513e-02,2.60524555e-02,2.28343697e-02,2.11931484e-02,1.92340477e-02,1.67741814e-02,1.40171708e-02,1.24025179e-02,1.20488503e-02,1.34934488e-02,1.66738876e-02,1.97316948e-02,2.27398711e-02,2.42460355e-02,2.75533733e-02,3.23196687e-02,3.51432725e-02,3.80882172e-02,4.02156767e-02,4.27928991e-02,4.34784309e-02,4.52740137e-02,4.61583622e-02,4.50015712e-02,4.26523237e-02,3.83433661e-02,3.51394144e-02,3.14359178e-02,2.77235652e-02,2.60451135e-02,2.41342772e-02,2.36477842e-02,2.54450854e-02,2.86700460e-02,2.93173713e-02,3.09797428e-02,3.31548046e-02,3.70485772e-02,4.10338154e-02,4.47481107e-02,4.78595594e-02,5.08085225e-02,5.23930852e-02,5.19357577e-02
1.52715306e-02,1.04158807e-02,7.25533790e-03,3.32414470e-03,-1.00451816e-03,-5.58344514e-03,-6.45503487e-03,-5.65310976e-03,-4.97351152e-03,-4.47240836e-03,-5.56960986e-03,-5.63841408e-03,-5.02472800e-03,-3.05797682e-03,-1.17387579e-03,-1.31773230e-03,-2.99162173e-03,-3.77407453e-03,-1.90991998e-03,2.35502942e-03,8.50344875e-03,1.39210185e-02,1.93181689e-02,2.47850449e-02,2.90451497e-02,2.92202115e-02,2.83175334e-02,2.63778566e-02,2.48117650e-02,2.77478274e-02,3.06891661e-02,3.20428753e-02,3.35440791e-02,3.27113674e-02,3.17399521e-02,3.12178312e-02,3.09572390e-02,3.26400057e-02,3.49556200e-02,3.51094765e-02,3.57271673e-02,3.70719203e-02,3.61247168e-02,3.44681779e-02,3.23225045e-02,2.92191691e-02,2.76600690e-02,2.62057799e-02,2.55135832e-02,2.30755729e-02,1.97540005e-02,1.61272508e-02,1.35712563e-02,1.09700943e-02,1.22441150e-02,1.55850153e-02,1.90448977e-02,2.35255330e-02,2.57663160e-02,2.73146166e-02,2.77630156e-02,2.71407503e-02,2.34211269e-02,1.93975763e-02
2.42307897e-02,1.95787048e-02,1.63758733e-02,1.12534373e-02,5.75323969e-03,1.42299984e-03,-3.04450857e-03,-7.06342960e-03,-8.31983697e-03,-1.00410398e-02,-8.28507405e-03,-4.36335159e-03,3.53417512e-04,2.18866810e-03,4.69291552e-03,9.03497771e-03,1.43031219e-02,1.97841685e-02,2.48340351e-02,2.92770274e-02,3.26232120e-02,3.36917118e-02,3.77582099e-02,4.36877382e-02,4.74977682e-02,4.86943203e-02,4.77624362e-02,4.69856366e-02,4.71993922e-02,4.91181787e-02,5.19044734e-02,5.44499241e-02,5.36898940e-02,5.31496479e-02,5.27076552e-02,5.00587841e-02,4.68168129e-02,4.19575742e-02,3.98519639e-02,3.86200618e-02,3.56723802e-02,3.25978820e-02,3.27074392e-02,3.58114062e-02,3.91745270e-02,4.17177840e-02,4.26307367e-02,4.19019037e-02,4.27729756e-02,4.27765498e-02,4.16612983e-02,4.07494000e-02,4.18064185e-02,4.45262375e-02,4.58155851e-02,4.61036896e-02,4.95341751e-02,5.00214839e-02,5.02375268e-02,4.66200052e-02,4.03234184e-02,3.66933482e-02,3.48795596e-02,2.96954257e-02
2.38469409e-02,2.67357926e-02,2.66037348e-02,2.49412277e-02,2.33116805e-02,2.46207071e-02,2.94019266e-02,3.38617570e-02,3.56191418e-02,3.67340870e-02,3.74430394e-02,3.96566659e-02,4.13086698e-02,4.33932496e-02,4.78078049e-02,5.23276256e-02,5.39943108e-02,5.27676502e-02,5.34683193e-02,5.90352291e-02,6.29686015e-02,6.58284787e-02,6.54137412e-02,6.35984197e-02,6.13792781e-02,5.91440750e-02,5.51777119e-02,5.04595316e-02,4.28070275e-02,3.35863018e-02,2.56806245e-02,1.82068551e-02,1.42186887e-02,9.59004430e-03,5.16637265e-03,2.23796978e-03,7.09132483e-04,-2.25572452e-04,-2.80685476e-03,-4.45843086e-03,-3.88441294e-03,-5.53681049e-03,-7.09033359e-03,-7.11064859e-03,-5.68043587e-03,-3.53257051e-03,-1.87131461e-03,3.51209772e-04,2.99819266e-03,4.92516916e-03,6.39665592e-03,7.42688880e-03,9.46107368e-03,1.12330424e-02,1.41950508e-02,1.69944337e-02,2.08942962e-02,2.25196123e-02,2.32191473e-02,2.23711670e-02,2.10586178e-02,2.02218139e-02,2.02710550e-02,2.07200733e-02
-9.69900275e-03,-1.06032479e-02,-1.15734368e-02,-1.09506892e-02,-1.04978075e-02,-9.12459304e-03,-7.52246967e-03,-6.09653721e-03,-4.82016674e-03,-4.28222086e-03,-5.52032677e-03,-4.57858719e-03,-3.58315062e-03,-1.58488227e-03,-1.59385272e-03,-1.10286519e-03,2.18062271e-03,5.46817413e-03,7.09860421e-03,7.32311610e-03,7.76539942e-03,8.01353513e-03,6.63054921e-03,4.33260356e-03,2.67764800e-03,1.41858631e-03,1.14471158e-04,1.27844812e-04,-1.99287873e-04,-1.44713624e-03,-2.85668816e-03,-5.25120146e-03,-5.13622654e-03,-4.37093674e-03,-5.46536752e-03,-6.58591324e-03,-4.43517400e-03,-4.61722860e-03,-4.10349477e-03,-2.68193624e-03,-2.38594637e-03,-9.67161672e-04,1.35414811e-03,5.53865750e-03,1.01819309e-02,1.33635118e-02,1.55124896e-02,1.83131903e-02,1.83631527e-02,1.94613028e-02,1.89451739e-02,1.92365324e-02,2.08713620e-02,2.00044308e-02,1.81421131e-02,1.58484094e-02,1.32241369e-02,1.18475598e-02,8.42568372e-03,3.91769547e-03,-2.44092128e-04,-3.36706709e-03,-5.42685153e-03,-7.84895030e-03
2.71706292e-02,2.32919549e-02,1.72210100e-02,1.09929804e-02,5.48148945e-03,2.60443759e-03,2.27158750e-03,5.07623577e-03,9.40272386e-03,1.51065785e-02,1.89971000e-02,1.93194206e-02,1.87784709e-02,1.51721501e-02,1.19271379e-02,9.84812354e-03,8.63539970e-03,8.63616362e-03,1.05670876e-02,1.18942522e-02,1.23222913e-02,9.57721422e-03,5.41151039e-03,8.13478088e-04,-9.16964749e-04,-2.26628090e-03,-1.23258117e-03,1.28891446e-04,6.35873217e-04,-1.06556426e-03,-3.95252395e-03,-7.49747460e-03,-1.10492363e-02,-1.29543169e-02,-1.54162920e-02,-1.58244420e-02,-1.66494104e-02,-1.62864200e-02,-1.53519198e-02,-1.54910006e-02,-1.53186203e-02,-1.39547786e-02,-1.52926205e-02,-1.45352067e-02,-1.26901786e-02,-8.49165613e-03,-3.89365603e-03,7.06291079e-04,3.35915248e-03,5.96852699e-03,9.40696396e-03,1.04456154e-02,1.06951725e-02,1.11600370e-02,1.23092448e-02,1.33326214e-02,1.64879479e-02,1.84239162e-02,1.96011454e-02,2.17676289e-02,2.43125217e-02,2.58858100e-02,2.89336464e-02,2.91782366e-02
-1.48012563e-02,-1.16341523e-02,-1.13350285e-02,-1.21004887e-02,-1.40418499e-02,-1.47341594e-02,-1.34149126e-02,-1.14140445e-02,-9.14509024e-03,-8.96278117e-03,-9.23898455e-03,-9.55609154e-03,-9.60520967e-03,-1.06028394e-02,-1.05245789e-02,-1.02483964e-02,-1.22512658e-02,-1.15791301e-02,-1.11724704e-02,-1.10021638e-02,-1.11309652e-02,-1.20251119e-02,-1.18664913e-02,-1.10515603e-02,-1.01916545e-02,-1.04520630e-02,-9.84608908e-03,-6.67371945e-03,-3.43472652e-03,-2.37040467e-03,-2.48125609e-03,-2.36143790e-03,-1.06662498e-03,-2.25571524e-03,-1.34033656e-03,-2.75045143e-03,-4.71222039e-03,-4.99243426e-03,-7.65457529e-03,-7.90787093e-03,-6.92096830e-03,-5.67988736e-03,-5.03816080e-03,-6.91536194e-03,-1.00437785e-02,-1.09288717e-02,-1.17178281e-02,-1.39904864e-02,-1.69884522e-02,-1.80535866e-02,-1.82726626e-02,-1.81938870e-02,-1.80673035e-02,-1.93638973e-02,-1.94690115e-02,-1.77443679e-02,-1.82908274e-02,-1.94038456e-02,-1.85253220e-02,-2.01011442e-02,-2.02519378e-02,-2.03900936e-02,-2.08011055e-02,-1.79821015e-02
2.04999714e-02,2.03059828e-02,2.01169044e-02,1.77079888e-02,1.18395395e-02,6.62325613e-03,9.94044505e-04,-1.51421383e-03,-2.54753854e-03,-2.67113846e-03,-2.29339196e-03,7.67863254e-04,3.30060337e-03,4.35514112e-03,5.92232015e-03,9.78177977e-03,1.17120579e-02,1.09714707e-02,9.97149937e-03,8.51851913e-03,7.01582414e-03,7.11705351e-03,7.27864210e-03,4.66416822e-03,1.24307713e-03,-3.26885793e-03,-7.85541435e-03,-1.21333192e-02,-1.68719209e-02,-2.02753421e-02,-2.26166965e-02,-2.55970315e-02,-2.75805326e-02,-2.92490732e-02,-2.87275816e-02,-2.72958858e-02,-2.71977043e-02,-2.63562991e-02,-2.45753809e-02,-2.34788952e-02,-2.28521189e-02,-2.36233700e-02,-2.52658547e-02,-2.69275383e-02,-2.91857008e-02,-2.88782272e-02,-2.65453530e-02,-2.54833497e-02,-2.45567327e-02,-2.17893525e-02,-1.73313860e-02,-1.27305450e-02,-7.88197213e-03,-2.86551116e-03,1.15020378e-04,1.49084598e-03,2.71145123e-03,4.97558725e-03,8.62191846e-03,1.17847411e-02,1.48176498e-02,1.66091486e-02,1.71385507e-02,1.82582241e-02
-2.20000460e-02,-2.09427286e-02,-2.02309194e-02,-1.99464580e-02,-2.12711352e-02,-2.20173534e-02,-2.39704772e-02,-2.45627546e-02,-2.47042318e-02,-2.23367978e-02,-1.79761775e-02,-1.42984738e-02,-9.45464202e-03,-2.01888600e-03,5.06622278e-03,1.15111286e-02,1.52171439e-02,1.81640636e-02,2.16530112e-02,2.41478489e-02,2.50833980e-02,2.38772936e-02,2.27344114e-02,1.96881917e-02,1.82763306e-02,1.77313476e-02,1.64175098e-02,1.52625477e-02,1.36446936e-02,9.98191307e-03,7.08999820e-03,5.24350409e-03,5.09194783e-03,3.22760609e-03,1.02829858e-03,5.25118415e-04,-5.07560227e-04,-3.40156652e-03,-4.91520819e-03,-8.03009809e-03,-1.10118649e-02,-1.36955705e-02,-1.71909118e-02,-2.02844138e-02,-2.39239768e-02,-2.99771250e-02,-3.79549613e-02,-4.55927170e-02,-5.20391094e-02,-5.68776910e-02,-5.86790989e-02,-6.10188139e-02,-6.04314877e-02,-5.74887551e-02,-5.10664453e-02,-4.47723152e-02,-3.82091753e-02,-3.05534708e-02,-2.46135090e-02,-2.13143226e-02,-1.98504915e-02,-2.06183726e-02,-2.11212025e-02,-2.19166613e-02
1.98961871e-02,1.73499658e-02,1.38994021e-02,1.09890111e-02,1.03280193e-02,1.10477393e-02,1.06683097e-02,7.98930153e-03,4.27156340e-03,1.43273470e-03,1.64142499e-04,-1.30093971e-03,-2.64438168e-03,-2.02432276e-03,-2.33416534e-03,-3.60378250e-03,-2.23220186e-03,-1.38219658e-03,-5.21963642e-04,6.08435916e-04,3.52415822e-04,2.26185031e-03,4.19071932e-03,6.03060788e-03,8.20523407e-03,1.02698626e-02,9.40456496e-03,7.27718125e-03,6.44052106e-03,9.47730032e-03,1.02448264e-02,1.23989956e-02,1.38938874e-02,1.50177098e-02,1.45716428e-02,1.44915069e-02,1.32618850e-02,1.40880473e-02,1.57965576e-02,1.69510188e-02,1.63588240e-02,1.73478182e-02,1.57105206e-02,1.52799772e-02,1.94623237e-02,2.47187324e-02,2.77978821e-02,3.05770436e-02,3.51199174e-02,3.85522360e-02,3.94629312e-02,3.74944722e-02,3.59450438e-02,3.35248243e-02,3.11198964e-02,2.83738609e-02,2.52337615e-02,2.42513979e-02,2.45478329e-02,2.43605713e-02,2.40830081e-02,2.50776383e-02,2.54879835e-02,2.34447584e-02
8.97243516e-03,5.74392352e-03,6.90309272e-03,9.77188993e-03,1.40781252e-02,1.71408650e-02,1.96334866e-02,2.22909098e-02,2.44300364e-02,2.58144948e-02,2.56149540e-02,2.65149827e-02,2.61023173e-02,2.49640338e-02,2.39711910e-02,2.32087218e-02,2.17298839e-02,2.17374833e-02,2.05076741e-02,1.91221595e-02,1.79611712e-02,1.71902267e-02,1.55276200e-02,1.14289947e-02,5.89940981e-03,2.52762812e-03,6.81617946e-04,-1.73104917e-03,-2.34774689e-03,-1.53498077e-03,1.46145584e-04,2.80251425e-03,8.39629518e-03,1.39306713e-02,1.98339814e-02,2.29585883e-02,2.60055137e-02,2.51452507e-02,2.32579171e-02,2.05373964e-02,1.82301433e-02,1.59886210e-02,1.40513877e-02,1.20625334e-02,1.25055689e-02,1.32256155e-02,1.41643764e-02,1.41291695e-02,1.51643019e-02,1.62391812e-02,1.71244940e-02,1.89388949e-02,1.80121646e-02,1.85296512e-02,1.92271039e-02,2.04601382e-02,2.02987738e-02,2.04311643e-02,2.04599562e-02,2.01092301e-02,2.15220882e-02,2.05545498e-02,1.85272538e-02,1.38884637e-02
1.61789952e-02,1.74055231e-02,1.66301492e-02,1.46451636e-02,1.36106074e-02,1.46779789e-02,1.52064900e-02,1.41738588e-02,1.34911915e-02,1.52561927e-02,1.81976842e-02,2.26336853e-02,2.55991833e-02,2.91920180e-02,3.42910320e-02,3.69975085e-02,3.63256401e-02,3.06653835e-02,2.48030753e-02,1.95364063e-02,1.53347102e-02,1.17607744e-02,7.41316093e-03,7.06374578e-03,7.79715949e-03,7.84658584e-03,4.63379342e-03,6.58188374e-04,-9.94235816e-04,-2.59855299e-03,-4.68477036e-03,-6.24404444e-03,-9.37106447e-03,-1.21203801e-02,-1.51807438e-02,-1.69384042e-02,-1.75591491e-02,-1.74758056e-02,-1.88573159e-02,-1.82330774e-02,-1.71576642e-02,-1.50909967e-02,-1.21791560e-02,-1.02714894e-02,-7.42325180e-03,-6.79027157e-03,-6.62892518e-03,-8.13076399e-03,-9.02798606e-03,-9.11948885e-03,-8.81039201e-03,-9.18707394e-03,-9.18660193e-03,-7.68104445e-03,-7.33565449e-03,-6.56953946e-03,-5.51411666e-03,-6.58779383e-03,-5.64026270e-03,-2.87870837e-03,-2.98116774e-04,4.03798218e-03,8.61789040e-03,1.26346585e-02
-3.60575783e-02,-3.78128674e-02,-3.93832736e-02,-3.93468914e-02,-3.82043768e-02,-3.76031690e-02,-3.84609624e-02,-3.95768084e-02,-4.16103576e-02,-4.30523553e-02,-4.47688862e-02,-4.55682696e-02,-4.44838695e-02,-4.26649732e-02,-4.13569808e-02,-3.95962396e-02,-3.64127646e-02,-3.22236624e-02,-2.69022190e-02,-2.07687005e-02,-1.60277006e-02,-1.40134396e-02,-1.12433189e-02,-9.02710284e-03,-6.19448953e-03,-5.87263681e-03,-8.51689516e-03,-1.12080616e-02,-1.61364541e-02,-1.91048774e-02,-2.04731812e-02,-2.18733680e-02,-2.35042996e-02,-2.42948947e-02,-2.15682428e-02,-1.97270430e-02,-1.67994796e-02,-1.40421756e-02,-1.07704661e-02,-9.50485232e-03,-1.01340287e-02,-1.18563416e-02,-1.34024842e-02,-1.55869597e-02,-1.89746237e-02,-2.24988384e-02,-2.50213199e-02,-2.74850040e-02,-2.95425213e-02,-2.85387839e-02,-3.10037884e-02,-3.44346164e-02,-3.70907687e-02,-3.92977494e-02,-4.11823211e-02,-4.33452705e-02,-4.27784586e-02,-4.30002454e-02,-4.44549121e-02,-4.51495543e-02,-4.24636461e-02,-3.86677767e-02,-3.59691037e-02,-3.52722250e-02
2.70824890e-02,2.72472107e-02,2.75887416e-02,2.73804138e-02,2.69826681e-02,2.73035386e-02,2.81826719e-02,3.00776604e-02,3.35758054e-02,3.70446264e-02,4.00029750e-02,4.26090508e-02,4.35477890e-02,4.29972842e-02,4.36166431e-02,4.33174772e-02,4.22509560e-02,3.72642416e-02,3.24668849e-02,2.78932630e-02,2.58903329e-02,2.45261921e-02,2.28682283e-02,2.11401182e-02,1.77235930e-02,1.50242804e-02,1.09907645e-02,7.10232354e-03,5.14996030e-03,6.14296636e-03,7.56843779e-03,9.11130114e-03,1.05251741e-02,1.29646603e-02,1.55013890e-02,1.83822472e-02,2.21872716e-02,2.55416916e-02,2.58714690e-02,2.36776961e-02,2.18254886e-02,2.26750410e-02,2.35701807e-02,2.71187850e-02,3.03200732e-02,3.23823976e-02,3.62239222e-02,3.77969726e-02,3.86883703e-02,4.00841927e-02,4.20411649e-02,4.10931753e-02,4.26004996e-02,4.39083925e-02,4.71920102e-02,5.09539435e-02,5.40403182e-02,5.41667365e-02,5.17484255e-02,4.60604158e-02,3.99013295e-02,3.57370400e-02,3.06490763e-02,2.90733532e-02
-1.25014478e-02,-1.31539422e-02,-1.28333638e-02,-1.01784360e-02,-7.14540433e-03,-6.16293031e-03,-5.90666610e-03,-5.67047276e-03,-7.65449703e-03,-9.55508084e-03,-1.40988480e-02,-2.00559376e-02,-2.39394162e-02,-2.66266765e-02,-2.81738396e-02,-2.75939892e-02,-2.74546186e-02,-2.49214779e-02,-2.21487037e-02,-1.92945164e-02,-1.83598863e-02,-1.76356229e-02,-1.62776726e-02,-1.68765754e-02,-2.00063600e-02,-2.40542958e-02,-2.81892377e-02,-3.22633895e-02,-3.57734218e-02,-3.83107066e-02,-4.12617186e-02,-4.17103817e-02,-4.03512576e-02,-3.84558330e-02,-3.63811680e-02,-3.28326228e-02,-2.63912220e-02,-2.04742980e-02,-1.64868955e-02,-1.50178148e-02,-1.38855255e-02,-1.35836732e-02,-1.47557574e-02,-1.43968449e-02,-1.24976662e-02,-9.39722953e-03,-5.75565003e-03,-4.37611986e-03,-2.93342934e-03,-2.76923432e-03,-3.99551378e-03,-5.76529999e-03,-4.79551841e-03,-3.96981170e-03,-2.73770087e-03,-3.23830034e-03,-2.85009935e-03,-4.31043299e-04,-4.78379358e-04,-3.38277733e-03,-5.80246643e-03,-6.79515316e-03,-8.25762070e-03,-1.00711781e-02
1.40109675e-02,1.67283586e-02,2.20339718e-02,2.54636580e-02,2.75417544e-02,3.01268527e-02,3.28603034e-02,3.55993064e-02,3.86020866e-02,4.19965413e-02,4.86198087e-02,5.36528709e-02,6.00888242e-02,6.67810016e-02,7.19345408e-02,7.70703220e-02,8.18806789e-02,8.57280942e-02,8.88269170e-02,9.02852212e-02,9.13005838e-02,9.17078766e-02,9.07463038e-02,9.11520432e-02,9.07108027e-02,8.95955234e-02,8.63444360e-02,8.31109016e-02,8.02790681e-02,7.76680935e-02,7.54421157e-02,7.28438868e-02,7.15847469e-02,6.98704942e-02,6.96461254e-02,6.68172554e-02,6.31326156e-02,5.82401454e-02,5.32504443e-02,4.67381748e-02,4.03934544e-02,3.43617797e-02,2.78613752e-02,2.22618364e-02,1.56930897e-02,1.02561522e-02,6.37697423e-03,5.13143794e-03,4.06460615e-03,5.44011517e-03,4.42554155e-03,2.82887735e-03,2.69086527e-03,3.61559458e-03,2.68979660e-03,6.99979003e-04,-6.69010508e-04,-1.00098652e-03,-1.11025793e-03,7.92539069e-04,4.86437270e-03,8.19512579e-03,1.09614691e-02,1.25987783e-02
-2.28347101e-02,-2.16845072e-02,-2.00973443e-02,-1.95758287e-02,-1.95342363e-02,-1.69784007e-02,-1.65338409e-02,-1.61120801e-02,-1.63824378e-02,-1.74020852e-02,-1.89418607e-02,-1.91742967e-02,-1.98654013e-02,-1.97078213e-02,-1.86615851e-02,-1.57406078e-02,-1.21045019e-02,-1.01865533e-02,-1.09189195e-02,-1.23488510e-02,-1.27380954e-02,-1.08840581e-02,-9.82408706e-03,-7.57969459e-03,-4.49601764e-03,-2.87695451e-03,-2.47238976e-03,-1.34699438e-03,-4.22755223e-04,8.35659855e-04,9.38982470e-04,-7.45958691e-04,-1.09970301e-03,-7.87170666e-04,7.95185720e-04,4.34361102e-03,6.79109041e-03,7.08137727e-03,7.11485066e-03,8.70682148e-03,9.84644878e-03,9.65134936e-03,6.30013306e-03,1.83962163e-03,-3.55487697e-03,-6.58318565e-03,-8.97570779e-03,-9.38546720e-03,-7.71923521e-03,-3.93888175e-03,9.36453141e-04,4.93670520e-03,6.34993560e-03,6.95120644e-03,7.20667662e-03,4.70451752e-03,1.05171597e-03,-4.01795427e-03,-7.01005253e-03,-9.30158694e-03,-1.24819726e-02,-1.59834574e-02,-1.97398810e-02,-2.22486398e-02
-1.86930763e-02,-1.95816497e-02,-2.10294710e-02,-2.47890443e-02,-2.76852077e-02,-3.09828913e-02,-3.42995994e-02,-3.58613398e-02,-3.81714339e-02,-4.03323933e-02,-4.14706673e-02,-4.36078321e-02,-4.49191835e-02,-4.32224050e-02,-4.11587044e-02,-4.07625259e-02,-3.91706056e-02,-3.87378215e-02,-3.88161326e-02,-4.05961225e-02,-4.21320326e-02,-4.20883327e-02,-4.04338649e-02,-3.69197876e-02,-3.48362152e-02,-3.54488951e-02,-3.78084353e-02,-3.92513911e-02,-3.96197269e-02,-4.00029105e-02,-4.01004368e-02,-3.98214339e-02,-3.79880684e-02,-3.54692019e-02,-3.42634423e-02,-3.42663010e-02,-3.41229209e-02,-3.30270837e-02,-3.14633468e-02,-3.09769717e-02,-3.10860150e-02,-2.98212724e-02,-2.86879899e-02,-2.81509364e-02,-2.80916831e-02,-2.87117173e-02,-2.72835232e-02,-2.79413058e-02,-2.69028141e-02,-2.58065032e-02,-2.29355317e-02,-2.24260140e-02,-2.40330047e-02,-2.51276835e-02,-2.45177549e-02,-2.30876992e-02,-1.99467256e-02,-1.79284176e-02,-1.81001438e-02,-1.85595414e-02,-1.88009473e-02,-1.88415616e-02,-1.78486364e-02,-1.82708213e-02
-1.16769646e-02,-1.20376454e-02,-1.07781248e-02,-8.34962678e-03,-5.21647302e-03,-2.46681786e-03,-1.99575086e-04,1.18771052e-04,-1.28058654e-03,-1.42147875e-03,-4.26249947e-03,-4.69800571e-03,-5.16613391e-03,-6.47484659e-03,-6.78897665e-03,-5.67711914e-03,-6.64609918e-03,-9.05767223e-03,-1.07905550e-02,-1.02905002e-02,-1.03885148e-02,-1.08147275e-02,-1.07299139e-02,-1.27174307e-02,-1.61575393e-02,-2.20762047e-02,-2.90387779e-02,-3.30000306e-02,-3.43508546e-02,-3.76306556e-02,-4.14347915e-02,-4.44929064e-02,-4.79022318e-02,-5.07381989e-02,-5.24201040e-02,-5.46355399e-02,-5.48159600e-02,-5.21886931e-02,-4.97605019e-02,-4.69458081e-02,-4.33394070e-02,-3.78396014e-02,-3.15621685e-02,-2.62173781e-02,-2.46800350e-02,-2.57976711e-02,-2.79474152e-02,-2.90343640e-02,-2.84060550e-02,-3.03249773e-02,-3.12188630e-02,-2.90219613e-02,-2.58256601e-02,-2.35167892e-02,-2.18274635e-02,-2.03795310e-02,-1.83903087e-02,-1.95976838e-02,-1.88258037e-02,-1.88179373e-02,-1.82131780e-02,-1.66914383e-02,-1.42874022e-02,-1.21360942e-02
-1.68395584e-02,-1.62439459e-02,-1.50632978e-02,-1.37888463e-02,-1.17066546e-02,-8.70759533e-03,-5.23313390e-03,-3.60927796e-03,-1.55416529e-03,1.19978124e-03,3.49093288e-03,3.22342935e-03,2.34969806e-03,1.75832613e-03,2.17349061e-03,1.82473094e-03,3.39221701e-03,6.63127322e-03,1.09476230e-02,1.54762264e-02,2.08233394e-02,2.60044386e-02,2.85908964e-02,3.05863384e-02,3.46382451e-02,3.96470213e-02,4.16082005e-02,4.21973545e-02,4.34303059e-02,4.46764873e-02,4.58654089e-02,4.91973237e-02,5.11156190e-02,5.16690060e-02,4.99237037e-02,4.87911621e-02,4.84264725e-02,4.87345749e-02,4.66519873e-02,4.41385657e-02,4.38676899e-02,4.23019500e-02,3.87644120e-02,3.73878197e-02,3.55139113e-02,3.28704545e-02,2.96208731e-02,2.52412710e-02,2.12149045e-02,1.86719118e-02,1.50456876e-02,9.87501695e-03,4.41813199e-03,-1.69813356e-03,-9.14651242e-03,-1.35923095e-02,-1.53336797e-02,-1.54699166e-02,-1.64146788e-02,-1.84316668e-02,-2.00459825e-02,-1.93760249e-02,-1.85808625e-02,-1.80686159e-02
2.30218506e-02,2.52808397e-02,2.42741310e-02,2.11973796e-02,1.67067945e-02,1.26015719e-02,9.85920458e-03,5.10325196e-03,3.03023400e-03,6.31953323e-04,-2.07014866e-03,-5.23039583e-03,-6.92968370e-03,-7.01328385e-03,-6.50329738e-03,-5.42526361e-03,-7.01343064e-03,-8.75318158e-03,-1.12524296e-02,-1.45779944e-02,-1.89064643e-02,-2.28797821e-02,-2.66860081e-02,-3.09696918e-02,-3.59708977e-02,-4.04196234e-02,-4.29161692e-02,-4.25536263e-02,-4.24129724e-02,-4.19286600e-02,-4.02038121e-02,-3.85209998e-02,-3.84681692e-02,-3.78693863e-02,-3.49808691e-02,-3.32998605e-02,-3.28518192e-02,-3.31906600e-02,-3.52447996e-02,-3.50843781e-02,-3.52993400e-02,-3.40689613e-02,-3.23345365e-02,-2.84837692e-02,-2.43077316e-02,-2.21425008e-02,-1.92426083e-02,-1.59395624e-02,-1.12423513e-02,-5.48969848e-03,6.57003311e-04,6.28315596e-03,1.30062454e-02,1.89193807e-02,2.28648085e-02,2.78174817e-02,3.13237839e-02,3.26685183e-02,3.14601555e-02,2.78326809e-02,2.46214862e-02,2.13920421e-02,1.96550152e-02,2.08170446e-02
7.92422492e-03,1.00800171e-02,1.28998731e-02,1.54438217e-02,1.90086152e-02,2.45665461e-02,3.01927536e-02,3.22996794e-02,3.14241913e-02,2.98290448e-02,2.71257265e-02,2.39662407e-02,1.96782842e-02,1.35541719e-02,1.15284180e-02,1.05274110e-02,1.13204617e-02,1.20607953e-02,1.27283318e-02,1.44442147e-02,1.68321796e-02,1.92401325e-02,2.14167550e-02,2.26783200e-02,2.39651014e-02,2.56721804e-02,2.83243826e-02,2.96904300e-02,2.96203304e-02,2.95830214e-02,2.98275283e-02,3.04594414e-02,3.11123606e-02,3.11537650e-02,2.91024049e-02,2.87906963e-02,2.96314854e-02,2.97057284e-02,2.98229593e-02,2.90599362e-02,2.84174161e-02,2.62179760e-02,2.42722506e-02,2.33122199e-02,2.29452697e-02,2.24672119e-02,2.20364820e-02,2.01042587e-02,1.91779729e-02,1.74409721e-02,1.83218941e-02,1.87036824e-02,1.81835686e-02,1.72962557e-02,1.48193254e-02,1.14431532e-02,7.03816700e-03,4.00130462e-03,1.07009186e-03,-7.10413554e-04,-1.77306497e-03,-2.97336871e-04,4.27378356e-03,7.29573253e-03
2.22550551e-02,2.33815708e-02,1.96000333e-02,1.55560213e-02,1.29944777e-02,1.18957835e-02,1.13434535e-02,1.38590290e-02,1.70077789e-02,2.11171902e-02,2.44460191e-02,2.90225484e-02,3.22131723e-02,3.31540354e-02,3.45486439e-02,3.61643638e-02,3.76644555e-02,3.66788389e-02,3.61090390e-02,3.67959415e-02,3.98596030e-02,4.33709183e-02,4.44968228e-02,4.36935124e-02,4.36064488e-02,4.21107363e-02,4.04773905e-02,3.83861276e-02,3.58337139e-02,3.57196480e-02,3.68761600e-02,3.73686583e-02,3.59278192e-02,3.27413569e-02,2.85243271e-02,2.65323509e-02,2.45077411e-02,2.05360460e-02,1.53968824e-02,1.10106683e-02,8.10562912e-03,4.97148660e-03,3.34268005e-03,2.94539105e-03,2.76416019e-03,1.89736586e-03,-2.57664274e-06,-1.55600376e-03,-9.74599171e-04,3.67917840e-03,8.88615123e-03,1.36947946e-02,1.75234305e-02,1.92548716e-02,1.77688867e-02,1.74955402e-02,1.53762290e-02,1.30936544e-02,1.24742015e-02,1.47865064e-02,1.71122219e-02,1.87147202e-02,1.83898550e-02,2.01471789e-02
-3.31281704e-02,-3.24964948e-02,-3.09067652e-02,-2.63012432e-02,-2.02157381e-02,-1.59573265e-02,-1.19619356e-02,-7.37246358e-03,-6.59076013e-04,4.88809354e-03,1.14123144e-02,1.78924755e-02,2.26355591e-02,2.52294992e-02,2.76469403e-02,2.75597431e-02,2.44035555e-02,1.87410784e-02,1.22443704e-02,5.23025530e-03,-1.42837738e-03,-4.72951950e-03,-8.87779800e-03,-1.36346217e-02,-1.49368598e-02,-1.60558494e-02,-1.66306539e-02,-1.66698543e-02,-1.82906942e-02,-2.19899729e-02,-2.51894810e-02,-2.76994780e-02,-2.96379822e-02,-2.95497616e-02,-2.79730434e-02,-2.57698767e-02,-2.23971573e-02,-1.95856205e-02,-1.65385973e-02,-1.25523085e-02,-8.12420197e-03,-2.97685134e-03,1.91237371e-03,5.46302443e-03,8.24592852e-03,1.01685796e-02,8.88225758e-03,8.96449058e-03,9.77902530e-03,1.06204362e-02,9.61222448e-03,6.68016685e-03,4.10355643e-03,7.23264781e-04,-3.41198429e-03,-6.78640086e-03,-1.15104102e-02,-1.34964328e-02,-1.70015948e-02,-2.28686584e-02,-2.75435786e-02,-3.00391285e-02,-3.12909360e-02,-3.29225543e-02
-1.00390944e-02,-1.04177188e-02,-1.27729078e-02,-1.39285580e-02,-1.31615864e-02,-1.26786656e-02,-1.25052173e-02,-1.22369557e-02,-1.27037462e-02,-1.31282606e-02,-1.35306403e-02,-1.50086219e-02,-1.38509128e-02,-1.20848947e-02,-1.10517108e-02,-9.48194426e-03,-6.11830930e-03,-2.67369378e-03,-3.15844170e-04,2.27592562e-03,2.42429977e-03,5.82761425e-03,1.06392205e-02,1.35255083e-02,1.60001811e-02,1.94222641e-02,2.10388389e-02,2.08661166e-02,1.93454436e-02,1.59889753e-02,1.15603859e-02,4.73000645e-03,-2.96567734e-03,-6.49163370e-03,-1.00552598e-02,-1.55104647e-02,-2.12160852e-02,-2.63690008e-02,-3.06226151e-02,-3.03223193e-02,-2.60608022e-02,-2.30315157e-02,-1.97646949e-02,-1.48508847e-02,-9.97058615e-03,-7.49756988e-03,-6.65153737e-03,-4.75929844e-03,-9.64517697e-04,3.03531718e-03,4.57379145e-03,4.36140290e-03,4.04153590e-03,2.82791965e-03,-8.35854912e-04,-4.95415250e-03,-8.05736713e-03,-9.98311807e-03,-9.87883255e-03,-1.03373011e-02,-9.77178533e-03,-8.43695158e-03,-8.83603043e-03,-9.50941665e-03
-1.19615563e-02,-1.35485751e-02,-1.11920998e-02,-8.98095455e-03,-7.94848352e-03,-7.39736067e-03,-9.30835795e-03,-1.14799077e-02,-1.48635004e-02,-1.66918333e-02,-1.65327966e-02,-1.46387832e-02,-1.41357575e-02,-1.35826779e-02,-1.06056405e-02,-5.64110949e-03,-2.27901800e-04,3.15477621e-03,6.92398741e-03,9.30697600e-03,9.57704575e-03,9.86770808e-03,1.09542047e-02,1.19540697e-02,1.31227203e-02,1.58923521e-02,1.60986307e-02,1.55841396e-02,1.28815529e-02,1.11609961e-02,8.79340738e-03,6.39563200e-03,3.47436828e-03,-1.37884295e-04,-5.44513030e-03,-1.22755804e-02,-1.71104622e-02,-2.05436022e-02,-2.37274619e-02,-2.55588896e-02,-2.48682088e-02,-2.43612005e-02,-2.52724311e-02,-2.80891170e-02,-3.20159851e-02,-3.50954126e-02,-3.77986326e-02,-3.74294727e-02,-3.58763731e-02,-3.36928014e-02,-3.08011479e-02,-2.59633470e-02,-2.25845760e-02,-1.94388266e-02,-1.89405535e-02,-2.00211649e-02,-2.05274177e-02,-1.93347170e-02,-1.62173148e-02,-1.20692478e-02,-9.57596654e-03,-8.61345127e-03,-9.36503067e-03,-1.05490109e-02
1.40069669e-02,1.01334609e-02,8.37719011e-03,7.12105668e-03,4.77376364e-03,3.67048365e-03,3.67364650e-03,3.28945401e-03,3.22964079e-03,3.75604287e-03,4.39548601e-03,5.67996749e-03,6.61783250e-03,7.81413616e-03,1.03156342e-02,1.21209641e-02,1.38388119e-02,1.67292812e-02,1.73043886e-02,1.99730078e-02,2.15237914e-02,2.26532654e-02,2.36065912e-02,2.42161846e-02,2.56121951e-02,2.84818066e-02,3.00129029e-02,3.01503479e-02,3.04869668e-02,3.23275908e-02,3.56171099e-02,3.61495639e-02,3.60268026e-02,3.82859277e-02,3.98157110e-02,4.11033982e-02,4.25394875e-02,4.40207234e-02,4.69802680e-02,5.12022105e-02,5.41541923e-02,5.65075157e-02,5.65585167e-02,5.65681436e-02,5.50402024e-02,5.67293330e-02,6.06348268e-02,6.08154446e-02,6.05634424e-02,5.92024117e-02,5.60716426e-02,5.11270672e-02,4.66917851e-02,4.33584990e-02,4.10653557e-02,3.98693711e-02,3.87220518e-02,3.84951374e-02,3.72051398e-02,3.35006727e-02,3.12169548e-02,2.72449962e-02,2.33497139e-02,1.88460128e-02
-5.70853913e-03,-7.91750280e-03,-9.21610815e-03,-8.98885508e-03,-7.65066843e-03,-8.67096098e-03,-1.02298693e-02,-1.13947943e-02,-1.29016399e-02,-1.38728145e-02,-1.25096672e-02,-9.51376619e-03,-5.82717344e-03,-2.76662121e-03,-2.69323562e-04,1.50150984e-03,3.64966246e-03,6.93158621e-03,1.08903597e-02,1.56569173e-02,2.07668092e-02,2.48380914e-02,2.81721293e-02,3.10154219e-02,3.23839813e-02,3.28658812e-02,3.11451368e-02,2.72284046e-02,2.32617536e-02,2.03339103e-02,1.92467044e-02,1.71314422e-02,1.22338311e-02,7.06226062e-03,1.19281968e-03,-5.02478522e-03,-8.15895928e-03,-1.04342312e-02,-1.31907449e-02,-1.32239761e-02,-1.21460196e-02,-1.32757612e-02,-1.37262969e-02,-1.31179525e-02,-1.47510708e-02,-1.57298339e-02,-1.52327248e-02,-1.52946867e-02,-1.41953671e-02,-1.21198152e-02,-1.00158368e-02,-9.97609698e-03,-1.14132331e-02,-1.24840935e-02,-1.31493154e-02,-1.39122499e-02,-1.35748796e-02,-1.18061275e-02,-1.06941348e-02,-1.07154716e-02,-1.09013418e-02,-1.00537375e-02,-8.27606521e-03,-6.07490126e-03
-3.39169538e-02,-3.06485011e-02,-2.89486875e-02,-2.80558750e-02,-2.54252659e-02,-1.89144843e-02,-1.25912996e-02,-7.29373773e-03,-3.37145404e-03,-1.56477511e-03,1.75657522e-03,3.81619386e-03,6.19025790e-03,9.34563207e-03,9.22559481e-03,6.80098341e-03,4.14639089e-03,1.36953932e-03,-4.37708968e-04,-1.38244622e-03,-4.73980047e-03,-7.44264296e-03,-9.77700726e-03,-1.17823707e-02,-1.11666809e-02,-9.55154729e-03,-8.66634708e-03,-7.82819151e-03,-7.40170810e-03,-6.59706235e-03,-7.80321764e-03,-1.00197472e-02,-1.13070340e-02,-1.15447441e-02,-1.02225685e-02,-1.01408293e-02,-1.27790770e-02,-1.56713261e-02,-1.91208947e-02,-2.34685175e-02,-2.45348620e-02,-2.35533899e-02,-2.27957108e-02,-2.33459040e-02,-2.80409016e-02,-3.46278987e-02,-4.14047715e-02,-4.71857673e-02,-5.00530719e-02,-5.21443330e-02,-5.45267174e-02,-5.48492066e-02,-5.30612221e-02,-5.19090996e-02,-5.12780700e-02,-5.12589342e-02,-5.11258371e-02,-5.17819740e-02,-5.22328750e-02,-5.18291350e-02,-5.09537517e-02,-4.97233650e-02,-4.61873600e-02,-4.09524340e-02
1.02708202e-02,5.94182961e-03,4.47190978e-03,1.30580726e-03,-3.30691400e-03,-7.88045709e-03,-1.27173627e-02,-1.65835032e-02,-2.07475148e-02,-2.41752728e-02,-2.62673572e-02,-2.75547560e-02,-2.93438718e-02,-3.24514760e-02,-3.60663313e-02,-3.82533777e-02,-3.61654367e-02,-3.48421334e-02,-3.50341694e-02,-3.41557274e-02,-3.17275110e-02,-2.88097531e-02,-2.79081740e-02,-2.59536632e-02,-2.24748748e-02,-1.99402595e-02,-1.72697161e-02,-1.17561297e-02,-6.74230590e-03,-2.11100166e-03,3.22101936e-03,7.17205447e-03,9.05399238e-03,1.25893991e-02,1.73844184e-02,1.97689601e-02,1.86661367e-02,1.72621803e-02,1.79915138e-02,1.84009426e-02,1.81882241e-02,2.19490598e-02,2.39509398e-02,2.44848187e-02,2.43737390e-02,2.67277953e-02,2.99937637e-02,3.17590177e-02,3.37651554e-02,3.53886487e-02,3.64542771e-02,3.80062240e-02,3.83102648e-02,3.89284953e-02,3.79164623e-02,3.73764296e-02,3.70024491e-02,3.86242953e-02,3.87393686e-02,3.74480060e-02,3.47275352e-02,2.93119061e-02,2.26014010e-02,1.55382675e-02
-2.35240607e-02,-2.19783346e-02,-2.13335023e-02,-2.26627960e-02,-2.42004522e-02,-2.50213104e-02,-2.64470539e-02,-2.88149406e-02,-2.90293730e-02,-2.81412008e-02,-2.56694897e-02,-2.42887224e-02,-2.42037334e-02,-2.53968840e-02,-2.77448193e-02,-2.87768658e-02,-3.07513069e-02,-3.05699611e-02,-3.02370552e-02,-3.00225086e-02,-2.88075959e-02,-2.86581024e-02,-2.87568425e-02,-2.84427446e-02,-2.88668850e-02,-2.95790950e-02,-3.04085475e-02,-3.05270803e-02,-2.98364375e-02,-2.92194500e-02,-3.03483307e-02,-3.27616561e-02,-3.51942718e-02,-3.82138306e-02,-3.99664506e-02,-3.95240348e-02,-3.75838768e-02,-3.44729095e-02,-2.74225542e-02,-2.31780782e-02,-2.10896144e-02,-2.06842082e-02,-1.89057420e-02,-1.81902124e-02,-1.86043245e-02,-1.76454019e-02,-1.52959259e-02,-1.18566682e-02,-9.19454348e-03,-7.12352076e-03,-5.53315483e-03,-4.81163166e-03,-4.85954744e-03,-5.85769225e-03,-6.47076989e-03,-6.41483567e-03,-6.89431840e-03,-6.91222849e-03,-6.95762168e-03,-1.00517073e-02,-1.61349223e-02,-2.04021372e-02,-2.36771930e-02,-2.50847580e-02
-2.95090550e-02,-3.15014230e-02,-3.32421275e-02,-3.24303847e-02,-3.06093082e-02,-2.78898299e-02,-2.26177255e-02,-1.80517909e-02,-1.44770292e-02,-1.18503456e-02,-1.27156771e-02,-1.33198687e-02,-1.25097321e-02,-9.73239369e-03,-7.19436352e-03,-5.74121494e-03,-3.18950547e-03,-9.66053929e-04,3.08126818e-03,6.25528004e-03,8.95762212e-03,1.06613787e-02,1.27488116e-02,1.46503586e-02,1.69405787e-02,1.76972123e-02,1.82298503e-02,1.84623790e-02,1.71645792e-02,1.43994300e-02,1.19554845e-02,9.79137906e-03,7.30940982e-03,4.33159546e-03,1.09774096e-03,-6.54521575e-04,-2.77094922e-03,-7.57868174e-03,-1.28627496e-02,-1.80667461e-02,-2.14912887e-02,-2.62553282e-02,-2.74604885e-02,-2.63323006e-02,-2.38661049e-02,-2.00490027e-02,-1.67985764e-02,-1.50264159e-02,-1.40463781e-02,-1.40613724e-02,-1.67003113e-02,-2.11162835e-02,-2.67200623e-02,-3.14519777e-02,-3.58294889e-02,-3.82807084e-02,-3.80768860e-02,-3.47766587e-02,-3.09689423e-02,-2.79040275e-02,-2.77411385e-02,-2.92096003e-02,-3.04753937e-02,-2.96884055e-02
1.58061365e-02,1.57946929e-02,1.45430942e-02,1.15943804e-02,1.01816831e-02,7.96688124e-03,5.95936913e-03,6.67516958e-03,8.47778453e-03,9.59440982e-03,1.03162405e-02,1.13243475e-02,1.08465615e-02,8.99646434e-03,7.35753303e-03,7.71429137e-03,8.74964559e-03,1.14168172e-02,1.35102256e-02,1.53411459e-02,1.39970605e-02,1.05533263e-02,7.37247366e-03,6.51842372e-03,4.52736622e-03,4.33397367e-04,-5.89055039e-03,-1.09141216e-02,-1.27459662e-02,-1.44003735e-02,-1.64563416e-02,-1.73595855e-02,-1.81762201e-02,-2.04522451e-02,-2.09623279e-02,-2.20453877e-02,-2.34162804e-02,-2.42657234e-02,-2.41216513e-02,-2.33977359e-02,-2.20305982e-02,-2.11423335e-02,-1.88056427e-02,-1.83990599e-02,-1.51303572e-02,-1.08613765e-02,-7.68597390e-03,-5.25548709e-03,-5.96054421e-03,-6.05697095e-03,-6.11958031e-03,-3.40097323e-03,-1.12127161e-03,2.96803528e-04,5.66091705e-04,6.14345430e-04,9.67017885e-04,2.44019380e-03,3.95997478e-03,3.91787154e-03,4.13270625e-03,7.10032588e-03,1.07079246e-02,1.46505424e-02
3.81964777e-02,4.06234249e-02,4.15442144e-02,4.28022032e-02,4.48890468e-02,4.59984960e-02,4.87350014e-02,5.09266239e-02,5.33535281e-02,5.28889888e-02,5.25641125e-02,5.17320822e-02,4.79081792e-02,4.40609954e-02,4.06273699e-02,3.92270629e-02,4.02479013e-02,3.81467457e-02,3.43776888e-02,2.95191486e-02,2.48147455e-02,2.08221837e-02,1.72062135e-02,1.38286642e-02,1.18072027e-02,9.40347878e-03,8.37317109e-03,8.11590895e-03,7.35412989e-03,6.85607507e-03,5.44614910e-03,5.42422901e-03,7.41060838e-03,9.49522927e-03,1.33226521e-02,1.63198334e-02,1.89107003e-02,1.84024825e-02,1.68583946e-02,1.58585280e-02,1.61588687e-02,1.80407623e-02,2.28940671e-02,2.64536774e-02,2.88140349e-02,2.85993742e-02,2.69495267e-02,2.62816274e-02,2.49753302e-02,2.21408044e-02,1.68572848e-02,1.12283736e-02,8.79179619e-03,6.64413944e-03,5.14967708e-03,4.09481783e-03,1.96295644e-03,1.90215699e-03,4.92590285e-03,8.62798054e-03,1.27113889e-02,1.86512374e-02,2.59791377e-02,3.24813397e-02
-2.31957478e-02,-2.08076324e-02,-1.87861753e-02,-1.76212560e-02,-1.76830789e-02,-1.68633619e-02,-1.63848910e-02,-1.57386804e-02,-1.41879685e-02,-1.22308144e-02,-8.05966725e-03,-4.93335449e-03,-2.28038279e-03,4.34485375e-04,2.93954095e-03,4.67378394e-03,5.26154851e-03,6.27638479e-03,6.56520830e-03,6.94587348e-03,9.41385305e-03,1.20752060e-02,1.14347691e-02,1.05242570e-02,9.20809041e-03,8.10601139e-03,8.88019055e-03,1.05451028e-02,1.18004428e-02,1.16110695e-02,1.32562095e-02,1.43029451e-02,1.31234276e-02,1.08871414e-02,1.02303597e-02,6.41413120e-03,-9.85060781e-05,-7.00117190e-03,-1.28532772e-02,-1.95076922e-02,-2.57283966e-02,-3.01925871e-02,-3.39583463e-02,-3.62021108e-02,-3.93505267e-02,-4.22219078e-02,-4.34140169e-02,-4.44609141e-02,-4.91083339e-02,-5.43489293e-02,-5.67263472e-02,-5.82146136e-02,-6.21051359e-02,-6.47976565e-02,-6.46002084e-02,-6.33602886e-02,-6.09250340e-02,-5.73972358e-02,-5.30363248e-02,-4.70967353e-02,-3.96389088e-02,-3.48101836e-02,-3.09689948e-02,-2.65951506e-02
-3.11030692e-02,-2.89197481e-02,-2.69225116e-02,-2.55327651e-02,-2.48538863e-02,-2.24906425e-02,-1.84280275e-02,-1.59571843e-02,-1.34410045e-02,-1.07633761e-02,-6.90477837e-03,-2.54343764e-03,2.03195092e-03,8.07758089e-03,1.18752821e-02,1.44459934e-02,1.81701306e-02,2.26840974e-02,2.42750524e-02,2.28853831e-02,2.27134163e-02,2.78833738e-02,3.41505827e-02,4.01189488e-02,4.14998573e-02,4.15756383e-02,4.37993663e-02,4.67903091e-02,5.02892114e-02,5.44099567e-02,5.86381688e-02,6.16623128e-02,6.31840408e-02,6.13341329e-02,5.76544273e-02,5.10176294e-02,4.30111773e-02,3.44148752e-02,2.63106966e-02,1.78164137e-02,9.92152481e-03,2.98642690e-03,-3.39704021e-03,-6.94096927e-03,-1.05090771e-02,-1.45157667e-02,-1.76217394e-02,-1.78299183e-02,-1.57890113e-02,-1.39153247e-02,-1.48491660e-02,-1.53101091e-02,-1.68524092e-02,-1.99009789e-02,-2.23982988e-02,-2.42666668e-02,-2.69265535e-02,-2.90823977e-02,-3.03573128e-02,-3.08356646e-02,-3.22596745e-02,-3.42580138e-02,-3.46805583e-02,-3.37424518e-02
2.21210789e-03,5.60533066e-03,7.56529883e-03,8.97739068e-03,1.01210494e-02,1.32892367e-02,1.63249108e-02,1.84642590e-02,1.87670147e-02,1.74613212e-02,1.88474146e-02,1.85020908e-02,1.75703721e-02,1.66787756e-02,1.51436495e-02,1.28732697e-02,1.16746495e-02,1.02187862e-02,8.86190767e-03,8.25879835e-03,6.04445237e-03,4.73353836e-03,2.65417138e-03,1.38185816e-03,-1.23096983e-03,-4.43436235e-03,-7.52656176e-03,-1.01592178e-02,-1.30210461e-02,-1.66446729e-02,-2.09126059e-02,-2.43245901e-02,-2.69065781e-02,-2.89603573e-02,-3.21818601e-02,-3.59953282e-02,-3.66202332e-02,-3.92923303e-02,-4.05363509e-02,-4.20623936e-02,-4.26708845e-02,-4.08253777e-02,-4.01239825e-02,-3.99729884e-02,-4.17167753e-02,-4.28086783e-02,-4.12025900e-02,-4.02580749e-02,-3.98306017e-02,-3.81069187e-02,-3.71963032e-02,-3.73779473e-02,-3.66349688e-02,-3.41997615e-02,-3.08048602e-02,-2.81084818e-02,-2.78196691e-02,-2.83561463e-02,-2.67654250e-02,-2.26118786e-02,-1.67387446e-02,-1.16744572e-02,-6.91957611e-03,-2.11342841e-03
4.40776879e-02,4.46518443e-02,4.47292122e-02,4.43248905e-02,4.45252791e-02,4.29044181e-02,4.08128324e-02,3.96282544e-02,3.83570543e-02,3.80859515e-02,3.61815939e-02,3.42134929e-02,3.26856177e-02,3.11336400e-02,2.86999170e-02,2.74746866e-02,2.86390085e-02,3.03660429e-02,3.21159969e-02,3.57934866e-02,4.09633242e-02,4.41414491e-02,4.65572683e-02,4.79342836e-02,4.77014986e-02,4.82230203e-02,4.78112591e-02,4.57795907e-02,4.54369447e-02,4.61283063e-02,4.69629282e-02,4.70166362e-02,4.54039490e-02,4.42881520e-02,4.07345454e-02,3.52899386e-02,3.20738095e-02,2.87164400e-02,2.64663956e-02,2.36303440e-02,2.30693915e-02,2.33844620e-02,2.41444317e-02,2.71400695e-02,2.75198701e-02,2.65782792e-02,2.48810388e-02,2.28935492e-02,1.99049427e-02,1.80850576e-02,1.97551434e-02,1.98500100e-02,1.94761928e-02,2.12588988e-02,2.51423532e-02,2.74370685e-02,2.85157544e-02,3.17371760e-02,3.47023255e-02,3.65587549e-02,3.87814753e-02,4.19534536e-02,4.41927865e-02,4.34868871e-02
-4.78341402e-02,-4.44221417e-02,-4.15324426e-02,-3.85433939e-02,-3.68851332e-02,-3.57227834e-02,-3.34557351e-02,-3.09609034e-02,-2.80432509e-02,-2.70098144e-02,-2.50460741e-02,-2.33958611e-02,-2.34524224e-02,-2.05699824e-02,-1.65748336e-02,-1.47436760e-02,-1.32079176e-02,-1.00324153e-02,-3.37732977e-03,2.37704261e-03,8.94683122e-03,1.33940552e-02,1.65455795e-02,1.69961580e-02,1.72985411e-02,1.75717952e-02,1.95594303e-02,2.21067483e-02,2.48005536e-02,2.53969374e-02,2.49049205e-02,2.41162012e-02,2.14674648e-02,1.55575193e-02,8.24348027e-03,1.07700353e-03,-6.54491913e-03,-9.16233837e-03,-1.06096051e-02,-1.31184255e-02,-1.58329138e-02,-2.06470149e-02,-2.63399460e-02,-3.05586570e-02,-3.39182427e-02,-3.72099636e-02,-3.89036749e-02,-3.99867759e-02,-4.21867944e-02,-4.45320154e-02,-4.85512806e-02,-5.21205025e-02,-5.38438252e-02,-5.37021590e-02,-5.12417611e-02,-4.91560324e-02,-5.21654598e-02,-5.53578037e-02,-5.80953849e-02,-5.78499273e-02,-5.69490853e-02,-5.71527654e-02,-5.50355154e-02,-5.19368942e-02
-1.99135425e-02,-2.10401916e-02,-1.85869393e-02,-1.57017401e-02,-1.19305188e-02,-5.50257913e-03,2.00082573e-04,2.10942606e-03,3.75277513e-03,6.86302431e-03,9.25599984e-03,9.82736209e-03,1.07248026e-02,9.71156093e-03,9.48553597e-03,8.23276569e-03,6.82606062e-03,5.40059956e-03,1.12433704e-03,-2.90830809e-03,-5.55444253e-03,-8.46899722e-03,-1.17960500e-02,-1.25496418e-02,-1.32431238e-02,-1.48233840e-02,-1.60720097e-02,-1.65595293e-02,-1.68228462e-02,-1.56174254e-02,-1.73368383e-02,-2.15749037e-02,-2.25843474e-02,-2.35984422e-02,-2.28489634e-02,-2.11881704e-02,-1.95754499e-02,-1.67686150e-02,-1.31480704e-02,-1.41990174e-02,-1.65302599e-02,-1.65911182e-02,-1.49333692e-02,-1.29736920e-02,-1.33801824e-02,-1.57829569e-02,-1.70918505e-02,-1.69944115e-02,-1.74383105e-02,-1.93893462e-02,-1.83202464e-02,-1.67252506e-02,-1.70180335e-02,-1.88789867e-02,-2.12365326e-02,-2.44729146e-02,-2.74177747e-02,-2.84697276e-02,-2.83251752e-02,-2.84872501e-02,-2.96760066e-02,-2.84446044e-02,-2.44337438e-02,-2.07713218e-02
-9.32815385e-03,-9.38432846e-03,-9.76691637e-03,-9.97048922e-03,-9.11886848e-03,-8.66175756e-03,-9.50227387e-03,-1.08793169e-02,-1.01413674e-02,-1.09888762e-02,-1.18218470e-02,-1.18654012e-02,-1.06781494e-02,-8.01821920e-03,-4.35130243e-03,-1.67596718e-03,6.72667918e-04,2.07439869e-03,3.17246619e-03,6.43119898e-04,-2.04510357e-03,-5.28034138e-03,-1.09145853e-02,-1.54577473e-02,-1.93059586e-02,-2.26913734e-02,-2.71233383e-02,-3.10187053e-02,-3.21024134e-02,-3.10014314e-02,-3.12451720e-02,-3.19197419e-02,-3.27984362e-02,-3.55857126e-02,-3.68021883e-02,-3.80041092e-02,-4.02534705e-02,-4.47495533e-02,-4.83690844e-02,-5.12019296e-02,-5.24066315e-02,-5.16911026e-02,-4.62409075e-02,-3.96225964e-02,-3.23762906e-02,-2.55867243e-02,-2.13108410e-02,-1.66409790e-02,-1.09416700e-02,-4.87010583e-03,8.68347906e-04,5.45754014e-03,9.71945976e-03,1.09267903e-02,1.06838050e-02,9.19863207e-03,7.36733805e-03,4.01298498e-03,9.01440032e-04,-1.73174993e-03,-4.22851148e-03,-5.73099105e-03,-8.54627802e-03,-9.40799722e-03
-2.23826913e-02,-1.87268055e-02,-1.48900693e-02,-1.22838474e-02,-1.04407193e-02,-1.00481198e-02,-1.12829794e-02,-1.08193658e-02,-1.02416956e-02,-1.15408138e-02,-1.25259315e-02,-1.24602744e-02,-1.27543695e-02,-1.51112750e-02,-1.77523415e-02,-1.77576211e-02,-1.80103260e-02,-1.79907114e-02,-1.81752383e-02,-1.52114807e-02,-1.27928796e-02,-1.00692336e-02,-6.85738913e-03,-3.55534752e-03,-1.05580538e-03,1.49265475e-03,2.95987836e-03,5.46207029e-03,8.89933735e-03,9.80210653e-03,1.33538633e-02,1.68670084e-02,1.97567460e-02,2.48015961e-02,2.99497805e-02,3.21714999e-02,3.22822933e-02,3.06229327e-02,2.77862867e-02,2.23712041e-02,1.50987186e-02,7.17112500e-03,1.18694461e-04,-4.77838701e-03,-1.05300514e-02,-1.59470727e-02,-2.01871840e-02,-2.16075713e-02,-2.27073851e-02,-2.30198205e-02,-2.36732604e-02,-2.69859865e-02,-3.13626893e-02,-3.44827999e-02,-3.55196751e-02,-3.84596144e-02,-4.10124952e-02,-3.88465562e-02,-3.46957340e-02,-2.91816832e-02,-2.75534131e-02,-2.80745744e-02,-2.70342064e-02,-2.57101990e-02
-2.70032670e-02,-2.75309949e-02,-2.99475538e-02,-3.10358956e-02,-2.86522732e-02,-2.60411238e-02,-2.53303788e-02,-2.58459503e-02,-2.54053632e-02,-2.52482574e-02,-2.80929318e-02,-3.09817457e-02,-3.03060029e-02,-2.82302648e-02,-2.66879431e-02,-2.78742426e-02,-3.07951153e-02,-3.27998733e-02,-3.51062749e-02,-3.83392654e-02,-3.95037223e-02,-3.77007204e-02,-3.62587365e-02,-3.58978241e-02,-3.52290887e-02,-3.46414562e-02,-3.47151862e-02,-3.49652111e-02,-3.41195196e-02,-3.08970513e-02,-2.81083988e-02,-2.34019787e-02,-1.77422861e-02,-1.51096465e-02,-1.09227329e-02,-5.10504420e-03,-2.80366597e-03,-4.86236708e-04,3.21472937e-03,6.16076792e-03,9.55587167e-03,1.05811457e-02,1.02366504e-02,8.81038751e-03,6.49924500e-03,4.15509621e-03,1.91331537e-03,2.20132931e-03,3.06668349e-03,3.79236825e-03,4.25240719e-03,3.31624176e-03,-5.98091082e-04,-2.83715622e-03,-5.03378300e-03,-9.65402305e-03,-1.65355639e-02,-2.22042424e-02,-2.66869762e-02,-2.93659184e-02,-2.91552615e-02,-3.00129211e-02,-2.85699700e-02,-2.78423709e-02
7.60345637e-03,8.57077538e-03,8.83234183e-03,1.02639482e-02,9.88631899e-03,8.95703526e-03,8.55655546e-03,8.59353674e-03,1.12029229e-02,1.19784247e-02,1.11132608e-02,9.81314799e-03,7.62720114e-03,5.34609241e-03,4.33120584e-03,2.91767296e-03,-4.48775110e-04,-7.35023261e-03,-1.39540013e-02,-1.89979026e-02,-2.35881886e-02,-2.62764971e-02,-2.67800777e-02,-2.78381915e-02,-2.62924029e-02,-2.51403586e-02,-2.26719174e-02,-2.17047981e-02,-2.07220913e-02,-1.86080011e-02,-1.80089378e-02,-1.77404506e-02,-1.96570809e-02,-2.14757644e-02,-2.33535394e-02,-2.32981152e-02,-2.53425494e-02,-2.91327501e-02,-3.10644960e-02,-3.07580703e-02,-3.06232474e-02,-3.44894379e-02,-3.84109065e-02,-3.88061058e-02,-3.82185040e-02,-3.89532267e-02,-3.88555137e-02,-3.90073352e-02,-4.00879285e-02,-4.03883307e-02,-3.94359838e-02,-3.69795531e-02,-3.44904971e-02,-3.29259717e-02,-2.90550570e-02,-2.46274448e-02,-1.78259019e-02,-1.16662587e-02,-7.75953739e-03,-6.24425435e-03,-5.25614294e-03,-3.23528242e-03,5.71269136e-04,3.82658375e-03
-3.66435896e-02,-3.33191744e-02,-3.08652788e-02,-2.64579008e-02,-2.02580216e-02,-1.78649610e-02,-1.59993957e-02,-1.33081542e-02,-1.24498985e-02,-1.10938262e-02,-9.61933654e-03,-7.97591370e-03,-6.53868515e-03,-5.53388372e-03,-4.12472152e-03,-4.59831618e-03,-3.45195314e-03,-3.39415752e-03,-1.39453591e-03,-2.46395346e-03,-2.17428310e-03,2.54087245e-04,1.24922902e-03,1.12729525e-03,1.43093570e-03,2.39610969e-03,5.09043666e-03,6.60056116e-03,7.53650315e-03,8.45718501e-03,7.89082290e-03,7.80489223e-03,8.56014799e-03,5.66726584e-03,4.21451264e-03,1.10428662e-03,-2.41952717e-03,-6.67413400e-03,-7.77197762e-03,-8.16419837e-03,-8.40584541e-03,-8.53697458e-03,-8.52614370e-03,-6.81480936e-03,-5.83074419e-03,-5.56573652e-03,-6.65561428e-03,-8.77141648e-03,-1.07615410e-02,-1.55255313e-02,-2.08906751e-02,-2.56168718e-02,-2.79212810e-02,-3.02362328e-02,-3.24983818e-02,-3.54162414e-02,-3.71894435e-02,-3.78502002e-02,-3.72107202e-02,-3.79284041e-02,-4.14700593e-02,-4.30157601e-02,-4.20312054e-02,-4.06462144e-02
-7.23775802e-03,-7.87362523e-03,-8.03713735e-03,-8.21807250e-03,-9.36891905e-03,-1.19785524e-02,-1.20011763e-02,-1.06166666e-02,-7.94843864e-03,-4.09271914e-03,3.40184252e-04,4.43733861e-03,9.38543548e-03,1.51205593e-02,1.93479224e-02,2.26164048e-02,2.62041207e-02,2.95166423e-02,3.20343753e-02,3.38105575e-02,3.38126835e-02,3.32937945e-02,3.53820877e-02,3.91757778e-02,4.07546490e-02,4.03656723e-02,3.90671354e-02,3.74046437e-02,3.49067021e-02,3.40747885e-02,3.61168736e-02,3.95331548e-02,4.32545858e-02,4.63474757e-02,4.70947572e-02,4.65169210e-02,4.36385624e-02,4.20428204e-02,4.26006103e-02,3.86953660e-02,3.37926266e-02,2.81713202e-02,2.32575986e-02,1.91441988e-02,1.54792652e-02,1.52130849e-02,1.49238854e-02,1.40001526e-02,1.12465364e-02,3.78323533e-03,-1.93189202e-03,-5.48484641e-03,-7.48164001e-03,-7.54651221e-03,-5.85882776e-03,-3.73992707e-03,-3.71770468e-03,-2.86537843e-03,-9.06208276e-04,-8.40816573e-04,-2.54100824e-03,-3.22163458e-03,-3.44162392e-03,-5.53173646e-03
-1.55882054e-02,-1.25283006e-02,-8.89912717e-03,-5.50421436e-03,-3.89369113e-03,-2.36711926e-03,-3.54309715e-03,-4.39591809e-03,-5.39655392e-03,-9.13037142e-03,-1.42227076e-02,-1.91471602e-02,-2.15535689e-02,-2.41957440e-02,-2.78752518e-02,-2.96470687e-02,-3.11149299e-02,-3.08807631e-02,-2.98331441e-02,-2.88444501e-02,-2.72645965e-02,-2.88301095e-02,-3.00689523e-02,-3.00775701e-02,-2.93439278e-02,-2.80094893e-02,-2.74604573e-02,-2.48297723e-02,-2.29309590e-02,-2.03915740e-02,-2.03649419e-02,-2.07139785e-02,-2.07195371e-02,-2.34278682e-02,-2.91088093e-02,-3.33054478e-02,-3.63258610e-02,-3.75767402e-02,-3.84926707e-02,-3.70316144e-02,-3.54937547e-02,-3.37497331e-02,-3.25162358e-02,-3.25363402e-02,-3.35805603e-02,-3.40234152e-02,-3.56646091e-02,-3.52258790e-02,-3.22557513e-02,-3.21476002e-02,-3.20012134e-02,-3.11070875e-02,-3.06446753e-02,-3.21935819e-02,-3.25256745e-02,-3.25027717e-02,-3.24840758e-02,-3.14124505e-02,-2.96172064e-02,-2.70583580e-02,-2.47255723e-02,-2.22230304e-02,-1.96793070e-02,-1.86080560e-02
1.85991905e-02,1.61245967e-02,1.52979397e-02,1.40420081e-02,1.55949553e-02,1.73394540e-02,1.79074162e-02,1.71746562e-02,1.85744961e-02,2.19768369e-02,2.67530569e-02,2.99416218e-02,3.02108100e-02,2.92160092e-02,2.87994634e-02,2.78903377e-02,2.61900540e-02,2.23880257e-02,1.83386450e-02,1.54838448e-02,1.32402551e-02,1.46689476e-02,1.58927726e-02,1.70179846e-02,1.90695125e-02,2.11565537e-02,2.25240662e-02,2.43144495e-02,2.93925896e-02,3.33481068e-02,3.61310636e-02,3.84696292e-02,3.99206846e-02,4.34061595e-02,4.61640873e-02,4.82257156e-02,5.05761360e-02,5.09201475e-02,4.91009594e-02,4.58778468e-02,4.56467657e-02,4.73195369e-02,4.82162731e-02,4.70031876e-02,4.38252121e-02,4.33758210e-02,4.39966281e-02,4.44466657e-02,4.37450419e-02,4.33757050e-02,4.08988131e-02,4.11739339e-02,4.19917332e-02,4.20948957e-02,4.22401389e-02,4.20884593e-02,4.26009142e-02,4.24138315e-02,3.94519826e-02,3.58591793e-02,3.06164822e-02,2.70211394e-02,2.38827143e-02,2.17362548e-02
2.88142769e-02,2.98792946e-02,3.07502049e-02,3.15846487e-02,3.31655077e-02,3.55440918e-02,3.68386330e-02,3.88668320e-02,3.98793111e-02,3.88418764e-02,3.57342999e-02,3.39512072e-02,3.40721927e-02,3.43929613e-02,3.26574750e-02,3.07456708e-02,2.74599045e-02,2.62571464e-02,2.50396324e-02,2.46070488e-02,2.30768543e-02,2.12899514e-02,1.91163745e-02,1.88842525e-02,1.93315722e-02,2.14974490e-02,2.52021005e-02,2.80589511e-02,2.96959131e-02,3.01942568e-02,3.15405344e-02,3.11487882e-02,3.00989631e-02,2.82261621e-02,2.42218864e-02,1.86318820e-02,1.48277481e-02,9.45070348e-03,6.65827717e-03,6.17182026e-03,6.40236472e-03,5.96455189e-03,6.78374028e-03,9.35350937e-03,1.20804945e-02,1.32604394e-02,1.55014434e-02,1.82299548e-02,2.06477925e-02,2.43686431e-02,2.84067784e-02,3.12543416e-02,3.34166362e-02,3.60962971e-02,3.94186456e-02,4.11300407e-02,3.97148962e-02,3.97239557e-02,4.06801562e-02,3.95539941e-02,3.62105656e-02,3.15664277e-02,2.87741785e-02,2.81343265e-02
3.26161461e-02,2.96844054e-02,2.83511116e-02,2.68570125e-02,2.42508885e-02,2.22003505e-02,1.98210579e-02,1.63320007e-02,1.35725555e-02,1.09692775e-02,9.95513170e-03,1.08484992e-02,1.23575771e-02,1.53758236e-02,1.61320298e-02,1.52759933e-02,1.67505151e-02,1.83801285e-02,2.18381058e-02,2.53006386e-02,2.79453863e-02,2.86202040e-02,2.77713254e-02,2.75735702e-02,2.70948102e-02,2.82156063e-02,2.92970628e-02,2.82425803e-02,2.55556711e-02,2.42736828e-02,2.38613065e-02,2.35566046e-02,2.15288081e-02,1.96752657e-02,1.96715347e-02,2.16111661e-02,2.20525488e-02,2.25419637e-02,2.32674612e-02,2.48738809e-02,2.63585727e-02,2.86482537e-02,2.86080225e-02,2.57405274e-02,2.35618783e-02,1.98524891e-02,1.47706253e-02,1.02069024e-02,8.02933299e-03,8.20849735e-03,9.13003690e-03,1.04352702e-02,1.21756130e-02,1.43509689e-02,1.42066621e-02,1.48812220e-02,1.61466227e-02,1.78493354e-02,2.08439281e-02,2.45861644e-02,2.81773097e-02,3.14463001e-02,3.25497073e-02,3.33085916e-02
3.86849925e-02,3.89910541e-02,4.10667368e-02,4.25139301e-02,4.45651403e-02,4.62634397e-02,4.57759796e-02,4.63972353e-02,4.97180897e-02,5.37083827e-02,5.62800098e-02,6.09983354e-02,6.33976296e-02,6.35510480e-02,6.35294098e-02,6.29860299e-02,6.16935953e-02,5.87265088e-02,5.54853755e-02,5.23933732e-02,5.01901639e-02,4.88290158e-02,4.72862859e-02,4.74794632e-02,4.70811079e-02,4.57350167e-02,4.28881425e-02,4.20222738e-02,4.22587488e-02,4.50810685e-02,4.85852160e-02,5.11705691e-02,5.32364774e-02,5.35051391e-02,5.32251316e-02,5.21091529e-02,5.00146388e-02,4.96219266e-02,4.83939992e-02,4.63286518e-02,4.33773141e-02,3.78736518e-02,3.23467618e-02,2.93350138e-02,2.93406141e-02,2.86211857e-02,2.80656376e-02,2.66860538e-02,2.47329433e-02,2.17264929e-02,2.12521720e-02,2.31231495e-02,2.69866135e-02,3.10682105e-02,3.48245372e-02,3.65090553e-02,3.66315269e-02,3.83862778e-02,4.02026998e-02,4.13506481e-02,4.17048367e-02,4.17099222e-02,4.09043830e-02,4.08232290e-02
3.15128817e-03,4.51106672e-03,6.11482293e-03,4.24189667e-03,5.31268134e-04,-1.87700244e-03,-2.76627451e-03,-4.58955820e-03,-5.02765177e-03,-2.83270348e-03,4.12677107e-04,2.31141304e-03,1.05056722e-03,-7.16687988e-05,-8.40883257e-04,-1.68031262e-03,-2.85509529e-03,-3.53703068e-03,-2.41143494e-03,-8.79159453e-04,1.92924827e-03,5.27723656e-03,8.35522996e-03,1.21985664e-02,1.30534115e-02,1.03063222e-02,9.91383716e-03,9.27223512e-03,7.65670232e-03,3.83438578e-03,-7.50188543e-04,-6.53079321e-03,-1.15210396e-02,-1.37836110e-02,-1.51972533e-02,-1.64415958e-02,-1.90626560e-02,-2.13969188e-02,-2.18105935e-02,-1.93804050e-02,-1.89215836e-02,-1.92507220e-02,-1.93310744e-02,-2.03282110e-02,-2.09565970e-02,-1.87548369e-02,-1.26097362e-02,-8.01378009e-03,-3.37868588e-03,6.51508997e-04,6.03746214e-03,1.21146800e-02,1.75496211e-02,2.07983374e-02,2.19936076e-02,2.24340132e-02,2.13374869e-02,2.06142750e-02,1.82210529e-02,1.49039850e-02,1.07624299e-02,7.31067439e-03,5.23510716e-03,4.05363524e-03
3.70146323e-02,3.78899673e-02,3.83967711e-02,3.85968667e-02,3.85419619e-02,3.70666322e-02,3.63242483e-02,3.68809469e-02,3.70219336e-02,3.67309359e-02,3.47082888e-02,3.12435671e-02,2.67419540e-02,2.30435197e-02,2.28083518e-02,2.70381411e-02,3.00071028e-02,3.33072764e-02,3.72534564e-02,4.05276437e-02,4.25801744e-02,4.31609536e-02,4.05718718e-02,3.81003160e-02,3.63059243e-02,3.27227053e-02,3.21622625e-02,3.25043437e-02,3.13382392e-02,2.85155306e-02,2.60285056e-02,2.40161704e-02,2.01181989e-02,1.77190762e-02,1.76095641e-02,1.75149807e-02,1.59295631e-02,1.51764701e-02,1.30954516e-02,1.06553977e-02,9.92267406e-03,8.45469557e-03,5.57977922e-03,3.09074189e-03,1.76700000e-03,-5.07948099e-04,-2.07063913e-03,-5.28835281e-04,2.10474782e-03,6.43611388e-03,1.12085113e-02,1.54341517e-02,1.86492661e-02,1.98319080e-02,2.06558836e-02,2.30907766e-02,2.65664188e-02,3.06194585e-02,3.39008903e-02,3.53015620e-02,3.61614521e-02,3.57404606e-02,3.55087958e-02,3.62267469e-02
-3.89531527e-02,-3.91316644e-02,-4.01693048e-02,-4.06339154e-02,-3.96255676e-02,-3.79572197e-02,-3.57499153e-02,-3.12007242e-02,-2.70304521e-02,-2.45603590e-02,-2.39238726e-02,-2.71137859e-02,-3.09744238e-02,-3.65530858e-02,-4.12196549e-02,-4.44786108e-02,-4.71104149e-02,-4.91966038e-02,-5.13770665e-02,-5.27356315e-02,-5.48699134e-02,-5.68413774e-02,-5.81628849e-02,-5.92841060e-02,-5.68249692e-02,-5.09379957e-02,-4.49636392e-02,-4.06479560e-02,-3.91109630e-02,-3.80729098e-02,-3.59257005e-02,-3.46862351e-02,-3.40479944e-02,-3.20471154e-02,-2.92826919e-02,-3.01844578e-02,-3.18590165e-02,-3.31280014e-02,-3.28540512e-02,-3.36760883e-02,-3.17071363e-02,-3.14907098e-02,-3.49810090e-02,-3.63889735e-02,-3.61936232e-02,-3.60448568e-02,-3.56038342e-02,-3.49045967e-02,-3.20481401e-02,-2.93352030e-02,-2.61678111e-02,-2.43347759e-02,-2.32057512e-02,-2.36388402e-02,-2.42596805e-02,-2.60709545e-02,-2.82811576e-02,-2.75907633e-02,-2.87301151e-02,-3.16545516e-02,-3.34585050e-02,-3.51602280e-02,-3.66095940e-02,-3.73470889e-02
-1.28548130e-02,-1.46250764e-02,-1.71069404e-02,-1.80424311e-02,-1.79424734e-02,-1.82542026e-02,-1.85239306e-02,-1.84883136e-02,-1.87701424e-02,-1.99742466e-02,-2.22772147e-02,-2.16599160e-02,-2.05925860e-02,-2.07617876e-02,-2.09303358e-02,-1.83874681e-02,-1.53883805e-02,-1.11975312e-02,-7.91548280e-03,-6.97423782e-03,-6.83283034e-03,-7.40150836e-03,-9.69705415e-03,-1.15218488e-02,-1.22280886e-02,-1.38884105e-02,-1.68315864e-02,-1.69275454e-02,-1.55302236e-02,-1.68527948e-02,-1.87749296e-02,-2.04739111e-02,-1.99065931e-02,-1.82808554e-02,-1.65984855e-02,-1.50677371e-02,-1.45326301e-02,-1.34867156e-02,-1.47538520e-02,-1.67334068e-02,-1.72256934e-02,-2.07936919e-02,-2.55439679e-02,-2.78744569e-02,-3.00583182e-02,-3.37893128e-02,-3.67518050e-02,-3.91693264e-02,-4.11842495e-02,-4.07150958e-02,-3.81937771e-02,-3.71765166e-02,-3.57337894e-02,-3.39522190e-02,-3.27079786e-02,-2.98302275e-02,-2.65916847e-02,-2.33055386e-02,-2.19232959e-02,-2.07591816e-02,-1.90840224e-02,-1.57980285e-02,-1.22242869e-02,-1.19733271e-02
-1.42193596e-04,3.59989747e-04,1.94048404e-04,5.69722353e-04,-7.89126072e-04,-2.45080635e-03,-6.38538712e-03,-1.12009667e-02,-1.53928274e-02,-1.97336086e-02,-2.30680239e-02,-2.70499953e-02,-3.07155936e-02,-3.32072817e-02,-3.75848532e-02,-4.20374437e-02,-4.65158121e-02,-4.91015794e-02,-5.08272177e-02,-5.28325483e-02,-5.74217502e-02,-6.25088361e-02,-6.47107118e-02,-6.82422206e-02,-6.90561983e-02,-6.98964631e-02,-6.84827153e-02,-6.76518769e-02,-6.82369175e-02,-6.84350652e-02,-6.86790056e-02,-6.74740825e-02,-6.49836228e-02,-6.20105986e-02,-5.85725829e-02,-5.29619610e-02,-4.99036570e-02,-4.77301427e-02,-4.48459788e-02,-4.19995897e-02,-4.21029569e-02,-4.30385405e-02,-4.21036196e-02,-4.13584653e-02,-4.10561217e-02,-4.08020400e-02,-3.96386977e-02,-3.73274174e-02,-3.45142090e-02,-2.98366468e-02,-2.49763866e-02,-2.03530049e-02,-1.58339084e-02,-1.33073050e-02,-1.19696322e-02,-8.53946871e-03,-3.68705668e-03,-2.66434653e-03,-1.73987504e-03,-1.72191376e-03,-7.36845223e-04,-2.46672410e-05,1.27666236e-04,-3.44597542e-04
-3.39574918e-02,-3.42695209e-02,-3.32098303e-02,-3.02214424e-02,-2.47901388e-02,-1.96840263e-02,-1.57548023e-02,-1.05061699e-02,-4.03538919e-03,2.38215149e-03,9.11192600e-03,1.40450929e-02,1.49990417e-02,1.29873890e-02,1.01939396e-02,5.94552854e-03,-3.11023498e-04,-6.66375828e-03,-1.38178689e-02,-2.09783563e-02,-2.76318252e-02,-3.10532610e-02,-3.46793769e-02,-3.60244173e-02,-3.46029922e-02,-3.00551646e-02,-2.57992691e-02,-2.08618530e-02,-1.59678774e-02,-1.21326727e-02,-7.78131037e-03,-5.83182289e-03,-5.98434926e-03,-5.76711974e-03,-6.19007093e-03,-8.93807040e-03,-1.07872191e-02,-1.56794151e-02,-1.96563331e-02,-2.26653420e-02,-2.42028690e-02,-2.40288822e-02,-2.37411213e-02,-2.32538071e-02,-2.25146754e-02,-2.06621586e-02,-1.77308395e-02,-1.71324104e-02,-1.85509622e-02,-2.15916546e-02,-2.55365123e-02,-2.91000799e-02,-2.97353785e-02,-2.85460982e-02,-2.53390213e-02,-2.30554459e-02,-2.18092103e-02,-2.04049984e-02,-1.96951358e-02,-2.01684340e-02,-2.01753193e-02,-2.27801416e-02,-2.60286455e-02,-3.02463233e-02
-1.12032275e-02,-1.31967525e-02,-1.33826415e-02,-1.57650846e-02,-1.90090608e-02,-2.18013519e-02,-2.35782622e-02,-2.36589222e-02,-2.31680569e-02,-2.11045513e-02,-1.85295480e-02,-1.46777029e-02,-1.33016296e-02,-1.08914874e-02,-8.41715412e-03,-6.49809225e-03,-6.61411870e-03,-5.15884501e-03,-2.67857486e-03,-1.43081476e-03,8.68924024e-04,3.34548474e-03,6.98029768e-03,8.92752396e-03,1.02662145e-02,1.11901761e-02,1.16334357e-02,1.15466934e-02,9.03751260e-03,5.60501164e-03,9.57804234e-04,-2.09876360e-03,-5.01372376e-03,-5.78904935e-03,-4.25648011e-03,-3.95149999e-03,-4.30934973e-03,-2.98348301e-03,6.47022397e-06,4.48084239e-03,8.17696284e-03,1.26212354e-02,1.64431438e-02,1.74284456e-02,1.89895034e-02,1.98517056e-02,2.19623164e-02,2.37891755e-02,2.45006666e-02,2.16895764e-02,1.73733104e-02,1.28908023e-02,7.03376141e-03,2.71264722e-03,-7.61544663e-04,-3.01349681e-03,-2.67011574e-03,-1.57099206e-03,-1.16725654e-03,-1.00090557e-03,-1.73719370e-03,-4.84469842e-03,-6.57957761e-03,-8.99229644e-03
-8.65118409e-03,-1.51828018e-02,-2.10325109e-02,-2.52098673e-02,-2.66826947e-02,-2.47426093e-02,-2.21213676e-02,-1.76993723e-02,-1.26636798e-02,-9.75698409e-03,-8.29476894e-03,-7.65819051e-03,-1.06585286e-02,-1.17483506e-02,-1.23839197e-02,-1.14674304e-02,-1.05009207e-02,-8.28663287e-03,-5.38805809e-03,-3.65988584e-03,-2.69293315e-03,-2.88081199e-03,-2.73379571e-03,-3.42306623e-04,-3.70291714e-04,-7.07103550e-04,-9.24018852e-04,1.15947064e-03,3.79271793e-03,6.26348797e-03,9.61422721e-03,1.30597725e-02,1.56347945e-02,1.60861120e-02,1.70178865e-02,1.98353768e-02,2.06542287e-02,2.17795429e-02,2.48508037e-02,2.80351551e-02,2.79089874e-02,2.79221080e-02,2.90780814e-02,3.09465219e-02,3.17868202e-02,3.17076695e-02,3.04377582e-02,2.76164313e-02,2.39983936e-02,2.21062391e-02,1.91570944e-02,1.70189244e-02,1.63699696e-02,1.66926830e-02,1.74758219e-02,1.59785154e-02,1.59369684e-02,1.84572904e-02,1.95732553e-02,1.82640656e-02,1.51847843e-02,9.74462132e-03,5.67577577e-03,-2.62539441e-04
2.88535742e-02,3.21222163e-02,3.56072902e-02,3.85750265e-02,4.21086012e-02,4.45121518e-02,4.47450128e-02,4.37975561e-02,4.22616655e-02,4.29054039e-02,4.35086905e-02,4.33863199e-02,4.15024962e-02,4.01811941e-02,3.72041670e-02,3.38484517e-02,2.97950776e-02,2.21762773e-02,1.43459214e-02,8.11296055e-03,3.66121232e-03,-2.00128600e-03,-5.61367415e-03,-7.09460368e-03,-8.55411162e-03,-9.48002025e-03,-1.06499432e-02,-1.02343857e-02,-8.27582405e-03,-5.24620479e-03,-2.10998286e-03,1.67149921e-03,2.82628960e-03,5.20174095e-03,1.06986484e-02,1.62085995e-02,2.06648898e-02,2.42551558e-02,2.66739619e-02,2.93041216e-02,3.34551874e-02,3.63192819e-02,3.61373271e-02,3.57233145e-02,3.65707571e-02,3.77005886e-02,3.91797335e-02,3.85518750e-02,3.60826004e-02,3.26522654e-02,3.09441963e-02,3.12989982e-02,3.23493601e-02,3.14865930e-02,3.05030966e-02,3.08844073e-02,3.00770005e-02,2.81384827e-02,2.56887582e-02,2.36982230e-02,2.16501667e-02,2.16733313e-02,2.31185466e-02,2.52037721e-02
-4.65766881e-02,-4.70256989e-02,-4.82553890e-02,-4.89783218e-02,-4.88658419e-02,-4.82040160e-02,-4.64233386e-02,-4.41897094e-02,-4.31397801e-02,-3.95455006e-02,-3.51319638e-02,-3.25256845e-02,-3.08323718e-02,-3.00455025e-02,-2.94976809e-02,-2.89599491e-02,-3.00199138e-02,-3.20835585e-02,-3.46733267e-02,-3.49832181e-02,-3.40805501e-02,-3.07512166e-02,-2.80010025e-02,-2.45856125e-02,-2.17461180e-02,-1.77213468e-02,-1.47155819e-02,-1.21582605e-02,-1.16438387e-02,-1.06440466e-02,-8.68036897e-03,-4.15456335e-03,1.50964141e-03,4.80658107e-03,6.88917844e-03,7.60063017e-03,6.32189056e-03,6.41411409e-03,7.96056721e-03,9.86142365e-03,1.13563044e-02,1.12063742e-02,9.44989142e-03,7.84732427e-03,9.25913076e-03,9.96026138e-03,1.00850648e-02,7.83928620e-03,7.04795842e-03,3.97837351e-03,1.14531793e-03,-2.40782044e-03,-7.15692728e-03,-1.15344540e-02,-1.63110507e-02,-2.14989036e-02,-2.57303346e-02,-2.90811964e-02,-3.25092507e-02,-3.60381925e-02,-3.84001484e-02,-4.08577762e-02,-4.31793493e-02,-4.56350831e-02
3.50273263e-04,-5.35415686e-03,-1.10015021e-02,-1.87204007e-02,-2.59044907e-02,-3.14712073e-02,-3.50394475e-02,-3.76838522e-02,-3.90926784e-02,-3.81191594e-02,-3.54586847e-02,-3.43122843e-02,-3.38025187e-02,-3.24925292e-02,-3.20521935e-02,-3.13314794e-02,-3.18876502e-02,-3.31109473e-02,-3.31997630e-02,-3.30041812e-02,-3.10292376e-02,-2.87935586e-02,-2.77529207e-02,-2.73913512e-02,-2.89180933e-02,-2.97994798e-02,-3.04384601e-02,-3.13243261e-02,-3.24576882e-02,-3.37648107e-02,-3.32689552e-02,-3.08833162e-02,-2.97384397e-02,-2.75205953e-02,-2.41266423e-02,-2.28426526e-02,-2.21698845e-02,-2.13289127e-02,-2.09825747e-02,-1.99686443e-02,-1.74553141e-02,-1.43943848e-02,-1.20487905e-02,-1.08657640e-02,-8.16291459e-03,-4.84610034e-03,-2.13029159e-03,-2.32152624e-03,-1.81277154e-03,4.53593386e-04,4.40200930e-03,8.24389003e-03,1.05278399e-02,1.06546038e-02,1.04606918e-02,8.82886178e-03,5.69738260e-03,4.93184533e-03,5.78002304e-03,5.05643177e-03,5.19833764e-03,6.82006026e-03,6.90675219e-03,4.04428377e-03
-7.00275273e-02,-6.64380353e-02,-6.35487748e-02,-5.90572048e-02,-5.26005809e-02,-4.64350957e-02,-4.00976137e-02,-3.56848879e-02,-3.27142874e-02,-2.91615525e-02,-2.61054094e-02,-2.27444174e-02,-1.63222416e-02,-1.06212813e-02,-7.18147331e-03,-3.70870430e-03,-7.17081677e-04,3.72797844e-03,8.12467427e-03,1.37962608e-02,1.93427113e-02,2.41401933e-02,2.74726894e-02,3.10123816e-02,3.59157058e-02,3.83891393e-02,3.98113016e-02,3.99266559e-02,3.85060807e-02,3.86920886e-02,3.65103749e-02,3.26280664e-02,2.74151310e-02,2.29681136e-02,2.00237128e-02,1.77751387e-02,1.37127927e-02,8.83447151e-03,3.27453045e-03,-1.45617585e-03,-5.98310244e-03,-1.08438621e-02,-1.55618974e-02,-2.02259218e-02,-2.55361913e-02,-2.84388274e-02,-2.99236581e-02,-3.29747700e-02,-3.60137817e-02,-4.00243229e-02,-4.36896883e-02,-4.76932569e-02,-5.09795418e-02,-5.59215065e-02,-6.03211031e-02,-6.56782435e-02,-7.04538152e-02,-7.57865842e-02,-7.84538670e-02,-7.77924098e-02,-7.53585689e-02,-7.22525944e-02,-7.07934484e-02,-7.08624050e-02
-1.40976445e-02,-1.26922799e-02,-1.20080527e-02,-1.54676276e-02,-1.98420460e-02,-2.42204141e-02,-2.83687608e-02,-3.20073504e-02,-3.41959888e-02,-3.70764252e-02,-3.72975875e-02,-3.66028760e-02,-3.56464247e-02,-3.64365760e-02,-3.70873974e-02,-3.96377295e-02,-4.22348449e-02,-4.68815885e-02,-5.05855976e-02,-5.27925554e-02,-5.37928200e-02,-5.52431083e-02,-5.37731329e-02,-5.14655113e-02,-4.85093984e-02,-4.42415587e-02,-3.96614985e-02,-3.62279169e-02,-3.16133082e-02,-2.66199772e-02,-2.26901674e-02,-1.88270878e-02,-1.66833074e-02,-1.45628157e-02,-1.38256418e-02,-1.53963712e-02,-1.69199855e-02,-1.73523063e-02,-1.65862385e-02,-1.52513528e-02,-1.63114393e-02,-2.00788108e-02,-2.47774562e-02,-3.01677843e-02,-3.28764659e-02,-3.44054357e-02,-3.31525578e-02,-3.27289524e-02,-3.32721965e-02,-3.32289763e-02,-3.23403369e-02,-3.13117548e-02,-3.09754168e-02,-3.12323651e-02,-3.10828735e-02,-2.86851592e-02,-2.63693811e-02,-2.60558413e-02,-2.49021353e-02,-2.29331996e-02,-1.96550567e-02,-1.75349354e-02,-1.73901098e-02,-1.64993095e-02
-1.94552643e-02,-1.93769887e-02,-1.79313042e-02,-1.88306052e-02,-2.20254663e-02,-2.68053114e-02,-3.01205562e-02,-3.16362024e-02,-2.95355932e-02,-2.52057653e-02,-2.19282122e-02,-2.06756681e-02,-1.76457034e-02,-1.39936922e-02,-1.03268559e-02,-6.25830597e-03,-2.46062361e-03,7.95002232e-04,3.06986613e-03,6.99671404e-03,1.21925876e-02,1.74048819e-02,2.16583039e-02,2.32030569e-02,2.38753113e-02,2.62820348e-02,2.77162338e-02,2.79494549e-02,2.68785298e-02,2.14772083e-02,1.53567576e-02,9.10949098e-03,3.79651227e-03,-1.84773142e-03,-8.49399231e-03,-1.49525527e-02,-1.99450429e-02,-2.29525037e-02,-2.71272080e-02,-2.83691872e-02,-2.86842318e-02,-3.15369321e-02,-3.39042911e-02,-3.50008964e-02,-3.13916836e-02,-2.87128780e-02,-2.66090969e-02,-2.52246446e-02,-2.35338294e-02,-2.38043076e-02,-2.55061088e-02,-2.41249701e-02,-2.31347602e-02,-2.37138961e-02,-2.40005579e-02,-2.43622939e-02,-2.53232695e-02,-2.44909313e-02,-2.39899132e-02,-2.71501211e-02,-2.85916833e-02,-2.65555514e-02,-2.33696952e-02,-2.05076011e-02
-1.35455270e-02,-1.39684540e-02,-1.38287207e-02,-1.59988926e-02,-1.76255568e-02,-1.82336648e-02,-1.87204309e-02,-1.80531359e-02,-1.55040811e-02,-1.29810001e-02,-8.85071394e-03,-6.31535590e-03,-2.42477303e-03,-1.52596464e-04,1.19036293e-03,2.44841537e-03,2.50179358e-03,2.49292010e-03,1.15284343e-03,1.32679366e-03,1.96145904e-03,1.63995890e-03,3.28088217e-03,6.78714999e-03,1.02667720e-02,1.35232223e-02,1.86619375e-02,2.08093484e-02,2.17271116e-02,2.19319895e-02,2.25917668e-02,2.17393275e-02,1.95326945e-02,1.69871968e-02,1.37949562e-02,1.25551651e-02,1.03001111e-02,9.38456708e-03,9.16408436e-03,8.55588461e-03,4.85735162e-03,1.79447939e-03,-1.34500045e-04,-2.47947239e-03,-5.75118838e-03,-6.43614496e-03,-6.53796318e-03,-6.84363303e-03,-7.23089493e-03,-7.58842812e-03,-8.57125138e-03,-1.03781611e-02,-1.07979613e-02,-8.64599559e-03,-6.25159410e-03,-6.18813713e-03,-6.03550587e-03,-5.92708262e-03,-5.67326536e-03,-6.34353051e-03,-9.73896168e-03,-1.19293572e-02,-1.31583230e-02,-1.36118937e-02
-4.13079270e-02,-4.42414807e-02,-4.72973625e-02,-4.93521622e-02,-5.05347587e-02,-5.10693491e-02,-4.81428409e-02,-4.36889652e-02,-3.67247584e-02,-2.93466182e-02,-2.27179937e-02,-1.55166571e-02,-8.08905207e-03,-2.10490939e-03,1.77730235e-03,6.22081970e-03,1.09546547e-02,1.26927624e-02,1.40623605e-02,1.63439892e-02,1.93232823e-02,2.13790765e-02,1.97457359e-02,1.58285241e-02,1.21136267e-02,8.60208174e-03,3.35526712e-03,-2.36203553e-03,-7.64394419e-03,-1.05537366e-02,-1.08448859e-02,-1.10297751e-02,-1.25519788e-02,-1.44347168e-02,-1.55594320e-02,-1.86375224e-02,-2.18235684e-02,-2.26677832e-02,-2.39866704e-02,-2.45407035e-02,-2.51684727e-02,-2.69863375e-02,-2.71672474e-02,-2.66801766e-02,-2.73387803e-02,-2.83084863e-02,-2.92685898e-02,-2.74731739e-02,-2.52119009e-02,-2.23439321e-02,-1.97340532e-02,-1.64940678e-02,-1.41091330e-02,-1.03526775e-02,-6.67748490e-03,-5.53907574e-03,-6.87627481e-03,-8.48007038e-03,-1.34562625e-02,-1.87519200e-02,-2.24817687e-02,-2.52861004e-02,-3.11184121e-02,-3.64814762e-02
9.39988487e-03,1.03377199e-02,1.15043998e-02,1.23956968e-02,1.30029857e-02,1.44674919e-02,1.44983762e-02,1.44739853e-02,1.47924887e-02,1.55110109e-02,1.77912621e-02,1.86615006e-02,1.85242417e-02,1.91601394e-02,1.84314533e-02,1.78149723e-02,1.93318703e-02,1.99841490e-02,1.95021577e-02,1.88495886e-02,1.87312514e-02,1.80808001e-02,1.62104725e-02,1.59027081e-02,1.63202507e-02,1.44147339e-02,1.35933489e-02,1.31319436e-02,9.57718413e-03,7.49291044e-03,6.59760949e-03,3.82761258e-03,2.17954492e-03,8.17987388e-04,4.02420955e-04,1.06139743e-04,5.94198084e-04,2.26327373e-03,4.83141835e-03,6.29360963e-03,5.26680081e-03,3.52628247e-03,3.79493925e-03,5.05604205e-03,7.73461271e-03,9.34631111e-03,9.52064543e-03,1.01561047e-02,1.02617509e-02,1.02563283e-02,1.15305998e-02,1.23817054e-02,1.25486090e-02,1.43303173e-02,1.65791857e-02,1.92546037e-02,2.05052000e-02,1.88779415e-02,1.75481325e-02,1.33937814e-02,1.12597932e-02,1.06469977e-02,1.08109920e-02,1.05829418e-02
1.72845705e-02,1.71548346e-02,1.76641971e-02,1.96649935e-02,1.95114049e-02,1.75899400e-02,1.68045499e-02,1.58219008e-02,1.99381091e-02,2.46010738e-02,3.03971118e-02,3.43442240e-02,3.87648289e-02,4.29850986e-02,4.93557449e-02,5.37571795e-02,5.31196079e-02,5.06073187e-02,4.88469920e-02,4.71288849e-02,4.39792208e-02,4.21606371e-02,4.19061543e-02,4.10349346e-02,3.94857227e-02,3.63092308e-02,3.31370964e-02,2.93092142e-02,2.53982505e-02,2.23290471e-02,1.92987267e-02,1.56988622e-02,1.29925340e-02,1.03903016e-02,9.18486020e-03,1.00920372e-02,1.25681935e-02,1.54761086e-02,1.91722520e-02,1.88584944e-02,1.33089695e-02,7.90527832e-03,2.43933949e-03,5.52141707e-05,-1.09363591e-03,-1.07527469e-03,-2.32650070e-03,-2.62992313e-03,-3.01406467e-03,-2.56956026e-03,-1.96283735e-03,-2.13584386e-03,-2.50510340e-03,-1.89540511e-03,2.83553456e-04,2.09061760e-03,3.06265642e-03,4.68450644e-03,7.19186169e-03,1.08126290e-02,1.49633823e-02,1.64273875e-02,1.85994520e-02,1.76715614e-02
-3.48319930e-02,-3.40995010e-02,-3.40089087e-02,-3.45658500e-02,-3.31654014e-02,-3.15170673e-02,-2.94292774e-02,-2.67909159e-02,-2.44476752e-02,-2.27523826e-02,-2.06708866e-02,-1.78480825e-02,-1.57095567e-02,-1.44940790e-02,-1.26953203e-02,-1.25917633e-02,-1.25101011e-02,-9.58227981e-03,-5.76850984e-03,-4.10613230e-03,-2.74671808e-03,-2.52112749e-04,3.73118893e-03,8.06529595e-03,1.03390579e-02,9.48623046e-03,7.27847561e-03,7.32798151e-03,8.78143765e-03,1.11891497e-02,1.31207771e-02,1.28627144e-02,1.22377104e-02,1.34875094e-02,1.61890057e-02,1.70633975e-02,1.79209602e-02,1.83154929e-02,1.71754084e-02,1.64823084e-02,1.61761885e-02,1.54382920e-02,1.46424983e-02,1.31004540e-02,1.02551227e-02,8.25986451e-03,5.80814882e-03,2.94545029e-03,1.19117374e-03,2.01564202e-04,-2.67001064e-03,-4.20359816e-03,-5.37239830e-03,-7.51719858e-03,-8.98089771e-03,-1.13766411e-02,-1.55680115e-02,-1.88274113e-02,-2.19354732e-02,-2.59360978e-02,-2.83389908e-02,-3.01196585e-02,-3.18468561e-02,-3.37663540e-02
8.91901179e-04,-2.97841915e-03,-6.63295620e-03,-9.88591484e-03,-1.13305899e-02,-1.41688997e-02,-1.72711702e-02,-1.97812784e-02,-2.04397982e-02,-2.03542604e-02,-2.16559374e-02,-2.29695704e-02,-2.46095823e-02,-2.59721016e-02,-2.68678961e-02,-2.59837320e-02,-2.64400681e-02,-2.57283330e-02,-2.60455547e-02,-2.51352685e-02,-2.43841210e-02,-2.26630481e-02,-2.12110321e-02,-1.87349395e-02,-1.62658603e-02,-1.44643254e-02,-1.33339092e-02,-1.47898237e-02,-1.50329591e-02,-1.43545895e-02,-1.37551601e-02,-1.41419379e-02,-1.44417449e-02,-1.38292896e-02,-1.20437867e-02,-1.02457722e-02,-8.19000791e-03,-6.20620454e-03,-6.02355701e-03,-7.97212662e-03,-8.79953166e-03,-8.97646947e-03,-7.38821374e-03,-5.97631448e-03,-6.05034846e-03,-4.54952597e-03,-4.07851969e-03,-2.18236807e-03,1.05086113e-03,2.95112032e-03,5.79990576e-03,7.51949485e-03,9.69429722e-03,1.02515311e-02,1.14582414e-02,1.19051149e-02,1.19574357e-02,1.01108855e-02,6.30268175e-03,4.17870188e-03,4.04744019e-03,4.13143432e-03,3.60998055e-03,2.53208263e-03
1.38570546e-02,1.24816605e-02,1.13020149e-02,1.07015302e-02,1.06942446e-02,9.90086982e-03,9.33680542e-03,9.96830627e-03,9.85248922e-03,1.20104869e-02,1.50726130e-02,1.82851608e-02,2.03733582e-02,2.24580868e-02,2.50659413e-02,2.54358212e-02,2.73653005e-02,2.87672198e-02,3.04789293e-02,3.10985826e-02,3.14230733e-02,3.06030284e-02,2.86720509e-02,2.82096929e-02,2.80983968e-02,2.72209778e-02,2.47520487e-02,2.30101034e-02,2.47066265e-02,2.60498854e-02,2.80805823e-02,2.96867078e-02,2.93998440e-02,2.70498626e-02,2.48673115e-02,2.24713741e-02,2.00878771e-02,1.66104558e-02,1.61759618e-02,1.65368622e-02,1.49758523e-02,1.33783251e-02,1.23459193e-02,1.33578377e-02,1.40346383e-02,1.81445664e-02,2.40541295e-02,2.98047123e-02,3.33407143e-02,3.38317986e-02,3.43928396e-02,3.29616020e-02,3.36471421e-02,3.30062446e-02,3.21647853e-02,3.07774464e-02,2.88566857e-02,2.59180173e-02,2.27719175e-02,1.97554999e-02,1.79488930e-02,1.82926394e-02,1.74363777e-02,1.61531417e-02
-2.39305721e-02,-2.23413053e-02,-2.13364010e-02,-2.16207390e-02,-2.33898330e-02,-2.45746726e-02,-2.53654130e-02,-2.42810726e-02,-2.19642271e-02,-1.98460992e-02,-1.91830415e-02,-1.74205372e-02,-1.75105091e-02,-1.90508244e-02,-1.99233402e-02,-1.99903225e-02,-1.79589118e-02,-1.59439408e-02,-1.43695929e-02,-1.37795695e-02,-1.26572390e-02,-1.25619350e-02,-1.11058698e-02,-9.31069699e-03,-6.83357539e-03,-5.42673985e-03,-4.22756242e-03,-2.91046719e-03,-2.25454684e-03,-3.46873137e-03,-5.06215919e-03,-5.09366926e-03,-3.76752399e-03,-4.49905812e-03,-8.19894434e-03,-1.31525011e-02,-1.89221292e-02,-2.60539744e-02,-3.25828121e-02,-3.79891328e-02,-4.02161961e-02,-3.81486337e-02,-3.68714066e-02,-3.54631982e-02,-3.13433112e-02,-2.75800614e-02,-2.64686082e-02,-2.62617546e-02,-2.38393804e-02,-2.04775853e-02,-1.94031746e-02,-1.96111681e-02,-2.17997723e-02,-2.22634052e-02,-2.17420088e-02,-2.32781784e-02,-2.25680366e-02,-2.26421986e-02,-2.29693727e-02,-2.46244943e-02,-2.77826883e-02,-2.96584719e-02,-2.93760394e-02,-2.70472763e-02
-7.87231282e-03,-1.77941196e-02,-2.40176597e-02,-2.77426367e-02,-2.95104172e-02,-3.13558168e-02,-3.25655064e-02,-3.29043133e-02,-2.98505542e-02,-2.64191188e-02,-2.48540733e-02,-2.59099027e-02,-2.83012697e-02,-3.00145188e-02,-3.14084454e-02,-3.18926071e-02,-3.05705224e-02,-2.95636710e-02,-2.91844565e-02,-2.97077086e-02,-3.13929021e-02,-3.20608974e-02,-3.16229930e-02,-3.08541837e-02,-2.87530823e-02,-2.51465540e-02,-2.24104690e-02,-2.01433059e-02,-1.56077224e-02,-1.06273229e-02,-6.20874068e-03,-1.86172297e-03,1.88714704e-03,4.58423276e-03,6.59388606e-03,6.78510936e-03,8.67909137e-03,1.17420433e-02,1.37092733e-02,1.45257889e-02,1.30537374e-02,1.16937295e-02,1.03157297e-02,1.19801224e-02,1.45896614e-02,1.68797168e-02,1.96953494e-02,2.25539455e-02,2.35348968e-02,2.32145905e-02,2.38045441e-02,2.41172854e-02,2.54587795e-02,2.81085268e-02,2.90203424e-02,2.91737642e-02,2.99777030e-02,3.08393493e-02,2.93722778e-02,2.61979394e-02,2.22447735e-02,1.76780222e-02,1.07394003e-02,1.98637816e-03
-4.93465700e-03,1.50876297e-03,4.85315748e-03,7.95943901e-03,1.15330747e-02,1.41354973e-02,1.46252877e-02,1.57305079e-02,1.61537552e-02,1.44359309e-02,1.30026311e-02,1.14750644e-02,8.06645087e-03,2.91034496e-03,-7.57978755e-04,-3.51177804e-03,-5.01388420e-03,-5.87520744e-03,-4.84396234e-03,-2.92258712e-03,-1.02412026e-03,-2.52219218e-03,-5.30214961e-03,-6.13666143e-03,-6.87716040e-03,-5.83714092e-03,-5.46082783e-03,-4.39076235e-03,-3.58902765e-03,-5.41685478e-03,-7.13629505e-03,-6.96459296e-03,-5.65986137e-03,-3.94474295e-03,-3.02225891e-03,-4.29285813e-03,-7.03895418e-03,-1.02528426e-02,-1.18945562e-02,-1.22491467e-02,-1.50749683e-02,-1.81718753e-02,-1.82824828e-02,-1.64087920e-02,-1.45285345e-02,-1.15943445e-02,-8.91269693e-03,-5.63060942e-03,-2.17219934e-03,1.31650648e-03,4.89490407e-03,1.08987276e-02,1.82556590e-02,2.37515805e-02,2.50107040e-02,2.30984459e-02,1.83271732e-02,1.15644113e-02,4.61367476e-03,-1.85075446e-03,-5.97658190e-03,-9.06547674e-03,-9.86378818e-03,-9.59680947e-03
2.54425320e-03,2.50093768e-03,1.04604245e-03,9.53798963e-04,1.33652162e-03,3.44282792e-04,-4.62839130e-03,-9.00858066e-03,-1.28340285e-02,-1.48792334e-02,-1.56977989e-02,-1.39503493e-02,-1.13113366e-02,-1.00741785e-02,-9.14584707e-03,-1.09459734e-02,-1.30337491e-02,-1.26236354e-02,-1.09140201e-02,-1.02566517e-02,-1.22873207e-02,-1.55498762e-02,-1.97423269e-02,-2.34624841e-02,-2.31180793e-02,-2.27326514e-02,-2.31761153e-02,-2.33768483e-02,-2.34139645e-02,-2.51861020e-02,-2.63174557e-02,-2.86038707e-02,-3.06192728e-02,-3.29308585e-02,-3.36495251e-02,-2.95118960e-02,-2.35427734e-02,-1.58172316e-02,-9.52559972e-03,-5.17663637e-03,-2.43675338e-03,2.21072359e-03,5.06542561e-03,6.60661866e-03,7.42568505e-03,7.06702307e-03,7.13390289e-03,5.88920121e-03,4.19616139e-03,1.87425408e-03,4.31062434e-05,-1.11706917e-03,-1.79690466e-03,-9.26023542e-04,-5.96328626e-04,1.15213215e-04,8.93741883e-04,3.47761755e-03,5.31796682e-03,6.60970329e-03,6.42332175e-03,6.41795533e-03,3.96922591e-03,2.38896541e-03
4.29999602e-02,4.64027903e-02,4.92570050e-02,5.28365177e-02,5.59451111e-02,5.75410951e-02,5.67585953e-02,5.46405255e-02,5.39070634e-02,5.46380401e-02,5.57219616e-02,5.70530864e-02,5.85799025e-02,5.74729300e-02,5.63531069e-02,5.69494444e-02,5.60705905e-02,5.27435074e-02,4.93845729e-02,4.61586360e-02,4.30964043e-02,3.79350456e-02,3.50537656e-02,3.48747598e-02,3.45780889e-02,3.66636977e-02,3.85700332e-02,3.80780807e-02,3.54766223e-02,3.18675437e-02,2.84213213e-02,2.69799959e-02,2.71132595e-02,2.88713078e-02,2.98226023e-02,2.92158897e-02,2.91280720e-02,2.77178791e-02,2.48925093e-02,2.46276610e-02,2.57100502e-02,2.66515055e-02,2.54219797e-02,2.11738808e-02,1.37777908e-02,1.03310499e-02,7.82534283e-03,6.01419349e-03,4.74010059e-03,3.98989282e-03,3.22584542e-03,3.02286188e-03,3.70604351e-03,6.98636463e-03,1.12277282e-02,1.51820338e-02,1.85620197e-02,2.09957810e-02,2.29136558e-02,2.66136473e-02,3.01299001e-02,3.41244625e-02,3.63873125e-02,3.97430335e-02
-2.39050153e-02,-2.14553077e-02,-1.99109792e-02,-1.75795149e-02,-1.43201520e-02,-1.00234004e-02,-3.83581885e-03,2.20764221e-04,3.09347454e-03,5.89069307e-03,9.08185547e-03,1.11041386e-02,1.47447235e-02,1.79289545e-02,2.23102747e-02,2.75108585e-02,3.16829322e-02,3.40623180e-02,3.53369913e-02,3.55685566e-02,3.18505757e-02,2.87174186e-02,2.47533795e-02,2.06565839e-02,1.94196390e-02,1.79418276e-02,1.59924331e-02,1.24680464e-02,1.10386099e-02,1.21120844e-02,1.21587387e-02,1.14736640e-02,9.88519876e-03,5.49084158e-03,5.24817026e-04,-4.03668614e-03,-8.38470373e-03,-1.15872435e-02,-1.38514336e-02,-1.58596769e-02,-1.76940382e-02,-1.74772867e-02,-2.16618509e-02,-2.84246289e-02,-3.47676230e-02,-4.05629121e-02,-4.38314963e-02,-4.65022601e-02,-4.94060885e-02,-4.95784665e-02,-4.77025832e-02,-4.45475531e-02,-4.10257159e-02,-4.07603931e-02,-4.08883143e-02,-3.93885919e-02,-3.54772397e-02,-3.32938257e-02,-3.17158221e-02,-3.04604761e-02,-2.98101311e-02,-2.90187805e-02,-2.72544804e-02,-2.52879833e-02
-3.16073787e-02,-3.57495951e-02,-3.87788908e-02,-4.10350743e-02,-4.21409728e-02,-4.11732913e-02,-3.90142743e-02,-3.57916834e-02,-3.14977485e-02,-2.64370884e-02,-2.33885264e-02,-2.04550434e-02,-1.80337428e-02,-1.53094074e-02,-1.36270842e-02,-1.34344418e-02,-1.48723069e-02,-1.85314982e-02,-2.15328591e-02,-2.44424770e-02,-2.55700277e-02,-2.90039077e-02,-3.21212853e-02,-3.39807724e-02,-3.85691331e-02,-4.25440695e-02,-4.45528788e-02,-4.24214137e-02,-3.85786186e-02,-3.49838052e-02,-3.13904026e-02,-2.67763396e-02,-1.97253012e-02,-1.35832638e-02,-5.51625205e-03,2.92847931e-03,1.15753951e-02,1.70852216e-02,1.84722468e-02,1.79624980e-02,1.67179479e-02,1.67718284e-02,1.76384911e-02,1.90897750e-02,1.94228773e-02,2.05669490e-02,2.00699888e-02,1.79550417e-02,1.48051569e-02,9.82222433e-03,6.05462831e-03,1.18100096e-03,-5.66653136e-03,-9.67348190e-03,-1.14576230e-02,-1.38160247e-02,-1.53985131e-02,-1.47592401e-02,-1.44113746e-02,-1.69376800e-02,-1.88922509e-02,-1.91487790e-02,-2.18254026e-02,-2.65714155e-02
-2.66355941e-02,-2.53465048e-02,-2.35726259e-02,-2.31921129e-02,-2.42369399e-02,-2.56926261e-02,-2.63456628e-02,-2.51774887e-02,-2.40469398e-02,-2.13264100e-02,-1.91965318e-02,-2.07455131e-02,-2.61857736e-02,-3.14465742e-02,-3.65765318e-02,-3.90406399e-02,-4.21449571e-02,-4.80987104e-02,-5.37869298e-02,-5.97516312e-02,-6.37859725e-02,-6.54636252e-02,-6.77527621e-02,-7.11588241e-02,-7.28286519e-02,-7.20649777e-02,-7.02564724e-02,-6.76931430e-02,-6.63877671e-02,-6.64516586e-02,-6.93442710e-02,-7.25818628e-02,-7.56344510e-02,-7.85004497e-02,-8.40274765e-02,-8.86521560e-02,-9.33186583e-02,-9.68904591e-02,-9.61998831e-02,-9.50383530e-02,-9.28917853e-02,-9.08435424e-02,-8.81952810e-02,-8.46265889e-02,-8.15495213e-02,-7.61394168e-02,-7.28160659e-02,-7.16186932e-02,-7.23638487e-02,-7.15206367e-02,-7.12340064e-02,-6.78879837e-02,-6.49148931e-02,-6.42948777e-02,-6.29003027e-02,-5.89087151e-02,-5.38470459e-02,-5.02299960e-02,-4.87653309e-02,-4.74319407e-02,-4.25827493e-02,-3.82040052e-02,-3.41107811e-02,-2.95440011e-02
7.14241595e-03,8.83582644e-03,9.34724860e-03,8.70767889e-03,6.66824824e-03,6.67589878e-03,6.18412742e-03,4.34005971e-03,6.19641314e-03,8.80654045e-03,8.78624696e-03,9.02259354e-03,1.22157107e-02,1.78287119e-02,2.07235447e-02,2.18868227e-02,2.23519216e-02,2.30174651e-02,2.48630789e-02,2.66943878e-02,2.78303356e-02,3.05271423e-02,3.28785952e-02,3.33628556e-02,3.34494021e-02,3.25212835e-02,3.06156747e-02,2.76363556e-02,2.50219772e-02,2.48195050e-02,2.34427109e-02,1.95423863e-02,1.60227685e-02,1.20032771e-02,1.07689636e-02,9.91734873e-03,8.78743732e-03,8.55974877e-03,7.47611517e-03,7.88017467e-03,6.90138947e-03,5.15239510e-03,5.28018436e-03,8.08605059e-03,1.01523450e-02,1.12265302e-02,1.00171598e-02,7.08085940e-03,3.78542040e-03,-2.61113309e-04,-4.10220721e-03,-7.82402240e-03,-1.11057289e-02,-1.27868370e-02,-1.25891912e-02,-1.18849537e-02,-1.09046912e-02,-9.97624171e-03,-6.56517940e-03,-3.75196443e-03,4.49704910e-04,4.28957593e-03,6.90112227e-03,6.98937557e-03
-9.28735078e-03,-1.11645186e-02,-1.33511738e-02,-1.56223355e-02,-1.49708397e-02,-1.45359612e-02,-1.49973722e-02,-1.70846439e-02,-1.87213819e-02,-1.91948086e-02,-2.04281145e-02,-1.94532900e-02,-1.63278367e-02,-1.35828578e-02,-1.07144841e-02,-7.09824753e-03,-7.33802556e-03,-1.02141936e-02,-1.34892018e-02,-1.63634928e-02,-1.74914678e-02,-1.60421821e-02,-1.47424527e-02,-1.43152945e-02,-1.29614037e-02,-1.14947895e-02,-8.86054289e-03,-7.17884303e-03,-3.56610783e-03,2.40168653e-04,2.88132294e-03,5.33936265e-03,8.09256277e-03,1.07111901e-02,1.19598546e-02,1.32264251e-02,1.31068122e-02,1.07189273e-02,7.42151197e-03,3.26042396e-03,-8.78238723e-04,-1.29249180e-03,-2.70357793e-03,-3.88847998e-03,-6.49522589e-03,-9.60385702e-03,-1.34697734e-02,-1.68302306e-02,-1.91474686e-02,-1.93887917e-02,-1.74833270e-02,-1.55401919e-02,-1.37956590e-02,-1.22615418e-02,-1.08695373e-02,-1.10822936e-02,-1.05656212e-02,-9.89858718e-03,-8.79063210e-03,-8.67076935e-03,-9.04112334e-03,-9.61304452e-03,-1.14892121e-02,-1.07156047e-02
-1.01904724e-02,-1.05971947e-02,-9.82039510e-03,-7.38822714e-03,-7.73990696e-03,-8.42752080e-03,-6.03019215e-03,-2.76079600e-03,-5.86577749e-04,1.81682653e-03,4.11765139e-03,2.99632410e-03,2.18575950e-03,2.75809675e-03,5.54462887e-03,7.52930931e-03,6.63973696e-03,5.19646069e-03,4.57406486e-03,5.28042550e-03,5.66566654e-03,4.49228169e-03,2.94973762e-03,-4.68363410e-05,-1.34417214e-03,-6.86037997e-04,1.06674212e-04,1.42604377e-03,5.24692341e-03,9.11364954e-03,1.36062624e-02,1.75348209e-02,1.86241590e-02,1.70249494e-02,1.69940899e-02,1.51016714e-02,1.16797567e-02,8.47942693e-03,6.07883907e-03,3.29113232e-03,-1.25947427e-03,-3.84361577e-03,-7.56463236e-03,-9.75057373e-03,-1.22551172e-02,-1.58189678e-02,-1.77936079e-02,-1.79026787e-02,-1.69771890e-02,-1.52334047e-02,-1.27363893e-02,-1.13418944e-02,-1.07045420e-02,-7.29287614e-03,-3.56436501e-03,-1.23609322e-03,-9.63472518e-04,-6.97754457e-04,-8.09039619e-04,-2.79089196e-03,-3.68762330e-03,-4.36133211e-03,-5.80743305e-03,-7.82377265e-03
-1.81184420e-02,-1.80535083e-02,-1.86586907e-02,-1.86645052e-02,-1.84234574e-02,-1.61419452e-02,-1.38558845e-02,-1.37914897e-02,-1.52133649e-02,-1.70186562e-02,-1.71745499e-02,-1.88893270e-02,-2.18262499e-02,-2.37862471e-02,-2.63863585e-02,-3.07017958e-02,-3.33103621e-02,-3.43239345e-02,-3.40534944e-02,-3.23727103e-02,-2.75625290e-02,-2.33967449e-02,-1.84677842e-02,-1.36850019e-02,-9.04773026e-03,-4.16623386e-03,1.98105399e-04,3.69215035e-03,6.10483772e-03,7.50505091e-03,9.44851148e-03,1.41569791e-02,1.82464028e-02,1.92002490e-02,1.96735592e-02,2.22237273e-02,2.37674519e-02,2.37660329e-02,2.39234442e-02,2.36254527e-02,2.31544217e-02,2.23080335e-02,1.91833671e-02,1.62439406e-02,1.38212485e-02,1.08793046e-02,1.06952750e-02,1.25877604e-02,1.37179975e-02,1.27875804e-02,1.11468865e-02,9.04942587e-03,6.89743927e-03,5.07348244e-03,3.81375760e-03,9.82821078e-04,-2.45372658e-03,-5.13208512e-03,-8.19810111e-03,-9.73681505e-03,-1.14761908e-02,-1.33916775e-02,-1.49013143e-02,-1.65105122e-02
-3.29007220e-02,-3.53575705e-02,-3.82783390e-02,-4.14226933e-02,-4.05395521e-02,-4.05386613e-02,-3.81293776e-02,-3.43221355e-02,-3.03100051e-02,-2.92454099e-02,-2.84414515e-02,-2.73131069e-02,-2.28327067e-02,-1.75678170e-02,-1.54709063e-02,-1.71043565e-02,-1.82258525e-02,-1.92496386e-02,-1.86605568e-02,-1.69537494e-02,-1.60924484e-02,-1.59171492e-02,-1.59092743e-02,-1.68355844e-02,-1.99842792e-02,-2.41872726e-02,-2.83111156e-02,-2.98268424e-02,-3.29939333e-02,-3.64028670e-02,-3.95044466e-02,-4.13735125e-02,-4.22609327e-02,-4.19594588e-02,-3.96788565e-02,-3.66975968e-02,-3.50249942e-02,-3.27499233e-02,-3.33290152e-02,-3.47025911e-02,-3.49683693e-02,-3.23871155e-02,-2.97729394e-02,-2.64078689e-02,-2.37112870e-02,-2.26708254e-02,-2.18575333e-02,-2.02809163e-02,-1.95899654e-02,-2.04994808e-02,-2.34739576e-02,-2.52735481e-02,-2.69181581e-02,-2.84966676e-02,-2.78716226e-02,-2.94196595e-02,-2.97263267e-02,-3.05386153e-02,-3.26982259e-02,-3.48853667e-02,-3.66414414e-02,-3.58432972e-02,-3.40476508e-02,-3.25002797e-02
3.81004976e-02,3.67739976e-02,3.61172386e-02,3.34462461e-02,3.21636682e-02,3.27656132e-02,3.36959394e-02,3.54811335e-02,3.33878284e-02,3.06557198e-02,2.67538773e-02,2.39457321e-02,2.24805641e-02,2.11632290e-02,2.20226368e-02,2.56466660e-02,2.96571054e-02,3.19299988e-02,2.98726485e-02,2.64065187e-02,2.21005236e-02,1.77482255e-02,1.38600455e-02,1.11264993e-02,7.84740024e-03,5.53208671e-03,6.27787694e-03,7.68744806e-03,9.37448777e-03,7.85954348e-03,4.59403089e-03,1.90330782e-03,1.82836679e-03,2.69849533e-03,3.16154737e-03,5.51071075e-03,7.87938769e-03,1.05131850e-02,1.33610714e-02,1.44427162e-02,1.62394639e-02,1.73171761e-02,2.01003899e-02,2.29503184e-02,2.53572503e-02,2.53283731e-02,2.41720728e-02,2.26886617e-02,2.37026142e-02,2.48863459e-02,2.88708360e-02,3.11221486e-02,3.30543206e-02,3.35904041e-02,3.35803443e-02,3.42024258e-02,3.45560288e-02,3.35008213e-02,3.27739916e-02,3.33145555e-02,3.66850992e-02,3.63705276e-02,3.60915110e-02,3.82145163e-02
4.25056341e-02,4.13634669e-02,4.10851161e-02,4.03072891e-02,4.05846778e-02,3.94332988e-02,3.60899407e-02,3.27638716e-02,2.82002353e-02,2.32520346e-02,1.85362801e-02,1.47613843e-02,1.14677569e-02,7.82598665e-03,4.12137228e-03,6.86303460e-04,-1.94776018e-03,-3.28194486e-03,-6.49443998e-03,-1.08181204e-02,-1.50240547e-02,-1.69737357e-02,-1.81419639e-02,-1.70521201e-02,-1.81267411e-02,-1.84324301e-02,-1.94086828e-02,-1.69312259e-02,-1.40600969e-02,-1.13516407e-02,-8.78369126e-03,-3.64614802e-03,7.79442100e-04,5.50556661e-03,1.04050676e-02,1.49270795e-02,1.88527628e-02,2.11773324e-02,2.38751821e-02,2.59675295e-02,2.68338711e-02,2.64254041e-02,2.83920463e-02,2.88591948e-02,2.76307941e-02,2.56334692e-02,2.41080639e-02,2.16587102e-02,2.21062294e-02,2.51092241e-02,2.88606453e-02,3.31761447e-02,3.51971701e-02,3.53650169e-02,3.49813349e-02,3.57221166e-02,3.68893136e-02,3.48837784e-02,3.46345887e-02,3.69459863e-02,3.89843365e-02,4.08129338e-02,4.25485784e-02,4.32077768e-02
2.58728172e-02,2.38826427e-02,2.41627642e-02,2.34308482e-02,2.00434843e-02,1.69775677e-02,1.45769001e-02,1.13733286e-02,1.14435101e-02,1.34678089e-02,1.58471458e-02,1.86009161e-02,2.32721908e-02,2.79260845e-02,2.97954654e-02,3.08285062e-02,3.05475384e-02,3.11722450e-02,3.35967954e-02,3.62470687e-02,3.74783775e-02,3.78542193e-02,3.92486308e-02,3.97083276e-02,4.07736263e-02,4.02355738e-02,3.84325553e-02,3.80774996e-02,3.86824343e-02,3.95087564e-02,4.12337200e-02,4.20172168e-02,4.37100543e-02,4.44498756e-02,4.53971808e-02,4.41630784e-02,4.31800759e-02,4.27623432e-02,4.16305145e-02,4.07606305e-02,3.92095216e-02,3.86490224e-02,3.97820057e-02,4.21421351e-02,4.29382603e-02,4.12251769e-02,3.85346870e-02,3.78193532e-02,3.84548179e-02,3.80280017e-02,3.87981614e-02,3.95881175e-02,3.96489865e-02,3.91445705e-02,3.91703684e-02,3.96036043e-02,3.99164778e-02,4.03987484e-02,4.10880455e-02,4.15504496e-02,3.90300344e-02,3.44803379e-02,2.99135563e-02,2.89127739e-02
-2.15895689e-02,-2.51601098e-02,-2.84513620e-02,-3.10768564e-02,-3.21226324e-02,-3.36544501e-02,-3.68981512e-02,-3.99107101e-02,-4.33720310e-02,-4.28418953e-02,-4.16712109e-02,-3.99151407e-02,-3.83766096e-02,-3.83838757e-02,-3.60417769e-02,-3.21497738e-02,-2.73582939e-02,-2.35206822e-02,-2.05056279e-02,-1.71511000e-02,-1.60397782e-02,-1.75741536e-02,-1.80198507e-02,-1.76017177e-02,-1.71251401e-02,-1.67963159e-02,-1.81859690e-02,-2.00330935e-02,-2.37068680e-02,-2.95267003e-02,-3.39028636e-02,-3.58774019e-02,-3.56684243e-02,-3.27520603e-02,-3.06818439e-02,-2.92625165e-02,-2.74894485e-02,-2.58684496e-02,-2.21748767e-02,-1.67217686e-02,-1.15660641e-02,-7.95024401e-03,-4.58392668e-03,-3.72551240e-03,-4.88797541e-03,-6.12707798e-03,-6.74871525e-03,-6.02929167e-03,-5.75415124e-03,-5.32687527e-03,-3.05777720e-03,2.45087531e-03,6.19462934e-03,8.62764220e-03,1.11906515e-02,1.27957768e-02,1.22433189e-02,9.04368233e-03,6.27357229e-03,1.90860127e-03,-3.01600458e-03,-7.69634808e-03,-1.17832278e-02,-1.70721339e-02
2.22235591e-03,-5.86160811e-04,-3.61113339e-03,-6.49597063e-03,-8.53669942e-03,-1.17435481e-02,-1.56438374e-02,-1.86114961e-02,-2.14005546e-02,-2.42110510e-02,-2.61436471e-02,-2.60483136e-02,-2.30421832e-02,-2.01776607e-02,-1.53766595e-02,-1.08784950e-02,-7.43152636e-03,-4.74413950e-03,-3.19616875e-03,-3.62368419e-03,-5.45012533e-03,-5.64488129e-03,-3.31288129e-03,-2.56117547e-05,4.43351985e-03,6.75234886e-03,6.94124361e-03,9.05179249e-03,1.24091315e-02,1.77301644e-02,2.17997680e-02,2.47729235e-02,2.63445751e-02,2.79707006e-02,3.02954322e-02,3.27203864e-02,3.40349369e-02,3.58296331e-02,3.81751351e-02,4.03549551e-02,4.16714875e-02,4.28201240e-02,4.32089607e-02,4.43121793e-02,4.24740857e-02,4.07549227e-02,3.85036990e-02,3.41200779e-02,3.02125651e-02,2.68930405e-02,2.19754744e-02,1.66906579e-02,1.34908414e-02,9.55819221e-03,7.46502254e-03,6.07099842e-03,4.14167668e-03,1.83233583e-03,6.03295424e-04,3.57978588e-04,1.34978448e-03,1.17553760e-03,1.41931107e-03,2.43333733e-03
2.50260594e-02,2.28032198e-02,2.30973604e-02,2.79240748e-02,3.10753487e-02,3.21660360e-02,3.13258915e-02,3.09789229e-02,3.03349253e-02,2.93057707e-02,2.88321230e-02,2.67765227e-02,2.50539709e-02,2.35586975e-02,2.15888843e-02,1.99828564e-02,1.69554935e-02,1.59803153e-02,1.43404427e-02,1.26705578e-02,1.27524165e-02,1.17797019e-02,1.09716621e-02,1.14694438e-02,1.25116186e-02,1.06637451e-02,8.57311046e-03,5.53234604e-03,2.36780952e-03,2.27282689e-03,4.01407284e-03,4.12430331e-03,6.14747743e-03,8.29458614e-03,1.14269133e-02,1.39946234e-02,1.40797520e-02,1.31782693e-02,1.29401682e-02,1.23425301e-02,1.22165109e-02,9.73157839e-03,1.01452238e-02,1.08766623e-02,1.12083731e-02,1.21282287e-02,1.63735208e-02,1.88422870e-02,2.11819691e-02,2.43954325e-02,2.90841897e-02,3.40129463e-02,3.76629403e-02,3.88705202e-02,4.02003247e-02,3.97292216e-02,3.84264624e-02,3.89768781e-02,4.00509920e-02,3.87473833e-02,3.74077944e-02,3.44329973e-02,3.05285344e-02,2.67084423e-02
-3.11960945e-02,-2.84912883e-02,-2.72150514e-02,-2.84777773e-02,-2.89190488e-02,-2.93154066e-02,-2.85942678e-02,-2.60449660e-02,-2.38251267e-02,-2.38323078e-02,-2.46339057e-02,-2.55794729e-02,-2.44226150e-02,-2.05147447e-02,-1.68113573e-02,-1.47510716e-02,-1.44644113e-02,-1.12137980e-02,-9.01649305e-03,-6.79490980e-03,-2.99295150e-03,4.84362487e-04,2.42542244e-03,3.16982901e-03,5.37585465e-03,6.36851923e-03,8.11962271e-03,8.97750020e-03,9.95518432e-03,1.20114015e-02,1.57473217e-02,2.22144964e-02,2.56385065e-02,2.72923842e-02,2.73529504e-02,2.89588751e-02,3.20663315e-02,3.29023069e-02,3.17502041e-02,2.95690410e-02,2.59350697e-02,2.20445360e-02,1.86606789e-02,1.44463695e-02,9.27297110e-03,3.28848869e-03,-3.08424345e-03,-8.31313434e-03,-1.57259977e-02,-2.36957754e-02,-3.45118416e-02,-4.35906097e-02,-4.81294229e-02,-5.07659888e-02,-5.29695651e-02,-5.55314739e-02,-5.63328220e-02,-5.58163014e-02,-5.30105778e-02,-4.96834756e-02,-4.56039713e-02,-4.30360768e-02,-3.98411408e-02,-3.55669520e-02
9.33296562e-03,8.23989460e-03,7.45932599e-03,8.47935157e-03,9.83924830e-03,8.49343757e-03,6.19934918e-03,4.97437395e-03,4.09871105e-03,3.62084164e-03,3.21652699e-03,3.47245282e-03,2.05158905e-03,3.54063692e-04,1.16524638e-03,3.30041006e-03,5.00026419e-03,5.34067214e-03,6.73497198e-03,7.42759611e-03,5.59265155e-03,1.47035656e-03,-1.19049457e-03,-3.71832830e-03,-6.49294632e-03,-8.23716999e-03,-8.86832425e-03,-1.11163224e-02,-1.02915598e-02,-8.13779068e-03,-8.86716202e-03,-1.03997736e-02,-1.10921547e-02,-1.00661290e-02,-8.96920112e-03,-9.05938855e-03,-8.33797741e-03,-8.14614783e-03,-5.81489034e-03,-9.08988871e-04,2.38312352e-03,7.53146287e-03,1.16498934e-02,1.78777557e-02,2.42561081e-02,2.97176462e-02,3.42687183e-02,3.72003327e-02,4.05628662e-02,4.37467866e-02,4.41898255e-02,4.44455353e-02,4.38185162e-02,4.22103542e-02,3.95589690e-02,3.35613282e-02,2.68336473e-02,2.44010767e-02,2.18571667e-02,1.70699384e-02,1.28327822e-02,9.82661234e-03,9.36021872e-03,9.29479100e-03
-3.96940588e-03,-7.38785747e-03,-1.13338279e-02,-1.45596231e-02,-1.57914948e-02,-1.68880077e-02,-1.77510779e-02,-1.72445082e-02,-1.43360096e-02,-1.28436066e-02,-1.34558291e-02,-1.58221542e-02,-1.84637097e-02,-2.09193548e-02,-2.24689781e-02,-2.30857259e-02,-2.08364566e-02,-1.83733176e-02,-1.28627787e-02,-3.12617900e-03,5.12005173e-03,9.44441902e-03,1.17863308e-02,1.31471036e-02,1.15873245e-02,1.02473710e-02,1.02486909e-02,1.10584929e-02,1.03778586e-02,8.53025205e-03,6.01356983e-03,4.73948156e-03,7.21547853e-03,9.19163937e-03,8.88677593e-03,8.26439647e-03,1.10317344e-02,1.49593965e-02,2.11784358e-02,2.68735020e-02,3.10908777e-02,3.37610223e-02,3.45971223e-02,3.37616344e-02,3.28838967e-02,3.19311055e-02,3.18152730e-02,3.05986020e-02,2.70735827e-02,2.44299613e-02,2.13132726e-02,2.04425088e-02,2.06745077e-02,1.95614722e-02,1.81888839e-02,1.81937660e-02,1.81969950e-02,1.73120083e-02,1.75382823e-02,1.73749757e-02,1.45003105e-02,9.44247306e-03,4.15186021e-03,-4.10561004e-04
2.40411611e-02,2.04959290e-02,1.72416560e-02,1.42899419e-02,9.75609998e-03,8.32668151e-03,1.03650841e-02,1.17269645e-02,1.18261282e-02,1.08953063e-02,9.96970739e-03,8.65338613e-03,7.67177574e-03,6.33077211e-03,6.99116099e-03,1.14094082e-02,1.25120998e-02,1.08673063e-02,7.75845701e-03,4.08830639e-03,1.83007909e-03,1.50716559e-04,-1.56931433e-03,-3.07386913e-03,-5.12421260e-03,-7.56526305e-03,-9.99027006e-03,-1.19289309e-02,-1.25842863e-02,-1.30523121e-02,-1.18097156e-02,-8.54710945e-03,-3.31955527e-03,2.16493955e-03,5.45724461e-03,7.14199491e-03,1.02246882e-02,1.50899962e-02,2.04751827e-02,2.52409131e-02,3.00158329e-02,3.26221793e-02,3.24765781e-02,3.13902009e-02,3.06209736e-02,2.99676130e-02,2.87376897e-02,2.83895423e-02,2.72882046e-02,2.61488574e-02,2.63512981e-02,2.62792904e-02,2.53621731e-02,2.54753173e-02,2.46643876e-02,2.37980923e-02,2.44976083e-02,2.76382908e-02,3.15350776e-02,3.34658876e-02,3.07887868e-02,2.75455748e-02,2.54085136e-02,2.54509019e-02
5.58667291e-02,6.17812278e-02,6.64345860e-02,6.97318770e-02,7.13406173e-02,7.10319096e-02,7.29769348e-02,7.41380207e-02,7.36521990e-02,7.07688034e-02,6.84661347e-02,6.58421860e-02,6.00261944e-02,5.15307461e-02,4.47270569e-02,3.97898300e-02,3.67461722e-02,3.60245167e-02,3.76571875e-02,4.09398114e-02,4.60034777e-02,5.00475096e-02,5.28606657e-02,5.44566743e-02,5.89953115e-02,6.32152672e-02,6.54900122e-02,6.73880567e-02,6.83485116e-02,6.98592480e-02,7.05130015e-02,6.92669708e-02,6.73647578e-02,6.81129431e-02,6.99372849e-02,7.02942425e-02,6.84247825e-02,6.59889762e-02,6.26864066e-02,6.04616279e-02,5.93371294e-02,5.85209202e-02,5.71273494e-02,5.58234413e-02,5.33476580e-02,4.92909937e-02,4.70049076e-02,4.57507672e-02,4.71027036e-02,4.87092241e-02,4.86529787e-02,4.74626167e-02,4.76690809e-02,4.76871648e-02,4.54045684e-02,4.24644657e-02,4.05353769e-02,3.81983624e-02,3.69687492e-02,3.63849334e-02,3.80605339e-02,4.00740147e-02,4.39199260e-02,4.96296883e-02
-1.11722947e-02,-9.53187556e-03,-9.67852994e-03,-9.11264920e-03,-6.95073233e-03,-7.59419831e-03,-7.62100752e-03,-7.27608975e-03,-7.10473438e-03,-4.45761090e-03,-1.42450657e-03,1.79372409e-03,5.17984002e-03,4.07926135e-03,1.35848901e-03,-1.42175751e-03,-2.59005625e-03,-3.10824797e-03,-4.68217385e-03,-6.97674185e-03,-9.33018635e-03,-1.13034528e-02,-1.26420441e-02,-1.33895070e-02,-1.24398623e-02,-1.32519720e-02,-1.42816674e-02,-1.59165039e-02,-1.89334737e-02,-2.18439124e-02,-2.40070003e-02,-2.69596827e-02,-3.07698028e-02,-3.20525322e-02,-3.31723682e-02,-3.29876359e-02,-3.21374805e-02,-3.13115039e-02,-2.98102199e-02,-2.77534536e-02,-2.69054433e-02,-2.58523909e-02,-2.31905294e-02,-2.22217190e-02,-2.27907921e-02,-2.31032592e-02,-2.15434911e-02,-2.03630631e-02,-1.94789463e-02,-1.80103301e-02,-1.74597358e-02,-1.75889038e-02,-1.78177452e-02,-1.74023412e-02,-1.83072556e-02,-1.80608455e-02,-1.80855901e-02,-1.85664762e-02,-1.91921233e-02,-1.76133159e-02,-1.79271846e-02,-1.69616812e-02,-1.50152500e-02,-1.24835507e-02
-9.55615903e-03,-1.71667991e-03,6.52442179e-03,1.57810391e-02,2.34490610e-02,2.75574979e-02,3.07707039e-02,3.24204718e-02,3.09396678e-02,2.88478878e-02,2.77176625e-02,2.54489553e-02,2.17002037e-02,1.76771281e-02,1.40631546e-02,9.19446151e-03,5.21658265e-03,5.26225504e-03,6.09986662e-03,9.10373354e-03,1.28226215e-02,1.61183237e-02,1.96169074e-02,2.45205336e-02,2.81142175e-02,2.89356704e-02,2.78476898e-02,2.49900925e-02,2.25321798e-02,2.01219275e-02,1.79758978e-02,1.48612786e-02,1.45458627e-02,1.45030465e-02,1.44519860e-02,1.39125047e-02,1.22985293e-02,1.09502471e-02,7.99174985e-03,4.98029984e-03,3.60321807e-03,5.39733990e-04,-2.32319126e-03,-2.79430610e-03,-3.07973126e-03,-4.66666496e-03,-5.96385319e-03,-6.91988637e-03,-7.72256481e-03,-8.08077412e-03,-8.98636219e-03,-1.07041989e-02,-1.35303759e-02,-1.70881732e-02,-2.27203890e-02,-2.82948323e-02,-3.10479129e-02,-3.22371492e-02,-2.98823877e-02,-2.76746123e-02,-2.56713780e-02,-2.37989674e-02,-1.98407681e-02,-1.54015401e-02
1.22350855e-02,1.18981589e-02,1.00069174e-02,8.50836450e-03,8.14665375e-03,7.60284348e-03,6.67317207e-03,7.65241309e-03,8.68213501e-03,9.50333398e-03,9.72535338e-03,1.00867776e-02,1.07126721e-02,1.16212524e-02,1.26008172e-02,1.36943878e-02,1.34517916e-02,1.24715988e-02,1.21853044e-02,1.18839056e-02,1.15892931e-02,9.15806164e-03,7.39837664e-03,8.41521144e-03,1.08219921e-02,1.36503503e-02,1.66746500e-02,1.73826245e-02,1.73366735e-02,1.80725160e-02,1.63992234e-02,1.68835665e-02,1.71817381e-02,1.65825902e-02,1.71356688e-02,1.83962066e-02,1.97669765e-02,2.25408142e-02,2.62954251e-02,2.97476978e-02,3.31747450e-02,3.37708753e-02,3.37344360e-02,3.37104876e-02,3.21542936e-02,2.96018126e-02,2.63857896e-02,2.43567875e-02,2.12585331e-02,1.85839940e-02,1.74058330e-02,1.77565126e-02,1.62136561e-02,1.47485843e-02,1.38770554e-02,1.33136491e-02,1.31626694e-02,1.14407205e-02,1.04928033e-02,1.02860648e-02,9.67035220e-03,1.12854584e-02,1.25082992e-02,1.19611329e-02
-8.13099272e-04,4.44039607e-04,-3.13418004e-04,-3.38553502e-03,-6.94177407e-03,-9.22136398e-03,-1.20956990e-02,-1.68463028e-02,-2.07429623e-02,-2.39284722e-02,-2.58505252e-02,-2.76012154e-02,-2.87745332e-02,-2.76927515e-02,-2.51971776e-02,-2.13894766e-02,-1.49426003e-02,-1.02944052e-02,-7.67242592e-03,-7.71183565e-03,-7.04455653e-03,-5.83790659e-03,-5.48065770e-03,-3.33927630e-03,-1.11494369e-03,2.52212278e-03,6.07475407e-03,8.29977548e-03,8.56185590e-03,6.66393166e-03,3.24401892e-03,-1.23452747e-03,-5.81802453e-03,-9.54862591e-03,-1.29789955e-02,-1.54886381e-02,-1.66369259e-02,-1.74876236e-02,-1.89607372e-02,-1.97713923e-02,-2.09871557e-02,-2.33323274e-02,-2.65608480e-02,-3.03002428e-02,-3.21522336e-02,-3.08214442e-02,-2.99260205e-02,-2.83676108e-02,-2.48222540e-02,-2.25693244e-02,-2.27726957e-02,-2.36837738e-02,-2.38217763e-02,-2.16842455e-02,-1.60121462e-02,-1.09774926e-02,-5.77496036e-03,-3.56571560e-03,-1.73112979e-03,6.03594314e-05,-1.34047763e-03,-2.21697635e-03,-2.69954881e-03,-2.85307712e-03
5.34826729e-03,7.46794048e-03,9.63688434e-03,1.21326465e-02,1.56967569e-02,1.87373769e-02,2.15072389e-02,2.49055491e-02,2.80522193e-02,2.91528740e-02,3.04429783e-02,3.15920428e-02,3.11201890e-02,3.00070490e-02,2.97776985e-02,2.89785952e-02,2.66752768e-02,2.34654038e-02,2.11435608e-02,1.99855386e-02,1.61914358e-02,1.04788747e-02,6.09600415e-03,1.91518385e-03,-3.29920888e-03,-7.70983169e-03,-1.18070647e-02,-1.44566391e-02,-1.54225115e-02,-1.45354960e-02,-1.33877224e-02,-1.17158498e-02,-9.29123087e-03,-4.17288334e-03,3.22117360e-03,9.13204601e-03,1.34338402e-02,1.81919630e-02,2.25513846e-02,2.43118031e-02,2.65522369e-02,2.65156686e-02,2.39258552e-02,2.38870506e-02,2.26774044e-02,2.00794904e-02,1.77147219e-02,1.28819550e-02,1.01827579e-02,7.74346744e-03,6.45577726e-03,7.55604039e-03,7.84426732e-03,7.72681144e-03,7.60290478e-03,7.23057579e-03,5.15013749e-03,2.73609801e-03,-1.21190542e-03,-4.38816244e-03,-5.34531461e-03,-5.31388041e-03,-3.57265141e-03,7.52845447e-04
2.81140583e-02,2.54798877e-02,2.20842217e-02,1.99369498e-02,1.52130347e-02,9.02710904e-03,3.89012579e-03,1.31986297e-04,-4.64504060e-03,-7.83993508e-03,-1.06176750e-02,-1.52801535e-02,-2.00835872e-02,-2.66486704e-02,-3.25529039e-02,-3.53735065e-02,-3.62363661e-02,-3.58787227e-02,-3.86390402e-02,-4.22380921e-02,-4.30046275e-02,-4.18401404e-02,-4.20499771e-02,-4.38354878e-02,-4.41302086e-02,-4.51002405e-02,-4.53476130e-02,-4.63052960e-02,-4.39102786e-02,-3.98781783e-02,-3.94744422e-02,-3.91342608e-02,-4.02359529e-02,-4.19265708e-02,-4.20713694e-02,-4.13485769e-02,-3.90364219e-02,-3.55809273e-02,-3.07969036e-02,-2.40974507e-02,-1.74969165e-02,-1.14835198e-02,-6.97730744e-03,-1.71588757e-03,5.45156190e-03,1.34896890e-02,1.96505015e-02,2.33483636e-02,2.50493973e-02,2.50904731e-02,2.55288133e-02,2.71282820e-02,3.10552296e-02,3.56202148e-02,3.87343445e-02,4.02058376e-02,4.13387682e-02,3.95458255e-02,3.59589250e-02,3.54346275e-02,3.41211534e-02,3.13866138e-02,2.79508370e-02,2.72795768e-02
4.01256554e-02,4.18267697e-02,4.49739887e-02,4.77223050e-02,5.00027565e-02,5.24188793e-02,5.42080655e-02,5.52085436e-02,5.59060177e-02,5.39020505e-02,5.11867742e-02,4.87826823e-02,4.63181359e-02,4.30414039e-02,4.01620142e-02,3.77516498e-02,3.51004779e-02,2.97992820e-02,2.33324393e-02,1.66351074e-02,1.27226630e-02,9.79930158e-03,7.40035037e-03,2.69895958e-03,-1.22321705e-03,-5.21832717e-03,-8.99238208e-03,-1.07456629e-02,-1.16706512e-02,-1.29329987e-02,-1.21745784e-02,-1.33333494e-02,-1.27509566e-02,-9.42556788e-03,-6.02980439e-03,-2.81724809e-03,1.56413047e-03,4.19618045e-03,4.11203501e-03,1.99713885e-03,2.09951089e-03,3.25061799e-03,3.98165294e-03,4.04611223e-03,3.38376850e-03,2.74546298e-03,1.92462998e-03,1.55170631e-03,4.09115118e-03,6.35983880e-03,7.06777622e-03,6.71089092e-03,7.47034650e-03,5.90836764e-03,4.92785509e-03,6.73605160e-03,1.10064110e-02,1.63799160e-02,2.04343131e-02,2.45635385e-02,2.79018137e-02,3.15536930e-02,3.43196746e-02,3.82890365e-02
-1.00339837e-02,-1.17031333e-02,-1.16188130e-02,-9.75921817e-03,-9.73762637e-03,-9.92082810e-03,-9.97620341e-03,-8.96011845e-03,-7.28449060e-03,-6.13966245e-03,-3.98667933e-03,-3.30255819e-03,-2.36172874e-03,-9.15894622e-04,-3.35565177e-04,2.32423364e-04,1.36054568e-04,-2.74061960e-03,-4.08847775e-03,-4.11014369e-03,-4.28287305e-03,-4.98192401e-03,-5.95831569e-03,-8.20394392e-03,-1.21205975e-02,-1.48880520e-02,-1.62929138e-02,-1.53006367e-02,-1.28361887e-02,-1.01555940e-02,-8.29400280e-03,-7.90837453e-03,-8.05121119e-03,-7.87164877e-03,-7.36506944e-03,-6.20789967e-03,-8.58697767e-03,-1.20124361e-02,-1.54116837e-02,-1.88367794e-02,-2.04991202e-02,-1.85036339e-02,-1.69315232e-02,-1.65313784e-02,-1.81012394e-02,-2.01898080e-02,-2.30830715e-02,-2.72412691e-02,-2.85943214e-02,-3.15272181e-02,-3.20876952e-02,-3.03560064e-02,-3.16565371e-02,-3.28545527e-02,-3.14460293e-02,-2.84240167e-02,-2.55084560e-02,-2.19310182e-02,-1.85894284e-02,-1.52895191e-02,-1.33968009e-02,-1.17412927e-02,-1.05614439e-02,-1.00090753e-02
-1.83356825e-02,-1.69078594e-02,-1.46595295e-02,-1.18950732e-02,-9.23287932e-03,-7.22140143e-03,-4.68823650e-03,-4.76539005e-03,-5.30234531e-03,-5.75986088e-03,-4.75155187e-03,-4.18304417e-03,-4.24489654e-03,-2.73307839e-03,-2.26162099e-03,-2.21787489e-03,-1.35451478e-03,3.13061784e-04,2.14860712e-03,1.34424836e-03,-8.81797834e-04,-1.79245403e-03,-5.72804022e-04,1.76298139e-03,6.79437939e-03,1.20585907e-02,1.72777866e-02,2.06942926e-02,2.44605886e-02,2.83102383e-02,3.16562104e-02,3.31365076e-02,3.29230517e-02,3.04195439e-02,2.82261693e-02,2.62980680e-02,2.51517596e-02,2.48753408e-02,2.55084826e-02,2.32066834e-02,1.97614522e-02,1.77795969e-02,1.71117784e-02,1.64430361e-02,1.54032800e-02,1.37518493e-02,1.13474585e-02,7.42045787e-03,3.38426675e-03,1.47159158e-03,-1.13837436e-03,-3.77193023e-03,-9.08731360e-03,-1.39178628e-02,-1.76864401e-02,-1.96285971e-02,-2.35976228e-02,-2.63354135e-02,-2.51665456e-02,-2.34717819e-02,-2.37869745e-02,-2.57754908e-02,-2.51650473e-02,-2.23562001e-02
7.77002586e-03,1.26476418e-02,1.67999569e-02,1.96831312e-02,2.11400202e-02,2.16771751e-02,2.21561725e-02,2.34055742e-02,2.35703189e-02,2.60455076e-02,2.70412683e-02,2.79734713e-02,2.88776790e-02,3.03955517e-02,3.33553560e-02,3.38375584e-02,3.26615734e-02,3.12245742e-02,3.24411846e-02,3.37386058e-02,3.32354172e-02,3.27679134e-02,3.34171750e-02,3.19782265e-02,2.80321224e-02,2.39424725e-02,2.26927420e-02,2.36510186e-02,2.33925550e-02,2.20761489e-02,2.38570552e-02,2.80313676e-02,3.25197070e-02,3.45851160e-02,3.45498574e-02,3.40882983e-02,3.25676027e-02,3.16123848e-02,3.21002556e-02,3.10964361e-02,2.78616972e-02,2.37647951e-02,1.96219064e-02,1.41404558e-02,1.06914831e-02,7.44658190e-03,4.29434262e-03,4.26434863e-04,-1.10319540e-03,-3.44505384e-03,-5.67066856e-03,-5.99868857e-03,-6.34444697e-03,-5.55011868e-03,-4.00795778e-03,-3.05404366e-03,-3.80199873e-03,-7.51584059e-03,-1.06574089e-02,-8.98605799e-03,-7.86943265e-03,-7.92819049e-03,-4.84176613e-03,1.28762325e-03
-2.41818579e-02,-2.79998408e-02,-3.07946781e-02,-3.16952048e-02,-3.07428431e-02,-3.09213870e-02,-3.08723451e-02,-3.06318652e-02,-3.07265544e-02,-2.97663310e-02,-2.74212658e-02,-2.59114427e-02,-2.25483349e-02,-1.80636045e-02,-1.52167537e-02,-1.29876178e-02,-1.60858517e-02,-1.85543797e-02,-2.12815419e-02,-2.13626447e-02,-2.07548693e-02,-2.05079948e-02,-1.94632648e-02,-1.64349196e-02,-1.21260607e-02,-8.69142533e-03,-7.02113846e-03,-7.35485676e-03,-8.85655002e-03,-1.04081817e-02,-1.23448864e-02,-1.42299905e-02,-1.59272299e-02,-1.94936465e-02,-2.24326389e-02,-2.36000621e-02,-2.23697537e-02,-2.06640858e-02,-2.01002242e-02,-1.78213316e-02,-1.53636781e-02,-1.31883907e-02,-1.14113801e-02,-9.22826565e-03,-9.44834680e-03,-1.01438317e-02,-9.82103122e-03,-1.09277002e-02,-1.13157587e-02,-1.18904877e-02,-1.23135130e-02,-1.21793602e-02,-1.08217370e-02,-9.44954143e-03,-9.77502840e-03,-8.79123892e-03,-6.93304106e-03,-6.49750144e-03,-8.46965149e-03,-9.24279997e-03,-1.07208703e-02,-1.26763511e-02,-1.54695830e-02,-1.93678404e-02
-1.57566516e-02,-2.15658509e-02,-2.38735833e-02,-2.51634839e-02,-2.56701727e-02,-2.70042601e-02,-2.43533600e-02,-2.02388447e-02,-1.69714029e-02,-1.46564115e-02,-1.39519120e-02,-1.40350960e-02,-1.35917317e-02,-1.51189138e-02,-1.66494075e-02,-1.87095537e-02,-2.15028307e-02,-2.49462105e-02,-2.86192406e-02,-3.05326612e-02,-3.09576063e-02,-3.09542825e-02,-2.87953639e-02,-2.58551801e-02,-2.31193287e-02,-2.03790124e-02,-1.74127021e-02,-1.50267033e-02,-1.36479235e-02,-1.19453126e-02,-5.84642912e-03,-3.43314724e-04,4.87332624e-03,9.30749646e-03,1.37683034e-02,1.91602376e-02,2.80385144e-02,3.67107264e-02,4.41095219e-02,4.92566522e-02,5.27696914e-02,5.51579252e-02,5.78783418e-02,5.96607232e-02,6.01803784e-02,5.99946705e-02,5.94460405e-02,6.04608470e-02,6.24419249e-02,6.29181605e-02,6.15419833e-02,5.98773508e-02,5.58405271e-02,4.91571433e-02,4.42699357e-02,3.89122008e-02,3.11550539e-02,2.23587677e-02,1.35645526e-02,5.55879523e-03,1.88318806e-03,-1.77056303e-03,-6.34451384e-03,-1.01854018e-02
-1.96083188e-03,5.82457310e-04,2.19111813e-03,3.53160076e-03,4.80137979e-03,4.36399435e-03,3.13669131e-03,2.23426194e-03,1.90833865e-03,1.25365578e-03,2.42518504e-03,5.87578522e-03,7.41252378e-03,6.11434593e-03,2.28711187e-03,-1.89818684e-03,-5.97071348e-03,-9.65168391e-03,-1.31947453e-02,-1.52411508e-02,-1.67003194e-02,-1.59163395e-02,-1.37976995e-02,-1.28123212e-02,-1.24358608e-02,-1.30332785e-02,-1.51131026e-02,-1.70079977e-02,-1.65363891e-02,-1.61896703e-02,-1.60103823e-02,-1.57534299e-02,-1.54672719e-02,-1.56067257e-02,-1.77626665e-02,-2.00787933e-02,-2.01592847e-02,-2.22212061e-02,-2.38335285e-02,-2.46900691e-02,-2.70632742e-02,-3.04693943e-02,-3.25173324e-02,-3.65593488e-02,-3.83229534e-02,-3.85130516e-02,-3.82393404e-02,-3.55898864e-02,-3.38907490e-02,-3.19305456e-02,-3.09768864e-02,-2.95249072e-02,-2.83491859e-02,-2.83922937e-02,-2.90171723e-02,-2.97974766e-02,-2.81599006e-02,-2.65507334e-02,-2.43536977e-02,-2.09931872e-02,-1.62194583e-02,-9.93439676e-03,-7.03017733e-03,-4.44970347e-03
1.81303270e-02,2.11165566e-02,2.43121505e-02,2.76761658e-02,3.07559509e-02,3.24873873e-02,3.34096388e-02,3.61571672e-02,3.80545605e-02,3.80720191e-02,3.83930068e-02,3.81919799e-02,3.77156821e-02,3.77794436e-02,3.75029225e-02,3.57968541e-02,3.64102215e-02,3.84345292e-02,3.80801356e-02,3.48530158e-02,3.18855104e-02,2.98037140e-02,2.60615754e-02,2.24412321e-02,1.98441116e-02,1.51078913e-02,1.10967147e-02,9.08319492e-03,8.39949170e-03,8.25078977e-03,7.61973704e-03,6.53208984e-03,4.65342974e-03,3.98886023e-03,3.29564546e-03,2.46723843e-03,1.40018262e-03,-1.24015719e-04,-1.13284132e-03,-2.10868116e-03,-2.44352649e-03,-2.54863761e-04,2.43912443e-03,3.31321120e-03,2.78298868e-03,3.17024689e-03,2.10985968e-03,1.89323125e-03,2.01533260e-03,1.38970194e-03,2.65859316e-03,3.84061254e-03,4.59676141e-03,4.79847464e-03,5.04691238e-03,4.76178951e-03,4.94273251e-03,8.63363678e-03,1.08063662e-02,1.21712468e-02,1.42880773e-02,1.75013076e-02,1.77920518e-02,1.69346726e-02
-3.78134590e-02,-3.44274798e-02,-3.13637258e-02,-2.97020310e-02,-3.07425644e-02,-3.04184754e-02,-2.98643233e-02,-2.62472167e-02,-1.96963805e-02,-1.38595084e-02,-8.28797185e-03,-5.82766934e-03,-3.30323482e-03,-2.26269642e-03,-2.23219881e-03,-3.95625734e-04,1.04767625e-03,5.08081359e-03,9.71648911e-03,1.29552010e-02,1.52121851e-02,1.56576935e-02,1.76719503e-02,1.85744308e-02,1.83915070e-02,1.78255191e-02,1.65695935e-02,1.63967593e-02,1.66609012e-02,1.98180823e-02,2.18298457e-02,2.29132629e-02,2.18161320e-02,2.00820540e-02,1.84720383e-02,1.70896763e-02,1.73094416e-02,1.87734357e-02,1.86279829e-02,1.41831102e-02,8.02159603e-03,2.18769618e-03,-4.99347538e-03,-1.47276853e-02,-2.24729616e-02,-2.91105001e-02,-3.43922081e-02,-3.92786470e-02,-4.29797459e-02,-4.48143412e-02,-4.65789659e-02,-4.79760670e-02,-4.87371892e-02,-4.75979911e-02,-4.74061411e-02,-4.76588030e-02,-4.85482014e-02,-4.84122099e-02,-4.71450273e-02,-4.52272118e-02,-4.26498292e-02,-4.22907459e-02,-4.25107385e-02,-4.20286214e-02
-2.87642457e-02,-2.87927029e-02,-2.82739314e-02,-2.74662511e-02,-2.67689441e-02,-2.46051176e-02,-2.32719931e-02,-2.37724207e-02,-2.30385104e-02,-2.27294385e-02,-2.43691434e-02,-2.38947167e-02,-2.25053689e-02,-1.98851348e-02,-1.83113056e-02,-1.68598012e-02,-1.28771548e-02,-1.04029129e-02,-8.49481048e-03,-6.00357885e-03,-6.65651060e-03,-1.03628417e-02,-1.45709766e-02,-1.79087265e-02,-2.01272837e-02,-2.26252979e-02,-2.46763329e-02,-2.61749905e-02,-2.67596331e-02,-2.69885662e-02,-2.95618215e-02,-2.96489064e-02,-2.94014039e-02,-2.99064429e-02,-3.17889081e-02,-3.51350565e-02,-3.89266246e-02,-4.27763465e-02,-4.58944752e-02,-4.87839529e-02,-4.97974936e-02,-5.08733631e-02,-5.12644947e-02,-5.01384906e-02,-4.83789407e-02,-4.51388210e-02,-4.35788692e-02,-4.32839055e-02,-4.26052572e-02,-4.37181123e-02,-4.54816129e-02,-4.83907385e-02,-5.01981928e-02,-5.29120099e-02,-5.31226996e-02,-5.15836102e-02,-4.88365015e-02,-4.64955082e-02,-4.45505061e-02,-4.20230300e-02,-3.97498498e-02,-3.70201886e-02,-3.31032040e-02,-3.00235494e-02
3.92670552e-03,1.02696519e-02,1.57331481e-02,1.91991509e-02,2.06052791e-02,2.27223463e-02,2.48297457e-02,2.53935102e-02,2.45506618e-02,2.38737283e-02,2.17516773e-02,1.96307273e-02,1.96919915e-02,2.11217414e-02,2.23205641e-02,2.40791314e-02,2.31231059e-02,2.05731480e-02,1.71879900e-02,1.53710404e-02,1.40644229e-02,1.30560687e-02,1.10674944e-02,1.00964582e-02,8.48497170e-03,6.28348660e-03,6.51575912e-04,-2.58475123e-03,-4.93275243e-03,-9.38641515e-03,-1.27621968e-02,-1.67318595e-02,-1.89485129e-02,-2.27666540e-02,-2.68577497e-02,-3.14647280e-02,-3.37122322e-02,-3.56162798e-02,-3.97277698e-02,-4.18870769e-02,-4.27553661e-02,-4.30486245e-02,-4.49995703e-02,-4.61447669e-02,-4.82966857e-02,-4.79339726e-02,-4.65826179e-02,-4.68247226e-02,-4.78574385e-02,-4.98248221e-02,-5.25552025e-02,-5.43524070e-02,-5.32605647e-02,-4.79371405e-02,-4.28237649e-02,-3.65568365e-02,-2.95817760e-02,-2.47983834e-02,-2.24984433e-02,-1.86843407e-02,-1.38283942e-02,-9.66587812e-03,-5.34852568e-03,-7.35755389e-04
1.12910626e-02,1.23661643e-02,1.33721519e-02,1.45515180e-02,1.65037690e-02,1.63498812e-02,1.58522102e-02,1.25323740e-02,1.23675095e-02,1.37395654e-02,1.29356379e-02,1.47404326e-02,1.73563565e-02,1.84644230e-02,1.97229557e-02,2.11463534e-02,2.37936687e-02,2.40842516e-02,2.32685199e-02,2.19055417e-02,1.87985796e-02,1.69372995e-02,1.44303754e-02,1.30446285e-02,1.33471891e-02,1.33965228e-02,1.29429635e-02,1.24349720e-02,1.26537529e-02,1.34690676e-02,1.36968461e-02,1.23870964e-02,1.12704076e-02,1.02913655e-02,1.10912572e-02,1.16503555e-02,1.15291565e-02,1.09228906e-02,9.74942779e-03,9.19662611e-03,9.23801606e-03,8.92085371e-03,1.10721743e-02,1.31907579e-02,1.19124050e-02,1.03605406e-02,1.26931629e-02,1.45374554e-02,1.56075309e-02,1.52536206e-02,1.46686937e-02,1.35962522e-02,1.42685425e-02,1.77358073e-02,2.16993155e-02,2.46894233e-02,2.72531693e-02,2.80858721e-02,2.65148267e-02,2.34069078e-02,2.07339930e-02,1.72871898e-02,1.41133736e-02,1.19999143e-02
-9.97729360e-03,-9.53984526e-03,-9.70813840e-03,-1.07602891e-02,-1.47664901e-02,-2.03057118e-02,-2.60084489e-02,-3.04695022e-02,-3.31847114e-02,-3.48832181e-02,-3.72037753e-02,-3.85350303e-02,-3.93789546e-02,-4.09037911e-02,-4.13925584e-02,-4.23956047e-02,-4.15586874e-02,-4.26152657e-02,-4.51987330e-02,-4.54912317e-02,-4.62992319e-02,-4.68184650e-02,-4.87345529e-02,-5.28046639e-02,-5.66244633e-02,-6.02037795e-02,-6.02794457e-02,-5.82578420e-02,-5.59211479e-02,-5.37717239e-02,-5.17733677e-02,-4.80546576e-02,-4.30584670e-02,-3.72328024e-02,-3.20961151e-02,-2.54014194e-02,-2.03672268e-02,-1.53251426e-02,-1.13738768e-02,-8.60714017e-03,-5.13252105e-03,-1.57276586e-03,-3.59990628e-04,1.47409828e-03,2.09828632e-03,2.07407680e-03,6.08922012e-04,-3.73096153e-03,-7.61851509e-03,-9.51501247e-03,-9.36037054e-03,-9.05811683e-03,-8.52363584e-03,-7.01434064e-03,-5.02374027e-03,-4.80763897e-03,-2.90948904e-03,-1.23517901e-04,-7.94015570e-04,-1.97437441e-03,-5.02037241e-03,-7.67429244e-03,-9.43210730e-03,-9.38771337e-03
1.56384810e-02,1.43333924e-02,1.36510014e-02,1.45022147e-02,1.67850842e-02,1.99481538e-02,2.13838125e-02,2.11385999e-02,1.88488786e-02,1.69027729e-02,1.38339979e-02,1.27325935e-02,1.36508811e-02,1.45831103e-02,1.78665822e-02,1.91040708e-02,2.03180234e-02,2.19924196e-02,2.53225842e-02,2.97602061e-02,3.21970979e-02,3.22929383e-02,3.23194073e-02,3.26439875e-02,3.14828566e-02,3.18950477e-02,3.05109524e-02,2.78584782e-02,2.86455881e-02,3.10832545e-02,3.29646672e-02,3.30665355e-02,3.10321070e-02,2.87960166e-02,2.63750142e-02,2.57626936e-02,2.55132067e-02,2.40418580e-02,2.25056668e-02,2.01897277e-02,1.67860788e-02,1.32868449e-02,1.00836168e-02,5.03879778e-03,-2.28424061e-03,-9.96800728e-03,-1.66008451e-02,-2.19178975e-02,-2.25722778e-02,-2.20878353e-02,-2.25984206e-02,-2.26341418e-02,-2.28777238e-02,-2.09949907e-02,-2.17949270e-02,-2.10018577e-02,-1.85230115e-02,-1.38139253e-02,-7.42012381e-03,-9.35305677e-04,5.08313219e-03,1.18550789e-02,1.46383343e-02,1.57461716e-02
2.27535984e-02,2.24614519e-02,2.31740369e-02,2.31949999e-02,2.16624354e-02,2.11172954e-02,2.14091940e-02,2.00990482e-02,1.83981294e-02,1.61513136e-02,1.27105916e-02,9.39734357e-03,5.66435558e-03,1.45445390e-03,-3.65965738e-03,-8.79098762e-03,-1.26595767e-02,-1.33140148e-02,-1.01543703e-02,-7.12758443e-03,-5.17259022e-03,-2.45667324e-03,2.05447149e-04,2.30156448e-03,3.10652516e-03,3.45528150e-03,4.68859680e-03,6.85207417e-03,1.00089861e-02,1.24744577e-02,1.25292865e-02,1.35146100e-02,1.33002073e-02,1.18824990e-02,1.20586567e-02,1.04420551e-02,9.92962155e-03,8.80378251e-03,8.87903298e-03,9.81032690e-03,1.14967108e-02,1.53740325e-02,1.79439604e-02,1.80925822e-02,1.69803056e-02,1.40862526e-02,1.31807693e-02,1.49885252e-02,1.83576569e-02,1.97712156e-02,2.16083350e-02,2.53917919e-02,2.81158785e-02,2.96794633e-02,3.14584720e-02,3.45700357e-02,3.49136494e-02,3.48253547e-02,3.40583749e-02,3.12741315e-02,2.93001656e-02,2.80811127e-02,2.62631538e-02,2.45891771e-02
-2.85333276e-03,-2.58721508e-03,-2.78830930e-03,-1.27547592e-03,-1.02216692e-03,-1.13603196e-03,-2.89107811e-03,-7.37138624e-03,-1.03136369e-02,-1.10956197e-02,-1.02178991e-02,-7.57635846e-03,-7.02466564e-03,-4.77125805e-03,-3.43772256e-03,-2.98589923e-03,-1.18963397e-03,-5.74948466e-04,-1.65650535e-03,6.10030188e-04,2.81065246e-03,5.27180295e-03,9.05941382e-03,1.16925129e-02,1.36085251e-02,1.27198831e-02,9.46621039e-03,4.91482025e-03,-9.64826474e-04,-7.97265588e-03,-1.31873497e-02,-1.75333687e-02,-2.14395735e-02,-2.63554422e-02,-2.98984330e-02,-3.33074787e-02,-3.81060403e-02,-3.89846667e-02,-3.89284790e-02,-3.98295762e-02,-4.21811839e-02,-4.07040014e-02,-3.91204467e-02,-3.89975442e-02,-3.90526260e-02,-4.22313468e-02,-4.48001341e-02,-4.69942733e-02,-4.79940184e-02,-4.92802251e-02,-5.16518327e-02,-5.38685944e-02,-5.48083897e-02,-5.14133208e-02,-4.86954518e-02,-4.49635121e-02,-4.13048518e-02,-3.71557801e-02,-3.20049468e-02,-2.64383162e-02,-1.92390038e-02,-1.21847285e-02,-7.49064503e-03,-4.44859976e-03
-4.95062520e-03,-4.31184433e-03,4.62755366e-04,3.30506135e-03,6.23376949e-03,8.16716033e-03,8.63514408e-03,9.37318043e-03,8.54659859e-03,5.39648487e-03,1.90671653e-03,-2.74698587e-03,-5.88536371e-03,-6.56416910e-03,-5.16468340e-03,-4.58570292e-03,-4.13256752e-03,-1.95301191e-03,-2.29118824e-03,-2.61284193e-03,-1.65588081e-03,7.17005473e-04,4.74254583e-03,7.69551136e-03,1.01287742e-02,1.13719979e-02,1.48359053e-02,1.61365009e-02,1.99634266e-02,2.36870985e-02,2.44110825e-02,2.54469057e-02,2.63716209e-02,2.74052995e-02,2.61314259e-02,2.28668320e-02,1.91425118e-02,1.82448896e-02,1.68200007e-02,1.48532273e-02,1.27407696e-02,1.19691071e-02,1.24951547e-02,1.37775954e-02,1.22128352e-02,1.04195331e-02,7.82339358e-03,4.00037341e-03,3.00270140e-03,3.67241768e-03,4.71042327e-03,6.53620316e-03,7.41649033e-03,6.58797915e-03,4.46707026e-03,3.09800847e-03,8.03001251e-04,-4.68227512e-04,-3.26201067e-03,-5.58167816e-03,-4.56055624e-03,-3.07634293e-03,-9.57604409e-04,-2.42356215e-03
-5.08278726e-02,-5.39632710e-02,-5.45291606e-02,-5.56871753e-02,-5.53796590e-02,-5.67257679e-02,-5.77633742e-02,-5.91257968e-02,-5.96733854e-02,-5.88031957e-02,-5.65298804e-02,-5.31788875e-02,-4.89289307e-02,-4.51104874e-02,-4.09077007e-02,-4.01098979e-02,-4.20035118e-02,-4.31608021e-02,-4.35910918e-02,-4.30193634e-02,-4.22848348e-02,-3.97165616e-02,-3.77036896e-02,-3.57521561e-02,-3.52540928e-02,-3.38221619e-02,-3.17762571e-02,-2.77077350e-02,-2.44697447e-02,-2.14563303e-02,-1.59016174e-02,-1.12037219e-02,-6.09366935e-03,4.71145963e-04,3.10952543e-03,4.23184156e-03,2.40523152e-03,1.41920399e-03,-1.58494985e-03,-6.00068977e-03,-9.07339866e-03,-1.22416235e-02,-1.52773479e-02,-1.90152738e-02,-2.35055008e-02,-2.82662252e-02,-3.13923731e-02,-3.34800719e-02,-3.39721604e-02,-3.13769173e-02,-2.83872306e-02,-2.59618862e-02,-2.56536626e-02,-2.44428458e-02,-2.34860868e-02,-2.59705244e-02,-2.79030363e-02,-3.11982819e-02,-3.52247790e-02,-3.79587061e-02,-3.95831415e-02,-4.12840785e-02,-4.41166652e-02,-4.73101023e-02
2.13346653e-02,2.17016245e-02,2.37391326e-02,2.83861690e-02,3.47281673e-02,4.28608346e-02,4.86432854e-02,5.11140721e-02,5.28194285e-02,5.30140007e-02,5.61645984e-02,5.86746113e-02,5.72073376e-02,5.63396823e-02,5.31312486e-02,5.09812143e-02,4.75134308e-02,4.52664505e-02,4.53590992e-02,4.60602251e-02,4.62426591e-02,4.68830607e-02,4.69852900e-02,4.54925701e-02,4.56758081e-02,4.46699280e-02,4.16203605e-02,3.57743592e-02,2.97532644e-02,2.56625194e-02,2.13578105e-02,1.80125247e-02,1.61620059e-02,1.33574251e-02,8.77713060e-03,2.71410277e-03,-3.66077040e-03,-7.80679672e-03,-1.53298281e-02,-2.34990460e-02,-2.93799120e-02,-3.39299992e-02,-3.77153735e-02,-3.76584893e-02,-3.76871987e-02,-3.55993076e-02,-3.26989057e-02,-2.93143098e-02,-2.77463382e-02,-2.68837997e-02,-2.63412307e-02,-2.87201001e-02,-2.78937768e-02,-2.54582169e-02,-2.36648732e-02,-2.07255717e-02,-1.84669856e-02,-1.25637778e-02,-5.76941896e-03,9.60158902e-04,7.71928922e-03,1.13015797e-02,1.53434311e-02,1.88492331e-02
-4.75694899e-02,-4.42129070e-02,-4.20552399e-02,-3.88513507e-02,-3.61969561e-02,-3.45292734e-02,-3.09027148e-02,-2.63167611e-02,-2.01935993e-02,-1.44595899e-02,-8.87433048e-03,-3.55468386e-03,-3.70409579e-04,1.59113368e-03,4.13152897e-03,4.81268683e-03,5.82121260e-03,7.34278301e-03,8.09904424e-03,8.49259167e-03,1.13153435e-02,1.40311895e-02,1.64590547e-02,1.76042673e-02,1.52455111e-02,1.10338347e-02,4.04701905e-03,-2.59765636e-03,-1.03997231e-02,-1.86768768e-02,-2.44324303e-02,-2.91775611e-02,-3.43064096e-02,-4.04660624e-02,-4.48221368e-02,-4.82700057e-02,-5.04670158e-02,-5.10715592e-02,-5.31072981e-02,-5.51172333e-02,-5.82180889e-02,-6.03261084e-02,-6.33931668e-02,-6.73611661e-02,-7.07495574e-02,-7.23140112e-02,-7.29725749e-02,-7.44997886e-02,-7.62818138e-02,-7.65002748e-02,-7.61330751e-02,-7.25298747e-02,-6.72238684e-02,-6.08488528e-02,-5.49681604e-02,-5.30387257e-02,-5.13324728e-02,-4.95834066e-02,-5.02803000e-02,-5.24620098e-02,-5.35899797e-02,-5.36410507e-02,-5.30725930e-02,-5.13335459e-02
2.81166423e-02,2.69764619e-02,2.69458361e-02,2.60022899e-02,2.37558590e-02,2.12160741e-02,1.81013325e-02,1.92044247e-02,2.12076940e-02,2.41859885e-02,2.45858448e-02,2.58846669e-02,2.40381014e-02,2.06879472e-02,1.95851584e-02,1.88160330e-02,1.78496265e-02,1.64043010e-02,1.36625475e-02,1.13541460e-02,9.67486264e-03,1.04288978e-02,1.14133415e-02,1.54034165e-02,1.84506946e-02,2.15233852e-02,2.26747958e-02,2.46235385e-02,2.77540317e-02,3.06980125e-02,3.36230619e-02,3.51095841e-02,3.67212660e-02,3.85892905e-02,3.97694257e-02,3.68381309e-02,3.10171066e-02,2.51127996e-02,1.99000284e-02,1.38410272e-02,8.41779289e-03,6.34708180e-03,7.27645034e-03,7.71820551e-03,7.29093128e-03,7.06089366e-03,6.45689414e-03,7.83622861e-03,9.65174798e-03,1.11392849e-02,1.22073044e-02,1.04677233e-02,8.38874686e-03,8.29167497e-03,8.73654506e-03,9.39004749e-03,1.34510721e-02,1.70269599e-02,1.93078746e-02,1.96086934e-02,2.10199539e-02,2.36681598e-02,2.47554947e-02,2.63750982e-02
-2.01796116e-02,-1.95969633e-02,-1.93687012e-02,-1.77415680e-02,-1.56988177e-02,-1.37336068e-02,-1.12733517e-02,-1.13237506e-02,-1.09529298e-02,-8.59512830e-03,-7.62105362e-03,-8.28647457e-03,-9.59642725e-03,-9.39551235e-03,-9.55810650e-03,-9.70873524e-03,-9.54587366e-03,-9.15898194e-03,-6.76121614e-03,-4.02496857e-03,-3.58762035e-03,-3.98553548e-03,-3.58602503e-03,-3.48607597e-03,-3.16183679e-03,-4.44447825e-03,-7.48511948e-03,-1.13804557e-02,-1.50258758e-02,-1.80410785e-02,-1.75048799e-02,-1.40622995e-02,-1.06882590e-02,-8.14455165e-03,-6.92563625e-03,-7.54116357e-03,-8.05815689e-03,-9.23895549e-03,-9.15073655e-03,-9.15363053e-03,-7.77753331e-03,-4.90581721e-03,-2.10179009e-03,-3.17054848e-04,1.59167059e-03,3.93352696e-03,5.28208220e-03,5.10514988e-03,3.00030676e-03,3.82969154e-03,3.33965656e-03,1.68036125e-03,-6.96632603e-04,-4.99122768e-03,-1.18019490e-02,-1.95587840e-02,-2.46465334e-02,-2.70620897e-02,-2.74651540e-02,-2.52225354e-02,-2.15531118e-02,-1.96169140e-02,-1.88885908e-02,-1.92853983e-02
-3.75169476e-02,-3.64016402e-02,-3.43487746e-02,-3.32977850e-02,-3.19941660e-02,-2.93515657e-02,-2.83162877e-02,-2.52333310e-02,-2.31854429e-02,-2.39224121e-02,-2.60742385e-02,-2.68906855e-02,-2.80647858e-02,-2.86269815e-02,-2.87672005e-02,-2.89717423e-02,-2.92988153e-02,-2.81593086e-02,-2.57470065e-02,-2.28249069e-02,-1.98100997e-02,-1.89913249e-02,-1.85024361e-02,-1.98654546e-02,-2.16224600e-02,-2.20119099e-02,-2.06611904e-02,-2.01819347e-02,-1.98260048e-02,-1.93991788e-02,-1.68849792e-02,-1.22643976e-02,-7.66190609e-03,-2.88841094e-03,4.28949981e-04,-1.10387624e-04,-2.54958623e-03,-4.58172236e-03,-6.72624928e-03,-7.37110998e-03,-5.73262817e-03,-5.66251348e-03,-8.88816639e-03,-1.11090947e-02,-1.16611156e-02,-1.24235335e-02,-1.46706597e-02,-1.76262245e-02,-2.04713956e-02,-2.24691378e-02,-2.46770759e-02,-2.64952012e-02,-3.02372211e-02,-3.30950400e-02,-3.30875812e-02,-3.41987067e-02,-3.52799208e-02,-3.46100996e-02,-3.48430619e-02,-3.82298493e-02,-4.18889709e-02,-4.32774469e-02,-4.20532733e-02,-3.95570634e-02
-6.20948979e-02,-6.17314549e-02,-6.13088072e-02,-5.89088020e-02,-5.72472777e-02,-5.55102805e-02,-5.14422473e-02,-4.52754592e-02,-3.82781278e-02,-3.21833516e-02,-2.79315067e-02,-2.68269697e-02,-2.45306191e-02,-2.23252602e-02,-2.16779502e-02,-2.11495526e-02,-2.08352632e-02,-2.20224455e-02,-2.10347164e-02,-1.99006867e-02,-1.72397371e-02,-1.37874078e-02,-7.64108030e-03,-1.92040802e-04,6.25481620e-03,1.17285414e-02,1.38261487e-02,1.48725067e-02,1.43657286e-02,1.46463398e-02,1.21545712e-02,8.56488988e-03,3.74890424e-03,-2.70462503e-03,-5.78274548e-03,-7.92563785e-03,-8.68092549e-03,-1.02573656e-02,-1.17077408e-02,-1.42566746e-02,-1.72217242e-02,-2.14045565e-02,-2.67655717e-02,-3.19852209e-02,-3.80006043e-02,-4.15111557e-02,-4.45322538e-02,-4.69463886e-02,-4.78636297e-02,-4.76928098e-02,-4.83604871e-02,-4.88948379e-02,-5.11832729e-02,-5.14694219e-02,-5.09163861e-02,-4.86285737e-02,-4.62587414e-02,-4.69180722e-02,-4.82188379e-02,-5.16678121e-02,-5.49272659e-02,-5.64887777e-02,-5.75976132e-02,-6.01819566e-02
-1.57180389e-02,-1.45429361e-02,-1.49065653e-02,-1.69243053e-02,-1.94528250e-02,-2.10316274e-02,-2.19966098e-02,-2.18140987e-02,-2.06582434e-02,-2.09752784e-02,-2.31288609e-02,-2.51718355e-02,-2.69506455e-02,-2.97914219e-02,-3.05915978e-02,-3.16151586e-02,-3.15372382e-02,-3.14983417e-02,-3.07479353e-02,-3.09597871e-02,-3.23609927e-02,-3.59628536e-02,-3.97649278e-02,-4.13415434e-02,-4.32769243e-02,-4.50914537e-02,-4.53556818e-02,-4.47725271e-02,-4.31672562e-02,-4.45137628e-02,-4.70708198e-02,-4.89854730e-02,-5.12336201e-02,-5.38697978e-02,-5.61101649e-02,-5.62682245e-02,-5.45033815e-02,-5.02869528e-02,-4.63232731e-02,-4.32695250e-02,-4.00778216e-02,-3.80033452e-02,-3.62500008e-02,-3.86589558e-02,-4.16243133e-02,-4.64571081e-02,-4.88944159e-02,-5.05240547e-02,-5.21467543e-02,-5.09974112e-02,-4.93464852e-02,-5.02920283e-02,-5.13559930e-02,-5.25970821e-02,-5.30872541e-02,-5.21486984e-02,-4.97888659e-02,-4.75344341e-02,-4.17992550e-02,-3.49343719e-02,-2.91526899e-02,-2.46216078e-02,-2.10210436e-02,-1.78305895e-02
1.38298392e-02,1.42073586e-02,1.45960106e-02,1.45915875e-02,1.56661170e-02,1.67050584e-02,1.67252586e-02,1.69538712e-02,1.51128569e-02,1.42118954e-02,1.52146654e-02,1.58041949e-02,1.63764480e-02,1.74477594e-02,2.00455540e-02,2.19534140e-02,2.13722297e-02,2.17903813e-02,2.35059446e-02,2.45835757e-02,2.34370245e-02,2.35397458e-02,2.50369288e-02,2.39591763e-02,2.31040018e-02,2.31689994e-02,2.28511299e-02,2.31838157e-02,2.35591766e-02,2.40607649e-02,2.16998949e-02,2.01969494e-02,1.68574156e-02,1.11884930e-02,6.53897137e-03,1.58747317e-03,-2.73842165e-03,-5.26014872e-03,-5.52087568e-03,-6.40376509e-03,-8.92025503e-03,-1.19919574e-02,-1.40510184e-02,-1.63640642e-02,-1.69600038e-02,-1.81809748e-02,-1.81834338e-02,-1.76838850e-02,-1.71628682e-02,-1.85557757e-02,-2.06037910e-02,-2.07643629e-02,-1.67190480e-02,-1.23493862e-02,-7.06463349e-03,-1.72901508e-03,1.72521669e-03,4.80830528e-03,7.11683560e-03,7.32053390e-03,7.81416216e-03,1.02019655e-02,1.20838464e-02,1.38388888e-02
-8.56832432e-03,-3.06853024e-03,2.55430692e-03,7.46543882e-03,1.07545288e-02,1.36423954e-02,1.72149808e-02,1.88079664e-02,2.21636456e-02,2.67000315e-02,2.98935092e-02,3.15569080e-02,3.48175165e-02,3.72586324e-02,3.86627702e-02,3.82117054e-02,3.73792076e-02,3.61757837e-02,3.61934401e-02,3.83176013e-02,3.88272620e-02,3.65448370e-02,3.38403981e-02,3.11101542e-02,2.59175886e-02,1.99141841e-02,1.75389748e-02,1.63035991e-02,1.58693633e-02,1.55656074e-02,1.45437242e-02,1.26583349e-02,1.22456804e-02,1.51146184e-02,1.95572379e-02,2.36619508e-02,2.74023882e-02,3.09987852e-02,3.36084313e-02,3.56895812e-02,3.61136564e-02,3.24212438e-02,2.57192248e-02,1.81852366e-02,1.04225011e-02,4.00416019e-03,-9.86659218e-04,-4.08136936e-03,-7.33215960e-03,-8.15418951e-03,-6.97537563e-03,-5.86655443e-03,-4.23500403e-03,-2.10666861e-03,-2.94689327e-03,-5.08060495e-03,-7.11808174e-03,-9.97245656e-03,-1.33495424e-02,-1.71240360e-02,-2.02624642e-02,-2.14378684e-02,-2.07255446e-02,-1.50209318e-02
-1.31121596e-02,-1.18037339e-02,-1.22203068e-02,-1.05825794e-02,-9.16495143e-03,-6.77688288e-03,-3.40841792e-03,-8.26449345e-04,1.63228034e-03,4.38315361e-03,7.18239417e-03,1.09208415e-02,1.53417442e-02,1.91515248e-02,2.02583066e-02,1.93189251e-02,1.90182608e-02,1.95307738e-02,1.71577747e-02,1.63802316e-02,1.49462264e-02,1.36778473e-02,1.33343005e-02,1.41650332e-02,1.42299527e-02,1.49032507e-02,1.56518613e-02,1.82331341e-02,2.34216742e-02,2.95843930e-02,3.65365965e-02,4.04332220e-02,4.10035647e-02,3.99504666e-02,3.62534433e-02,3.30049569e-02,2.86540420e-02,2.48242787e-02,2.13066895e-02,1.79373902e-02,1.49436718e-02,1.22116491e-02,8.27548223e-03,2.96061784e-03,-5.39043525e-04,-5.42849202e-03,-8.28763054e-03,-9.89446519e-03,-1.16644715e-02,-1.30968751e-02,-1.20883627e-02,-1.47242871e-02,-1.61811162e-02,-1.31065985e-02,-9.86938164e-03,-7.52048900e-03,-6.21723985e-03,-5.87552252e-03,-5.42610547e-03,-5.19467397e-03,-6.83093038e-03,-9.72586992e-03,-1.30361890e-02,-1.40519160e-02
7.30886819e-03,6.75767902e-03,5.73272075e-03,6.19571531e-03,7.34713540e-03,6.68077764e-03,7.00513726e-03,5.42627872e-03,3.54236692e-03,7.44447781e-04,-2.08771607e-03,-5.37729790e-03,-7.49873639e-03,-9.14527359e-03,-9.63675981e-03,-1.11626510e-02,-9.80978539e-03,-9.55560313e-03,-1.15118206e-02,-1.13139950e-02,-1.02383140e-02,-1.13557409e-02,-1.33502500e-02,-1.49752210e-02,-1.67912307e-02,-1.95678445e-02,-2.06572979e-02,-2.16573623e-02,-2.23232400e-02,-2.16540226e-02,-2.14634661e-02,-2.15443032e-02,-2.04558346e-02,-2.14436664e-02,-2.34187187e-02,-2.48899760e-02,-2.60818145e-02,-2.50584121e-02,-2.18904695e-02,-1.77579558e-02,-1.44971779e-02,-1.05389064e-02,-7.78399255e-03,-7.56867235e-03,-7.91837857e-03,-1.00787594e-02,-9.61305133e-03,-1.07555142e-02,-1.26051874e-02,-1.30625217e-02,-1.27010216e-02,-1.12616656e-02,-7.69235937e-03,-2.85757035e-03,2.85936118e-03,8.18093426e-03,1.14211742e-02,1.19752078e-02,1.19449011e-02,1.43477665e-02,1.49302326e-02,1.38544197e-02,1.15073959e-02,8.98886282e-03
-7.89220328e-03,-6.46301080e-03,-5.78351744e-03,-3.55382796e-03,3.33889682e-04,4.99897838e-03,8.39067686e-03,1.19385778e-02,1.58538626e-02,1.85206272e-02,2.07696121e-02,2.14529447e-02,2.19149148e-02,2.40092596e-02,2.67363103e-02,2.79556361e-02,2.57249081e-02,2.16951361e-02,2.00583730e-02,1.70336872e-02,1.23466587e-02,9.29422375e-03,9.66066213e-03,1.02212302e-02,8.72707829e-03,7.23383118e-03,3.19339839e-03,-7.63378730e-05,-2.75387996e-03,-5.61712652e-03,-1.07833978e-02,-1.54127272e-02,-1.67210767e-02,-1.92966260e-02,-2.38176491e-02,-2.69807672e-02,-2.95008740e-02,-2.95655210e-02,-2.98876180e-02,-3.11996758e-02,-3.25174803e-02,-3.31757150e-02,-3.43458422e-02,-3.52523343e-02,-3.62391528e-02,-3.53163332e-02,-3.35085522e-02,-3.08877813e-02,-2.82226458e-02,-2.48405547e-02,-2.20518857e-02,-2.08335688e-02,-2.26229582e-02,-2.54395308e-02,-2.77148836e-02,-2.98077144e-02,-3.11025985e-02,-2.80956345e-02,-2.56778887e-02,-2.50834816e-02,-2.29123159e-02,-2.01032206e-02,-1.58164004e-02,-1.24748317e-02
4.65601717e-02,4.25698805e-02,4.01667202e-02,3.77477036e-02,3.56810605e-02,3.01615143e-02,2.61908192e-02,2.32502682e-02,1.83535746e-02,1.51612644e-02,1.25633525e-02,1.15283569e-02,9.04339002e-03,5.12280915e-03,5.46011993e-05,-3.53231841e-03,-7.28929916e-03,-7.95934460e-03,-9.77782678e-03,-8.40105100e-03,-8.04719869e-03,-8.72307859e-03,-8.83843506e-03,-1.12376633e-02,-1.57263909e-02,-2.00175163e-02,-2.17210533e-02,-2.05457423e-02,-2.03706009e-02,-2.13587654e-02,-2.20407977e-02,-2.23563324e-02,-2.09862862e-02,-1.83819781e-02,-1.65300515e-02,-1.47946009e-02,-1.38395341e-02,-1.11411551e-02,-6.26233457e-03,9.38320639e-04,7.20754231e-03,1.32344657e-02,1.65107140e-02,1.96844945e-02,2.27030023e-02,2.48678419e-02,2.52364867e-02,2.48202567e-02,2.80735304e-02,3.35706401e-02,3.84962407e-02,4.12667778e-02,4.43692963e-02,4.76372844e-02,4.91553767e-02,4.91976713e-02,5.12803370e-02,5.15469476e-02,5.11226911e-02,5.19493241e-02,5.05867543e-02,4.81989871e-02,4.81165539e-02,4.81547458e-02
4.36368168e-03,4.92961540e-03,5.28604155e-03,5.19631668e-03,4.06485727e-03,4.22225329e-03,2.57161032e-03,-9.62857843e-04,-3.88231128e-03,-6.22501868e-03,-8.47890229e-03,-1.08723247e-02,-1.29163762e-02,-1.37917203e-02,-1.32665149e-02,-1.19479803e-02,-1.01948172e-02,-8.52857040e-03,-8.24421016e-03,-7.24513161e-03,-8.14196152e-03,-9.04195339e-03,-7.94751653e-03,-6.95618643e-03,-6.56332950e-03,-6.18260253e-03,-3.98556313e-03,-9.80446878e-04,1.93817045e-03,4.81761779e-03,7.71567673e-03,7.75340881e-03,3.83062029e-03,4.01399472e-04,-2.73456813e-04,8.97820594e-04,2.20632242e-03,3.80424565e-03,5.56093010e-03,9.12587735e-03,9.73064013e-03,1.08775039e-02,1.29317234e-02,1.52746622e-02,1.84419227e-02,2.15240033e-02,2.45218072e-02,2.83135886e-02,3.07506406e-02,3.26775694e-02,3.38756283e-02,3.57931096e-02,3.54504452e-02,3.35490715e-02,3.16864959e-02,2.89613525e-02,2.79440531e-02,2.64626902e-02,2.42825653e-02,2.10599041e-02,1.69676555e-02,1.25977054e-02,8.31217036e-03,5.89488474e-03
1.12204299e-02,1.02503043e-02,9.50885490e-03,7.98431126e-03,6.67312604e-03,6.08280040e-03,5.02229818e-03,3.59193899e-03,1.10463896e-03,-4.94649862e-04,-1.35716014e-03,-2.34637378e-03,-3.46973868e-04,1.51090727e-03,3.03018569e-03,4.26427700e-03,3.82411307e-03,3.24524619e-03,1.02553161e-03,-9.80965330e-04,-1.13191589e-03,-3.06009741e-03,-5.50759781e-03,-7.10625443e-03,-6.79570855e-03,-4.30286913e-03,7.89063624e-04,6.45966409e-03,1.02050751e-02,1.49782414e-02,2.01947247e-02,2.66097624e-02,3.18849824e-02,3.60112210e-02,3.83911536e-02,3.96697056e-02,3.84262262e-02,3.48206509e-02,3.10375100e-02,2.77864832e-02,2.34862246e-02,2.08304751e-02,1.86548153e-02,1.63417163e-02,1.36485611e-02,9.55855706e-03,5.60700246e-03,4.23138519e-03,4.95293897e-03,4.57634624e-03,5.51574720e-03,5.77611992e-03,4.41636988e-03,1.03838847e-03,-1.07326289e-03,-9.56625619e-04,5.48866019e-04,3.12549367e-03,4.78664309e-03,5.87427273e-03,7.92850279e-03,9.46418186e-03,1.12281434e-02,1.20982925e-02
3.24245734e-02,3.14457104e-02,3.05297376e-02,3.11922155e-02,3.27479904e-02,3.35508226e-02,3.16165341e-02,2.82992583e-02,2.56202445e-02,2.28972795e-02,1.91247892e-02,1.66120664e-02,1.45816444e-02,1.32080355e-02,1.11429608e-02,7.16649083e-03,3.70416539e-03,7.64686229e-04,-1.52410923e-03,-3.43448954e-03,-5.00964654e-03,-6.83626621e-03,-6.88070628e-03,-6.92236326e-03,-6.15207909e-03,-6.62843264e-03,-6.96245812e-03,-8.38170375e-03,-1.10036828e-02,-1.37897546e-02,-1.67534919e-02,-1.72148782e-02,-1.71171643e-02,-1.55228882e-02,-1.15856406e-02,-5.53158986e-03,-1.90009301e-03,8.70638179e-04,4.55352924e-03,9.11385122e-03,1.24039023e-02,1.30506012e-02,1.34385649e-02,1.34977480e-02,1.54563095e-02,1.93318034e-02,2.00161558e-02,1.89023959e-02,2.02338787e-02,2.17722655e-02,2.40257271e-02,2.62099774e-02,2.87750664e-02,3.19275680e-02,3.65463199e-02,4.05485138e-02,4.22574417e-02,4.33918790e-02,4.48995546e-02,4.24783938e-02,3.88347807e-02,3.61660737e-02,3.43442515e-02,3.43118914e-02
-8.86287174e-03,-1.02022509e-02,-1.26941080e-02,-1.03914461e-02,-6.93884906e-03,-2.18986448e-03,2.46223852e-03,3.40752960e-03,2.11535979e-03,-1.68816803e-04,-1.13281904e-03,-1.56628292e-03,-1.27306619e-03,-1.86345399e-03,-2.17321173e-03,-3.19792573e-03,-4.40406603e-03,-6.22982803e-03,-8.67578879e-03,-1.01373392e-02,-1.06268691e-02,-8.78208370e-03,-5.36562924e-03,-2.18335135e-03,8.76821263e-04,4.20305894e-03,6.23150156e-03,7.28442584e-03,8.48411094e-03,9.89133819e-03,1.04336363e-02,8.92478245e-03,6.74964649e-03,6.06446391e-03,5.93434340e-03,5.50694407e-03,5.81417638e-03,6.77963358e-03,8.52811526e-03,1.08286712e-02,9.67399626e-03,7.32620424e-03,5.96712599e-03,3.74287105e-03,1.50942158e-03,3.03061692e-04,5.98988917e-04,1.85363442e-03,2.24287755e-03,4.26458327e-03,7.30625489e-03,1.09942805e-02,1.31465281e-02,1.53698799e-02,1.38013337e-02,1.09661087e-02,8.64123698e-03,6.14012338e-03,3.54526528e-03,6.84686827e-04,-2.90365790e-03,-3.87732447e-03,-5.25238106e-03,-7.53605295e-03
-8.10574172e-03,-5.79250257e-03,-2.82263957e-03,-1.60694179e-03,-7.01897535e-04,2.70956149e-03,5.13374886e-03,7.35935356e-03,7.10351892e-03,8.26140598e-03,7.99822915e-03,6.98790108e-03,4.99848309e-03,2.99039566e-03,3.35792605e-03,4.11730906e-03,7.42502944e-03,9.96444176e-03,1.24355346e-02,1.36709288e-02,1.21031530e-02,1.07002889e-02,9.31901860e-03,6.72494403e-03,5.68535528e-03,5.08374330e-03,3.26037465e-03,1.30620864e-03,9.09151655e-04,2.76150769e-03,5.18873176e-03,7.93291569e-03,9.91470122e-03,1.22027286e-02,1.57898353e-02,1.83605058e-02,1.98972018e-02,2.31581691e-02,2.40556670e-02,2.26981094e-02,1.83723102e-02,1.56352394e-02,1.33169870e-02,1.19357351e-02,1.21127993e-02,1.22359077e-02,1.37449230e-02,1.63582790e-02,1.87847025e-02,1.97068625e-02,1.95688084e-02,1.94014128e-02,1.64044681e-02,1.59886061e-02,1.51761951e-02,1.34358519e-02,9.87672534e-03,3.64674371e-03,-9.57748144e-04,-5.33155327e-03,-8.93896845e-03,-9.21734971e-03,-1.00197798e-02,-9.35329155e-03
6.27177484e-02,6.00352088e-02,6.01353676e-02,6.33769854e-02,6.69005998e-02,7.18876091e-02,7.50488925e-02,7.69964380e-02,7.95197029e-02,8.20776781e-02,8.24599693e-02,8.01124653e-02,7.65275337e-02,7.26776092e-02,7.03537686e-02,6.87301651e-02,6.75148383e-02,6.63568912e-02,6.60759608e-02,6.41053554e-02,6.42161904e-02,6.59714118e-02,6.85163233e-02,6.92382695e-02,7.18294505e-02,7.36611568e-02,7.31122603e-02,7.32972177e-02,7.24566551e-02,7.12626035e-02,7.06933536e-02,6.78386753e-02,6.46267983e-02,6.24648231e-02,6.11884729e-02,6.23896994e-02,6.46269795e-02,6.83862861e-02,7.03741369e-02,7.29256126e-02,7.62912446e-02,7.91895808e-02,8.20456270e-02,8.34119401e-02,8.33153118e-02,8.17338735e-02,8.21722240e-02,8.33872255e-02,8.42122570e-02,8.45919583e-02,8.70396857e-02,8.87470847e-02,8.82456327e-02,8.88304665e-02,8.70532161e-02,8.52087516e-02,8.30701777e-02,8.07646092e-02,7.87774330e-02,7.82141897e-02,7.65000175e-02,7.54071203e-02,7.26928341e-02,6.70294090e-02
-5.58204187e-03,-6.09802314e-03,-8.62938080e-03,-1.20093303e-02,-1.65345990e-02,-2.15013108e-02,-2.52320153e-02,-2.80248182e-02,-2.73939850e-02,-2.48337732e-02,-2.27863928e-02,-2.10371989e-02,-2.22149538e-02,-2.12145381e-02,-1.63959487e-02,-1.14046457e-02,-8.54614356e-03,-7.56401813e-03,-7.78812504e-03,-6.52308871e-03,-3.29865101e-03,-8.63945676e-04,2.13633312e-03,4.69603521e-03,8.14502512e-03,1.04022374e-02,1.14280263e-02,1.23565205e-02,1.24449182e-02,1.42646850e-02,1.69546121e-02,1.91325116e-02,2.21397214e-02,2.65154788e-02,3.02117402e-02,3.39200988e-02,3.59814924e-02,3.46454014e-02,3.06729677e-02,2.55578168e-02,2.25121594e-02,2.12710257e-02,2.07613522e-02,2.10902920e-02,2.11931074e-02,1.82266257e-02,1.42234200e-02,9.54192461e-03,5.29153967e-03,1.26917875e-03,-2.27440223e-03,-4.32874517e-03,-4.64504501e-03,-5.47787239e-03,-5.73815954e-03,-4.76314724e-03,-4.89232069e-03,-3.04414862e-03,8.11432554e-05,1.77822820e-03,3.02865049e-03,1.36371985e-03,1.01445322e-05,-2.69511830e-03
1.18709436e-04,-1.52402857e-03,-3.04836832e-03,-3.30454167e-03,-1.26958393e-03,1.07324452e-03,2.45088739e-03,3.02229811e-03,5.26646943e-03,7.99082397e-03,9.45571232e-03,9.09590413e-03,6.57569061e-03,3.31855448e-03,-1.69013540e-03,-8.67151606e-03,-1.34758364e-02,-1.63171529e-02,-1.67750615e-02,-1.67189109e-02,-1.45096925e-02,-1.13655876e-02,-9.16981742e-03,-6.15247740e-03,-4.03718933e-03,-6.43100852e-04,4.20216663e-03,5.90805533e-03,5.86887890e-03,5.30756825e-03,4.15656299e-03,4.52420142e-04,-2.66528416e-03,-5.33686768e-03,-4.68166613e-03,-2.12366956e-03,-2.06828847e-04,1.09494898e-03,2.73454243e-03,5.20569759e-03,6.80781824e-03,7.29651184e-03,6.08556478e-03,4.12374866e-03,3.49422486e-03,2.24244500e-03,-1.28450046e-04,-4.44049106e-03,-6.09801706e-03,-4.81292550e-03,-2.70981374e-03,2.93262801e-03,8.22352544e-03,1.41391306e-02,1.76514166e-02,1.89440541e-02,2.08537191e-02,2.10794363e-02,1.84338035e-02,1.50466318e-02,1.22858933e-02,8.65930103e-03,7.00429006e-03,4.65588742e-03
-6.19295327e-03,-1.49693992e-03,1.74611046e-03,4.50292980e-03,4.76055159e-03,4.44625378e-03,4.52812267e-03,3.97516626e-03,6.37259409e-03,6.62209616e-03,5.28338464e-03,1.79170444e-03,-4.01975879e-03,-8.14090331e-03,-9.46029777e-03,-9.92106889e-03,-1.03474209e-02,-9.71936228e-03,-1.09264170e-02,-1.19860281e-02,-1.22913990e-02,-1.17052302e-02,-1.18650825e-02,-1.12094194e-02,-1.06942550e-02,-8.46985787e-03,-7.72961477e-03,-5.66257210e-03,-1.96410055e-03,2.86311535e-03,4.85899087e-03,4.55931830e-03,3.14516570e-03,2.37168553e-03,6.74858831e-04,-1.44839914e-03,-2.53872320e-03,-2.26873366e-03,-2.53304983e-03,-9.28507734e-04,-4.25206446e-04,-5.02875696e-03,-1.01713636e-02,-1.73041014e-02,-2.28985311e-02,-2.67642572e-02,-3.14736367e-02,-3.75846728e-02,-4.33536846e-02,-4.68001902e-02,-4.83915698e-02,-4.76182278e-02,-4.81395941e-02,-4.99349515e-02,-5.03148877e-02,-4.80131171e-02,-4.72600669e-02,-4.50188964e-02,-4.19376874e-02,-3.71850955e-02,-3.15555001e-02,-2.49795022e-02,-1.79118122e-02,-1.22863357e-02
-5.31843760e-03,-4.54006597e-03,-1.08670463e-03,2.02202730e-03,4.03452594e-03,6.89605174e-03,9.95675387e-03,1.03177881e-02,1.23569609e-02,1.57023105e-02,1.98197987e-02,2.52293599e-02,3.02848371e-02,3.15893014e-02,3.21206591e-02,3.08236214e-02,3.12055488e-02,3.15078808e-02,2.97407810e-02,2.77260010e-02,2.50915527e-02,2.41545058e-02,2.50702113e-02,2.54459665e-02,2.26947341e-02,1.83809959e-02,1.52890092e-02,1.31876071e-02,1.14645768e-02,9.10020469e-03,9.44161482e-03,1.07219835e-02,1.27079363e-02,1.46481931e-02,1.52679280e-02,1.47836916e-02,1.37002780e-02,1.26550773e-02,1.38599185e-02,1.47954689e-02,1.55775289e-02,1.66314253e-02,1.57058615e-02,1.31439063e-02,9.63848684e-03,6.95579410e-03,3.14045901e-03,2.54627366e-03,3.35508293e-03,2.23291850e-03,2.54214381e-03,-1.07050862e-04,-3.26073657e-03,-6.89935777e-03,-9.61436251e-03,-1.08739202e-02,-1.26497706e-02,-1.29261170e-02,-1.11382080e-02,-1.06276146e-02,-9.51351769e-03,-7.66868308e-03,-6.16877941e-03,-5.50384695e-03
-7.82872980e-03,-9.40851780e-03,-1.10040662e-02,-1.44958247e-02,-1.86250823e-02,-2.21973183e-02,-2.57898787e-02,-3.09261424e-02,-3.51427199e-02,-3.82611801e-02,-3.94663914e-02,-3.92628343e-02,-3.75256799e-02,-3.54224571e-02,-3.41099845e-02,-3.51639434e-02,-3.43086389e-02,-3.13676128e-02,-2.90016368e-02,-2.69798931e-02,-2.57623028e-02,-2.60697469e-02,-2.47348762e-02,-2.17963711e-02,-1.86086080e-02,-1.71625282e-02,-1.68715875e-02,-1.67530546e-02,-1.62278048e-02,-1.70367890e-02,-1.99500009e-02,-1.90189189e-02,-1.94717715e-02,-2.00529036e-02,-1.93309209e-02,-1.80056676e-02,-1.66765900e-02,-1.82179334e-02,-1.92756041e-02,-1.98027026e-02,-1.80478823e-02,-1.54072585e-02,-1.52122871e-02,-1.38199565e-02,-1.30015610e-02,-1.28926400e-02,-1.44009445e-02,-1.48967471e-02,-1.49471714e-02,-1.44343868e-02,-1.29617664e-02,-1.22998352e-02,-1.43629027e-02,-1.88880000e-02,-2.18790336e-02,-2.27206430e-02,-1.99108117e-02,-1.51087897e-02,-1.06465279e-02,-1.05588401e-02,-8.96596008e-03,-7.61549909e-03,-7.48301962e-03,-7.32929067e-03
-1.99496815e-02,-2.18893377e-02,-2.25637581e-02,-2.43138497e-02,-2.46825192e-02,-2.30771039e-02,-1.94289612e-02,-1.71443184e-02,-1.58422747e-02,-1.60872553e-02,-1.62564261e-02,-1.46380489e-02,-1.34145076e-02,-1.16036092e-02,-7.57282641e-03,-5.33647475e-03,-3.62652583e-03,-4.05447723e-03,-3.89989558e-03,-4.52753335e-03,-5.33195466e-03,-7.61916112e-03,-6.46463197e-03,-3.88777022e-03,-5.48920747e-04,3.11854219e-03,5.30936989e-03,8.48028885e-03,1.02734026e-02,1.23872265e-02,1.48895744e-02,1.47466228e-02,1.49684041e-02,1.39814940e-02,1.16576256e-02,5.66598189e-03,9.51653316e-05,-3.62344250e-03,-5.82056688e-03,-5.45382397e-03,-5.98124953e-03,-5.57412013e-03,-5.05889885e-03,-3.87539780e-03,-2.93379713e-03,-5.61683202e-04,-3.05278143e-03,-8.56698761e-03,-1.33767140e-02,-1.71932983e-02,-2.10090125e-02,-2.54646866e-02,-2.70692932e-02,-2.76067133e-02,-2.55221316e-02,-2.30849764e-02,-2.24455947e-02,-2.28461893e-02,-2.09711777e-02,-2.09677261e-02,-2.18734773e-02,-2.27934954e-02,-2.31597799e-02,-1.99084282e-02
1.82318050e-04,1.52786839e-03,3.33716206e-03,2.18566289e-03,2.65409933e-03,3.90474891e-03,3.38607699e-03,1.52098694e-03,1.73325066e-03,5.42724444e-03,9.20986857e-03,1.31590614e-02,1.76570460e-02,2.14935218e-02,2.53867751e-02,2.97735759e-02,3.31844827e-02,3.52900555e-02,3.80029057e-02,3.88719963e-02,3.75932864e-02,3.79675189e-02,3.76472626e-02,3.82417408e-02,3.78162325e-02,3.86633108e-02,4.10379085e-02,4.26076906e-02,4.38166080e-02,4.33654385e-02,4.52612537e-02,4.78494769e-02,4.89627850e-02,4.90685530e-02,4.90366849e-02,4.61353787e-02,4.06248917e-02,3.42568500e-02,2.96282211e-02,2.89853644e-02,3.00206199e-02,3.02656074e-02,3.05343308e-02,3.45710162e-02,3.91586621e-02,3.99094710e-02,3.80285557e-02,3.66308757e-02,3.57018789e-02,3.22056582e-02,2.77341346e-02,2.37554024e-02,1.92953708e-02,1.48568463e-02,1.13248455e-02,9.33124980e-03,5.62358700e-03,1.10913668e-03,8.09426204e-04,1.46156875e-03,1.90235729e-03,2.19096456e-03,1.53431151e-03,8.60668994e-04
1.54986991e-02,1.67110436e-02,1.43716593e-02,1.08811870e-02,8.32848043e-03,5.45443636e-03,1.20331234e-03,-9.74403250e-04,-1.76073025e-03,-2.88357502e-03,-5.39571022e-03,-7.99157619e-03,-1.40732021e-02,-1.78250641e-02,-1.95110406e-02,-1.86900992e-02,-1.71310549e-02,-1.53186489e-02,-1.26408081e-02,-1.15134156e-02,-1.21621131e-02,-1.64344952e-02,-2.17426041e-02,-2.60676749e-02,-2.77238920e-02,-2.94278094e-02,-2.90187523e-02,-2.63203632e-02,-2.15085623e-02,-1.91740838e-02,-1.78364471e-02,-1.65367231e-02,-1.94276470e-02,-2.45292528e-02,-3.03016518e-02,-3.72197661e-02,-4.21456343e-02,-4.54773343e-02,-4.81418187e-02,-4.82830718e-02,-4.62639122e-02,-4.54710324e-02,-4.48477621e-02,-4.42468953e-02,-4.43706170e-02,-4.25404302e-02,-3.89329468e-02,-3.73634229e-02,-3.55303647e-02,-3.36559503e-02,-3.34342657e-02,-3.45253830e-02,-3.25886562e-02,-2.82867707e-02,-2.42438130e-02,-1.97567738e-02,-1.32203170e-02,-5.45586992e-03,-5.72460606e-04,2.71272477e-03,4.24235930e-03,5.16018218e-03,8.25896488e-03,1.17587983e-02
-1.60399961e-02,-1.56212305e-02,-1.80284420e-02,-2.26092286e-02,-2.52700187e-02,-2.67180315e-02,-2.67622835e-02,-2.71766913e-02,-2.75092061e-02,-2.63299101e-02,-2.38629911e-02,-2.26720791e-02,-2.25710325e-02,-2.44481585e-02,-2.42310554e-02,-2.38989642e-02,-2.38758479e-02,-2.44372965e-02,-2.63018994e-02,-2.82706592e-02,-2.86610870e-02,-2.96795938e-02,-2.99518556e-02,-3.05108026e-02,-3.23312688e-02,-3.39569067e-02,-3.30954343e-02,-3.08156900e-02,-2.91111267e-02,-2.73991692e-02,-2.74214652e-02,-2.81613751e-02,-2.87584160e-02,-2.81795048e-02,-2.67397911e-02,-2.46222411e-02,-2.25859175e-02,-2.17754115e-02,-1.98873341e-02,-2.05904625e-02,-2.26850926e-02,-2.41353793e-02,-2.34397362e-02,-2.36929829e-02,-2.12820175e-02,-2.00867927e-02,-1.81464456e-02,-1.61459248e-02,-1.44319191e-02,-1.47931692e-02,-1.46499312e-02,-1.45751692e-02,-1.33986570e-02,-1.33355346e-02,-1.26035775e-02,-9.68330324e-03,-7.22792258e-03,-8.42649470e-03,-8.02927271e-03,-8.39063243e-03,-1.15144623e-02,-1.49244079e-02,-1.71133962e-02,-1.68198289e-02
1.39375413e-02,1.23540592e-02,1.05141722e-02,1.22117777e-02,1.63540594e-02,2.04175816e-02,2.17931932e-02,2.29272536e-02,2.54302410e-02,2.85857380e-02,3.39906285e-02,3.73164308e-02,3.72336510e-02,3.51317575e-02,3.21250902e-02,2.75725769e-02,2.43775177e-02,2.09091404e-02,1.84574626e-02,1.74596609e-02,1.64884224e-02,1.56786892e-02,1.56311113e-02,1.79443327e-02,2.19565458e-02,2.47099227e-02,2.40532542e-02,2.08867662e-02,1.83784803e-02,1.82186926e-02,1.76580097e-02,1.63824243e-02,1.44573932e-02,1.24202047e-02,1.21869549e-02,1.25138922e-02,1.37446211e-02,1.42265695e-02,1.53067731e-02,1.55258268e-02,1.48982614e-02,1.47597177e-02,1.47819847e-02,1.27873799e-02,1.30943294e-02,1.33299910e-02,1.15737488e-02,1.23522098e-02,1.44479908e-02,1.59045238e-02,1.77276976e-02,1.84639194e-02,2.02493156e-02,1.87452366e-02,1.56695630e-02,1.43242791e-02,1.38148600e-02,1.17951663e-02,1.01175323e-02,9.44403455e-03,1.05594339e-02,1.17544371e-02,1.46251967e-02,1.49283818e-02
1.45177748e-02,1.62875000e-02,1.81918258e-02,1.95199543e-02,2.02982170e-02,2.11438935e-02,2.08001842e-02,2.05451594e-02,2.07075388e-02,2.03684011e-02,1.96285780e-02,1.87876261e-02,1.93162881e-02,2.04658318e-02,2.34089038e-02,2.67718885e-02,2.68666989e-02,2.67009756e-02,2.77373465e-02,2.61855896e-02,2.32179062e-02,1.86883038e-02,1.32054114e-02,9.61702298e-03,5.84471249e-03,3.05192159e-03,1.33878951e-04,-1.73284519e-03,-3.06533838e-03,-4.42916851e-03,-5.41457378e-03,-4.39606076e-03,-1.69017973e-03,-1.66199099e-03,-2.64857648e-03,-3.48966622e-03,-4.19990662e-03,-6.97255407e-03,-9.45636966e-03,-1.28448889e-02,-1.66839641e-02,-1.85825280e-02,-1.86878942e-02,-1.85161932e-02,-1.67637704e-02,-1.31802583e-02,-9.90660031e-03,-7.74577016e-03,-8.01491883e-03,-7.78086743e-03,-8.33643337e-03,-8.72704270e-03,-8.82276850e-03,-8.25857494e-03,-8.96588304e-03,-9.32084050e-03,-9.53917104e-03,-7.13395305e-03,-5.27933174e-03,-3.11527314e-03,-2.40303415e-03,-2.23883212e-04,5.03963831e-03,1.06471069e-02
-5.91525678e-02,-5.66999809e-02,-5.31617830e-02,-5.01781470e-02,-4.50523303e-02,-3.98531464e-02,-3.32460674e-02,-2.59692368e-02,-1.80765679e-02,-1.06370155e-02,-5.81336921e-03,-3.32930794e-03,-7.19309537e-04,-1.34316744e-03,-8.16566154e-05,2.45882853e-03,5.86070448e-03,8.11881481e-03,1.15341743e-02,1.38889120e-02,1.80885498e-02,1.98135442e-02,2.18846194e-02,2.46942905e-02,2.68805106e-02,2.93738512e-02,3.13277223e-02,3.33941414e-02,3.25935785e-02,3.02563872e-02,2.84546363e-02,2.66922725e-02,2.45672535e-02,2.31892232e-02,2.33234570e-02,2.17982841e-02,1.99556670e-02,1.91095631e-02,1.79883693e-02,1.62355661e-02,1.18658463e-02,8.05802789e-03,7.61117416e-03,4.97011791e-03,9.17517522e-04,-4.71278640e-03,-1.18389510e-02,-1.82558977e-02,-2.46627338e-02,-3.16440946e-02,-3.77548225e-02,-4.21218555e-02,-4.83916616e-02,-5.43751404e-02,-6.02277620e-02,-6.40089426e-02,-6.76476974e-02,-6.90412180e-02,-6.77341544e-02,-6.48364112e-02,-6.28531638e-02,-6.16314811e-02,-6.03000490e-02,-5.96291697e-02
-3.66432153e-02,-3.47148768e-02,-3.07633902e-02,-2.73535051e-02,-2.50729743e-02,-2.35557782e-02,-2.10561642e-02,-1.78071022e-02,-1.39019861e-02,-1.16271438e-02,-1.15207651e-02,-1.04281787e-02,-9.73966573e-03,-9.31692257e-03,-1.00063091e-02,-1.11910116e-02,-1.19309221e-02,-1.21506555e-02,-1.26194870e-02,-1.17584293e-02,-1.11128237e-02,-1.17734467e-02,-1.27560225e-02,-1.27368125e-02,-1.22221378e-02,-1.03073878e-02,-8.46545622e-03,-7.46795385e-03,-5.20691458e-03,-3.13456933e-03,-1.45950195e-03,-1.08522495e-04,6.90271747e-04,3.78856987e-03,7.46627193e-03,9.66323400e-03,1.26589096e-02,1.41791289e-02,1.49700486e-02,1.68111030e-02,2.00478849e-02,2.11947184e-02,2.12659596e-02,2.08001388e-02,1.90295194e-02,1.74203504e-02,1.66272376e-02,1.39251178e-02,1.16033570e-02,7.66096589e-03,4.19442114e-03,1.01435308e-03,4.34040577e-04,1.28478971e-03,1.02916760e-03,-1.38866122e-03,-4.21114464e-03,-1.03391481e-02,-1.82222757e-02,-2.31601286e-02,-2.73187870e-02,-3.19013149e-02,-3.53406796e-02,-3.70158167e-02
5.74150390e-02,5.68750026e-02,5.57722896e-02,5.33002527e-02,4.85590766e-02,4.19080748e-02,3.41804055e-02,2.91439748e-02,2.32571611e-02,1.82117343e-02,1.30358755e-02,7.48495292e-03,2.94974285e-03,-2.34382602e-03,-8.21123088e-03,-1.49260532e-02,-1.94052090e-02,-2.34151879e-02,-2.73433835e-02,-3.02280097e-02,-2.85725926e-02,-2.64981703e-02,-2.66503410e-02,-2.59464684e-02,-2.40356152e-02,-2.23500216e-02,-1.89409591e-02,-1.59903086e-02,-1.67303018e-02,-1.98105136e-02,-2.06676587e-02,-1.99118459e-02,-1.50742820e-02,-9.93966201e-03,-4.64492067e-03,-1.34689315e-03,3.14658883e-03,6.63562997e-03,1.03624258e-02,1.30917979e-02,1.65044717e-02,2.01199896e-02,2.28201097e-02,2.61923446e-02,2.79356496e-02,2.81563223e-02,2.80980861e-02,2.68666748e-02,2.43737977e-02,2.36165520e-02,2.24672278e-02,2.40915679e-02,2.61013689e-02,2.89694127e-02,3.24286571e-02,3.64354189e-02,3.98602911e-02,4.35247175e-02,4.97010948e-02,5.20353790e-02,5.26583007e-02,5.44922380e-02,5.61455698e-02,5.73835907e-02
2.05264262e-02,2.33422738e-02,2.48671110e-02,2.64040249e-02,2.73155641e-02,2.54236910e-02,2.22756636e-02,2.04102328e-02,1.93654433e-02,1.95933313e-02,2.01530189e-02,2.08778946e-02,1.77078091e-02,1.15952394e-02,7.40226133e-03,4.55797911e-03,3.97993620e-03,3.95823383e-03,3.51191898e-03,2.15684215e-03,-1.51402108e-03,-4.82029975e-03,-7.89509990e-03,-1.07257776e-02,-1.22370200e-02,-1.39263150e-02,-1.53306959e-02,-1.75804849e-02,-1.83870197e-02,-1.97417667e-02,-1.92475366e-02,-1.98460604e-02,-1.94071740e-02,-1.90172050e-02,-1.89039146e-02,-1.53690108e-02,-1.03149407e-02,-7.27391207e-03,-6.35937074e-03,-6.71607502e-03,-6.82625526e-03,-8.75317685e-03,-1.19759757e-02,-1.37777939e-02,-1.60458737e-02,-1.89973163e-02,-2.24895587e-02,-2.47881936e-02,-2.64674621e-02,-2.66260827e-02,-2.54726766e-02,-2.29567502e-02,-1.87392400e-02,-1.34153280e-02,-8.44827050e-03,-4.41241676e-03,-2.34500160e-03,5.07815498e-04,2.87104540e-03,6.25796044e-03,9.09446434e-03,1.13522934e-02,1.26199281e-02,1.53783919e-02
-7.22884195e-02,-7.38115802e-02,-7.30952522e-02,-7.16845730e-02,-6.82344878e-02,-6.31948411e-02,-5.60401312e-02,-4.89502802e-02,-4.13313751e-02,-3.13221816e-02,-2.08466182e-02,-1.16262743e-02,-3.43972775e-03,2.76026850e-03,7.02977051e-03,1.04434997e-02,1.30989543e-02,1.46755024e-02,1.47877530e-02,1.48931691e-02,1.23489123e-02,8.99204494e-03,3.73386865e-03,-6.41809744e-04,-1.61534664e-03,5.10077924e-04,4.32009691e-03,6.37649051e-03,8.05841185e-03,9.01625703e-03,1.04653337e-02,1.18397800e-02,1.44521754e-02,1.62171009e-02,1.67199647e-02,1.80852768e-02,1.79625669e-02,1.71692251e-02,1.58741439e-02,1.28594358e-02,1.01412825e-02,7.64769326e-03,1.70210644e-03,-4.24867586e-03,-7.51080812e-03,-8.37905681e-03,-9.13219043e-03,-1.03423666e-02,-1.23791592e-02,-1.49433644e-02,-1.67904545e-02,-1.78879072e-02,-1.95723742e-02,-2.03095102e-02,-2.09992770e-02,-2.33569955e-02,-2.87807188e-02,-3.57198299e-02,-4.25088001e-02,-4.97885114e-02,-5.77298070e-02,-6.44689016e-02,-6.98016107e-02,-7.18063837e-02
5.29681530e-02,5.64176564e-02,5.80562285e-02,5.85648713e-02,5.74769473e-02,5.66602185e-02,5.75692813e-02,5.82897835e-02,5.99448858e-02,6.21193603e-02,6.29986863e-02,6.05102751e-02,5.59892024e-02,5.20436522e-02,4.74551279e-02,4.59608246e-02,4.44061347e-02,4.16316030e-02,4.04843593e-02,4.02699750e-02,4.10806116e-02,4.11502225e-02,4.21738207e-02,4.34760804e-02,4.33568772e-02,4.29932917e-02,4.07060028e-02,3.88921092e-02,3.84075134e-02,3.83848097e-02,3.63784256e-02,3.35169473e-02,3.15876600e-02,2.84638557e-02,2.63696294e-02,2.53464878e-02,2.26590872e-02,2.00624042e-02,1.56607720e-02,1.55340159e-02,1.60710426e-02,1.68312773e-02,1.54986512e-02,1.41141291e-02,1.30327138e-02,1.39186211e-02,1.29682690e-02,1.11137161e-02,1.10184687e-02,1.26663709e-02,1.41375897e-02,1.46264588e-02,1.31675116e-02,1.18261713e-02,1.24992377e-02,1.45563922e-02,1.71758246e-02,2.01463427e-02,2.47984909e-02,2.89892129e-02,3.28904860e-02,3.88849054e-02,4.37145710e-02,4.79657175e-02
-4.54414678e-03,-3.37565234e-03,-1.41053239e-03,2.63217602e-03,5.78230493e-03,7.12229989e-03,7.31148617e-03,7.45994495e-03,5.66554949e-03,3.44635630e-03,1.74762847e-04,-3.83406960e-03,-8.26842641e-03,-1.24561764e-02,-1.61069637e-02,-1.91943058e-02,-2.11618694e-02,-2.44479040e-02,-2.75595128e-02,-2.86221262e-02,-3.01860106e-02,-3.25877107e-02,-3.41291568e-02,-3.72370637e-02,-4.23868424e-02,-4.47540277e-02,-4.32405473e-02,-4.18304519e-02,-4.24552735e-02,-4.56487391e-02,-4.86091009e-02,-5.04672765e-02,-5.27627789e-02,-5.42424880e-02,-5.13537678e-02,-4.75965021e-02,-4.57731373e-02,-4.22325729e-02,-3.85170364e-02,-3.31548081e-02,-2.41385158e-02,-1.41901078e-02,-6.72083565e-03,-2.13087133e-03,3.17437702e-03,7.91457305e-03,1.14157326e-02,1.49263311e-02,1.70305566e-02,1.78823213e-02,1.87982329e-02,1.93562462e-02,1.94459989e-02,1.84618798e-02,1.74559645e-02,1.63345337e-02,1.51581054e-02,1.49569064e-02,1.32672977e-02,1.23023459e-02,1.18969870e-02,9.41048521e-03,3.64146394e-03,-2.05215927e-03
-6.61237445e-03,-8.02838600e-03,-1.05487416e-02,-1.28017216e-02,-1.22778646e-02,-1.17566587e-02,-1.00606062e-02,-9.40780558e-03,-8.59212993e-03,-5.71234640e-03,-2.08194979e-03,2.50848219e-03,5.82034053e-03,5.46765581e-03,3.85792177e-03,2.32540010e-03,2.43763566e-03,1.81104972e-03,2.28593849e-03,3.37153255e-03,6.54118114e-03,1.11472152e-02,1.39378659e-02,1.72545942e-02,2.06948335e-02,2.39197383e-02,2.61390695e-02,2.75999516e-02,3.08065670e-02,3.52345271e-02,4.06997275e-02,4.46880613e-02,4.86805915e-02,5.00331081e-02,5.10288571e-02,5.10945368e-02,5.04520999e-02,4.84868889e-02,4.60229006e-02,4.35771406e-02,3.89924408e-02,3.39001048e-02,2.98874197e-02,2.74282515e-02,2.36997241e-02,2.06138805e-02,1.85076429e-02,1.52635921e-02,1.23266191e-02,1.00518314e-02,6.76679397e-03,3.90271585e-03,1.10663045e-03,-2.15711559e-03,-4.59047661e-03,-4.98039693e-03,-6.03233322e-03,-8.14177595e-03,-1.09303377e-02,-1.14238340e-02,-1.07297107e-02,-9.27761970e-03,-7.27227061e-03,-7.54471184e-03
-1.09101750e-04,3.84045605e-03,6.70788101e-03,7.28337511e-03,1.04919953e-02,1.47008473e-02,1.89562099e-02,2.34222216e-02,2.85685825e-02,3.37642839e-02,3.60566856e-02,3.78374967e-02,3.74391476e-02,3.50618429e-02,3.60644188e-02,3.92556378e-02,4.22328052e-02,4.42152985e-02,4.47989572e-02,4.56627935e-02,4.84941874e-02,5.13868898e-02,5.40152415e-02,5.81299382e-02,6.15360643e-02,6.51024930e-02,6.65629587e-02,6.56121026e-02,6.34596439e-02,6.17599124e-02,6.02374857e-02,5.47998292e-02,4.91752597e-02,4.57373256e-02,4.17958187e-02,3.87445850e-02,3.59032861e-02,3.15714811e-02,2.61885555e-02,2.11354125e-02,1.76636798e-02,1.42220030e-02,1.40114399e-02,1.37834543e-02,1.44197289e-02,1.45685011e-02,1.57339325e-02,1.51885549e-02,1.43998587e-02,1.11540750e-02,5.64074522e-03,2.97270292e-03,2.08023249e-03,8.12979420e-04,1.14189695e-03,-2.07663880e-03,-4.90373732e-03,-6.91631027e-03,-9.12435301e-03,-1.06553422e-02,-1.10607309e-02,-9.97653432e-03,-7.14047008e-03,-2.73905186e-03
1.71131076e-02,1.71365602e-02,1.63713736e-02,1.49103194e-02,1.34995436e-02,1.10539408e-02,7.65121345e-03,3.88433487e-03,2.23306852e-03,2.06654143e-03,7.71497444e-04,-1.42787548e-03,-3.13469459e-03,-1.56675476e-03,1.09524189e-03,1.21021059e-03,-1.22374184e-03,-5.09832260e-03,-8.85725416e-03,-1.14201484e-02,-1.35920769e-02,-1.64937043e-02,-1.92431158e-02,-2.21927594e-02,-2.30862659e-02,-2.42269783e-02,-2.57493867e-02,-2.64963032e-02,-2.50000790e-02,-2.18664355e-02,-1.55674455e-02,-1.02260696e-02,-4.89618516e-03,5.28295720e-04,4.61837741e-03,5.37610887e-03,3.22981998e-03,-2.30262310e-03,-7.43713966e-03,-9.26942831e-03,-8.94491432e-03,-8.51901439e-03,-6.97558005e-03,-5.96816843e-03,-5.02872529e-03,-3.35919361e-03,-6.52548880e-04,2.77840641e-03,6.39601416e-03,8.08428557e-03,9.85095301e-03,1.12273050e-02,1.30059426e-02,1.37769472e-02,1.34539251e-02,1.23765615e-02,1.14049152e-02,1.12222892e-02,9.31926781e-03,7.23335862e-03,8.66494365e-03,1.05592990e-02,1.31446246e-02,1.62399453e-02
-1.88431524e-02,-2.17613365e-02,-2.13076866e-02,-1.82323618e-02,-1.60290822e-02,-1.53992028e-02,-1.54098998e-02,-1.36896444e-02,-1.40568641e-02,-1.44029402e-02,-1.52283364e-02,-1.66819688e-02,-1.91608190e-02,-2.28911063e-02,-2.65128229e-02,-2.57042734e-02,-2.31702421e-02,-2.14326393e-02,-2.11757218e-02,-2.16124710e-02,-2.10329276e-02,-2.19114337e-02,-1.98319706e-02,-1.52735763e-02,-1.02069974e-02,-4.24968030e-03,-1.38982730e-03,-1.51852380e-03,-5.55352367e-03,-7.48006016e-03,-7.83366335e-03,-8.78282476e-03,-8.27952379e-03,-3.20861289e-03,2.29578849e-03,4.93464062e-03,8.10930625e-03,8.82839320e-03,9.98089673e-03,1.21903865e-02,1.35114551e-02,1.52428893e-02,1.55249302e-02,1.94321110e-02,2.27080060e-02,2.38291011e-02,2.41058261e-02,2.47419781e-02,2.44983516e-02,2.29602409e-02,2.03624782e-02,1.80645936e-02,1.45684072e-02,9.81676511e-03,8.70789738e-03,7.70630287e-03,8.26406816e-03,7.30721407e-03,3.62967631e-03,-5.60569821e-04,-3.04779229e-03,-6.43219297e-03,-1.07553226e-02,-1.51061867e-02
-9.57270669e-03,-8.98227313e-03,-9.32770881e-03,-8.13985546e-03,-7.73422788e-03,-6.37408833e-03,-7.16173302e-03,-8.14074024e-03,-1.02454215e-02,-1.18140452e-02,-1.37322929e-02,-1.82979593e-02,-2.27119061e-02,-2.62309162e-02,-3.07136236e-02,-3.25366180e-02,-3.14596932e-02,-3.11060169e-02,-3.14235332e-02,-3.21608739e-02,-3.17692802e-02,-3.11501272e-02,-3.00353755e-02,-2.92172788e-02,-2.76681907e-02,-2.72822858e-02,-2.82832553e-02,-2.78888743e-02,-2.53793860e-02,-2.49519131e-02,-2.42436345e-02,-2.22097068e-02,-2.16735830e-02,-2.02038804e-02,-1.84689656e-02,-1.85671752e-02,-2.04995107e-02,-2.24899997e-02,-2.53068275e-02,-2.80875440e-02,-3.01422152e-02,-3.07104591e-02,-3.12170362e-02,-3.36798719e-02,-3.66540645e-02,-3.80124030e-02,-3.85200823e-02,-3.88692475e-02,-3.66101332e-02,-3.59397853e-02,-3.70572664e-02,-3.95987506e-02,-4.12180436e-02,-4.17340498e-02,-4.03645722e-02,-3.74972866e-02,-3.38615040e-02,-3.07115219e-02,-2.76451852e-02,-2.39894077e-02,-2.04961414e-02,-1.62295871e-02,-1.11602573e-02,-9.53255312e-03
-1.76138914e-03,-1.04149966e-03,-3.18547333e-03,-1.95670621e-03,-1.04723174e-04,4.74517548e-04,-2.10200943e-03,-4.73711394e-03,-8.62151503e-03,-1.13848457e-02,-1.31010837e-02,-1.39311799e-02,-1.38490199e-02,-1.46783070e-02,-1.59597654e-02,-1.87294050e-02,-2.00282265e-02,-2.12957219e-02,-2.40059812e-02,-2.74738041e-02,-3.29372662e-02,-3.84874216e-02,-4.32270592e-02,-4.75645936e-02,-5.10833589e-02,-5.20011297e-02,-5.18181189e-02,-5.17218574e-02,-5.11802817e-02,-5.25256301e-02,-5.56956368e-02,-5.90970265e-02,-5.90870723e-02,-5.85445054e-02,-5.89598724e-02,-5.69920035e-02,-5.47418358e-02,-5.47751908e-02,-5.17463236e-02,-4.69310047e-02,-4.00514117e-02,-3.16015526e-02,-2.25794228e-02,-1.35652334e-02,-3.73798301e-03,3.37193065e-03,5.33132770e-03,3.38812400e-03,2.33256041e-03,1.78644988e-03,1.03359157e-03,2.29557162e-03,3.34724394e-03,2.41645178e-03,2.31180384e-03,3.48442392e-03,3.11941153e-03,1.04960338e-03,3.21825009e-04,2.44841753e-03,1.92637014e-03,1.67040197e-03,-3.98681474e-04,-2.52058908e-03
9.37684700e-03,1.29228059e-02,1.62848720e-02,1.83368806e-02,1.97860000e-02,1.97524656e-02,1.73630268e-02,1.49628300e-02,1.13277867e-02,8.18113093e-03,8.58878875e-03,1.12520348e-02,1.21904338e-02,1.25515993e-02,1.24133262e-02,1.32077668e-02,1.37603730e-02,1.22352281e-02,6.07514144e-03,-1.34641423e-03,-7.36800595e-03,-1.11115847e-02,-1.36482425e-02,-1.32310909e-02,-1.23530094e-02,-1.29219951e-02,-1.29722884e-02,-1.49928495e-02,-1.80826833e-02,-2.21161175e-02,-2.40632674e-02,-2.31419302e-02,-2.09313431e-02,-1.84453773e-02,-1.58550059e-02,-1.41247933e-02,-1.04996645e-02,-6.85380151e-03,-3.43713173e-03,-3.28645542e-05,4.58503300e-03,8.06121953e-03,1.16169285e-02,1.40919539e-02,1.45273783e-02,1.49848864e-02,1.56082980e-02,1.40512929e-02,1.16795330e-02,7.84752689e-03,3.74772742e-03,-6.84970329e-05,-3.21579604e-03,-5.45877657e-03,-7.32326454e-03,-1.26602702e-02,-1.56138224e-02,-1.66892388e-02,-1.73735116e-02,-1.52930046e-02,-1.07500854e-02,-4.20613146e-03,1.75207870e-03,6.10975416e-03
9.30619182e-03,9.41319085e-03,7.88955356e-03,5.53549585e-03,3.27680092e-03,2.66785491e-03,5.14673955e-04,-2.96921667e-03,-5.46740871e-03,-4.70845885e-03,-4.11315299e-03,-5.41294253e-03,-8.43857632e-03,-1.16519014e-02,-1.28436136e-02,-1.44956878e-02,-1.66393343e-02,-1.86703933e-02,-1.94748244e-02,-1.78924037e-02,-1.54224839e-02,-1.25085869e-02,-1.03846170e-02,-8.35871299e-03,-3.60847606e-03,1.41928173e-03,5.39170422e-03,6.24663316e-03,5.81687117e-03,6.81177541e-03,9.33716054e-03,1.02179329e-02,1.12121768e-02,1.46061132e-02,1.48503814e-02,1.50473209e-02,1.55062243e-02,1.54387123e-02,1.50439583e-02,1.46345268e-02,1.45090241e-02,1.52620427e-02,1.61451345e-02,1.57247898e-02,1.46327714e-02,1.40100339e-02,1.21370337e-02,1.04295850e-02,9.69427879e-03,9.55331603e-03,8.89045254e-03,6.57278512e-03,2.94007688e-03,1.61400799e-03,-2.02924086e-04,1.47328713e-03,5.38051097e-03,8.86522031e-03,8.55502623e-03,9.52529799e-03,1.13436255e-02,1.13724428e-02,9.61817275e-03,9.32504823e-03
1.75405119e-02,1.47099502e-02,1.10574210e-02,6.22826174e-03,1.37014231e-03,-2.49847965e-03,-4.42943303e-03,-3.99713310e-03,-1.67908593e-03,1.33196822e-03,4.66256292e-03,7.12787833e-03,7.52665665e-03,1.07264643e-02,1.37467467e-02,1.48140144e-02,1.59548008e-02,1.72278879e-02,1.84769443e-02,1.95485223e-02,2.06786519e-02,2.29906394e-02,2.75902728e-02,3.19299624e-02,3.90277007e-02,4.50253475e-02,4.92971372e-02,5.17110820e-02,5.43243752e-02,5.86980941e-02,6.24559202e-02,6.41814552e-02,6.40396418e-02,6.21287554e-02,5.88612965e-02,5.47459521e-02,5.09264884e-02,4.86826454e-02,4.62528690e-02,4.48006269e-02,4.36912429e-02,4.24259596e-02,4.17664284e-02,4.11101916e-02,4.22535335e-02,4.26210157e-02,4.30149327e-02,4.37677366e-02,4.07531026e-02,3.72639495e-02,3.60392911e-02,3.43752877e-02,3.09908572e-02,2.64658773e-02,2.23279496e-02,1.65656187e-02,1.41679635e-02,1.24966281e-02,1.18006032e-02,1.31955213e-02,1.55791535e-02,1.74304928e-02,1.79260302e-02,1.77790876e-02
-5.11530357e-03,-4.31774595e-03,-3.07146981e-03,-9.00385498e-04,2.35214572e-03,6.18011085e-03,1.15090693e-02,1.76533109e-02,2.23250649e-02,2.65183700e-02,2.89247170e-02,3.11230256e-02,3.34148938e-02,3.65565633e-02,3.89123846e-02,4.22779224e-02,4.58749929e-02,4.69995728e-02,4.49975262e-02,4.21661553e-02,3.69302479e-02,3.11162314e-02,2.88009119e-02,2.55504014e-02,2.37486699e-02,2.47506183e-02,2.56695834e-02,2.47847860e-02,2.30932726e-02,1.97129654e-02,1.76038517e-02,1.80710092e-02,1.86933743e-02,1.83795351e-02,1.70898351e-02,1.76158611e-02,1.78229170e-02,1.77832252e-02,1.78303717e-02,1.76347671e-02,1.79188638e-02,1.89206515e-02,1.76074621e-02,1.39822021e-02,1.02939317e-02,6.81127279e-03,4.67929381e-03,4.11258980e-03,3.78395744e-03,2.90704232e-03,1.02847983e-03,-6.26640542e-04,-1.41354321e-03,-1.95029163e-03,-1.26016261e-03,-3.40021800e-03,-6.50583800e-03,-6.15275775e-03,-5.27971723e-03,-4.64827892e-03,-4.68659358e-03,-4.45655791e-03,-5.77296682e-03,-5.53460078e-03
8.38284223e-05,1.57673923e-03,2.47302576e-03,2.05023298e-03,1.08639589e-03,2.42540202e-03,5.33855239e-03,7.60606026e-03,1.08263935e-02,1.53205692e-02,2.06569994e-02,2.59919585e-02,3.09318743e-02,3.46542310e-02,3.57877609e-02,3.53048008e-02,3.38338622e-02,3.08918210e-02,2.58391271e-02,1.94791526e-02,1.55828785e-02,1.15132629e-02,1.01565282e-02,9.02991411e-03,1.03651119e-02,1.30337304e-02,1.19932009e-02,1.09418709e-02,1.08282541e-02,1.20163226e-02,1.46487388e-02,1.63719948e-02,1.45841412e-02,1.51244455e-02,1.67107453e-02,1.93547030e-02,2.01784010e-02,2.21194802e-02,2.20285388e-02,2.09384697e-02,1.83976754e-02,1.60657796e-02,1.28839381e-02,8.98560515e-03,7.01096459e-03,5.23048759e-03,1.44589487e-03,-1.69567885e-03,-3.38381704e-03,-5.37824536e-03,-8.73159059e-03,-1.24540318e-02,-1.13242349e-02,-1.12932230e-02,-1.42615822e-02,-1.61900651e-02,-1.85678418e-02,-1.76655935e-02,-1.48134997e-02,-1.14193964e-02,-8.84890049e-03,-6.26698203e-03,-3.89388495e-03,-1.84889037e-03
-4.57986730e-02,-4.63200473e-02,-4.72283167e-02,-4.85445949e-02,-4.99096821e-02,-4.89969459e-02,-4.84475397e-02,-4.67102477e-02,-4.40515649e-02,-4.10009593e-02,-3.68318525e-02,-3.24735599e-02,-2.97053017e-02,-2.65591215e-02,-2.37212456e-02,-2.17883299e-02,-1.85744910e-02,-1.55349278e-02,-1.28649966e-02,-1.26233087e-02,-1.37729868e-02,-1.38251699e-02,-1.38958725e-02,-1.26444698e-02,-1.01990845e-02,-9.85797978e-03,-1.11200491e-02,-1.27213063e-02,-1.24179995e-02,-1.19737550e-02,-1.26065045e-02,-1.24397937e-02,-1.35660273e-02,-1.56747791e-02,-2.12014002e-02,-2.78948054e-02,-3.30058874e-02,-3.82433998e-02,-4.52757629e-02,-5.27253865e-02,-5.89092240e-02,-6.19162310e-02,-6.28396090e-02,-6.48156038e-02,-6.52792820e-02,-6.40871540e-02,-6.05863890e-02,-5.82259717e-02,-5.79589212e-02,-5.76183425e-02,-5.84253024e-02,-5.85167624e-02,-5.87286032e-02,-5.96761139e-02,-6.03644594e-02,-6.05603283e-02,-5.88603202e-02,-5.47160518e-02,-5.28475578e-02,-5.16736233e-02,-4.87869599e-02,-4.52834701e-02,-4.48679636e-02,-4.56902801e-02
-1.27684295e-02,-1.46518349e-02,-1.56536352e-02,-1.66140223e-02,-1.78036458e-02,-1.68662477e-02,-1.41705110e-02,-1.13361063e-02,-9.35874675e-03,-7.08126740e-03,-6.41883386e-03,-5.54097845e-03,-3.86909959e-03,-3.76021660e-04,4.83077582e-03,1.06517047e-02,1.78486396e-02,2.58211634e-02,3.36363491e-02,3.88644795e-02,4.03770204e-02,3.91095039e-02,3.82453158e-02,4.09116655e-02,4.38584652e-02,4.53527352e-02,4.60352224e-02,4.65543150e-02,4.67421562e-02,4.74625983e-02,4.71606998e-02,4.42095355e-02,4.13297270e-02,3.71721912e-02,3.38236099e-02,2.98909590e-02,2.47832246e-02,1.91501223e-02,1.39039401e-02,9.56539548e-03,5.69822476e-03,1.44363874e-03,-1.67930394e-03,-2.11341832e-03,-1.12584234e-03,-7.88356112e-05,1.32649933e-03,2.25126106e-03,3.85919142e-03,3.24300619e-03,5.52046838e-03,8.28515346e-03,9.64546271e-03,9.77706734e-03,9.94448595e-03,9.47677454e-03,7.96119007e-03,4.22702149e-03,-5.08623400e-04,-3.13939430e-03,-4.90860531e-03,-6.48059668e-03,-8.59953936e-03,-1.17097559e-02
-5.52485965e-02,-5.88069871e-02,-5.93529491e-02,-5.81844085e-02,-5.56872660e-02,-5.14371145e-02,-4.67696931e-02,-4.12191873e-02,-3.66043191e-02,-2.91571647e-02,-2.10255872e-02,-1.47551331e-02,-7.56293816e-03,4.09189859e-04,6.33206557e-03,1.25598302e-02,1.72268099e-02,1.96339249e-02,1.98251890e-02,1.85172490e-02,1.66438790e-02,1.69681694e-02,2.06300495e-02,2.24288481e-02,2.43781818e-02,2.35711405e-02,2.20388282e-02,2.05715203e-02,1.95648992e-02,1.85429672e-02,1.76376760e-02,1.60003603e-02,1.40943270e-02,1.19155923e-02,8.53071970e-03,5.32039203e-03,7.84530328e-04,-6.66199419e-03,-1.26832645e-02,-1.69723725e-02,-1.83538497e-02,-1.92954059e-02,-1.95398111e-02,-1.83201204e-02,-1.78610561e-02,-2.07376544e-02,-2.50511645e-02,-2.65390481e-02,-2.62288891e-02,-2.54013497e-02,-2.58038032e-02,-2.63244277e-02,-2.64698385e-02,-2.76868180e-02,-2.94615246e-02,-3.04952604e-02,-3.30092918e-02,-3.44534919e-02,-3.50391588e-02,-3.63656861e-02,-3.94609550e-02,-4.27333892e-02,-4.70965313e-02,-5.16293532e-02
-5.22269296e-02,-4.78157827e-02,-4.41610913e-02,-4.19288586e-02,-4.13924935e-02,-3.79524206e-02,-2.99162636e-02,-2.16024030e-02,-1.22725148e-02,-4.34314407e-03,9.67751120e-04,5.72924402e-03,7.25770165e-03,8.35714466e-03,7.16091770e-03,8.12039297e-03,9.84182541e-03,8.58829398e-03,7.54123848e-03,9.78067436e-03,1.39018232e-02,1.91099948e-02,2.43922654e-02,2.68958972e-02,2.75705939e-02,2.60653470e-02,2.64466761e-02,2.75837689e-02,2.69166480e-02,2.56525202e-02,2.61933128e-02,2.38363354e-02,1.92940406e-02,1.42513663e-02,1.13250312e-02,9.08439434e-03,7.85605278e-03,7.39271865e-03,5.20037533e-03,1.31466218e-03,-4.08159872e-03,-9.19856349e-03,-1.41128486e-02,-1.99965364e-02,-2.57387100e-02,-3.08286061e-02,-3.41729152e-02,-3.63713907e-02,-3.87040653e-02,-4.04159892e-02,-4.47084151e-02,-4.86421757e-02,-5.12791279e-02,-5.31539517e-02,-5.63356547e-02,-6.12372908e-02,-6.57162095e-02,-6.93121436e-02,-7.22238868e-02,-7.33752971e-02,-7.30203159e-02,-6.99303235e-02,-6.42792213e-02,-5.76921387e-02
-1.20104922e-02,-1.40670536e-02,-1.72916222e-02,-1.79605188e-02,-1.83312054e-02,-1.75244227e-02,-1.79550555e-02,-1.78826702e-02,-1.83480544e-02,-1.78656818e-02,-1.62352548e-02,-1.25002308e-02,-1.00664590e-02,-7.94230263e-03,-6.17211693e-03,-5.99393668e-03,-6.59603814e-03,-7.73799030e-03,-8.20327799e-03,-9.00561166e-03,-1.20486674e-02,-1.46993741e-02,-1.81887164e-02,-2.17361566e-02,-2.42252244e-02,-2.55274163e-02,-2.89206945e-02,-3.18934864e-02,-3.41679406e-02,-3.41679958e-02,-3.65516211e-02,-4.10018179e-02,-4.37887866e-02,-4.54795671e-02,-4.61175904e-02,-4.55934548e-02,-4.51568831e-02,-4.51995358e-02,-4.55612758e-02,-4.51179395e-02,-4.16951041e-02,-3.91788982e-02,-3.58237482e-02,-3.25308934e-02,-3.00761204e-02,-2.78134879e-02,-2.35388143e-02,-1.97827187e-02,-1.71755147e-02,-1.48710887e-02,-1.32069716e-02,-1.14902407e-02,-9.17290438e-03,-7.82137786e-03,-5.42149024e-03,-4.01770524e-03,-3.47807078e-03,-2.95828663e-03,-2.46388760e-03,-1.68552662e-03,-3.15634786e-03,-5.20921380e-03,-8.26925777e-03,-1.08107657e-02
-5.51790954e-02,-5.50456060e-02,-5.28936919e-02,-5.11534603e-02,-4.83606323e-02,-4.53124017e-02,-4.20863890e-02,-3.68552542e-02,-3.16848533e-02,-2.71396683e-02,-2.37114789e-02,-1.82527029e-02,-1.25093571e-02,-8.68093483e-03,-9.18420872e-03,-1.33569858e-02,-1.43096441e-02,-1.33331986e-02,-1.26651087e-02,-1.10468670e-02,-1.13742594e-02,-9.72032729e-03,-6.75495943e-03,-3.78325013e-03,1.33191034e-03,4.57899018e-03,7.68025478e-03,1.18542646e-02,1.78412486e-02,2.34103969e-02,2.70761619e-02,2.85894377e-02,3.10335813e-02,3.33577520e-02,3.57501473e-02,3.70878685e-02,3.77627046e-02,3.64964108e-02,3.50947142e-02,3.22498346e-02,2.75811191e-02,2.25384685e-02,1.58416368e-02,9.82793074e-03,3.80548655e-03,-3.63202450e-03,-1.12257224e-02,-1.58025397e-02,-1.95570082e-02,-2.34232567e-02,-2.59299790e-02,-2.84052186e-02,-3.34869701e-02,-3.75911556e-02,-3.94030719e-02,-4.18734317e-02,-4.12330609e-02,-3.97472221e-02,-3.86162179e-02,-3.91604726e-02,-4.20401815e-02,-4.56410336e-02,-4.94401391e-02,-5.26945529e-02
-1.83482042e-03,-3.92054186e-03,-5.28832780e-03,-6.85034369e-03,-6.34725321e-03,-6.66733072e-03,-6.05941318e-03,-5.86694348e-03,-6.40597645e-03,-6.44596911e-03,-8.61151016e-03,-1.16806554e-02,-1.49339480e-02,-1.94077057e-02,-2.16390753e-02,-2.24236741e-02,-2.13751035e-02,-2.29855901e-02,-2.50110006e-02,-2.63057720e-02,-2.63688437e-02,-2.57955711e-02,-2.74564770e-02,-2.92921508e-02,-3.09884209e-02,-3.36596224e-02,-3.69349589e-02,-3.88634459e-02,-3.76302445e-02,-3.43659236e-02,-3.01426256e-02,-2.53238619e-02,-1.85667642e-02,-1.30530081e-02,-9.74127851e-03,-6.99880841e-03,-5.30927193e-03,-6.52597916e-03,-9.05993175e-03,-9.76271892e-03,-8.84195637e-03,-8.91504749e-03,-9.03961653e-03,-7.25886666e-03,-4.00465754e-03,-2.15281458e-03,-1.62111266e-03,-2.13122724e-03,-3.47033381e-03,-6.73765258e-03,-1.09055371e-02,-1.16936586e-02,-9.73976938e-03,-8.72746281e-03,-6.48706602e-03,-4.45403861e-03,-2.83569413e-03,-6.69908408e-04,2.98701007e-03,5.52101180e-03,5.45962089e-03,3.74163421e-03,2.19794758e-03,5.84088322e-04
-6.09655261e-04,-2.59873003e-04,-2.87519862e-03,-3.26518659e-03,-1.11824174e-03,-4.47618617e-04,-5.17889184e-04,-8.72807415e-04,-2.16758156e-03,-2.34764776e-03,-2.98047141e-03,-3.41895474e-04,3.86439719e-03,7.26286984e-03,1.10661335e-02,1.19381100e-02,1.10945059e-02,9.33083094e-03,7.29504803e-03,4.17926118e-03,1.84493161e-03,-1.54009840e-03,-4.45552361e-03,-6.67684676e-03,-1.02324307e-02,-1.20178900e-02,-1.25878783e-02,-1.24060613e-02,-1.13690450e-02,-1.03280938e-02,-8.94832105e-03,-9.21706786e-03,-1.04842072e-02,-1.09588147e-02,-1.06574831e-02,-9.66394263e-03,-8.72030100e-03,-7.60350675e-03,-7.30988706e-03,-7.74914622e-03,-8.62814635e-03,-9.44170992e-03,-1.00547527e-02,-1.24627596e-02,-1.35536054e-02,-1.12854073e-02,-8.37472145e-03,-7.37197328e-03,-7.16876602e-03,-7.94091591e-03,-9.18872265e-03,-1.11445128e-02,-1.35595797e-02,-1.61758739e-02,-1.94688021e-02,-2.10775330e-02,-1.93954808e-02,-1.63550984e-02,-1.47023323e-02,-1.32736092e-02,-1.19866431e-02,-9.06855441e-03,-5.84471786e-03,-2.34268410e-03
-2.47376642e-02,-2.51770297e-02,-2.51321446e-02,-2.55485733e-02,-2.40580806e-02,-2.09180407e-02,-1.88260936e-02,-1.89376864e-02,-1.99723963e-02,-2.29381008e-02,-2.68486324e-02,-3.07448404e-02,-3.17893758e-02,-3.05987749e-02,-2.84266501e-02,-2.61439081e-02,-2.52488740e-02,-2.51559641e-02,-2.31502810e-02,-1.94609904e-02,-1.49169781e-02,-1.11794380e-02,-8.08145909e-03,-6.61664071e-03,-4.69054161e-03,-3.65508365e-03,-3.77974451e-03,-4.71117503e-03,-8.39532972e-03,-1.18354859e-02,-1.74865310e-02,-2.30615104e-02,-2.63418564e-02,-2.60016826e-02,-2.29347887e-02,-1.95447395e-02,-1.43838307e-02,-9.36683362e-03,-5.97142461e-03,-3.54540882e-03,-1.75263495e-03,-5.02391244e-04,3.39713957e-03,7.20616047e-03,9.39968267e-03,1.31558497e-02,1.54374471e-02,1.64442783e-02,1.51807689e-02,1.39380333e-02,1.25023945e-02,9.47384919e-03,4.82163331e-03,-1.63664899e-04,-4.18464514e-03,-6.96215096e-03,-1.30280992e-02,-1.87116744e-02,-2.25385582e-02,-2.36313130e-02,-2.39816425e-02,-2.41868470e-02,-2.39110169e-02,-2.42586806e-02
7.47370620e-03,1.01146593e-02,1.14651822e-02,1.33364454e-02,1.57944924e-02,1.64294460e-02,1.52867090e-02,1.65975755e-02,1.77831756e-02,1.95118133e-02,2.28025527e-02,2.79053185e-02,3.19397478e-02,3.26028944e-02,3.19366137e-02,2.98361019e-02,2.70301068e-02,2.49976046e-02,2.36710338e-02,2.26184484e-02,2.47270876e-02,2.63069390e-02,2.83354602e-02,2.92616840e-02,2.78861454e-02,2.66279834e-02,2.71848815e-02,2.79451471e-02,2.84039384e-02,2.99884778e-02,3.36915648e-02,3.77811969e-02,4.13119134e-02,4.42020048e-02,4.71278965e-02,4.68134179e-02,4.58228128e-02,4.37591255e-02,4.05297858e-02,3.65147177e-02,3.43322291e-02,3.14278243e-02,2.96890898e-02,2.82767546e-02,2.83358179e-02,2.75064554e-02,2.57283203e-02,2.31531797e-02,1.97562754e-02,1.57663934e-02,1.18041470e-02,1.00592263e-02,8.58780798e-03,6.33692411e-03,6.35990341e-03,4.57622625e-03,2.24029649e-03,7.68478074e-04,-1.76553928e-03,-5.15574466e-03,-6.32748277e-03,-4.31565930e-03,-9.10577943e-04,3.33656785e-03
4.70952287e-02,4.61891639e-02,4.56156875e-02,4.50463176e-02,4.49613276e-02,4.39946302e-02,4.06528830e-02,3.56923540e-02,3.02850632e-02,2.49619948e-02,1.82396898e-02,1.60873117e-02,1.43592912e-02,1.17456344e-02,7.91309715e-03,6.74650310e-03,5.54648826e-03,4.61488325e-03,2.46833637e-03,-3.18169077e-04,2.52174703e-04,2.54980402e-03,4.55184553e-03,8.50899586e-03,1.07263387e-02,1.30751889e-02,1.52915516e-02,1.52813838e-02,1.62754653e-02,1.68033669e-02,1.66988726e-02,1.44286674e-02,1.21355288e-02,1.15690615e-02,1.17584050e-02,1.31479726e-02,1.64660554e-02,2.09145069e-02,2.37699124e-02,2.83676907e-02,3.33778004e-02,3.66203790e-02,4.10701725e-02,4.59993845e-02,4.99873598e-02,5.21491802e-02,5.17101456e-02,5.02857860e-02,4.72923787e-02,4.41701675e-02,4.13609011e-02,3.92613339e-02,3.74440138e-02,3.56427670e-02,3.44640477e-02,3.36054887e-02,3.28912559e-02,3.37167690e-02,3.56898347e-02,3.66862753e-02,3.94350059e-02,4.21032870e-02,4.40276005e-02,4.69495779e-02
2.36306621e-02,2.44142146e-02,2.23867774e-02,1.78536439e-02,1.38161264e-02,1.12197472e-02,8.60959280e-03,1.01371728e-02,1.06130751e-02,1.21299908e-02,1.29805231e-02,1.17545112e-02,1.05509471e-02,9.16956372e-03,8.21828941e-03,5.84755740e-03,4.02394767e-03,3.14232094e-03,2.35108507e-03,3.36203624e-03,8.06320347e-03,1.07835354e-02,1.03931263e-02,9.22781411e-03,8.41041135e-03,7.63555327e-03,5.59002740e-03,3.87298417e-03,3.98145023e-04,-2.67754160e-03,-7.16838435e-03,-1.25019136e-02,-1.78913227e-02,-2.10913770e-02,-2.27283519e-02,-2.27574731e-02,-2.18860534e-02,-2.13666698e-02,-1.97623322e-02,-1.88685297e-02,-1.93455505e-02,-1.93523115e-02,-1.94797866e-02,-1.98325406e-02,-2.26042753e-02,-2.64372019e-02,-2.78955002e-02,-2.94304509e-02,-2.99349245e-02,-2.87902287e-02,-2.67915409e-02,-2.34619064e-02,-1.99523258e-02,-1.66042189e-02,-1.19125284e-02,-4.93193244e-03,-3.86223579e-04,3.45652814e-03,8.56647044e-03,1.28664665e-02,1.51495961e-02,1.71874863e-02,1.94848800e-02,2.17146815e-02
4.74048499e-03,6.94472123e-03,9.52093945e-03,1.15386228e-02,1.42719600e-02,1.55036420e-02,1.65633981e-02,1.83182736e-02,1.79732829e-02,1.78605353e-02,1.84902899e-02,1.97921970e-02,2.27338469e-02,2.48669259e-02,2.77270229e-02,3.08115175e-02,3.28021969e-02,3.25393217e-02,3.16903829e-02,3.02775627e-02,2.83998981e-02,2.78038144e-02,3.01673168e-02,3.29810468e-02,3.45676602e-02,3.46082577e-02,3.54137635e-02,3.79701414e-02,3.67785201e-02,3.37400216e-02,3.36912182e-02,3.53369507e-02,3.46863103e-02,3.50664285e-02,3.67150411e-02,3.83103987e-02,3.79061475e-02,3.60477926e-02,3.22573899e-02,3.15695578e-02,3.32293304e-02,3.50957006e-02,3.78794697e-02,4.07765842e-02,4.25524350e-02,4.36474067e-02,4.28684969e-02,4.11165642e-02,4.06842911e-02,3.93534130e-02,3.98503351e-02,3.92808261e-02,3.88889596e-02,3.65809659e-02,3.33849150e-02,3.01697600e-02,2.62767288e-02,2.27777079e-02,2.12580062e-02,2.07466023e-02,1.82418822e-02,1.37021811e-02,8.56494625e-03,5.49225823e-03
-3.79167560e-03,-1.02891481e-02,-1.58222529e-02,-2.00870541e-02,-2.36055267e-02,-2.66231473e-02,-3.16354524e-02,-3.55508536e-02,-3.74573659e-02,-3.69960676e-02,-3.52060916e-02,-3.57211565e-02,-3.53698209e-02,-3.54174018e-02,-3.45895940e-02,-3.42271946e-02,-2.97681633e-02,-2.29981815e-02,-1.66945495e-02,-1.32785316e-02,-1.18078735e-02,-1.00245570e-02,-6.66884096e-03,-1.66684225e-03,3.38435356e-03,8.66007660e-03,1.46859136e-02,1.99926686e-02,2.65880221e-02,2.94028193e-02,3.08759070e-02,3.22886517e-02,3.42416320e-02,3.62591115e-02,3.58367597e-02,3.50030435e-02,3.22757988e-02,2.97966910e-02,2.62519029e-02,2.28190714e-02,1.89800163e-02,1.50045928e-02,1.20956542e-02,8.34543538e-03,6.87385579e-03,6.36060429e-03,3.30559770e-03,6.34629362e-04,-2.37940184e-03,-5.74985964e-03,-9.16966574e-03,-1.32668748e-02,-1.66926203e-02,-1.65191478e-02,-1.43858633e-02,-1.05174418e-02,-5.24917729e-03,4.11764941e-05,4.43193622e-03,6.14438656e-03,8.09173053e-03,9.20928344e-03,7.88510070e-03,2.93766315e-03
1.96658583e-02,1.76359485e-02,1.68285476e-02,1.41965621e-02,1.00051910e-02,8.72834475e-03,6.92512864e-03,6.33636705e-03,4.14589526e-03,2.62052077e-03,3.89355309e-03,5.34488757e-03,6.96770637e-03,5.76449783e-03,4.43620487e-03,5.33053510e-03,5.17635306e-03,4.61866719e-03,4.43542951e-03,3.05570944e-03,1.49663107e-03,-6.54582578e-04,-2.41345949e-03,-2.20694368e-03,-5.44755037e-04,1.84106597e-03,3.78696019e-03,5.26884927e-03,6.36762778e-03,8.75358522e-03,1.21084142e-02,1.57575686e-02,1.81314280e-02,1.93645653e-02,1.96313683e-02,1.85502973e-02,1.74857134e-02,1.71191096e-02,1.64116862e-02,1.47410844e-02,1.32431823e-02,1.27080743e-02,9.42689593e-03,6.26015225e-03,3.40900758e-03,1.26956138e-03,-2.84532150e-03,-7.28631176e-03,-9.31364334e-03,-9.16852062e-03,-8.33213492e-03,-8.10763807e-03,-6.07353414e-03,-1.92840644e-03,3.60143649e-03,6.79467960e-03,7.83539717e-03,1.13380298e-02,1.37820978e-02,1.65761168e-02,1.93068322e-02,2.10379812e-02,2.14939155e-02,2.08178302e-02
-1.29208366e-02,-1.31508855e-02,-1.61583114e-02,-2.22668990e-02,-2.78149776e-02,-3.06627201e-02,-3.12454587e-02,-2.92962450e-02,-2.91813162e-02,-2.71034421e-02,-2.72353541e-02,-2.96054336e-02,-2.88705601e-02,-2.83692234e-02,-2.73377691e-02,-2.61413582e-02,-2.82994322e-02,-2.97795020e-02,-2.89053006e-02,-2.63716110e-02,-2.24466366e-02,-1.70727563e-02,-1.40173357e-02,-1.36198756e-02,-1.66529086e-02,-1.87860556e-02,-1.89060328e-02,-1.92669456e-02,-1.78579902e-02,-1.81786397e-02,-1.89256808e-02,-1.88579895e-02,-1.92139546e-02,-2.07126090e-02,-2.10990462e-02,-2.02969826e-02,-1.98410028e-02,-1.74539136e-02,-1.48429275e-02,-1.24928321e-02,-1.11585083e-02,-1.00108601e-02,-8.45262059e-03,-8.16527135e-03,-6.39123510e-03,-3.52917101e-03,-5.11919614e-04,1.00610675e-03,-2.62033837e-04,-1.79905353e-03,-3.69074880e-03,-6.83474932e-03,-7.85118434e-03,-7.72282120e-03,-7.51334869e-03,-6.92793331e-03,-6.40594996e-03,-8.82887401e-03,-1.05583273e-02,-1.02308722e-02,-1.08743070e-02,-1.14372155e-02,-1.26767101e-02,-1.29675317e-02
-3.38224588e-02,-3.46028042e-02,-3.59182452e-02,-3.72882313e-02,-3.72785216e-02,-3.58548360e-02,-3.35568794e-02,-3.06548824e-02,-2.54165338e-02,-2.11772143e-02,-1.72894047e-02,-1.33951387e-02,-1.11589208e-02,-8.07091282e-03,-5.94013849e-03,-4.77073124e-03,-3.40694282e-03,-1.62462842e-03,-1.37282836e-03,-1.13701802e-03,-2.06465588e-03,-2.52875157e-03,-2.89079035e-03,-4.93724349e-03,-6.31430040e-03,-8.06898240e-03,-1.17563736e-02,-1.33014613e-02,-1.49354995e-02,-1.71860576e-02,-2.04712312e-02,-2.22085702e-02,-2.44568075e-02,-2.61594196e-02,-2.61831513e-02,-2.61246066e-02,-2.73453461e-02,-2.77337822e-02,-2.42353125e-02,-2.15671277e-02,-1.78315022e-02,-1.58271061e-02,-1.42700004e-02,-1.34193825e-02,-1.29371266e-02,-1.42037186e-02,-1.69337320e-02,-1.93479277e-02,-2.05496635e-02,-2.14225521e-02,-2.33543023e-02,-2.71694595e-02,-3.00732467e-02,-2.88662146e-02,-2.92238189e-02,-2.74020364e-02,-2.38782891e-02,-2.19276460e-02,-2.20045751e-02,-2.51926178e-02,-2.66711141e-02,-2.86574285e-02,-3.02332985e-02,-3.18476938e-02
2.18028304e-03,3.75020746e-03,3.47954411e-03,1.02705982e-03,-1.47650909e-04,-1.24224204e-03,-2.03062833e-03,-3.09568057e-03,-5.10852754e-03,-5.67204354e-03,-7.81092532e-03,-1.04223684e-02,-1.32609782e-02,-1.54552994e-02,-1.82948799e-02,-2.11543484e-02,-2.32583718e-02,-2.53405961e-02,-2.84742344e-02,-3.18897299e-02,-3.42402754e-02,-3.35367597e-02,-3.13851592e-02,-2.88404515e-02,-2.78984686e-02,-2.85936762e-02,-2.91303105e-02,-3.05336092e-02,-3.35152079e-02,-3.87464398e-02,-4.34535036e-02,-4.61839141e-02,-4.75958092e-02,-4.96139637e-02,-5.13937660e-02,-5.07011766e-02,-4.85753042e-02,-4.77367615e-02,-4.69206765e-02,-4.44033044e-02,-4.16644693e-02,-3.92152137e-02,-3.71105719e-02,-3.61743780e-02,-3.68210820e-02,-3.92012539e-02,-4.12985058e-02,-4.41763783e-02,-4.64564801e-02,-4.58988174e-02,-4.45503471e-02,-4.36614958e-02,-4.06668551e-02,-3.81550620e-02,-3.20508274e-02,-2.69682402e-02,-2.25514143e-02,-1.73860149e-02,-1.14457084e-02,-5.21588738e-03,-8.39055722e-04,-6.83111259e-05,1.42017094e-03,1.22245375e-03
1.13072694e-02,9.35905726e-03,7.83300325e-03,6.21311720e-03,4.60505762e-03,-9.22392644e-04,-4.67414097e-03,-7.53489676e-03,-8.27484273e-03,-8.87349152e-03,-1.06350929e-02,-1.33950630e-02,-1.83305517e-02,-2.10293144e-02,-2.16101783e-02,-2.08793275e-02,-1.75262265e-02,-1.32009598e-02,-9.43861091e-03,-4.24716827e-03,-2.73198502e-03,-5.57887025e-03,-7.25855646e-03,-7.70345950e-03,-8.61637298e-03,-8.99209969e-03,-8.35371964e-03,-4.81240916e-03,-1.22720244e-03,2.24923692e-03,5.44574017e-03,6.00563046e-03,5.05752341e-03,4.61294258e-03,4.36066782e-03,2.45601432e-03,-1.15320324e-03,-2.74716884e-03,-4.52505143e-03,-4.49707478e-03,-4.24324111e-03,-2.90127910e-03,-1.40794943e-03,8.75752640e-04,3.55864788e-03,6.08472350e-03,9.79902434e-03,1.09628600e-02,1.26141189e-02,1.58600483e-02,1.88811640e-02,2.08920350e-02,2.22632360e-02,2.16931137e-02,2.37380914e-02,2.49421676e-02,2.43787169e-02,2.56839691e-02,2.70403627e-02,2.81587340e-02,2.89764359e-02,2.55026220e-02,2.22320082e-02,1.69211971e-02
2.63395052e-02,2.54051102e-02,2.03010029e-02,1.37258655e-02,1.00636881e-02,7.57764752e-03,8.57266146e-03,1.34755478e-02,1.93275387e-02,2.21057701e-02,2.33682355e-02,2.20380315e-02,2.10570963e-02,2.06540605e-02,2.18317751e-02,2.36989696e-02,2.57875136e-02,2.65629703e-02,2.82804828e-02,2.85240229e-02,2.78068272e-02,2.72647781e-02,2.73664085e-02,2.75928052e-02,2.40180012e-02,1.92593816e-02,1.65113135e-02,1.47593142e-02,1.18795684e-02,7.05382645e-03,4.46951714e-03,1.06156592e-03,-3.06195506e-03,-6.50247108e-03,-9.51786353e-03,-1.00107108e-02,-8.96312158e-03,-7.03368370e-03,-3.68982506e-03,-1.72685623e-03,-1.11445438e-03,9.72418089e-04,1.43633271e-03,2.45821582e-03,3.58601489e-03,6.40263303e-03,8.88157326e-03,1.15837845e-02,1.26489628e-02,1.32236556e-02,1.37988130e-02,1.54362877e-02,1.61532056e-02,1.75856801e-02,2.05968957e-02,2.49647161e-02,2.66791699e-02,2.53386098e-02,2.38727381e-02,2.34430109e-02,2.36969022e-02,2.47963448e-02,2.63349027e-02,2.58369411e-02
2.76032583e-02,2.56299059e-02,2.18816832e-02,1.68608845e-02,1.13167084e-02,5.24568145e-03,-1.05145101e-03,-6.42708007e-03,-1.17713239e-02,-1.49507013e-02,-1.65672570e-02,-1.76919312e-02,-2.01168750e-02,-2.00792315e-02,-2.07560053e-02,-2.17293661e-02,-2.09760242e-02,-1.87186457e-02,-1.48850932e-02,-1.23800125e-02,-9.01296415e-03,-3.99997912e-03,1.68088485e-03,8.10493888e-03,1.25680980e-02,1.52414244e-02,1.51434399e-02,1.31708920e-02,9.85711536e-03,8.24777588e-03,8.87717378e-03,9.54470716e-03,1.00643021e-02,9.27598380e-03,9.16871400e-03,6.06915750e-03,4.90111801e-03,3.75363805e-03,9.91834236e-04,-2.62838984e-03,-6.31822846e-03,-8.64741632e-03,-9.83040419e-03,-7.84201772e-03,-7.12871231e-03,-6.90046683e-03,-5.05482990e-03,-3.09324700e-04,5.57052998e-03,1.19033533e-02,1.84067691e-02,2.42698504e-02,2.87950321e-02,3.37863833e-02,3.94135812e-02,4.51857775e-02,4.89697842e-02,4.84992369e-02,4.37092413e-02,3.89750135e-02,3.44532403e-02,2.99359846e-02,2.81325960e-02,2.81964989e-02
9.99307200e-03,1.42616690e-02,1.80520232e-02,2.13457547e-02,2.22805205e-02,2.31948000e-02,2.46844650e-02,2.56167618e-02,2.85255088e-02,3.19289672e-02,3.33770932e-02,3.51314869e-02,3.63960131e-02,3.56417433e-02,3.34985418e-02,3.35278464e-02,3.33406032e-02,3.46879102e-02,3.38462196e-02,3.36745710e-02,3.33408974e-02,3.38338541e-02,3.08971631e-02,2.76819471e-02,2.38386110e-02,2.00576170e-02,1.83587958e-02,1.76646531e-02,1.66047162e-02,1.63371553e-02,1.57930311e-02,1.43980341e-02,1.24036335e-02,8.46170070e-03,6.21535543e-03,3.63800083e-03,1.54708920e-03,-1.46854787e-03,-5.52961530e-03,-1.08556926e-02,-1.48787951e-02,-1.84840822e-02,-2.07261338e-02,-2.09784749e-02,-2.28979440e-02,-2.59008448e-02,-2.73630160e-02,-2.87862145e-02,-2.80947639e-02,-2.92530263e-02,-2.96583237e-02,-2.72219780e-02,-2.42209178e-02,-1.84122416e-02,-1.09527080e-02,-4.68020555e-03,-7.18967803e-04,1.99940122e-03,4.51272358e-03,4.64905329e-03,5.54253397e-03,5.08764353e-03,3.86939173e-03,6.02177254e-03
4.22415909e-02,3.62729611e-02,3.15774169e-02,2.98826667e-02,3.03285619e-02,3.06113711e-02,3.40093174e-02,3.66363189e-02,3.85132420e-02,4.24457768e-02,4.84927191e-02,5.35889384e-02,5.55027824e-02,5.59044671e-02,5.75500913e-02,6.11922437e-02,6.43578772e-02,6.50088024e-02,6.38606106e-02,5.93957412e-02,5.53665337e-02,5.23432511e-02,4.85452483e-02,4.34049283e-02,3.66145485e-02,3.01897731e-02,2.74648617e-02,2.46410274e-02,2.24833066e-02,2.22661970e-02,2.20486475e-02,2.04051724e-02,1.63982428e-02,1.20768015e-02,1.03450551e-02,9.66442082e-03,1.12956959e-02,1.35985724e-02,1.46800495e-02,1.81022838e-02,2.26467257e-02,2.58604087e-02,2.97377304e-02,2.98465390e-02,2.85364064e-02,2.76318305e-02,2.65515242e-02,2.53910688e-02,2.30316500e-02,2.35336961e-02,2.51165517e-02,2.52871821e-02,2.70886752e-02,3.11736723e-02,3.62073743e-02,4.27511982e-02,4.89945086e-02,5.32192103e-02,5.57041483e-02,5.64441029e-02,5.64782930e-02,5.37182493e-02,5.02469897e-02,4.75495091e-02
8.03449713e-03,1.14144011e-02,1.55437381e-02,1.98759952e-02,2.12390739e-02,1.91596959e-02,1.87287301e-02,1.82455234e-02,1.49948879e-02,1.11012486e-02,9.70708367e-03,9.50678081e-03,7.71867378e-03,5.34836551e-03,2.90905078e-03,6.40339497e-04,-3.88323187e-03,-1.00989418e-02,-1.52894953e-02,-1.62972154e-02,-1.60277922e-02,-1.64304610e-02,-1.60892986e-02,-1.54558631e-02,-1.37150306e-02,-1.31769029e-02,-1.44926913e-02,-1.69074010e-02,-1.94928156e-02,-2.16270787e-02,-2.40828418e-02,-2.41652728e-02,-2.33159053e-02,-2.26463451e-02,-2.33925005e-02,-2.49846404e-02,-2.73452005e-02,-2.68768766e-02,-2.62700178e-02,-2.59862749e-02,-2.50712039e-02,-2.28533645e-02,-2.11581057e-02,-1.77776355e-02,-1.27460051e-02,-1.00964944e-02,-1.03859345e-02,-8.48530000e-03,-6.01917204e-03,-3.25083444e-03,-1.91786919e-04,2.83635330e-03,4.37447332e-03,2.24870238e-03,1.22593456e-03,4.46644461e-04,1.96879145e-03,1.89843302e-03,1.09516484e-03,-1.28003725e-03,-1.04239542e-03,1.01157336e-03,1.19881616e-03,3.78428135e-03
-3.36948642e-02,-3.65784052e-02,-3.98425016e-02,-4.27714403e-02,-4.56870780e-02,-4.60768919e-02,-4.60376411e-02,-4.51116357e-02,-4.30255530e-02,-3.99120593e-02,-3.93636717e-02,-3.92985405e-02,-3.87712322e-02,-3.81642705e-02,-3.72317555e-02,-3.80208813e-02,-3.95091631e-02,-3.95341451e-02,-3.90173327e-02,-3.64716646e-02,-3.54150581e-02,-3.41170951e-02,-3.48679343e-02,-3.69813439e-02,-4.10456912e-02,-4.64623108e-02,-5.15131572e-02,-5.36665431e-02,-5.49321653e-02,-5.61995890e-02,-5.72815994e-02,-5.84175563e-02,-6.00049904e-02,-6.13148105e-02,-6.26310652e-02,-6.36900258e-02,-6.33762199e-02,-5.96082052e-02,-5.57377124e-02,-5.35301382e-02,-5.16859140e-02,-4.72710287e-02,-4.09864255e-02,-3.55587704e-02,-3.03339613e-02,-2.51854463e-02,-2.05408029e-02,-1.60464813e-02,-1.25187285e-02,-9.50125806e-03,-5.27376039e-03,-1.86747779e-03,1.70148811e-03,2.73936142e-03,1.82146892e-03,-3.71535249e-03,-1.00655687e-02,-1.48691872e-02,-1.82962144e-02,-2.13621371e-02,-2.42462190e-02,-2.72814930e-02,-2.95691610e-02,-3.15358173e-02
-1.08809529e-02,-1.00455980e-02,-1.04004434e-02,-1.06261483e-02,-1.18380451e-02,-1.25832935e-02,-1.48323833e-02,-1.81795250e-02,-2.23049155e-02,-2.67596016e-02,-2.91415557e-02,-3.16937641e-02,-3.22420881e-02,-3.26749070e-02,-3.36035325e-02,-3.43071751e-02,-3.45368893e-02,-3.41257713e-02,-3.51905439e-02,-3.66319219e-02,-3.86478210e-02,-4.07234729e-02,-4.42267963e-02,-4.97736505e-02,-5.52495679e-02,-6.06397462e-02,-6.40278042e-02,-6.34519029e-02,-6.20324228e-02,-5.97168594e-02,-5.80809490e-02,-5.77628797e-02,-5.67591489e-02,-5.60016440e-02,-5.68461836e-02,-5.71913642e-02,-5.45155466e-02,-4.92994851e-02,-4.52886405e-02,-4.04240938e-02,-3.58234886e-02,-3.03952738e-02,-2.72271001e-02,-2.52894655e-02,-2.48900935e-02,-2.64421738e-02,-2.83299884e-02,-2.73903279e-02,-2.51417849e-02,-2.28241237e-02,-1.96135006e-02,-1.65005885e-02,-1.58805098e-02,-1.41026854e-02,-1.09808267e-02,-8.88043553e-03,-7.85279107e-03,-8.33396280e-03,-8.31738348e-03,-9.01765868e-03,-9.87688175e-03,-9.32117958e-03,-9.23808789e-03,-1.07411626e-02
-3.18906578e-02,-3.26420529e-02,-3.24815395e-02,-3.22439054e-02,-3.37717825e-02,-3.44348691e-02,-3.38235381e-02,-3.45148727e-02,-3.68515731e-02,-3.99040816e-02,-4.31997888e-02,-4.81531308e-02,-5.17597073e-02,-5.43409438e-02,-5.24586998e-02,-4.94945911e-02,-4.59594574e-02,-4.21712240e-02,-3.86379505e-02,-3.71690465e-02,-3.68900298e-02,-3.48130743e-02,-3.22159658e-02,-2.99395398e-02,-2.66199077e-02,-2.39797738e-02,-2.32588639e-02,-2.19455736e-02,-2.07022552e-02,-1.98542861e-02,-1.70587563e-02,-1.56662776e-02,-1.54982105e-02,-1.53840487e-02,-1.49930063e-02,-1.53259560e-02,-1.70997895e-02,-1.61238137e-02,-1.53620656e-02,-1.84849444e-02,-2.19068462e-02,-2.44381406e-02,-2.51727815e-02,-2.56658229e-02,-2.44461556e-02,-2.16641627e-02,-1.85431494e-02,-1.49542165e-02,-1.29329815e-02,-1.36978225e-02,-1.34611795e-02,-1.11187697e-02,-1.06610595e-02,-9.79033366e-03,-7.55317372e-03,-6.37652689e-03,-5.39127424e-03,-7.33145916e-03,-1.13143781e-02,-1.59423506e-02,-1.98627245e-02,-2.32563528e-02,-2.65302335e-02,-2.99382094e-02
3.34473140e-02,3.67152784e-02,3.93240194e-02,3.88215309e-02,3.65851787e-02,3.59273739e-02,3.52460599e-02,3.62228088e-02,3.65566212e-02,3.70453918e-02,3.71505854e-02,3.51059327e-02,3.20126649e-02,3.06492245e-02,2.84381834e-02,2.56994917e-02,2.51784465e-02,2.37744673e-02,2.39718383e-02,2.31320606e-02,2.07515282e-02,1.81286514e-02,1.56616312e-02,1.31969487e-02,1.06421455e-02,9.35564291e-03,7.85944797e-03,6.88881511e-03,8.25850739e-03,1.03988100e-02,1.18120261e-02,1.16065815e-02,1.27332186e-02,1.55845270e-02,1.60250849e-02,1.49085180e-02,1.27152786e-02,9.98404120e-03,9.83128978e-03,9.06159817e-03,1.03596322e-02,1.06362687e-02,1.24110421e-02,1.44345496e-02,1.54793244e-02,1.43455997e-02,1.36323217e-02,1.20274070e-02,1.15230863e-02,1.19705081e-02,1.29230798e-02,1.29097291e-02,1.30904267e-02,1.29468720e-02,1.45855410e-02,1.53777774e-02,1.63752118e-02,1.69188175e-02,1.84768778e-02,1.93892325e-02,1.95215422e-02,2.23092093e-02,2.44938460e-02,2.79795911e-02
3.26632839e-02,3.04834170e-02,2.85001396e-02,2.59550952e-02,2.39927196e-02,2.17715709e-02,1.94791650e-02,1.67523284e-02,1.25767397e-02,7.91767708e-03,4.12168225e-03,-7.83369941e-04,-6.11110294e-03,-1.13215067e-02,-1.62818991e-02,-2.12948680e-02,-2.51161440e-02,-2.84985896e-02,-3.19139233e-02,-3.43537787e-02,-3.48792563e-02,-3.34174718e-02,-3.23870866e-02,-3.12860076e-02,-2.95157859e-02,-2.58615729e-02,-2.10247229e-02,-1.72826722e-02,-1.54310385e-02,-1.19142652e-02,-9.86685851e-03,-5.90120159e-03,-1.33929726e-03,3.23516999e-03,9.07720405e-03,1.45254955e-02,1.88549561e-02,2.13266942e-02,2.36687219e-02,2.67953198e-02,2.92978943e-02,3.21003336e-02,3.52322069e-02,3.98145425e-02,4.39085422e-02,4.79877494e-02,5.02263621e-02,5.31930841e-02,5.36866335e-02,5.40566702e-02,5.31777499e-02,5.02869888e-02,4.71111815e-02,4.40534677e-02,4.02161712e-02,3.70816890e-02,3.41774472e-02,3.36698553e-02,3.52668804e-02,3.54196785e-02,3.56393664e-02,3.51007735e-02,3.43441562e-02,3.44611756e-02
-7.60934910e-03,-8.22490282e-03,-9.17690486e-03,-1.08198191e-02,-1.24625947e-02,-1.27850297e-02,-1.23545194e-02,-1.26054194e-02,-1.38557075e-02,-1.67735933e-02,-2.03154148e-02,-2.33441519e-02,-2.49377389e-02,-2.53860290e-02,-2.41428481e-02,-2.31921736e-02,-2.37920121e-02,-2.34900477e-02,-2.44444768e-02,-2.47142402e-02,-2.51321167e-02,-2.46772246e-02,-2.32834070e-02,-2.06310348e-02,-1.65882574e-02,-1.61351008e-02,-1.65486981e-02,-1.58653272e-02,-1.36655514e-02,-1.12563288e-02,-8.79953665e-03,-5.20106805e-03,-1.97189698e-03,1.55785383e-03,5.48747634e-03,9.04696229e-03,1.04006509e-02,1.24980595e-02,1.40187704e-02,1.47597002e-02,1.43195089e-02,1.33990784e-02,1.12749689e-02,7.97618906e-03,5.45193364e-03,4.67806507e-03,3.15679453e-03,1.64926984e-03,1.60369821e-03,2.66028910e-03,3.67183176e-03,5.28901964e-03,4.49392530e-03,4.23959486e-03,9.49190807e-04,-2.64021077e-03,-7.19101533e-03,-8.83654064e-03,-8.40335790e-03,-6.27224166e-03,-3.27312060e-03,-2.69465219e-03,-4.60058220e-03,-6.33876938e-03
-1.61581151e-02,-1.11114381e-02,-8.11056775e-03,-7.39542705e-03,-7.79647088e-03,-7.59007233e-03,-7.38107705e-03,-7.29021023e-03,-8.68491025e-03,-1.03350851e-02,-1.33405413e-02,-1.60247499e-02,-1.83650056e-02,-2.32951479e-02,-2.75581758e-02,-3.04777864e-02,-3.29740161e-02,-3.60756696e-02,-3.75248550e-02,-3.65977493e-02,-3.38003921e-02,-3.04673741e-02,-2.47857388e-02,-1.84013988e-02,-1.52993467e-02,-1.16109077e-02,-6.87438566e-03,4.51323305e-05,5.07119577e-03,7.35988275e-03,7.45308821e-03,6.50357078e-03,6.81088735e-03,6.83792332e-03,7.33435573e-03,8.24547344e-03,9.24014292e-03,8.33098221e-03,4.98822240e-03,2.22417234e-03,4.24838836e-04,-2.68890127e-03,-5.82075236e-03,-6.28636733e-03,-6.54619567e-03,-5.06489939e-03,-3.37614922e-03,-2.24618860e-03,-2.08886913e-03,-2.31890338e-03,-3.74988542e-03,-4.80737632e-03,-5.33513487e-03,-5.78225273e-03,-7.56463198e-03,-9.14230713e-03,-8.51493429e-03,-7.44878215e-03,-7.16890060e-03,-8.79502512e-03,-1.15544761e-02,-1.31117394e-02,-1.72593135e-02,-1.80658727e-02
2.94945034e-02,3.62002232e-02,4.09792673e-02,4.67894891e-02,5.25387526e-02,5.64445130e-02,5.93628025e-02,5.85842855e-02,5.80864211e-02,5.60992226e-02,5.33615745e-02,4.99959338e-02,4.68863971e-02,4.61446063e-02,4.56559766e-02,4.41105184e-02,4.01505692e-02,3.72301436e-02,3.32233304e-02,2.77391548e-02,2.49324891e-02,2.37255985e-02,2.12110881e-02,1.72098212e-02,1.44500302e-02,1.25369564e-02,1.14839600e-02,8.30823112e-03,4.29244429e-03,2.21290612e-03,1.02587247e-03,7.25880068e-04,2.22036538e-03,3.17831342e-03,5.13225795e-04,-5.64256332e-03,-1.19637797e-02,-1.73905929e-02,-2.22231465e-02,-2.73030643e-02,-3.04322939e-02,-3.13006247e-02,-3.13870397e-02,-3.04740763e-02,-2.87344331e-02,-2.84705770e-02,-2.91460942e-02,-2.90022380e-02,-2.71821164e-02,-2.61358891e-02,-2.40096152e-02,-2.19619502e-02,-2.08681071e-02,-2.06498637e-02,-2.05357980e-02,-1.61646865e-02,-9.15586274e-03,-1.11367228e-03,5.03810104e-03,9.94130257e-03,1.34240028e-02,1.52268936e-02,1.77796690e-02,2.24070248e-02
2.65035177e-02,2.61601461e-02,2.33497198e-02,2.25581923e-02,2.26305303e-02,2.18050070e-02,2.21421494e-02,2.21710815e-02,2.20275925e-02,2.19970247e-02,2.08581187e-02,2.06832839e-02,1.92618130e-02,1.81861681e-02,1.53790270e-02,1.10698621e-02,7.13826648e-03,4.49324323e-03,2.82335762e-03,-8.18229230e-04,-4.72465048e-03,-9.11557357e-03,-1.02017469e-02,-1.12437030e-02,-1.00967041e-02,-7.86299557e-03,-4.82123164e-03,-3.02331946e-03,-1.26965839e-03,1.75983050e-03,4.59996703e-03,6.40099237e-03,6.81910470e-03,6.40312508e-03,5.37217255e-03,3.78592448e-03,2.45550600e-03,6.56097821e-04,1.95860736e-03,4.85109735e-03,9.26440687e-03,1.49864669e-02,2.10854227e-02,2.60781391e-02,2.86203124e-02,3.00591549e-02,3.16372412e-02,3.59881579e-02,4.14217767e-02,4.68187581e-02,5.00926886e-02,4.91620097e-02,4.38009903e-02,3.61207088e-02,2.96712393e-02,2.49377253e-02,2.07651964e-02,1.91149230e-02,1.84767430e-02,1.96807966e-02,2.17099964e-02,2.33575850e-02,2.64714080e-02,2.68837303e-02
2.31746466e-02,2.30973462e-02,2.38616534e-02,2.03035433e-02,1.56422469e-02,1.27214918e-02,1.10667436e-02,9.76331430e-03,9.05286706e-03,8.45889766e-03,7.26537433e-03,5.98422315e-03,5.93856086e-03,6.34445054e-03,7.89684941e-03,7.96704621e-03,7.02901065e-03,7.96941880e-03,1.09976512e-02,1.39701632e-02,1.62899522e-02,1.93154395e-02,2.17531894e-02,2.61799134e-02,3.16217855e-02,3.47119941e-02,3.80186124e-02,4.10303018e-02,4.45258206e-02,4.76496014e-02,5.06825448e-02,5.26599794e-02,5.29844378e-02,5.31021826e-02,5.42798449e-02,5.50009178e-02,5.43190564e-02,5.09280272e-02,4.76670208e-02,4.63701406e-02,4.39819723e-02,4.10698085e-02,3.91274879e-02,3.67890412e-02,3.58440271e-02,3.59176647e-02,3.46965729e-02,3.27471988e-02,3.18741978e-02,3.18476904e-02,3.11980115e-02,2.90680192e-02,2.73359064e-02,2.67382365e-02,2.49819412e-02,2.26325724e-02,2.07558997e-02,1.98977764e-02,1.84990853e-02,2.04819412e-02,2.38338484e-02,2.60399721e-02,2.60148437e-02,2.44505362e-02
2.64869219e-02,2.41760139e-02,2.16868641e-02,2.09002696e-02,1.85440660e-02,1.70790281e-02,1.70721184e-02,1.82135064e-02,2.06793257e-02,2.34504826e-02,2.50833612e-02,2.48788395e-02,2.59233333e-02,2.72340256e-02,2.70255536e-02,2.56698645e-02,2.37191200e-02,2.21911858e-02,2.26601270e-02,2.28979312e-02,2.28907096e-02,2.25929792e-02,2.19689627e-02,2.14388766e-02,2.17165719e-02,2.08769916e-02,1.99281512e-02,2.00203677e-02,1.88009880e-02,1.92217150e-02,1.88639786e-02,1.80400346e-02,1.90544418e-02,1.79078330e-02,1.65287781e-02,1.78638288e-02,1.90839625e-02,2.10979313e-02,2.24133351e-02,2.46387034e-02,2.39549356e-02,2.29001166e-02,2.02756009e-02,1.74495628e-02,1.42436663e-02,1.31144476e-02,1.33160344e-02,1.62148928e-02,2.00617126e-02,2.46507357e-02,2.71372045e-02,2.76360588e-02,3.03858593e-02,3.25853541e-02,3.30883280e-02,3.19400003e-02,3.01176554e-02,2.71484647e-02,2.53599232e-02,2.63718186e-02,2.67626851e-02,2.76443713e-02,2.85092956e-02,2.74126322e-02
1.12754134e-02,1.40710284e-02,1.79480506e-02,2.24240103e-02,2.70932159e-02,3.26088318e-02,3.71318443e-02,3.85289928e-02,3.99626083e-02,4.21360379e-02,4.34877465e-02,4.34556140e-02,4.02923735e-02,3.64009168e-02,3.46257995e-02,3.47231831e-02,3.37706474e-02,3.21990721e-02,3.17008969e-02,3.19395054e-02,3.08340811e-02,3.03618064e-02,3.02907564e-02,2.81395803e-02,2.43252525e-02,2.21182626e-02,2.18631571e-02,2.30234854e-02,2.47699511e-02,2.54785815e-02,2.43443221e-02,2.18045991e-02,1.89019301e-02,1.71113957e-02,1.47917557e-02,1.15887651e-02,1.11924031e-02,1.24910885e-02,1.08904607e-02,6.86450102e-03,1.21405121e-03,-2.75330487e-03,-7.23151416e-03,-1.08860412e-02,-1.52256500e-02,-1.80147453e-02,-1.91529103e-02,-1.73477075e-02,-1.42083337e-02,-9.19708792e-03,-3.69225473e-03,1.39233797e-03,3.15644328e-03,4.14478421e-03,4.59699232e-03,4.77436899e-03,5.47199626e-03,5.13044886e-03,3.25286676e-03,1.69451606e-03,3.52797903e-04,3.06705178e-04,4.75536774e-03,8.63009256e-03
-1.03430160e-02,-4.52343421e-03,2.16148985e-03,9.00547336e-03,1.63652239e-02,2.16459553e-02,2.93071361e-02,3.53732520e-02,3.90986265e-02,4.17873525e-02,4.39948210e-02,4.41698152e-02,4.47861990e-02,4.33650657e-02,3.95938121e-02,3.57807122e-02,3.17529619e-02,2.70756530e-02,2.36986728e-02,1.80332915e-02,9.76670073e-03,1.37337168e-03,-5.43636666e-03,-1.14784922e-02,-1.56001739e-02,-1.76340584e-02,-1.93748621e-02,-1.96551988e-02,-2.09896379e-02,-2.21490141e-02,-2.22468755e-02,-2.27784533e-02,-2.36822073e-02,-2.52350654e-02,-2.86616193e-02,-2.93779138e-02,-2.89094537e-02,-2.80472152e-02,-2.61032473e-02,-2.50476697e-02,-2.32453368e-02,-1.93451337e-02,-1.54815034e-02,-1.08269983e-02,-5.16158878e-03,-1.20555414e-03,1.48618215e-03,1.84721316e-03,4.85087774e-06,-8.34219552e-04,-2.04908162e-03,-8.07936740e-04,-1.41015126e-03,-2.83993268e-03,-4.21447474e-03,-7.35906868e-03,-1.19175212e-02,-1.47325796e-02,-1.82510794e-02,-2.16094843e-02,-2.21792747e-02,-1.97802907e-02,-1.67686449e-02,-1.35643416e-02
-1.31451678e-03,1.22246632e-03,3.03724312e-03,5.13607145e-03,6.07933647e-03,6.97232806e-03,6.68127845e-03,8.45887416e-03,8.74746922e-03,5.73276134e-03,2.10530378e-03,-1.11461280e-03,-1.27103831e-03,-2.48558203e-03,-5.00177704e-03,-7.11874464e-03,-1.02052051e-02,-1.20759943e-02,-1.16093950e-02,-1.11925493e-02,-9.16564338e-03,-7.17992345e-03,-6.35234225e-03,-5.25251420e-03,-3.48857157e-03,-9.72590383e-04,1.45911770e-03,2.77281948e-04,1.32233097e-03,3.57330457e-03,6.44042879e-03,1.05396569e-02,1.42443640e-02,1.55974853e-02,1.50362533e-02,1.59715093e-02,1.73926102e-02,1.91106587e-02,2.07654274e-02,2.11762336e-02,2.08936971e-02,2.05595804e-02,1.67496353e-02,1.17912221e-02,7.81198323e-03,5.23276311e-03,4.55654225e-03,2.94349955e-03,-4.94140297e-04,-3.59655447e-03,-6.06333596e-03,-9.45833635e-03,-9.96729257e-03,-8.54423227e-03,-7.17787809e-03,-2.98402995e-03,2.03294913e-03,6.04586217e-03,6.49646262e-03,4.62061111e-03,2.43127259e-03,-7.67529216e-04,-4.03395404e-03,-4.19865144e-03
-2.60415439e-02,-2.64203242e-02,-2.52279570e-02,-2.30965884e-02,-2.18648537e-02,-2.00210122e-02,-1.74273793e-02,-1.41955725e-02,-1.09446276e-02,-8.48274521e-03,-5.78810281e-03,-4.57949051e-03,-2.70233478e-03,-4.41661300e-04,1.59597182e-03,5.69694432e-03,6.96374653e-03,6.92560500e-03,5.07634655e-03,3.17074458e-03,3.66528742e-03,3.91477754e-03,2.00180203e-03,9.90570629e-04,-9.52272438e-04,-8.37953860e-04,-6.13688260e-05,7.15395054e-04,2.33347043e-03,3.35752712e-03,8.04372683e-03,1.06989765e-02,1.17724703e-02,1.18242888e-02,1.27094460e-02,1.59378940e-02,2.02103191e-02,2.24048323e-02,2.50551529e-02,2.55100078e-02,2.47321907e-02,2.72013704e-02,2.85378132e-02,2.92361564e-02,3.02621241e-02,3.02840470e-02,2.81450561e-02,2.37908072e-02,1.98644651e-02,1.53003250e-02,1.02422440e-02,4.29265274e-03,-1.63158354e-03,-7.37895489e-03,-1.13769658e-02,-1.71379275e-02,-2.17933047e-02,-2.43248870e-02,-2.78492229e-02,-2.95435159e-02,-2.79818399e-02,-2.84861887e-02,-2.70947674e-02,-2.60599639e-02
-5.09910319e-02,-5.18316104e-02,-5.37525186e-02,-5.56955207e-02,-5.47915871e-02,-5.23782161e-02,-4.82668343e-02,-4.16953984e-02,-3.78590768e-02,-3.38300987e-02,-2.99979275e-02,-2.79867731e-02,-2.73831444e-02,-2.51721368e-02,-2.48301414e-02,-2.69932292e-02,-2.80944794e-02,-3.01377751e-02,-3.40602975e-02,-3.45827291e-02,-3.42902203e-02,-3.25685897e-02,-2.99984503e-02,-2.89602491e-02,-3.04204071e-02,-3.21552294e-02,-3.38090793e-02,-3.57350639e-02,-3.52392137e-02,-3.32288619e-02,-3.22918855e-02,-3.03597426e-02,-2.81651954e-02,-2.50272380e-02,-2.20352731e-02,-2.05552017e-02,-1.87499236e-02,-1.65156415e-02,-1.44175137e-02,-1.19935022e-02,-1.20149079e-02,-1.28092481e-02,-1.41231190e-02,-1.63804399e-02,-1.85803595e-02,-2.06602813e-02,-2.41393151e-02,-2.71058590e-02,-3.05010008e-02,-3.48348712e-02,-3.87860354e-02,-4.24032045e-02,-4.53680642e-02,-4.82168236e-02,-4.98854126e-02,-5.24881086e-02,-5.43948914e-02,-5.42027944e-02,-5.48716431e-02,-5.44684695e-02,-5.30488988e-02,-5.18250300e-02,-5.02515987e-02,-5.05221355e-02
5.61129539e-02,5.39311237e-02,4.96685172e-02,4.52031479e-02,4.18053218e-02,3.87384177e-02,3.75074885e-02,3.83572059e-02,3.79234127e-02,3.51858922e-02,2.98322137e-02,2.45630025e-02,1.94126935e-02,1.35459621e-02,9.21099825e-03,5.18184016e-03,2.32982420e-03,-2.49652788e-04,-1.84462206e-03,-4.35834919e-03,-5.78309026e-03,-7.26870764e-03,-6.95321691e-03,-9.89503769e-03,-1.29041844e-02,-1.52606903e-02,-1.53369388e-02,-1.59944492e-02,-1.66129181e-02,-1.82181853e-02,-2.09066377e-02,-2.34153655e-02,-2.40163571e-02,-2.53671175e-02,-2.77456373e-02,-3.10218078e-02,-3.11702569e-02,-2.86831331e-02,-2.62353985e-02,-2.39253868e-02,-2.35652733e-02,-2.16151339e-02,-1.86382929e-02,-1.44439499e-02,-8.18134415e-03,-4.13134990e-04,6.82187403e-03,1.54436239e-02,2.30066939e-02,2.93627355e-02,3.31665104e-02,3.56793016e-02,3.77461965e-02,4.10856843e-02,4.55339632e-02,4.85012006e-02,5.09852835e-02,5.50049546e-02,5.90529531e-02,5.97867814e-02,5.90829088e-02,5.82303393e-02,5.82676627e-02,5.72829072e-02
1.14132498e-02,1.47502568e-02,1.88534494e-02,2.28070916e-02,2.70281259e-02,3.23331366e-02,3.93952001e-02,4.55511471e-02,5.07997222e-02,5.58996510e-02,5.75518961e-02,5.76495489e-02,5.71157414e-02,5.39177578e-02,5.00214803e-02,4.68048829e-02,4.37719774e-02,4.48886365e-02,4.49705676e-02,4.35105598e-02,3.98171126e-02,3.53219158e-02,2.95756983e-02,2.60198736e-02,2.38699962e-02,2.28028032e-02,2.31972298e-02,2.60974102e-02,2.72412536e-02,2.79663343e-02,2.93302652e-02,2.72420391e-02,2.43721538e-02,1.97552112e-02,1.60468288e-02,1.45086353e-02,1.24402406e-02,1.00748516e-02,1.04155842e-02,1.00219468e-02,8.27294393e-03,8.30334870e-03,1.04619199e-02,1.11161576e-02,1.00060764e-02,7.40766210e-03,5.65340909e-03,3.74983271e-03,2.20379186e-03,-2.13585633e-04,-2.97343692e-03,-7.34326884e-03,-1.03400904e-02,-1.30920836e-02,-1.47190815e-02,-1.57403511e-02,-1.39173980e-02,-9.13946382e-03,-2.94408399e-03,1.59355810e-03,3.48458515e-03,3.42823664e-03,4.67035592e-03,8.23339641e-03
-1.38194679e-03,2.99523922e-04,3.36898040e-03,5.98551306e-03,9.23973705e-03,1.28226511e-02,1.71192398e-02,2.08052296e-02,2.18788702e-02,2.13845098e-02,1.96007905e-02,1.60122167e-02,1.24482893e-02,1.06079660e-02,1.03465765e-02,1.08029464e-02,1.17873945e-02,1.25891918e-02,1.28959845e-02,1.23967953e-02,1.08860157e-02,8.05580551e-03,4.68701065e-03,3.90150711e-03,3.74085883e-03,4.46389706e-03,5.41036349e-03,6.29408681e-03,8.70240360e-03,1.08359019e-02,1.27426736e-02,1.33808550e-02,1.54477534e-02,1.55677956e-02,1.39395329e-02,1.44210761e-02,1.48383224e-02,1.37352931e-02,1.21800029e-02,9.00654295e-03,6.63694296e-03,5.33886620e-03,4.71977705e-03,5.54914957e-03,5.98866089e-03,8.59003820e-03,1.18909598e-02,1.44001392e-02,1.50028117e-02,1.44959473e-02,1.37749143e-02,1.38643993e-02,1.20601622e-02,9.26644495e-03,7.36830639e-03,6.06815000e-03,3.55583853e-03,1.48875227e-03,-1.69372109e-03,-4.93087166e-03,-5.93080215e-03,-7.03593439e-03,-6.15965681e-03,-3.28943430e-03
2.24349223e-03,-4.40827350e-04,-4.12760331e-03,-8.04495816e-03,-1.07626526e-02,-1.39469239e-02,-1.84779067e-02,-2.15622578e-02,-2.31587260e-02,-2.37800724e-02,-2.26825726e-02,-2.15416080e-02,-1.90279410e-02,-1.85119204e-02,-1.81557372e-02,-1.79087209e-02,-1.88643650e-02,-1.86349609e-02,-1.65686679e-02,-1.37746277e-02,-1.13675830e-02,-1.01423850e-02,-7.98870354e-03,-5.92550055e-03,-3.20655846e-03,-4.56586821e-04,-2.40197321e-04,-2.17656374e-04,-3.89452434e-03,-7.66808382e-03,-1.25020842e-02,-1.96328361e-02,-2.58705146e-02,-2.83688460e-02,-3.11399476e-02,-3.30005841e-02,-3.39749558e-02,-3.34916820e-02,-3.24795810e-02,-2.97751539e-02,-2.57005324e-02,-2.15621877e-02,-1.60321115e-02,-1.16207767e-02,-1.03422580e-02,-8.05583682e-03,-5.86095426e-03,-5.38195315e-03,-1.47960065e-03,1.13227630e-03,1.27875652e-03,1.65077673e-03,1.94636865e-03,4.04108791e-03,5.46269359e-03,7.35843580e-03,1.04569109e-02,9.42921629e-03,5.46629002e-03,2.74107358e-03,1.90275741e-03,2.40638358e-03,2.71574806e-03,2.99124451e-03
4.10367145e-02,4.20175828e-02,4.17154692e-02,4.19792400e-02,4.44647087e-02,4.76938396e-02,5.01810258e-02,5.39264323e-02,5.67728410e-02,5.99229722e-02,6.10425351e-02,6.11034366e-02,6.22067920e-02,6.31669236e-02,6.37839172e-02,6.39514314e-02,6.28373702e-02,6.03973050e-02,5.71249618e-02,5.48172331e-02,5.11213475e-02,4.73659851e-02,4.53886840e-02,4.43145731e-02,4.28293785e-02,4.34661849e-02,4.39632939e-02,4.37773053e-02,4.31391946e-02,4.21062364e-02,3.89782148e-02,3.51947336e-02,3.19722210e-02,2.69596372e-02,2.25199689e-02,1.95643821e-02,1.72323637e-02,1.36992792e-02,1.08430238e-02,1.33723175e-02,1.50349410e-02,1.76044673e-02,2.01155741e-02,1.99745064e-02,1.88203794e-02,1.72245094e-02,1.62842695e-02,1.53719528e-02,1.45024806e-02,1.59710222e-02,1.77891193e-02,1.95881690e-02,2.14527026e-02,2.40066736e-02,2.89377468e-02,3.47765990e-02,3.98280823e-02,4.32918133e-02,4.30816681e-02,4.15273058e-02,4.16106635e-02,4.08959382e-02,4.14665287e-02,4.14648384e-02
-9.61560659e-03,-1.15922714e-02,-1.37751221e-02,-1.45222154e-02,-1.60685837e-02,-1.91338036e-02,-2.07074188e-02,-1.99406456e-02,-2.01186460e-02,-1.92747100e-02,-1.85869576e-02,-1.93073942e-02,-2.06464631e-02,-2.24747094e-02,-2.18709272e-02,-2.07999748e-02,-1.83785293e-02,-1.49266838e-02,-1.31033334e-02,-1.31801120e-02,-1.49068670e-02,-1.39149655e-02,-1.26902642e-02,-1.25751754e-02,-1.38885929e-02,-1.32323074e-02,-1.22298232e-02,-1.19447826e-02,-1.24203785e-02,-1.10718587e-02,-7.37949652e-03,-4.00141890e-03,-2.13095365e-04,2.77542937e-03,5.22631558e-03,6.44315602e-03,7.66525137e-03,9.79505694e-03,1.15058701e-02,1.26852859e-02,1.41750304e-02,1.52854542e-02,1.60917137e-02,1.66067387e-02,1.48618513e-02,1.22908994e-02,8.58721165e-03,2.81386416e-03,-1.14615548e-03,-3.47400006e-03,-5.29405227e-03,-6.82396769e-03,-1.00109585e-02,-1.23427766e-02,-1.52308598e-02,-1.56325019e-02,-1.39534321e-02,-1.05674088e-02,-7.56578004e-03,-6.33143957e-03,-7.15113974e-03,-8.74544396e-03,-1.01316500e-02,-9.42196917e-03
-6.35092794e-02,-6.19529490e-02,-5.88904466e-02,-5.72868838e-02,-5.61235291e-02,-5.40250037e-02,-5.10472269e-02,-4.85627576e-02,-4.42159111e-02,-3.74677354e-02,-3.05898268e-02,-2.59268968e-02,-2.23066476e-02,-1.98949462e-02,-1.91452381e-02,-1.78005493e-02,-1.28879535e-02,-6.13390113e-03,-3.18139360e-03,-1.85685364e-03,-1.56856422e-04,3.28851965e-03,3.96353506e-03,1.59081788e-03,-1.00074328e-03,-7.47956192e-03,-1.38551664e-02,-1.85313262e-02,-2.21551896e-02,-2.42597148e-02,-2.37635660e-02,-2.35901625e-02,-2.51796468e-02,-2.57678001e-02,-2.83260269e-02,-3.27806434e-02,-3.54700119e-02,-3.60317869e-02,-3.48172216e-02,-3.41467926e-02,-3.50629282e-02,-3.72143779e-02,-3.98553439e-02,-4.22818063e-02,-4.43668324e-02,-4.72219656e-02,-4.97945596e-02,-5.27218721e-02,-5.71304069e-02,-6.24968760e-02,-6.60063662e-02,-6.84343801e-02,-6.97495922e-02,-7.18056397e-02,-7.26427791e-02,-7.16625853e-02,-7.23281745e-02,-7.27346185e-02,-7.27791725e-02,-7.38152805e-02,-7.36945601e-02,-7.06568614e-02,-6.68629957e-02,-6.46044946e-02
-2.13324513e-03,-5.40802373e-03,-8.00732758e-03,-9.96177746e-03,-1.03940763e-02,-1.16976174e-02,-1.40777136e-02,-1.78250680e-02,-1.90706361e-02,-2.03535073e-02,-2.19753913e-02,-2.43362375e-02,-2.40598791e-02,-2.42901720e-02,-2.33321456e-02,-2.06077890e-02,-1.69127121e-02,-1.25679461e-02,-8.10817759e-03,-6.45307812e-03,-5.36941322e-03,-4.94514004e-03,-4.14560417e-03,-1.90484346e-03,2.59830954e-03,9.99839808e-03,1.58150423e-02,2.13522890e-02,2.50626800e-02,2.72914740e-02,2.92731576e-02,3.00854918e-02,2.91841670e-02,3.05463777e-02,3.13818002e-02,3.13574145e-02,3.14864638e-02,3.36847344e-02,3.52516281e-02,3.65404465e-02,3.75444946e-02,3.64502054e-02,3.40335264e-02,3.26901341e-02,3.08986083e-02,2.99061105e-02,2.61124787e-02,2.11089669e-02,1.72240638e-02,1.60733022e-02,1.56008034e-02,1.47437897e-02,1.52142404e-02,1.48396327e-02,1.47355683e-02,1.27382992e-02,1.13398779e-02,8.92717159e-03,4.44973797e-03,2.57954032e-03,2.77029309e-03,4.64000908e-03,3.65972971e-03,1.71953797e-03
-1.85654580e-02,-2.25027875e-02,-2.70547248e-02,-2.66259075e-02,-2.58747004e-02,-2.45150200e-02,-2.44477806e-02,-2.35182603e-02,-2.29672544e-02,-2.20080064e-02,-2.17335798e-02,-2.22529977e-02,-2.25686862e-02,-2.08475154e-02,-2.05021856e-02,-1.92681589e-02,-1.82669380e-02,-1.66252398e-02,-1.47482519e-02,-1.13407816e-02,-7.99661636e-03,-5.70095360e-03,-3.31434488e-03,2.53692706e-04,5.14423222e-03,9.01338230e-03,1.26299581e-02,1.51403629e-02,1.55150823e-02,1.72534959e-02,1.89926731e-02,1.98310522e-02,2.08186240e-02,2.16913661e-02,2.19659293e-02,1.86442922e-02,1.50970912e-02,1.23291287e-02,9.49320645e-03,6.91408607e-03,4.16064265e-03,3.63067852e-03,4.41519128e-03,7.00550883e-03,8.41637329e-03,7.16738250e-03,7.27960406e-03,6.89076127e-03,5.32166897e-03,1.40401402e-03,-2.19834366e-03,-3.04729746e-03,-2.34732030e-03,-2.94706605e-03,-6.08440616e-03,-7.29734204e-03,-8.24281822e-03,-9.82432799e-03,-9.80426319e-03,-9.98892722e-03,-1.07734065e-02,-1.30177023e-02,-1.55557554e-02,-1.67926564e-02
7.65941845e-02,7.65588951e-02,7.76189394e-02,7.59274346e-02,7.45723681e-02,7.08719846e-02,6.51705258e-02,5.87764978e-02,5.28756556e-02,4.85630738e-02,4.46668427e-02,4.24131263e-02,3.90980017e-02,3.64116019e-02,3.31050900e-02,3.01245473e-02,2.81137919e-02,2.69560122e-02,2.72634784e-02,2.84659765e-02,2.80559095e-02,2.79057620e-02,2.73861665e-02,2.79077976e-02,3.26227196e-02,3.77479175e-02,4.10558738e-02,4.26191656e-02,4.19403755e-02,4.19996282e-02,4.01336536e-02,3.93396596e-02,4.08707813e-02,4.41193185e-02,4.75557028e-02,5.12618109e-02,5.33089043e-02,5.59235377e-02,6.00976391e-02,6.30074344e-02,6.44330821e-02,6.41879855e-02,6.38987339e-02,6.70632990e-02,7.02107912e-02,7.26431827e-02,7.55351587e-02,7.92005041e-02,8.20349123e-02,8.40478690e-02,8.54000724e-02,8.85656937e-02,9.03820121e-02,9.01452020e-02,8.88335789e-02,8.87448687e-02,8.70368957e-02,8.51926816e-02,8.50515054e-02,8.51582121e-02,8.34109474e-02,8.14562352e-02,7.89748985e-02,7.78591706e-02
-1.17612617e-02,-1.33120317e-02,-1.49153269e-02,-1.73111137e-02,-1.78873084e-02,-1.91125520e-02,-2.05942697e-02,-2.28767369e-02,-2.60561931e-02,-3.09053889e-02,-3.45380163e-02,-3.77834805e-02,-3.88276938e-02,-3.98730717e-02,-3.87848787e-02,-3.77363591e-02,-3.74376994e-02,-3.55730400e-02,-3.43418740e-02,-3.14093846e-02,-2.75691558e-02,-2.27297550e-02,-1.80524593e-02,-1.16375566e-02,-5.64868544e-03,3.85490359e-05,5.45329008e-03,1.01444244e-02,1.39341206e-02,1.81959742e-02,2.12486232e-02,2.37572662e-02,2.67437436e-02,2.97322074e-02,3.15249988e-02,3.49544822e-02,3.99972801e-02,4.37569575e-02,4.34074669e-02,4.45892248e-02,4.55294439e-02,4.72994966e-02,4.80388138e-02,4.60310833e-02,4.30295801e-02,3.89843067e-02,3.44123977e-02,3.00780506e-02,2.55858346e-02,2.15028782e-02,1.62383261e-02,1.20606539e-02,1.04071365e-02,1.04815443e-02,1.06131480e-02,8.44893565e-03,6.95900276e-03,6.44405867e-03,4.49440823e-03,1.86874129e-03,-1.21994638e-03,-4.93395286e-03,-7.54127205e-03,-9.56171716e-03
3.22036370e-02,3.24200423e-02,2.96102071e-02,2.72345743e-02,2.49328349e-02,2.47798076e-02,2.46465972e-02,2.62879937e-02,2.65627633e-02,2.32917599e-02,2.06620129e-02,1.77157801e-02,1.42058726e-02,1.33044469e-02,1.27767199e-02,1.28642753e-02,1.47700328e-02,1.57677194e-02,1.62767174e-02,1.59988608e-02,1.59107626e-02,1.33732322e-02,1.31254341e-02,1.24407496e-02,1.18746550e-02,9.66095101e-03,7.26013126e-03,1.73835314e-03,-6.80732350e-03,-1.49817148e-02,-2.30388960e-02,-3.02898357e-02,-3.50596602e-02,-3.62853770e-02,-3.62384854e-02,-3.68543929e-02,-3.63484599e-02,-3.67445464e-02,-3.57782034e-02,-3.23492106e-02,-3.00509019e-02,-2.57939599e-02,-2.04017821e-02,-1.64315827e-02,-1.03302422e-02,-4.97352318e-03,1.35944873e-03,5.79371139e-03,9.68867407e-03,1.43362289e-02,1.95402173e-02,2.35244136e-02,2.53475470e-02,2.50374339e-02,2.44413090e-02,2.62957841e-02,2.68929537e-02,2.61432693e-02,2.48149870e-02,2.45943211e-02,2.59343208e-02,2.81893231e-02,2.99681947e-02,3.11874962e-02
1.91635173e-02,1.82325615e-02,1.70751914e-02,1.68592868e-02,1.71987360e-02,1.73837759e-02,1.61832526e-02,1.51278357e-02,1.29810048e-02,1.22831349e-02,1.06875753e-02,8.28946665e-03,5.70942243e-03,3.50574963e-03,9.55949299e-04,1.69588833e-04,-1.89266244e-03,-3.09514890e-03,-3.19832369e-03,-6.05427669e-03,-9.35919916e-03,-1.32441738e-02,-1.49197494e-02,-1.12136902e-02,-5.47278963e-03,1.68741901e-03,9.91369226e-03,1.62013573e-02,1.95171751e-02,2.19856537e-02,2.32994297e-02,2.48828143e-02,2.62018005e-02,2.59853187e-02,2.46402440e-02,2.40619426e-02,2.26054185e-02,1.78912534e-02,1.17201099e-02,7.54645706e-03,3.46556250e-03,-9.29456094e-05,-1.59832379e-03,6.94188879e-04,3.81536198e-03,5.71956032e-03,7.61690832e-03,8.36340219e-03,8.65626266e-03,8.80675878e-03,9.72708145e-03,1.13646124e-02,1.53302813e-02,1.98845126e-02,2.18038403e-02,2.27399012e-02,2.40031912e-02,2.54767991e-02,2.56960814e-02,2.50463022e-02,2.41097646e-02,2.30896557e-02,2.22581780e-02,2.05319973e-02
-3.24422822e-02,-2.89330439e-02,-2.53373147e-02,-2.21617942e-02,-1.90275788e-02,-1.55001429e-02,-1.30005531e-02,-9.57912954e-03,-6.49409569e-03,-5.34984894e-03,-3.11755273e-03,3.81768923e-04,3.84049266e-03,4.80718152e-03,2.78745207e-03,-8.77115637e-04,-2.83959662e-03,-4.01922599e-03,-3.99130972e-03,-1.21100216e-03,3.52190013e-03,8.35810990e-03,1.29827679e-02,1.62192925e-02,2.09246827e-02,2.31906054e-02,2.54102983e-02,2.63944195e-02,2.68562410e-02,2.62790391e-02,2.66176701e-02,2.92239753e-02,3.10190410e-02,3.19663295e-02,3.31157579e-02,3.22831126e-02,3.03140320e-02,2.87705173e-02,2.68827775e-02,2.58635657e-02,2.65188763e-02,2.89750121e-02,3.02610726e-02,2.96033787e-02,2.64462263e-02,2.32554456e-02,2.14014884e-02,1.97215656e-02,1.63767281e-02,1.56097714e-02,1.59797355e-02,1.60811625e-02,1.59148310e-02,1.53216118e-02,1.15785112e-02,6.66251233e-03,1.20339160e-03,-5.87231756e-03,-1.44259242e-02,-1.97770474e-02,-2.43432470e-02,-2.83987134e-02,-3.11888706e-02,-3.20706710e-02
-4.44082011e-02,-3.62529426e-02,-2.91249880e-02,-2.25027101e-02,-1.71216481e-02,-1.43940478e-02,-1.08774235e-02,-6.64023221e-03,-2.69541355e-03,1.58420244e-04,2.06890586e-03,4.50140116e-03,7.69335843e-03,1.01942172e-02,9.80972748e-03,7.67283862e-03,5.30491800e-03,4.18288672e-03,5.65304549e-03,8.42110677e-03,1.18021482e-02,1.44930790e-02,1.66083390e-02,1.59883148e-02,1.39094969e-02,1.14939024e-02,1.19746458e-02,1.24399274e-02,1.00755268e-02,7.48198294e-03,5.52288896e-03,3.15159621e-03,1.02734727e-03,-1.89236102e-03,-4.58631798e-03,-6.63598563e-03,-9.46312296e-03,-1.29106801e-02,-1.64017835e-02,-2.05734986e-02,-2.48557494e-02,-3.05995579e-02,-3.76776655e-02,-4.26418202e-02,-4.79624925e-02,-5.20652719e-02,-5.42774223e-02,-5.79163302e-02,-5.96428673e-02,-6.18595794e-02,-6.30340099e-02,-6.40974262e-02,-6.59522449e-02,-6.86709968e-02,-7.04496423e-02,-7.22717267e-02,-7.38902653e-02,-7.39696805e-02,-7.42828824e-02,-7.38278577e-02,-7.09216754e-02,-6.68501898e-02,-6.06628585e-02,-5.30830635e-02
-4.28825919e-02,-4.11834699e-02,-4.01790641e-02,-4.04914898e-02,-4.03615212e-02,-4.01121234e-02,-3.90331851e-02,-3.82809496e-02,-3.75613525e-02,-3.72879412e-02,-3.55670149e-02,-3.33701175e-02,-3.00536164e-02,-2.91075186e-02,-3.00975664e-02,-3.15809040e-02,-3.49461993e-02,-3.87596354e-02,-4.17841809e-02,-4.59801066e-02,-5.05613691e-02,-5.13360777e-02,-5.07972604e-02,-5.06076113e-02,-5.20883828e-02,-5.62157020e-02,-5.88962840e-02,-6.02351522e-02,-6.27541073e-02,-6.41874932e-02,-6.55353500e-02,-6.61981601e-02,-6.56607172e-02,-6.58970718e-02,-6.42416513e-02,-6.05560350e-02,-5.72556209e-02,-5.53988322e-02,-5.31484424e-02,-5.06644846e-02,-4.86359213e-02,-4.47183020e-02,-4.37127230e-02,-4.35256359e-02,-4.21418485e-02,-4.21520843e-02,-4.48763734e-02,-4.79699756e-02,-4.95863418e-02,-5.07622292e-02,-5.14656426e-02,-5.22206457e-02,-5.27950337e-02,-5.11961999e-02,-4.94856234e-02,-4.74914481e-02,-4.50380742e-02,-4.29021588e-02,-4.04004913e-02,-3.89986710e-02,-4.03239470e-02,-4.13895551e-02,-4.20549206e-02,-4.35521468e-02
2.01055597e-03,-4.22352722e-03,-9.16745588e-03,-1.34263128e-02,-1.49234350e-02,-1.21678978e-02,-8.54349205e-03,-3.24137537e-03,2.95915609e-03,7.79171908e-03,9.45886637e-03,1.19538739e-02,1.37268995e-02,1.34567978e-02,1.18805704e-02,1.11576092e-02,9.69914760e-03,8.96544433e-03,7.53272858e-03,7.93792792e-03,9.64110659e-03,1.26578640e-02,1.43611731e-02,1.59771915e-02,1.90524823e-02,2.09668067e-02,2.13384021e-02,2.13823838e-02,2.22556662e-02,2.21774507e-02,2.09806834e-02,1.95671444e-02,1.86247136e-02,1.83186545e-02,1.64279668e-02,1.50396999e-02,1.46704215e-02,1.27138299e-02,1.14026050e-02,9.46194726e-03,6.11109362e-03,2.39821268e-03,-1.17292436e-03,-4.92582182e-03,-8.52376033e-03,-9.98976876e-03,-1.01555669e-02,-7.68030556e-03,-3.21797226e-03,3.83820169e-04,2.81191960e-03,5.50793335e-03,7.25145175e-03,7.93511767e-03,8.94885917e-03,1.06371968e-02,1.06216592e-02,8.70894932e-03,8.07147389e-03,9.12229002e-03,8.64518293e-03,8.34689861e-03,8.10128174e-03,6.45676496e-03
-9.89086146e-03,-1.36771436e-02,-1.88620597e-02,-2.16644806e-02,-2.42747614e-02,-2.55330648e-02,-2.53831911e-02,-2.54534565e-02,-2.36258416e-02,-2.20938865e-02,-2.00424701e-02,-1.65727796e-02,-1.22028877e-02,-8.11229003e-03,-4.01036880e-03,-8.27988309e-04,3.14809491e-03,7.63514572e-03,1.04792933e-02,1.11488715e-02,1.04013730e-02,8.64960799e-03,8.03405438e-03,8.31462336e-03,9.19730759e-03,8.94102822e-03,1.14688299e-02,1.69713285e-02,1.95009832e-02,2.08712570e-02,2.07471746e-02,1.95295322e-02,1.62031426e-02,1.11232835e-02,7.34599079e-03,5.45895971e-03,5.24716974e-03,5.03631575e-03,4.44673285e-03,1.77516239e-03,1.31077730e-03,1.49636399e-04,-9.09668834e-04,-1.89916200e-03,-3.09539898e-03,-2.16428514e-03,-3.37413547e-03,-4.08191134e-03,-4.47250420e-03,-4.84492040e-03,-6.76064288e-03,-8.82096232e-03,-1.25191186e-02,-1.71637153e-02,-1.97654417e-02,-1.99000151e-02,-1.81019296e-02,-1.75552276e-02,-1.56016241e-02,-1.20540168e-02,-8.79820385e-03,-5.59052596e-03,-3.69458134e-03,-6.19921768e-03
1.32214744e-02,1.49757886e-02,1.61077980e-02,1.73922174e-02,2.03402254e-02,2.41071843e-02,2.54446047e-02,2.30752344e-02,1.97532869e-02,1.62778029e-02,1.26714202e-02,8.31792834e-03,2.39772508e-03,-3.89109916e-03,-6.08953268e-03,-8.20380875e-03,-7.42308541e-03,-7.13465322e-03,-6.58277552e-03,-4.72000773e-03,-1.52355757e-03,1.05548897e-03,3.25705986e-03,3.83971667e-03,3.58848067e-03,3.31029638e-03,3.97823223e-03,3.68865262e-03,2.12495081e-03,1.09671013e-03,1.08164728e-03,2.96999887e-03,5.13408187e-03,7.90193555e-03,9.94108138e-03,1.25316220e-02,1.58628415e-02,1.57831253e-02,1.42596559e-02,1.32689697e-02,1.45671896e-02,1.18149110e-02,9.40746157e-03,5.53644547e-03,3.18181864e-03,5.00509666e-04,-3.09707029e-03,-3.42832795e-03,-5.03448885e-03,-7.93440615e-03,-1.10525884e-02,-1.33662813e-02,-1.63651460e-02,-1.84510033e-02,-1.91669996e-02,-1.82109747e-02,-1.39628127e-02,-1.01681772e-02,-7.11844499e-03,-3.81586317e-03,6.98836085e-04,5.12927665e-03,7.88192377e-03,1.04758666e-02
6.62109653e-03,8.13025313e-03,1.03219112e-02,1.34766374e-02,1.68265630e-02,1.95723739e-02,2.13947099e-02,2.06215823e-02,2.02784369e-02,1.90362661e-02,1.79594626e-02,1.58770112e-02,1.46519165e-02,1.35589367e-02,1.09306371e-02,7.92523354e-03,6.29569586e-03,3.62103302e-03,2.64444872e-03,3.35792718e-03,1.27666579e-05,-3.49373689e-03,-4.95523254e-03,-5.57338368e-03,-7.20424571e-03,-9.25610014e-03,-1.22457602e-02,-1.45144925e-02,-2.11651036e-02,-2.74006229e-02,-3.27009266e-02,-3.77192195e-02,-3.90733936e-02,-3.76690320e-02,-3.55164045e-02,-3.33305030e-02,-3.25415838e-02,-3.16914889e-02,-3.10108060e-02,-2.88740425e-02,-2.36718736e-02,-2.06435306e-02,-1.69556879e-02,-1.40116454e-02,-1.13437191e-02,-7.88754935e-03,-3.62016404e-03,-3.20991917e-05,5.55189890e-03,8.87053692e-03,1.16819167e-02,1.32699683e-02,1.49336230e-02,1.43735217e-02,1.30318999e-02,9.72894390e-03,5.83166271e-03,5.31522420e-03,5.55463268e-03,5.45403229e-03,5.27696055e-03,4.98171807e-03,3.56960561e-03,5.11119141e-03
3.23831245e-03,2.88156397e-03,4.20572720e-05,-2.57237558e-03,-5.56289067e-03,-7.73633145e-03,-8.08771431e-03,-6.90526439e-03,-5.76651228e-03,-6.45779595e-03,-7.31265385e-03,-7.41740496e-03,-8.23941766e-03,-1.01389356e-02,-1.35408830e-02,-1.42094809e-02,-1.35834301e-02,-1.47481446e-02,-1.67440729e-02,-1.86720680e-02,-2.18321767e-02,-2.67374875e-02,-3.22162028e-02,-3.71736131e-02,-4.28029434e-02,-4.87256046e-02,-5.23469389e-02,-5.51029395e-02,-5.56732371e-02,-5.57165597e-02,-5.53916011e-02,-5.35138994e-02,-5.18851762e-02,-5.13088589e-02,-4.93442024e-02,-4.89771989e-02,-4.96438393e-02,-4.73463594e-02,-4.17443470e-02,-3.51399151e-02,-3.18848098e-02,-3.05982937e-02,-2.76654271e-02,-2.31915718e-02,-2.13840137e-02,-2.18501811e-02,-2.12210973e-02,-1.94272832e-02,-1.62472368e-02,-1.47095411e-02,-1.38277065e-02,-1.36607294e-02,-1.44293998e-02,-1.44475814e-02,-1.08829228e-02,-1.07969256e-02,-1.18567735e-02,-1.10457470e-02,-8.31420271e-03,-5.38236248e-03,-3.55315364e-03,-6.77732939e-04,8.52671676e-04,1.95594284e-03
-3.55481143e-03,-2.08990027e-03,5.49855490e-04,2.90347805e-03,4.76948864e-03,7.73347030e-03,1.27813798e-02,1.64248138e-02,2.14812016e-02,2.41748912e-02,2.76054504e-02,2.98549083e-02,3.29860984e-02,3.86346335e-02,4.15820438e-02,4.25722948e-02,4.15569891e-02,4.31830354e-02,4.64228578e-02,4.91860029e-02,5.02816760e-02,5.01887650e-02,4.98336460e-02,4.61969919e-02,4.07318441e-02,3.59220480e-02,3.07742415e-02,2.53249487e-02,2.10362055e-02,1.85330084e-02,1.28374213e-02,8.56317548e-03,6.53530883e-03,5.48904534e-03,2.37982703e-03,-2.84984812e-04,-3.23912937e-03,-8.22389380e-03,-1.15658089e-02,-1.43826687e-02,-1.69218612e-02,-1.56304792e-02,-1.40936638e-02,-1.44784842e-02,-1.44885836e-02,-1.59301819e-02,-1.68797915e-02,-1.81763554e-02,-1.90845329e-02,-1.79329812e-02,-1.82800535e-02,-1.79808058e-02,-1.57368096e-02,-1.47477772e-02,-1.31168991e-02,-9.16561391e-03,-3.32279674e-03,9.27250427e-04,2.44985333e-03,1.85303137e-03,5.96911699e-04,-7.60778745e-04,-2.37698165e-03,-3.96358833e-03
2.49663769e-02,2.71820806e-02,3.03021642e-02,3.55846533e-02,4.02931150e-02,4.38731642e-02,4.76128731e-02,5.02923563e-02,5.10321149e-02,5.04687710e-02,5.13856161e-02,5.30907059e-02,5.33058622e-02,5.30330817e-02,5.24364488e-02,5.21733329e-02,5.28629608e-02,5.27628868e-02,5.21081214e-02,5.34229343e-02,5.49519676e-02,5.66645536e-02,5.88672072e-02,6.11181695e-02,6.21240195e-02,6.24268265e-02,6.28619182e-02,6.07399598e-02,5.82968451e-02,5.60085592e-02,5.42224749e-02,5.15235079e-02,4.90125748e-02,4.46995677e-02,4.12797878e-02,3.82433492e-02,3.41381782e-02,2.96483024e-02,2.29310018e-02,1.70513585e-02,1.25286640e-02,9.06704146e-03,7.26385251e-03,5.17160999e-03,2.00146309e-03,-1.73794785e-03,-3.86838838e-03,-4.92230539e-03,-4.37521005e-03,-2.03240038e-03,1.64618275e-03,3.79354429e-03,4.57126619e-03,4.53341151e-03,4.77093820e-03,6.46766931e-03,8.10427610e-03,7.80084687e-03,8.20357057e-03,8.98781551e-03,1.18962761e-02,1.64872433e-02,2.19896205e-02,2.43965953e-02
-1.68854418e-02,-1.72946258e-02,-1.72733815e-02,-1.48210704e-02,-1.25831598e-02,-1.05427510e-02,-7.61136092e-03,-7.59368242e-03,-1.06822846e-02,-1.36356225e-02,-2.00198111e-02,-2.59985489e-02,-2.74027785e-02,-2.86649316e-02,-3.09903019e-02,-3.22130235e-02,-3.21962629e-02,-3.33266385e-02,-3.48794224e-02,-3.72481139e-02,-4.03305528e-02,-4.29898576e-02,-4.56325072e-02,-4.64054531e-02,-4.76100779e-02,-4.95078191e-02,-4.77800847e-02,-4.47985754e-02,-3.93514092e-02,-3.35408704e-02,-2.71546730e-02,-1.97175420e-02,-1.25088745e-02,-7.49544808e-03,-4.97294281e-03,-3.46681692e-03,-3.48846263e-04,2.70566821e-03,2.66803299e-03,2.79501479e-03,2.56401147e-03,-3.40533272e-04,-2.75051345e-03,-4.77650956e-03,-8.71879816e-03,-1.32560756e-02,-1.58118286e-02,-1.72257867e-02,-1.78625894e-02,-2.02748976e-02,-2.25684967e-02,-2.36692866e-02,-2.35441228e-02,-2.15014836e-02,-2.12020439e-02,-2.21424579e-02,-2.29178959e-02,-2.38991234e-02,-2.51923823e-02,-2.56885758e-02,-2.44994084e-02,-2.37668813e-02,-2.05614329e-02,-1.78787225e-02
-2.62222383e-02,-2.78556162e-02,-2.69587533e-02,-2.74642721e-02,-2.76694801e-02,-2.57552826e-02,-2.07859468e-02,-1.29489726e-02,-4.57517620e-03,2.54528725e-03,8.99249306e-03,1.31316055e-02,1.83278419e-02,1.99823830e-02,2.06493748e-02,2.32838398e-02,2.83873810e-02,3.21281587e-02,3.30049737e-02,3.36522649e-02,3.36489766e-02,3.15448516e-02,3.25519858e-02,3.54620097e-02,3.74729516e-02,3.94286727e-02,4.04971092e-02,4.16959043e-02,4.19616503e-02,4.08455291e-02,3.72019242e-02,3.18042646e-02,2.75746012e-02,2.31264846e-02,1.75510795e-02,1.23275222e-02,7.08572609e-03,2.90135486e-03,-1.70019100e-03,-6.09352913e-03,-7.74391424e-03,-7.86414799e-03,-9.65630762e-03,-1.10208263e-02,-1.21814658e-02,-1.43182295e-02,-1.65239461e-02,-1.51137191e-02,-1.36388141e-02,-1.38051868e-02,-1.31891628e-02,-1.29122261e-02,-1.04768212e-02,-7.76261230e-03,-4.82697330e-03,-5.39727329e-03,-8.34243712e-03,-1.20361804e-02,-1.53141867e-02,-1.75266041e-02,-1.99799903e-02,-2.27122381e-02,-2.37729162e-02,-2.51398739e-02
-3.49121930e-02,-3.35319776e-02,-3.21023186e-02,-2.97028732e-02,-2.67795010e-02,-2.65893431e-02,-2.69943555e-02,-2.73080863e-02,-2.75103476e-02,-2.77114482e-02,-2.63112741e-02,-2.35111721e-02,-2.27353888e-02,-2.39879320e-02,-2.46748514e-02,-2.50599331e-02,-2.37954935e-02,-2.33214675e-02,-2.22026612e-02,-1.99240802e-02,-1.66206880e-02,-1.49678907e-02,-1.24233656e-02,-1.05070678e-02,-9.88896220e-03,-1.03403894e-02,-1.11450599e-02,-1.17672446e-02,-1.28248361e-02,-1.34590575e-02,-1.53636979e-02,-1.73829866e-02,-2.25781554e-02,-2.70079904e-02,-3.01236877e-02,-3.25729617e-02,-3.62471076e-02,-3.84759608e-02,-3.81131113e-02,-3.71415016e-02,-3.82948400e-02,-4.12534991e-02,-4.55256766e-02,-4.61883528e-02,-4.50522145e-02,-4.43085165e-02,-4.63700110e-02,-4.93734654e-02,-5.31923278e-02,-5.70810407e-02,-5.90323804e-02,-5.93896708e-02,-5.79071059e-02,-5.48180666e-02,-5.34431574e-02,-5.35770881e-02,-5.52214254e-02,-5.36665834e-02,-5.21838903e-02,-4.98144842e-02,-4.71164423e-02,-4.41785681e-02,-4.07577536e-02,-3.83146418e-02
-2.79539289e-02,-2.57997834e-02,-2.46538417e-02,-2.07840951e-02,-1.69972364e-02,-1.58954874e-02,-1.51199906e-02,-1.34204623e-02,-1.25978695e-02,-1.15977103e-02,-9.39668683e-03,-8.50815089e-03,-8.08234228e-03,-7.24881233e-03,-7.35489609e-03,-7.40386420e-03,-8.40858356e-03,-9.92327456e-03,-1.28451992e-02,-1.48614275e-02,-1.50748020e-02,-1.50927589e-02,-1.74748544e-02,-2.00508808e-02,-2.11823291e-02,-2.22484622e-02,-2.17915067e-02,-2.07711690e-02,-2.08077541e-02,-1.86910492e-02,-1.48943529e-02,-1.18207147e-02,-8.39061751e-03,-5.48833047e-03,-4.98759964e-03,-4.48596978e-03,-5.76104516e-03,-6.40176139e-03,-7.14499643e-03,-7.85799030e-03,-1.01503636e-02,-1.26940133e-02,-1.28290002e-02,-1.03877039e-02,-7.80669905e-03,-5.32056866e-03,-4.08866369e-03,-2.21234948e-03,-2.03687789e-03,-1.58958954e-03,-1.44929904e-03,-2.14290925e-03,-2.76438733e-03,-5.38179430e-03,-7.02587282e-03,-6.92071300e-03,-8.77772426e-03,-1.11583023e-02,-1.60537542e-02,-1.92436142e-02,-2.08627256e-02,-2.33828438e-02,-2.67096546e-02,-2.86274359e-02
5.40690471e-03,5.11457721e-03,3.10835105e-03,9.82372796e-05,-3.85545202e-03,-7.72807668e-03,-1.31093209e-02,-1.65982472e-02,-1.90667159e-02,-2.21930084e-02,-2.56105995e-02,-2.63656015e-02,-2.59956412e-02,-2.63140665e-02,-2.66605328e-02,-2.84595149e-02,-3.11565422e-02,-3.64687692e-02,-4.36125957e-02,-5.06459714e-02,-5.62092179e-02,-5.98398075e-02,-6.06858862e-02,-6.08884332e-02,-6.17535444e-02,-6.45579254e-02,-6.66637736e-02,-6.82957629e-02,-6.74783916e-02,-6.64371720e-02,-6.69551786e-02,-6.75993244e-02,-6.73189872e-02,-6.53485382e-02,-6.29391734e-02,-6.12243425e-02,-6.02890127e-02,-5.75420602e-02,-5.22306669e-02,-4.58235509e-02,-4.08435140e-02,-3.72740185e-02,-3.46258411e-02,-3.39367521e-02,-3.19477460e-02,-3.02298188e-02,-2.87187974e-02,-2.77516817e-02,-2.60824555e-02,-2.66333223e-02,-2.88711622e-02,-2.98578748e-02,-3.09554676e-02,-3.24475612e-02,-3.25041340e-02,-3.10704497e-02,-2.84202543e-02,-2.62767305e-02,-2.23211710e-02,-1.62987242e-02,-6.00435347e-03,1.17937526e-03,5.27703625e-03,5.52794034e-03
2.49763931e-03,2.02817059e-03,1.35353401e-03,7.20603967e-04,2.61833475e-04,7.42912992e-04,1.47399798e-03,2.06629967e-03,3.25935649e-03,4.35095173e-03,5.39396725e-03,6.47743474e-03,7.00722365e-03,7.34625541e-03,9.48269370e-03,9.99207342e-03,7.69656485e-03,4.94251722e-03,3.34151598e-03,5.28624182e-03,6.98203286e-03,9.27487993e-03,1.08961979e-02,1.24649394e-02,1.08898667e-02,9.55880880e-03,6.60108589e-03,-2.40831838e-04,-6.60848166e-03,-1.08715601e-02,-1.32916050e-02,-1.56640899e-02,-1.54925161e-02,-1.16485131e-02,-8.46066922e-03,-3.75482033e-03,-6.45156611e-04,-3.85559570e-04,-2.76583490e-04,1.28467514e-04,-1.06843424e-03,-3.55142385e-03,-6.83689509e-03,-1.07817493e-02,-1.40757798e-02,-1.72830185e-02,-1.87117831e-02,-2.00419895e-02,-2.18937791e-02,-2.27710948e-02,-2.24307013e-02,-2.06067458e-02,-1.89190441e-02,-1.60540874e-02,-1.62549744e-02,-1.59984245e-02,-1.47039114e-02,-1.40318838e-02,-1.12812767e-02,-8.04360640e-03,-5.96731430e-03,-4.15593669e-03,-2.98980553e-03,-2.99154437e-04
3.28019713e-02,3.10394714e-02,2.99767125e-02,2.71578797e-02,2.56661337e-02,2.26291772e-02,1.66947705e-02,1.02923829e-02,5.11055170e-03,2.70570179e-03,5.06423139e-04,-2.07894817e-03,-5.81665071e-03,-7.74925460e-03,-1.16195299e-02,-1.44603194e-02,-1.58076200e-02,-1.37525581e-02,-1.20756704e-02,-1.09560232e-02,-7.73400878e-03,-2.34016155e-03,1.79748023e-03,6.79765053e-03,1.26657740e-02,1.94317071e-02,2.56479900e-02,3.13367927e-02,3.61745948e-02,4.12948731e-02,4.76304493e-02,5.33416272e-02,5.67584876e-02,5.91884790e-02,6.16098219e-02,6.34784126e-02,6.34572919e-02,6.26207779e-02,6.26270064e-02,6.42365784e-02,6.45208436e-02,6.39191448e-02,6.31136547e-02,6.31147427e-02,6.18768818e-02,6.10744459e-02,6.06088070e-02,6.07902898e-02,5.91100764e-02,5.66332216e-02,5.38834390e-02,4.91626504e-02,4.37621018e-02,3.85245778e-02,3.52050272e-02,3.25207139e-02,3.04551383e-02,2.86725437e-02,2.64081588e-02,2.62738312e-02,2.83594891e-02,3.23899620e-02,3.44278883e-02,3.48137019e-02
2.09380895e-02,1.80799321e-02,1.30809041e-02,9.47989814e-03,5.26049285e-03,1.75299653e-03,-2.82019451e-03,-5.67411702e-03,-6.69364247e-03,-5.92472544e-03,-8.15041593e-03,-8.72211643e-03,-9.91704799e-03,-1.04788230e-02,-8.42700855e-03,-5.06252450e-03,-2.85989192e-03,8.07882322e-04,3.46070668e-03,4.68956025e-03,5.33742363e-03,4.46016401e-03,2.54995520e-03,2.75265813e-03,7.00420983e-03,1.16057068e-02,1.59999667e-02,1.90588374e-02,2.08601283e-02,2.08722967e-02,1.89242406e-02,1.97942363e-02,1.91551918e-02,1.63837765e-02,1.37891712e-02,1.34959168e-02,1.28040923e-02,1.08714496e-02,1.04004204e-02,1.04769291e-02,1.16332132e-02,1.41428589e-02,1.75149993e-02,2.02602811e-02,2.18946398e-02,2.24772497e-02,2.45584425e-02,2.76655614e-02,3.23458330e-02,3.63628883e-02,3.90370355e-02,4.03996216e-02,4.20305026e-02,4.14822334e-02,3.95282607e-02,3.69511399e-02,3.33171497e-02,3.08410935e-02,2.81309773e-02,2.55508739e-02,2.47935164e-02,2.30763189e-02,2.32623184e-02,2.36635950e-02
-1.30205808e-02,-1.20075035e-02,-9.79890764e-03,-8.15540193e-03,-6.54316212e-03,-5.50841986e-03,-2.63149915e-03,-5.54253021e-04,1.04136190e-03,2.29606984e-03,1.31262452e-03,6.08844630e-04,-5.62228777e-04,-2.29094506e-04,4.48831511e-05,4.91904723e-04,2.52039210e-03,3.84690505e-03,5.24065550e-03,6.29991383e-03,8.07798988e-03,1.08304727e-02,1.27062348e-02,1.31188277e-02,1.36116432e-02,1.64821746e-02,1.89817999e-02,2.03921339e-02,1.95674716e-02,1.85392769e-02,1.77868008e-02,1.58293910e-02,1.47086342e-02,1.38004012e-02,1.24457752e-02,9.37927219e-03,5.39993521e-03,3.25840400e-03,8.51389463e-04,-9.95277680e-04,-2.72846201e-03,-4.75132304e-03,-5.45569394e-03,-5.15949301e-03,-6.65563858e-03,-8.19026790e-03,-8.28504399e-03,-8.41372562e-03,-1.03050516e-02,-1.31511815e-02,-1.28936924e-02,-1.09911786e-02,-1.21538121e-02,-1.54278690e-02,-1.66552060e-02,-1.41709950e-02,-1.02697230e-02,-7.23427869e-03,-7.73388398e-03,-9.58528003e-03,-1.06307386e-02,-1.14800536e-02,-1.25507334e-02,-1.31945241e-02
-3.44389578e-02,-3.57901953e-02,-3.77164469e-02,-4.01316553e-02,-4.27837497e-02,-4.61267467e-02,-4.77390700e-02,-4.87910553e-02,-4.82967482e-02,-4.56647207e-02,-4.32902203e-02,-4.15349275e-02,-3.88901358e-02,-3.34447627e-02,-2.96861465e-02,-2.49678770e-02,-1.81734111e-02,-1.51362173e-02,-1.28502409e-02,-1.04096779e-02,-8.59826860e-03,-4.64061948e-03,1.35438966e-05,4.20179966e-03,7.33931201e-03,5.10138828e-03,3.89289862e-03,1.65388847e-03,-7.56328701e-04,-2.30761524e-03,-6.16107980e-03,-8.23296787e-03,-8.11411675e-03,-8.03273867e-03,-1.01801460e-02,-1.05746656e-02,-1.22709383e-02,-1.47460871e-02,-1.93077754e-02,-2.37065939e-02,-2.75333033e-02,-3.27493446e-02,-3.63203970e-02,-3.49900824e-02,-3.28390732e-02,-3.13962353e-02,-3.01759069e-02,-2.80484177e-02,-2.67182699e-02,-2.64631536e-02,-2.76122191e-02,-2.95128668e-02,-3.04578783e-02,-3.35071606e-02,-3.61597766e-02,-3.54965496e-02,-3.49194187e-02,-3.33734465e-02,-3.37990749e-02,-3.47324585e-02,-3.43171421e-02,-3.43398791e-02,-3.47094385e-02,-3.42767255e-02
2.01075986e-02,1.98560102e-02,1.96793376e-02,2.05275166e-02,2.10859792e-02,2.45107740e-02,2.74094954e-02,2.79001835e-02,2.83611247e-02,2.66086452e-02,2.47151455e-02,2.41937858e-02,2.36955363e-02,2.44364865e-02,2.35317269e-02,2.16272068e-02,2.07489032e-02,2.02009575e-02,1.91148560e-02,1.95597218e-02,1.98960002e-02,2.06518796e-02,2.22620188e-02,2.20214383e-02,2.13730558e-02,2.04061863e-02,2.00077671e-02,1.86379666e-02,1.75896684e-02,1.64480291e-02,1.34211982e-02,9.87457808e-03,6.08396147e-03,3.29768016e-03,3.02056555e-03,8.47159600e-04,4.02565067e-04,3.68212336e-04,2.71731211e-05,-4.75003744e-03,-1.09639737e-02,-1.85597952e-02,-2.52777077e-02,-2.96693251e-02,-3.38791976e-02,-3.70813438e-02,-3.86271211e-02,-3.79388737e-02,-3.65127006e-02,-3.62816132e-02,-3.43893066e-02,-3.22871058e-02,-2.92349655e-02,-2.40324866e-02,-1.82024421e-02,-1.29934424e-02,-8.47797218e-03,-4.99453093e-03,-2.40756547e-03,1.89056255e-03,7.39698277e-03,1.21958451e-02,1.45174046e-02,1.74120844e-02
8.86249649e-03,7.00809556e-03,3.68840811e-03,2.91487453e-03,3.93899813e-03,5.55591227e-03,7.46039419e-03,1.09581031e-02,1.48721391e-02,1.88977705e-02,2.07698965e-02,2.30411655e-02,2.42328865e-02,2.61478582e-02,2.66113856e-02,2.74802191e-02,3.05462349e-02,3.42942951e-02,3.70386694e-02,3.83479465e-02,3.78014761e-02,3.34442961e-02,2.85309014e-02,2.48948041e-02,2.08900093e-02,1.70353392e-02,1.27929509e-02,8.93141609e-03,4.82679788e-03,1.19378313e-03,-4.98307615e-03,-1.04681557e-02,-1.44772124e-02,-1.71396855e-02,-1.89114198e-02,-2.12362220e-02,-2.44856536e-02,-2.52067324e-02,-2.52079334e-02,-2.51762005e-02,-2.63801560e-02,-2.68229284e-02,-2.67424611e-02,-2.52042893e-02,-2.23864179e-02,-2.00078045e-02,-1.70105434e-02,-1.51646827e-02,-1.38674135e-02,-1.23600031e-02,-9.17621877e-03,-5.81967081e-03,-4.08692769e-03,-1.55427062e-03,2.15379899e-03,3.23260590e-03,4.00746966e-03,3.58635118e-03,4.27448165e-03,6.10397082e-03,6.54239546e-03,8.05310510e-03,9.73955697e-03,9.38374435e-03
-1.04005502e-02,-6.47957103e-03,-2.83099024e-03,2.68015906e-04,3.31528801e-03,5.69724620e-03,6.28556235e-03,8.97474464e-03,9.63211062e-03,1.08746814e-02,8.71393655e-03,7.26116799e-03,5.68314321e-03,3.78790564e-03,-8.84882731e-04,-5.49520230e-03,-1.14274275e-02,-1.43829701e-02,-1.55828809e-02,-1.56797841e-02,-1.22632883e-02,-6.69106638e-03,-2.40714201e-04,5.71103836e-03,1.20105237e-02,1.56247109e-02,1.91402473e-02,2.21789838e-02,2.46539313e-02,2.68114414e-02,2.79368011e-02,2.67107851e-02,2.58025662e-02,2.21328761e-02,1.58399901e-02,9.53683534e-03,3.98052114e-03,-2.92699223e-03,-9.14915946e-03,-1.44695041e-02,-2.13244979e-02,-2.64223886e-02,-2.81500694e-02,-3.05436731e-02,-3.08486163e-02,-3.24933051e-02,-3.20452684e-02,-3.26576304e-02,-3.23132594e-02,-3.19408044e-02,-3.39366468e-02,-3.55736848e-02,-3.69352881e-02,-3.55957123e-02,-3.31228777e-02,-3.15517946e-02,-3.13145449e-02,-3.01716740e-02,-2.74899888e-02,-2.38380979e-02,-2.18394224e-02,-1.99444230e-02,-1.74337983e-02,-1.40775758e-02
-3.12859087e-02,-3.20946477e-02,-3.27557224e-02,-3.19732772e-02,-3.13407057e-02,-3.22134429e-02,-3.15660324e-02,-3.04870031e-02,-2.95347243e-02,-2.78777339e-02,-2.65395942e-02,-2.73949168e-02,-2.86256866e-02,-2.83345518e-02,-3.16021955e-02,-3.44400147e-02,-3.45684569e-02,-3.41726272e-02,-3.49227332e-02,-3.42830241e-02,-3.26725139e-02,-3.27409314e-02,-3.12506016e-02,-2.92503275e-02,-2.72463185e-02,-2.45821977e-02,-2.20687920e-02,-1.86932750e-02,-1.72590912e-02,-1.66929702e-02,-1.72595776e-02,-1.69569515e-02,-1.69125311e-02,-1.75802667e-02,-1.71453388e-02,-1.60795730e-02,-1.57510689e-02,-1.60818927e-02,-1.60663276e-02,-1.58983819e-02,-1.57916326e-02,-1.50499351e-02,-1.20645943e-02,-9.79660423e-03,-1.14648231e-02,-1.56963418e-02,-1.93370644e-02,-2.30150221e-02,-2.60360839e-02,-2.77313451e-02,-2.79507140e-02,-2.71295031e-02,-2.48731369e-02,-2.16561003e-02,-2.03961250e-02,-2.11701425e-02,-2.26228970e-02,-2.35475985e-02,-2.36969308e-02,-2.44275753e-02,-2.64731678e-02,-2.77943563e-02,-2.87458747e-02,-3.05977739e-02
3.58564045e-03,4.31269773e-03,5.79735401e-03,7.51722671e-03,8.53667265e-03,9.36291240e-03,1.13916029e-02,1.41713540e-02,1.47185107e-02,1.31426397e-02,1.03542420e-02,7.85895713e-03,6.88124812e-03,6.23133691e-03,7.42593459e-03,8.19605695e-03,1.02862845e-02,1.19484713e-02,1.29671462e-02,1.28781960e-02,1.17081246e-02,1.16730784e-02,1.01664260e-02,6.94697438e-03,3.32033380e-03,6.44398374e-04,1.72911179e-04,-4.81270208e-04,8.04649300e-04,3.12680437e-03,4.65189629e-03,6.11270276e-03,6.89855594e-03,7.54119378e-03,1.04402450e-02,1.18413773e-02,1.18258342e-02,1.13442522e-02,1.00529668e-02,8.58654111e-03,4.66828062e-03,1.13871811e-04,-3.19473721e-03,-7.50292708e-03,-1.05392307e-02,-1.34889254e-02,-1.63608135e-02,-2.10403359e-02,-2.53390004e-02,-2.76789787e-02,-2.94190274e-02,-2.88160661e-02,-2.85581190e-02,-2.89511577e-02,-3.01561296e-02,-3.18811214e-02,-3.00703325e-02,-2.69302148e-02,-2.38259327e-02,-1.96329905e-02,-1.40205531e-02,-9.66483734e-03,-5.63623733e-03,-2.94960902e-04
-6.89507044e-03,-3.61714971e-03,-2.39713422e-03,8.71793413e-04,3.94639658e-03,3.03353706e-03,9.76269341e-04,-2.78658902e-03,-8.64880218e-03,-1.10083224e-02,-1.30074808e-02,-1.31492829e-02,-1.31447583e-02,-1.41032669e-02,-1.65934249e-02,-1.78672582e-02,-1.82702678e-02,-1.98068090e-02,-2.18146599e-02,-2.20091859e-02,-2.28016832e-02,-2.36806606e-02,-2.54343274e-02,-2.78381123e-02,-3.06379088e-02,-3.19823816e-02,-3.19643822e-02,-3.28924394e-02,-3.79531129e-02,-4.23094775e-02,-4.52791941e-02,-4.70737224e-02,-4.76747970e-02,-4.82223611e-02,-5.03067956e-02,-5.14157569e-02,-5.11671644e-02,-4.95381595e-02,-4.87550256e-02,-4.76871021e-02,-4.79614264e-02,-4.90573706e-02,-4.95063977e-02,-5.21209516e-02,-5.51549915e-02,-5.66125626e-02,-5.55105105e-02,-5.40353069e-02,-5.23546603e-02,-5.13343709e-02,-4.96530953e-02,-4.62623648e-02,-4.15513494e-02,-3.80117761e-02,-3.45138357e-02,-3.24500853e-02,-3.16223493e-02,-3.00810537e-02,-2.94076331e-02,-2.84318045e-02,-2.75286599e-02,-2.54606703e-02,-1.89136766e-02,-1.25061193e-02
-1.44439240e-02,-1.78084805e-02,-2.01935363e-02,-2.08857431e-02,-2.24996434e-02,-2.55821653e-02,-2.78010647e-02,-2.85761274e-02,-2.91528945e-02,-2.85317868e-02,-2.50541707e-02,-1.98373437e-02,-1.50136082e-02,-1.04699194e-02,-7.17951172e-03,-4.81903926e-03,-8.89176965e-04,4.56816604e-03,8.60166883e-03,1.20545338e-02,1.49561566e-02,1.92461405e-02,2.59384957e-02,3.31825827e-02,3.68951074e-02,4.04416645e-02,4.40848272e-02,4.63588190e-02,4.91560136e-02,4.77067465e-02,4.46722756e-02,4.24784617e-02,3.91455282e-02,3.43501088e-02,3.06154848e-02,2.67064118e-02,2.14846541e-02,1.61281712e-02,1.30611969e-02,1.26637172e-02,1.47838424e-02,1.81755346e-02,1.99671607e-02,2.02937319e-02,2.02921389e-02,2.07496216e-02,1.95949248e-02,1.49579547e-02,9.04599746e-03,1.93936096e-03,-3.02691311e-03,-5.72700467e-03,-8.24587147e-03,-1.09126433e-02,-1.16829297e-02,-1.06748304e-02,-1.03997120e-02,-9.20054353e-03,-9.62353328e-03,-1.17250687e-02,-1.40625818e-02,-1.51051675e-02,-1.32559599e-02,-1.17163483e-02
