0.000000,0.015625,0.031250,0.046875,0.062500,0.078125,0.093750,0.109375,0.125000,0.140625,0.156250,0.171875,0.187500,0.203125,0.218750,0.234375,0.250000,0.265625,0.281250,0.296875,0.312500,0.328125,0.343750,0.359375,0.375000,0.390625,0.406250,0.421875,0.437500,0.453125,0.468750,0.484375,0.500000,0.515625,0.531250,0.546875,0.562500,0.578125,0.593750,0.609375,0.625000,0.640625,0.656250,0.671875,0.687500,0.703125,0.718750,0.734375,0.750000,0.765625,0.781250,0.796875,0.812500,0.828125,0.843750,0.859375,0.875000,0.890625,0.906250,0.921875,0.937500,0.953125,0.968750,0.984375
-8.49616021e-03,-8.10052976e-03,-8.79954802e-03,-7.96755002e-03,-6.75185983e-03,-6.47942658e-03,-7.32619673e-03,-9.11334703e-03,-8.96598381e-03,-8.58278337e-03,-7.82896495e-03,-4.00250353e-03,8.79425299e-04,5.33618824e-03,1.04489579e-02,1.41986269e-02,1.85507466e-02,2.51050729e-02,2.99501589e-02,3.63638479e-02,4.02570696e-02,4.24263670e-02,4.44711724e-02,4.45823429e-02,4.37495033e-02,4.17151502e-02,4.09572890e-02,4.17603354e-02,4.41665010e-02,4.55526899e-02,4.51659771e-02,4.25092637e-02,3.96974340e-02,3.85795246e-02,3.87398812e-02,3.77581559e-02,3.57236586e-02,3.19273606e-02,2.72800447e-02,2.27947111e-02,2.02529155e-02,1.73667257e-02,1.18277341e-02,8.66599133e-03,6.83016493e-03,3.66400810e-03,1.04516983e-03,-3.38554973e-03,-5.41746996e-03,-5.62739297e-03,-5.94697198e-03,-8.28976822e-03,-1.01704665e-02,-1.13747036e-02,-1.14463319e-02,-1.15055485e-02,-1.23663853e-02,-1.46534062e-02,-1.69515420e-02,-1.73849904e-02,-1.55998167e-02,-1.40270491e-02,-1.16883643e-02,-1.00822993e-02
-8.88582160e-03,-8.39533509e-03,-8.41255990e-03,-7.83948451e-03,-7.05512600e-03,-6.88434373e-03,-7.56302535e-03,-8.60062807e-03,-8.75973927e-03,-8.27626621e-03,-6.86139841e-03,-3.54467328e-03,8.58695132e-04,5.42977817e-03,1.01078565e-02,1.43691064e-02,1.90611500e-02,2.47070873e-02,3.00769526e-02,3.55078522e-02,3.95347698e-02,4.21181503e-02,4.38101329e-02,4.41529836e-02,4.34509917e-02,4.21361367e-02,4.15441318e-02,4.22121715e-02,4.38141869e-02,4.48688179e-02,4.44442427e-02,4.24963308e-02,4.02676863e-02,3.89848106e-02,3.84365749e-02,3.73425094e-02,3.51746423e-02,3.16843629e-02,2.74434025e-02,2.33753771e-02,2.01747043e-02,1.67739490e-02,1.24643782e-02,9.10382557e-03,6.56197839e-03,3.69121429e-03,6.86970129e-04,-2.70008967e-03,-4.80242048e-03,-5.65246698e-03,-6.49441043e-03,-8.22936092e-03,-9.91592792e-03,-1.10221078e-02,-1.14324389e-02,-1.18054954e-02,-1.28161046e-02,-1.46430473e-02,-1.63181980e-02,-1.66513070e-02,-1.54805108e-02,-1.38241091e-02,-1.18538191e-02,-1.01804389e-02
-9.15994071e-03,-8.55505825e-03,-8.26227156e-03,-7.78466432e-03,-7.26502798e-03,-7.17700578e-03,-7.66959278e-03,-8.32878295e-03,-8.46779675e-03,-7.85582753e-03,-6.18615032e-03,-3.10693250e-03,9.76116944e-04,5.44363864e-03,9.99172833e-03,1.44793838e-02,1.92829805e-02,2.45851583e-02,2.99051383e-02,3.49151679e-02,3.89019665e-02,4.16422537e-02,4.32749745e-02,4.37427847e-02,4.32760185e-02,4.24025243e-02,4.19925567e-02,4.24930876e-02,4.35916289e-02,4.43252825e-02,4.39328027e-02,4.24325398e-02,4.06005094e-02,3.92388119e-02,3.82791056e-02,3.69699083e-02,3.47521636e-02,3.14784648e-02,2.75616241e-02,2.36752433e-02,2.01649187e-02,1.65946585e-02,1.27664410e-02,9.38825093e-03,6.51598772e-03,3.63655603e-03,6.41290068e-04,-2.28367231e-03,-4.38048663e-03,-5.62703362e-03,-6.74678297e-03,-8.23452653e-03,-9.72128619e-03,-1.07960332e-02,-1.14236364e-02,-1.20322221e-02,-1.30826134e-02,-1.45814618e-02,-1.58478814e-02,-1.61107633e-02,-1.52264913e-02,-1.36999461e-02,-1.19319366e-02,-1.03385862e-02
-9.36053353e-03,-8.66654719e-03,-8.22585722e-03,-7.78811923e-03,-7.41873853e-03,-7.37560711e-03,-7.72186656e-03,-8.14331054e-03,-8.15703816e-03,-7.41955509e-03,-5.65103534e-03,-2.70733588e-03,1.15003506e-03,5.47685241e-03,9.97087204e-03,1.45515473e-02,1.93817894e-02,2.45131611e-02,2.96617455e-02,3.44306419e-02,3.83349862e-02,4.11239372e-02,4.27889058e-02,4.33788450e-02,4.31434481e-02,4.25776683e-02,4.23109859e-02,4.26752853e-02,4.34336558e-02,4.39153066e-02,4.35524786e-02,4.23408449e-02,4.07753177e-02,3.93873707e-02,3.81762012e-02,3.66699111e-02,3.44186874e-02,3.13032203e-02,2.76180723e-02,2.38362306e-02,2.02024515e-02,1.65824245e-02,1.29410192e-02,9.57748495e-03,6.54958813e-03,3.62091711e-03,7.05272709e-04,-1.99577874e-03,-4.08727075e-03,-5.56436467e-03,-6.84635648e-03,-8.23578495e-03,-9.58671249e-03,-1.06510427e-02,-1.14229542e-02,-1.21866344e-02,-1.32294109e-02,-1.44925124e-02,-1.54854219e-02,-1.56835385e-02,-1.49510981e-02,-1.35868257e-02,-1.19788443e-02,-1.04898104e-02
-9.51356735e-03,-8.76268165e-03,-8.24700529e-03,-7.82800556e-03,-7.53693337e-03,-7.50675064e-03,-7.74041669e-03,-7.98483748e-03,-7.85447569e-03,-7.00581494e-03,-5.19353872e-03,-2.34388212e-03,1.34830590e-03,5.54791264e-03,9.99464029e-03,1.46010165e-02,1.94185539e-02,2.44298230e-02,2.94101019e-02,3.40019971e-02,3.78179932e-02,4.06146583e-02,4.23346001e-02,4.30529644e-02,4.30210300e-02,4.26854286e-02,4.25247322e-02,4.27910530e-02,4.33140273e-02,4.36109289e-02,4.32614954e-02,4.22340743e-02,4.08467854e-02,3.94580537e-02,3.80904079e-02,3.64346564e-02,3.41543898e-02,3.11496567e-02,2.76266023e-02,2.39271094e-02,2.02613708e-02,1.66332503e-02,1.30680503e-02,9.71472459e-03,6.61336776e-03,3.65538100e-03,8.07003316e-04,-1.77708816e-03,-3.87091353e-03,-5.48139195e-03,-6.86409605e-03,-8.21837555e-03,-9.49432507e-03,-1.05591751e-02,-1.14251432e-02,-1.22810358e-02,-1.32966681e-02,-1.43891487e-02,-1.51933209e-02,-1.53341303e-02,-1.46934531e-02,-1.34732235e-02,-1.20058888e-02,-1.06136034e-02
-9.63847421e-03,-8.85365283e-03,-8.29534675e-03,-7.88525360e-03,-7.63380681e-03,-7.59680602e-03,-7.73551962e-03,-7.83343932e-03,-7.56584503e-03,-6.61971777e-03,-4.78188664e-03,-2.00584770e-03,1.55681486e-03,5.64592721e-03,1.00403888e-02,1.46382360e-02,1.94222813e-02,2.43301059e-02,2.91614650e-02,3.36059572e-02,3.73368130e-02,4.01275675e-02,4.19053248e-02,4.27488990e-02,4.28981063e-02,4.27452526e-02,4.26686718e-02,4.28646977e-02,4.32162823e-02,4.33736714e-02,4.30258708e-02,4.21211824e-02,4.08590922e-02,3.94788388e-02,3.80076940e-02,3.62413887e-02,3.39361825e-02,3.10109052e-02,2.76086918e-02,2.39834872e-02,2.03249280e-02,1.67045394e-02,1.31769077e-02,9.82880772e-03,6.69035094e-03,3.72029480e-03,9.21208095e-04,-1.59465392e-03,-3.69432823e-03,-5.38972110e-03,-6.84160321e-03,-8.18706191e-03,-9.42464999e-03,-1.04963021e-02,-1.14256604e-02,-1.23356444e-02,-1.33171359e-02,-1.42787991e-02,-1.49429317e-02,-1.50353638e-02,-1.44589572e-02,-1.33607431e-02,-1.20179303e-02,-1.07124946e-02
-9.74198837e-03,-8.94115511e-03,-8.35933252e-03,-7.95135025e-03,-7.71381189e-03,-7.65567538e-03,-7.71049377e-03,-7.68373007e-03,-7.29308526e-03,-6.26258992e-03,-4.40697956e-03,-1.68935908e-03,1.77029237e-03,5.76384488e-03,1.01005443e-02,1.46669831e-02,1.94028664e-02,2.42158668e-02,2.89175501e-02,3.32360357e-02,3.68881149e-02,3.96676539e-02,4.15004325e-02,4.24606529e-02,4.27703464e-02,4.27632387e-02,4.27559258e-02,4.29047519e-02,4.31338229e-02,4.31870581e-02,4.28325952e-02,4.20063089e-02,4.08299503e-02,3.94613099e-02,3.79236436e-02,3.60795331e-02,3.37545498e-02,3.08855421e-02,2.75745025e-02,2.40172753e-02,2.03861903e-02,1.67823772e-02,1.32757232e-02,9.93075104e-03,6.77590246e-03,3.80509384e-03,1.04020955e-03,-1.43657843e-03,-3.54355538e-03,-5.29384012e-03,-6.79446758e-03,-8.14542374e-03,-9.36913561e-03,-1.04515109e-02,-1.14217797e-02,-1.23588997e-02,-1.33036933e-02,-1.41644044e-02,-1.47241206e-02,-1.47778479e-02,-1.42487382e-02,-1.32514455e-02,-1.20165922e-02,-1.07885995e-02
-9.82952310e-03,-9.02502383e-03,-8.43041776e-03,-8.01987539e-03,-7.78041138e-03,-7.69172506e-03,-7.66981278e-03,-7.53393553e-03,-7.03535846e-03,-5.93176209e-03,-4.06133791e-03,-1.39062586e-03,1.98477308e-03,5.89414450e-03,1.01694124e-02,1.46900975e-02,1.93681895e-02,2.40913683e-02,2.86785248e-02,3.28871338e-02,3.64678850e-02,3.92349963e-02,4.11180742e-02,4.21842737e-02,4.26327945e-02,4.27484696e-02,4.27996644e-02,4.29194590e-02,4.30606822e-02,4.30355473e-02,4.26693810e-02,4.18922999e-02,4.07743117e-02,3.94169711e-02,3.78366042e-02,3.59389199e-02,3.35996565e-02,3.07719656e-02,2.75321714e-02,2.40367591e-02,2.04417630e-02,1.68595143e-02,1.33685729e-02,1.00272858e-02,6.86699704e-03,3.90097796e-03,1.15997621e-03,-1.29398624e-03,-3.40856306e-03,-5.19663168e-03,-6.73376880e-03,-8.09719690e-03,-9.32101581e-03,-1.04157080e-02,-1.14118797e-02,-1.23592004e-02,-1.32674473e-02,-1.40483373e-02,-1.45285350e-02,-1.45522977e-02,-1.40603136e-02,-1.31466518e-02,-1.20047352e-02,-1.08462842e-02
-9.90524647e-03,-9.10490339e-03,-8.50355349e-03,-8.08735080e-03,-7.83651921e-03,-7.71157966e-03,-7.61755532e-03,-7.38423417e-03,-6.79019981e-03,-5.62229429e-03,-3.73830216e-03,-1.10610997e-03,2.19791913e-03,6.03120751e-03,1.02431617e-02,1.47094756e-02,1.93238723e-02,2.39605883e-02,2.84441180e-02,3.25548449e-02,3.60710585e-02,3.88259814e-02,4.07545918e-02,4.19161041e-02,4.24858904e-02,4.27085249e-02,4.28120248e-02,4.29152815e-02,4.29921652e-02,4.29078250e-02,4.25262555e-02,4.17802064e-02,4.07025908e-02,3.93550801e-02,3.77467184e-02,3.58119634e-02,3.34632487e-02,3.06679728e-02,2.74864337e-02,2.40472515e-02,2.04913379e-02,1.69335088e-02,1.34573822e-02,1.01213941e-02,6.96153874e-03,4.00260422e-03,1.27896210e-03,-1.16116611e-03,-3.28324766e-03,-5.09946893e-03,-6.66591079e-03,-8.04498371e-03,-9.27618244e-03,-1.03833182e-02,-1.13958720e-02,-1.23434541e-02,-1.32164992e-02,-1.39321019e-02,-1.43497457e-02,-1.43503748e-02,-1.38893137e-02,-1.30464594e-02,-1.19855059e-02,-1.08903751e-02
-9.97031949e-03,-9.17974207e-03,-8.57566917e-03,-8.15139795e-03,-7.88251409e-03,-7.71756266e-03,-7.55547485e-03,-7.23516962e-03,-6.55730910e-03,-5.33306874e-03,-3.43625543e-03,-8.35425070e-04,2.40783088e-03,6.17193008e-03,1.03197840e-02,1.47258164e-02,1.92724890e-02,2.38257606e-02,2.82150064e-02,3.22385280e-02,3.56970153e-02,3.84405281e-02,4.04094748e-02,4.16550253e-02,4.23300622e-02,4.26454177e-02,4.27972813e-02,4.28939981e-02,4.29259461e-02,4.27976156e-02,4.23996797e-02,4.16708305e-02,4.06195958e-02,3.92799081e-02,3.76541933e-02,3.56954188e-02,3.33419442e-02,3.05730196e-02,2.74396436e-02,2.40510019e-02,2.05345947e-02,1.70030625e-02,1.35425553e-02,1.02140328e-02,7.05845677e-03,4.10748512e-03,1.39636694e-03,-1.03586079e-03,-3.16521414e-03,-5.00310862e-03,-6.59373833e-03,-7.98985486e-03,-9.23246154e-03,-1.03512682e-02,-1.13731177e-02,-1.23143473e-02,-1.31543875e-02,-1.38167125e-02,-1.41857882e-02,-1.41692234e-02,-1.37344815e-02,-1.29513711e-02,-1.19604398e-02,-1.09227599e-02
-1.00268260e-02,-9.24924282e-03,-8.64468150e-03,-8.21074930e-03,-7.91984582e-03,-7.71302725e-03,-7.48636893e-03,-7.08727165e-03,-6.33481836e-03,-5.06049478e-03,-3.15139701e-03,-5.76715243e-04,2.61338481e-03,6.31349322e-03,1.03974031e-02,1.47399343e-02,1.92168109e-02,2.36892328e-02,2.79912812e-02,3.19358922e-02,3.53423254e-02,3.80752190e-02,4.00798046e-02,4.13995530e-02,4.21669621e-02,4.25641990e-02,4.27617438e-02,4.28592794e-02,4.28598884e-02,4.26981002e-02,4.22845973e-02,4.15643205e-02,4.05301084e-02,3.91963430e-02,3.75598325e-02,3.55858277e-02,3.32313556e-02,3.04853391e-02,2.73933131e-02,2.40504017e-02,2.05725167e-02,1.70682293e-02,1.36246455e-02,1.03056034e-02,7.15656438e-03,4.21365848e-03,1.51198403e-03,-9.15736069e-04,-3.05212474e-03,-4.90788444e-03,-6.51945781e-03,-7.93276406e-03,-9.18826413e-03,-1.03175312e-02,-1.13441712e-02,-1.22755231e-02,-1.30850205e-02,-1.37028833e-02,-1.40333773e-02,-1.40041091e-02,-1.35925882e-02,-1.28610083e-02,-1.19315623e-02,-1.09464477e-02
-1.00761558e-02,-9.31338068e-03,-8.70960146e-03,-8.26492280e-03,-7.94958668e-03,-7.70015406e-03,-7.41209352e-03,-6.94088021e-03,-6.12130224e-03,-4.80193750e-03,-2.88105986e-03,-3.28631535e-04,2.81405269e-03,6.45430070e-03,1.04749392e-02,1.47523074e-02,1.91584924e-02,2.35524411e-02,2.77729529e-02,3.16453011e-02,3.50043576e-02,3.77272638e-02,3.97633199e-02,4.11487927e-02,4.19979760e-02,4.24685126e-02,4.27095978e-02,4.28133772e-02,4.27930734e-02,4.26052803e-02,4.21776333e-02,4.14604763e-02,4.04368259e-02,3.91073533e-02,3.74643122e-02,3.54812388e-02,3.31287505e-02,3.04035702e-02,2.73480351e-02,2.40468517e-02,2.06060443e-02,1.71294166e-02,1.37039850e-02,1.03961267e-02,7.25510841e-03,4.32014009e-03,1.62583651e-03,-7.99484521e-04,-2.94269910e-03,-4.81386442e-03,-6.44410140e-03,-7.87416898e-03,-9.14283469e-03,-1.02812592e-02,-1.13096818e-02,-1.22293048e-02,-1.30107346e-02,-1.35909683e-02,-1.38902884e-02,-1.38518665e-02,-1.34613050e-02,-1.27749327e-02,-1.19001577e-02,-1.09634293e-02
-1.01183775e-02,-9.37133149e-03,-8.76905032e-03,-8.31280390e-03,-7.97150814e-03,-7.67952924e-03,-7.33348335e-03,-6.79655349e-03,-5.91687476e-03,-4.55721854e-03,-2.62517328e-03,-9.16765436e-05,3.00862703e-03,6.59289536e-03,1.05514649e-02,1.47630430e-02,1.90985145e-02,2.34166124e-02,2.75609424e-02,3.13672303e-02,3.46833079e-02,3.73967223e-02,3.94599844e-02,4.09027915e-02,4.18236109e-02,4.23594454e-02,4.26419177e-02,4.27565712e-02,4.27243030e-02,4.25171726e-02,4.20771145e-02,4.13593382e-02,4.03412691e-02,3.90145844e-02,3.73681592e-02,3.53809370e-02,3.30330872e-02,3.03273383e-02,2.73042790e-02,2.40410344e-02,2.06354653e-02,1.71865385e-02,1.37804057e-02,1.04853071e-02,7.35347237e-03,4.42623496e-03,1.73771705e-03,-6.86702566e-04,-2.83652676e-03,-4.72121382e-03,-6.36816913e-03,-7.81411693e-03,-9.09544852e-03,-1.02415624e-02,-1.12695058e-02,-1.21765447e-02,-1.29326948e-02,-1.34814999e-02,-1.37561007e-02,-1.37116968e-02,-1.33401677e-02,-1.26933492e-02,-1.18669234e-02,-1.09743795e-02
-1.01548816e-02,-9.42368754e-03,-8.82312011e-03,-8.35483249e-03,-7.98695100e-03,-7.65306325e-03,-7.25199584e-03,-6.65432629e-03,-5.71987456e-03,-4.32354647e-03,-2.38093699e-03,1.35875567e-04,3.19737064e-03,6.72863683e-03,1.06264926e-02,1.47725103e-02,1.90378997e-02,2.32824935e-02,2.73547806e-02,3.10996660e-02,3.43760306e-02,3.70801999e-02,3.91672029e-02,4.06607464e-02,4.16454190e-02,4.22404809e-02,4.25625600e-02,4.26912364e-02,4.26528497e-02,4.24315064e-02,4.19806446e-02,4.12603034e-02,4.02448358e-02,3.89199069e-02,3.72719581e-02,3.52837121e-02,3.29423390e-02,3.02552468e-02,2.72619759e-02,2.40338385e-02,2.06618567e-02,1.72404055e-02,1.38543306e-02,1.05731022e-02,7.45120846e-03,4.53154702e-03,1.84785792e-03,-5.76508080e-04,-2.73275200e-03,-4.62973775e-03,-6.29199974e-03,-7.75284733e-03,-9.04601905e-03,-1.01985933e-02,-1.12247305e-02,-1.21191222e-02,-1.28524203e-02,-1.33743666e-02,-1.36288200e-02,-1.35806851e-02,-1.32268417e-02,-1.26154964e-02,-1.18326908e-02,-1.09809246e-02
-1.01861584e-02,-9.47052084e-03,-8.87163600e-03,-8.39100475e-03,-7.99636622e-03,-7.62154668e-03,-7.16831609e-03,-6.51433011e-03,-5.52973339e-03,-4.09989529e-03,-2.14736233e-03,3.54513076e-04,3.38013424e-03,6.86102553e-03,1.06996724e-02,1.47808436e-02,1.89771861e-02,2.31506068e-02,2.71545245e-02,3.08420067e-02,3.40814025e-02,3.67764204e-02,3.88840113e-02,4.04224477e-02,4.14641805e-02,4.21131831e-02,4.24731735e-02,4.26182406e-02,4.25783099e-02,4.23470615e-02,4.18870651e-02,4.11630736e-02,4.01481755e-02,3.88242353e-02,3.71760737e-02,3.51891128e-02,3.28556512e-02,3.01866852e-02,2.72210931e-02,2.40256676e-02,2.06857110e-02,1.72913607e-02,1.39258736e-02,1.06593827e-02,7.54801549e-03,4.63582467e-03,1.95629803e-03,-4.68573680e-04,-2.63104074e-03,-4.53934957e-03,-6.21569580e-03,-7.69039607e-03,-8.99444077e-03,-1.01523687e-02,-1.11758106e-02,-1.20578751e-02,-1.27706277e-02,-1.32695986e-02,-1.35076618e-02,-1.34576295e-02,-1.31203666e-02,-1.25410924e-02,-1.17978486e-02,-1.09837409e-02
-1.02121661e-02,-9.51139944e-03,-8.91395513e-03,-8.42080828e-03,-7.99963147e-03,-7.58525098e-03,-7.08288264e-03,-6.37690285e-03,-5.34656893e-03,-3.88625513e-03,-1.92454252e-03,5.63837810e-04,3.55620921e-03,6.98928151e-03,1.07705031e-02,1.47880533e-02,1.89168625e-02,2.30216621e-02,2.69608058e-02,3.05946278e-02,3.37995351e-02,3.64853449e-02,3.86103972e-02,4.01880997e-02,4.12804302e-02,4.19783199e-02,4.23744090e-02,4.25376856e-02,4.25000763e-02,4.22628175e-02,4.17955388e-02,4.10674717e-02,4.00517832e-02,3.87282808e-02,3.70809018e-02,3.50970319e-02,3.27726506e-02,3.01213972e-02,2.71816816e-02,2.40167795e-02,2.07072708e-02,1.73394852e-02,1.39949212e-02,1.07438621e-02,7.64350857e-03,4.73873407e-03,2.06290034e-03,-3.62839936e-04,-2.53129259e-03,-4.45003670e-03,-6.13927706e-03,-7.62665703e-03,-8.94045672e-03,-1.01026858e-02,-1.11228508e-02,-1.19932426e-02,-1.26878223e-02,-1.31674234e-02,-1.33924567e-02,-1.33421388e-02,-1.30204563e-02,-1.24701566e-02,-1.17626638e-02,-1.09830813e-02
-1.02338676e-02,-9.54716938e-03,-8.95084010e-03,-8.44512859e-03,-7.99784791e-03,-7.54527732e-03,-6.99633423e-03,-6.24179530e-03,-5.16914668e-03,-3.68073222e-03,-1.71051810e-03,7.65326458e-04,3.72636770e-03,7.11364938e-03,1.08390830e-02,1.47943547e-02,1.88571901e-02,2.28955997e-02,2.67728344e-02,3.03558432e-02,3.35280709e-02,3.62045164e-02,3.83445355e-02,3.99571329e-02,4.10950801e-02,4.18379221e-02,4.22685385e-02,4.24511002e-02,4.24184603e-02,4.21780447e-02,4.17050796e-02,4.09730147e-02,3.99558845e-02,3.86325493e-02,3.69865913e-02,3.50069604e-02,3.26924121e-02,3.00585801e-02,2.71434681e-02,2.40074684e-02,2.07271459e-02,1.73853894e-02,1.40618714e-02,1.08266722e-02,7.73765932e-03,4.84029671e-03,2.16790450e-03,-2.58870186e-04,-2.43307381e-03,-4.36156308e-03,-6.06274001e-03,-7.56178624e-03,-8.88437734e-03,-1.00501208e-02,-1.10667393e-02,-1.19261854e-02,-1.26045333e-02,-1.30674895e-02,-1.32819472e-02,-1.32324947e-02,-1.29256444e-02,-1.24020120e-02,-1.17273527e-02,-1.09797550e-02
-1.02513675e-02,-9.57778970e-03,-8.98217377e-03,-8.46391993e-03,-7.99114419e-03,-7.50189997e-03,-6.90894389e-03,-6.10911929e-03,-4.99735803e-03,-3.48308169e-03,-1.50508212e-03,9.58997533e-04,3.89041436e-03,7.23384066e-03,1.09052179e-02,1.47997760e-02,1.87984030e-02,2.27727119e-02,2.65907767e-02,3.01255811e-02,3.32667173e-02,3.59335615e-02,3.80861774e-02,3.97296070e-02,4.09085631e-02,4.16926717e-02,4.21562045e-02,4.23587766e-02,4.23332946e-02,4.20922430e-02,4.16151842e-02,4.08794944e-02,3.98606270e-02,3.85373485e-02,3.68933344e-02,3.49188356e-02,3.26146971e-02,2.99980163e-02,2.71064021e-02,2.39978557e-02,2.07455247e-02,1.74292085e-02,1.41267361e-02,1.09076999e-02,7.83029010e-03,4.94036525e-03,2.27126620e-03,-1.56606910e-04,-2.33629140e-03,-4.27386150e-03,-5.98604607e-03,-7.49574622e-03,-8.82618200e-03,-9.99474754e-03,-1.10077065e-02,-1.18570383e-02,-1.25210282e-02,-1.29698205e-02,-1.31758738e-02,-1.31282807e-02,-1.28355788e-02,-1.23365281e-02,-1.16920075e-02,-1.09739419e-02
-1.02647945e-02,-9.60328201e-03,-9.00792384e-03,-8.47721691e-03,-7.97970237e-03,-7.45541191e-03,-6.82097528e-03,-5.97896107e-03,-4.83106125e-03,-3.29302011e-03,-1.30798077e-03,1.14492762e-03,4.04821941e-03,7.34962676e-03,1.09687505e-02,1.48043487e-02,1.87407068e-02,2.26532407e-02,2.64147361e-02,2.99036984e-02,3.30151085e-02,3.56720442e-02,3.78350373e-02,3.95055782e-02,4.07213360e-02,4.15432906e-02,4.20380988e-02,4.22610675e-02,4.22444810e-02,4.20049742e-02,4.15253726e-02,4.07866741e-02,3.97660941e-02,3.84429245e-02,3.68012950e-02,3.48326016e-02,3.25392831e-02,2.99394887e-02,2.70704158e-02,2.39880434e-02,2.07625915e-02,1.74710901e-02,1.41895469e-02,1.09868527e-02,7.92124316e-03,5.03880746e-03,2.37294667e-03,-5.59934650e-05,-2.24084794e-03,-4.18684957e-03,-5.90914375e-03,-7.42851140e-03,-8.76589502e-03,-9.93669971e-03,-1.09460261e-02,-1.17861438e-02,-1.24375518e-02,-1.28744058e-02,-1.30739443e-02,-1.30290489e-02,-1.27498706e-02,-1.22735320e-02,-1.16566839e-02,-1.09658084e-02
-1.02747338e-02,-9.62430678e-03,-9.02878172e-03,-8.48574522e-03,-7.96424560e-03,-7.40639984e-03,-6.73267750e-03,-5.85106970e-03,-4.66949013e-03,-3.10943122e-03,-1.11802496e-03,1.32411900e-03,4.20046872e-03,7.46140434e-03,1.10299010e-02,1.48081974e-02,1.86840990e-02,2.25369200e-02,2.62440342e-02,2.96890615e-02,3.27717944e-02,3.54185093e-02,3.75900441e-02,3.92846749e-02,4.05338220e-02,4.13908018e-02,4.19154240e-02,4.21588999e-02,4.21524277e-02,4.19161452e-02,4.14353131e-02,4.06942858e-02,3.96722161e-02,3.83493160e-02,3.67104232e-02,3.47479975e-02,3.24657526e-02,2.98826071e-02,2.70353250e-02,2.39781151e-02,2.07786261e-02,1.75113716e-02,1.42505794e-02,1.10643000e-02,8.01061776e-03,5.13573063e-03,2.47311956e-03,4.32042132e-05,-2.14651391e-03,-4.10037957e-03,-5.83201598e-03,-7.36021514e-03,-8.70381052e-03,-9.87642550e-03,-1.08822311e-02,-1.17139547e-02,-1.23542596e-02,-1.27809504e-02,-1.29754428e-02,-1.29338752e-02,-1.26677066e-02,-1.22125791e-02,-1.16213923e-02,-1.09557345e-02
-1.02811357e-02,-9.64074877e-03,-9.04460584e-03,-8.48940663e-03,-7.94477162e-03,-7.35495807e-03,-6.64419258e-03,-5.72557483e-03,-4.51273473e-03,-2.93238908e-03,-9.35326101e-04,1.49638091e-03,4.34690622e-03,7.56891931e-03,1.10885072e-02,1.48113138e-02,1.86287230e-02,2.24239808e-02,2.60788988e-02,2.94818254e-02,3.25368427e-02,3.51729833e-02,3.73512636e-02,3.90670734e-02,4.03463214e-02,4.12355622e-02,4.17884660e-02,4.20523439e-02,4.20570693e-02,4.18254626e-02,4.13447244e-02,4.06021724e-02,3.95790025e-02,3.82566386e-02,3.66208324e-02,3.46650596e-02,3.23940662e-02,2.98273148e-02,2.70011140e-02,2.39681100e-02,2.07936885e-02,1.75500809e-02,1.43097931e-02,1.11399319e-02,8.09826778e-03,5.23100033e-03,2.57169924e-03,1.40958827e-04,-2.05327291e-03,-4.01441217e-03,-5.75461501e-03,-7.29081486e-03,-8.63991570e-03,-9.81397349e-03,-1.08164439e-02,-1.16406359e-02,-1.22712892e-02,-1.26894980e-02,-1.28803021e-02,-1.28426235e-02,-1.25889581e-02,-1.21536018e-02,-1.15861238e-02,-1.09437192e-02
-1.02842674e-02,-9.65292289e-03,-9.05573665e-03,-8.48856659e-03,-7.92165061e-03,-7.30139460e-03,-6.55566751e-03,-5.60238324e-03,-4.36045481e-03,-2.76138771e-03,-7.59348070e-04,1.66215554e-03,4.48782140e-03,7.67232833e-03,1.11446538e-02,1.48137542e-02,1.85745918e-02,2.23143217e-02,2.59190327e-02,2.92814681e-02,3.23095723e-02,3.49347854e-02,3.71182171e-02,3.88526583e-02,4.01591246e-02,4.10781563e-02,4.16578643e-02,4.19418225e-02,4.19588350e-02,4.17327852e-02,4.12533799e-02,4.05101499e-02,3.94863757e-02,3.81648876e-02,3.65324973e-02,3.45836739e-02,3.23240337e-02,2.97734263e-02,2.69676895e-02,2.39580638e-02,2.08079123e-02,1.75873792e-02,1.43673124e-02,1.12138113e-02,8.18421448e-03,5.32463962e-03,2.66874516e-03,2.37369275e-04,-1.96101446e-03,-3.92886541e-03,-5.67692171e-03,-7.22037752e-03,-8.57437650e-03,-9.74960146e-03,-1.07489676e-02,-1.15664418e-02,-1.21887322e-02,-1.25999022e-02,-1.27881552e-02,-1.27548141e-02,-1.25131921e-02,-1.20963447e-02,-1.15508478e-02,-1.09299193e-02
-1.02844855e-02,-9.66128353e-03,-9.06267589e-03,-8.48373298e-03,-7.89534094e-03,-7.24603544e-03,-6.46720259e-03,-5.48130686e-03,-4.21218133e-03,-2.59576367e-03,-5.89368460e-04,1.82209651e-03,4.62371816e-03,7.77197075e-03,1.11985384e-02,1.48155924e-02,1.85216379e-02,2.22076834e-02,2.57639380e-02,2.90872579e-02,3.20891080e-02,3.47030656e-02,3.68902803e-02,3.86411883e-02,3.99724172e-02,4.09190981e-02,4.15242658e-02,4.18279759e-02,4.18579531e-02,4.16382578e-02,4.11611867e-02,4.04180800e-02,3.93942320e-02,3.80739879e-02,3.64453189e-02,3.45036772e-02,3.22554427e-02,2.97207458e-02,2.69349465e-02,2.39479981e-02,2.08214271e-02,1.76234480e-02,1.44233133e-02,1.12860786e-02,8.26856806e-03,5.41675422e-03,2.76437965e-03,3.32572707e-04,-1.86961277e-03,-3.84366244e-03,-5.59894186e-03,-7.14901193e-03,-8.50740580e-03,-9.68359938e-03,-1.06801047e-02,-1.14915904e-02,-1.21066225e-02,-1.25119576e-02,-1.26985886e-02,-1.26699335e-02,-1.24399487e-02,-1.20405307e-02,-1.15155301e-02,-1.09145271e-02
-1.02816490e-02,-9.66564478e-03,-9.06522686e-03,-8.47474643e-03,-7.86576151e-03,-7.18889495e-03,-6.37889933e-03,-5.36251344e-03,-4.06813114e-03,-2.43577732e-03,-4.25690502e-04,1.97586883e-03,4.75426133e-03,7.86756336e-03,1.12499859e-02,1.48167989e-02,1.84699801e-02,2.21043010e-02,2.56139131e-02,2.88995056e-02,3.18757414e-02,3.44780923e-02,3.66677118e-02,3.84329242e-02,3.97864542e-02,4.07586035e-02,4.13878116e-02,4.17108496e-02,4.17542305e-02,4.15417127e-02,4.10679562e-02,4.03258295e-02,3.93025377e-02,3.79839872e-02,3.63593777e-02,3.44251389e-02,3.21883340e-02,2.96692930e-02,2.69028990e-02,2.39379254e-02,2.08342315e-02,1.76582518e-02,1.44777123e-02,1.13566062e-02,8.35117719e-03,5.50719821e-03,2.85848777e-03,4.26498872e-04,-1.77909257e-03,-3.75879070e-03,-5.52063931e-03,-7.07667696e-03,-8.43898009e-03,-9.61598173e-03,-1.06099153e-02,-1.14161748e-02,-1.20250569e-02,-1.24257355e-02,-1.26116336e-02,-1.25879784e-02,-1.23692050e-02,-1.19861269e-02,-1.14801196e-02,-1.08974538e-02
-1.02761318e-02,-9.66650395e-03,-9.06394648e-03,-8.46215870e-03,-7.83338487e-03,-7.13028157e-03,-6.29082262e-03,-5.24577998e-03,-3.92780959e-03,-2.28074227e-03,-2.67555045e-04,2.12418621e-03,4.88003595e-03,7.95952561e-03,1.12992448e-02,1.48174497e-02,1.84195045e-02,2.20038398e-02,2.54683841e-02,2.87174260e-02,3.16685729e-02,3.42590078e-02,3.64498728e-02,3.82275824e-02,3.96013480e-02,4.05971088e-02,4.12491028e-02,4.15910079e-02,4.16480207e-02,4.14433272e-02,4.09737010e-02,4.02333127e-02,3.92111777e-02,3.78947638e-02,3.62745298e-02,3.43478774e-02,3.21225030e-02,2.96188881e-02,2.68714464e-02,2.39278550e-02,2.08464356e-02,1.76919622e-02,1.45306965e-02,1.14255669e-02,8.43219557e-03,5.59611702e-03,2.95121685e-03,5.19292357e-04,-1.68933444e-03,-3.67418838e-03,-5.44204005e-03,-7.00350265e-03,-8.36932623e-03,-9.54703419e-03,-1.05386740e-02,-1.13403687e-02,-1.19440284e-02,-1.23410128e-02,-1.25268872e-02,-1.25084635e-02,-1.23005258e-02,-1.19328636e-02,-1.14445751e-02,-1.08788877e-02
-1.02681383e-02,-9.66413927e-03,-9.05915061e-03,-8.44628584e-03,-7.79848450e-03,-7.07037779e-03,-6.20301915e-03,-5.13099265e-03,-3.79095165e-03,-2.13028691e-03,-1.14550119e-04,2.26743553e-03,5.00135827e-03,8.04808354e-03,1.13464486e-02,1.48175854e-02,1.83701489e-02,2.19061169e-02,2.53270362e-02,2.85405878e-02,3.14671088e-02,3.40453454e-02,3.62364237e-02,3.80250271e-02,3.94171894e-02,4.04348883e-02,4.11085014e-02,4.14687828e-02,4.15395413e-02,4.13432001e-02,4.08784208e-02,4.01404715e-02,3.91200755e-02,3.78062390e-02,3.61906882e-02,3.42717886e-02,3.20578355e-02,2.95694311e-02,2.68405321e-02,2.39177907e-02,2.08580989e-02,1.77246718e-02,1.45823664e-02,1.14930517e-02,8.51170206e-03,5.68358457e-03,3.04264277e-03,6.11029436e-04,-1.60027409e-03,-3.58982246e-03,-5.36316123e-03,-6.92956741e-03,-8.29858054e-03,-9.47692854e-03,-1.04665463e-02,-1.12642785e-02,-1.18635369e-02,-1.22576626e-02,-1.24441170e-02,-1.24311065e-02,-1.22336539e-02,-1.18805757e-02,-1.14088609e-02,-1.08589247e-02
-1.02574705e-02,-9.65831212e-03,-9.05059579e-03,-8.42692382e-03,-7.76093634e-03,-7.00916622e-03,-6.11558711e-03,-5.01835924e-03,-3.65785951e-03,-1.98478733e-03,3.29006034e-05,2.40518024e-03,5.11782301e-03,8.13291248e-03,1.13913983e-02,1.48171618e-02,1.83220292e-02,2.18113889e-02,2.51902290e-02,2.83694084e-02,3.12717829e-02,3.38375244e-02,3.60277481e-02,3.78255897e-02,3.92342414e-02,4.02721185e-02,4.09660808e-02,4.13441376e-02,4.14286628e-02,4.12411597e-02,4.07819516e-02,4.00471908e-02,3.90291867e-02,3.77184351e-02,3.61079185e-02,3.41969525e-02,3.19944039e-02,2.95209756e-02,2.68101865e-02,2.39077354e-02,2.08691901e-02,1.77563087e-02,1.46326069e-02,1.15589106e-02,8.58952877e-03,5.76943739e-03,3.13262756e-03,7.01612361e-04,-1.51196327e-03,-3.50570189e-03,-5.28398018e-03,-6.85483435e-03,-8.22671251e-03,-9.40565927e-03,-1.03935622e-02,-1.11879685e-02,-1.17836692e-02,-1.21757768e-02,-1.23634034e-02,-1.23559650e-02,-1.21686135e-02,-1.18292436e-02,-1.13729023e-02,-1.08374270e-02
-1.02445809e-02,-9.64962736e-03,-9.03895436e-03,-8.40471608e-03,-7.72125466e-03,-6.94693840e-03,-6.02852527e-03,-4.90755829e-03,-3.52791887e-03,-1.84341601e-03,1.75724626e-04,2.53832828e-03,5.23021720e-03,8.21460678e-03,1.14344508e-02,1.48162703e-02,1.82749526e-02,2.17191723e-02,2.50572087e-02,2.82029274e-02,3.10815426e-02,3.36345519e-02,3.58230712e-02,3.76288340e-02,3.90524495e-02,4.01090780e-02,4.08223277e-02,4.12176096e-02,4.13158453e-02,4.11375171e-02,4.06844391e-02,3.99534780e-02,3.89384203e-02,3.76311958e-02,3.60260197e-02,3.41231418e-02,3.19319817e-02,2.94733351e-02,2.67803034e-02,2.38976878e-02,2.08798127e-02,1.77870578e-02,1.46816508e-02,1.16233942e-02,8.66592476e-03,5.85391294e-03,3.22138876e-03,7.91224473e-04,-1.42427508e-03,-3.42178173e-03,-5.20455315e-03,-6.77946305e-03,-8.15396175e-03,-9.33349473e-03,-1.03199462e-02,-1.11115423e-02,-1.17043510e-02,-1.20950905e-02,-1.22843363e-02,-1.22825727e-02,-1.21049977e-02,-1.17786247e-02,-1.13366875e-02,-1.08146304e-02
-1.02295029e-02,-9.63814662e-03,-9.02430744e-03,-8.37975399e-03,-7.67952965e-03,-6.88376931e-03,-5.94187973e-03,-4.79859869e-03,-3.40110281e-03,-1.70612156e-03,3.13981030e-04,2.66693119e-03,5.33857691e-03,8.29318744e-03,1.14756168e-02,1.48149145e-02,1.82289129e-02,2.16294433e-02,2.49279261e-02,2.80410705e-02,3.08963015e-02,3.34363556e-02,3.56223647e-02,3.74347979e-02,3.88719210e-02,3.99459234e-02,4.06774100e-02,4.10893367e-02,4.12011711e-02,4.10322963e-02,4.05858614e-02,3.98592878e-02,3.88477280e-02,3.75444796e-02,3.59449573e-02,3.40503241e-02,3.18705379e-02,2.94264833e-02,2.67508670e-02,2.38876464e-02,2.08899767e-02,1.78169330e-02,1.47295083e-02,1.16865039e-02,8.74088433e-03,5.93700408e-03,3.30892360e-03,8.79869536e-04,-1.33720258e-03,-3.33805983e-03,-5.12489240e-03,-6.70348767e-03,-8.08038576e-03,-9.26050863e-03,-1.02457725e-02,-1.10350536e-02,-1.16255964e-02,-1.20155628e-02,-1.22068553e-02,-1.22108203e-02,-1.20427036e-02,-1.17286392e-02,-1.13001740e-02,-1.07905323e-02
-1.02121917e-02,-9.62383613e-03,-9.00663699e-03,-8.35204077e-03,-7.63578899e-03,-6.81970990e-03,-5.85571957e-03,-4.69156187e-03,-3.27750160e-03,-1.57300269e-03,4.47562476e-04,2.79087615e-03,5.44279313e-03,8.36856371e-03,1.15148390e-02,1.48130801e-02,1.81839388e-02,2.15422646e-02,2.48024640e-02,2.78839285e-02,3.07161548e-02,3.32430403e-02,3.54257527e-02,3.72436307e-02,3.86928259e-02,3.97828262e-02,4.05314733e-02,4.09594129e-02,4.10846720e-02,4.09254750e-02,4.04861622e-02,3.97645558e-02,3.87570575e-02,3.74582550e-02,3.58647179e-02,3.39784968e-02,3.18100724e-02,2.93804199e-02,2.67218763e-02,2.38776084e-02,2.08996740e-02,1.78459154e-02,1.47761446e-02,1.17481899e-02,8.81434820e-03,6.01865176e-03,3.39518283e-03,9.67513794e-04,-1.25076431e-03,-3.25454556e-03,-5.04500780e-03,-6.62692835e-03,-8.00602128e-03,-9.18675401e-03,-1.01711022e-02,-1.09585574e-02,-1.15474366e-02,-1.19371932e-02,-1.21309546e-02,-1.21406477e-02,-1.19816611e-02,-1.16792186e-02,-1.12632992e-02,-1.07650789e-02
-1.01929651e-02,-9.60711893e-03,-8.98641069e-03,-8.32201830e-03,-7.59037710e-03,-6.75494412e-03,-5.77002502e-03,-4.58621042e-03,-3.15668062e-03,-1.44347919e-03,5.77122324e-04,2.91081099e-03,5.54343660e-03,8.44117256e-03,1.15523803e-02,1.48108306e-02,1.81398823e-02,2.14572794e-02,2.46802809e-02,2.77308273e-02,3.05403748e-02,3.30539214e-02,3.52326910e-02,3.70550017e-02,3.85150751e-02,3.96199159e-02,4.03847974e-02,4.08281794e-02,4.09666692e-02,4.08172970e-02,4.03854810e-02,3.96693197e-02,3.86663631e-02,3.73724160e-02,3.57851568e-02,3.39074971e-02,3.17504283e-02,2.93350186e-02,2.66932587e-02,2.38675694e-02,2.09089699e-02,1.78741291e-02,1.48217245e-02,1.18086377e-02,8.88650659e-03,6.09903802e-03,3.48032892e-03,1.05428732e-03,-1.16487738e-03,-3.17121725e-03,-4.96494680e-03,-6.54989755e-03,-7.93102537e-03,-9.11239609e-03,-1.00960621e-02,-1.08820968e-02,-1.14698042e-02,-1.18598111e-02,-1.20563434e-02,-1.20717709e-02,-1.19216178e-02,-1.16302165e-02,-1.12260683e-02,-1.07384400e-02
-1.01717956e-02,-9.58798073e-03,-8.96362890e-03,-8.28970269e-03,-7.54332554e-03,-6.68951659e-03,-5.68484991e-03,-4.48260375e-03,-3.03870282e-03,-1.31761737e-03,7.02590884e-04,3.02666453e-03,5.64043986e-03,8.51095822e-03,1.15882049e-02,1.48081552e-02,1.80967574e-02,2.13745220e-02,2.45614247e-02,2.75818226e-02,3.03690238e-02,3.28690724e-02,3.50432702e-02,3.68690215e-02,3.83387958e-02,3.94573230e-02,4.02374979e-02,4.06957188e-02,4.08472039e-02,4.07077645e-02,4.02837912e-02,3.95735397e-02,3.85756059e-02,3.72869324e-02,3.57062545e-02,3.38373140e-02,3.16915991e-02,2.92902749e-02,2.66650103e-02,2.38575247e-02,2.09178562e-02,1.79015592e-02,1.48662238e-02,1.18678141e-02,8.95732042e-03,6.17812364e-03,3.56432804e-03,1.14016491e-03,-1.07955892e-03,-3.08808809e-03,-4.88472486e-03,-6.47241879e-03,-7.85543248e-03,-9.03747838e-03,-1.00206981e-02,-1.08057105e-02,-1.13927223e-02,-1.17834176e-02,-1.19829874e-02,-1.20041473e-02,-1.18625202e-02,-1.15815771e-02,-1.11884314e-02,-1.07105762e-02
-1.01487535e-02,-9.56653152e-03,-8.93842494e-03,-8.25523088e-03,-7.49475398e-03,-6.62351041e-03,-5.60022652e-03,-4.38071751e-03,-2.92349167e-03,-1.19530215e-03,8.24102469e-04,3.13857017e-03,5.73391869e-03,8.57800732e-03,1.16223632e-02,1.48050635e-02,1.80545298e-02,2.12939129e-02,2.44457746e-02,2.74367642e-02,3.02019442e-02,3.26883570e-02,3.48574042e-02,3.66856756e-02,3.81640492e-02,3.92951705e-02,4.00897307e-02,4.05621855e-02,4.07264005e-02,4.05969561e-02,4.01811227e-02,3.94772054e-02,3.84847486e-02,3.72017529e-02,3.56279543e-02,3.37678911e-02,3.16335338e-02,2.92461487e-02,2.66371067e-02,2.38474679e-02,2.09263435e-02,1.79282284e-02,1.49096712e-02,1.19257487e-02,9.02681746e-03,6.25593388e-03,3.64720261e-03,1.22516403e-03,-9.94800636e-04,-3.00516540e-03,-4.80437032e-03,-6.39454309e-03,-7.77931168e-03,-8.96207618e-03,-9.94507460e-03,-1.07294342e-02,-1.13161849e-02,-1.17079586e-02,-1.19107906e-02,-1.19376650e-02,-1.18042624e-02,-1.15332223e-02,-1.11503558e-02,-1.06815074e-02
-1.01240537e-02,-9.54305482e-03,-8.91111018e-03,-8.21889428e-03,-7.44488578e-03,-6.55703990e-03,-5.51613317e-03,-4.28038650e-03,-2.81075225e-03,-1.07614197e-03,9.42099169e-04,3.24696936e-03,5.82426538e-03,8.64262227e-03,1.16550373e-02,1.48015981e-02,1.80130948e-02,2.12152053e-02,2.43329618e-02,2.72951989e-02,3.00386505e-02,3.25113185e-02,3.46747247e-02,3.65047279e-02,3.79907508e-02,3.91335146e-02,3.99416554e-02,4.04277913e-02,4.06044726e-02,4.04850465e-02,4.00775875e-02,3.93803600e-02,3.83937730e-02,3.71168113e-02,3.55501590e-02,3.36991179e-02,3.15761264e-02,2.92025552e-02,2.66094986e-02,2.38373942e-02,2.09344729e-02,1.79542183e-02,1.49521784e-02,1.19825709e-02,9.09513250e-03,6.33259799e-03,3.72906611e-03,1.30937238e-03,-9.10550117e-04,-2.92243967e-03,-4.72391894e-03,-6.31634575e-03,-7.70276225e-03,-8.88628859e-03,-9.86926210e-03,-1.06532844e-02,-1.12401388e-02,-1.16333115e-02,-1.18395815e-02,-1.18721405e-02,-1.17466909e-02,-1.14850680e-02,-1.11118537e-02,-1.06513523e-02
-1.00976247e-02,-9.51748286e-03,-8.88162954e-03,-8.18065966e-03,-7.39371743e-03,-6.49013633e-03,-5.43263757e-03,-4.18171300e-03,-2.70061653e-03,-9.60290653e-04,1.05641575e-03,3.35169840e-03,5.91133239e-03,8.70468640e-03,1.16861539e-02,1.47977370e-02,1.79724835e-02,2.11384796e-02,2.42231076e-02,2.71572779e-02,2.98793134e-02,3.23381373e-02,3.44954134e-02,3.63263535e-02,3.78190597e-02,3.89724883e-02,3.97933703e-02,4.02925941e-02,4.04814385e-02,4.03720225e-02,3.99731524e-02,3.92829639e-02,3.83026444e-02,3.70320852e-02,3.54728600e-02,3.36309965e-02,3.15193841e-02,2.91595013e-02,2.65821872e-02,2.38272948e-02,2.09422226e-02,1.79794925e-02,1.49936949e-02,1.20382186e-02,9.16219760e-03,6.40804861e-03,3.80985811e-03,1.39274092e-03,-8.26843981e-04,-2.83993691e-03,-4.64339070e-03,-6.23784607e-03,-7.62580727e-03,-8.81014447e-03,-9.79329412e-03,-1.05772953e-02,-1.11646130e-02,-1.15594940e-02,-1.17693626e-02,-1.18075601e-02,-1.16897759e-02,-1.14370686e-02,-1.10728667e-02,-1.06200430e-02
-1.00696223e-02,-9.49002375e-03,-8.85021346e-03,-8.14074433e-03,-7.34141743e-03,-6.42288911e-03,-5.34973026e-03,-4.08458311e-03,-2.59287600e-03,-8.47468632e-04,1.16736930e-03,3.45307542e-03,5.99540329e-03,8.76441855e-03,1.17158444e-02,1.47935096e-02,1.79326182e-02,2.10635551e-02,2.41159446e-02,2.70226750e-02,2.97235859e-02,3.21684900e-02,3.43192124e-02,3.61503914e-02,3.76489249e-02,3.88121428e-02,3.96450023e-02,4.01567593e-02,4.03574651e-02,4.02580218e-02,3.98679074e-02,3.91850535e-02,3.82113503e-02,3.69475242e-02,3.53959821e-02,3.35634414e-02,3.14632252e-02,2.91169214e-02,2.65551334e-02,2.38171632e-02,2.09496197e-02,1.80041076e-02,1.50342994e-02,1.20927840e-02,9.22810896e-03,6.48237766e-03,3.88965833e-03,1.47532948e-03,-7.43649468e-04,-2.75765647e-03,-4.56281826e-03,-6.15910511e-03,-7.54852418e-03,-8.73371948e-03,-9.71722367e-03,-1.05014784e-02,-1.10895669e-02,-1.14864143e-02,-1.17000068e-02,-1.17437865e-02,-1.16334014e-02,-1.13891585e-02,-1.10333997e-02,-1.05876633e-02
-1.00401821e-02,-9.46085558e-03,-8.81705702e-03,-8.09933030e-03,-7.28812462e-03,-6.35536856e-03,-5.26739669e-03,-3.98889312e-03,-2.48734635e-03,-7.37431027e-04,1.27523710e-03,3.55137861e-03,6.07672653e-03,8.82201091e-03,1.17442246e-02,1.47889423e-02,1.78934311e-02,2.09902748e-02,2.40112405e-02,2.68911070e-02,2.95711666e-02,3.20020938e-02,3.41458924e-02,3.59766915e-02,3.74802875e-02,3.86525053e-02,3.94966445e-02,4.00204171e-02,4.02326891e-02,4.01431613e-02,3.97619326e-02,3.90866652e-02,3.81198858e-02,3.68630898e-02,3.53194646e-02,3.34963817e-02,3.14075810e-02,2.90747604e-02,2.65283042e-02,2.38069939e-02,2.09566875e-02,1.80281133e-02,1.50740616e-02,1.21463490e-02,9.29295282e-03,6.55566769e-03,3.96853821e-03,1.55719150e-03,-6.60937059e-04,-2.67559657e-03,-4.48222766e-03,-6.08017180e-03,-7.47097422e-03,-8.65707211e-03,-9.64108962e-03,-1.04258386e-02,-1.10149629e-02,-1.14139947e-02,-1.16314095e-02,-1.16807092e-02,-1.15774761e-02,-1.13412892e-02,-1.09934637e-02,-1.05542893e-02
-1.00092017e-02,-9.42987471e-03,-8.78206960e-03,-8.05635476e-03,-7.23381728e-03,-6.28760375e-03,-5.18572136e-03,-3.89478157e-03,-2.38421287e-03,-6.30397264e-04,1.37978328e-03,3.64637545e-03,6.15509429e-03,8.87730035e-03,1.17711920e-02,1.47840044e-02,1.78549663e-02,2.09187536e-02,2.39091707e-02,2.67627952e-02,2.94223052e-02,3.18392086e-02,3.39757065e-02,3.58054849e-02,3.73133436e-02,3.84937273e-02,3.93483992e-02,3.98836208e-02,4.01071213e-02,4.00274213e-02,3.96551921e-02,3.89877593e-02,3.80282185e-02,3.67787634e-02,3.52433041e-02,3.34298260e-02,3.13524655e-02,2.90330297e-02,2.65017016e-02,2.37967736e-02,2.09633934e-02,1.80514564e-02,1.51129102e-02,1.21988287e-02,9.35663718e-03,6.62782758e-03,4.04641482e-03,1.63825762e-03,-5.78760145e-04,-2.59379544e-03,-4.40164570e-03,-6.00106688e-03,-7.39317766e-03,-8.58022644e-03,-9.56492172e-03,-1.03504101e-02,-1.09408363e-02,-1.13422656e-02,-1.15635899e-02,-1.16183303e-02,-1.15219803e-02,-1.12934161e-02,-1.09529893e-02,-1.05198312e-02
-9.97689860e-03,-9.39735323e-03,-8.74553930e-03,-8.01207711e-03,-7.17868209e-03,-6.21967236e-03,-5.10465033e-03,-3.80205810e-03,-2.28316270e-03,-5.25962597e-04,1.48146198e-03,3.73852054e-03,6.23091325e-03,8.93060273e-03,1.17969386e-02,1.47787420e-02,1.78171177e-02,2.08487408e-02,2.38093641e-02,2.66372854e-02,2.92765134e-02,3.16793658e-02,3.38082560e-02,3.56364819e-02,3.71479327e-02,3.83357763e-02,3.92003398e-02,3.97465141e-02,3.99809349e-02,3.99109656e-02,3.95478111e-02,3.88884066e-02,3.79363611e-02,3.66945066e-02,3.51674247e-02,3.33636789e-02,3.12977829e-02,2.89916515e-02,2.64752801e-02,2.37864986e-02,2.09697794e-02,1.80742214e-02,1.51509636e-02,1.22503638e-02,9.41931158e-03,6.69900158e-03,4.12341388e-03,1.71862358e-03,-4.97061422e-04,-2.51223812e-03,-4.32109744e-03,-5.92184591e-03,-7.31520415e-03,-8.50324509e-03,-9.48875385e-03,-1.02751811e-02,-1.08671219e-02,-1.12711144e-02,-1.14964077e-02,-1.15565103e-02,-1.14668085e-02,-1.12454987e-02,-1.09120219e-02,-1.04844258e-02
-9.94332880e-03,-9.36336946e-03,-8.70755563e-03,-7.96658452e-03,-7.12279011e-03,-6.15161750e-03,-5.02419102e-03,-3.71069194e-03,-2.18413009e-03,-4.24034460e-04,1.58038089e-03,3.82792339e-03,6.30428169e-03,8.98199389e-03,1.18215090e-02,1.47731639e-02,1.77798557e-02,2.07801713e-02,2.37117262e-02,2.65144651e-02,2.91336748e-02,3.15224608e-02,3.36434634e-02,3.54696423e-02,3.69840560e-02,3.81786909e-02,3.90525326e-02,3.96091765e-02,3.98542084e-02,3.97938588e-02,3.94398335e-02,3.87886266e-02,3.78443106e-02,3.66102983e-02,3.50917938e-02,3.32979028e-02,3.12434969e-02,2.89505959e-02,2.64490200e-02,2.37761616e-02,2.09758503e-02,1.80964242e-02,1.51882461e-02,1.23009836e-02,9.48100654e-03,6.76921816e-03,4.19955856e-03,1.79830417e-03,-4.15837125e-04,-2.43093352e-03,-4.24060436e-03,-5.84254044e-03,-7.23709012e-03,-8.42616201e-03,-9.41260931e-03,-1.02001569e-02,-1.07938036e-02,-1.12005040e-02,-1.14298113e-02,-1.14951921e-02,-1.14119109e-02,-1.11975056e-02,-1.08705569e-02,-1.04480996e-02
-9.90842431e-03,-9.32786080e-03,-8.66807001e-03,-7.91985083e-03,-7.06614472e-03,-6.08347695e-03,-4.94441725e-03,-3.62079116e-03,-2.08725199e-03,-3.24770052e-04,1.67637391e-03,3.91442214e-03,6.37505568e-03,9.03136070e-03,1.18448316e-02,1.47672463e-02,1.77432076e-02,2.07131213e-02,2.36163763e-02,2.63944878e-02,2.89939666e-02,3.13686836e-02,3.34815199e-02,3.53051480e-02,3.68218766e-02,3.80226077e-02,3.89050816e-02,3.94716776e-02,3.97269780e-02,3.96761105e-02,3.93312506e-02,3.86883997e-02,3.77520448e-02,3.65261202e-02,3.50163999e-02,3.32324926e-02,3.11896062e-02,2.89098609e-02,2.64229142e-02,2.37657463e-02,2.09815778e-02,1.81180234e-02,1.52247040e-02,1.23506249e-02,9.54165402e-03,6.83840909e-03,4.27478502e-03,1.87724321e-03,-3.35134339e-04,-2.34992022e-03,-4.16019872e-03,-5.76317929e-03,-7.15886351e-03,-8.34900572e-03,-9.33651689e-03,-1.01253649e-02,-1.07209036e-02,-1.11304480e-02,-1.13638021e-02,-1.14343629e-02,-1.13572588e-02,-1.11493928e-02,-1.08285375e-02,-1.04107870e-02
-9.87238992e-03,-9.29107424e-03,-8.62733708e-03,-7.87209874e-03,-7.00889810e-03,-6.01530097e-03,-4.86525846e-03,-3.53216107e-03,-1.99222276e-03,-2.27780675e-04,1.76987397e-03,3.99844927e-03,6.44362232e-03,9.07900454e-03,1.18670903e-02,1.47610359e-02,1.77070758e-02,2.06473570e-02,2.35229666e-02,2.62769261e-02,2.88569258e-02,3.12175828e-02,3.33220303e-02,3.51426951e-02,3.66612017e-02,3.78674476e-02,3.87580075e-02,3.93341105e-02,3.95993765e-02,3.95578577e-02,3.92221767e-02,3.85877996e-02,3.76595891e-02,3.64419518e-02,3.49411865e-02,3.31673714e-02,3.11360307e-02,2.88693807e-02,2.63969251e-02,2.37552529e-02,2.09870043e-02,1.81391013e-02,1.52604530e-02,1.23994259e-02,9.60140133e-03,6.90671713e-03,4.34921838e-03,1.95553732e-03,-2.54892256e-04,-2.26917557e-03,-4.07989246e-03,-5.68379925e-03,-7.08057111e-03,-8.27181518e-03,-9.26049071e-03,-1.00507820e-02,-1.06483580e-02,-1.10608485e-02,-1.12982658e-02,-1.13739154e-02,-1.13027795e-02,-1.11011464e-02,-1.07860242e-02,-1.03726263e-02
-9.83522377e-03,-9.25301940e-03,-8.58537661e-03,-7.82335576e-03,-6.95108251e-03,-5.94712353e-03,-4.78674770e-03,-3.44483200e-03,-1.89906916e-03,-1.33089416e-04,1.86086127e-03,4.07998785e-03,6.50996726e-03,9.12491367e-03,1.18882761e-02,1.47545268e-02,1.76714582e-02,2.05828802e-02,2.34315039e-02,2.61617936e-02,2.87225741e-02,3.10691903e-02,3.31650381e-02,3.49823387e-02,3.65020961e-02,3.77132807e-02,3.86113798e-02,3.91965379e-02,3.94714545e-02,3.94391362e-02,3.91126328e-02,3.84868321e-02,3.75669378e-02,3.63577795e-02,3.48661363e-02,3.31025209e-02,3.10827533e-02,2.88291398e-02,2.63710394e-02,2.37446697e-02,2.09921187e-02,1.81596471e-02,1.52954815e-02,1.24473737e-02,9.66023425e-03,6.97412689e-03,4.42284218e-03,2.03316883e-03,-1.75130210e-04,-2.18872114e-03,-3.99970969e-03,-5.60442654e-03,-7.00223971e-03,-8.19461523e-03,-9.18455038e-03,-9.97641929e-03,-1.05761673e-02,-1.09916946e-02,-1.12331811e-02,-1.13138214e-02,-1.12484419e-02,-1.10527373e-02,-1.07429942e-02,-1.03336043e-02
-9.79693327e-03,-9.21371776e-03,-8.54222127e-03,-7.77366148e-03,-6.89273956e-03,-5.87898367e-03,-4.70891782e-03,-3.35882854e-03,-1.80780706e-03,-4.07045020e-05,1.94933321e-03,4.15903848e-03,6.57409203e-03,9.16908868e-03,1.19083876e-02,1.47477150e-02,1.76363481e-02,2.05196831e-02,2.33419810e-02,2.60490865e-02,2.85909155e-02,3.09235216e-02,3.30105737e-02,3.48241252e-02,3.63446210e-02,3.75601786e-02,3.84652741e-02,3.90590321e-02,3.93432738e-02,3.93199921e-02,3.90026487e-02,3.83855096e-02,3.74740880e-02,3.62735895e-02,3.47912287e-02,3.30379180e-02,3.10297512e-02,2.87891180e-02,2.63452401e-02,2.37339834e-02,2.09969105e-02,1.81796518e-02,1.53297812e-02,1.24944599e-02,9.71814352e-03,7.04062759e-03,4.49564353e-03,2.11012205e-03,-9.58674382e-05,-2.10858026e-03,-3.91967777e-03,-5.52509148e-03,-6.92390023e-03,-8.11743391e-03,-9.10871697e-03,-9.90228723e-03,-1.05043287e-02,-1.09229698e-02,-1.11685207e-02,-1.12540465e-02,-1.11942105e-02,-1.10041345e-02,-1.06994265e-02,-1.02937133e-02
-9.75766205e-03,-9.17333918e-03,-8.49804360e-03,-7.72316429e-03,-6.83396761e-03,-5.81090876e-03,-4.63171276e-03,-3.27400929e-03,-1.71821898e-03,4.96484379e-05,2.03559433e-03,4.23590508e-03,6.63626869e-03,9.21174167e-03,1.19275546e-02,1.47406339e-02,1.76016784e-02,2.04576031e-02,2.32541555e-02,2.59385065e-02,2.84616252e-02,3.07802577e-02,3.28583538e-02,3.46678313e-02,3.61886272e-02,3.74080699e-02,3.83196887e-02,3.89216441e-02,3.92149171e-02,3.92005160e-02,3.88923044e-02,3.82838870e-02,3.73810631e-02,3.61893738e-02,3.47164303e-02,3.29735138e-02,3.09769721e-02,2.87492717e-02,2.63195024e-02,2.37231947e-02,2.10014096e-02,1.81991737e-02,1.53634340e-02,1.25407824e-02,9.77523396e-03,7.10632095e-03,4.56771173e-03,2.18646623e-03,-1.70595231e-05,-2.02873452e-03,-3.83980127e-03,-5.44581455e-03,-6.84557887e-03,-8.04029143e-03,-9.03299404e-03,-9.82836549e-03,-1.04327964e-02,-1.08546086e-02,-1.11042107e-02,-1.11945243e-02,-1.11400438e-02,-1.09553372e-02,-1.06553701e-02,-1.02530540e-02
-9.71738127e-03,-9.13186264e-03,-8.45283358e-03,-7.67186777e-03,-6.77478556e-03,-5.74293370e-03,-4.55518284e-03,-3.19043828e-03,-1.63037969e-03,1.37887942e-04,2.11956144e-03,4.31050829e-03,6.69642742e-03,9.25281767e-03,1.19457415e-02,1.47332704e-02,1.75674596e-02,2.03966747e-02,2.31680838e-02,2.58301291e-02,2.83347941e-02,3.06395003e-02,3.27084863e-02,3.45135657e-02,3.60342194e-02,3.72570499e-02,3.81747051e-02,3.87844387e-02,3.90864306e-02,3.90807365e-02,3.87816152e-02,3.81819672e-02,3.72878577e-02,3.61051225e-02,3.46417298e-02,3.29092969e-02,3.09244050e-02,2.87095893e-02,2.62938132e-02,2.37122874e-02,2.10055952e-02,1.82181868e-02,1.53964087e-02,1.25863060e-02,9.83146737e-03,7.17116779e-03,4.63900828e-03,2.26216482e-03,6.12594774e-05,-1.94921548e-03,-3.76010969e-03,-5.36662359e-03,-6.76730178e-03,-7.96321168e-03,-8.95740194e-03,-9.75466920e-03,-1.03615786e-02,-1.07866106e-02,-1.10402418e-02,-1.11352365e-02,-1.10859163e-02,-1.09063141e-02,-1.06107914e-02,-1.02115931e-02
-9.67615484e-03,-9.08936852e-03,-8.40667712e-03,-7.61985056e-03,-6.71525203e-03,-5.67508657e-03,-4.47931901e-03,-3.10806759e-03,-1.54420601e-03,2.24124133e-04,2.20135977e-03,4.38297462e-03,6.75468208e-03,9.29240529e-03,1.19630018e-02,1.47256369e-02,1.75336613e-02,2.03368272e-02,2.30836628e-02,2.57238296e-02,2.82102898e-02,3.05011244e-02,3.25608669e-02,3.43612554e-02,3.58813611e-02,3.71071185e-02,3.80303542e-02,3.86474671e-02,3.89578604e-02,3.89607490e-02,3.86706155e-02,3.80797815e-02,3.71944843e-02,3.60208296e-02,3.45671064e-02,3.28452380e-02,3.08720183e-02,2.86700432e-02,2.62681533e-02,2.37012544e-02,2.10094736e-02,1.82367100e-02,1.54287347e-02,1.26310668e-02,9.88688255e-03,7.23520484e-03,4.70956356e-03,2.33723833e-03,1.39098046e-04,-1.87002714e-03,-3.68061789e-03,-5.28754060e-03,-6.68909275e-03,-7.88621401e-03,-8.88194971e-03,-9.68119295e-03,-1.02906544e-02,-1.07189415e-02,-1.09765724e-02,-1.10761425e-02,-1.10317974e-02,-1.08570538e-02,-1.05657036e-02,-1.01693707e-02
-9.63407806e-03,-9.04596806e-03,-8.35968609e-03,-7.56720785e-03,-6.65542894e-03,-5.60738264e-03,-4.40408194e-03,-3.02680226e-03,-1.45955339e-03,3.08538620e-04,2.28119054e-03,4.45350483e-03,6.81121243e-03,9.33064481e-03,1.19794217e-02,1.47177559e-02,1.75002397e-02,2.02779543e-02,2.30007333e-02,2.56194119e-02,2.80878985e-02,3.03649189e-02,3.24153067e-02,3.42107493e-02,3.57299489e-02,3.69582225e-02,3.78866272e-02,3.85107459e-02,3.88292079e-02,3.88407445e-02,3.85593085e-02,3.79773548e-02,3.71009603e-02,3.59364934e-02,3.44925415e-02,3.27813073e-02,3.08197789e-02,2.86306050e-02,2.62425062e-02,2.36900958e-02,2.10130640e-02,1.82547814e-02,1.54604659e-02,1.26751294e-02,9.94154869e-03,7.29849925e-03,4.77943643e-03,2.41173236e-03,2.16485499e-04,-1.79115697e-03,-3.60132785e-03,-5.20857730e-03,-6.61096657e-03,-7.80930892e-03,-8.80663705e-03,-9.60792153e-03,-1.02199930e-02,-1.06515591e-02,-1.09131563e-02,-1.10172022e-02,-1.09776643e-02,-1.08075598e-02,-1.05201424e-02,-1.01264550e-02
-9.59110272e-03,-9.00161957e-03,-8.31183170e-03,-7.51392969e-03,-6.59532999e-03,-5.53986225e-03,-4.32953929e-03,-2.94673528e-03,-1.37653555e-03,3.91003926e-04,2.35892135e-03,4.52197145e-03,6.86590603e-03,9.36744806e-03,1.19949448e-02,1.47096083e-02,1.74672149e-02,2.02201146e-02,2.29193893e-02,2.55169992e-02,2.79677648e-02,3.02310410e-02,3.22719667e-02,3.40622032e-02,3.55801254e-02,3.68104842e-02,3.77436196e-02,3.83743426e-02,3.87005709e-02,3.87206995e-02,3.84477492e-02,3.78746797e-02,3.70072749e-02,3.58521048e-02,3.44180265e-02,3.27174967e-02,3.07676785e-02,2.85912641e-02,2.62168569e-02,2.36787898e-02,2.10163360e-02,1.82723614e-02,1.54915544e-02,1.27184395e-02,9.99540738e-03,7.36099158e-03,4.84856928e-03,2.48559335e-03,2.93373646e-04,-1.71264741e-03,-3.52227674e-03,-5.12976648e-03,-6.53295255e-03,-7.73252278e-03,-8.73148724e-03,-9.53487421e-03,-1.01496081e-02,-1.05844696e-02,-1.08499903e-02,-1.09584015e-02,-1.09234916e-02,-1.07577961e-02,-1.04740636e-02,-1.00827974e-02
-9.54733383e-03,-8.95644282e-03,-8.26323202e-03,-7.46011413e-03,-6.53501565e-03,-5.47253441e-03,-4.25564055e-03,-2.86775584e-03,-1.29498824e-03,4.71724022e-04,2.43477690e-03,4.58859801e-03,6.91896287e-03,9.40297121e-03,1.20096675e-02,1.47012202e-02,1.74345395e-02,2.01631914e-02,2.28394553e-02,2.54163739e-02,2.78496496e-02,3.00992525e-02,3.21306301e-02,3.39154390e-02,3.54317621e-02,3.66638286e-02,3.76013075e-02,3.82382873e-02,3.85720286e-02,3.86005953e-02,3.83360181e-02,3.77718092e-02,3.69134496e-02,3.57676641e-02,3.43435446e-02,3.26537780e-02,3.07156849e-02,2.85519931e-02,2.61911901e-02,2.36673389e-02,2.10193129e-02,1.82894937e-02,1.55220613e-02,1.27610702e-02,1.00485372e-02,7.42275842e-03,4.91702990e-03,2.55887488e-03,3.69798714e-04,-1.63448002e-03,-3.44346136e-03,-5.05111503e-03,-6.45506077e-03,-7.65586139e-03,-8.65649545e-03,-9.46203178e-03,-1.00794663e-02,-1.05176292e-02,-1.07870288e-02,-1.08997031e-02,-1.08692614e-02,-1.07077736e-02,-1.04275118e-02,-1.00384758e-02
-9.50282889e-03,-8.91050501e-03,-8.21395485e-03,-7.40581926e-03,-6.47452447e-03,-5.40541010e-03,-4.18236435e-03,-2.78980950e-03,-1.21482745e-03,5.50805100e-04,2.50887530e-03,4.65350259e-03,6.97048887e-03,9.43729697e-03,1.20236404e-02,1.46926049e-02,1.74021880e-02,2.01071222e-02,2.27608379e-02,2.53174212e-02,2.77334281e-02,2.99694304e-02,3.19911875e-02,3.37703701e-02,3.52848007e-02,3.65182271e-02,3.74596925e-02,3.81026088e-02,3.84436210e-02,3.84804516e-02,3.82241527e-02,3.76687766e-02,3.68195004e-02,3.56831717e-02,3.42690853e-02,3.25901334e-02,3.06637778e-02,2.85127739e-02,2.61654942e-02,2.36557412e-02,2.10220040e-02,1.83061990e-02,1.55520166e-02,1.28030580e-02,1.01009773e-02,7.48383767e-03,4.98485106e-03,2.63160166e-03,4.45775604e-04,-1.55664981e-03,-3.36488511e-03,-4.97263171e-03,-6.37730122e-03,-7.57933162e-03,-8.58166161e-03,-9.38938494e-03,-1.00095488e-02,-1.04510125e-02,-1.07242441e-02,-1.08410833e-02,-1.08149604e-02,-1.06574946e-02,-1.03805086e-02,-9.99353141e-03
-9.45752644e-03,-8.86375151e-03,-8.16396086e-03,-7.35102920e-03,-6.41387069e-03,-5.33853804e-03,-4.10979516e-03,-2.71301410e-03,-1.13619849e-03,6.28083550e-04,2.58104619e-03,4.71652105e-03,7.02033923e-03,9.47031198e-03,1.20367916e-02,1.46837385e-02,1.73701870e-02,2.00519837e-02,2.26836594e-02,2.52203006e-02,2.76192867e-02,2.98417766e-02,3.18538439e-02,3.36271927e-02,3.51394189e-02,3.63738327e-02,3.73189000e-02,3.79674049e-02,3.83154134e-02,3.83602987e-02,3.81121710e-02,3.75655905e-02,3.67254260e-02,3.55986213e-02,3.41946411e-02,3.25265553e-02,3.06119485e-02,2.84735940e-02,2.61397500e-02,2.36439682e-02,2.10243697e-02,1.83224258e-02,1.55813581e-02,1.28443325e-02,1.01526522e-02,7.54415243e-03,5.05195826e-03,2.70370454e-03,5.21242434e-04,-1.47921074e-03,-3.28659441e-03,-4.89435651e-03,-6.29970886e-03,-7.50296444e-03,-8.50701310e-03,-9.31695689e-03,-9.93987311e-03,-1.03846290e-02,-1.06616351e-02,-1.07825280e-02,-1.07605605e-02,-1.06069175e-02,-1.03330008e-02,-9.94790382e-03
-9.41156005e-03,-8.81632639e-03,-8.11338455e-03,-7.29584718e-03,-6.35310613e-03,-5.27190314e-03,-4.03784257e-03,-2.63720438e-03,-1.05887076e-03,7.03837532e-04,2.65159126e-03,4.77795100e-03,7.06877934e-03,9.50222374e-03,1.20492502e-02,1.46746584e-02,1.73384781e-02,1.99976254e-02,2.26076900e-02,2.51247233e-02,2.75069027e-02,2.97159611e-02,3.17182885e-02,3.34856376e-02,3.49954052e-02,3.62304996e-02,3.71788497e-02,3.78326506e-02,3.81874175e-02,3.82401720e-02,3.80001181e-02,3.74622948e-02,3.66312561e-02,3.55140222e-02,3.41202023e-02,3.24630215e-02,3.05601706e-02,2.84344324e-02,2.61139512e-02,2.36320350e-02,2.10264502e-02,1.83382400e-02,1.56101742e-02,1.28849978e-02,1.02036737e-02,7.60381331e-03,5.11845230e-03,2.77526781e-03,5.96263108e-04,-1.40211981e-03,-3.20856432e-03,-4.81627686e-03,-6.22227604e-03,-7.42674954e-03,-8.43253082e-03,-9.24471674e-03,-9.87039774e-03,-1.03184318e-02,-1.05991591e-02,-1.07240097e-02,-1.07060603e-02,-1.05560754e-02,-1.02850600e-02,-9.90170035e-03
-9.36493923e-03,-8.76824566e-03,-8.06224674e-03,-7.24029644e-03,-6.29225383e-03,-5.20552582e-03,-3.96652255e-03,-2.56239077e-03,-9.82848985e-04,7.78067329e-04,2.72051448e-03,4.83779838e-03,7.11581536e-03,9.53303708e-03,1.20610184e-02,1.46653639e-02,1.73070574e-02,1.99440414e-02,2.25329233e-02,2.50306841e-02,2.73962741e-02,2.95919879e-02,3.15845324e-02,3.33457239e-02,3.48527869e-02,3.60882625e-02,3.70395816e-02,3.76983871e-02,3.80596703e-02,3.81201026e-02,3.78880187e-02,3.73589071e-02,3.65370005e-02,3.54293758e-02,3.40457637e-02,3.23995222e-02,3.05084317e-02,2.83952764e-02,2.60880855e-02,2.36199308e-02,2.10282369e-02,1.83536346e-02,1.56384590e-02,1.29250487e-02,1.02540364e-02,7.66281377e-03,5.18432484e-03,2.84628090e-03,6.70824632e-04,-1.32539218e-03,-3.13081143e-03,-4.73840959e-03,-6.14501827e-03,-7.35069940e-03,-8.35822271e-03,-9.17266677e-03,-9.80111895e-03,-1.02524119e-02,-1.05368032e-02,-1.06655135e-02,-1.06514461e-02,-1.05049581e-02,-1.02366814e-02,-9.85492322e-03
-9.31765061e-03,-8.71950352e-03,-8.01055079e-03,-7.18439054e-03,-6.23133790e-03,-5.13944033e-03,-3.89587842e-03,-2.48862399e-03,-9.08189022e-04,8.50714687e-04,2.78775825e-03,4.89600952e-03,7.16140075e-03,9.56271558e-03,1.20720727e-02,1.46558459e-02,1.72759316e-02,1.98912547e-02,2.24593977e-02,2.49382360e-02,2.72874664e-02,2.94699322e-02,3.14526578e-02,3.32075379e-02,3.47116503e-02,3.59472047e-02,3.69011726e-02,3.75646814e-02,3.79322259e-02,3.80001316e-02,3.77759017e-02,3.72554458e-02,3.64426678e-02,3.53446829e-02,3.39713198e-02,3.23360475e-02,3.04567191e-02,2.83561107e-02,2.60621358e-02,2.36076361e-02,2.10297074e-02,1.83685846e-02,1.56661847e-02,1.29644550e-02,1.03037080e-02,7.72112015e-03,5.24954163e-03,2.91670960e-03,7.44893456e-04,-1.24906021e-03,-3.05336638e-03,-4.66078297e-03,-6.06796070e-03,-7.27483510e-03,-8.28410470e-03,-9.10081685e-03,-9.73203980e-03,-1.01865653e-02,-1.04745566e-02,-1.06070230e-02,-1.05966974e-02,-1.04535431e-02,-1.01878433e-02,-9.80755360e-03
-9.26978976e-03,-8.67020089e-03,-7.95838888e-03,-7.12819788e-03,-6.17038909e-03,-5.07362929e-03,-3.82583923e-03,-2.41578015e-03,-8.34721073e-04,9.21982574e-04,2.85354162e-03,4.95279991e-03,7.20572747e-03,9.59140946e-03,1.20825068e-02,1.46461326e-02,1.72450596e-02,1.98391575e-02,2.23869482e-02,2.48471701e-02,2.71802450e-02,2.93495524e-02,3.13224348e-02,3.30708770e-02,3.45718327e-02,3.58072090e-02,3.67635512e-02,3.74315018e-02,3.78050827e-02,3.78802793e-02,3.76637957e-02,3.71519393e-02,3.63482790e-02,3.52599525e-02,3.38968677e-02,3.22725856e-02,3.04050179e-02,2.83169240e-02,2.60361003e-02,2.35951643e-02,2.10308930e-02,1.83831393e-02,1.56934166e-02,1.30032933e-02,1.03527708e-02,7.77881418e-03,5.31417774e-03,2.98661764e-03,8.18519276e-04,-1.17308862e-03,-2.97620633e-03,-4.58338278e-03,-5.99109277e-03,-7.19914479e-03,-8.21015990e-03,-9.02914333e-03,-9.66313103e-03,-1.01208611e-02,-1.04123930e-02,-1.05485239e-02,-1.05418189e-02,-1.04018596e-02,-1.01386008e-02,-9.75967049e-03
-9.22134948e-03,-8.62033669e-03,-7.90576698e-03,-7.07173183e-03,-6.10942811e-03,-5.00812013e-03,-3.75643814e-03,-2.34389679e-03,-7.62485372e-04,9.91829715e-04,2.91782443e-03,5.00813253e-03,7.24876365e-03,9.61909385e-03,1.20923045e-02,1.46362174e-02,1.72144458e-02,1.97877654e-02,2.23156012e-02,2.47575236e-02,2.70746560e-02,2.92309026e-02,3.11939236e-02,3.29358053e-02,3.44333994e-02,3.56683398e-02,3.66267780e-02,3.72989023e-02,3.76782858e-02,3.77605816e-02,3.75517275e-02,3.70484050e-02,3.62538434e-02,3.51751870e-02,3.38224041e-02,3.22091293e-02,3.03533176e-02,2.82777037e-02,2.60099648e-02,2.35824992e-02,2.10317757e-02,1.83972790e-02,1.57201330e-02,1.30415404e-02,1.04012004e-02,7.83587017e-03,5.37820676e-03,3.05597836e-03,8.91675581e-04,-1.09750327e-03,-2.89935594e-03,-4.50623180e-03,-5.91443460e-03,-7.12364508e-03,-8.13640051e-03,-8.95765333e-03,-9.59439422e-03,-1.00552953e-02,-1.03503036e-02,-1.04900032e-02,-1.04867952e-02,-1.03498913e-02,-1.00889389e-02,-9.71126188e-03
-9.17235228e-03,-8.56993926e-03,-7.85271589e-03,-7.01502171e-03,-6.04847874e-03,-4.94292777e-03,-3.68767891e-03,-2.27296577e-03,-6.91462706e-04,1.06028410e-03,2.98064001e-03,5.06204198e-03,7.29054094e-03,9.64579363e-03,1.21014810e-02,1.46261041e-02,1.71840817e-02,1.97370593e-02,2.22453293e-02,2.46692640e-02,2.69706665e-02,2.91139534e-02,3.10671023e-02,3.28023116e-02,3.42963515e-02,3.55306103e-02,3.64908763e-02,3.71669130e-02,3.75518682e-02,3.76410716e-02,3.74397256e-02,3.69448651e-02,3.61593750e-02,3.50903921e-02,3.37479269e-02,3.21456705e-02,3.03016071e-02,2.82384374e-02,2.59837181e-02,2.35696325e-02,2.10323511e-02,1.84110030e-02,1.57463366e-02,1.30792010e-02,1.04490017e-02,7.89229224e-03,5.44163043e-03,3.12479008e-03,9.64356883e-04,-1.02231316e-03,-2.82282676e-03,-4.42934253e-03,-5.83799768e-03,-7.04834446e-03,-8.06283040e-03,-8.88634515e-03,-9.52582220e-03,-9.98985644e-03,-1.02882741e-02,-1.04314491e-02,-1.04316165e-02,-1.02976354e-02,-1.00388632e-02,-9.66234222e-03
-9.12286367e-03,-8.51907664e-03,-7.79929667e-03,-6.95811157e-03,-5.98755894e-03,-4.87803714e-03,-3.61951003e-03,-2.20289973e-03,-6.21534839e-04,1.12748629e-03,3.04213949e-03,5.11467667e-03,7.33119147e-03,9.67161226e-03,1.21101011e-02,1.46158124e-02,1.71539398e-02,1.96869658e-02,2.21760193e-02,2.45822479e-02,2.68681143e-02,2.89985371e-02,3.09418100e-02,3.26702530e-02,3.41605721e-02,3.53939341e-02,3.63557906e-02,3.70355061e-02,3.74258241e-02,3.75217601e-02,3.73278080e-02,3.68413383e-02,3.60648885e-02,3.50055754e-02,3.36734364e-02,3.20822036e-02,3.02498783e-02,2.81991194e-02,2.59573609e-02,2.35565747e-02,2.10326414e-02,1.84243456e-02,1.57720725e-02,1.31163280e-02,1.04962320e-02,7.94813713e-03,5.50450117e-03,3.19309776e-03,1.03659886e-03,-9.47492137e-04,-2.74660084e-03,-4.35270273e-03,-5.76177234e-03,-6.97323270e-03,-7.98943647e-03,-8.81520196e-03,-9.45739522e-03,-9.92452383e-03,-1.02262835e-02,-1.03728677e-02,-1.03762835e-02,-1.02451138e-02,-9.98841348e-03,-9.61296679e-03
-9.07286452e-03,-8.46773643e-03,-7.74550644e-03,-6.90101034e-03,-5.92669093e-03,-4.81348438e-03,-3.55198100e-03,-2.13375985e-03,-5.52771750e-04,1.19336133e-03,3.10224737e-03,5.16596543e-03,7.37065326e-03,9.69650144e-03,1.21181340e-02,1.46053316e-02,1.71240308e-02,1.96375173e-02,2.21077242e-02,2.44965462e-02,2.67670850e-02,2.88847496e-02,3.08181489e-02,3.25397330e-02,3.40261618e-02,3.52584047e-02,3.62216045e-02,3.69047530e-02,3.73002115e-02,3.74026914e-02,3.72160068e-02,3.67378458e-02,3.59703957e-02,3.49207412e-02,3.35989310e-02,3.20187226e-02,3.01981209e-02,2.81597355e-02,2.59308749e-02,2.35433034e-02,2.10326197e-02,1.84372756e-02,1.57973053e-02,1.31528826e-02,1.05428497e-02,8.00336218e-03,5.56677623e-03,3.26085968e-03,1.10836172e-03,-8.73077071e-04,-2.67071194e-03,-4.27634256e-03,-5.68578474e-03,-6.89833157e-03,-7.91623561e-03,-8.74423511e-03,-9.38911827e-03,-9.85929527e-03,-1.01643270e-02,-1.03142463e-02,-1.03207790e-02,-1.01923026e-02,-9.93756555e-03,-9.56311262e-03
-9.02240318e-03,-8.41596954e-03,-7.69139172e-03,-6.84375276e-03,-5.86589099e-03,-4.74926214e-03,-3.48505816e-03,-2.06548650e-03,-4.85091231e-04,1.25800781e-03,3.16107027e-03,5.21601333e-03,7.40902006e-03,9.72053468e-03,1.21256256e-02,1.45946756e-02,1.70943350e-02,1.95886619e-02,2.20403640e-02,2.44120578e-02,2.66674650e-02,2.87724743e-02,3.06960080e-02,3.24106543e-02,3.38930427e-02,3.51239671e-02,3.60882853e-02,3.67746410e-02,3.71750333e-02,3.72838799e-02,3.71043409e-02,3.66344059e-02,3.58759107e-02,3.48358973e-02,3.35244118e-02,3.19552232e-02,3.01463285e-02,2.81202799e-02,2.59042585e-02,2.35298236e-02,2.10322995e-02,1.84498151e-02,1.58220646e-02,1.31889000e-02,1.05888928e-02,8.05800503e-03,5.62848999e-03,3.32810472e-03,1.17966758e-03,-7.99052635e-04,-2.59515044e-03,-4.20025621e-03,-5.61003044e-03,-6.82363561e-03,-7.84321956e-03,-8.67343288e-03,-9.32097693e-03,-9.79415712e-03,-1.01023974e-02,-1.02555684e-02,-1.02651110e-02,-1.01392185e-02,-9.88634776e-03,-9.51281985e-03
-8.97152159e-03,-8.36381931e-03,-7.63699126e-03,-6.78636675e-03,-5.80517042e-03,-4.68536088e-03,-3.41870900e-03,-1.99802458e-03,-4.18418720e-04,1.32151430e-03,3.21870344e-03,5.26491391e-03,7.44637521e-03,9.74377729e-03,1.21326172e-02,1.45838572e-02,1.70648352e-02,1.95403537e-02,2.19738679e-02,2.43286927e-02,2.65691526e-02,2.86616056e-02,3.05752861e-02,3.22829271e-02,3.37611414e-02,3.49905666e-02,3.59557982e-02,3.66451531e-02,3.70502870e-02,3.71653337e-02,3.69928230e-02,3.65310322e-02,3.57814446e-02,3.47510502e-02,3.34498804e-02,3.18917031e-02,3.00944968e-02,2.80807494e-02,2.58775120e-02,2.35161415e-02,2.10316940e-02,1.84619848e-02,1.58463780e-02,1.32244128e-02,1.06343966e-02,8.11210058e-03,5.68967467e-03,3.39486047e-03,1.25053840e-03,-7.25402859e-04,-2.51990529e-03,-4.12443603e-03,-5.53450324e-03,-6.74913819e-03,-7.77037989e-03,-8.60278454e-03,-9.25295919e-03,-9.72909833e-03,-1.00404860e-02,-1.01968278e-02,-1.02092851e-02,-1.00858775e-02,-9.83478648e-03,-9.46212415e-03
-8.92019263e-03,-8.31126654e-03,-7.58229786e-03,-6.72886061e-03,-5.74455568e-03,-4.62182641e-03,-3.35299833e-03,-1.93145578e-03,-3.52848911e-04,1.38377838e-03,3.27504311e-03,5.31256903e-03,7.48263310e-03,9.76616263e-03,1.21390662e-02,1.45728621e-02,1.70355472e-02,1.94926383e-02,2.19083095e-02,2.42465490e-02,2.64722651e-02,2.85522743e-02,3.04561209e-02,3.21566891e-02,3.36305901e-02,3.48583252e-02,3.58242507e-02,3.65163801e-02,3.69260457e-02,3.70471087e-02,3.68814941e-02,3.64277520e-02,3.56870135e-02,3.46662072e-02,3.33753371e-02,3.18281566e-02,3.00426148e-02,2.80411273e-02,2.58506130e-02,2.35022283e-02,2.10307678e-02,1.84737426e-02,1.58701974e-02,1.32593680e-02,1.06793044e-02,8.16559083e-03,5.75027254e-03,3.46107113e-03,1.32092166e-03,-6.52176079e-04,-2.44502002e-03,-4.04892039e-03,-5.45923619e-03,-6.67486681e-03,-7.69773820e-03,-8.53230546e-03,-9.18507372e-03,-9.66412044e-03,-9.97858612e-03,-1.01380087e-02,-1.01532796e-02,-1.00322527e-02,-9.78285109e-03,-9.41099466e-03
-8.86848230e-03,-8.25837557e-03,-7.52736484e-03,-6.67126712e-03,-5.68405059e-03,-4.55862764e-03,-3.28785755e-03,-1.86567547e-03,-2.88246702e-04,1.44495639e-03,3.33025482e-03,5.35913975e-03,7.51793650e-03,9.78780251e-03,1.21450434e-02,1.45617127e-02,1.70064425e-02,1.94454381e-02,2.18435674e-02,2.41654706e-02,2.63766232e-02,2.84442908e-02,3.03383253e-02,3.20317678e-02,3.35012394e-02,3.47271226e-02,3.56935538e-02,3.63882632e-02,3.68022769e-02,3.69291936e-02,3.67703554e-02,3.63245735e-02,3.55926268e-02,3.45813753e-02,3.33007851e-02,3.17645842e-02,2.99906822e-02,2.80014166e-02,2.58235709e-02,2.34881033e-02,2.10295522e-02,1.84851322e-02,1.58935774e-02,1.32938283e-02,1.07236839e-02,8.21854374e-03,5.81034805e-03,3.52679450e-03,1.39086656e-03,-5.79332239e-04,-2.37046281e-03,-3.97368383e-03,-5.38420774e-03,-6.60080156e-03,-7.62527472e-03,-8.46197575e-03,-9.11730184e-03,-9.59920828e-03,-9.91668895e-03,-1.00791130e-02,-1.00971106e-02,-9.97837633e-03,-9.73058931e-03,-9.35949109e-03
-8.81640932e-03,-8.20516716e-03,-7.47221249e-03,-6.61360336e-03,-5.62366641e-03,-4.49576793e-03,-3.22328091e-03,-1.80066864e-03,-2.24588818e-04,1.50507785e-03,3.38437151e-03,5.40465918e-03,7.55231531e-03,9.80872051e-03,1.21505635e-02,1.45504138e-02,1.69775150e-02,1.93987368e-02,2.17796169e-02,2.40854267e-02,2.62821933e-02,2.83376219e-02,3.02218698e-02,3.19081396e-02,3.33730738e-02,3.45969516e-02,3.55637088e-02,3.62608106e-02,3.66789936e-02,3.68116044e-02,3.66594230e-02,3.62215106e-02,3.54982952e-02,3.44965611e-02,3.32262268e-02,3.17009845e-02,2.99386956e-02,2.79616127e-02,2.57963819e-02,2.34737643e-02,2.10280473e-02,1.84961564e-02,1.59165233e-02,1.33278009e-02,1.07675429e-02,8.27096680e-03,5.86990732e-03,3.59203461e-03,1.46037470e-03,-5.06872017e-04,-2.29623602e-03,-3.89872946e-03,-5.30942069e-03,-6.52694390e-03,-7.55298890e-03,-8.39179262e-03,-9.04963880e-03,-9.53435593e-03,-9.85478861e-03,-1.00201368e-02,-1.00407777e-02,-9.92425291e-03,-9.67801087e-03,-9.30762824e-03
-8.76395765e-03,-8.15163244e-03,-7.41684180e-03,-6.55588231e-03,-5.56342950e-03,-4.43328743e-03,-3.15932169e-03,-1.73649984e-03,-1.61948166e-04,1.56406535e-03,3.43731578e-03,5.44905477e-03,7.58570664e-03,9.82886785e-03,1.21555956e-02,1.45389547e-02,1.69487763e-02,1.93525680e-02,2.17165127e-02,2.40064909e-02,2.61890645e-02,2.82323681e-02,3.01068616e-02,3.17859142e-02,3.32462008e-02,3.44679141e-02,3.54348080e-02,3.61341030e-02,3.65562635e-02,3.66943953e-02,3.65487388e-02,3.61185935e-02,3.54040380e-02,3.44117747e-02,3.31516646e-02,3.16373536e-02,2.98866450e-02,2.79217004e-02,2.57690255e-02,2.34591857e-02,2.10262223e-02,1.85067795e-02,1.59389950e-02,1.33612421e-02,1.08108349e-02,8.32281208e-03,5.92890227e-03,3.65674442e-03,1.52940117e-03,-4.34837313e-04,-2.22237784e-03,-3.82409117e-03,-5.23490415e-03,-6.45331775e-03,-7.48089902e-03,-8.32176838e-03,-8.98209064e-03,-9.46956290e-03,-9.79287806e-03,-9.96106691e-03,-9.98426326e-03,-9.86986171e-03,-9.62509402e-03,-9.25538577e-03
-8.71118849e-03,-8.09782852e-03,-7.36129713e-03,-6.49812697e-03,-5.50333411e-03,-4.37114660e-03,-3.09590472e-03,-1.67306012e-03,-1.00187652e-04,1.62207514e-03,3.48925153e-03,5.49248508e-03,7.61825061e-03,9.84835421e-03,1.21602091e-02,1.45273582e-02,1.69201994e-02,1.93068564e-02,2.16541358e-02,2.39285089e-02,2.60970579e-02,2.81283380e-02,2.99931093e-02,3.16649109e-02,3.31204598e-02,3.43398754e-02,3.53067464e-02,3.60080645e-02,3.64340375e-02,3.65775398e-02,3.64382912e-02,3.60158203e-02,3.53098583e-02,3.43270206e-02,3.30771025e-02,3.15736947e-02,2.98345350e-02,2.78816880e-02,2.57415168e-02,2.34443922e-02,2.10241133e-02,1.85170491e-02,1.59610505e-02,1.33942178e-02,1.08536306e-02,8.37415129e-03,5.98740181e-03,3.72098707e-03,1.59800139e-03,-3.63181110e-04,-2.14884916e-03,-3.74973641e-03,-5.16063035e-03,-6.37989843e-03,-7.40898251e-03,-8.25188253e-03,-8.91464002e-03,-9.40481711e-03,-9.73095335e-03,-9.90191097e-03,-9.92758800e-03,-9.81523785e-03,-9.57188696e-03,-9.20282134e-03
-8.65810436e-03,-8.04376162e-03,-7.30558833e-03,-6.44035050e-03,-5.44339614e-03,-4.30936336e-03,-3.03304911e-03,-1.61036905e-03,-3.93265166e-05,1.67908897e-03,3.54016204e-03,5.53493547e-03,7.64993511e-03,9.86717042e-03,1.21643982e-02,1.45156222e-02,1.68917864e-02,1.92616085e-02,2.15924978e-02,2.38514971e-02,2.60061949e-02,2.80255578e-02,2.98806434e-02,3.15451640e-02,3.29958877e-02,3.42128741e-02,3.51795623e-02,3.58827322e-02,3.63123498e-02,3.64610680e-02,3.63281057e-02,3.59132111e-02,3.52157704e-02,3.42423071e-02,3.30025435e-02,3.15100066e-02,2.97823605e-02,2.78415677e-02,2.57138459e-02,2.34293720e-02,2.10217073e-02,1.85269513e-02,1.59826751e-02,1.34267127e-02,1.08959140e-02,8.42496748e-03,6.04538836e-03,3.78474456e-03,1.66615725e-03,-2.91921196e-04,-2.07566689e-03,-3.67568057e-03,-5.08661249e-03,-6.30669641e-03,-7.33724665e-03,-8.18213896e-03,-8.84728748e-03,-9.34011608e-03,-9.66900961e-03,-9.84266272e-03,-9.87074547e-03,-9.76037571e-03,-9.51838600e-03,-9.14993405e-03
-8.60471104e-03,-7.98944127e-03,-7.24972830e-03,-6.38256842e-03,-5.38363278e-03,-4.24795557e-03,-2.97077246e-03,-1.54844316e-03,2.06202879e-05,1.73509380e-03,3.59003633e-03,5.57639700e-03,7.68075316e-03,9.88531142e-03,1.21681599e-02,1.45037458e-02,1.68635386e-02,1.92168285e-02,2.15316060e-02,2.37754669e-02,2.59164913e-02,2.79240480e-02,2.97694889e-02,3.14267031e-02,3.28725179e-02,3.40869464e-02,3.50532935e-02,3.57581437e-02,3.61912360e-02,3.63450124e-02,3.62182102e-02,3.58107882e-02,3.51217904e-02,3.41576445e-02,3.29279922e-02,3.14462887e-02,2.97301169e-02,2.78013315e-02,2.56860024e-02,2.34141136e-02,2.10189916e-02,1.85364728e-02,1.60038550e-02,1.34587124e-02,1.09376700e-02,8.47524491e-03,6.10284541e-03,3.84799966e-03,1.73385111e-03,-2.21075144e-04,-2.00284792e-03,-3.60193911e-03,-5.01286384e-03,-6.23372209e-03,-7.26569846e-03,-8.11254110e-03,-8.78003297e-03,-9.27545677e-03,-9.60704167e-03,-9.78331607e-03,-9.81372988e-03,-9.70527112e-03,-9.46458965e-03,-9.09672587e-03
-8.55105125e-03,-7.93490649e-03,-7.19374630e-03,-6.32479431e-03,-5.32403698e-03,-4.18689218e-03,-2.90901868e-03,-1.48720278e-03,7.97519573e-05,1.79020196e-03,3.63899176e-03,5.61698293e-03,7.71080473e-03,9.90285544e-03,1.21715437e-02,1.44917452e-02,1.68354371e-02,1.91724629e-02,2.14713757e-02,2.37003080e-02,2.58278185e-02,2.78236704e-02,2.96595068e-02,3.13093957e-02,3.27502314e-02,3.39619911e-02,3.49278594e-02,3.56342393e-02,3.60706559e-02,3.62293495e-02,3.61085928e-02,3.57085479e-02,3.50279192e-02,3.40730355e-02,3.28534519e-02,3.13825445e-02,2.96778090e-02,2.77609873e-02,2.56579992e-02,2.33986362e-02,2.10159935e-02,1.85456488e-02,1.60246329e-02,1.34902651e-02,1.09789503e-02,8.52503601e-03,6.15982361e-03,3.91079920e-03,1.80112458e-03,-1.50607149e-04,-1.93036200e-03,-3.52848652e-03,-4.93936258e-03,-6.16095630e-03,-7.19432092e-03,-8.04307410e-03,-8.71286462e-03,-9.21083178e-03,-9.54504846e-03,-9.72387833e-03,-9.75655793e-03,-9.64995056e-03,-9.41053306e-03,-9.04323784e-03
-8.49712066e-03,-7.88015793e-03,-7.13764907e-03,-6.26704179e-03,-5.26462950e-03,-4.12620095e-03,-2.84782175e-03,-1.42668693e-03,1.38026097e-04,1.84436971e-03,3.68698551e-03,5.65665378e-03,7.74005601e-03,9.91977651e-03,1.21745333e-02,1.44796152e-02,1.68074886e-02,1.91285306e-02,2.14118376e-02,2.36260620e-02,2.57402277e-02,2.77244837e-02,2.95507611e-02,3.11933092e-02,3.26290962e-02,3.38380748e-02,3.48033227e-02,3.55110760e-02,3.59506597e-02,3.61141217e-02,3.59992882e-02,3.56065168e-02,3.49341757e-02,3.39884917e-02,3.27789275e-02,3.13187734e-02,2.96254310e-02,2.77205247e-02,2.56298219e-02,2.33829219e-02,2.10126916e-02,1.85544552e-02,1.60449818e-02,1.35213420e-02,1.10197241e-02,8.57430908e-03,6.21629091e-03,3.97311146e-03,1.86794693e-03,-8.05462266e-05,-1.85823582e-03,-3.45534660e-03,-4.86612908e-03,-6.08841557e-03,-7.12312629e-03,-7.97374579e-03,-8.64578581e-03,-9.14624016e-03,-9.48302520e-03,-9.66434164e-03,-9.69921973e-03,-9.59440331e-03,-9.35620612e-03,-8.98946202e-03
-8.44294028e-03,-7.82521658e-03,-7.08145489e-03,-6.20932365e-03,-5.20541519e-03,-4.06587696e-03,-2.78716618e-03,-1.36686981e-03,1.95477354e-04,1.89763805e-03,3.73406158e-03,5.69545278e-03,7.76854560e-03,9.93610508e-03,1.21771483e-02,1.44673624e-02,1.67796861e-02,1.90850112e-02,2.13529600e-02,2.35526883e-02,2.56536727e-02,2.76264397e-02,2.94432054e-02,3.10784018e-02,3.25090778e-02,3.37151717e-02,3.46796670e-02,3.53886465e-02,3.58312473e-02,3.59993347e-02,3.58903052e-02,3.55047047e-02,3.48405689e-02,3.39040203e-02,3.27044238e-02,3.12549777e-02,2.95729836e-02,2.76799440e-02,2.56014714e-02,2.33669735e-02,2.10090913e-02,1.85629000e-02,1.60649126e-02,1.35519557e-02,1.10600056e-02,8.62307812e-03,6.27226029e-03,4.03494758e-03,1.93432709e-03,-1.08857349e-05,-1.78646463e-03,-3.38251585e-03,-4.79316032e-03,-6.01609667e-03,-7.05211078e-03,-7.90455177e-03,-8.57879192e-03,-9.08167800e-03,-9.42096984e-03,-9.60470714e-03,-9.64172052e-03,-9.53863945e-03,-9.30162365e-03,-8.93541711e-03
-8.38853859e-03,-7.77010811e-03,-7.02518269e-03,-6.15164818e-03,-5.14638850e-03,-4.00589870e-03,-2.72701384e-03,-1.30769775e-03,2.52172215e-04,1.95008203e-03,3.78029826e-03,5.73345542e-03,7.79634012e-03,9.95189331e-03,1.21794217e-02,1.44549980e-02,1.67520171e-02,1.90418696e-02,2.12946867e-02,2.34801136e-02,2.55680680e-02,2.75294463e-02,2.93367462e-02,3.09645844e-02,3.23900957e-02,3.35932132e-02,3.45568372e-02,3.52669094e-02,3.57123907e-02,3.58849719e-02,3.57816351e-02,3.54031090e-02,3.47470996e-02,3.38196236e-02,3.26299437e-02,3.11911606e-02,2.95204711e-02,2.76392512e-02,2.55729570e-02,2.33508044e-02,2.10052111e-02,1.85710070e-02,1.60844537e-02,1.35821386e-02,1.10998290e-02,8.67137804e-03,6.32776556e-03,4.09633895e-03,2.00029309e-03,5.83986412e-05,-1.71502774e-03,-3.30997670e-03,-4.72044125e-03,-5.94398648e-03,-6.98126286e-03,-7.83548222e-03,-8.51187546e-03,-9.01714104e-03,-9.35888258e-03,-9.54498072e-03,-9.58407246e-03,-9.48267748e-03,-9.24680970e-03,-8.88113082e-03
-8.33390701e-03,-7.71483036e-03,-6.96883864e-03,-6.09403144e-03,-5.08757621e-03,-3.94630378e-03,-2.66741243e-03,-1.24922686e-03,3.08048582e-04,2.00163670e-03,3.82563131e-03,5.77060201e-03,7.82338824e-03,9.96710173e-03,1.21813289e-02,1.44425140e-02,1.67244921e-02,1.89991344e-02,2.12370642e-02,2.34084004e-02,2.54834895e-02,2.74335897e-02,2.92314768e-02,3.08519535e-02,3.22722461e-02,3.34722918e-02,3.44349196e-02,3.51459425e-02,3.55941573e-02,3.57710896e-02,3.56733238e-02,3.53017648e-02,3.46537929e-02,3.37353175e-02,3.25554948e-02,3.11273225e-02,2.94678867e-02,2.75984335e-02,2.55442599e-02,2.33343904e-02,2.10010215e-02,1.85787420e-02,1.61035669e-02,1.36118488e-02,1.11391502e-02,8.71916344e-03,6.38276111e-03,4.15724082e-03,2.06580205e-03,1.27266803e-04,-1.64396171e-03,-3.23776156e-03,-4.64799956e-03,-5.87210760e-03,-6.91059971e-03,-7.76654866e-03,-8.44504218e-03,-8.95262945e-03,-9.29675836e-03,-9.48515283e-03,-9.52626267e-03,-9.42650265e-03,-9.19174943e-03,-8.82659033e-03
-8.27907633e-03,-7.65941019e-03,-6.91244135e-03,-6.03647963e-03,-5.02896873e-03,-3.88706469e-03,-2.60831596e-03,-1.19139403e-03,3.63183552e-04,2.05238833e-03,3.87015019e-03,5.80697850e-03,7.84976563e-03,9.98178953e-03,1.21829076e-02,1.44299232e-02,1.66970971e-02,1.89567656e-02,2.11800284e-02,2.33374647e-02,2.53998389e-02,2.73387631e-02,2.91272885e-02,3.07404039e-02,3.21554328e-02,3.33523239e-02,3.43138454e-02,3.50256926e-02,3.54765089e-02,3.56576632e-02,3.55653567e-02,3.52006651e-02,3.45606470e-02,3.36511032e-02,3.24810799e-02,3.10634674e-02,2.94152364e-02,2.75574995e-02,2.55153925e-02,2.33177487e-02,2.09965455e-02,1.85861338e-02,1.61222862e-02,1.36411249e-02,1.11780104e-02,8.76647611e-03,6.43728768e-03,4.21769138e-03,2.13088856e-03,1.95749212e-04,-1.57324020e-03,-3.16584785e-03,-4.57581591e-03,-5.80044340e-03,-6.84010717e-03,-7.69773961e-03,-8.37828389e-03,-8.88813930e-03,-9.23459870e-03,-9.42523152e-03,-9.46830612e-03,-9.37013671e-03,-9.13647022e-03,-8.77182635e-03
-8.22406432e-03,-7.60386385e-03,-6.85600316e-03,-5.97899889e-03,-4.97056407e-03,-3.82816998e-03,-2.54970315e-03,-1.13416871e-03,4.17615350e-04,2.10238035e-03,3.91390037e-03,5.84262887e-03,7.87551121e-03,9.99598728e-03,1.21841772e-02,1.44172323e-02,1.66698252e-02,1.89147428e-02,2.11235472e-02,2.32672646e-02,2.53170670e-02,2.72449138e-02,2.90241279e-02,3.06298855e-02,3.20396107e-02,3.32332718e-02,3.41935850e-02,3.49061384e-02,3.53594322e-02,3.55446858e-02,3.54577317e-02,3.50998112e-02,3.44676645e-02,3.35669839e-02,3.24067024e-02,3.09995983e-02,2.93625233e-02,2.75164527e-02,2.54863599e-02,2.33008866e-02,2.09917929e-02,1.85931951e-02,1.61406270e-02,1.36699841e-02,1.12164280e-02,8.81333481e-03,6.49136341e-03,4.27770737e-03,2.19556747e-03,2.63858616e-04,-1.50285246e-03,-3.09422649e-03,-4.50388250e-03,-5.72898700e-03,-6.76977915e-03,-7.62904981e-03,-8.31159658e-03,-8.82366843e-03,-9.17240405e-03,-9.36522063e-03,-9.41021041e-03,-9.31359116e-03,-9.08098696e-03,-8.71685606e-03
-8.16886028e-03,-7.54818849e-03,-6.79953163e-03,-5.92160914e-03,-4.91239572e-03,-3.76966694e-03,-2.49163418e-03,-1.07762196e-03,4.71265129e-04,2.15153013e-03,3.95680004e-03,5.87747707e-03,7.90055956e-03,1.00096447e-02,1.21851064e-02,1.44044317e-02,1.66426900e-02,1.88731032e-02,2.10676800e-02,2.31978798e-02,2.52352708e-02,2.71521519e-02,2.89221137e-02,3.05205205e-02,3.19249017e-02,3.31152524e-02,3.40742472e-02,3.47873780e-02,3.52430123e-02,3.54322291e-02,3.53505070e-02,3.49992481e-02,3.43748783e-02,3.34829811e-02,3.23323731e-02,3.09357166e-02,2.93097399e-02,2.74752778e-02,2.54571389e-02,2.32837736e-02,2.09867264e-02,1.85998822e-02,1.61585402e-02,1.36983729e-02,1.12543465e-02,8.85968137e-03,6.54492991e-03,4.33723163e-03,2.25978414e-03,3.31544072e-04,-1.43284482e-03,-3.02293846e-03,-4.43223436e-03,-5.65776707e-03,-6.69963757e-03,-7.56049425e-03,-8.24498820e-03,-8.75921792e-03,-9.11016905e-03,-9.30510919e-03,-9.35196032e-03,-9.25684825e-03,-9.02528158e-03,-8.66166368e-03
-8.11350034e-03,-7.49241246e-03,-6.74304186e-03,-5.86430727e-03,-4.85443846e-03,-3.71150606e-03,-2.43403520e-03,-1.02165784e-03,5.24246296e-04,2.19996192e-03,3.99897621e-03,5.91164393e-03,7.92501640e-03,1.00228442e-02,1.21857475e-02,1.43915385e-02,1.66156716e-02,1.88317899e-02,2.10123359e-02,2.31291903e-02,2.51543078e-02,2.70603201e-02,2.88210826e-02,3.04121476e-02,3.18111534e-02,3.29981281e-02,3.39557131e-02,3.46693130e-02,3.51271719e-02,3.53202356e-02,3.52436417e-02,3.48989488e-02,3.42822724e-02,3.33990872e-02,3.22580911e-02,3.08718272e-02,2.92568968e-02,2.74339913e-02,2.54277532e-02,2.32664414e-02,2.09813862e-02,1.86062440e-02,1.61760821e-02,1.37263539e-02,1.12918322e-02,8.90558368e-03,6.59805420e-03,4.39632817e-03,2.32359796e-03,3.98859271e-04,-1.36316974e-03,-2.95194238e-03,-4.36083606e-03,-5.58675388e-03,-6.62965841e-03,-7.49205493e-03,-8.17844747e-03,-8.69478411e-03,-9.04789862e-03,-9.24491132e-03,-9.29357888e-03,-9.19993889e-03,-8.96939060e-03,-8.60628782e-03
-8.05799033e-03,-7.43654324e-03,-6.68654261e-03,-5.80710279e-03,-4.79670202e-03,-3.65369674e-03,-2.37691480e-03,-9.66283834e-04,5.76552712e-04,2.24767096e-03,4.04042540e-03,5.94512708e-03,7.94888024e-03,1.00355849e-02,1.21861003e-02,1.43785534e-02,1.65887711e-02,1.87908050e-02,2.09575181e-02,2.30612007e-02,2.50741847e-02,2.69694276e-02,2.87210463e-02,3.03047810e-02,3.16983823e-02,3.28819177e-02,3.38380028e-02,3.45519645e-02,3.50119321e-02,3.52087253e-02,3.51371540e-02,3.47989292e-02,3.41898596e-02,3.33153115e-02,3.21838624e-02,3.08079328e-02,2.92039937e-02,2.73925906e-02,2.53981982e-02,2.32488839e-02,2.09757653e-02,1.86122723e-02,1.61932443e-02,1.37539179e-02,1.13288759e-02,8.95103198e-03,6.65072616e-03,4.45498663e-03,2.38699849e-03,4.65793995e-04,-1.29383688e-03,-2.88124698e-03,-4.28969506e-03,-5.51595333e-03,-6.55984586e-03,-7.42373432e-03,-8.11197531e-03,-8.63036676e-03,-8.98559183e-03,-9.18462605e-03,-9.23506565e-03,-9.14286377e-03,-8.91331626e-03,-8.55073250e-03
-8.00233172e-03,-7.38058639e-03,-6.63004413e-03,-5.75001098e-03,-4.73920663e-03,-3.59626382e-03,-2.32030171e-03,-9.11531559e-04,6.28151105e-04,2.29462379e-03,4.08111552e-03,5.97789745e-03,7.97212662e-03,1.00478485e-02,1.21861535e-02,1.43654733e-02,1.65619945e-02,1.87501635e-02,2.09032508e-02,2.29939440e-02,2.49949419e-02,2.68795214e-02,2.86220568e-02,3.01984764e-02,3.15866462e-02,3.27666789e-02,3.37211726e-02,3.44353854e-02,3.48973412e-02,3.50977411e-02,3.50310807e-02,3.46992193e-02,3.40976629e-02,3.32316704e-02,3.21096966e-02,3.07440368e-02,2.91510284e-02,2.73510684e-02,2.53684621e-02,2.32310853e-02,2.09698442e-02,1.86179450e-02,1.62100018e-02,1.37810382e-02,1.13654489e-02,8.99599685e-03,6.70291604e-03,4.51317751e-03,2.44995714e-03,5.32321192e-04,-1.22487114e-03,-2.81087445e-03,-4.21883031e-03,-5.44538078e-03,-6.49021144e-03,-7.35554007e-03,-8.04557565e-03,-8.56596642e-03,-8.92324646e-03,-9.12424915e-03,-9.17641540e-03,-9.08561766e-03,-8.85705449e-03,-8.49499591e-03
-7.94654974e-03,-7.32456088e-03,-6.57355526e-03,-5.69302702e-03,-4.68193119e-03,-3.53916846e-03,-2.26413952e-03,-8.57328768e-04,6.79126122e-04,2.34091260e-03,4.12114044e-03,6.01004409e-03,7.99483326e-03,1.00596954e-02,1.21859457e-02,1.43523110e-02,1.65353271e-02,1.87098237e-02,2.08494668e-02,2.29273311e-02,2.49164737e-02,2.67904844e-02,2.85239918e-02,3.00931121e-02,3.14758290e-02,3.26523058e-02,3.36051299e-02,3.43194983e-02,3.47833373e-02,3.49872361e-02,3.49253875e-02,3.45997960e-02,3.40056682e-02,3.31481567e-02,3.20355924e-02,3.06801428e-02,2.90980094e-02,2.73094381e-02,2.53385638e-02,2.32130705e-02,2.09636542e-02,1.86232994e-02,1.62263977e-02,1.38077622e-02,1.14016019e-02,9.04053010e-03,6.75467511e-03,4.57095002e-03,2.51251983e-03,5.98482632e-04,-1.15623532e-03,-2.74079229e-03,-4.14821403e-03,-5.37501307e-03,-6.42073671e-03,-7.28745869e-03,-7.97924043e-03,-8.50158106e-03,-8.86086699e-03,-9.06379190e-03,-9.11764577e-03,-9.02822369e-03,-8.80063202e-03,-8.43910574e-03
-7.89064684e-03,-7.26847229e-03,-6.51708502e-03,-5.63616352e-03,-4.62489178e-03,-3.48242990e-03,-2.20845002e-03,-8.03699105e-04,7.29453210e-04,2.38651296e-03,4.16047694e-03,6.04154611e-03,8.01698272e-03,1.00711126e-02,1.21854689e-02,1.43390646e-02,1.65087736e-02,1.86697968e-02,2.07961840e-02,2.28613862e-02,2.48388100e-02,2.67023515e-02,2.84268904e-02,2.99887300e-02,3.13659747e-02,3.25388430e-02,3.34899184e-02,3.42043448e-02,3.46699589e-02,3.48772446e-02,3.48201041e-02,3.45006838e-02,3.39138947e-02,3.30647844e-02,3.19615584e-02,3.06162545e-02,2.90449356e-02,2.72676945e-02,2.53084944e-02,2.31948274e-02,2.09571804e-02,1.86283182e-02,1.62424127e-02,1.38340691e-02,1.14373127e-02,9.08460878e-03,6.80598012e-03,4.62828110e-03,2.57466415e-03,6.64257105e-04,-1.08794896e-03,-2.67101793e-03,-4.07786110e-03,-5.30486230e-03,-6.35143079e-03,-7.21949632e-03,-7.91297296e-03,-8.43721144e-03,-8.79845218e-03,-9.00325171e-03,-9.05875356e-03,-8.97067884e-03,-8.74404689e-03,-8.38306187e-03
-7.83463234e-03,-7.21233033e-03,-6.46064271e-03,-5.57942845e-03,-4.56809422e-03,-3.42605112e-03,-2.15323303e-03,-7.50639149e-04,7.79138689e-04,2.43143346e-03,4.19913498e-03,6.07241382e-03,8.03858455e-03,1.00821079e-02,1.21847286e-02,1.43257366e-02,1.64823333e-02,1.86300790e-02,2.07433963e-02,2.27961016e-02,2.47619424e-02,2.66151149e-02,2.83307462e-02,2.98853262e-02,3.12570822e-02,3.24262925e-02,3.33755434e-02,3.40899331e-02,3.45572165e-02,3.47677787e-02,3.47152431e-02,3.44018949e-02,3.38223532e-02,3.29815621e-02,3.18876011e-02,3.05523760e-02,2.89918090e-02,2.72258380e-02,2.52782531e-02,2.31763544e-02,2.09504208e-02,1.86329994e-02,1.62580448e-02,1.38599567e-02,1.14725793e-02,9.12823062e-03,6.85682847e-03,4.68516768e-03,2.63638663e-03,7.29640855e-04,-1.02001588e-03,-2.60155495e-03,-4.00777461e-03,-5.23493084e-03,-6.28229523e-03,-7.15165379e-03,-7.84677357e-03,-8.37285784e-03,-8.73600274e-03,-8.94263024e-03,-8.99974185e-03,-8.91298791e-03,-8.68730570e-03,-8.32687249e-03
-7.77852332e-03,-7.15614748e-03,-6.40423351e-03,-5.52281737e-03,-4.51152266e-03,-3.37000403e-03,-2.09844830e-03,-6.98097811e-04,8.28242034e-04,2.47573865e-03,4.23718010e-03,6.10270930e-03,8.05969293e-03,1.00927235e-02,1.21837515e-02,1.43123359e-02,1.64559959e-02,1.85906414e-02,2.06910569e-02,2.27314154e-02,2.46857970e-02,2.65286924e-02,2.82354729e-02,2.97828146e-02,3.11490691e-02,3.23145789e-02,3.32619385e-02,3.39762073e-02,3.44450649e-02,3.46588037e-02,3.46107787e-02,3.43034117e-02,3.37310327e-02,3.28984844e-02,3.18137195e-02,3.04885103e-02,2.89386362e-02,2.71838786e-02,2.52478537e-02,2.31576695e-02,2.09433978e-02,1.86373697e-02,1.62733245e-02,1.38854589e-02,1.15074375e-02,9.17143238e-03,6.90725660e-03,4.74164486e-03,2.69772013e-03,7.94663879e-04,-9.52409278e-04,-2.53237993e-03,-3.93793453e-03,-5.16520207e-03,-6.21331694e-03,-7.08392173e-03,-7.78063694e-03,-8.30851932e-03,-8.67352239e-03,-8.88193597e-03,-8.94062348e-03,-8.85516738e-03,-8.63042719e-03,-8.27055670e-03
-7.72232060e-03,-7.09992904e-03,-6.34786814e-03,-5.46634695e-03,-4.45519994e-03,-3.31431732e-03,-2.04412972e-03,-6.46113017e-04,8.76722735e-04,2.51938736e-03,4.27457252e-03,6.13239627e-03,8.08027719e-03,1.01029363e-02,1.21825236e-02,1.42988589e-02,1.64297693e-02,1.85515031e-02,2.06391963e-02,2.26673682e-02,2.46104236e-02,2.64431416e-02,2.81411340e-02,2.96812621e-02,3.10420040e-02,3.22037702e-02,3.31491694e-02,3.38632288e-02,3.43335600e-02,3.45503688e-02,3.45067533e-02,3.42052689e-02,3.36399604e-02,3.28155709e-02,3.17399257e-02,3.04246623e-02,2.88854157e-02,2.71418090e-02,2.52172834e-02,2.31387550e-02,2.09360891e-02,1.86414027e-02,1.62882222e-02,1.39105433e-02,1.15418530e-02,9.21417867e-03,6.95722882e-03,4.79767743e-03,2.75863072e-03,8.59294280e-04,-8.85158375e-04,-2.46351880e-03,-3.86836310e-03,-5.09569420e-03,-6.14450990e-03,-7.01630984e-03,-7.71456865e-03,-8.24419771e-03,-8.61100974e-03,-8.82116509e-03,-8.88139317e-03,-8.79721161e-03,-8.57340660e-03,-8.21411191e-03
-7.66603772e-03,-7.04368549e-03,-6.29155207e-03,-5.41001595e-03,-4.39911677e-03,-3.25897298e-03,-1.99025060e-03,-5.94650252e-04,9.24621544e-04,2.56242413e-03,4.31135771e-03,6.16151799e-03,8.10037520e-03,1.01127758e-02,1.21810639e-02,1.42853123e-02,1.64036468e-02,1.85126442e-02,2.05877823e-02,2.26039176e-02,2.45357718e-02,2.63584067e-02,2.80476712e-02,2.95806112e-02,3.09358324e-02,3.20938171e-02,3.30371934e-02,3.37509624e-02,3.42226744e-02,3.44424541e-02,3.44031529e-02,3.41074581e-02,3.35491320e-02,3.27328204e-02,3.16662210e-02,3.03608355e-02,2.88321528e-02,2.70996363e-02,2.51865516e-02,2.31196226e-02,2.09285093e-02,1.86451158e-02,1.63027576e-02,1.39352316e-02,1.15758488e-02,9.25649298e-03,7.00676835e-03,4.85328766e-03,2.81913915e-03,9.23550886e-04,-8.18246408e-04,-2.39495700e-03,-3.79904789e-03,-5.02639693e-03,-6.07586601e-03,-6.94881240e-03,-7.64856563e-03,-8.17989287e-03,-8.54846792e-03,-8.76032409e-03,-8.82206060e-03,-8.73913300e-03,-8.51625814e-03,-8.15755282e-03
-7.60968593e-03,-6.98742511e-03,-6.23528894e-03,-5.35382187e-03,-4.34326342e-03,-3.20395347e-03,-1.93678567e-03,-5.43677403e-04,9.71975953e-04,2.60488966e-03,4.34757703e-03,6.19011367e-03,8.12002120e-03,1.01222688e-02,1.21793894e-02,1.42717018e-02,1.63776221e-02,1.84740468e-02,2.05367858e-02,2.25410247e-02,2.44617951e-02,2.62744360e-02,2.79550305e-02,2.94808077e-02,3.08305026e-02,3.19846723e-02,3.29259690e-02,3.36393734e-02,3.41123801e-02,3.43350384e-02,3.42999623e-02,3.40099691e-02,3.34585415e-02,3.26502303e-02,3.15926058e-02,3.02970325e-02,2.87788521e-02,2.70573673e-02,2.51556674e-02,2.31002840e-02,2.09206724e-02,1.86485256e-02,1.63169497e-02,1.39595447e-02,1.16094470e-02,9.29839793e-03,7.05589763e-03,4.90849712e-03,2.87926560e-03,9.87452065e-04,-7.51656811e-04,-2.32668010e-03,-3.72997662e-03,-4.95730013e-03,-6.00737738e-03,-6.88142391e-03,-7.58262495e-03,-8.11560469e-03,-8.48589979e-03,-8.69941886e-03,-8.76263446e-03,-8.68094254e-03,-8.45899423e-03,-8.10089204e-03
-7.55326581e-03,-6.93115429e-03,-6.17909222e-03,-5.29778611e-03,-4.28766957e-03,-3.14929652e-03,-1.88377986e-03,-4.93245078e-04,1.01873173e-03,2.64672859e-03,4.38317679e-03,6.21813424e-03,8.13917368e-03,1.01313838e-02,1.21774812e-02,1.42580228e-02,1.63517059e-02,1.84357367e-02,2.04862479e-02,2.24787447e-02,2.43885610e-02,2.61913071e-02,2.78632967e-02,2.93819411e-02,3.07261059e-02,3.18764261e-02,3.28155829e-02,3.35285427e-02,3.40027508e-02,3.42281863e-02,3.41972369e-02,3.39128477e-02,3.33682246e-02,3.25678266e-02,3.15190963e-02,3.02332604e-02,2.87255124e-02,2.70149929e-02,2.51246142e-02,2.30807158e-02,2.09125491e-02,1.86515973e-02,1.63307591e-02,1.39834394e-02,1.16426019e-02,9.33984633e-03,7.10456909e-03,4.96325900e-03,2.93896504e-03,1.05095558e-03,-6.85428236e-04,-2.25872240e-03,-3.66117872e-03,-4.88842801e-03,-5.93906274e-03,-6.81415759e-03,-7.51675452e-03,-8.05133619e-03,-8.42330416e-03,-8.63844492e-03,-8.70310818e-03,-8.62263297e-03,-8.40160852e-03,-8.04412583e-03
-7.49679216e-03,-6.87488152e-03,-6.12296141e-03,-5.24189694e-03,-4.23231068e-03,-3.09496417e-03,-1.83118228e-03,-4.43291123e-04,1.06495947e-03,2.68801618e-03,4.41823245e-03,6.24565053e-03,8.15789396e-03,1.01401685e-02,1.21753692e-02,1.42442848e-02,1.63258860e-02,1.83976802e-02,2.04361142e-02,2.24170051e-02,2.43159820e-02,2.61089218e-02,2.77723655e-02,2.92839056e-02,3.06225388e-02,3.17689811e-02,3.27059467e-02,3.34183929e-02,3.38937209e-02,3.41218451e-02,3.40949351e-02,3.38160629e-02,3.32781602e-02,3.24855964e-02,3.14456869e-02,3.01695204e-02,2.86721408e-02,2.69725261e-02,2.50934108e-02,2.30609426e-02,2.09041696e-02,1.86543664e-02,1.63442261e-02,1.40069598e-02,1.16753602e-02,9.38088618e-03,7.15283063e-03,5.01761981e-03,2.99828151e-03,1.11410218e-03,-6.19524048e-04,-2.19105164e-03,-3.59262665e-03,-4.81975794e-03,-5.87090460e-03,-6.74700130e-03,-7.45094776e-03,-7.98708648e-03,-8.36068574e-03,-8.57741230e-03,-8.64349626e-03,-8.56422203e-03,-8.34412018e-03,-7.98727250e-03
-7.44027174e-03,-6.81861297e-03,-6.06690140e-03,-5.18615729e-03,-4.17718719e-03,-3.04095400e-03,-1.77898756e-03,-3.93807429e-04,1.11066959e-03,2.72876446e-03,4.45275673e-03,6.27267497e-03,8.17619320e-03,1.01486316e-02,1.21730592e-02,1.42304902e-02,1.63001612e-02,1.83598725e-02,2.03863766e-02,2.23557949e-02,2.42440456e-02,2.60272667e-02,2.76822234e-02,2.91866885e-02,3.05197904e-02,3.16623287e-02,3.25970545e-02,3.33089207e-02,3.37852898e-02,3.40160158e-02,3.39930596e-02,3.37196187e-02,3.31883524e-02,3.24035439e-02,3.13723817e-02,3.01058159e-02,2.86187402e-02,2.69299693e-02,2.50620595e-02,2.30409666e-02,2.08955362e-02,1.86568356e-02,1.63573533e-02,1.40301091e-02,1.17077251e-02,9.42152054e-03,7.20068515e-03,5.07158212e-03,3.05721720e-03,1.17689365e-03,-5.53942861e-04,-2.12366673e-03,-3.52431954e-03,-4.75128924e-03,-5.80290249e-03,-6.67995488e-03,-7.38520497e-03,-7.92285651e-03,-8.29804641e-03,-8.51632393e-03,-8.58380279e-03,-8.50571496e-03,-8.28653539e-03,-7.93033878e-03
-7.38370788e-03,-6.76235664e-03,-6.01092570e-03,-5.13058672e-03,-4.12232481e-03,-2.98729757e-03,-1.72723235e-03,-3.44834485e-04,1.15581933e-03,2.76893027e-03,4.48670819e-03,6.29917000e-03,8.19403986e-03,1.01567497e-02,1.21705375e-02,1.42166363e-02,1.62745403e-02,1.83223342e-02,2.03370676e-02,2.22951580e-02,2.41728052e-02,2.59464035e-02,2.75929387e-02,2.90903622e-02,3.04179353e-02,3.15565433e-02,3.24889787e-02,3.32001946e-02,3.36775205e-02,3.39107550e-02,3.38916596e-02,3.36235563e-02,3.30988343e-02,3.23216938e-02,3.12991970e-02,3.00421552e-02,2.85653113e-02,2.68873160e-02,2.50305471e-02,2.30207687e-02,2.08866244e-02,1.86589755e-02,1.63701079e-02,1.40528508e-02,1.17396580e-02,9.46170962e-03,7.24809243e-03,5.12510629e-03,3.11573392e-03,1.23929404e-03,-4.88717643e-04,-2.05659703e-03,-3.45628265e-03,-4.68304277e-03,-5.73507270e-03,-6.61303006e-03,-7.31953353e-03,-7.85864978e-03,-8.23538640e-03,-8.45517765e-03,-8.52402424e-03,-8.44710802e-03,-8.22885148e-03,-7.87332439e-03
-7.32711233e-03,-6.70611739e-03,-5.95502976e-03,-5.07516918e-03,-4.06769467e-03,-2.93395280e-03,-1.67586201e-03,-2.96306947e-04,1.20048187e-03,2.80859085e-03,4.52016369e-03,6.32520733e-03,8.21149577e-03,1.01645703e-02,1.21678337e-02,1.42027321e-02,1.62490105e-02,1.82850305e-02,2.02881313e-02,2.22350194e-02,2.41021704e-02,2.58662301e-02,2.75044019e-02,2.89948145e-02,3.03168626e-02,3.14515194e-02,3.23816218e-02,3.30921278e-02,3.35703381e-02,3.38060004e-02,3.37906849e-02,3.35278371e-02,3.30095780e-02,3.22400280e-02,3.12261236e-02,2.99785372e-02,2.85118607e-02,2.68445800e-02,2.49988943e-02,2.30003760e-02,2.08774677e-02,1.86608255e-02,1.63825340e-02,1.40752336e-02,1.17712103e-02,9.50150620e-03,7.29510531e-03,5.17824381e-03,3.17388062e-03,1.30134882e-03,-4.23807242e-04,-1.98980627e-03,-3.38848498e-03,-4.61499312e-03,-5.66739565e-03,-6.54621330e-03,-7.25392607e-03,-7.79446500e-03,-8.17271024e-03,-8.39398326e-03,-8.46417460e-03,-8.38841795e-03,-8.17108600e-03,-7.81624531e-03
-7.27048995e-03,-6.64990165e-03,-5.89922161e-03,-5.01991422e-03,-4.01330767e-03,-2.88093162e-03,-1.62488918e-03,-2.48237741e-04,1.24464443e-03,2.84773402e-03,4.55311209e-03,6.35077732e-03,8.22855318e-03,1.01720879e-02,1.21649451e-02,1.41887777e-02,1.62235751e-02,1.82479679e-02,2.02395775e-02,2.21753924e-02,2.40321577e-02,2.57867659e-02,2.74166349e-02,2.89000696e-02,3.02165982e-02,3.13472839e-02,3.22750112e-02,3.29847472e-02,3.34637685e-02,3.37017763e-02,3.36901573e-02,3.34324805e-02,3.29205999e-02,3.21585593e-02,3.11531707e-02,2.99149676e-02,2.84583904e-02,2.68017600e-02,2.49670968e-02,2.29797818e-02,2.08680571e-02,1.86623748e-02,1.63946193e-02,1.40972436e-02,1.18023672e-02,9.54089494e-03,7.34170819e-03,5.23097919e-03,3.23164226e-03,1.36304367e-03,-3.59224878e-04,-1.92330631e-03,-3.32093684e-03,-4.54714887e-03,-5.59987818e-03,-6.47950972e-03,-7.18838615e-03,-7.73030449e-03,-8.11001938e-03,-8.33274171e-03,-8.40425480e-03,-8.32964613e-03,-8.11324115e-03,-7.75910493e-03
-7.21384677e-03,-6.59371685e-03,-5.84351000e-03,-4.96483175e-03,-3.95917455e-03,-2.82824532e-03,-1.57432532e-03,-2.00638143e-04,1.28829627e-03,2.88634988e-03,4.58554465e-03,6.37587262e-03,8.24520642e-03,1.01792989e-02,1.21618699e-02,1.41747738e-02,1.61982370e-02,1.82111521e-02,2.01914147e-02,2.21162881e-02,2.39627811e-02,2.57080277e-02,2.73296573e-02,2.88061493e-02,3.01171657e-02,3.12438618e-02,3.21691728e-02,3.28780788e-02,3.33578373e-02,3.35981069e-02,3.35900993e-02,3.33375065e-02,3.28319167e-02,3.20773013e-02,3.10803484e-02,2.98514527e-02,2.84049034e-02,2.67588558e-02,2.49351514e-02,2.29589802e-02,2.08583843e-02,1.86636130e-02,1.64063519e-02,1.41188677e-02,1.18331148e-02,9.57986121e-03,7.38788615e-03,5.28329753e-03,3.28900430e-03,1.42436475e-03,-2.94983398e-04,-1.85710871e-03,-3.25364829e-03,-4.47951847e-03,-5.53252706e-03,-6.41292452e-03,-7.12291760e-03,-7.66617099e-03,-8.04731583e-03,-8.27145476e-03,-8.34426678e-03,-8.27079506e-03,-8.05532040e-03,-7.70190791e-03
-7.15719048e-03,-6.53756552e-03,-5.78789052e-03,-4.90990897e-03,-3.90527329e-03,-2.77586241e-03,-1.52413004e-03,-1.53460203e-04,1.33149080e-03,2.92449458e-03,4.61751708e-03,6.40054512e-03,8.26150012e-03,1.01862374e-02,1.21586294e-02,1.41607269e-02,1.61729870e-02,1.81745577e-02,2.01436022e-02,2.20576522e-02,2.38939747e-02,2.56299409e-02,2.72433888e-02,2.87129709e-02,3.00184834e-02,3.11411747e-02,3.20640338e-02,3.27720575e-02,3.32524877e-02,3.34949446e-02,3.34904721e-02,3.32428852e-02,3.27435068e-02,3.19962398e-02,3.10076492e-02,2.97879916e-02,2.83514043e-02,2.67158775e-02,2.49030735e-02,2.29379915e-02,2.08484744e-02,1.86645695e-02,1.64177649e-02,1.41401420e-02,1.18634912e-02,9.61844427e-03,7.43367849e-03,5.33523721e-03,3.34600328e-03,1.48534605e-03,-2.31052002e-04,-1.79118632e-03,-3.18659616e-03,-4.41208296e-03,-5.46532776e-03,-6.34644773e-03,-7.05751504e-03,-7.60206364e-03,-7.98460301e-03,-8.21012959e-03,-8.28422063e-03,-8.21187669e-03,-7.99733605e-03,-7.64466521e-03
-7.10052609e-03,-6.48145550e-03,-5.73237423e-03,-4.85516033e-03,-3.85162164e-03,-2.72380366e-03,-1.47432659e-03,-1.06728917e-04,1.37420220e-03,2.96214257e-03,4.64900521e-03,6.42477323e-03,8.27741645e-03,1.01928904e-02,1.21552164e-02,1.41466360e-02,1.61478311e-02,1.81381977e-02,2.00961600e-02,2.19995115e-02,2.38257714e-02,2.55525438e-02,2.71578720e-02,2.86205802e-02,2.99205987e-02,3.10392709e-02,3.19596421e-02,3.26667293e-02,3.31477631e-02,3.33923290e-02,3.33913109e-02,3.31486470e-02,3.26553952e-02,3.19153941e-02,3.09350868e-02,2.97245921e-02,2.82978958e-02,2.66728224e-02,2.48708556e-02,2.29168038e-02,2.08383116e-02,1.86652252e-02,1.64288363e-02,1.41610424e-02,1.18934706e-02,9.65661735e-03,7.47905812e-03,5.38677141e-03,3.40261328e-03,1.54596306e-03,-1.67453240e-04,-1.72555931e-03,-3.11979793e-03,-4.34485695e-03,-5.39829192e-03,-6.28008807e-03,-6.99218450e-03,-7.53798611e-03,-7.92188272e-03,-8.14876672e-03,-8.22411632e-03,-8.15289112e-03,-7.93928914e-03,-7.58737953e-03
-7.04385995e-03,-6.42539157e-03,-5.67696353e-03,-4.80058520e-03,-3.79821545e-03,-2.67206116e-03,-1.42490339e-03,-6.04294204e-05,1.41644789e-03,2.99931281e-03,4.68002838e-03,6.44857534e-03,8.29297155e-03,1.01992708e-02,1.21516392e-02,1.41325044e-02,1.61227669e-02,1.81020644e-02,2.00490752e-02,2.19418485e-02,2.37581503e-02,2.54758131e-02,2.70730826e-02,2.85289530e-02,2.98234887e-02,3.09381295e-02,3.18559795e-02,3.25620791e-02,3.30436503e-02,3.32902385e-02,3.32926407e-02,3.30547758e-02,3.25675796e-02,3.18347650e-02,3.08626634e-02,2.96612574e-02,2.82443816e-02,2.66296951e-02,2.48385029e-02,2.28954232e-02,2.08279028e-02,1.86655877e-02,1.64395744e-02,1.41815777e-02,1.19230622e-02,9.69438980e-03,7.52403423e-03,5.43790894e-03,3.45884253e-03,1.60622329e-03,-1.04180473e-04,-1.66022199e-03,-3.05324887e-03,-4.27783675e-03,-5.33141696e-03,-6.21384418e-03,-6.92692593e-03,-7.47393979e-03,-7.85915783e-03,-8.08737050e-03,-8.16395948e-03,-8.09384501e-03,-7.88118688e-03,-7.53005801e-03
-6.98719721e-03,-6.36937532e-03,-5.62165531e-03,-4.74617482e-03,-3.74503974e-03,-2.62061359e-03,-1.37583317e-03,-1.45294170e-05,1.45826380e-03,3.03604303e-03,4.71062397e-03,6.47198625e-03,8.30819539e-03,1.02054014e-02,1.21479121e-02,1.41183364e-02,1.60977882e-02,1.80661408e-02,2.00023207e-02,2.18846270e-02,2.36910673e-02,2.53996988e-02,2.69889666e-02,2.84380337e-02,2.97270983e-02,3.08376976e-02,3.17529967e-02,3.24580618e-02,3.29401061e-02,3.31886336e-02,3.31944625e-02,3.29612448e-02,3.24800397e-02,3.17543419e-02,3.07903740e-02,2.95979870e-02,2.81908652e-02,2.65865028e-02,2.48060261e-02,2.28738636e-02,2.08172649e-02,1.86656769e-02,1.64500017e-02,1.42017722e-02,1.19522918e-02,9.73178802e-03,7.56863326e-03,5.48867561e-03,3.51471560e-03,1.66614957e-03,-4.12129967e-05,-1.59515610e-03,-2.98693347e-03,-4.21100972e-03,-5.26469328e-03,-6.14770958e-03,-6.86173600e-03,-7.40992442e-03,-7.79643097e-03,-8.02594607e-03,-8.10375720e-03,-8.03474662e-03,-7.82303769e-03,-7.47270807e-03
-6.93054398e-03,-6.31341682e-03,-5.56646421e-03,-4.69194874e-03,-3.69211899e-03,-2.56949002e-03,-1.32714885e-03,3.09353496e-05,1.49961270e-03,3.07229609e-03,4.74075672e-03,6.49497429e-03,8.32306166e-03,1.02112630e-02,1.21440242e-02,1.41041307e-02,1.60729036e-02,1.80304459e-02,1.99559256e-02,2.18278856e-02,2.36245700e-02,2.53242560e-02,2.69055851e-02,2.83478874e-02,2.96314949e-02,3.07380433e-02,3.16507602e-02,3.23547400e-02,3.28371906e-02,3.30875882e-02,3.30967933e-02,3.28681131e-02,3.23928096e-02,3.16741494e-02,3.07182367e-02,2.95347916e-02,2.81373500e-02,2.65432418e-02,2.47734148e-02,2.28521087e-02,2.08063762e-02,1.86654661e-02,1.64600873e-02,1.42215921e-02,1.19811231e-02,9.76877439e-03,7.61281710e-03,5.53903375e-03,3.57019611e-03,1.72570758e-03,2.14176012e-05,-1.53038993e-03,-2.92087625e-03,-4.14439641e-03,-5.19813731e-03,-6.08169666e-03,-6.79662334e-03,-7.34594529e-03,-7.73370473e-03,-7.96449412e-03,-8.04350917e-03,-7.97559566e-03,-7.76484239e-03,-7.41533268e-03
-6.87390495e-03,-6.25751650e-03,-5.51138514e-03,-4.63789533e-03,-3.63943444e-03,-2.51866448e-03,-1.27881779e-03,7.60031047e-05,1.54053676e-03,3.10811602e-03,4.77047004e-03,6.51757975e-03,8.33760492e-03,1.02168820e-02,1.21399919e-02,1.40898920e-02,1.60481057e-02,1.79949598e-02,1.99098580e-02,2.17715817e-02,2.35586064e-02,2.52494256e-02,2.68228744e-02,2.82584483e-02,2.95366127e-02,3.06391026e-02,3.15492101e-02,3.22520600e-02,3.27348601e-02,3.29870680e-02,3.29995826e-02,3.27753590e-02,3.23058739e-02,3.15941745e-02,3.06462437e-02,2.94716694e-02,2.80838395e-02,2.64999202e-02,2.47406819e-02,2.28301752e-02,2.07952574e-02,1.86649797e-02,1.64698586e-02,1.42410669e-02,1.20095874e-02,9.80538111e-03,7.65661805e-03,5.58901493e-03,3.62531418e-03,1.78492538e-03,8.37367981e-05,-1.46590101e-03,-2.85505808e-03,-4.07798121e-03,-5.13173718e-03,-6.01579735e-03,-6.73158365e-03,-7.28200179e-03,-7.67098184e-03,-7.90302024e-03,-7.98322310e-03,-7.91640103e-03,-7.70660985e-03,-7.35793936e-03
-6.81728399e-03,-6.20167620e-03,-5.45641715e-03,-4.58401034e-03,-3.58697818e-03,-2.46812532e-03,-1.23082480e-03,1.20692074e-04,1.58105643e-03,3.14352442e-03,4.79978545e-03,6.53982272e-03,8.35184254e-03,1.02222720e-02,1.21358238e-02,1.40756233e-02,1.60233914e-02,1.79596731e-02,1.98641027e-02,2.17156948e-02,2.34931518e-02,2.51751795e-02,2.67408042e-02,2.81696852e-02,2.94424210e-02,3.05408463e-02,3.14483196e-02,3.21499987e-02,3.26330964e-02,3.28870568e-02,3.29028123e-02,3.26829725e-02,3.22192275e-02,3.15144142e-02,3.05743936e-02,2.94086210e-02,2.80303364e-02,2.64565428e-02,2.47078336e-02,2.28080713e-02,2.07839180e-02,1.86642284e-02,1.64793278e-02,1.42602099e-02,1.20376986e-02,9.84162236e-03,7.70005022e-03,5.63863288e-03,3.68008286e-03,1.84381505e-03,1.45755493e-04,-1.40167978e-03,-2.78947090e-03,-4.01175768e-03,-5.06548812e-03,-5.95000865e-03,-6.66661572e-03,-7.21809445e-03,-7.60826454e-03,-7.84152815e-03,-7.92290386e-03,-7.85716830e-03,-7.64834581e-03,-7.30053329e-03
