0.000000,0.015625,0.031250,0.046875,0.062500,0.078125,0.093750,0.109375,0.125000,0.140625,0.156250,0.171875,0.187500,0.203125,0.218750,0.234375,0.250000,0.265625,0.281250,0.296875,0.312500,0.328125,0.343750,0.359375,0.375000,0.390625,0.406250,0.421875,0.437500,0.453125,0.468750,0.484375,0.500000,0.515625,0.531250,0.546875,0.562500,0.578125,0.593750,0.609375,0.625000,0.640625,0.656250,0.671875,0.687500,0.703125,0.718750,0.734375,0.750000,0.765625,0.781250,0.796875,0.812500,0.828125,0.843750,0.859375,0.875000,0.890625,0.906250,0.921875,0.937500,0.953125,0.968750,0.984375
6.70976676e-03,7.42906492e-03,8.02624527e-03,8.52585893e-03,9.04235989e-03,9.74323239e-03,1.07820767e-02,1.22284888e-02,1.40279595e-02,1.60073980e-02,1.79114521e-02,1.94499685e-02,2.03472285e-02,2.03614577e-02,1.95904315e-02,1.79936074e-02,1.58259000e-02,1.34052686e-02,1.09892755e-02,8.70374055e-03,6.55623942e-03,4.50404490e-03,2.52248734e-03,6.40144351e-04,-1.06516462e-03,-2.49583916e-03,-3.56907227e-03,-4.23360670e-03,-4.47425432e-03,-4.29434065e-03,-3.69322409e-03,-2.67985867e-03,-1.25993251e-03,5.62285450e-04,2.77848086e-03,5.36900905e-03,8.29420268e-03,1.14870966e-02,1.48476786e-02,1.82370639e-02,2.14714427e-02,2.43197081e-02,2.65140121e-02,2.77829826e-02,2.78481476e-02,2.69228407e-02,2.49156421e-02,2.21461249e-02,1.90530162e-02,1.60494688e-02,1.34298582e-02,1.13359442e-02,9.76746631e-03,8.61661428e-03,7.71980344e-03,6.92191092e-03,6.13639678e-03,5.37763643e-03,4.74576707e-03,4.36680483e-03,4.32639415e-03,4.61733729e-03,5.18736882e-03,5.92637774e-03
-9.55206022e-03,-8.89543013e-03,-8.40147184e-03,-8.05836619e-03,-7.83028409e-03,-7.64808496e-03,-7.40167245e-03,-6.94565313e-03,-6.13288024e-03,-4.85510978e-03,-3.06830653e-03,-7.93684873e-04,1.90042292e-03,4.92406311e-03,8.19143353e-03,1.16318423e-02,1.51902285e-02,1.88186888e-02,2.24643533e-02,2.60592000e-02,2.95155998e-02,3.27290133e-02,3.55877258e-02,3.79891150e-02,3.98615727e-02,4.11885813e-02,4.20251317e-02,4.24905769e-02,4.27272954e-02,4.28401953e-02,4.28481574e-02,4.27423526e-02,4.24260266e-02,4.18115111e-02,4.08396616e-02,3.94793668e-02,3.77007632e-02,3.54515345e-02,3.26697312e-02,2.93329717e-02,2.55074504e-02,2.13536902e-02,1.70807796e-02,1.28848652e-02,8.91281573e-03,5.26132136e-03,1.99324362e-03,-8.54175965e-04,-3.27757677e-03,-5.31630265e-03,-7.03833897e-03,-8.51555712e-03,-9.80764732e-03,-1.09578614e-02,-1.19869985e-02,-1.28788207e-02,-1.35708043e-02,-1.39712481e-02,-1.40371511e-02,-1.37234289e-02,-1.30824595e-02,-1.22241336e-02,-1.12781386e-02,-1.03603784e-02
4.22828109e-02,4.10045346e-02,3.92277950e-02,3.70646633e-02,3.45714661e-02,3.17141713e-02,2.83965698e-02,2.45412643e-02,2.01785787e-02,1.54890829e-02,1.07745730e-02,6.37844886e-03,2.59158341e-03,-4.25870023e-04,-2.67218535e-03,-4.27135672e-03,-5.40390054e-03,-6.25812967e-03,-7.01917519e-03,-7.88394263e-03,-9.07498554e-03,-1.08199758e-02,-1.32728371e-02,-1.63899130e-02,-1.98441856e-02,-2.30945634e-02,-2.56125396e-02,-2.70990840e-02,-2.75849017e-02,-2.72391003e-02,-2.62015548e-02,-2.47285955e-02,-2.29995953e-02,-2.11270618e-02,-1.91735266e-02,-1.71713397e-02,-1.51375373e-02,-1.30810445e-02,-1.10032476e-02,-8.89456368e-03,-6.73059749e-03,-4.47233754e-03,-2.07357440e-03,5.05788610e-04,3.28625222e-03,6.26076268e-03,9.39402178e-03,1.26247579e-02,1.58694843e-02,1.90296631e-02,2.20059807e-02,2.47207559e-02,2.71424696e-02,2.92991675e-02,3.12682122e-02,3.31431815e-02,3.49941939e-02,3.68397664e-02,3.86383295e-02,4.02970399e-02,4.16898460e-02,4.26763695e-02,4.31144902e-02,4.29691938e-02
2.77197163e-02,2.58504084e-02,2.30758779e-02,1.94561626e-02,1.51730039e-02,1.05329322e-02,5.91947530e-03,1.69483714e-03,-1.89019562e-03,-4.71737757e-03,-6.76368758e-03,-8.04508612e-03,-8.59641463e-03,-8.50865005e-03,-7.81972632e-03,-6.65215301e-03,-5.13452059e-03,-3.38283389e-03,-1.48194100e-03,5.19707303e-04,2.60012795e-03,4.74509639e-03,6.93082761e-03,9.11546666e-03,1.12383175e-02,1.32207303e-02,1.49631371e-02,1.63382937e-02,1.71868122e-02,1.73138851e-02,1.66834405e-02,1.51673010e-02,1.28707828e-02,1.01456503e-02,7.53544908e-03,5.60770993e-03,4.75399656e-03,5.08739688e-03,6.47492223e-03,8.70002827e-03,1.14688885e-02,1.44947934e-02,1.75179745e-02,2.03153407e-02,2.27084918e-02,2.45733113e-02,2.58500727e-02,2.65488109e-02,2.67374187e-02,2.65954050e-02,2.62357413e-02,2.57876090e-02,2.53782549e-02,2.50931571e-02,2.49854960e-02,2.50688219e-02,2.53546651e-02,2.58571661e-02,2.65480580e-02,2.73571510e-02,2.81632747e-02,2.87940392e-02,2.90316661e-02,2.87271000e-02
-5.67185231e-03,-8.22709250e-03,-1.12933929e-02,-1.47060901e-02,-1.82679354e-02,-2.18271901e-02,-2.53137995e-02,-2.86928746e-02,-3.18864665e-02,-3.47514444e-02,-3.71406114e-02,-3.89812434e-02,-4.02943080e-02,-4.11502660e-02,-4.16154883e-02,-4.17573434e-02,-4.16017279e-02,-4.10934683e-02,-4.02759928e-02,-3.91944793e-02,-3.78930078e-02,-3.63988180e-02,-3.47188474e-02,-3.28505828e-02,-3.07972440e-02,-2.85753340e-02,-2.62105238e-02,-2.37284041e-02,-2.11505574e-02,-1.85015616e-02,-1.58237864e-02,-1.31904645e-02,-1.07071345e-02,-8.49646991e-03,-6.66831522e-03,-5.28347351e-03,-4.32629378e-03,-3.70396592e-03,-3.28111243e-03,-2.93536796e-03,-2.60340897e-03,-2.29281429e-03,-2.05806694e-03,-1.96181708e-03,-2.04896160e-03,-2.34180379e-03,-2.83946508e-03,-3.52257214e-03,-4.35045551e-03,-5.25644694e-03,-6.14583888e-03,-6.89931173e-03,-7.38520133e-03,-7.50590995e-03,-7.19004253e-03,-6.44739025e-03,-5.38127032e-03,-4.16384272e-03,-3.00226330e-03,-2.10162376e-03,-1.63366191e-03,-1.70892500e-03,-2.39663214e-03,-3.71804173e-03
1.69828834e-02,1.45166951e-02,1.26939870e-02,1.15645687e-02,1.10815806e-02,1.11274013e-02,1.15110581e-02,1.20549915e-02,1.25309716e-02,1.27359020e-02,1.25402478e-02,1.18870366e-02,1.07627255e-02,9.22719944e-03,7.35663180e-03,5.19078628e-03,2.68064301e-03,-3.37972234e-04,-4.11102784e-03,-8.83652144e-03,-1.44635683e-02,-2.05602999e-02,-2.64359741e-02,-3.14723919e-02,-3.53573763e-02,-3.80622212e-02,-3.96912288e-02,-4.03768401e-02,-4.03850632e-02,-3.95864944e-02,-3.81150751e-02,-3.60664738e-02,-3.35391938e-02,-3.06267072e-02,-2.74115709e-02,-2.39620889e-02,-2.03316003e-02,-1.65599650e-02,-1.26768700e-02,-8.70694582e-03,-4.67666890e-03,-6.22380371e-04,3.40169970e-03,7.31769806e-03,1.10247045e-02,1.44036777e-02,1.73317941e-02,1.97081674e-02,2.14888983e-02,2.27192283e-02,2.35405472e-02,2.41541454e-02,2.47539630e-02,2.54745129e-02,2.63645701e-02,2.73756494e-02,2.83677086e-02,2.91260769e-02,2.93780441e-02,2.89780926e-02,2.77652927e-02,2.56908254e-02,2.29482983e-02,1.99056403e-02
1.98336073e-02,2.17640730e-02,2.35871942e-02,2.51987362e-02,2.64865357e-02,2.73370340e-02,2.76344297e-02,2.73652085e-02,2.64914989e-02,2.49833508e-02,2.29057441e-02,2.03426952e-02,1.73518298e-02,1.39465130e-02,1.01267367e-02,5.94707200e-03,1.57535395e-03,-2.70869227e-03,-6.58742902e-03,-9.82041285e-03,-1.23010811e-02,-1.40503805e-02,-1.51680092e-02,-1.57812546e-02,-1.60169692e-02,-1.60156782e-02,-1.58836216e-02,-1.57800168e-02,-1.58330025e-02,-1.62038187e-02,-1.69812769e-02,-1.81692843e-02,-1.96557875e-02,-2.12208747e-02,-2.25932152e-02,-2.35321156e-02,-2.39123373e-02,-2.37517787e-02,-2.29808561e-02,-2.17058454e-02,-2.00471439e-02,-1.81578282e-02,-1.62289705e-02,-1.44800286e-02,-1.31272589e-02,-1.23274844e-02,-1.20906096e-02,-1.22995723e-02,-1.26577688e-02,-1.28102616e-02,-1.24627270e-02,-1.14041844e-02,-9.61879435e-03,-7.21413978e-03,-4.37104526e-03,-1.29924227e-03,1.79723686e-03,4.74763435e-03,7.44307708e-03,9.84979594e-03,1.20074592e-02,1.40048862e-02,1.59395739e-02,1.78781561e-02
2.53610709e-02,2.06081568e-02,1.53385382e-02,9.77335585e-03,4.22720932e-03,-9.65065253e-04,-5.53117571e-03,-9.30890584e-03,-1.22173417e-02,-1.42155789e-02,-1.52938556e-02,-1.55460236e-02,-1.50265905e-02,-1.38769995e-02,-1.22936151e-02,-1.04791972e-02,-8.62403896e-03,-6.88903544e-03,-5.38974341e-03,-4.18153924e-03,-3.25431377e-03,-2.54882519e-03,-1.99533302e-03,-1.55447824e-03,-1.23196940e-03,-1.05452714e-03,-1.02141418e-03,-1.07009679e-03,-1.07396844e-03,-8.81466050e-04,-3.69048267e-04,5.21869486e-04,1.78203361e-03,3.36025426e-03,5.19757213e-03,7.25488671e-03,9.52362460e-03,1.20169588e-02,1.47480359e-02,1.77080710e-02,2.08563042e-02,2.41261629e-02,2.74429001e-02,3.07423938e-02,3.39807179e-02,3.71293223e-02,4.01588965e-02,4.30215942e-02,4.56421905e-02,4.79234883e-02,4.97626862e-02,5.10681909e-02,5.17698569e-02,5.17864799e-02,5.13126365e-02,5.02094476e-02,4.85377720e-02,4.64319588e-02,4.40542805e-02,4.15354127e-02,3.89179959e-02,3.61380788e-02,3.30533377e-02,2.95008986e-02
-2.12457480e-02,-2.20152665e-02,-2.23053861e-02,-2.22673468e-02,-2.19556978e-02,-2.14873063e-02,-2.09645442e-02,-2.04809600e-02,-2.00976240e-02,-1.98171090e-02,-1.95801737e-02,-1.92851152e-02,-1.88192211e-02,-1.80998608e-02,-1.70942534e-02,-1.58158367e-02,-1.43103384e-02,-1.26395813e-02,-1.08654042e-02,-9.03548210e-03,-7.17528535e-03,-5.29085608e-03,-3.38242187e-03,-1.46101773e-03,4.44307348e-04,2.29680264e-03,4.07795652e-03,5.81288176e-03,7.57873606e-03,9.48716869e-03,1.16462555e-02,1.41194804e-02,1.68993017e-02,1.99019927e-02,2.29776122e-02,2.59233030e-02,2.84916598e-02,3.03949366e-02,3.13122334e-02,3.09933832e-02,2.93991926e-02,2.63358508e-02,2.20085697e-02,1.68971575e-02,1.16612790e-02,6.96978047e-03,3.30333322e-03,8.32766144e-04,-5.60106461e-04,-1.16062735e-03,-1.29115520e-03,-1.21825493e-03,-1.13079378e-03,-1.15091367e-03,-1.37884335e-03,-1.92557930e-03,-2.92186097e-03,-4.48596991e-03,-6.66301772e-03,-9.36534875e-03,-1.23555308e-02,-1.53007537e-02,-1.78803989e-02,-1.98839437e-02
2.54201679e-02,2.34760674e-02,2.01259842e-02,1.57938851e-02,1.11397516e-02,6.76400615e-03,2.98777076e-03,-1.44641737e-04,-2.71718864e-03,-4.79307861e-03,-6.35246828e-03,-7.31967420e-03,-7.64908641e-03,-7.34887057e-03,-6.48691858e-03,-5.21610353e-03,-3.73129347e-03,-2.26468874e-03,-1.09468049e-03,-5.52824703e-04,-1.00805462e-03,-2.78722919e-03,-6.02321584e-03,-1.04857451e-02,-1.55651746e-02,-2.05252918e-02,-2.48488363e-02,-2.83758255e-02,-3.11894620e-02,-3.34252474e-02,-3.51507105e-02,-3.63518082e-02,-3.69917127e-02,-3.71290776e-02,-3.67334377e-02,-3.58210791e-02,-3.44634090e-02,-3.27186359e-02,-3.06434851e-02,-2.83074896e-02,-2.58008734e-02,-2.32311394e-02,-2.07094529e-02,-1.83317583e-02,-1.61605563e-02,-1.42123539e-02,-1.24540714e-02,-1.08096160e-02,-9.17557313e-03,-7.44302299e-03,-5.52097966e-03,-3.35577566e-03,-9.40885616e-04,1.68619774e-03,4.45960834e-03,7.31121650e-03,1.01907245e-02,1.30711568e-02,1.59334696e-02,1.87350076e-02,2.13741618e-02,2.36637658e-02,2.53223248e-02,2.59857179e-02
2.18790885e-02,2.28830719e-02,2.33580116e-02,2.34140723e-02,2.32171583e-02,2.27874605e-02,2.21252284e-02,2.11746393e-02,1.98720471e-02,1.82128023e-02,1.62946770e-02,1.43073463e-02,1.24656234e-02,1.09256013e-02,9.73252101e-03,8.81523407e-03,8.00900226e-03,7.08754717e-03,5.79983856e-03,3.92409650e-03,1.34771400e-03,-1.85747799e-03,-5.41965838e-03,-8.97145438e-03,-1.21902990e-02,-1.48891587e-02,-1.70170591e-02,-1.86079264e-02,-1.97259636e-02,-2.04282393e-02,-2.07490991e-02,-2.07560461e-02,-2.04101830e-02,-1.97576076e-02,-1.88631263e-02,-1.78212855e-02,-1.67429102e-02,-1.57323192e-02,-1.48615312e-02,-1.41485504e-02,-1.35483151e-02,-1.29628338e-02,-1.22713027e-02,-1.13787423e-02,-1.02666628e-02,-9.01586929e-03,-7.78762169e-03,-6.77133772e-03,-6.11745303e-03,-5.87150597e-03,-5.94887484e-03,-6.13687354e-03,-6.15786910e-03,-5.73324257e-03,-4.67096290e-03,-2.90834137e-03,-5.00062263e-04,2.41592134e-03,5.65604058e-03,9.02538020e-03,1.23345802e-02,1.54099125e-02,1.80993559e-02,2.02810834e-02
-2.27394392e-02,-2.30707417e-02,-2.27528260e-02,-2.18301264e-02,-2.04099857e-02,-1.85739604e-02,-1.63929374e-02,-1.39386688e-02,-1.12873703e-02,-8.51355286e-03,-5.67834178e-03,-2.81984916e-03,4.74123864e-05,2.92137841e-03,5.79308906e-03,8.62895415e-03,1.13618417e-02,1.38913375e-02,1.60902533e-02,1.78161407e-02,1.89310190e-02,1.93334123e-02,1.90700060e-02,1.82551189e-02,1.70894820e-02,1.58960680e-02,1.49751431e-02,1.45164544e-02,1.45633417e-02,1.49911470e-02,1.56738311e-02,1.63994535e-02,1.69677513e-02,1.72247968e-02,1.71021422e-02,1.66057274e-02,1.57278408e-02,1.44765079e-02,1.28195694e-02,1.07137776e-02,8.18117853e-03,5.38070971e-03,2.61223734e-03,2.31890743e-04,-1.46919054e-03,-2.35076171e-03,-2.45640066e-03,-1.92044297e-03,-9.74501910e-04,1.17654125e-04,1.09828480e-03,1.74967784e-03,1.91889136e-03,1.53473744e-03,5.79384614e-04,-9.22193349e-04,-2.92477880e-03,-5.37466742e-03,-8.19627193e-03,-1.12688491e-02,-1.44055969e-02,-1.73566511e-02,-1.98538329e-02,-2.16829675e-02
-4.99590308e-02,-4.97066083e-02,-4.89258836e-02,-4.77287531e-02,-4.61272762e-02,-4.40909958e-02,-4.15883084e-02,-3.86187893e-02,-3.52266482e-02,-3.14952572e-02,-2.75313510e-02,-2.34483679e-02,-1.93546867e-02,-1.53483868e-02,-1.15173977e-02,-7.94270075e-03,-4.70225134e-03,-1.87368635e-03,4.66612718e-04,2.25087542e-03,3.44348412e-03,4.06930217e-03,4.23363671e-03,4.12188788e-03,3.93001037e-03,3.82941643e-03,3.91613358e-03,4.20254335e-03,4.64575907e-03,5.16334903e-03,5.65687167e-03,6.02656276e-03,6.18566011e-03,6.07721038e-03,5.67458154e-03,4.95426822e-03,3.90046328e-03,2.49107768e-03,7.10746024e-04,-1.42613105e-03,-3.85422477e-03,-6.44933782e-03,-9.03419707e-03,-1.14092478e-02,-1.34084132e-02,-1.49582228e-02,-1.61071433e-02,-1.70092341e-02,-1.78774153e-02,-1.89302750e-02,-2.03329824e-02,-2.21456032e-02,-2.43112166e-02,-2.66991407e-02,-2.91821563e-02,-3.16981075e-02,-3.42594893e-02,-3.69121949e-02,-3.96683432e-02,-4.24463909e-02,-4.50563043e-02,-4.72523074e-02,-4.88284175e-02,-4.96997178e-02
-2.12637906e-02,-2.39606376e-02,-2.58891775e-02,-2.71085764e-02,-2.77410774e-02,-2.79301463e-02,-2.77590870e-02,-2.72271083e-02,-2.63494698e-02,-2.51171473e-02,-2.35191538e-02,-2.15563308e-02,-1.92504170e-02,-1.66470086e-02,-1.38119532e-02,-1.08241370e-02,-7.76925801e-03,-4.73714238e-03,-1.82117200e-03,8.84405681e-04,3.29196418e-03,5.33665708e-03,6.98810595e-03,8.25190203e-03,9.15495506e-03,9.71884745e-03,9.93445207e-03,9.76808403e-03,9.17460018e-03,8.11603243e-03,6.64960831e-03,4.94150035e-03,3.24258408e-03,1.80677858e-03,7.94536117e-04,2.19526250e-04,-3.84511141e-05,-1.74608314e-04,-3.86367082e-04,-8.09131752e-04,-1.47569000e-03,-2.31198814e-03,-3.16906281e-03,-3.87060409e-03,-4.25215037e-03,-4.21402120e-03,-3.68184476e-03,-2.68592214e-03,-1.33519464e-03,2.02664681e-04,1.73623656e-03,3.08761892e-03,4.11744372e-03,4.73216959e-03,4.87278510e-03,4.51281267e-03,3.60012591e-03,2.08648361e-03,-6.25311467e-05,-2.84815566e-03,-6.21316397e-03,-1.00162353e-02,-1.40118651e-02,-1.78712634e-02
7.52470762e-03,8.93675023e-03,1.06783289e-02,1.27009492e-02,1.48996601e-02,1.71242802e-02,1.91989422e-02,2.09463097e-02,2.22146824e-02,2.29039993e-02,2.29596151e-02,2.25315776e-02,2.16204800e-02,2.03449137e-02,1.88068903e-02,1.70516515e-02,1.50588722e-02,1.27594147e-02,1.00745876e-02,6.97223852e-03,3.53278220e-03,-2.26673542e-06,-3.25280618e-03,-5.83487028e-03,-7.52076538e-03,-8.29479623e-03,-8.35052336e-03,-7.85086027e-03,-7.01118239e-03,-5.98752449e-03,-4.88551204e-03,-3.78326599e-03,-2.75476798e-03,-1.87957529e-03,-1.23123902e-03,-8.46925586e-04,-6.91903318e-04,-6.42498877e-04,-5.06576371e-04,-8.37330063e-05,7.55571307e-04,2.01288030e-03,3.55180183e-03,5.12938583e-03,6.45686359e-03,7.27836986e-03,7.45325942e-03,7.05965704e-03,6.27219128e-03,5.37289796e-03,4.60796342e-03,4.10254323e-03,3.85963522e-03,3.80715207e-03,3.85031925e-03,3.92013838e-03,3.98478803e-03,4.05288409e-03,4.15728115e-03,4.33561024e-03,4.61964271e-03,5.03787148e-03,5.62646421e-03,6.43607941e-03
-1.30825215e-03,-1.54762308e-03,-2.47079461e-03,-3.97567804e-03,-5.96469219e-03,-8.35085364e-03,-1.10151073e-02,-1.37591891e-02,-1.63101088e-02,-1.83848864e-02,-1.97675407e-02,-2.03635786e-02,-2.02756923e-02,-1.94485745e-02,-1.80405076e-02,-1.62009142e-02,-1.40802408e-02,-1.18175940e-02,-9.52683433e-03,-7.28624374e-03,-5.13463890e-03,-3.07464589e-03,-1.08252114e-03,8.76058655e-04,2.82520373e-03,4.75621399e-03,6.61247080e-03,8.28676028e-03,9.63265775e-03,1.04862147e-02,1.06884252e-02,1.01756337e-02,8.87493108e-03,6.82133265e-03,4.16930241e-03,1.16469704e-03,-1.91452465e-03,-4.84245441e-03,-7.50450540e-03,-9.88553194e-03,-1.20203791e-02,-1.39455139e-02,-1.56782457e-02,-1.72218067e-02,-1.85760144e-02,-1.97384416e-02,-2.07007853e-02,-2.14531669e-02,-2.19952957e-02,-2.23378866e-02,-2.24886215e-02,-2.24630744e-02,-2.21753630e-02,-2.15514795e-02,-2.05164335e-02,-1.90344256e-02,-1.71231084e-02,-1.48512324e-02,-1.23303492e-02,-9.70703006e-03,-7.15530826e-03,-4.86594970e-03,-3.02913745e-03,-1.80872749e-03
1.63614396e-02,8.27065909e-03,8.79058706e-04,-5.47892946e-03,-1.08115161e-02,-1.52207239e-02,-1.87496308e-02,-2.13706465e-02,-2.30381053e-02,-2.37498971e-02,-2.36931672e-02,-2.27953077e-02,-2.12641155e-02,-1.92984528e-02,-1.71114502e-02,-1.49044957e-02,-1.28336965e-02,-1.09804831e-02,-9.33944798e-03,-7.83314198e-03,-6.35031321e-03,-4.78941118e-03,-3.08617775e-03,-1.21740720e-03,8.09174808e-04,2.96348845e-03,5.19471702e-03,7.42836711e-03,9.56653759e-03,1.14953059e-02,1.30990019e-02,1.42796721e-02,1.49801457e-02,1.52071495e-02,1.50776760e-02,1.47326365e-02,1.43333509e-02,1.40238208e-02,1.38739139e-02,1.38907389e-02,1.40446866e-02,1.43355921e-02,1.47624909e-02,1.53336872e-02,1.60574243e-02,1.69413946e-02,1.80008163e-02,1.92662073e-02,2.07818926e-02,2.25928772e-02,2.47251456e-02,2.71677203e-02,2.98627647e-02,3.27050164e-02,3.55475039e-02,3.82087647e-02,4.04765685e-02,4.21014018e-02,4.27606875e-02,4.22947093e-02,4.04815944e-02,3.69123541e-02,3.14709781e-02,2.43982628e-02
-8.67891054e-03,-6.00071990e-03,-3.55563198e-03,-1.46049570e-03,2.06884762e-04,1.41112234e-03,2.15419463e-03,2.46035809e-03,2.36254396e-03,1.89845913e-03,1.10691298e-03,6.25859217e-05,-1.11131340e-03,-2.23714170e-03,-3.10860338e-03,-3.54577149e-03,-3.46790573e-03,-2.86561804e-03,-1.84200730e-03,-5.55717025e-04,8.13425053e-04,2.09038148e-03,3.12559520e-03,3.80939276e-03,4.08702521e-03,3.97630861e-03,3.56819679e-03,3.00175425e-03,2.44720844e-03,2.05379069e-03,1.92465420e-03,2.11286363e-03,2.64149442e-03,3.52086581e-03,4.75649194e-03,6.35147321e-03,8.29800761e-03,1.05642322e-02,1.30803642e-02,1.57275107e-02,1.83310520e-02,2.06588847e-02,2.24249267e-02,2.32978150e-02,2.29704581e-02,2.13344195e-02,1.81822629e-02,1.36869834e-02,8.27669450e-03,2.49202554e-03,-3.18269011e-03,-8.39071637e-03,-1.28948731e-02,-1.65418198e-02,-1.92576093e-02,-2.10420512e-02,-2.19505306e-02,-2.21336661e-02,-2.16168133e-02,-2.04704575e-02,-1.87803746e-02,-1.66369626e-02,-1.41486666e-02,-1.14463864e-02
-6.87559276e-03,-6.64422891e-03,-6.89896962e-03,-7.51881455e-03,-8.30461140e-03,-9.03572056e-03,-9.51797955e-03,-9.64092426e-03,-9.33733918e-03,-8.60698944e-03,-7.50495718e-03,-6.11489492e-03,-4.53661701e-03,-2.87875592e-03,-1.25458164e-03,2.23079398e-04,1.45073852e-03,2.34848468e-03,2.86914978e-03,2.99058176e-03,2.69392468e-03,1.89753849e-03,4.32904052e-04,-1.95970230e-03,-5.56872128e-03,-1.05716117e-02,-1.68525752e-02,-2.38923899e-02,-3.08599162e-02,-3.68982639e-02,-4.14198529e-02,-4.42302915e-02,-4.54826704e-02,-4.56571737e-02,-4.48702866e-02,-4.35285690e-02,-4.19653943e-02,-4.04183167e-02,-3.90275562e-02,-3.78413692e-02,-3.68335751e-02,-3.59327903e-02,-3.50565315e-02,-3.41409025e-02,-3.31571706e-02,-3.21101763e-02,-3.10236699e-02,-2.99239923e-02,-2.88302478e-02,-2.77520951e-02,-2.66912158e-02,-2.56416704e-02,-2.45872863e-02,-2.34983858e-02,-2.23323047e-02,-2.10407876e-02,-1.95835217e-02,-1.79432846e-02,-1.61371339e-02,-1.42205158e-02,-1.22846660e-02,-1.04491771e-02,-8.85026954e-03,-7.62300146e-03
2.54690619e-03,6.76633772e-04,-1.01659043e-03,-2.33865161e-03,-3.12793110e-03,-3.31168123e-03,-2.88131523e-03,-1.90863467e-03,-5.24020814e-04,1.10669026e-03,2.80135675e-03,4.38612984e-03,5.71780722e-03,6.70305984e-03,7.30347451e-03,7.51882345e-03,7.36505108e-03,6.83417602e-03,5.88442672e-03,4.48868177e-03,2.66989189e-03,5.47221128e-04,-1.65318364e-03,-3.64466501e-03,-5.16576879e-03,-6.03751931e-03,-6.20881951e-03,-5.66106898e-03,-4.46340970e-03,-2.74705638e-03,-6.86165592e-04,1.52882541e-03,3.72891673e-03,5.80492215e-03,7.72330411e-03,9.51487244e-03,1.12371195e-02,1.29278913e-02,1.45735421e-02,1.61055796e-02,1.74237319e-02,1.84304090e-02,1.90590820e-02,1.92882577e-02,1.91756676e-02,1.88050534e-02,1.82792440e-02,1.77419142e-02,1.73082338e-02,1.70313266e-02,1.68954324e-02,1.68331732e-02,1.67577640e-02,1.65874541e-02,1.62473861e-02,1.56854485e-02,1.48781879e-02,1.38296480e-02,1.25680984e-02,1.11395355e-02,9.59307364e-03,7.96005696e-03,6.24297116e-03,4.43200763e-03
-1.21377190e-02,-1.58265334e-02,-1.98430324e-02,-2.41263408e-02,-2.84789039e-02,-3.25953819e-02,-3.61586791e-02,-3.89554772e-02,-4.09439717e-02,-4.22449618e-02,-4.30781122e-02,-4.36860360e-02,-4.42844762e-02,-4.50377649e-02,-4.60332223e-02,-4.72792597e-02,-4.87280164e-02,-5.02952603e-02,-5.18664557e-02,-5.32985040e-02,-5.44325015e-02,-5.51287848e-02,-5.53571156e-02,-5.51316619e-02,-5.43107754e-02,-5.30018562e-02,-5.12969896e-02,-4.93002885e-02,-4.71187710e-02,-4.48563227e-02,-4.26093406e-02,-4.04614527e-02,-3.84761988e-02,-3.66888349e-02,-3.51001520e-02,-3.36750772e-02,-3.23470197e-02,-3.10270473e-02,-2.96164792e-02,-2.80216069e-02,-2.61679005e-02,-2.40097152e-02,-2.15335247e-02,-1.87566236e-02,-1.57250812e-02,-1.25131371e-02,-9.22299871e-03,-5.98166934e-03,-2.93127065e-03,-2.11023235e-04,2.06721863e-03,3.84642438e-03,5.13843128e-03,6.00847724e-03,6.52961518e-03,6.72498709e-03,6.54356015e-03,5.87830286e-03,4.61005729e-03,2.71351089e-03,2.81488450e-04,-2.51872802e-03,-5.54168918e-03,-8.73504913e-03
3.49317251e-02,3.52458786e-02,3.51152855e-02,3.45215501e-02,3.33334337e-02,3.14592022e-02,2.88008118e-02,2.52660576e-02,2.08155706e-02,1.55419604e-02,9.73949309e-03,3.88858622e-03,-1.47843703e-03,-5.95144916e-03,-9.37041335e-03,-1.18040671e-02,-1.34575890e-02,-1.45682461e-02,-1.53307986e-02,-1.58677004e-02,-1.62378502e-02,-1.64660853e-02,-1.65718140e-02,-1.65877750e-02,-1.65343239e-02,-1.64421909e-02,-1.63406831e-02,-1.62664981e-02,-1.62578046e-02,-1.63773490e-02,-1.66969516e-02,-1.72894590e-02,-1.82213089e-02,-1.95282037e-02,-2.11762327e-02,-2.30314821e-02,-2.48700434e-02,-2.64324238e-02,-2.74889737e-02,-2.79146800e-02,-2.77261096e-02,-2.67748949e-02,-2.51284114e-02,-2.28529654e-02,-2.00324518e-02,-1.67651319e-02,-1.31599622e-02,-9.33292728e-03,-5.40151575e-03,-1.47704995e-03,2.34369523e-03,5.98576591e-03,9.40331299e-03,1.25801035e-02,1.55272998e-02,1.82760538e-02,2.08647118e-02,2.33230457e-02,2.56586129e-02,2.78507225e-02,2.98546519e-02,3.16139893e-02,3.30746865e-02,3.41929315e-02
5.38168679e-03,9.52339776e-03,1.36885981e-02,1.77698271e-02,2.17079039e-02,2.54956589e-02,2.91689860e-02,3.27859543e-02,3.64008416e-02,4.00418595e-02,4.36981829e-02,4.73167895e-02,5.08058964e-02,5.40410321e-02,5.68717250e-02,5.91301038e-02,6.06422849e-02,6.11943079e-02,6.09169451e-02,5.98599934e-02,5.80176376e-02,5.56671594e-02,5.31852019e-02,5.09100472e-02,4.90339149e-02,4.75706151e-02,4.64096262e-02,4.54056785e-02,4.44436958e-02,4.34599420e-02,4.24315516e-02,4.13520843e-02,4.02115363e-02,3.89933347e-02,3.76877688e-02,3.63106112e-02,3.49113065e-02,3.35591047e-02,3.23103929e-02,3.11776373e-02,3.01219508e-02,2.90734702e-02,2.79650225e-02,2.67612338e-02,2.54701585e-02,2.41298108e-02,2.27724962e-02,2.13823735e-02,1.98669793e-02,1.80589521e-02,1.57549247e-02,1.27903080e-02,9.13226064e-03,4.94811823e-03,6.03772665e-04,-3.41528459e-03,-6.63574646e-03,-8.72409213e-03,-9.55652236e-03,-9.20567051e-03,-7.73506207e-03,-5.34228094e-03,-2.22936973e-03,1.40775211e-03
-2.69378099e-02,-2.54215986e-02,-2.38593645e-02,-2.23149396e-02,-2.08583411e-02,-1.95632010e-02,-1.84900451e-02,-1.76594030e-02,-1.70331738e-02,-1.65231230e-02,-1.60247064e-02,-1.54559839e-02,-1.47777041e-02,-1.39804710e-02,-1.30586656e-02,-1.20014082e-02,-1.08105054e-02,-9.53050646e-03,-8.26728409e-03,-7.18245251e-03,-6.46624009e-03,-6.27198561e-03,-6.71136341e-03,-7.78319324e-03,-9.35130720e-03,-1.11908938e-02,-1.30697366e-02,-1.48258999e-02,-1.63979056e-02,-1.78096702e-02,-1.91406309e-02,-2.04999726e-02,-2.20012876e-02,-2.37277025e-02,-2.56911518e-02,-2.78093427e-02,-2.99278709e-02,-3.18883209e-02,-3.36025752e-02,-3.50845410e-02,-3.64265005e-02,-3.77441041e-02,-3.91175324e-02,-4.05472215e-02,-4.19408370e-02,-4.31389892e-02,-4.39684744e-02,-4.43199904e-02,-4.42610089e-02,-4.36469979e-02,-4.26113216e-02,-4.12802914e-02,-3.97916573e-02,-3.82760452e-02,-3.68446578e-02,-3.55781338e-02,-3.45157226e-02,-3.36483330e-02,-3.29206186e-02,-3.22439487e-02,-3.15171000e-02,-3.06517716e-02,-2.95967111e-02,-2.83474991e-02
-4.12473505e-02,-4.00926493e-02,-3.89429121e-02,-3.78709129e-02,-3.69367327e-02,-3.61731976e-02,-3.55749049e-02,-3.50959457e-02,-3.46583925e-02,-3.41677588e-02,-3.35344170e-02,-3.26982996e-02,-3.16411234e-02,-3.03805560e-02,-2.89561124e-02,-2.74181380e-02,-2.58244250e-02,-2.42418249e-02,-2.27472389e-02,-2.14230202e-02,-2.03434491e-02,-1.95515771e-02,-1.90325954e-02,-1.87011272e-02,-1.84181927e-02,-1.80215075e-02,-1.73737953e-02,-1.64131500e-02,-1.51601408e-02,-1.36938418e-02,-1.21198195e-02,-1.05468175e-02,-9.07807174e-03,-7.81435271e-03,-6.86144050e-03,-6.33651846e-03,-6.32375270e-03,-6.95543391e-03,-8.31023405e-03,-1.04365859e-02,-1.33232693e-02,-1.68600520e-02,-2.08121519e-02,-2.48550720e-02,-2.86767213e-02,-3.20802160e-02,-3.50110103e-02,-3.75023467e-02,-3.95958521e-02,-4.12972920e-02,-4.25893441e-02,-4.34766648e-02,-4.40178222e-02,-4.43185160e-02,-4.44951588e-02,-4.46386127e-02,-4.47912052e-02,-4.49263375e-02,-4.49832130e-02,-4.49097982e-02,-4.46066707e-02,-4.40610239e-02,-4.32903319e-02,-4.23346366e-02
3.80802402e-03,4.70968267e-03,5.64772555e-03,6.77681708e-03,8.23309100e-03,1.00925560e-02,1.23526573e-02,1.49325028e-02,1.76780283e-02,2.03636740e-02,2.26938679e-02,2.43177580e-02,2.48711537e-02,2.42784281e-02,2.25336408e-02,1.98567735e-02,1.67476914e-02,1.36708714e-02,1.08612743e-02,8.31174754e-03,5.88823511e-03,3.46077655e-03,9.84244150e-04,-1.49265731e-03,-3.88304559e-03,-6.14237569e-03,-8.30711322e-03,-1.04705397e-02,-1.27132090e-02,-1.50287891e-02,-1.72918706e-02,-1.92982012e-02,-2.08596898e-02,-2.18910097e-02,-2.24340929e-02,-2.26204783e-02,-2.26137692e-02,-2.25405021e-02,-2.24977954e-02,-2.25058009e-02,-2.25370843e-02,-2.25171091e-02,-2.23231992e-02,-2.18297412e-02,-2.09369323e-02,-1.95906981e-02,-1.77930174e-02,-1.56027362e-02,-1.31303486e-02,-1.05301104e-02,-7.99006688e-03,-5.71662382e-03,-3.90679519e-03,-2.70238864e-03,-2.13252532e-03,-2.06563260e-03,-2.24324917e-03,-2.35395123e-03,-2.16272803e-03,-1.57159829e-03,-6.31543125e-04,5.16354887e-04,1.70918663e-03,2.82239002e-03
-4.21229565e-03,-2.01123817e-03,-4.81616938e-04,3.92676574e-04,7.13565686e-04,6.49120706e-04,3.76970615e-04,2.16262051e-05,-3.82754311e-04,-8.87422170e-04,-1.57839074e-03,-2.50921723e-03,-3.65387148e-03,-4.91022639e-03,-6.15255675e-03,-7.29019554e-03,-8.28369203e-03,-9.11237871e-03,-9.73204825e-03,-1.00654106e-02,-1.00746934e-02,-9.71238164e-03,-9.05285856e-03,-8.25457909e-03,-7.55088711e-03,-7.21233805e-03,-7.48979851e-03,-8.63530631e-03,-1.07424565e-02,-1.37286659e-02,-1.73396120e-02,-2.12274002e-02,-2.50535927e-02,-2.85601255e-02,-3.15953811e-02,-3.41082643e-02,-3.61208714e-02,-3.76924471e-02,-3.88921169e-02,-3.97902176e-02,-4.04631572e-02,-4.09992259e-02,-4.14977671e-02,-4.20609233e-02,-4.27717700e-02,-4.36557364e-02,-4.46448125e-02,-4.55730142e-02,-4.62235694e-02,-4.64592281e-02,-4.62284356e-02,-4.53443396e-02,-4.38685972e-02,-4.18593386e-02,-3.93785068e-02,-3.64824185e-02,-3.32238586e-02,-2.96599669e-02,-2.58604255e-02,-2.19129280e-02,-1.79248478e-02,-1.40213329e-02,-1.03404672e-02,-7.02543857e-03
6.19120383e-02,5.94832623e-02,5.66648302e-02,5.35416421e-02,5.03243137e-02,4.72994920e-02,4.47237174e-02,4.27218373e-02,4.12466846e-02,4.01134993e-02,3.90836374e-02,3.79477365e-02,3.65800062e-02,3.49658822e-02,3.31815828e-02,3.13235432e-02,2.94408129e-02,2.75281197e-02,2.55810667e-02,2.36610911e-02,2.19097477e-02,2.04908653e-02,1.95027948e-02,1.89287128e-02,1.86515953e-02,1.85097541e-02,1.83632101e-02,1.81289797e-02,1.77969195e-02,1.74512199e-02,1.72661281e-02,1.74502285e-02,1.81604833e-02,1.95342822e-02,2.15833136e-02,2.42221095e-02,2.73017579e-02,3.06455294e-02,3.40778033e-02,3.74463521e-02,4.06405558e-02,4.36047189e-02,4.63409903e-02,4.88960170e-02,5.13322619e-02,5.36942697e-02,5.59841483e-02,5.81574100e-02,6.01427464e-02,6.18787546e-02,6.33495354e-02,6.45965857e-02,6.56964752e-02,6.67182528e-02,6.76852691e-02,6.85567899e-02,6.92339526e-02,6.95764781e-02,6.95222931e-02,6.91345369e-02,6.83374729e-02,6.71760636e-02,6.57128559e-02,6.39694179e-02
-1.47397963e-02,-1.39009053e-02,-1.31986671e-02,-1.25729472e-02,-1.19556223e-02,-1.13136387e-02,-1.06670821e-02,-1.00830213e-02,-9.65935777e-03,-9.49523688e-03,-9.67693832e-03,-1.02803130e-02,-1.12975014e-02,-1.26375235e-02,-1.41323846e-02,-1.55754539e-02,-1.67755323e-02,-1.75958029e-02,-1.79654868e-02,-1.79200026e-02,-1.73815946e-02,-1.63636881e-02,-1.48635705e-02,-1.28920272e-02,-1.04914976e-02,-7.74398561e-03,-4.76586938e-03,-1.69303120e-03,1.33766936e-03,4.20448190e-03,6.81641316e-03,9.11496091e-03,1.10653541e-02,1.26375371e-02,1.37855157e-02,1.44359904e-02,1.44821984e-02,1.39327729e-02,1.26838916e-02,1.07678826e-02,8.30478684e-03,5.49542471e-03,2.59681607e-03,-1.20062406e-04,-2.41918492e-03,-4.14964416e-03,-5.27205950e-03,-5.85380992e-03,-6.04645210e-03,-6.04969374e-03,-6.08930654e-03,-6.40389938e-03,-7.18964505e-03,-8.53960065e-03,-1.03973010e-02,-1.25520377e-02,-1.46923688e-02,-1.64989248e-02,-1.77309468e-02,-1.82799732e-02,-1.82517648e-02,-1.76654141e-02,-1.67491967e-02,-1.57178174e-02
-5.90294676e-03,-6.93367481e-03,-7.95408405e-03,-8.92890417e-03,-9.93812387e-03,-1.11095781e-02,-1.25230703e-02,-1.41286659e-02,-1.57257300e-02,-1.70211938e-02,-1.77365579e-02,-1.77965041e-02,-1.70852156e-02,-1.57189611e-02,-1.38940223e-02,-1.18484481e-02,-9.81955143e-03,-8.00651416e-03,-6.53981801e-03,-5.46044880e-03,-4.71432486e-03,-4.16719579e-03,-3.63876755e-03,-2.94648561e-03,-1.94866897e-03,-5.69069547e-04,1.20342430e-03,3.32860360e-03,5.73122690e-03,8.30658479e-03,1.09180169e-02,1.33887358e-02,1.54914670e-02,1.69390972e-02,1.73714272e-02,1.65215466e-02,1.40240430e-02,9.62364649e-03,3.42019773e-03,-4.00737754e-03,-1.15802804e-02,-1.81557020e-02,-2.29801159e-02,-2.58715706e-02,-2.70737370e-02,-2.71470291e-02,-2.62433392e-02,-2.47692647e-02,-2.29864220e-02,-2.10832807e-02,-1.92010515e-02,-1.74407397e-02,-1.58544889e-02,-1.44336492e-02,-1.31117298e-02,-1.17928717e-02,-1.03997010e-02,-8.91960770e-03,-7.42658771e-03,-6.06997691e-03,-5.03563760e-03,-4.49084163e-03,-4.49123853e-03,-5.01833335e-03
-5.15782959e-02,-5.22950129e-02,-5.25268416e-02,-5.21726625e-02,-5.09914967e-02,-4.90538654e-02,-4.64660418e-02,-4.33770027e-02,-3.99490171e-02,-3.63342675e-02,-3.26607069e-02,-2.90272434e-02,-2.55070121e-02,-2.21557304e-02,-1.90207029e-02,-1.61464726e-02,-1.35761372e-02,-1.13511801e-02,-9.51348589e-03,-8.10861572e-03,-7.18248212e-03,-6.76115807e-03,-6.79458274e-03,-7.19205524e-03,-7.74406778e-03,-8.20168572e-03,-8.36157404e-03,-8.10167062e-03,-7.39993803e-03,-6.35119107e-03,-5.11724608e-03,-3.89004148e-03,-2.86176209e-03,-2.20169032e-03,-2.02915892e-03,-2.41561526e-03,-3.38063093e-03,-4.92285156e-03,-7.05806183e-03,-9.82727771e-03,-1.32609099e-02,-1.73212308e-02,-2.18672570e-02,-2.66659148e-02,-3.14339985e-02,-3.58832914e-02,-3.97608272e-02,-4.28891714e-02,-4.51997393e-02,-4.67399923e-02,-4.76457435e-02,-4.80912005e-02,-4.82419598e-02,-4.82441076e-02,-4.81183666e-02,-4.79262398e-02,-4.77004253e-02,-4.74960047e-02,-4.73920148e-02,-4.74305578e-02,-4.77588231e-02,-4.84242835e-02,-4.93921109e-02,-5.05213588e-02
1.28027553e-03,-1.41821366e-03,-3.99243397e-03,-6.32296737e-03,-8.31719773e-03,-9.96867616e-03,-1.13703538e-02,-1.26752555e-02,-1.40293423e-02,-1.55051065e-02,-1.70630368e-02,-1.85601975e-02,-1.97994694e-02,-2.05916388e-02,-2.08427015e-02,-2.04892900e-02,-1.94686969e-02,-1.78271618e-02,-1.56475150e-02,-1.30505057e-02,-1.01930076e-02,-7.26248007e-03,-4.46627287e-03,-2.01245464e-03,-7.79664251e-05,1.23403114e-03,1.93639485e-03,2.16168413e-03,2.10894986e-03,1.94864888e-03,1.76434793e-03,1.55717113e-03,1.30290563e-03,1.02025187e-03,8.04304041e-04,8.09769613e-04,1.19581769e-03,2.07660025e-03,3.48584243e-03,5.37687161e-03,7.64042645e-03,1.01294096e-02,1.26834473e-02,1.51527536e-02,1.74224606e-02,1.94344391e-02,2.11967921e-02,2.27690053e-02,2.42206885e-02,2.55793641e-02,2.67911138e-02,2.77127794e-02,2.81400976e-02,2.79205373e-02,2.70140996e-02,2.53774110e-02,2.31603681e-02,2.05820975e-02,1.78395424e-02,1.50540716e-02,1.22746553e-02,9.51125952e-03,6.76098540e-03,4.01726655e-03
2.34185814e-02,2.15836495e-02,1.97018180e-02,1.79212363e-02,1.63192782e-02,1.49682802e-02,1.39834551e-02,1.35081474e-02,1.36386387e-02,1.43232372e-02,1.54710908e-02,1.68497353e-02,1.81922944e-02,1.92621905e-02,1.99096703e-02,2.01006835e-02,1.99572177e-02,1.95920437e-02,1.91222018e-02,1.86353238e-02,1.81661048e-02,1.77256620e-02,1.73257518e-02,1.69835281e-02,1.67157076e-02,1.65366543e-02,1.64635888e-02,1.65126975e-02,1.66938805e-02,1.70114782e-02,1.74324682e-02,1.78914633e-02,1.82997523e-02,1.85600782e-02,1.85694859e-02,1.83013863e-02,1.76526426e-02,1.65685150e-02,1.50251554e-02,1.30572430e-02,1.07816222e-02,8.38838177e-03,6.09428323e-03,4.08616156e-03,2.49109799e-03,1.38489214e-03,8.18578346e-04,8.33957433e-04,1.45097655e-03,2.66049916e-03,4.40238827e-03,6.57512551e-03,9.05048567e-03,1.16922133e-02,1.43727487e-02,1.69843572e-02,1.94412267e-02,2.16703068e-02,2.35932231e-02,2.51080332e-02,2.60831947e-02,2.63686759e-02,2.59981676e-02,2.49733371e-02
5.49479109e-02,5.29672748e-02,5.03838016e-02,4.74423800e-02,4.44559897e-02,4.16999963e-02,3.93430372e-02,3.74358970e-02,3.59387843e-02,3.47616874e-02,3.37997969e-02,3.29510640e-02,3.21132513e-02,3.11721027e-02,2.99986026e-02,2.84690825e-02,2.65114314e-02,2.41625605e-02,2.16031035e-02,1.91333672e-02,1.70854608e-02,1.57151852e-02,1.51358754e-02,1.53004320e-02,1.60552450e-02,1.72836896e-02,1.88072361e-02,2.04631733e-02,2.21078176e-02,2.36186301e-02,2.49034924e-02,2.59153712e-02,2.66608687e-02,2.71891832e-02,2.75621338e-02,2.78262653e-02,2.80099396e-02,2.81491055e-02,2.83178432e-02,2.86331555e-02,2.92464966e-02,3.03049634e-02,3.19041651e-02,3.40603033e-02,3.67065576e-02,3.97068260e-02,4.28788990e-02,4.60219180e-02,4.89444658e-02,5.14890980e-02,5.35486385e-02,5.50719829e-02,5.60627027e-02,5.65773271e-02,5.67201315e-02,5.66831520e-02,5.65838814e-02,5.65433847e-02,5.66048007e-02,5.67749019e-02,5.69884866e-02,5.70640556e-02,5.68734380e-02,5.62290366e-02
4.02858436e-02,3.93624021e-02,3.85370787e-02,3.78342448e-02,3.71752538e-02,3.63867122e-02,3.52391885e-02,3.34994162e-02,3.10074255e-02,2.77549604e-02,2.39261879e-02,1.98710668e-02,1.60078603e-02,1.26918911e-02,1.01176310e-02,8.30407938e-03,7.15335709e-03,6.52804794e-03,6.30051168e-03,6.36002694e-03,6.60590966e-03,6.94480666e-03,7.27306872e-03,7.50067287e-03,7.57202165e-03,7.49776559e-03,7.35251150e-03,7.28744862e-03,7.49426954e-03,8.15254850e-03,9.39762062e-03,1.12751429e-02,1.37487300e-02,1.67236462e-02,2.00749386e-02,2.36711557e-02,2.73905459e-02,3.11296395e-02,3.48050646e-02,3.83503082e-02,4.17103372e-02,4.48371699e-02,4.76875951e-02,5.02214958e-02,5.23985954e-02,5.41744442e-02,5.55007378e-02,5.63343151e-02,5.66348081e-02,5.65204447e-02,5.60667605e-02,5.52890590e-02,5.42712891e-02,5.30699872e-02,5.17078926e-02,5.02098075e-02,4.86427956e-02,4.71234416e-02,4.57745078e-02,4.46582703e-02,4.37426351e-02,4.29283357e-02,4.21094920e-02,4.12252716e-02
-3.07845223e-02,-2.82118319e-02,-2.54818863e-02,-2.26868333e-02,-1.99019774e-02,-1.71899039e-02,-1.46037515e-02,-1.21897935e-02,-9.98873716e-03,-8.03403697e-03,-6.34619067e-03,-4.92464287e-03,-3.74127513e-03,-2.73949410e-03,-1.84102762e-03,-9.60040073e-04,-2.12960522e-05,1.02378396e-03,2.18909761e-03,3.45615777e-03,4.78286424e-03,6.11380513e-03,7.38805414e-03,8.54181169e-03,9.50509161e-03,1.01937196e-02,1.04994337e-02,1.03005144e-02,9.48974876e-03,7.95489456e-03,5.72542212e-03,3.01444658e-03,2.03441920e-04,-2.29033333e-03,-4.18973046e-03,-5.43135121e-03,-6.10707842e-03,-6.36181348e-03,-6.32447362e-03,-6.06172192e-03,-5.62839093e-03,-5.08947728e-03,-4.55536924e-03,-4.19842088e-03,-4.21607299e-03,-4.84610896e-03,-6.25944506e-03,-8.50386453e-03,-1.14492455e-02,-1.48038842e-02,-1.82154282e-02,-2.14043132e-02,-2.42459819e-02,-2.67627416e-02,-2.90509662e-02,-3.11923763e-02,-3.31860920e-02,-3.49246861e-02,-3.62251180e-02,-3.69101243e-02,-3.69936849e-02,-3.63322339e-02,-3.49850751e-02,-3.30869874e-02
2.54904834e-02,1.79359379e-02,1.23096176e-02,8.38003648e-03,5.71968566e-03,3.88251613e-03,2.50423985e-03,1.33132457e-03,2.19139268e-04,-8.72790929e-04,-1.88682846e-03,-2.69095995e-03,-3.12530158e-03,-3.07884577e-03,-2.47011247e-03,-1.30032883e-03,3.93998444e-04,2.56805930e-03,5.18584220e-03,8.21957810e-03,1.16400829e-02,1.54083649e-02,1.94736005e-02,2.37774550e-02,2.82613946e-02,3.28732563e-02,3.75708010e-02,4.23217780e-02,4.71011775e-02,5.18866165e-02,5.66525408e-02,6.13637747e-02,6.59692782e-02,7.03977227e-02,7.45572856e-02,7.83424645e-02,8.16502282e-02,8.44055347e-02,8.65909856e-02,8.82677241e-02,8.95706472e-02,9.06724875e-02,9.17375775e-02,9.28912261e-02,9.42063380e-02,9.57017164e-02,9.73516741e-02,9.91012700e-02,1.00877213e-01,1.02588364e-01,1.04115969e-01,1.05297363e-01,1.05794772e-01,1.05581995e-01,1.04560975e-01,1.02304349e-01,9.85443332e-02,9.31370377e-02,8.60587455e-02,7.74119191e-02,6.74434926e-02,5.65816594e-02,4.54554881e-02,3.48386642e-02
2.52492126e-02,2.49852038e-02,2.41872857e-02,2.26418717e-02,2.02529493e-02,1.71299500e-02,1.35898353e-02,1.00282345e-02,6.73060885e-03,3.75800386e-03,9.67609819e-04,-1.88010942e-03,-4.99763863e-03,-8.46488941e-03,-1.21774299e-02,-1.58642236e-02,-1.91852113e-02,-2.18564659e-02,-2.37231280e-02,-2.47565637e-02,-2.50562458e-02,-2.46893449e-02,-2.36858030e-02,-2.21403660e-02,-2.01376712e-02,-1.77635537e-02,-1.51055362e-02,-1.22457170e-02,-9.25031001e-03,-6.16205049e-03,-3.00048545e-03,2.29161248e-04,3.52315943e-03,6.86965301e-03,1.02467387e-02,1.36251554e-02,1.69703147e-02,2.02404467e-02,2.33819553e-02,2.63262216e-02,2.89921676e-02,3.12959917e-02,3.31650091e-02,3.45483570e-02,3.54160188e-02,3.57407263e-02,3.55732480e-02,3.49375160e-02,3.38139081e-02,3.22944659e-02,3.05331736e-02,2.87194108e-02,2.70391136e-02,2.56389470e-02,2.46064034e-02,2.39656268e-02,2.36834082e-02,2.36842240e-02,2.38476592e-02,2.41179896e-02,2.44215595e-02,2.47198513e-02,2.49937016e-02,2.52055517e-02
1.40125850e-02,1.54238758e-02,1.69699666e-02,1.85627157e-02,2.01135855e-02,2.15373630e-02,2.27557969e-02,2.37029909e-02,2.43339749e-02,2.46412818e-02,2.46766468e-02,2.45998890e-02,2.45814862e-02,2.48229399e-02,2.54982115e-02,2.66762575e-02,2.82969352e-02,3.01987305e-02,3.21662434e-02,3.39749246e-02,3.54247159e-02,3.63627594e-02,3.66871688e-02,3.64840968e-02,3.58110058e-02,3.47219261e-02,3.33384860e-02,3.17421118e-02,2.99548026e-02,2.79747942e-02,2.58468799e-02,2.37200871e-02,2.18325610e-02,2.04097062e-02,1.95471970e-02,1.91688982e-02,1.90724912e-02,1.90184011e-02,1.88200195e-02,1.83247930e-02,1.74531042e-02,1.62146110e-02,1.47038647e-02,1.30726002e-02,1.14805389e-02,1.00474782e-02,8.83361009e-03,7.85332027e-03,7.10450341e-03,6.59122942e-03,6.32788102e-03,6.32875305e-03,6.56928996e-03,7.02712408e-03,7.63781626e-03,8.32220912e-03,8.99594690e-03,9.58557682e-03,1.00530210e-02,1.04197322e-02,1.07702104e-02,1.12225103e-02,1.18843126e-02,1.28152488e-02
1.19312355e-02,1.36395144e-02,1.49230136e-02,1.56435134e-02,1.56924983e-02,1.51701186e-02,1.41192387e-02,1.27806090e-02,1.14288086e-02,1.02590859e-02,9.32290404e-03,8.54622315e-03,7.80231287e-03,6.98132736e-03,6.02232008e-03,4.90597780e-03,3.62553563e-03,2.16124177e-03,4.71121608e-04,-1.50776412e-03,-3.85386296e-03,-6.64088075e-03,-9.88936477e-03,-1.35025927e-02,-1.72356936e-02,-2.07414729e-02,-2.36769963e-02,-2.58036787e-02,-2.70317803e-02,-2.74425571e-02,-2.71789833e-02,-2.63069144e-02,-2.50081184e-02,-2.34121342e-02,-2.15976046e-02,-1.95970541e-02,-1.74116853e-02,-1.50318735e-02,-1.24573558e-02,-9.71266386e-03,-6.85617549e-03,-3.98290557e-03,-1.22138837e-03,1.27525009e-03,3.34238318e-03,4.82914960e-03,5.62318997e-03,5.67781206e-03,5.09745470e-03,4.02591867e-03,2.75134585e-03,1.58465155e-03,7.57920556e-04,3.53662147e-04,3.12059144e-04,5.05652586e-04,8.35194042e-04,1.28936317e-03,1.94498549e-03,2.91018158e-03,4.25193196e-03,5.95220243e-03,7.90819463e-03,9.96135961e-03
2.70879866e-02,2.77288655e-02,2.82591523e-02,2.85797964e-02,2.85477453e-02,2.81339176e-02,2.72071080e-02,2.57718671e-02,2.39498566e-02,2.19645275e-02,2.00680451e-02,1.84428602e-02,1.71483479e-02,1.61435054e-02,1.53484376e-02,1.46865316e-02,1.40846435e-02,1.34539938e-02,1.26888740e-02,1.16985164e-02,1.04593534e-02,9.05310608e-03,7.65300838e-03,6.45406004e-03,5.59097270e-03,5.09665098e-03,4.91190608e-03,4.91682340e-03,4.96309200e-03,4.89824147e-03,4.59748853e-03,3.99562787e-03,3.14464861e-03,2.21507656e-03,1.44192806e-03,1.03118689e-03,1.08332549e-03,1.57020918e-03,2.37832646e-03,3.34859490e-03,4.32355948e-03,5.17232735e-03,5.80424048e-03,6.17777204e-03,6.30536519e-03,6.25427773e-03,6.11953287e-03,6.00979974e-03,6.03327483e-03,6.26507159e-03,6.77619754e-03,7.61201351e-03,8.80173369e-03,1.03473149e-02,1.22079353e-02,1.42933098e-02,1.64737431e-02,1.86043544e-02,2.05547563e-02,2.22354176e-02,2.36141109e-02,2.47174465e-02,2.56145653e-02,2.63858449e-02
1.07758523e-02,1.34460784e-02,1.61378315e-02,1.88717777e-02,2.16434030e-02,2.44114432e-02,2.70978489e-02,2.95954958e-02,3.17785603e-02,3.35137524e-02,3.46741453e-02,3.51557412e-02,3.49872006e-02,3.42542084e-02,3.29635644e-02,3.12230489e-02,2.91248238e-02,2.67500979e-02,2.42177169e-02,2.17178460e-02,1.94919790e-02,1.77729246e-02,1.67313710e-02,1.64614677e-02,1.68946304e-02,1.80135959e-02,1.97483954e-02,2.19922259e-02,2.46395678e-02,2.75865262e-02,3.07241438e-02,3.39290795e-02,3.70543629e-02,3.99222986e-02,4.23209444e-02,4.40019277e-02,4.46594223e-02,4.42403614e-02,4.26656132e-02,3.97893954e-02,3.58114223e-02,3.11533305e-02,2.63302937e-02,2.17725773e-02,1.76865608e-02,1.40281234e-02,1.05761951e-02,7.06252925e-03,3.32941018e-03,-5.30289773e-04,-4.14940538e-03,-7.07079472e-03,-8.99515228e-03,-9.87652739e-03,-9.92291438e-03,-9.25939501e-03,-8.07318562e-03,-6.47600884e-03,-4.53452602e-03,-2.30421045e-03,1.49461292e-04,2.74892985e-03,5.41850330e-03,8.10230664e-03
-6.47228861e-03,-4.40154527e-03,-2.16542312e-03,1.95145118e-04,2.59166133e-03,4.89324711e-03,6.93772703e-03,8.54359648e-03,9.52409266e-03,9.70346772e-03,9.03836679e-03,7.49309859e-03,5.24198595e-03,2.64647707e-03,1.59087139e-04,-1.82791338e-03,-3.10866730e-03,-3.67619712e-03,-3.66093029e-03,-3.18433828e-03,-2.34603172e-03,-1.18249242e-03,3.03947169e-04,2.10432604e-03,4.17565459e-03,6.43552782e-03,8.77099468e-03,1.10530513e-02,1.31534978e-02,1.49657324e-02,1.64292026e-02,1.75489736e-02,1.83945129e-02,1.90681548e-02,1.96572322e-02,2.01995941e-02,2.06783578e-02,2.10397360e-02,2.12114794e-02,2.11133999e-02,2.06602510e-02,1.96799678e-02,1.80082344e-02,1.55422083e-02,1.23350674e-02,8.63199661e-03,4.77800636e-03,1.04593879e-03,-2.46945040e-03,-5.80904868e-03,-9.00972130e-03,-1.19965850e-02,-1.45801407e-02,-1.65467599e-02,-1.77614367e-02,-1.82278419e-02,-1.80730013e-02,-1.73640977e-02,-1.62690092e-02,-1.49226513e-02,-1.34233401e-02,-1.18281329e-02,-1.01528700e-02,-8.37943827e-03
-4.56911871e-02,-4.38455254e-02,-4.18488069e-02,-3.97374561e-02,-3.75178852e-02,-3.51855908e-02,-3.27412038e-02,-3.01978756e-02,-2.75782289e-02,-2.49048073e-02,-2.21913815e-02,-1.94414298e-02,-1.66556632e-02,-1.38452845e-02,-1.10444879e-02,-8.31611747e-03,-5.74787936e-03,-3.44066851e-03,-1.49325017e-03,1.19529090e-05,1.01789205e-03,1.49886576e-03,1.46401118e-03,9.71271797e-04,1.17903007e-04,-9.30020155e-04,-1.96318433e-03,-2.77660746e-03,-3.22946267e-03,-3.29518239e-03,-3.02424495e-03,-2.54073433e-03,-1.98349404e-03,-1.46930828e-03,-1.07571248e-03,-8.43588222e-04,-7.92482051e-04,-9.40905469e-04,-1.31064534e-03,-1.91565307e-03,-2.74181635e-03,-3.73469989e-03,-4.80571026e-03,-5.85052981e-03,-6.76827671e-03,-7.48179270e-03,-7.96758525e-03,-8.29044693e-03,-8.62228338e-03,-9.25011374e-03,-1.05448125e-02,-1.28729139e-02,-1.64667140e-02,-2.12824534e-02,-2.69349492e-02,-3.27957575e-02,-3.82146963e-02,-4.27084449e-02,-4.60224444e-02,-4.81026102e-02,-4.90546707e-02,-4.91940462e-02,-4.85386162e-02,-4.73026478e-02
2.16781143e-02,1.89647411e-02,1.73102227e-02,1.66339240e-02,1.67118794e-02,1.72536543e-02,1.80626410e-02,1.89154367e-02,1.96588080e-02,2.02087361e-02,2.05313580e-02,2.05997554e-02,2.03886274e-02,1.97488363e-02,1.84465774e-02,1.62104543e-02,1.28598015e-02,8.49635170e-03,3.61710254e-03,-1.02373498e-03,-4.76297073e-03,-7.32298905e-03,-8.78532934e-03,-9.41300828e-03,-9.51181366e-03,-9.26850348e-03,-8.79714352e-03,-8.10492413e-03,-7.12289786e-03,-5.75264875e-03,-3.91381328e-03,-1.57790694e-03,1.21983588e-03,4.38705048e-03,7.79748161e-03,1.13116635e-02,1.47925532e-02,1.81143744e-02,2.11672358e-02,2.38623894e-02,2.61421783e-02,2.79947289e-02,2.94673501e-02,3.06676047e-02,3.17427229e-02,3.28414917e-02,3.40755484e-02,3.54924675e-02,3.70689519e-02,3.87278903e-02,4.03695449e-02,4.18994828e-02,4.32405660e-02,4.43272764e-02,4.50888452e-02,4.54253416e-02,4.52742231e-02,4.45821915e-02,4.31549481e-02,4.08824181e-02,3.77393390e-02,3.38527471e-02,2.95515265e-02,2.53251974e-02
6.00599999e-02,6.15635265e-02,6.21623653e-02,6.18050418e-02,6.03986011e-02,5.77490938e-02,5.40292667e-02,4.96396240e-02,4.50655850e-02,4.07363931e-02,3.69398465e-02,3.38025053e-02,3.13078724e-02,2.93360644e-02,2.77206488e-02,2.63070899e-02,2.49881856e-02,2.37044568e-02,2.24203849e-02,2.11046445e-02,1.97378251e-02,1.83428409e-02,1.70078278e-02,1.58731685e-02,1.50846666e-02,1.47463333e-02,1.48851833e-02,1.54616049e-02,1.64444323e-02,1.77425874e-02,1.92525459e-02,2.08726711e-02,2.25192909e-02,2.41384905e-02,2.57045317e-02,2.72032001e-02,2.86104495e-02,2.98824996e-02,3.09675019e-02,3.18347872e-02,3.25036128e-02,3.30484874e-02,3.35724144e-02,3.41687255e-02,3.48939504e-02,3.57570272e-02,3.67277758e-02,3.77566763e-02,3.87907689e-02,3.97792693e-02,4.06754009e-02,4.14449501e-02,4.20839090e-02,4.26338350e-02,4.31786601e-02,4.38237173e-02,4.46721912e-02,4.58038749e-02,4.72602164e-02,4.90400223e-02,5.11024129e-02,5.33704249e-02,5.57307613e-02,5.80285970e-02
-9.06037070e-04,2.15639281e-03,5.30175858e-03,8.49232422e-03,1.16716201e-02,1.47723880e-02,1.77210680e-02,2.04401544e-02,2.28504051e-02,2.48727832e-02,2.64284105e-02,2.74368252e-02,2.78165026e-02,2.75870424e-02,2.67858899e-02,2.54681156e-02,2.38298846e-02,2.20970765e-02,2.04455744e-02,1.89504918e-02,1.75866579e-02,1.62723143e-02,1.49337669e-02,1.35716265e-02,1.23049334e-02,1.13587490e-02,1.09841692e-02,1.13214457e-02,1.23792697e-02,1.40770155e-02,1.62366077e-02,1.86667193e-02,2.11941546e-02,2.36743665e-02,2.59925920e-02,2.80648650e-02,2.98416761e-02,3.13099351e-02,3.24852699e-02,3.33890870e-02,3.40107490e-02,3.42517065e-02,3.39549926e-02,3.28294403e-02,3.03730912e-02,2.60394050e-02,1.93866398e-02,1.04178998e-02,-4.74775816e-05,-1.03562952e-02,-1.88145517e-02,-2.45572163e-02,-2.76047362e-02,-2.85474333e-02,-2.79868920e-02,-2.62970924e-02,-2.39441973e-02,-2.12297648e-02,-1.83496889e-02,-1.54240657e-02,-1.25152403e-02,-9.63852080e-03,-6.77258375e-03,-3.87547873e-03
1.80309337e-02,1.73832355e-02,1.62111263e-02,1.47206683e-02,1.31559545e-02,1.17470929e-02,1.06626114e-02,9.98618919e-03,9.72328164e-03,9.81659519e-03,1.01837005e-02,1.07610456e-02,1.14938884e-02,1.23699930e-02,1.34138480e-02,1.46631531e-02,1.61404209e-02,1.78341834e-02,1.96962796e-02,2.16525670e-02,2.36208348e-02,2.55305730e-02,2.73399348e-02,2.90442839e-02,3.06711589e-02,3.22614214e-02,3.38433442e-02,3.54090948e-02,3.68996251e-02,3.81974656e-02,3.91195091e-02,3.93768596e-02,3.88585806e-02,3.72287121e-02,3.41379510e-02,2.94079676e-02,2.31381975e-02,1.58313745e-02,8.34969967e-03,1.62122655e-03,-3.71199850e-03,-7.43948567e-03,-9.67829205e-03,-1.06770161e-02,-1.07626391e-02,-1.00753182e-02,-8.81502280e-03,-7.15413151e-03,-5.26385925e-03,-3.31719144e-03,-1.47081619e-03,1.66619159e-04,1.56632016e-03,2.79269751e-03,3.97994473e-03,5.27906668e-03,6.80060572e-03,8.57817800e-03,1.05605671e-02,1.26245601e-02,1.45974086e-02,1.62840624e-02,1.74994909e-02,1.81037071e-02
1.69173111e-02,1.87954484e-02,2.00843671e-02,2.06914121e-02,2.06356054e-02,2.01316379e-02,1.93754076e-02,1.86668432e-02,1.81987718e-02,1.79955615e-02,1.79345946e-02,1.78302292e-02,1.74945984e-02,1.67254793e-02,1.53465653e-02,1.32269896e-02,1.03106117e-02,6.65152549e-03,2.41745826e-03,-2.17649308e-03,-6.98045978e-03,-1.19737325e-02,-1.71836400e-02,-2.25343057e-02,-2.77572439e-02,-3.24553642e-02,-3.62686566e-02,-3.90025409e-02,-4.06454571e-02,-4.13218403e-02,-4.13403772e-02,-4.06620178e-02,-3.95097777e-02,-3.80262615e-02,-3.63272324e-02,-3.45047739e-02,-3.26309913e-02,-3.07639206e-02,-2.89552324e-02,-2.72561206e-02,-2.57173898e-02,-2.43843036e-02,-2.32916733e-02,-2.24635636e-02,-2.19149729e-02,-2.16460849e-02,-2.16061372e-02,-2.17582440e-02,-2.19680627e-02,-2.20710175e-02,-2.19096415e-02,-2.12662996e-02,-2.00114310e-02,-1.80874965e-02,-1.55230037e-02,-1.24212643e-02,-8.93525200e-03,-5.23762011e-03,-1.49270010e-03,2.16508807e-03,5.64300268e-03,8.89039719e-03,1.18793506e-02,1.45766240e-02
2.96845914e-02,2.79251608e-02,2.57478223e-02,2.32507071e-02,2.05963793e-02,1.80096630e-02,1.57345038e-02,1.39751438e-02,1.28585162e-02,1.24305014e-02,1.26443776e-02,1.34027438e-02,1.45953465e-02,1.60329031e-02,1.74946166e-02,1.87508667e-02,1.96073788e-02,1.99723214e-02,1.99389567e-02,1.97543960e-02,1.97206995e-02,2.00877455e-02,2.10191792e-02,2.25003595e-02,2.43828102e-02,2.64588090e-02,2.85231835e-02,3.04107502e-02,3.20091345e-02,3.32525707e-02,3.41057355e-02,3.45467229e-02,3.45348652e-02,3.41415955e-02,3.32468559e-02,3.18081657e-02,2.98063190e-02,2.72737015e-02,2.43241070e-02,2.11628680e-02,1.80654283e-02,1.53209917e-02,1.31580829e-02,1.16895423e-02,1.09059388e-02,1.07116749e-02,1.09351219e-02,1.14511828e-02,1.21442451e-02,1.29463015e-02,1.38641109e-02,1.49669222e-02,1.63462877e-02,1.80639592e-02,2.01122637e-02,2.24031523e-02,2.47840069e-02,2.70672579e-02,2.90626788e-02,3.06067788e-02,3.15838081e-02,3.19257260e-02,3.17081010e-02,3.09632634e-02
2.41124805e-02,2.05191413e-02,1.71236112e-02,1.40400651e-02,1.12169730e-02,8.47008995e-03,5.57789108e-03,2.37891630e-03,-1.17528144e-03,-5.03668597e-03,-9.14016455e-03,-1.34738935e-02,-1.80750293e-02,-2.29347135e-02,-2.78696439e-02,-3.24817714e-02,-3.62845427e-02,-3.89083270e-02,-4.02300219e-02,-4.04779400e-02,-3.96525343e-02,-3.79108182e-02,-3.54576403e-02,-3.24445208e-02,-2.89819929e-02,-2.51503169e-02,-2.10083354e-02,-1.66009774e-02,-1.19655190e-02,-7.13651485e-03,-2.14983384e-03,2.95350741e-03,8.12290388e-03,1.32984128e-02,1.84115026e-02,2.33901672e-02,2.81664593e-02,3.26839744e-02,3.69022478e-02,4.07957778e-02,4.43473892e-02,4.75378806e-02,5.03351046e-02,5.26855778e-02,5.45115418e-02,5.57145897e-02,5.61582703e-02,5.59484002e-02,5.51544308e-02,5.38237734e-02,5.22212155e-02,5.06472178e-02,4.93045232e-02,4.82258748e-02,4.72926865e-02,4.63169343e-02,4.51187888e-02,4.35790871e-02,4.16678649e-02,3.94269183e-02,3.69101358e-02,3.41296225e-02,3.10578653e-02,2.76894558e-02
4.19112158e-02,4.40483778e-02,4.58989778e-02,4.74917016e-02,4.89193902e-02,5.03068084e-02,5.17669735e-02,5.33640500e-02,5.50936127e-02,5.68863936e-02,5.86333599e-02,6.02211184e-02,6.15649623e-02,6.26303668e-02,6.34373393e-02,6.40453183e-02,6.45230983e-02,6.49166572e-02,6.52250239e-02,6.53795454e-02,6.53005084e-02,6.49191992e-02,6.40652151e-02,6.25997632e-02,6.04078328e-02,5.74146482e-02,5.36274834e-02,4.91931754e-02,4.44212561e-02,3.97093658e-02,3.53825903e-02,3.15641610e-02,2.81795361e-02,2.50668075e-02,2.20916653e-02,1.91995355e-02,1.64036970e-02,1.37519218e-02,1.13133786e-02,9.18598410e-03,7.49227511e-03,6.34523461e-03,5.80163171e-03,5.83628076e-03,6.32417895e-03,7.14294209e-03,8.14639393e-03,9.23459858e-03,1.03722409e-02,1.15831679e-02,1.29202385e-02,1.44247492e-02,1.60972529e-02,1.78949958e-02,1.97550567e-02,2.16281588e-02,2.35043618e-02,2.54177872e-02,2.74288887e-02,2.95939337e-02,3.19359661e-02,3.44284412e-02,3.69958117e-02,3.95290350e-02
-3.87613923e-02,-4.10083247e-02,-4.24081857e-02,-4.29601651e-02,-4.28785014e-02,-4.20007756e-02,-4.04756309e-02,-3.83582096e-02,-3.56928648e-02,-3.25355454e-02,-2.89729954e-02,-2.51286430e-02,-2.11535868e-02,-1.72083154e-02,-1.34421868e-02,-9.97587902e-03,-6.88999981e-03,-4.22149262e-03,-1.96771157e-03,-9.61019439e-05,1.44351960e-03,2.70666403e-03,3.74396340e-03,4.59690952e-03,5.30235752e-03,5.90367167e-03,6.46001312e-03,7.04517089e-03,7.73599875e-03,8.59845446e-03,9.67829299e-03,1.09975160e-02,1.25530018e-02,1.43144638e-02,1.62231575e-02,1.81948740e-02,2.01279779e-02,2.19124456e-02,2.34344373e-02,2.45748292e-02,2.52042218e-02,2.51607060e-02,2.44512550e-02,2.28680450e-02,2.03401106e-02,1.68540200e-02,1.24802040e-02,7.41960932e-03,2.04107077e-03,-3.15048085e-03,-7.65734992e-03,-1.11986691e-02,-1.37740788e-02,-1.55904382e-02,-1.69303242e-02,-1.80529490e-02,-1.91583794e-02,-2.04004328e-02,-2.19172922e-02,-2.38444897e-02,-2.62842940e-02,-2.92351486e-02,-3.25272079e-02,-3.58311118e-02
3.42249162e-02,3.52540710e-02,3.58897918e-02,3.59959941e-02,3.56251515e-02,3.46310140e-02,3.29560434e-02,3.06217425e-02,2.77226222e-02,2.44445207e-02,2.10575410e-02,1.78604428e-02,1.50929140e-02,1.28672582e-02,1.11555724e-02,9.82327860e-03,8.68086185e-03,7.53457711e-03,6.22565851e-03,4.65241234e-03,2.77281359e-03,5.92653827e-04,-1.84588390e-03,-4.46551427e-03,-7.15444663e-03,-9.77705126e-03,-1.22009208e-02,-1.43283002e-02,-1.61141849e-02,-1.75625799e-02,-1.87083020e-02,-1.95983487e-02,-2.02802996e-02,-2.07953567e-02,-2.11699135e-02,-2.14041182e-02,-2.14798085e-02,-2.13464455e-02,-2.09048753e-02,-2.00802662e-02,-1.88179440e-02,-1.70964386e-02,-1.49292757e-02,-1.23629996e-02,-9.47561174e-03,-6.37432188e-03,-3.18850973e-03,-5.45171722e-05,2.90684349e-03,5.61713256e-03,8.05676535e-03,1.02611258e-02,1.22983091e-02,1.42396940e-02,1.61393800e-02,1.80300551e-02,1.99300487e-02,2.18501839e-02,2.37932602e-02,2.57480634e-02,2.76849595e-02,2.95579120e-02,3.13115846e-02,3.28876246e-02
-1.43966739e-02,-1.33741155e-02,-1.26585725e-02,-1.23592269e-02,-1.25269259e-02,-1.32368991e-02,-1.44710499e-02,-1.61415790e-02,-1.80602513e-02,-1.99492089e-02,-2.15161725e-02,-2.25609065e-02,-2.30455942e-02,-2.31158291e-02,-2.29009326e-02,-2.26532821e-02,-2.25669336e-02,-2.27987273e-02,-2.35006245e-02,-2.47347837e-02,-2.64961331e-02,-2.86784838e-02,-3.10555358e-02,-3.33210455e-02,-3.51924992e-02,-3.65119635e-02,-3.72724868e-02,-3.75731145e-02,-3.75872152e-02,-3.73406509e-02,-3.69311773e-02,-3.63916237e-02,-3.57214156e-02,-3.48947044e-02,-3.38668855e-02,-3.25871329e-02,-3.10180108e-02,-2.91553016e-02,-2.70402084e-02,-2.47615093e-02,-2.24492781e-02,-2.02611826e-02,-1.83606432e-02,-1.68872210e-02,-1.59242448e-02,-1.54729821e-02,-1.54191173e-02,-1.56759821e-02,-1.60893809e-02,-1.65474992e-02,-1.69934435e-02,-1.74115750e-02,-1.78004490e-02,-1.81531757e-02,-1.84571475e-02,-1.87043942e-02,-1.88923689e-02,-1.90069609e-02,-1.90218210e-02,-1.88614311e-02,-1.84424169e-02,-1.77229938e-02,-1.67319736e-02,-1.55721708e-02
-7.55126793e-03,-7.84517299e-03,-7.53378587e-03,-6.59286215e-03,-5.12079207e-03,-3.27876698e-03,-1.24723844e-03,8.15703392e-04,2.80444019e-03,4.67989679e-03,6.45902093e-03,8.18931736e-03,9.92083120e-03,1.16886153e-02,1.35096086e-02,1.53877814e-02,1.73175899e-02,1.92794425e-02,2.12286412e-02,2.30860849e-02,2.47408131e-02,2.60697341e-02,2.69700115e-02,2.73890644e-02,2.73400650e-02,2.69218645e-02,2.61206382e-02,2.49728850e-02,2.35008387e-02,2.17357449e-02,1.97467983e-02,1.76476147e-02,1.55706298e-02,1.36259861e-02,1.18757953e-02,1.03384923e-02,9.01025539e-03,7.88089892e-03,6.93197925e-03,6.12174342e-03,5.37440821e-03,4.58940504e-03,3.66908070e-03,2.54969458e-03,1.22161461e-03,-2.66880189e-04,-1.82031657e-03,-3.31933578e-03,-4.64684149e-03,-5.70513921e-03,-6.42059181e-03,-6.74595122e-03,-6.68425850e-03,-6.23920634e-03,-5.49490430e-03,-4.58802636e-03,-3.69725245e-03,-3.01498546e-03,-2.70465240e-03,-2.85754076e-03,-3.48122827e-03,-4.47320815e-03,-5.64532052e-03,-6.75509927e-03
-4.51878163e-03,-5.96617534e-03,-7.74863621e-03,-9.96262196e-03,-1.27486806e-02,-1.61924944e-02,-2.02324733e-02,-2.46609316e-02,-2.92359278e-02,-3.38066357e-02,-3.83299686e-02,-4.27573612e-02,-4.68902517e-02,-5.03450827e-02,-5.26813728e-02,-5.36485511e-02,-5.35100010e-02,-5.18057333e-02,-4.88604656e-02,-4.49277527e-02,-4.02571262e-02,-3.50699283e-02,-2.95573960e-02,-2.38857106e-02,-1.82042228e-02,-1.26556421e-02,-7.38748594e-03,-2.56326169e-03,1.63057028e-03,4.98255703e-03,7.29389604e-03,8.42686628e-03,8.36491062e-03,7.33787308e-03,5.57070390e-03,3.42329208e-03,1.17379816e-03,-1.03357285e-03,-3.15733079e-03,-5.17177950e-03,-6.98402452e-03,-8.41204973e-03,-9.24382047e-03,-9.38720062e-03,-8.80015119e-03,-7.61163891e-03,-6.03235161e-03,-4.29076753e-03,-2.59217160e-03,-1.09846396e-03,7.68905041e-05,8.66152388e-04,1.24457716e-03,1.22861573e-03,8.82303394e-04,3.05696722e-04,-3.59002285e-04,-9.64097849e-04,-1.40755959e-03,-1.67810606e-03,-1.86403029e-03,-2.11783368e-03,-2.59418033e-03,-3.38856692e-03
-8.28937645e-04,-7.56555852e-04,-2.13772279e-05,1.30647533e-03,3.11081896e-03,5.26095569e-03,7.62943467e-03,1.01033734e-02,1.25901746e-02,1.50185230e-02,1.73352448e-02,1.94993126e-02,2.14747575e-02,2.32238827e-02,2.47022677e-02,2.58592217e-02,2.66506889e-02,2.70712662e-02,2.71987142e-02,2.72325222e-02,2.74004797e-02,2.79348555e-02,2.90276986e-02,3.07446299e-02,3.30132490e-02,3.56660280e-02,3.84948610e-02,4.12918852e-02,4.38688688e-02,4.60556195e-02,4.76831930e-02,4.85688233e-02,4.85169453e-02,4.76886350e-02,4.59179228e-02,4.34174146e-02,4.05939365e-02,3.78691519e-02,3.54896417e-02,3.34604262e-02,3.16261499e-02,2.98021238e-02,2.78708795e-02,2.58263248e-02,2.37685949e-02,2.18543145e-02,2.02217458e-02,1.89262710e-02,1.79177950e-02,1.70653633e-02,1.62089480e-02,1.52127875e-02,1.40095241e-02,1.26268299e-02,1.11748859e-02,9.78700861e-03,8.54255591e-03,7.42165789e-03,6.32044484e-03,5.11536586e-03,3.74292579e-03,2.25905047e-03,8.44086531e-04,-2.57806268e-04
-2.09915012e-02,-2.17175681e-02,-2.23618150e-02,-2.29720434e-02,-2.35637966e-02,-2.41333347e-02,-2.46700962e-02,-2.51698998e-02,-2.56414079e-02,-2.60975261e-02,-2.65350457e-02,-2.69186878e-02,-2.71858466e-02,-2.72842717e-02,-2.71770742e-02,-2.67891716e-02,-2.60948645e-02,-2.50752852e-02,-2.37365227e-02,-2.21193526e-02,-2.02951379e-02,-1.83527052e-02,-1.63871430e-02,-1.44972538e-02,-1.27896240e-02,-1.13813277e-02,-1.03927776e-02,-9.92225536e-03,-9.96264451e-03,-1.04947222e-02,-1.13098791e-02,-1.21059494e-02,-1.25580967e-02,-1.24849957e-02,-1.16834071e-02,-1.01527648e-02,-7.96629788e-03,-5.24220339e-03,-2.11126569e-03,1.30221460e-03,4.88484278e-03,8.53254904e-03,1.21398840e-02,1.55901414e-02,1.87491499e-02,2.14647814e-02,2.35724004e-02,2.49039059e-02,2.52901642e-02,2.47739400e-02,2.32999705e-02,2.09071600e-02,1.77812427e-02,1.41364798e-02,1.01381140e-02,5.87351953e-03,1.40258080e-03,-3.14831204e-03,-7.53314346e-03,-1.14514446e-02,-1.46694429e-02,-1.71106204e-02,-1.88581460e-02,-2.00885116e-02
-5.30470106e-02,-4.97960273e-02,-4.67285159e-02,-4.39105862e-02,-4.13715149e-02,-3.91038263e-02,-3.70747854e-02,-3.52453358e-02,-3.35868179e-02,-3.20852212e-02,-3.07299894e-02,-2.94955217e-02,-2.83291313e-02,-2.71543458e-02,-2.58884095e-02,-2.44650480e-02,-2.28504980e-02,-2.10453598e-02,-1.90745170e-02,-1.69736167e-02,-1.47805815e-02,-1.25366838e-02,-1.02965105e-02,-8.14189278e-03,-6.19336019e-03,-4.61403107e-03,-3.60351121e-03,-3.35509724e-03,-4.04910218e-03,-5.75269403e-03,-8.33707041e-03,-1.14468104e-02,-1.45858356e-02,-1.73087358e-02,-1.93834914e-02,-2.08186065e-02,-2.17787790e-02,-2.24789701e-02,-2.31183331e-02,-2.38595033e-02,-2.48253601e-02,-2.60965450e-02,-2.77142787e-02,-2.97085259e-02,-3.21587024e-02,-3.52500125e-02,-3.92545990e-02,-4.43787603e-02,-5.05139186e-02,-5.70963229e-02,-6.32873911e-02,-6.83642207e-02,-7.19734817e-02,-7.41169038e-02,-7.50239459e-02,-7.51284271e-02,-7.43730041e-02,-7.29310094e-02,-7.09811396e-02,-6.86190534e-02,-6.59104877e-02,-6.29172542e-02,-5.97128264e-02,-5.63880262e-02
-6.36724520e-03,-6.72709647e-03,-6.85478127e-03,-6.79071622e-03,-6.59133748e-03,-6.30763296e-03,-5.95065085e-03,-5.48509720e-03,-4.84948976e-03,-3.99713475e-03,-2.93489513e-03,-1.73444203e-03,-5.08854890e-04,6.30854672e-04,1.61526303e-03,2.43407096e-03,3.12756622e-03,3.76754757e-03,4.44110413e-03,5.23897215e-03,6.24276216e-03,7.51042237e-03,9.06637911e-03,1.09013306e-02,1.29797940e-02,1.52496896e-02,1.76497184e-02,2.01138145e-02,2.25742858e-02,2.49654770e-02,2.72287480e-02,2.93184051e-02,3.12072642e-02,3.28894373e-02,3.43770722e-02,3.56887667e-02,3.68314643e-02,3.77829847e-02,3.84852778e-02,3.88567145e-02,3.88216707e-02,3.84407708e-02,3.76654163e-02,3.65626220e-02,3.52161682e-02,3.36783104e-02,3.19394060e-02,2.99219285e-02,2.75054796e-02,2.45847436e-02,2.11479838e-02,1.73367566e-02,1.34343621e-02,9.76905147e-03,6.59017342e-03,3.99910632e-03,1.96116143e-03,3.61860248e-04,-9.37356286e-04,-2.06102680e-03,-3.09563546e-03,-4.07677999e-03,-4.98764191e-03,-5.77294177e-03
-4.98980957e-03,-3.36888746e-03,-1.86126641e-03,-4.98723208e-04,7.43389793e-04,1.93650026e-03,3.17528203e-03,4.54653501e-03,6.09712928e-03,7.81204446e-03,9.61232544e-03,1.13749172e-02,1.29673369e-02,1.42855582e-02,1.52829435e-02,1.59794715e-02,1.64454215e-02,1.67647455e-02,1.69964909e-02,1.71547092e-02,1.72135630e-02,1.71458412e-02,1.69429796e-02,1.66289008e-02,1.62654177e-02,1.59177439e-02,1.56288516e-02,1.54108055e-02,1.52513286e-02,1.51277082e-02,1.50199362e-02,1.49158935e-02,1.48060479e-02,1.46717617e-02,1.44765505e-02,1.41677047e-02,1.36895120e-02,1.30026556e-02,1.20977117e-02,1.09923521e-02,9.71314858e-03,8.27634250e-03,6.68574591e-03,4.95394954e-03,3.13322754e-03,1.33123215e-03,-3.05408302e-04,-1.63434445e-03,-2.57216160e-03,-3.13560718e-03,-3.45470392e-03,-3.74503976e-03,-4.24936211e-03,-5.14164531e-03,-6.43368737e-03,-7.94798866e-03,-9.39024018e-03,-1.04783689e-02,-1.10351677e-02,-1.10595654e-02,-1.05298103e-02,-9.53988489e-03,-8.20104429e-03,-6.64023519e-03
3.94493455e-02,4.09600683e-02,4.22559933e-02,4.32400280e-02,4.38220508e-02,4.38956937e-02,4.35938227e-02,4.28643204e-02,4.18080331e-02,4.05979051e-02,3.93997050e-02,3.83134676e-02,3.73473643e-02,3.64380177e-02,3.54962495e-02,3.44465181e-02,3.32458005e-02,3.18833738e-02,3.03718685e-02,2.87411339e-02,2.70359570e-02,2.53098317e-02,2.36114053e-02,2.19707067e-02,2.03943390e-02,1.88712929e-02,1.73861248e-02,1.59390073e-02,1.45713905e-02,1.33831839e-02,1.25171505e-02,1.21043101e-02,1.21966291e-02,1.27180212e-02,1.35789057e-02,1.46280763e-02,1.57443775e-02,1.68657380e-02,1.79918790e-02,1.91667091e-02,2.04511916e-02,2.18968693e-02,2.35265280e-02,2.53249751e-02,2.72392699e-02,2.91847164e-02,3.10530104e-02,3.27219435e-02,3.40684631e-02,3.49856013e-02,3.54004535e-02,3.53248451e-02,3.48676213e-02,3.40686022e-02,3.31018847e-02,3.21815150e-02,3.15191417e-02,3.12891611e-02,3.15012339e-02,3.21567908e-02,3.32256756e-02,3.46024939e-02,3.61709359e-02,3.78205745e-02
3.06395274e-02,3.15572728e-02,3.29968300e-02,3.49238054e-02,3.72102137e-02,3.96626775e-02,4.20566164e-02,4.41665508e-02,4.57936803e-02,4.67951685e-02,4.70881988e-02,4.68806332e-02,4.62852086e-02,4.54831491e-02,4.47322183e-02,4.42052693e-02,4.39365023e-02,4.38336729e-02,4.37546212e-02,4.35962491e-02,4.32820721e-02,4.27828188e-02,4.21043485e-02,4.12370654e-02,4.01109770e-02,3.85881980e-02,3.65020485e-02,3.37412198e-02,3.03569691e-02,2.66316967e-02,2.30334443e-02,2.00510535e-02,1.80159636e-02,1.70266720e-02,1.70063485e-02,1.76506857e-02,1.88208282e-02,2.02570869e-02,2.17332359e-02,2.30673150e-02,2.41367157e-02,2.48937562e-02,2.53675976e-02,2.56414001e-02,2.58115445e-02,2.59545113e-02,2.61214564e-02,2.63507014e-02,2.66776250e-02,2.71322607e-02,2.77241157e-02,2.84247729e-02,2.91632055e-02,2.98416659e-02,3.03674500e-02,3.06855479e-02,3.07931495e-02,3.07545017e-02,3.06256765e-02,3.04481439e-02,3.02623029e-02,3.01047654e-02,3.00450109e-02,3.01804577e-02
-6.37992509e-02,-6.11548899e-02,-5.84086826e-02,-5.54952190e-02,-5.23606679e-02,-4.89856544e-02,-4.53977038e-02,-4.16702082e-02,-3.79096251e-02,-3.42351769e-02,-3.07561266e-02,-2.75521512e-02,-2.46624090e-02,-2.20874035e-02,-1.98038829e-02,-1.77880153e-02,-1.60384353e-02,-1.45901017e-02,-1.35122599e-02,-1.28876645e-02,-1.27434325e-02,-1.31027574e-02,-1.38988803e-02,-1.50018328e-02,-1.62736248e-02,-1.76070986e-02,-1.89347150e-02,-2.02075429e-02,-2.13726659e-02,-2.23800822e-02,-2.32229861e-02,-2.39806446e-02,-2.48342413e-02,-2.60520484e-02,-2.79289665e-02,-3.06877029e-02,-3.43890207e-02,-3.88894814e-02,-4.38592748e-02,-4.88471403e-02,-5.33803763e-02,-5.70891951e-02,-5.98128022e-02,-6.16302093e-02,-6.28024201e-02,-6.36695809e-02,-6.45763642e-02,-6.58309071e-02,-6.76052579e-02,-6.98530083e-02,-7.23398437e-02,-7.47554633e-02,-7.68293181e-02,-7.83864352e-02,-7.93430885e-02,-7.97095046e-02,-7.96580575e-02,-7.89440211e-02,-7.76643405e-02,-7.59129651e-02,-7.38007765e-02,-7.14452677e-02,-6.89514264e-02,-6.63928233e-02
-5.35502954e-04,1.30883345e-03,3.08247580e-03,4.68220880e-03,5.98050341e-03,6.83548844e-03,7.11548794e-03,6.76906856e-03,5.82437740e-03,4.41554738e-03,2.74562077e-03,9.75042503e-04,-8.37556816e-04,-2.70693766e-03,-4.62608063e-03,-6.48290041e-03,-8.05570929e-03,-9.09789078e-03,-9.47405635e-03,-9.20001772e-03,-8.43661670e-03,-7.51205934e-03,-6.83028467e-03,-6.75242135e-03,-7.62642367e-03,-9.62536720e-03,-1.27195562e-02,-1.66903030e-02,-2.12158382e-02,-2.59867472e-02,-3.07834119e-02,-3.54788269e-02,-3.99782544e-02,-4.41418444e-02,-4.77523117e-02,-5.05672261e-02,-5.24262842e-02,-5.33385095e-02,-5.35380677e-02,-5.31373200e-02,-5.23349520e-02,-5.13559589e-02,-5.03024144e-02,-4.91685370e-02,-4.78724192e-02,-4.63045763e-02,-4.43808553e-02,-4.20765171e-02,-3.94280545e-02,-3.65128383e-02,-3.34250519e-02,-3.02589075e-02,-2.71003786e-02,-2.40238464e-02,-2.10901038e-02,-1.83442530e-02,-1.58136258e-02,-1.35060169e-02,-1.14081034e-02,-9.48458416e-03,-7.68055557e-03,-5.93052667e-03,-4.17452973e-03,-2.37625290e-03
-2.59000822e-02,-2.19844899e-02,-1.81470121e-02,-1.44131827e-02,-1.08191924e-02,-7.41697039e-03,-4.27129325e-03,-1.44892425e-03,9.97822062e-04,3.04845215e-03,4.72885526e-03,6.11028133e-03,7.29340275e-03,8.38130697e-03,9.45273090e-03,1.05459305e-02,1.16581380e-02,1.27607636e-02,1.38253700e-02,1.48494940e-02,1.58688081e-02,1.69480667e-02,1.81560422e-02,1.95379437e-02,2.10965217e-02,2.27851855e-02,2.45095104e-02,2.61322703e-02,2.74801326e-02,2.83501098e-02,2.84872494e-02,2.78801743e-02,2.62815251e-02,2.35772146e-02,1.97650130e-02,1.49430439e-02,9.32609886e-03,3.26423367e-03,-2.76587471e-03,-8.25537737e-03,-1.28980871e-02,-1.67132241e-02,-1.99994884e-02,-2.31794004e-02,-2.66365842e-02,-3.05839370e-02,-3.49891530e-02,-3.95978823e-02,-4.40542133e-02,-4.80410696e-02,-5.13481334e-02,-5.38547969e-02,-5.54896716e-02,-5.62361512e-02,-5.62900844e-02,-5.54558684e-02,-5.38101719e-02,-5.14804654e-02,-4.85937439e-02,-4.52745936e-02,-4.16417487e-02,-3.78038010e-02,-3.38545249e-02,-2.98686540e-02
1.27710884e-02,1.33111872e-02,1.37226678e-02,1.41230611e-02,1.46403109e-02,1.53737627e-02,1.63668617e-02,1.76066152e-02,1.90480750e-02,2.06429552e-02,2.23547807e-02,2.41573044e-02,2.60247030e-02,2.79249101e-02,2.98224506e-02,3.16890167e-02,3.35134062e-02,3.53010552e-02,3.70591191e-02,3.87727019e-02,4.03840334e-02,4.17846795e-02,4.28227633e-02,4.33170579e-02,4.31559710e-02,4.23351467e-02,4.07085668e-02,3.83168977e-02,3.53244149e-02,3.20002770e-02,2.86691674e-02,2.56320859e-02,2.30965639e-02,2.11525465e-02,1.97923995e-02,1.89454899e-02,1.85037794e-02,1.83365859e-02,1.83038173e-02,1.82821958e-02,1.81905465e-02,1.79690570e-02,1.75862970e-02,1.70202078e-02,1.62406218e-02,1.52077830e-02,1.38856213e-02,1.22601115e-02,1.03556739e-02,8.25042137e-03,6.09110323e-03,4.09478582e-03,2.51361583e-03,1.56018620e-03,1.33382793e-03,1.79027792e-03,2.78606483e-03,4.12887841e-03,5.63338546e-03,7.15624220e-03,8.60441724e-03,9.92324525e-03,1.10760010e-02,1.20315144e-02
-1.60899756e-02,-1.21512632e-02,-8.34193785e-03,-4.74116551e-03,-1.40781785e-03,1.63149563e-03,4.39437426e-03,6.94558470e-03,9.38514107e-03,1.18256760e-02,1.43673127e-02,1.70789557e-02,1.99893594e-02,2.30860107e-02,2.63184495e-02,2.96043874e-02,3.28390489e-02,3.59085700e-02,3.87069772e-02,4.11540921e-02,4.32098711e-02,4.48806358e-02,4.62149651e-02,4.72899799e-02,4.81901355e-02,4.89813366e-02,4.96841302e-02,5.02501399e-02,5.05451623e-02,5.04115513e-02,4.97559992e-02,4.83656578e-02,4.61606582e-02,4.31682873e-02,3.94900945e-02,3.52521401e-02,3.05707804e-02,2.55472990e-02,2.02740470e-02,1.48341374e-02,9.29472497e-03,3.70480531e-03,-1.88672611e-03,-7.37714072e-03,-1.25562293e-02,-1.71298095e-02,-2.08399458e-02,-2.35946674e-02,-2.55103351e-02,-2.68592716e-02,-2.79780828e-02,-2.91863795e-02,-3.07017118e-02,-3.25368630e-02,-3.44527450e-02,-3.60314768e-02,-3.68628677e-02,-3.68966434e-02,-3.58409598e-02,-3.38162559e-02,-3.10220297e-02,-2.76754178e-02,-2.39700809e-02,-2.00653252e-02
1.43436528e-02,1.36384680e-02,1.28262614e-02,1.19134657e-02,1.10188510e-02,1.03374769e-02,1.00667777e-02,1.03094769e-02,1.10625413e-02,1.22453022e-02,1.36952081e-02,1.52296435e-02,1.66758362e-02,1.78867254e-02,1.87454756e-02,1.91631761e-02,1.90836337e-02,1.85495183e-02,1.75687451e-02,1.62869485e-02,1.49167369e-02,1.36869348e-02,1.27872571e-02,1.23402303e-02,1.24065800e-02,1.29559694e-02,1.40089584e-02,1.55258225e-02,1.74571357e-02,1.97426252e-02,2.23083890e-02,2.50657339e-02,2.79128560e-02,3.07378947e-02,3.34203501e-02,3.58297533e-02,3.78245418e-02,3.92572882e-02,3.99948612e-02,3.99548478e-02,3.93228506e-02,3.80849051e-02,3.64908566e-02,3.48630263e-02,3.34880557e-02,3.25336339e-02,3.20229638e-02,3.18722534e-02,3.19194470e-02,3.20537773e-02,3.21846414e-02,3.22220069e-02,3.21151994e-02,3.17730301e-02,3.10742597e-02,2.98978376e-02,2.81735469e-02,2.59521190e-02,2.34398251e-02,2.09495567e-02,1.87792892e-02,1.70956087e-02,1.58940047e-02,1.50394133e-02
4.45139335e-02,4.40230717e-02,4.28004158e-02,4.08405846e-02,3.82123587e-02,3.50294704e-02,3.14282037e-02,2.75379075e-02,2.34490352e-02,1.91736617e-02,1.46098205e-02,9.54631940e-03,3.74357986e-03,-2.90682677e-03,-1.01974209e-02,-1.76019788e-02,-2.45232493e-02,-3.06002408e-02,-3.58276534e-02,-4.04595355e-02,-4.48323593e-02,-4.92091539e-02,-5.36748881e-02,-5.80998135e-02,-6.21881712e-02,-6.55977378e-02,-6.80695510e-02,-6.95036307e-02,-7.00072742e-02,-6.98801883e-02,-6.89236420e-02,-6.74077644e-02,-6.54356518e-02,-6.30530444e-02,-6.02661638e-02,-5.70702618e-02,-5.34739641e-02,-4.95129187e-02,-4.52520482e-02,-4.07796336e-02,-3.61972555e-02,-3.16085408e-02,-2.71084418e-02,-2.27740045e-02,-1.86571031e-02,-1.47792411e-02,-1.11284285e-02,-7.65867104e-03,-4.29369867e-03,-9.37151431e-04,2.51027360e-03,6.12909833e-03,9.96083465e-03,1.39996034e-02,1.81920776e-02,2.24443721e-02,2.66333523e-02,3.06211135e-02,3.42718830e-02,3.74691339e-02,4.01279842e-02,4.21967613e-02,4.36455946e-02,4.44491704e-02
-4.19835940e-03,-2.91785323e-03,-1.26078846e-03,6.86150790e-04,2.81147806e-03,5.00237247e-03,7.15709469e-03,9.19225755e-03,1.10485715e-02,1.26936099e-02,1.41163379e-02,1.53116831e-02,1.62630216e-02,1.69361266e-02,1.72920781e-02,1.73037575e-02,1.70468896e-02,1.65534878e-02,1.59342969e-02,1.53030853e-02,1.47591931e-02,1.43803024e-02,1.42140643e-02,1.42586003e-02,1.44540307e-02,1.47140751e-02,1.49093314e-02,1.49130101e-02,1.46892371e-02,1.42053054e-02,1.35277042e-02,1.27803009e-02,1.21076870e-02,1.16314353e-02,1.14154385e-02,1.14513865e-02,1.16663065e-02,1.19839197e-02,1.23108551e-02,1.25773445e-02,1.27392420e-02,1.27605201e-02,1.26091532e-02,1.21927494e-02,1.13767365e-02,9.98828032e-03,7.86969587e-03,4.98167045e-03,1.51615508e-03,-2.07864657e-03,-5.23877473e-03,-7.54473449e-03,-8.85404523e-03,-9.28592439e-03,-9.07015384e-03,-8.45903224e-03,-7.70171739e-03,-6.98678482e-03,-6.43487204e-03,-6.08962341e-03,-5.91096276e-03,-5.78679695e-03,-5.55888300e-03,-5.06651304e-03
-2.05623917e-02,-1.98660533e-02,-1.93887720e-02,-1.91787412e-02,-1.92283167e-02,-1.95586504e-02,-2.00697305e-02,-2.06160813e-02,-2.10315099e-02,-2.11911941e-02,-2.10223387e-02,-2.04409953e-02,-1.94550281e-02,-1.80961078e-02,-1.64135680e-02,-1.44653773e-02,-1.23066296e-02,-9.97821654e-03,-7.50054911e-03,-4.87683524e-03,-2.10739763e-03,7.88465338e-04,3.75058225e-03,6.66866279e-03,9.39025054e-03,1.17429559e-02,1.35641255e-02,1.47279920e-02,1.51610646e-02,1.48887435e-02,1.39668883e-02,1.24628998e-02,1.05351530e-02,8.37017832e-03,6.14923947e-03,4.01263738e-03,2.04042514e-03,2.56600191e-04,-1.35195478e-03,-2.81105571e-03,-4.13489103e-03,-5.31284925e-03,-6.31918764e-03,-7.14523003e-03,-7.83631223e-03,-8.51015861e-03,-9.34447026e-03,-1.05301529e-02,-1.21989617e-02,-1.43615994e-02,-1.68927110e-02,-1.95688455e-02,-2.21309188e-02,-2.43385364e-02,-2.60059869e-02,-2.70268256e-02,-2.74095772e-02,-2.72717950e-02,-2.66385526e-02,-2.56978056e-02,-2.46065832e-02,-2.34845001e-02,-2.24085642e-02,-2.14234841e-02
-4.96620784e-02,-5.02876693e-02,-5.05987798e-02,-5.06395979e-02,-5.03429846e-02,-4.97069374e-02,-4.87802803e-02,-4.76453560e-02,-4.64249340e-02,-4.52641143e-02,-4.42942380e-02,-4.35976326e-02,-4.31924501e-02,-4.30399935e-02,-4.30473534e-02,-4.32206819e-02,-4.35051477e-02,-4.39024016e-02,-4.44500819e-02,-4.52185722e-02,-4.62999120e-02,-4.77790520e-02,-4.96873950e-02,-5.19583104e-02,-5.44177209e-02,-5.68288685e-02,-5.89699124e-02,-6.06938342e-02,-6.19361491e-02,-6.26815191e-02,-6.29582850e-02,-6.28670191e-02,-6.21849902e-02,-6.09131613e-02,-5.90392609e-02,-5.65939616e-02,-5.36495617e-02,-5.03075035e-02,-4.66833282e-02,-4.28959350e-02,-3.90631471e-02,-3.53027193e-02,-3.17368485e-02,-2.84977372e-02,-2.57309638e-02,-2.35921634e-02,-2.22294997e-02,-2.17123465e-02,-2.20083791e-02,-2.31418021e-02,-2.49012401e-02,-2.70502170e-02,-2.93833140e-02,-3.17630143e-02,-3.41092764e-02,-3.63639422e-02,-3.84698694e-02,-4.03823821e-02,-4.20931804e-02,-4.36352566e-02,-4.50597272e-02,-4.64006693e-02,-4.76507480e-02,-4.87611713e-02
1.85141983e-02,1.93781691e-02,1.94806250e-02,1.88063565e-02,1.71835061e-02,1.46651970e-02,1.15165904e-02,8.18046016e-03,5.15361346e-03,2.81775468e-03,1.33471476e-03,6.56452718e-04,6.08797628e-04,9.79602805e-04,1.58547032e-03,2.28715520e-03,2.98594200e-03,3.60353285e-03,4.06514197e-03,4.29395311e-03,4.21911046e-03,3.79964738e-03,3.00895366e-03,1.86860708e-03,4.31221080e-04,-1.22884550e-03,-3.01867161e-03,-4.82649317e-03,-6.52577980e-03,-7.99217490e-03,-9.12900404e-03,-9.89166344e-03,-1.03002828e-02,-1.04347846e-02,-1.03994239e-02,-1.02956909e-02,-1.01980654e-02,-1.01260853e-02,-1.00490333e-02,-9.90358067e-03,-9.62843232e-03,-9.19945991e-03,-8.63822119e-03,-7.99086400e-03,-7.29362002e-03,-6.54827164e-03,-5.72226015e-03,-4.77188253e-03,-3.67348655e-03,-2.44397338e-03,-1.14037130e-03,1.58927677e-04,1.38101493e-03,2.48442163e-03,3.47597053e-03,4.41454459e-03,5.39809685e-03,6.53444413e-03,7.90532281e-03,9.53765631e-03,1.13920679e-02,1.33693557e-02,1.53278267e-02,1.71018892e-02
-1.88616129e-02,-1.87023940e-02,-1.83401249e-02,-1.79341572e-02,-1.75741235e-02,-1.73195305e-02,-1.72048186e-02,-1.72106716e-02,-1.72852265e-02,-1.73050940e-02,-1.71236146e-02,-1.66043710e-02,-1.56956023e-02,-1.44284366e-02,-1.28934005e-02,-1.12002952e-02,-9.44187065e-03,-7.67587365e-03,-5.93003474e-03,-4.22291015e-03,-2.58429945e-03,-1.05973020e-03,3.03878263e-04,1.47972948e-03,2.47518703e-03,3.33054445e-03,4.10952594e-03,4.88950147e-03,5.75271271e-03,6.77490653e-03,8.01018057e-03,9.47645885e-03,1.11486211e-02,1.29640460e-02,1.48405203e-02,1.67015257e-02,1.84999595e-02,2.02298424e-02,2.19191064e-02,2.36056181e-02,2.53074918e-02,2.70005138e-02,2.86104684e-02,3.00215179e-02,3.10978644e-02,3.17142522e-02,3.17538908e-02,3.13425377e-02,3.04293957e-02,2.91261719e-02,2.75688497e-02,2.58529836e-02,2.39846548e-02,2.18492158e-02,1.92136926e-02,1.57789643e-02,1.12999585e-02,5.76910353e-03,-4.21075504e-04,-6.49288870e-03,-1.16171997e-02,-1.53066178e-02,-1.75301119e-02,-1.85773623e-02
-2.46154395e-02,-2.41786025e-02,-2.29227036e-02,-2.10794396e-02,-1.88897158e-02,-1.65843123e-02,-1.43762003e-02,-1.24579676e-02,-1.09986523e-02,-1.01351503e-02,-9.91734993e-03,-1.03615339e-02,-1.13571284e-02,-1.26713448e-02,-1.40156556e-02,-1.51291046e-02,-1.58442190e-02,-1.61137078e-02,-1.59696879e-02,-1.54122739e-02,-1.44647612e-02,-1.31067867e-02,-1.12939405e-02,-8.99057343e-03,-6.19786796e-03,-2.96342921e-03,6.26656325e-04,4.46239316e-03,8.42690313e-03,1.24064649e-02,1.62948959e-02,1.99964847e-02,2.34306452e-02,2.65416684e-02,2.93134260e-02,3.17824285e-02,3.40375970e-02,3.61988201e-02,3.83794363e-02,4.06478558e-02,4.30022666e-02,4.53652523e-02,4.75970705e-02,4.95199492e-02,5.09423411e-02,5.16707356e-02,5.15608297e-02,5.06720454e-02,4.86855373e-02,4.53936195e-02,4.05848109e-02,3.41114365e-02,2.60822434e-02,1.70823040e-02,8.16210914e-03,4.06122949e-04,-5.61417874e-03,-1.00170636e-02,-1.33168361e-02,-1.60638630e-02,-1.86048685e-02,-2.09740322e-02,-2.29413366e-02,-2.41999435e-02
-1.40026144e-02,-1.29262049e-02,-1.20400918e-02,-1.12876115e-02,-1.06223645e-02,-1.00139935e-02,-9.44376049e-03,-8.89893206e-03,-8.37216368e-03,-7.86774893e-03,-7.41374589e-03,-7.07560878e-03,-6.95089040e-03,-7.16095082e-03,-7.83146867e-03,-9.01362650e-03,-1.06484474e-02,-1.25558682e-02,-1.44794546e-02,-1.61670727e-02,-1.74374647e-02,-1.82006833e-02,-1.84623019e-02,-1.82640083e-02,-1.76213782e-02,-1.66119993e-02,-1.53220655e-02,-1.38606126e-02,-1.23755458e-02,-1.10672294e-02,-1.01883580e-02,-9.96299991e-03,-1.06064399e-02,-1.21701554e-02,-1.44411031e-02,-1.70057684e-02,-1.94372006e-02,-2.14845422e-02,-2.31157932e-02,-2.44225895e-02,-2.54981698e-02,-2.63739799e-02,-2.70337772e-02,-2.74668935e-02,-2.77041269e-02,-2.78120834e-02,-2.78611275e-02,-2.78969447e-02,-2.79269294e-02,-2.79306169e-02,-2.78702878e-02,-2.77228219e-02,-2.74979983e-02,-2.72152842e-02,-2.68739356e-02,-2.64326235e-02,-2.58113810e-02,-2.49203877e-02,-2.37048303e-02,-2.21799614e-02,-2.04368602e-02,-1.86175420e-02,-1.68720459e-02,-1.53156143e-02
-2.18667101e-02,-2.16123845e-02,-2.08337891e-02,-1.97080822e-02,-1.84400249e-02,-1.72411604e-02,-1.63206059e-02,-1.58699507e-02,-1.59686581e-02,-1.67737526e-02,-1.82094070e-02,-2.00722955e-02,-2.20849941e-02,-2.40128333e-02,-2.57365623e-02,-2.72288940e-02,-2.84751404e-02,-2.94138873e-02,-2.99470068e-02,-3.00545100e-02,-2.96611687e-02,-2.87716029e-02,-2.74511806e-02,-2.57578778e-02,-2.37314534e-02,-2.14035340e-02,-1.88146955e-02,-1.60242375e-02,-1.31075373e-02,-1.01453648e-02,-7.21295664e-03,-4.37451964e-03,-1.68471619e-03,8.05268800e-04,3.04167098e-03,4.97064112e-03,6.54797914e-03,7.75278924e-03,8.59490532e-03,9.10736774e-03,9.32433921e-03,9.25937668e-03,8.90392824e-03,8.19563594e-03,7.07964474e-03,5.52349225e-03,3.55359405e-03,1.28451631e-03,-1.08211456e-03,-3.30768826e-03,-5.20901456e-03,-6.72013788e-03,-7.89416918e-03,-8.85638072e-03,-9.74764736e-03,-1.06866941e-02,-1.17570853e-02,-1.30089908e-02,-1.44589427e-02,-1.60777424e-02,-1.77731435e-02,-1.93857064e-02,-2.07137426e-02,-2.15684020e-02
5.45597701e-02,5.56914978e-02,5.67611356e-02,5.77676130e-02,5.86751642e-02,5.93759782e-02,5.96268112e-02,5.93434887e-02,5.83417879e-02,5.64195552e-02,5.35818646e-02,5.00061101e-02,4.59674356e-02,4.17347822e-02,3.74996997e-02,3.33792060e-02,2.94739837e-02,2.59199890e-02,2.28747547e-02,2.04375106e-02,1.85726687e-02,1.71064791e-02,1.57961012e-02,1.44177708e-02,1.28336129e-02,1.10286638e-02,9.10586794e-03,7.22991164e-03,5.54458162e-03,4.11650309e-03,2.94035695e-03,1.98886242e-03,1.26000551e-03,7.88316429e-04,6.23304652e-04,8.01654443e-04,1.33743722e-03,2.22964143e-03,3.47106227e-03,5.05294224e-03,6.96120185e-03,9.17153837e-03,1.16490782e-02,1.43527414e-02,1.72397117e-02,2.02655371e-02,2.33794739e-02,2.65187418e-02,2.96064947e-02,3.25565562e-02,3.52848559e-02,3.77243737e-02,3.98383423e-02,4.16266523e-02,4.31234497e-02,4.43881433e-02,4.54941045e-02,4.65178998e-02,4.75293999e-02,4.85822815e-02,4.97055001e-02,5.08983752e-02,5.21331102e-02,5.33667746e-02
2.04001527e-03,4.58486441e-03,6.97055788e-03,9.10270647e-03,1.09227569e-02,1.24187193e-02,1.36299806e-02,1.46385345e-02,1.55406556e-02,1.64071909e-02,1.72529005e-02,1.80306780e-02,1.86516064e-02,1.90153015e-02,1.90161524e-02,1.86492282e-02,1.77882419e-02,1.63516807e-02,1.42609744e-02,1.14933154e-02,8.15736219e-03,4.53157398e-03,1.00376954e-03,-2.07525658e-03,-4.52790808e-03,-6.38480945e-03,-7.81191184e-03,-9.00293236e-03,-1.00879797e-02,-1.10920421e-02,-1.19567035e-02,-1.26042335e-02,-1.29953072e-02,-1.31463242e-02,-1.31073830e-02,-1.28908509e-02,-1.24816878e-02,-1.18224115e-02,-1.08585807e-02,-9.59140158e-03,-8.10549855e-03,-6.55833211e-03,-5.14142733e-03,-4.03343602e-03,-3.36417562e-03,-3.19080448e-03,-3.52605039e-03,-4.33306923e-03,-5.52758168e-03,-6.97623714e-03,-8.50566184e-03,-9.93337181e-03,-1.11051566e-02,-1.19199886e-02,-1.23349702e-02,-1.23850710e-02,-1.20665999e-02,-1.14078841e-02,-1.04151213e-02,-9.07771005e-03,-7.38792374e-03,-5.36206836e-03,-3.05252582e-03,-5.47256355e-04
9.46735966e-03,8.49280234e-03,7.75304496e-03,7.32728206e-03,7.26608301e-03,7.54498637e-03,8.12517824e-03,8.90766675e-03,9.77483097e-03,1.06167005e-02,1.13488919e-02,1.19238693e-02,1.23358758e-02,1.26184781e-02,1.28333222e-02,1.30516873e-02,1.33363675e-02,1.37278464e-02,1.42336757e-02,1.48271735e-02,1.54597569e-02,1.60846012e-02,1.66820771e-02,1.72736010e-02,1.79151591e-02,1.86736162e-02,1.95974466e-02,2.06943160e-02,2.19251613e-02,2.32160265e-02,2.44800424e-02,2.56398801e-02,2.66444016e-02,2.74768206e-02,2.81535277e-02,2.87145286e-02,2.92087816e-02,2.96788376e-02,3.01477897e-02,3.06096307e-02,3.10245493e-02,3.13215290e-02,3.14055504e-02,3.12535989e-02,3.08265024e-02,3.01444133e-02,2.93047479e-02,2.84324964e-02,2.76241303e-02,2.69068245e-02,2.62373062e-02,2.55348425e-02,2.47203266e-02,2.37417182e-02,2.25822162e-02,2.12576324e-02,1.98134729e-02,1.83210400e-02,1.68599417e-02,1.54852633e-02,1.42026719e-02,1.29773364e-02,1.17724860e-02,1.05870624e-02
2.11268774e-02,2.38734388e-02,2.66023022e-02,2.92602163e-02,3.17994335e-02,3.41912382e-02,3.64335905e-02,3.85466886e-02,4.05558305e-02,4.24683587e-02,4.42543133e-02,4.58366105e-02,4.70906572e-02,4.78517144e-02,4.78538885e-02,4.71816100e-02,4.55129223e-02,4.27710445e-02,3.90599577e-02,3.46913033e-02,3.01462678e-02,2.59480828e-02,2.24994860e-02,1.99653811e-02,1.82517759e-02,1.70816228e-02,1.61289154e-02,1.51484220e-02,1.40524116e-02,1.29270122e-02,1.19704432e-02,1.13781471e-02,1.12521515e-02,1.15290252e-02,1.21209594e-02,1.28747320e-02,1.36319616e-02,1.42622461e-02,1.46727217e-02,1.48075925e-02,1.46657221e-02,1.42484277e-02,1.35671441e-02,1.26552750e-02,1.15507522e-02,1.02958995e-02,8.94269821e-03,7.55779139e-03,6.21701657e-03,4.98751635e-03,3.91226142e-03,3.01549005e-03,2.32880031e-03,1.91533250e-03,1.86799710e-03,2.26933284e-03,3.16754602e-03,4.54347894e-03,6.32488141e-03,8.41523693e-03,1.07236880e-02,1.31832926e-02,1.57533122e-02,1.84090065e-02
-2.75889927e-02,-2.80447662e-02,-2.78151751e-02,-2.68683646e-02,-2.53601096e-02,-2.34111148e-02,-2.11215369e-02,-1.85797531e-02,-1.58722694e-02,-1.30893149e-02,-1.03221141e-02,-7.65220762e-03,-5.13789387e-03,-2.80597990e-03,-6.55873156e-04,1.32403364e-03,3.13717699e-03,4.77124992e-03,6.20853804e-03,7.44736152e-03,8.51963863e-03,9.49119457e-03,1.04429664e-02,1.14437232e-02,1.25269126e-02,1.36771336e-02,1.48255652e-02,1.58525605e-02,1.65976823e-02,1.68756117e-02,1.65537658e-02,1.55251423e-02,1.37244970e-02,1.12155090e-02,8.15529548e-03,4.76112821e-03,1.26327097e-03,-2.13975120e-03,-5.30925111e-03,-8.16611679e-03,-1.06499929e-02,-1.26699240e-02,-1.40859178e-02,-1.47517593e-02,-1.46790865e-02,-1.37715703e-02,-1.21760707e-02,-1.00908500e-02,-7.74886506e-03,-5.39097498e-03,-3.24960012e-03,-1.54189682e-03,-4.67323110e-04,-1.99741407e-04,-8.65867466e-04,-2.50022965e-03,-5.00105699e-03,-8.13191371e-03,-1.15956937e-02,-1.51296476e-02,-1.85398322e-02,-2.16636701e-02,-2.43261235e-02,-2.63463943e-02
3.94941265e-02,4.06626598e-02,4.12273432e-02,4.10223095e-02,3.99403782e-02,3.75979895e-02,3.37365375e-02,2.82617421e-02,2.13916505e-02,1.37235003e-02,6.06883567e-03,-8.90278184e-04,-6.84061844e-03,-1.18109361e-02,-1.59683585e-02,-1.94702972e-02,-2.24162149e-02,-2.48621646e-02,-2.68546458e-02,-2.84563611e-02,-2.97499022e-02,-3.08175551e-02,-3.17088799e-02,-3.24163183e-02,-3.28806278e-02,-3.30530610e-02,-3.29250455e-02,-3.24448055e-02,-3.17150185e-02,-3.08784868e-02,-3.01077841e-02,-2.95776784e-02,-2.93966860e-02,-2.96330963e-02,-3.03532702e-02,-3.14290172e-02,-3.26194196e-02,-3.36010200e-02,-3.40742000e-02,-3.39781324e-02,-3.30327239e-02,-3.13071145e-02,-2.89227472e-02,-2.60473370e-02,-2.28530523e-02,-1.94869532e-02,-1.60529759e-02,-1.26061102e-02,-9.15967004e-03,-5.70323156e-03,-2.22385542e-03,1.27899329e-03,4.79028053e-03,8.28738487e-03,1.17499894e-02,1.51648372e-02,1.85227668e-02,2.18101541e-02,2.50004412e-02,2.80516104e-02,3.09117992e-02,3.35295246e-02,3.58607512e-02,3.78657319e-02
1.86906570e-02,2.03848837e-02,2.20350509e-02,2.33857053e-02,2.41422506e-02,2.40206562e-02,2.30125591e-02,2.10132274e-02,1.82566043e-02,1.51574107e-02,1.21673467e-02,9.62725510e-03,7.70201644e-03,6.40918850e-03,5.68364539e-03,5.42698255e-03,5.52434065e-03,5.86010647e-03,6.32469480e-03,6.80505551e-03,7.20066992e-03,7.42439211e-03,7.39660216e-03,7.06404779e-03,6.33732248e-03,5.15566443e-03,3.49978711e-03,1.43053544e-03,-9.01916244e-04,-3.30238167e-03,-5.60953846e-03,-7.73898802e-03,-9.67582612e-03,-1.14407915e-02,-1.30573056e-02,-1.45318847e-02,-1.58531752e-02,-1.70080803e-02,-1.80006528e-02,-1.88551860e-02,-1.95979952e-02,-2.02294991e-02,-2.07048282e-02,-2.09418682e-02,-2.09033552e-02,-2.04611607e-02,-1.95855572e-02,-1.82707554e-02,-1.65390040e-02,-1.44328819e-02,-1.20106913e-02,-9.34215041e-03,-6.50220170e-03,-3.56543309e-03,-6.05410295e-04,2.29998447e-03,5.06255726e-03,7.58782324e-03,9.79232817e-03,1.16355412e-02,1.31525539e-02,1.44630221e-02,1.57362748e-02,1.71232473e-02
1.63738420e-02,1.71732759e-02,1.79563342e-02,1.86973473e-02,1.93674131e-02,1.99441278e-02,2.04090990e-02,2.07385619e-02,2.08965562e-02,2.08459934e-02,2.05876301e-02,2.01208631e-02,1.95159306e-02,1.88752469e-02,1.82939566e-02,1.78274274e-02,1.74847744e-02,1.72427473e-02,1.70598134e-02,1.68794308e-02,1.66279321e-02,1.62169295e-02,1.55619995e-02,1.46181340e-02,1.34128716e-02,1.20530719e-02,1.06958776e-02,9.49951214e-03,8.57890278e-03,7.97725096e-03,7.65190883e-03,7.47576992e-03,7.26308007e-03,6.81140096e-03,5.93086499e-03,4.48474040e-03,2.41212460e-03,-2.63196941e-04,-3.42621362e-03,-6.87233921e-03,-1.03316565e-02,-1.35199482e-02,-1.61996656e-02,-1.82159336e-02,-1.94947481e-02,-2.00331270e-02,-1.99488126e-02,-1.91797020e-02,-1.78215777e-02,-1.59510609e-02,-1.36471646e-02,-1.09935352e-02,-8.07936069e-03,-5.00059757e-03,-1.86101958e-03,1.22828634e-03,4.15188862e-03,6.80340226e-03,9.10065190e-03,1.10029976e-02,1.25228751e-02,1.37240994e-02,1.47036842e-02,1.55619872e-02
3.20546227e-02,3.38436607e-02,3.57183909e-02,3.76339289e-02,3.95002332e-02,4.11865134e-02,4.25467305e-02,4.34592602e-02,4.38600867e-02,4.38037469e-02,4.34230059e-02,4.27401585e-02,4.18585070e-02,4.08639313e-02,3.98072355e-02,3.86962252e-02,3.74913150e-02,3.61199970e-02,3.45186260e-02,3.26894799e-02,3.07397284e-02,2.88645194e-02,2.72705077e-02,2.60857542e-02,2.53114365e-02,2.48328764e-02,2.44715244e-02,2.40471804e-02,2.34081543e-02,2.24508261e-02,2.11383443e-02,1.94921690e-02,1.75551725e-02,1.53502783e-02,1.28684899e-02,1.00995884e-02,7.08139059e-03,3.92413398e-03,7.88255362e-04,-2.15649972e-03,-4.74390932e-03,-6.79682850e-03,-8.12714028e-03,-8.60683988e-03,-8.19089733e-03,-6.89540672e-03,-4.86684831e-03,-2.29703882e-03,6.13298610e-04,3.67775132e-03,6.73957867e-03,9.67554693e-03,1.23957488e-02,1.48426470e-02,1.69906682e-02,1.88469885e-02,2.04516676e-02,2.18729994e-02,2.31947590e-02,2.44974484e-02,2.58414772e-02,2.72603821e-02,2.87664345e-02,3.03631571e-02
-2.86095067e-02,-3.42113604e-02,-3.91169034e-02,-4.32537472e-02,-4.65777101e-02,-4.90145766e-02,-5.04888468e-02,-5.10364371e-02,-5.08891059e-02,-4.98874368e-02,-4.83177556e-02,-4.63641779e-02,-4.41598964e-02,-4.17665950e-02,-3.91754958e-02,-3.63279629e-02,-3.31493702e-02,-2.95851498e-02,-2.56259039e-02,-2.13144237e-02,-1.67374307e-02,-1.20103868e-02,-7.26266886e-03,-2.62642918e-03,1.77095762e-03,5.81074809e-03,9.39530114e-03,1.24572544e-02,1.49726468e-02,1.69693154e-02,1.85215911e-02,1.97300964e-02,2.06982654e-02,2.15206711e-02,2.22859734e-02,2.30824589e-02,2.39930305e-02,2.50779594e-02,2.63548222e-02,2.77882666e-02,2.92948243e-02,3.07567743e-02,3.20348459e-02,3.29744494e-02,3.34057067e-02,3.32087814e-02,3.23342381e-02,3.06500427e-02,2.82005446e-02,2.51668832e-02,2.18460420e-02,1.85776910e-02,1.56312583e-02,1.31127826e-02,1.09484450e-02,8.94476444e-03,6.87385083e-03,4.53230723e-03,1.75387047e-03,-1.61335032e-03,-5.72225844e-03,-1.06728775e-02,-1.63872117e-02,-2.25292324e-02
2.66896228e-02,2.45644778e-02,2.29716422e-02,2.18459977e-02,2.10164195e-02,2.03186528e-02,1.96654083e-02,1.90693635e-02,1.86261882e-02,1.84635399e-02,1.86414780e-02,1.91661016e-02,1.99832026e-02,2.09720844e-02,2.20089818e-02,2.30072667e-02,2.39404235e-02,2.48424982e-02,2.57862918e-02,2.68490241e-02,2.80792198e-02,2.94758535e-02,3.09858423e-02,3.25172557e-02,3.39591920e-02,3.52011206e-02,3.61510450e-02,3.67548483e-02,3.70144000e-02,3.70069325e-02,3.68609575e-02,3.66357529e-02,3.64004892e-02,3.61603295e-02,3.58684741e-02,3.54545133e-02,3.48489080e-02,3.40057223e-02,3.29247008e-02,3.16742603e-02,3.04071630e-02,2.93443482e-02,2.87121575e-02,2.86949734e-02,2.91790949e-02,3.01970704e-02,3.15963990e-02,3.31911457e-02,3.47897394e-02,3.62035405e-02,3.72614471e-02,3.78457341e-02,3.79252144e-02,3.77154639e-02,3.73289928e-02,3.69852891e-02,3.68242066e-02,3.67941474e-02,3.67146696e-02,3.63735747e-02,3.55095355e-02,3.39585428e-02,3.17645021e-02,2.92052718e-02
-1.14893790e-02,-1.07756334e-02,-1.07290414e-02,-1.12443190e-02,-1.20808981e-02,-1.30298870e-02,-1.39515361e-02,-1.47750374e-02,-1.54777601e-02,-1.60740798e-02,-1.66198570e-02,-1.72172782e-02,-1.80031890e-02,-1.91082859e-02,-2.05962691e-02,-2.24220600e-02,-2.44485989e-02,-2.65227973e-02,-2.85596287e-02,-3.05766670e-02,-3.26646399e-02,-3.49173588e-02,-3.73543633e-02,-3.98738578e-02,-4.22699421e-02,-4.43163530e-02,-4.58702788e-02,-4.69312483e-02,-4.76261012e-02,-4.81468007e-02,-4.86994476e-02,-4.94858291e-02,-5.06832802e-02,-5.24399979e-02,-5.48759855e-02,-5.80495952e-02,-6.18838259e-02,-6.60993130e-02,-7.02343015e-02,-7.37825670e-02,-7.63674032e-02,-7.78403968e-02,-7.83314304e-02,-7.81373044e-02,-7.70216340e-02,-7.52893178e-02,-7.30732634e-02,-7.04690833e-02,-6.75492505e-02,-6.43737457e-02,-6.09919386e-02,-5.74402906e-02,-5.37412859e-02,-4.99066973e-02,-4.59451169e-02,-4.18713525e-02,-3.77147102e-02,-3.35242214e-02,-2.93706174e-02,-2.53460792e-02,-2.15627959e-02,-1.81501194e-02,-1.52480212e-02,-1.29925589e-02
-2.81174006e-02,-2.95639436e-02,-3.07841387e-02,-3.16707066e-02,-3.21033025e-02,-3.20932717e-02,-3.14538707e-02,-3.01939366e-02,-2.83633208e-02,-2.60628971e-02,-2.34269080e-02,-2.06077911e-02,-1.77644081e-02,-1.50542728e-02,-1.26309564e-02,-1.06488241e-02,-9.27587248e-03,-8.68742087e-03,-9.03817581e-03,-1.05356440e-02,-1.31917967e-02,-1.67877169e-02,-2.08683267e-02,-2.48868475e-02,-2.83963954e-02,-3.11513093e-02,-3.30952840e-02,-3.42982130e-02,-3.48938039e-02,-3.50537826e-02,-3.48752061e-02,-3.43898540e-02,-3.36117147e-02,-3.25081243e-02,-3.10463336e-02,-2.92316197e-02,-2.71262708e-02,-2.48476671e-02,-2.25542034e-02,-2.04290692e-02,-1.86661002e-02,-1.74532190e-02,-1.69258529e-02,-1.70797351e-02,-1.79520097e-02,-1.93245186e-02,-2.09021310e-02,-2.23768326e-02,-2.34924269e-02,-2.40806946e-02,-2.41490965e-02,-2.36379474e-02,-2.26698608e-02,-2.14403508e-02,-2.01887761e-02,-1.91598632e-02,-1.85629242e-02,-1.84716277e-02,-1.89775813e-02,-2.00181027e-02,-2.14504014e-02,-2.31035790e-02,-2.48277728e-02,-2.65202974e-02
1.76824298e-02,1.57310988e-02,1.28809247e-02,9.13429218e-03,4.62643110e-03,-4.02056802e-04,-5.62678207e-03,-1.06619103e-02,-1.51174524e-02,-1.86913760e-02,-2.12408544e-02,-2.27801423e-02,-2.34279378e-02,-2.34393161e-02,-2.28286870e-02,-2.17560290e-02,-2.03135111e-02,-1.85664623e-02,-1.65661626e-02,-1.43544523e-02,-1.19614775e-02,-9.40086071e-03,-6.66746047e-03,-3.74135313e-03,-5.98795274e-04,2.77236028e-03,6.35768086e-03,1.01089835e-02,1.39453848e-02,1.77607026e-02,2.14333191e-02,2.48354977e-02,2.78416370e-02,3.03379618e-02,3.22381253e-02,3.35075913e-02,3.41917762e-02,3.44298833e-02,3.44445776e-02,3.44383624e-02,3.45310569e-02,3.47866107e-02,3.51751446e-02,3.55777112e-02,3.58343947e-02,3.57924987e-02,3.54391301e-02,3.46968817e-02,3.35871921e-02,3.21622223e-02,3.04823546e-02,2.86209045e-02,2.66832510e-02,2.48147879e-02,2.31758737e-02,2.18887015e-02,2.09914181e-02,2.04352925e-02,2.01248593e-02,1.99640293e-02,1.98693738e-02,1.97487855e-02,1.94747431e-02,1.88608858e-02
-3.36576689e-02,-3.25826184e-02,-3.15692421e-02,-3.06067974e-02,-2.96508786e-02,-2.86473881e-02,-2.75547391e-02,-2.63524897e-02,-2.50317598e-02,-2.35767999e-02,-2.19546496e-02,-2.01236925e-02,-1.80569379e-02,-1.57634161e-02,-1.32922166e-02,-1.07175575e-02,-8.11608166e-03,-5.54968059e-03,-3.06051071e-03,-6.76260323e-04,1.58127317e-03,3.69076924e-03,5.63191341e-03,7.38794212e-03,8.94470976e-03,1.02802662e-02,1.13454183e-02,1.20454896e-02,1.22357447e-02,1.18058828e-02,1.06428707e-02,8.74592908e-03,6.27639309e-03,3.52201595e-03,8.22956420e-04,-1.51404919e-03,-3.27356380e-03,-4.35299256e-03,-4.75816281e-03,-4.58136692e-03,-3.97041895e-03,-3.14667045e-03,-2.36125422e-03,-1.86105996e-03,-1.83592904e-03,-2.41205831e-03,-3.62394769e-03,-5.45190818e-03,-7.85452298e-03,-1.07722298e-02,-1.41042218e-02,-1.76987025e-02,-2.13777757e-02,-2.49694454e-02,-2.83160648e-02,-3.12688077e-02,-3.36941130e-02,-3.54946482e-02,-3.66272447e-02,-3.71147091e-02,-3.71273282e-02,-3.66272367e-02,-3.57883541e-02,-3.47559621e-02
3.20845771e-03,-1.26801089e-03,-4.77690885e-03,-7.37387038e-03,-9.20053701e-03,-1.04189652e-02,-1.11665413e-02,-1.15266323e-02,-1.15561754e-02,-1.12227945e-02,-1.05297546e-02,-9.52408399e-03,-8.31517670e-03,-7.06128959e-03,-5.93639975e-03,-5.08852858e-03,-4.59677810e-03,-4.43552877e-03,-4.47976512e-03,-4.52770762e-03,-4.36903505e-03,-3.83960785e-03,-2.88409100e-03,-1.55569744e-03,1.07023726e-05,1.64050454e-03,3.16343640e-03,4.44849719e-03,5.42401008e-03,6.08217850e-03,6.46596384e-03,6.64088062e-03,6.66259950e-03,6.56908351e-03,6.36952539e-03,6.08868525e-03,5.77947049e-03,5.51754702e-03,5.37390084e-03,5.38939208e-03,5.56312996e-03,5.89542481e-03,6.39193212e-03,7.08640904e-03,8.03534902e-03,9.30083564e-03,1.09322436e-02,1.29529933e-02,1.53522984e-02,1.80800006e-02,2.10444142e-02,2.41142661e-02,2.71246217e-02,2.98847823e-02,3.21851258e-02,3.37998252e-02,3.44795793e-02,3.41007958e-02,3.25728361e-02,2.96793742e-02,2.54707124e-02,2.02137233e-02,1.43772628e-02,8.53530430e-03
-2.46484079e-02,-2.55525493e-02,-2.67202147e-02,-2.79383112e-02,-2.90145197e-02,-2.98377199e-02,-3.03847988e-02,-3.06801223e-02,-3.07639444e-02,-3.06270562e-02,-3.01890775e-02,-2.93885701e-02,-2.81926890e-02,-2.66385420e-02,-2.48505165e-02,-2.30377856e-02,-2.14766544e-02,-2.04733305e-02,-2.02179899e-02,-2.08972071e-02,-2.25094694e-02,-2.47632807e-02,-2.72016260e-02,-2.93644373e-02,-3.09429982e-02,-3.18410199e-02,-3.21541315e-02,-3.20883271e-02,-3.18170647e-02,-3.15927209e-02,-3.15383948e-02,-3.17030210e-02,-3.19660837e-02,-3.21006261e-02,-3.19207365e-02,-3.11908437e-02,-2.99002331e-02,-2.81523008e-02,-2.61212421e-02,-2.40046135e-02,-2.19969450e-02,-2.02772741e-02,-1.89999126e-02,-1.82821771e-02,-1.81367572e-02,-1.86192388e-02,-1.97065383e-02,-2.13288201e-02,-2.33789312e-02,-2.56909593e-02,-2.80280289e-02,-3.01055925e-02,-3.16539993e-02,-3.24969074e-02,-3.26721101e-02,-3.21632209e-02,-3.11006652e-02,-2.97032455e-02,-2.81874479e-02,-2.67425181e-02,-2.55205065e-02,-2.46405516e-02,-2.41945745e-02,-2.41684835e-02
1.18926600e-04,-2.05611943e-03,-4.09768043e-03,-5.62308833e-03,-6.35148218e-03,-6.20502681e-03,-5.15057099e-03,-3.30670356e-03,-8.26183767e-04,2.13298890e-03,5.41982061e-03,8.89468884e-03,1.24223785e-02,1.58666371e-02,1.90862672e-02,2.19351030e-02,2.42694906e-02,2.59669450e-02,2.69532260e-02,2.72142470e-02,2.69340572e-02,2.61976728e-02,2.51218679e-02,2.38164251e-02,2.23257055e-02,2.06634666e-02,1.88700651e-02,1.70478825e-02,1.53453409e-02,1.38962835e-02,1.27573150e-02,1.18853092e-02,1.11659268e-02,1.04737408e-02,9.73229051e-03,8.95127177e-03,8.22725214e-03,7.70538042e-03,7.52166609e-03,7.73625013e-03,8.33217278e-03,9.21652401e-03,1.02318809e-02,1.12047540e-02,1.19794302e-02,1.24405959e-02,1.25215554e-02,1.22566014e-02,1.16609954e-02,1.08034648e-02,9.76455950e-03,8.62423927e-03,7.47167663e-03,6.41346941e-03,5.56144390e-03,4.99894674e-03,4.74611095e-03,4.74740344e-03,4.87883858e-03,4.98996279e-03,4.90464710e-03,4.46691127e-03,3.53744513e-03,2.06269777e-03
-2.51237296e-02,-2.55329307e-02,-2.61023662e-02,-2.68670534e-02,-2.77640237e-02,-2.86607178e-02,-2.93942289e-02,-2.98139920e-02,-2.98762486e-02,-2.94689406e-02,-2.85577511e-02,-2.71497384e-02,-2.52646417e-02,-2.29350170e-02,-2.02113294e-02,-1.71642465e-02,-1.38810057e-02,-1.04565623e-02,-6.98162511e-03,-3.53024395e-03,-1.50914997e-04,3.13353984e-03,6.31378951e-03,9.37251481e-03,1.22667842e-02,1.49266395e-02,1.72744667e-02,1.92581200e-02,2.08804415e-02,2.22053592e-02,2.33322965e-02,2.43523549e-02,2.53113008e-02,2.61943981e-02,2.69322958e-02,2.74173404e-02,2.75096926e-02,2.71981124e-02,2.63887035e-02,2.50999428e-02,2.34706081e-02,2.17189761e-02,2.00726320e-02,1.86883275e-02,1.76092640e-02,1.67791182e-02,1.60916293e-02,1.54380125e-02,1.47257584e-02,1.38661073e-02,1.27453130e-02,1.12038724e-02,9.04689183e-03,6.09856004e-03,2.29567076e-03,-2.21865131e-03,-7.06787291e-03,-1.17701639e-02,-1.59043141e-02,-1.92160828e-02,-2.16327675e-02,-2.32301902e-02,-2.41883249e-02,-2.47413617e-02
-4.34913080e-02,-4.16163296e-02,-3.95297516e-02,-3.72984531e-02,-3.49698298e-02,-3.25618698e-02,-3.00662723e-02,-2.74606233e-02,-2.47211728e-02,-2.18301985e-02,-1.87781027e-02,-1.55644238e-02,-1.22009247e-02,-8.71604626e-03,-5.15734597e-03,-1.58902317e-03,1.91578409e-03,5.28530108e-03,8.46220940e-03,1.14089323e-02,1.41060517e-02,1.65414157e-02,1.86920560e-02,2.05047589e-02,2.18834999e-02,2.26909115e-02,2.27399130e-02,2.20942481e-02,2.06288753e-02,1.84483498e-02,1.57379320e-02,1.26883557e-02,9.46382561e-03,6.22040565e-03,3.13042455e-03,3.62774904e-04,-1.97045253e-03,-3.84927225e-03,-5.33384958e-03,-6.53532297e-03,-7.60800612e-03,-8.76272694e-03,-1.02686559e-02,-1.24010677e-02,-1.53241271e-02,-1.89691921e-02,-2.30182198e-02,-2.70421836e-02,-3.06948340e-02,-3.38141807e-02,-3.63997150e-02,-3.85374852e-02,-4.03393322e-02,-4.19108159e-02,-4.33325079e-02,-4.46414753e-02,-4.58167542e-02,-4.67841812e-02,-4.74464070e-02,-4.77339293e-02,-4.77076220e-02,-4.72293808e-02,-4.63457682e-02,-4.50862910e-02
4.03826878e-02,3.41946046e-02,2.83286384e-02,2.31235167e-02,1.89051425e-02,1.59104571e-02,1.42487553e-02,1.39206280e-02,1.47004239e-02,1.65162463e-02,1.92108759e-02,2.26141600e-02,2.65711590e-02,3.09377355e-02,3.55797098e-02,4.03752794e-02,4.52175203e-02,5.00145904e-02,5.46871424e-02,5.91641345e-02,6.33788958e-02,6.72668788e-02,7.07654758e-02,7.38154169e-02,7.63631945e-02,7.83644044e-02,7.97874635e-02,8.06161959e-02,8.07919353e-02,8.05510041e-02,7.97919397e-02,7.83966999e-02,7.62573869e-02,7.32132843e-02,6.90947356e-02,6.38419019e-02,5.76548478e-02,5.10639590e-02,4.48039338e-02,3.95381139e-02,3.56479278e-02,3.32187731e-02,3.21512699e-02,3.22509209e-02,3.31949702e-02,3.49877350e-02,3.74799335e-02,4.05366532e-02,4.40309165e-02,4.78313541e-02,5.17974363e-02,5.57798851e-02,5.96218300e-02,6.31564118e-02,6.61984879e-02,6.85304414e-02,6.98922952e-02,6.99311403e-02,6.90042076e-02,6.66863105e-02,6.30005880e-02,5.81991689e-02,5.26281994e-02,4.66059130e-02
2.46248637e-03,2.41090310e-03,2.69488351e-03,3.33068417e-03,4.29349395e-03,5.52283671e-03,6.93897154e-03,8.46448644e-03,1.00394485e-02,1.16209597e-02,1.31666951e-02,1.46134446e-02,1.58681093e-02,1.68240124e-02,1.74013888e-02,1.75949748e-02,1.75296255e-02,1.73783666e-02,1.73524665e-02,1.76010663e-02,1.82241871e-02,1.92162835e-02,2.04907464e-02,2.19129387e-02,2.33269987e-02,2.45751209e-02,2.55113968e-02,2.60132046e-02,2.59804105e-02,2.54758640e-02,2.44492774e-02,2.30050876e-02,2.13140405e-02,1.95756762e-02,1.79582529e-02,1.65350862e-02,1.52546967e-02,1.39665542e-02,1.24905898e-02,1.07011545e-02,8.59729335e-03,6.32333524e-03,4.11960185e-03,2.23238687e-03,8.40095388e-04,2.61349019e-05,-2.11803737e-04,6.18759904e-05,7.43230753e-04,1.70915880e-03,2.83747900e-03,4.02097345e-03,5.17305874e-03,6.22100302e-03,7.09022239e-03,7.69282195e-03,7.93536498e-03,7.76335350e-03,7.19286846e-03,6.31149721e-03,5.28685438e-03,4.28982912e-03,3.44418809e-03,2.82047419e-03
-1.00728259e-04,-1.26020937e-03,-2.67389537e-03,-4.02783354e-03,-5.07019822e-03,-5.67651519e-03,-5.86298459e-03,-5.72741358e-03,-5.41685870e-03,-5.08445455e-03,-4.84312912e-03,-4.73768734e-03,-4.73653644e-03,-4.75923154e-03,-4.72881209e-03,-4.62897631e-03,-4.54753272e-03,-4.65450616e-03,-5.18762823e-03,-6.38476819e-03,-8.43894479e-03,-1.14406051e-02,-1.53145004e-02,-1.97795322e-02,-2.43860852e-02,-2.86416324e-02,-3.21500760e-02,-3.46827195e-02,-3.61764488e-02,-3.67315670e-02,-3.66105853e-02,-3.58087064e-02,-3.46258545e-02,-3.32935319e-02,-3.20148904e-02,-3.09606725e-02,-3.02652727e-02,-2.99945636e-02,-3.01298470e-02,-3.07241175e-02,-3.16331379e-02,-3.26708143e-02,-3.36368091e-02,-3.43630509e-02,-3.47391894e-02,-3.47739036e-02,-3.43550214e-02,-3.34472923e-02,-3.20396188e-02,-3.01572260e-02,-2.78721871e-02,-2.52943798e-02,-2.25460592e-02,-1.97326595e-02,-1.69229212e-02,-1.41469498e-02,-1.14134643e-02,-8.73898810e-03,-6.17569891e-03,-3.82516102e-03,-1.83194282e-03,-3.58647529e-04,4.51976700e-04,5.24055359e-04
-3.79857214e-02,-3.58468440e-02,-3.36955618e-02,-3.15800079e-02,-2.96080018e-02,-2.79525785e-02,-2.68332142e-02,-2.64142057e-02,-2.67809882e-02,-2.80901834e-02,-3.01884469e-02,-3.28326871e-02,-3.57751232e-02,-3.88624559e-02,-4.20626808e-02,-4.54001623e-02,-4.88417790e-02,-5.22114414e-02,-5.52098399e-02,-5.75465182e-02,-5.90897100e-02,-5.99230035e-02,-6.02834934e-02,-6.04375668e-02,-6.05965025e-02,-6.09337226e-02,-6.14401096e-02,-6.19237200e-02,-6.21602306e-02,-6.20955732e-02,-6.14761104e-02,-6.03686827e-02,-5.89478405e-02,-5.74525738e-02,-5.61377154e-02,-5.52303018e-02,-5.48567351e-02,-5.49326718e-02,-5.56285201e-02,-5.67170443e-02,-5.79641960e-02,-5.91432459e-02,-6.00934151e-02,-6.07400504e-02,-6.10835059e-02,-6.11868508e-02,-6.11103823e-02,-6.08375424e-02,-6.04253170e-02,-5.98943474e-02,-5.92597850e-02,-5.85361826e-02,-5.77340236e-02,-5.68516837e-02,-5.58693557e-02,-5.47508866e-02,-5.34554988e-02,-5.19555396e-02,-5.02512199e-02,-4.83735994e-02,-4.63740802e-02,-4.43064950e-02,-4.22107079e-02,-4.01043884e-02
-1.55348717e-02,-1.68643419e-02,-1.80028725e-02,-1.90510404e-02,-2.00884084e-02,-2.11486242e-02,-2.22159114e-02,-2.32467266e-02,-2.42018171e-02,-2.50655632e-02,-2.58417103e-02,-2.65315560e-02,-2.71073010e-02,-2.74960795e-02,-2.76225512e-02,-2.73935650e-02,-2.66774110e-02,-2.54535681e-02,-2.37592905e-02,-2.16792910e-02,-1.93207578e-02,-1.67906893e-02,-1.41815260e-02,-1.15652220e-02,-8.99472655e-03,-6.51153073e-03,-4.15630262e-03,-1.97774811e-03,-3.51908235e-05,1.60611763e-03,2.88614033e-03,3.76207985e-03,4.21471469e-03,4.24328745e-03,3.87303637e-03,3.08221742e-03,1.84449186e-03,1.30230636e-04,-2.03807716e-03,-4.52555466e-03,-7.07244792e-03,-9.35334132e-03,-1.10833462e-02,-1.21039296e-02,-1.24264558e-02,-1.21360634e-02,-1.13491463e-02,-1.02061463e-02,-8.81874039e-03,-7.27989302e-03,-5.68177795e-03,-4.12866516e-03,-2.73755796e-03,-1.62868788e-03,-9.13437421e-04,-6.83323847e-04,-1.00611658e-03,-1.91266506e-03,-3.37859702e-03,-5.30740017e-03,-7.52951341e-03,-9.83166301e-03,-1.20109719e-02,-1.39283371e-02
-4.87264787e-03,-5.72057584e-03,-6.94363428e-03,-8.61960877e-03,-1.07259522e-02,-1.31051160e-02,-1.54645162e-02,-1.74398478e-02,-1.87055566e-02,-1.91214654e-02,-1.86565570e-02,-1.73260265e-02,-1.52980904e-02,-1.27497464e-02,-9.83939141e-03,-6.69625918e-03,-3.42301053e-03,-1.02337870e-04,3.19925772e-03,6.43329321e-03,9.57102307e-03,1.25993434e-02,1.55103414e-02,1.82872128e-02,2.08928291e-02,2.32669046e-02,2.53335709e-02,2.70148581e-02,2.82411524e-02,2.89504864e-02,2.90568501e-02,2.86609841e-02,2.77015772e-02,2.62810454e-02,2.46259947e-02,2.30155021e-02,2.16857089e-02,2.07533874e-02,2.02141509e-02,2.00059394e-02,2.00699902e-02,2.03812821e-02,2.09765429e-02,2.18611981e-02,2.29991699e-02,2.42955899e-02,2.55961465e-02,2.66946099e-02,2.73416765e-02,2.72476357e-02,2.63513932e-02,2.44234471e-02,2.15151780e-02,1.78862211e-02,1.39317306e-02,1.00499989e-02,6.53252318e-03,3.53549105e-03,1.11148445e-03,-7.50492294e-04,-2.10457905e-03,-3.04631646e-03,-3.71006143e-03,-4.25965195e-03
-2.69266713e-02,-2.79075774e-02,-2.90901194e-02,-3.02764688e-02,-3.11970797e-02,-3.16180723e-02,-3.14997460e-02,-3.06144547e-02,-2.90166668e-02,-2.67810983e-02,-2.40140886e-02,-2.08395134e-02,-1.73921179e-02,-1.38134439e-02,-1.02470963e-02,-6.83264192e-03,-3.69764147e-03,-9.46801285e-04,1.35182890e-03,3.18148820e-03,4.58752335e-03,5.67422336e-03,6.58956325e-03,7.49881775e-03,8.55267628e-03,9.85597883e-03,1.14424731e-02,1.32624781e-02,1.51859541e-02,1.70162813e-02,1.85070536e-02,1.93738099e-02,1.92826467e-02,1.81144784e-02,1.54897013e-02,1.12481222e-02,5.39827921e-03,-1.82807645e-03,-9.93758843e-03,-1.82206969e-02,-2.58815095e-02,-3.22645320e-02,-3.70358020e-02,-4.01808751e-02,-4.18860492e-02,-4.24658490e-02,-4.22861619e-02,-4.13739699e-02,-4.00548008e-02,-3.85377577e-02,-3.69683117e-02,-3.54242796e-02,-3.39237321e-02,-3.24524464e-02,-3.10021261e-02,-2.96008838e-02,-2.83179783e-02,-2.72396111e-02,-2.64319194e-02,-2.59158943e-02,-2.56698064e-02,-2.56331818e-02,-2.58140911e-02,-2.62317777e-02
3.06201579e-02,3.20768254e-02,3.27567094e-02,3.26130762e-02,3.18030240e-02,3.04162199e-02,2.87620097e-02,2.71343784e-02,2.56857667e-02,2.43882693e-02,2.30827229e-02,2.15659579e-02,1.96731799e-02,1.73481389e-02,1.46880396e-02,1.19358845e-02,9.40740932e-03,7.38165007e-03,6.01445245e-03,5.31110881e-03,5.14799140e-03,5.30158256e-03,5.53909386e-03,5.63407484e-03,5.43715674e-03,4.89640681e-03,4.05590239e-03,3.03701450e-03,1.98492721e-03,1.02294489e-03,2.26401452e-04,-3.79651039e-04,-8.03848192e-04,-1.06277742e-03,-1.15956392e-03,-1.07605259e-03,-7.78688534e-04,-2.37557176e-04,5.60684932e-04,1.60643554e-03,2.87021779e-03,4.31165670e-03,5.89173881e-03,7.58241367e-03,9.36762219e-03,1.12341440e-02,1.31569982e-02,1.50864746e-02,1.69405264e-02,1.86025882e-02,1.99264232e-02,2.07543885e-02,2.09519923e-02,2.06024541e-02,1.98019538e-02,1.88409632e-02,1.81105103e-02,1.79539624e-02,1.84550348e-02,1.96731115e-02,2.15091058e-02,2.37678455e-02,2.62118668e-02,2.85833031e-02
1.06055567e-03,2.13548868e-03,3.44494303e-03,4.88215019e-03,6.36819334e-03,7.85562900e-03,9.32571434e-03,1.07816306e-02,1.22402982e-02,1.37246608e-02,1.52562196e-02,1.68459185e-02,1.84831583e-02,2.01277967e-02,2.17139034e-02,2.31712123e-02,2.44591917e-02,2.55950117e-02,2.66531340e-02,2.77319361e-02,2.89078203e-02,3.02009565e-02,3.15664624e-02,3.29133391e-02,3.41410014e-02,3.51759082e-02,3.59906485e-02,3.65963399e-02,3.70164555e-02,3.72623059e-02,3.73170735e-02,3.72149152e-02,3.69362206e-02,3.64870572e-02,3.58969008e-02,3.51961405e-02,3.44076693e-02,3.35461556e-02,3.26251839e-02,3.16690671e-02,3.07191805e-02,2.98218197e-02,2.89949108e-02,2.81918990e-02,2.72918073e-02,2.61258902e-02,2.45327983e-02,2.24345176e-02,1.99040578e-02,1.71761985e-02,1.45721217e-02,1.23679869e-02,1.06864448e-02,9.47041740e-03,8.53418206e-03,7.64899886e-03,6.62420798e-03,5.36855872e-03,3.92618969e-03,2.46631161e-03,1.21963295e-03,3.91014417e-04,9.53283948e-05,3.42459149e-04
-1.66313570e-02,-1.53106152e-02,-1.37448088e-02,-1.19029992e-02,-9.78725479e-03,-7.41548468e-03,-4.80485880e-03,-1.96503265e-03,1.09805503e-03,4.37178284e-03,7.82643391e-03,1.14087411e-02,1.50426026e-02,1.86382061e-02,2.21079287e-02,2.53835117e-02,2.84253835e-02,3.12147383e-02,3.37249616e-02,3.58791959e-02,3.75083279e-02,3.83190279e-02,3.79829167e-02,3.63130903e-02,3.28537373e-02,2.75077856e-02,2.05324477e-02,1.25091695e-02,4.16074760e-03,-3.87869066e-03,-1.11723831e-02,-1.74716874e-02,-2.26227360e-02,-2.65419000e-02,-2.92402553e-02,-3.08471906e-02,-3.15988626e-02,-3.18009235e-02,-3.17098774e-02,-3.15769032e-02,-3.15493663e-02,-3.16975399e-02,-3.19486855e-02,-3.21154223e-02,-3.20604465e-02,-3.15512279e-02,-3.05222743e-02,-2.90329021e-02,-2.72548127e-02,-2.54312982e-02,-2.38276840e-02,-2.26719961e-02,-2.20854886e-02,-2.19908261e-02,-2.22834821e-02,-2.26713029e-02,-2.28918197e-02,-2.28434190e-02,-2.24232575e-02,-2.17094385e-02,-2.08109921e-02,-1.98293365e-02,-1.88195612e-02,-1.77737589e-02
3.39585213e-02,2.80017318e-02,2.13129714e-02,1.42808313e-02,7.44634720e-03,1.28189177e-03,-3.96697224e-03,-8.26664473e-03,-1.16866155e-02,-1.43140218e-02,-1.62232828e-02,-1.74739231e-02,-1.81194122e-02,-1.82574717e-02,-1.79251094e-02,-1.72099097e-02,-1.62286416e-02,-1.51013756e-02,-1.39324189e-02,-1.27901974e-02,-1.16970298e-02,-1.06338914e-02,-9.55710735e-03,-8.41756338e-03,-7.17404966e-03,-5.80028078e-03,-4.29141039e-03,-2.67269345e-03,-1.00411460e-03,6.29046172e-04,2.14344515e-03,3.49745167e-03,4.72056393e-03,5.91540189e-03,7.22683838e-03,8.79537197e-03,1.07197017e-02,1.30416212e-02,1.57503146e-02,1.87944139e-02,2.20921996e-02,2.55373268e-02,2.90030311e-02,3.23498809e-02,3.54412507e-02,3.81674011e-02,4.04734477e-02,4.23796070e-02,4.39787829e-02,4.54049191e-02,4.67848362e-02,4.81955084e-02,4.96394985e-02,5.10429653e-02,5.22750534e-02,5.31778494e-02,5.35820574e-02,5.34427731e-02,5.27710994e-02,5.14354157e-02,4.94124592e-02,4.66946614e-02,4.32555868e-02,3.90357028e-02
2.01482542e-02,2.08789338e-02,2.19505986e-02,2.33484996e-02,2.49671889e-02,2.66427186e-02,2.81912325e-02,2.94467990e-02,3.02959489e-02,3.07050108e-02,3.07222659e-02,3.05192214e-02,3.01733461e-02,2.98290956e-02,2.95956007e-02,2.95377262e-02,2.96288327e-02,2.98557622e-02,3.01736093e-02,3.05291999e-02,3.08947844e-02,3.12774571e-02,3.17073472e-02,3.22070178e-02,3.27494498e-02,3.32145614e-02,3.33407731e-02,3.28760117e-02,3.14369745e-02,2.86992600e-02,2.46241171e-02,1.96027401e-02,1.43872839e-02,9.74421395e-03,6.12249440e-03,3.61487351e-03,2.12140964e-03,1.49392062e-03,1.58376882e-03,2.22907030e-03,3.25957735e-03,4.48211423e-03,5.70320672e-03,6.74714081e-03,7.47777198e-03,7.82051470e-03,7.77803064e-03,7.44402773e-03,6.93437985e-03,6.41355645e-03,6.03966718e-03,5.95032600e-03,6.23884259e-03,6.97422770e-03,8.16605355e-03,9.75084793e-03,1.15972317e-02,1.35260350e-02,1.53436772e-02,1.68819194e-02,1.80380580e-02,1.88069903e-02,1.92912059e-02,1.96727365e-02
4.48517915e-03,1.04657851e-03,-2.51048624e-03,-6.05683385e-03,-9.43265664e-03,-1.24854771e-02,-1.51132618e-02,-1.72858611e-02,-1.90380439e-02,-2.04425767e-02,-2.15755425e-02,-2.24840658e-02,-2.31647082e-02,-2.35631068e-02,-2.36434751e-02,-2.33130034e-02,-2.25207023e-02,-2.12893007e-02,-1.96856665e-02,-1.78010111e-02,-1.57334575e-02,-1.35822294e-02,-1.14526982e-02,-9.46296634e-03,-7.74094762e-03,-6.40723496e-03,-5.54935957e-03,-5.19603496e-03,-5.30573448e-03,-5.80002117e-03,-6.54397933e-03,-7.38771386e-03,-8.19215314e-03,-8.85708746e-03,-9.33881889e-03,-9.64549760e-03,-9.80750802e-03,-9.84349814e-03,-9.71432340e-03,-9.31664466e-03,-8.51626330e-03,-7.19576236e-03,-5.29810533e-03,-2.84247623e-03,8.52345958e-05,3.35205734e-03,6.79896018e-03,1.02556732e-02,1.35470866e-02,1.64994222e-02,1.89512037e-02,2.07739863e-02,2.19012703e-02,2.23529431e-02,2.22621121e-02,2.17996432e-02,2.10492828e-02,2.00849462e-02,1.88940283e-02,1.74089225e-02,1.55587231e-02,1.33102245e-02,1.06799596e-02,7.71807694e-03
-3.32907672e-03,-3.78853284e-03,-4.24365097e-03,-4.65103153e-03,-5.00207350e-03,-5.30369248e-03,-5.55318409e-03,-5.72150243e-03,-5.76234063e-03,-5.62032678e-03,-5.26159484e-03,-4.69445993e-03,-3.96865367e-03,-3.16270578e-03,-2.36410152e-03,-1.64779063e-03,-1.05824069e-03,-6.02154528e-04,-2.58189088e-04,-2.57204273e-06,1.60715985e-04,1.81473583e-04,-3.12544777e-05,-5.80827590e-04,-1.53948422e-03,-2.91344561e-03,-4.63970459e-03,-6.62390446e-03,-8.79253338e-03,-1.11121815e-02,-1.35538002e-02,-1.60313877e-02,-1.83755873e-02,-2.03809983e-02,-2.19017713e-02,-2.29256403e-02,-2.35771833e-02,-2.40584577e-02,-2.45796570e-02,-2.52979794e-02,-2.62523992e-02,-2.73487163e-02,-2.84025001e-02,-2.92097994e-02,-2.96112635e-02,-2.96119447e-02,-2.90864108e-02,-2.80820003e-02,-2.66553525e-02,-2.48761624e-02,-2.28175125e-02,-2.05521108e-02,-1.81517653e-02,-1.56888630e-02,-1.32390363e-02,-1.08831708e-02,-8.70615763e-03,-6.79086100e-03,-5.20837787e-03,-4.00794971e-03,-3.20997026e-03,-2.80325693e-03,-2.73772916e-03,-2.94532983e-03
-5.79273703e-02,-6.10167877e-02,-6.44089745e-02,-6.79326788e-02,-7.12761639e-02,-7.40813454e-02,-7.60745271e-02,-7.71581321e-02,-7.74785456e-02,-7.72020221e-02,-7.62360583e-02,-7.48771193e-02,-7.32912339e-02,-7.16069183e-02,-6.99200414e-02,-6.83033748e-02,-6.68156263e-02,-6.55055657e-02,-6.44092331e-02,-6.35423567e-02,-6.28936044e-02,-6.24238271e-02,-6.20721404e-02,-6.17644384e-02,-6.14176978e-02,-6.09432623e-02,-6.02613064e-02,-5.93217481e-02,-5.81172461e-02,-5.66814282e-02,-5.50757689e-02,-5.33745618e-02,-5.16551442e-02,-4.99938924e-02,-4.84636314e-02,-4.71278393e-02,-4.60306172e-02,-4.51860914e-02,-4.45736462e-02,-4.41440805e-02,-4.38362490e-02,-4.35971979e-02,-4.33969565e-02,-4.32303016e-02,-4.31003052e-02,-4.29946266e-02,-4.28733869e-02,-4.26695655e-02,-4.23199587e-02,-4.18227990e-02,-4.12665873e-02,-4.08097864e-02,-4.06013917e-02,-4.06725736e-02,-4.11491154e-02,-4.19384277e-02,-4.29423312e-02,-4.40958026e-02,-4.53939506e-02,-4.68740783e-02,-4.85775673e-02,-5.05243560e-02,-5.27183959e-02,-5.51734209e-02
-5.09084135e-02,-5.13704344e-02,-5.13153325e-02,-5.06487172e-02,-4.95839521e-02,-4.82140973e-02,-4.65875709e-02,-4.47244394e-02,-4.26407694e-02,-4.03681601e-02,-3.79605017e-02,-3.54885912e-02,-3.30291551e-02,-3.06548644e-02,-2.84277342e-02,-2.63939617e-02,-2.45770252e-02,-2.29686484e-02,-2.15220362e-02,-2.01544476e-02,-1.87637727e-02,-1.72577527e-02,-1.55870485e-02,-1.37685517e-02,-1.18901015e-02,-1.00982593e-02,-8.57688343e-03,-7.52376726e-03,-7.11029158e-03,-7.46606543e-03,-8.69807601e-03,-1.07969404e-02,-1.36496334e-02,-1.70376594e-02,-2.06763016e-02,-2.43012471e-02,-2.77676014e-02,-3.10964639e-02,-3.44300780e-02,-3.79078946e-02,-4.15156564e-02,-4.50030894e-02,-4.79620108e-02,-5.00309294e-02,-5.10761827e-02,-5.12960567e-02,-5.07707936e-02,-4.97254384e-02,-4.84349677e-02,-4.70605932e-02,-4.56621245e-02,-4.42290299e-02,-4.27299534e-02,-4.11708448e-02,-3.96437322e-02,-3.83460244e-02,-3.75466911e-02,-3.73856289e-02,-3.81218866e-02,-3.98547172e-02,-4.23374535e-02,-4.51216277e-02,-4.77027245e-02,-4.96932239e-02
-7.32375966e-03,-6.89438555e-03,-6.05900154e-03,-4.86373330e-03,-3.42865843e-03,-1.93305742e-03,-5.91446920e-04,3.74638117e-04,7.70084476e-04,4.77917842e-04,-4.90479815e-04,-1.95656733e-03,-3.58560007e-03,-4.98907105e-03,-5.86167514e-03,-6.09209674e-03,-5.70326403e-03,-4.83398877e-03,-3.65823975e-03,-2.31896099e-03,-9.02735609e-04,5.60109904e-04,2.07719162e-03,3.66512613e-03,5.32011437e-03,6.99677159e-03,8.60050422e-03,9.99484906e-03,1.10224883e-02,1.15380903e-02,1.14536794e-02,1.08341900e-02,9.78592688e-03,8.57495769e-03,7.49584923e-03,6.77556233e-03,6.51439500e-03,6.67213235e-03,7.12155409e-03,7.68319469e-03,8.14681574e-03,8.32639913e-03,8.12297460e-03,7.54047890e-03,6.68704805e-03,5.75113735e-03,4.90315206e-03,4.22034424e-03,3.66683054e-03,3.13160943e-03,2.49333688e-03,1.67712149e-03,6.84389249e-04,-4.12844412e-04,-1.50813869e-03,-2.51048869e-03,-3.37983609e-03,-4.13189379e-03,-4.81322276e-03,-5.46479230e-03,-6.09502769e-03,-6.67172333e-03,-7.12719569e-03,-7.36918515e-03
-9.22459689e-04,-2.82472263e-03,-4.59449623e-03,-6.27407940e-03,-7.87249303e-03,-9.35656886e-03,-1.06726923e-02,-1.17820101e-02,-1.26832288e-02,-1.34089152e-02,-1.40013950e-02,-1.44864650e-02,-1.48610083e-02,-1.50979296e-02,-1.51706073e-02,-1.50410340e-02,-1.46565619e-02,-1.39797344e-02,-1.29871700e-02,-1.16822645e-02,-1.00991448e-02,-8.29746541e-03,-6.35413574e-03,-4.35810469e-03,-2.40962150e-03,-6.20187631e-04,8.93062850e-04,2.02357310e-03,2.70494310e-03,2.93996009e-03,2.82106201e-03,2.50948385e-03,2.20772533e-03,2.11871857e-03,2.39223623e-03,3.10365265e-03,4.24360049e-03,5.72679080e-03,7.41984736e-03,9.17547275e-03,1.08665683e-02,1.24105368e-02,1.37751524e-02,1.49642981e-02,1.59919136e-02,1.68581246e-02,1.75386341e-02,1.79908722e-02,1.81730665e-02,1.80857280e-02,1.77712330e-02,1.72956261e-02,1.67724421e-02,1.62890463e-02,1.58521767e-02,1.53720705e-02,1.46979843e-02,1.36771724e-02,1.22188520e-02,1.03347554e-02,8.13225882e-03,5.76965228e-03,3.40396496e-03,1.15338918e-03
4.25810772e-02,4.23080606e-02,4.16599617e-02,4.06029382e-02,3.91319714e-02,3.72985368e-02,3.52382484e-02,3.31708163e-02,3.13668677e-02,3.00962933e-02,2.95798421e-02,2.98519663e-02,3.08592207e-02,3.25558358e-02,3.47352301e-02,3.71475544e-02,3.95399348e-02,4.16834597e-02,4.33938942e-02,4.45467429e-02,4.50851946e-02,4.50517481e-02,4.46308644e-02,4.38349085e-02,4.28010320e-02,4.16525403e-02,4.04683088e-02,3.92819551e-02,3.80924305e-02,3.68787180e-02,3.56180230e-02,3.43066811e-02,3.29761208e-02,3.16927173e-02,3.05388563e-02,2.95868428e-02,2.88807045e-02,2.84303036e-02,2.82120476e-02,2.81742442e-02,2.82189416e-02,2.82717419e-02,2.82296758e-02,2.80372423e-02,2.76608977e-02,2.71571780e-02,2.66651790e-02,2.63649215e-02,2.64188333e-02,2.68396748e-02,2.76771867e-02,2.88656495e-02,3.02988175e-02,3.18603468e-02,3.34446720e-02,3.49713491e-02,3.63923694e-02,3.76908972e-02,3.88704254e-02,3.99369476e-02,4.08814985e-02,4.16717618e-02,4.22569974e-02,4.25824926e-02
-3.10963472e-02,-2.97346428e-02,-2.79539811e-02,-2.57055638e-02,-2.29849732e-02,-1.98380636e-02,-1.63559170e-02,-1.26628388e-02,-8.90166406e-03,-5.21989497e-03,-1.75883879e-03,1.35418410e-03,4.01086905e-03,6.13502959e-03,7.69204190e-03,8.69822615e-03,9.22088898e-03,9.36294094e-03,9.24928053e-03,8.95523852e-03,8.50864213e-03,7.88258495e-03,7.01356129e-03,5.85383179e-03,4.42991789e-03,2.87476651e-03,1.39953456e-03,2.04978184e-04,-6.13381864e-04,-1.10328607e-03,-1.42133591e-03,-1.76455564e-03,-2.30809484e-03,-3.16138196e-03,-4.34681801e-03,-5.79883388e-03,-7.38318631e-03,-8.93439065e-03,-1.02991310e-02,-1.13694984e-02,-1.21005561e-02,-1.25180206e-02,-1.27192295e-02,-1.28582193e-02,-1.31415649e-02,-1.38086793e-02,-1.50628738e-02,-1.69945410e-02,-1.95113650e-02,-2.23309574e-02,-2.50787856e-02,-2.74477571e-02,-2.93061307e-02,-3.06903246e-02,-3.17204809e-02,-3.25120777e-02,-3.31267561e-02,-3.35693550e-02,-3.38182656e-02,-3.38798842e-02,-3.37420210e-02,-3.34001984e-02,-3.28643146e-02,-3.21142495e-02
4.96788658e-03,7.85926682e-03,1.05249043e-02,1.29389391e-02,1.50728958e-02,1.68941684e-02,1.83699572e-02,1.94697688e-02,2.01651467e-02,2.04315954e-02,2.02917953e-02,1.97920774e-02,1.89929625e-02,1.80434288e-02,1.71305785e-02,1.64482232e-02,1.61665992e-02,1.63787544e-02,1.71107316e-02,1.83597515e-02,2.00325307e-02,2.19946523e-02,2.40919914e-02,2.61649547e-02,2.80531070e-02,2.95935392e-02,3.06218804e-02,3.09822051e-02,3.07046651e-02,2.98396757e-02,2.85304795e-02,2.71024458e-02,2.59113865e-02,2.52367683e-02,2.52472521e-02,2.58216637e-02,2.69690378e-02,2.85172159e-02,3.02609847e-02,3.19876281e-02,3.34844306e-02,3.45305225e-02,3.48576435e-02,3.43589401e-02,3.27613271e-02,2.97632236e-02,2.52399650e-02,1.93370714e-02,1.25750941e-02,5.76202847e-03,-3.29793214e-04,-5.27283575e-03,-9.03473784e-03,-1.17729524e-02,-1.36293818e-02,-1.46438229e-02,-1.48525451e-02,-1.41868732e-02,-1.26713322e-02,-1.04331529e-02,-7.65959020e-03,-4.55923386e-03,-1.32585042e-03,1.88552759e-03
8.72796966e-02,8.57115576e-02,8.32843666e-02,7.98693170e-02,7.53820557e-02,6.98525340e-02,6.34886659e-02,5.66973413e-02,5.00270022e-02,4.40347987e-02,3.91462313e-02,3.55840195e-02,3.33750537e-02,3.23926155e-02,3.24057004e-02,3.30230517e-02,3.41506138e-02,3.55753729e-02,3.71600350e-02,3.88370374e-02,4.05745348e-02,4.23375003e-02,4.40577961e-02,4.56223936e-02,4.68830519e-02,4.76848827e-02,4.78626986e-02,4.75598920e-02,4.67476162e-02,4.55247922e-02,4.40870713e-02,4.26163755e-02,4.12489590e-02,4.00942214e-02,3.92752809e-02,3.89564823e-02,3.91918694e-02,4.00222192e-02,4.14859248e-02,4.34757274e-02,4.58318266e-02,4.83975890e-02,5.10549388e-02,5.37338298e-02,5.63991328e-02,5.90276678e-02,6.15899147e-02,6.40452777e-02,6.63511449e-02,6.84790839e-02,7.04290327e-02,7.22343533e-02,7.39551828e-02,7.56621909e-02,7.74156094e-02,7.92448630e-02,8.11340682e-02,8.30183352e-02,8.47932112e-02,8.63347229e-02,8.75222496e-02,8.82542132e-02,8.83860237e-02,8.81177064e-02
-2.24926453e-02,-2.12453107e-02,-2.00266105e-02,-1.89017311e-02,-1.79149758e-02,-1.70663755e-02,-1.63013961e-02,-1.55273231e-02,-1.46545115e-02,-1.36445333e-02,-1.25359944e-02,-1.14339038e-02,-1.04754784e-02,-9.79475966e-03,-9.49348805e-03,-9.61885253e-03,-1.02361250e-02,-1.13382164e-02,-1.28735101e-02,-1.47367397e-02,-1.67823566e-02,-1.88625189e-02,-2.08776313e-02,-2.28200780e-02,-2.47929432e-02,-2.69907664e-02,-2.96323824e-02,-3.28466341e-02,-3.65593970e-02,-4.04766968e-02,-4.42073231e-02,-4.74347029e-02,-5.00039002e-02,-5.18946336e-02,-5.31500368e-02,-5.38329662e-02,-5.40505904e-02,-5.39074383e-02,-5.33515400e-02,-5.24884534e-02,-5.13599617e-02,-4.99895171e-02,-4.84057168e-02,-4.66638008e-02,-4.48484558e-02,-4.30525060e-02,-4.13437698e-02,-3.97405726e-02,-3.82109280e-02,-3.66967445e-02,-3.51519078e-02,-3.35765369e-02,-3.20304778e-02,-3.06185481e-02,-2.94518467e-02,-2.85984482e-02,-2.80454517e-02,-2.76975258e-02,-2.74151686e-02,-2.70564663e-02,-2.65182185e-02,-2.57640215e-02,-2.48104203e-02,-2.37015421e-02
5.15406549e-02,4.98988818e-02,4.78336857e-02,4.50821429e-02,4.12920534e-02,3.60750260e-02,2.91226239e-02,2.03911618e-02,1.02871063e-02,-2.98355236e-04,-1.02147904e-02,-1.85467912e-02,-2.49066648e-02,-2.93342662e-02,-3.20711825e-02,-3.34063928e-02,-3.37090477e-02,-3.31339079e-02,-3.18933032e-02,-3.02544922e-02,-2.84367445e-02,-2.65940331e-02,-2.48055146e-02,-2.30879282e-02,-2.14279660e-02,-1.98200104e-02,-1.82883457e-02,-1.68798797e-02,-1.56320061e-02,-1.45373808e-02,-1.35301869e-02,-1.25042239e-02,-1.13531124e-02,-1.00095026e-02,-8.46005005e-03,-6.73233626e-03,-4.86919330e-03,-2.90792904e-03,-8.72762001e-04,1.22095558e-03,3.35724693e-03,5.51300252e-03,7.65968125e-03,9.77435937e-03,1.18551733e-02,1.39324817e-02,1.60683168e-02,1.83432801e-02,2.08371044e-02,2.36108706e-02,2.66952287e-02,3.00843233e-02,3.37328248e-02,3.75538978e-02,4.14177389e-02,4.51524828e-02,4.85516599e-02,5.13944330e-02,5.34841651e-02,5.47025701e-02,5.50169766e-02,5.47591142e-02,5.40194559e-02,5.29086772e-02
-4.91824512e-03,-8.67229781e-03,-1.31277134e-02,-1.77253453e-02,-2.18514379e-02,-2.50460440e-02,-2.71042449e-02,-2.80476032e-02,-2.81418006e-02,-2.74054123e-02,-2.60408891e-02,-2.41862274e-02,-2.19322817e-02,-1.93368951e-02,-1.64436430e-02,-1.33013061e-02,-9.97806516e-03,-6.56704303e-03,-3.18367259e-03,4.24600301e-05,2.97864398e-03,5.50792168e-03,7.55524522e-03,9.11600970e-03,1.02741740e-02,1.11866795e-02,1.20280802e-02,1.29255315e-02,1.39230320e-02,1.49891941e-02,1.60594926e-02,1.70842795e-02,1.80538611e-02,1.89910805e-02,1.99237890e-02,2.08587292e-02,2.17714417e-02,2.26137676e-02,2.33306106e-02,2.38755457e-02,2.42193253e-02,2.43494024e-02,2.42799369e-02,2.40080707e-02,2.34689210e-02,2.25342556e-02,2.09643680e-02,1.84260984e-02,1.46169796e-02,9.52346889e-03,3.68934514e-03,-1.83697612e-03,-6.00785850e-03,-8.35658472e-03,-9.03906036e-03,-8.42906864e-03,-6.98465698e-03,-5.14765040e-03,-3.27380621e-03,-1.65199262e-03,-5.28343452e-04,-1.21960632e-04,-6.29203218e-04,-2.20477144e-03
-1.69257172e-02,-1.62625842e-02,-1.55268877e-02,-1.48624995e-02,-1.43967207e-02,-1.42192549e-02,-1.43763775e-02,-1.48769454e-02,-1.55962522e-02,-1.63152597e-02,-1.67780463e-02,-1.68372582e-02,-1.63540382e-02,-1.53438539e-02,-1.39025210e-02,-1.21514555e-02,-1.01971181e-02,-8.11262693e-03,-5.93957359e-03,-3.70251960e-03,-1.42862091e-03,8.33414718e-04,2.99912930e-03,4.94879374e-03,6.54729147e-03,7.68801344e-03,8.35041165e-03,8.64002622e-03,8.77300282e-03,8.98457618e-03,9.44676417e-03,1.02319672e-02,1.13060411e-02,1.25685409e-02,1.38958894e-02,1.51677257e-02,1.62772540e-02,1.71312664e-02,1.76422862e-02,1.77057717e-02,1.72913881e-02,1.62449723e-02,1.44645055e-02,1.19018714e-02,8.59298714e-03,4.67506654e-03,3.81338380e-04,-3.96867890e-03,-7.99447797e-03,-1.13325750e-02,-1.37400442e-02,-1.51636182e-02,-1.57281975e-02,-1.57095638e-02,-1.53195028e-02,-1.48539783e-02,-1.45595976e-02,-1.45619703e-02,-1.49656547e-02,-1.56782284e-02,-1.64859580e-02,-1.71310790e-02,-1.74299932e-02,-1.73627651e-02
-1.04346313e-02,-1.03411056e-02,-1.02758960e-02,-1.01344595e-02,-9.82695941e-03,-9.32925814e-03,-8.70006967e-03,-8.07077968e-03,-7.62172457e-03,-7.52558825e-03,-7.95986443e-03,-9.03469838e-03,-1.07478503e-02,-1.29733774e-02,-1.54842798e-02,-1.80053460e-02,-2.02714895e-02,-2.20715774e-02,-2.32672143e-02,-2.37963840e-02,-2.37615129e-02,-2.30714756e-02,-2.18372759e-02,-2.01681464e-02,-1.82003519e-02,-1.60906473e-02,-1.40041241e-02,-1.20991506e-02,-1.05091108e-02,-9.32023363e-03,-8.54902471e-03,-8.13106389e-03,-7.93755183e-03,-7.82387952e-03,-7.67863228e-03,-7.46031053e-03,-7.20372531e-03,-6.99413012e-03,-6.92399055e-03,-7.07077052e-03,-7.47249006e-03,-8.09811356e-03,-8.85007906e-03,-9.58334996e-03,-1.01460086e-02,-1.04271494e-02,-1.04204832e-02,-1.01320713e-02,-9.66630795e-03,-9.14705873e-03,-8.69889452e-03,-8.43261797e-03,-8.41009329e-03,-8.68338546e-03,-9.22660850e-03,-9.94877221e-03,-1.07058750e-02,-1.13384090e-02,-1.17217207e-02,-1.18208054e-02,-1.16553695e-02,-1.13205376e-02,-1.09427747e-02,-1.06295636e-02
1.83390623e-02,1.86857252e-02,1.89259493e-02,1.89462379e-02,1.87244896e-02,1.82005288e-02,1.73795623e-02,1.63091874e-02,1.50795588e-02,1.38240658e-02,1.27089978e-02,1.19075518e-02,1.15622137e-02,1.17314518e-02,1.23721806e-02,1.33926241e-02,1.46068128e-02,1.57972332e-02,1.67416983e-02,1.72279018e-02,1.70722790e-02,1.62053407e-02,1.44985370e-02,1.19719746e-02,8.74434238e-03,5.02786273e-03,1.11854247e-03,-2.63114560e-03,-5.87653453e-03,-8.36970513e-03,-9.99556643e-03,-1.07550660e-02,-1.07901762e-02,-1.01371018e-02,-8.92076156e-03,-7.23861477e-03,-5.17094788e-03,-2.79120763e-03,-1.76950924e-04,2.58370831e-03,5.39465862e-03,8.16199511e-03,1.08043021e-02,1.32595967e-02,1.54850155e-02,1.74495571e-02,1.91239567e-02,2.04744416e-02,2.14672304e-02,2.20863730e-02,2.23586361e-02,2.23652898e-02,2.22370897e-02,2.20374490e-02,2.18076636e-02,2.15151962e-02,2.10922222e-02,2.04929188e-02,1.97457243e-02,1.89666174e-02,1.83162784e-02,1.79274170e-02,1.78556705e-02,1.80181771e-02
-1.75802303e-02,-2.02712334e-02,-2.29247893e-02,-2.54891825e-02,-2.78610293e-02,-2.98924015e-02,-3.14178500e-02,-3.22947061e-02,-3.25148410e-02,-3.20101160e-02,-3.07400994e-02,-2.87991774e-02,-2.63039237e-02,-2.33829865e-02,-2.01644081e-02,-1.67658830e-02,-1.32886940e-02,-9.81457849e-03,-6.40560667e-03,-3.10795095e-03,4.03779543e-05,2.99966440e-03,5.72202028e-03,8.15375961e-03,1.02485867e-02,1.19900913e-02,1.34137668e-02,1.46136262e-02,1.57216722e-02,1.68643960e-02,1.81162265e-02,1.94690205e-02,2.08277444e-02,2.20295071e-02,2.28714068e-02,2.31266961e-02,2.26842801e-02,2.13824651e-02,1.91276356e-02,1.59832975e-02,1.21382486e-02,7.85905634e-03,3.43453176e-03,-8.41858660e-04,-4.66092098e-03,-7.73549392e-03,-9.87567060e-03,-1.10376600e-02,-1.13445729e-02,-1.09362760e-02,-1.00017045e-02,-8.74789576e-03,-7.36337868e-03,-6.01442550e-03,-4.84396471e-03,-3.97620386e-03,-3.52539692e-03,-3.57676488e-03,-4.22600205e-03,-5.49808291e-03,-7.34286786e-03,-9.63150025e-03,-1.21933058e-02,-1.48745646e-02
1.66755124e-02,1.33760520e-02,1.01421490e-02,7.36551973e-03,5.31641428e-03,4.14516826e-03,3.91269005e-03,4.58354142e-03,6.10193736e-03,8.35615976e-03,1.12096701e-02,1.45189512e-02,1.81378723e-02,2.19157449e-02,2.56933680e-02,2.93019281e-02,3.25685742e-02,3.53307623e-02,3.74584666e-02,3.88784373e-02,3.95909671e-02,3.96363486e-02,3.92508836e-02,3.83818197e-02,3.70575815e-02,3.52517313e-02,3.28912876e-02,2.99160768e-02,2.63544845e-02,2.23793161e-02,1.82972974e-02,1.44601998e-02,1.11517662e-02,8.52475599e-03,6.60878674e-03,5.35488605e-03,4.67801047e-03,4.48168910e-03,4.65941492e-03,5.12269370e-03,5.80047579e-03,6.64889097e-03,7.65748299e-03,8.83210620e-03,1.01690720e-02,1.16346519e-02,1.31588769e-02,1.46432273e-02,1.59773022e-02,1.70611159e-02,1.78320049e-02,1.82926387e-02,1.85288049e-02,1.86970550e-02,1.89626202e-02,1.94579470e-02,2.02344706e-02,2.12278080e-02,2.22641176e-02,2.30908768e-02,2.34122464e-02,2.30247945e-02,2.17746884e-02,1.95973575e-02
-2.25341988e-02,-2.11483227e-02,-1.94689032e-02,-1.76903181e-02,-1.59762749e-02,-1.44381391e-02,-1.31294086e-02,-1.20519070e-02,-1.11689222e-02,-1.04220267e-02,-9.75054854e-03,-9.11202213e-03,-8.49697417e-03,-7.92840114e-03,-7.44473878e-03,-7.08025621e-03,-6.86213634e-03,-6.81899802e-03,-7.02682905e-03,-7.61749065e-03,-8.76492096e-03,-1.06394992e-02,-1.33352979e-02,-1.68037211e-02,-2.08366145e-02,-2.51220296e-02,-2.93426697e-02,-3.32518878e-02,-3.66874918e-02,-3.95390771e-02,-4.17132932e-02,-4.31280350e-02,-4.37468788e-02,-4.37469373e-02,-4.29727769e-02,-4.15984613e-02,-3.97906077e-02,-3.77230286e-02,-3.55499117e-02,-3.33867415e-02,-3.12996977e-02,-2.93076490e-02,-2.73986243e-02,-2.55567042e-02,-2.37892848e-02,-2.21430774e-02,-2.07022505e-02,-1.95701406e-02,-1.88398701e-02,-1.85490443e-02,-1.86473875e-02,-1.90750921e-02,-1.96462609e-02,-2.01775561e-02,-2.05533140e-02,-2.07684103e-02,-2.09130376e-02,-2.11270992e-02,-2.15456402e-02,-2.21952452e-02,-2.29430765e-02,-2.35341264e-02,-2.37468115e-02,-2.34413558e-02
-1.35410505e-02,-1.51043746e-02,-1.72632599e-02,-1.98236857e-02,-2.24358438e-02,-2.46935544e-02,-2.62455425e-02,-2.68991028e-02,-2.67183711e-02,-2.55364435e-02,-2.35192058e-02,-2.08258241e-02,-1.76228120e-02,-1.40674295e-02,-1.02965456e-02,-6.42128502e-03,-2.52521536e-03,1.33389921e-03,5.11770559e-03,8.79898992e-03,1.23533907e-02,1.57564145e-02,1.89853095e-02,2.20229488e-02,2.48601246e-02,2.74938186e-02,2.99212315e-02,3.21316529e-02,3.40999003e-02,3.57854480e-02,3.71399789e-02,3.81223433e-02,3.87128781e-02,3.89069079e-02,3.87774333e-02,3.83233219e-02,3.74850375e-02,3.62189620e-02,3.44986481e-02,3.23593318e-02,2.99152323e-02,2.73202427e-02,2.46915671e-02,2.20439362e-02,1.92671864e-02,1.61542114e-02,1.24792352e-02,8.12345803e-03,3.21109287e-03,-1.84093277e-03,-6.43969511e-03,-1.00947541e-02,-1.25887970e-02,-1.39773029e-02,-1.44875020e-02,-1.44179319e-02,-1.39885059e-02,-1.34273059e-02,-1.28842088e-02,-1.24438767e-02,-1.21482151e-02,-1.20273039e-02,-1.21301300e-02,-1.25866380e-02
-4.02423042e-02,-3.89621745e-02,-3.77586272e-02,-3.66549002e-02,-3.56364893e-02,-3.46589971e-02,-3.36556207e-02,-3.25454589e-02,-3.12453602e-02,-2.96868998e-02,-2.78353218e-02,-2.57024279e-02,-2.33455127e-02,-2.08506254e-02,-1.83062636e-02,-1.57779790e-02,-1.32936078e-02,-1.08439424e-02,-8.39678900e-03,-5.91654169e-03,-3.37981169e-03,-7.81327665e-04,1.86894368e-03,4.55079318e-03,7.23329871e-03,9.86419218e-03,1.23540867e-02,1.45652730e-02,1.63144553e-02,1.73926269e-02,1.75887293e-02,1.69141793e-02,1.52806925e-02,1.27931952e-02,9.69704490e-03,6.32131778e-03,3.02763933e-03,1.35383177e-04,-2.16098905e-03,-3.84027412e-03,-5.02760676e-03,-5.91874501e-03,-6.70344682e-03,-7.51699014e-03,-8.43209541e-03,-9.48938915e-03,-1.07414964e-02,-1.22742205e-02,-1.41859677e-02,-1.65400260e-02,-1.93275592e-02,-2.24700596e-02,-2.58527253e-02,-2.93524172e-02,-3.28358985e-02,-3.61401976e-02,-3.90675451e-02,-4.14149297e-02,-4.30283561e-02,-4.38583369e-02,-4.40408841e-02,-4.36153485e-02,-4.27100398e-02,-4.15307430e-02
6.08301146e-04,1.30797359e-03,1.78282518e-03,1.84209804e-03,1.25704464e-03,-2.23302535e-04,-2.81632137e-03,-6.67435520e-03,-1.18520896e-02,-1.82492584e-02,-2.55337139e-02,-3.31117024e-02,-4.02487276e-02,-4.63238181e-02,-5.10393721e-02,-5.44452195e-02,-5.68092921e-02,-5.84529579e-02,-5.96322650e-02,-6.04832453e-02,-6.10231580e-02,-6.12296120e-02,-6.11267232e-02,-6.05028383e-02,-5.93622727e-02,-5.77260844e-02,-5.56535811e-02,-5.32325503e-02,-5.05676539e-02,-4.77663205e-02,-4.49253942e-02,-4.21228741e-02,-3.94170512e-02,-3.68512823e-02,-3.44591376e-02,-3.22643888e-02,-3.02743056e-02,-2.84709980e-02,-2.68093859e-02,-2.52279600e-02,-2.36706717e-02,-2.21099443e-02,-2.05576476e-02,-1.90571756e-02,-1.76622063e-02,-1.64159396e-02,-1.53424686e-02,-1.44517028e-02,-1.37483375e-02,-1.32318181e-02,-1.28820115e-02,-1.26408619e-02,-1.24075379e-02,-1.20491060e-02,-1.14374778e-02,-1.04993232e-02,-9.24412034e-03,-7.76035535e-03,-6.18502312e-03,-4.65953186e-03,-3.28718444e-03,-2.10718447e-03,-1.09675564e-03,-2.02979725e-04
2.06184928e-02,2.14464726e-02,2.13466262e-02,2.02119130e-02,1.77373576e-02,1.39324368e-02,9.03825491e-03,3.48999461e-03,-2.16676469e-03,-7.36928201e-03,-1.16715662e-02,-1.48203594e-02,-1.67677624e-02,-1.76259557e-02,-1.76875150e-02,-1.70801335e-02,-1.61048457e-02,-1.50398547e-02,-1.41440317e-02,-1.36441163e-02,-1.36383788e-02,-1.42676666e-02,-1.54978971e-02,-1.71967432e-02,-1.91342721e-02,-2.10190746e-02,-2.25540158e-02,-2.34975033e-02,-2.37678938e-02,-2.33138620e-02,-2.21377856e-02,-2.03731844e-02,-1.81679960e-02,-1.56514367e-02,-1.29130214e-02,-9.99966851e-03,-6.92781142e-03,-3.70262928e-03,-3.36420615e-04,3.13814921e-03,6.66114531e-03,1.01451706e-02,1.34770048e-02,1.65206235e-02,1.91207013e-02,2.11082312e-02,2.23109620e-02,2.25603765e-02,2.19649010e-02,2.05239609e-02,1.84741716e-02,1.62097518e-02,1.41250422e-02,1.24972444e-02,1.14422241e-02,1.09476241e-02,1.09448586e-02,1.13157047e-02,1.20349733e-02,1.30598267e-02,1.43624509e-02,1.58979422e-02,1.75732282e-02,1.92259383e-02
3.59439127e-02,3.77529000e-02,3.96472952e-02,4.17029620e-02,4.39285513e-02,4.62615670e-02,4.85818942e-02,5.07342610e-02,5.25512835e-02,5.38733715e-02,5.45697494e-02,5.45683849e-02,5.40922691e-02,5.30803351e-02,5.16770229e-02,5.00191272e-02,4.81362409e-02,4.59133880e-02,4.31105752e-02,3.94229559e-02,3.45833868e-02,2.85173887e-02,2.15112300e-02,1.42535519e-02,7.60865333e-03,2.23534056e-03,-1.61825033e-03,-4.02972641e-03,-5.22675771e-03,-5.48473390e-03,-5.01164722e-03,-4.01836132e-03,-2.70049045e-03,-1.22513468e-03,2.80197293e-04,1.73670790e-03,3.11337787e-03,4.41161920e-03,5.64428166e-03,6.82078116e-03,7.94430982e-03,9.01590961e-03,1.00343357e-02,1.09853295e-02,1.18247118e-02,1.24684381e-02,1.28040422e-02,1.27344250e-02,1.22817459e-02,1.15296051e-02,1.07282153e-02,1.01861416e-02,1.01740034e-02,1.07661250e-02,1.20287850e-02,1.38879648e-02,1.62227598e-02,1.88887407e-02,2.17304098e-02,2.45922716e-02,2.73342542e-02,2.98523404e-02,3.20999814e-02,3.41010640e-02
-1.42631544e-03,-7.09727412e-04,-4.20778276e-06,7.68438150e-04,1.58587551e-03,2.32610346e-03,2.80319721e-03,2.81682067e-03,2.22237031e-03,9.19208025e-04,-1.08036052e-03,-3.64697949e-03,-6.53687886e-03,-9.43442546e-03,-1.20478536e-02,-1.42045983e-02,-1.58770073e-02,-1.71299562e-02,-1.80425636e-02,-1.86584150e-02,-1.89847995e-02,-1.90481766e-02,-1.88501731e-02,-1.84477522e-02,-1.79245613e-02,-1.73623799e-02,-1.68194173e-02,-1.63174443e-02,-1.58426741e-02,-1.53593786e-02,-1.48289712e-02,-1.42227160e-02,-1.35188604e-02,-1.26886154e-02,-1.16872120e-02,-1.04631455e-02,-8.98442740e-03,-7.26839172e-03,-5.40170217e-03,-3.54668531e-03,-1.93767509e-03,-8.70714340e-04,-6.73906284e-04,-1.66127028e-03,-4.01561918e-03,-7.64480776e-03,-1.20837774e-02,-1.65851343e-02,-2.04006716e-02,-2.30484708e-02,-2.43946554e-02,-2.46599929e-02,-2.39603090e-02,-2.25506351e-02,-2.06669422e-02,-1.84841593e-02,-1.61281063e-02,-1.36934881e-02,-1.12643301e-02,-8.92988445e-03,-6.78871598e-03,-4.93604646e-03,-3.43609302e-03,-2.29103272e-03
2.02219855e-02,2.17836582e-02,2.30328623e-02,2.39626301e-02,2.45540589e-02,2.47581465e-02,2.45297743e-02,2.37439054e-02,2.21938573e-02,1.96961046e-02,1.61720342e-02,1.17932557e-02,7.05908922e-03,2.66443105e-03,-8.15203376e-04,-3.16291504e-03,-4.52182069e-03,-5.21351010e-03,-5.56972474e-03,-5.83880281e-03,-6.16364255e-03,-6.60036351e-03,-7.16350891e-03,-7.86983107e-03,-8.75385558e-03,-9.84811429e-03,-1.11442204e-02,-1.25643486e-02,-1.39649045e-02,-1.51693593e-02,-1.60078293e-02,-1.63623293e-02,-1.62025938e-02,-1.54403752e-02,-1.41190681e-02,-1.23202429e-02,-1.01613588e-02,-7.78210307e-03,-5.32759280e-03,-2.93154216e-03,-7.01649218e-04,1.28918420e-03,3.00183693e-03,4.41887363e-03,5.52376765e-03,6.28306265e-03,6.64327475e-03,6.55459342e-03,6.03099545e-03,5.12770492e-03,4.00358557e-03,2.85764923e-03,1.87993887e-03,1.23009698e-03,1.04242997e-03,1.42231774e-03,2.42731344e-03,4.03890379e-03,6.15369903e-03,8.60641779e-03,1.12075424e-02,1.37812196e-02,1.61916784e-02,1.83528486e-02
-4.86611036e-02,-4.63114035e-02,-4.39572238e-02,-4.16874695e-02,-3.96318666e-02,-3.79531629e-02,-3.68151560e-02,-3.63203842e-02,-3.63572215e-02,-3.70247035e-02,-3.80823307e-02,-3.92978265e-02,-4.04504161e-02,-4.13706440e-02,-4.19587604e-02,-4.21953801e-02,-4.21748580e-02,-4.18690645e-02,-4.14109718e-02,-4.08998624e-02,-4.04150013e-02,-4.00084098e-02,-3.97076674e-02,-3.95222839e-02,-3.94442953e-02,-3.94375612e-02,-3.94696618e-02,-3.94690951e-02,-3.93321834e-02,-3.89312708e-02,-3.81712828e-02,-3.70104782e-02,-3.54731544e-02,-3.36396729e-02,-3.16223823e-02,-2.95397562e-02,-2.74981697e-02,-2.55854248e-02,-2.38758311e-02,-2.24442427e-02,-2.13857134e-02,-2.08331002e-02,-2.08378611e-02,-2.16552648e-02,-2.33980310e-02,-2.60935263e-02,-2.96220766e-02,-3.37292693e-02,-3.80952504e-02,-4.24145217e-02,-4.64395930e-02,-4.99881241e-02,-5.29421944e-02,-5.52525408e-02,-5.69341304e-02,-5.80400073e-02,-5.86307252e-02,-5.88009778e-02,-5.85794731e-02,-5.78420939e-02,-5.66371257e-02,-5.50225779e-02,-5.30910121e-02,-5.09425533e-02
4.11468805e-02,4.34581408e-02,4.50930241e-02,4.58882514e-02,4.57738164e-02,4.48928611e-02,4.31089101e-02,4.05094284e-02,3.72359942e-02,3.34245396e-02,2.91740924e-02,2.45431996e-02,1.95641806e-02,1.42559330e-02,8.63562527e-03,2.75170137e-03,-3.25824728e-03,-9.12576907e-03,-1.45208965e-02,-1.91791555e-02,-2.30067079e-02,-2.60868711e-02,-2.85945661e-02,-3.06774646e-02,-3.23643128e-02,-3.35432633e-02,-3.40581227e-02,-3.39179925e-02,-3.28530378e-02,-3.09454750e-02,-2.83037443e-02,-2.50653812e-02,-2.13638076e-02,-1.73150832e-02,-1.30210819e-02,-8.58055312e-03,-4.09983834e-03,3.02439688e-04,4.49717335e-03,8.35623753e-03,1.17653750e-02,1.46340234e-02,1.69032989e-02,1.85515493e-02,1.95991841e-02,2.01120521e-02,2.01885811e-02,2.00012085e-02,1.96269402e-02,1.91639261e-02,1.86835320e-02,1.82432480e-02,1.79135689e-02,1.77931703e-02,1.79757258e-02,1.85586090e-02,1.96325024e-02,2.12343849e-02,2.33523696e-02,2.59271198e-02,2.88584388e-02,3.20134598e-02,3.52337471e-02,3.83414951e-02
-3.79321356e-02,-3.83226897e-02,-3.89302460e-02,-3.97597696e-02,-4.08358134e-02,-4.21637397e-02,-4.36988007e-02,-4.53498560e-02,-4.70161564e-02,-4.86246960e-02,-5.01373284e-02,-5.15267450e-02,-5.27460473e-02,-5.37182912e-02,-5.43538466e-02,-5.46055194e-02,-5.45352354e-02,-5.39867892e-02,-5.30199289e-02,-5.16726484e-02,-4.99909169e-02,-4.80263865e-02,-4.58370619e-02,-4.34870038e-02,-4.10449904e-02,-3.85832894e-02,-3.61769462e-02,-3.39017630e-02,-3.18277298e-02,-3.00071805e-02,-2.84633075e-02,-2.71891834e-02,-2.61635546e-02,-2.53786861e-02,-2.48647564e-02,-2.46697408e-02,-2.48450883e-02,-2.55292269e-02,-2.67467121e-02,-2.84511382e-02,-3.05071504e-02,-3.27280966e-02,-3.49515400e-02,-3.71023005e-02,-3.91961146e-02,-4.12813018e-02,-4.33559306e-02,-4.53148496e-02,-4.69693815e-02,-4.81311971e-02,-4.87067569e-02,-4.87961282e-02,-4.83753346e-02,-4.75650847e-02,-4.65021768e-02,-4.52820040e-02,-4.39693808e-02,-4.26197897e-02,-4.12983393e-02,-4.00867187e-02,-3.90745825e-02,-3.83393186e-02,-3.79223888e-02,-3.77971362e-02
-2.89464745e-02,-2.76693924e-02,-2.61958308e-02,-2.46567902e-02,-2.31474483e-02,-2.17057808e-02,-2.03116925e-02,-1.89109911e-02,-1.74576203e-02,-1.59555231e-02,-1.44779721e-02,-1.31550644e-02,-1.21390261e-02,-1.15655279e-02,-1.14810856e-02,-1.19446758e-02,-1.29249177e-02,-1.43524629e-02,-1.61339844e-02,-1.81569974e-02,-2.02936973e-02,-2.24142638e-02,-2.44133622e-02,-2.62348245e-02,-2.78706789e-02,-2.93276457e-02,-3.05824603e-02,-3.15619845e-02,-3.21727550e-02,-3.23853290e-02,-3.22344117e-02,-3.17490533e-02,-3.11057237e-02,-3.04778104e-02,-3.00123131e-02,-2.98039070e-02,-2.98494258e-02,-3.02203228e-02,-3.08372250e-02,-3.15768027e-02,-3.22795485e-02,-3.27979582e-02,-3.30399831e-02,-3.30329394e-02,-3.27056636e-02,-3.20989455e-02,-3.12469507e-02,-3.02107758e-02,-2.90921415e-02,-2.80277372e-02,-2.71607442e-02,-2.66000923e-02,-2.63780824e-02,-2.64344734e-02,-2.67460978e-02,-2.72070678e-02,-2.77553976e-02,-2.83676072e-02,-2.90273370e-02,-2.96803270e-02,-3.02096595e-02,-3.04700634e-02,-3.04161212e-02,-2.98939557e-02
-4.03047884e-02,-4.18108821e-02,-4.35584144e-02,-4.54376126e-02,-4.73164595e-02,-4.90548110e-02,-5.05225795e-02,-5.16161076e-02,-5.22696823e-02,-5.24948085e-02,-5.23484481e-02,-5.17058567e-02,-5.06368662e-02,-4.91895553e-02,-4.74262191e-02,-4.54136037e-02,-4.32088271e-02,-4.08494715e-02,-3.83524301e-02,-3.57204589e-02,-3.29522516e-02,-3.00527157e-02,-2.70424230e-02,-2.39658310e-02,-2.08965202e-02,-1.79365353e-02,-1.52076513e-02,-1.28344577e-02,-1.09211729e-02,-9.52586541e-03,-8.63808223e-03,-8.16832694e-03,-7.95903737e-03,-7.82264948e-03,-7.57203108e-03,-7.05680596e-03,-6.19605500e-03,-4.98904416e-03,-3.51645908e-03,-1.93573030e-03,-4.69647459e-04,6.15089153e-04,1.04324223e-03,5.91634561e-04,-8.59518130e-04,-3.28654699e-03,-6.52144834e-03,-1.03163474e-02,-1.44172412e-02,-1.86042365e-02,-2.26878070e-02,-2.64896663e-02,-2.98413224e-02,-3.26073660e-02,-3.47141620e-02,-3.61638390e-02,-3.70305268e-02,-3.74455121e-02,-3.75737221e-02,-3.75820208e-02,-3.76079636e-02,-3.78033125e-02,-3.82867842e-02,-3.91176309e-02
-3.19904587e-02,-3.30052850e-02,-3.33298462e-02,-3.31240847e-02,-3.24002422e-02,-3.12732998e-02,-2.98436644e-02,-2.82281618e-02,-2.65563237e-02,-2.49543885e-02,-2.35299073e-02,-2.23615044e-02,-2.14929468e-02,-2.09322886e-02,-2.06598750e-02,-2.06220673e-02,-2.08323395e-02,-2.13135471e-02,-2.21266577e-02,-2.33456927e-02,-2.50204427e-02,-2.71517863e-02,-2.96910593e-02,-3.25545840e-02,-3.56340992e-02,-3.87952105e-02,-4.18760171e-02,-4.47027061e-02,-4.71213660e-02,-4.90260696e-02,-5.03651482e-02,-5.11320461e-02,-5.13905802e-02,-5.12341325e-02,-5.05542257e-02,-4.94443270e-02,-4.79594104e-02,-4.61541701e-02,-4.40777457e-02,-4.17698560e-02,-3.92609944e-02,-3.65749292e-02,-3.37316618e-02,-3.07511522e-02,-2.76592818e-02,-2.44955988e-02,-2.13192183e-02,-1.82085321e-02,-1.52534675e-02,-1.25434574e-02,-1.01566338e-02,-8.15492271e-03,-6.58738806e-03,-5.50282486e-03,-4.96955884e-03,-5.06259884e-03,-5.95575558e-03,-7.80864568e-03,-1.07171551e-02,-1.45783182e-02,-1.90043017e-02,-2.34023794e-02,-2.72088821e-02,-3.00932177e-02
3.69459468e-02,3.81837189e-02,3.93148245e-02,4.04509353e-02,4.16342157e-02,4.28325317e-02,4.39738094e-02,4.50055428e-02,4.59450495e-02,4.68853090e-02,4.79550693e-02,4.92636772e-02,5.08528353e-02,5.26716050e-02,5.45834629e-02,5.63955947e-02,5.78939561e-02,5.88740319e-02,5.90845894e-02,5.86843350e-02,5.75145559e-02,5.55269193e-02,5.28385660e-02,4.96733497e-02,4.63400305e-02,4.31747456e-02,4.04508568e-02,3.83016969e-02,3.66943490e-02,3.54560474e-02,3.43360115e-02,3.30799101e-02,3.14982632e-02,2.95340114e-02,2.72953404e-02,2.50014395e-02,2.28639795e-02,2.09986370e-02,1.94263480e-02,1.81299338e-02,1.70966097e-02,1.63152136e-02,1.57461876e-02,1.53007321e-02,1.48517516e-02,1.42701259e-02,1.34696054e-02,1.24544664e-02,1.13439327e-02,1.03484434e-02,9.70302810e-03,9.59783175e-03,1.00775492e-02,1.11703053e-02,1.28144645e-02,1.49182265e-02,1.73855942e-02,2.01191539e-02,2.30127006e-02,2.59438196e-02,2.87750145e-02,3.13682131e-02,3.36127702e-02,3.54598479e-02
-3.64002604e-02,-3.41278810e-02,-3.13418844e-02,-2.82014882e-02,-2.48627335e-02,-2.14648055e-02,-1.81292085e-02,-1.49669595e-02,-1.20858583e-02,-9.59140497e-03,-7.57980380e-03,-6.12623479e-03,-5.27263620e-03,-5.00544215e-03,-5.27184840e-03,-5.97111817e-03,-6.96822734e-03,-8.13961389e-03,-9.39945714e-03,-1.07003489e-02,-1.20151622e-02,-1.33251005e-02,-1.46285668e-02,-1.59587795e-02,-1.73849583e-02,-1.89834100e-02,-2.07872436e-02,-2.27440001e-02,-2.47146951e-02,-2.65215860e-02,-2.80122232e-02,-2.90957652e-02,-2.97387010e-02,-2.99637061e-02,-2.98077318e-02,-2.91996109e-02,-2.81578514e-02,-2.67053878e-02,-2.48993712e-02,-2.28379997e-02,-2.06520793e-02,-1.84864381e-02,-1.64777442e-02,-1.47349465e-02,-1.33261390e-02,-1.22732267e-02,-1.15562787e-02,-1.11322147e-02,-1.09644459e-02,-1.10530110e-02,-1.15138201e-02,-1.25268082e-02,-1.43025383e-02,-1.69673694e-02,-2.04426842e-02,-2.44055296e-02,-2.83908799e-02,-3.19732789e-02,-3.48886523e-02,-3.70323395e-02,-3.83827055e-02,-3.89504364e-02,-3.89002627e-02,-3.80212070e-02
-4.84574965e-02,-4.86485860e-02,-4.86212932e-02,-4.81974839e-02,-4.73009015e-02,-4.58989326e-02,-4.40125398e-02,-4.17025034e-02,-3.90521761e-02,-3.61551994e-02,-3.31100426e-02,-3.00181205e-02,-2.69808103e-02,-2.40922795e-02,-2.14285750e-02,-1.90367292e-02,-1.69281071e-02,-1.50772483e-02,-1.34243174e-02,-1.18804119e-02,-1.03395901e-02,-8.70234877e-03,-6.90706742e-03,-4.95521038e-03,-2.91691016e-03,-9.15799499e-04,8.98713014e-04,2.38155110e-03,3.42155225e-03,3.95443740e-03,3.95602431e-03,3.45064927e-03,2.42021693e-03,8.61762585e-04,-1.22426857e-03,-3.80070775e-03,-6.78489178e-03,-1.00756335e-02,-1.35936636e-02,-1.72862495e-02,-2.10856921e-02,-2.48677732e-02,-2.84618851e-02,-3.17094458e-02,-3.45174524e-02,-3.68667019e-02,-3.87815478e-02,-4.02933791e-02,-4.14219373e-02,-4.21790903e-02,-4.25878487e-02,-4.27138692e-02,-4.26320094e-02,-4.24158656e-02,-4.22260444e-02,-4.21726910e-02,-4.23633057e-02,-4.28936747e-02,-4.37196195e-02,-4.47213338e-02,-4.57469336e-02,-4.66744461e-02,-4.74441944e-02,-4.80427972e-02
3.47595650e-02,3.75327386e-02,4.00784313e-02,4.23726042e-02,4.43615017e-02,4.59575539e-02,4.70511483e-02,4.75278940e-02,4.74071462e-02,4.67995034e-02,4.57351263e-02,4.44406943e-02,4.32081128e-02,4.23235586e-02,4.20421000e-02,4.23406836e-02,4.32560390e-02,4.47697078e-02,4.67259689e-02,4.89126879e-02,5.10855033e-02,5.29815942e-02,5.43311891e-02,5.48280761e-02,5.44958585e-02,5.32881897e-02,5.11165466e-02,4.81242456e-02,4.45125723e-02,4.04352696e-02,3.59578149e-02,3.10939646e-02,2.58946515e-02,2.05292259e-02,1.52938640e-02,1.05264343e-02,6.48589694e-03,3.28477269e-03,9.06003129e-04,-7.33508247e-04,-1.72395293e-03,-2.13998125e-03,-2.05240264e-03,-1.52823062e-03,-6.68070487e-04,4.07100640e-04,1.57168094e-03,2.71615797e-03,3.76044731e-03,4.65914793e-03,5.40201452e-03,6.01578518e-03,6.56994603e-03,7.17993617e-03,7.99599181e-03,9.17238890e-03,1.08245870e-02,1.29950373e-02,1.56448177e-02,1.86701333e-02,2.19311995e-02,2.52818311e-02,2.85935705e-02,3.17715331e-02
1.32696641e-02,1.55671752e-02,1.76876741e-02,1.95729540e-02,2.11180367e-02,2.21823641e-02,2.26095926e-02,2.23194658e-02,2.12671018e-02,1.93867289e-02,1.67232484e-02,1.33550935e-02,9.39665925e-03,5.04537887e-03,6.14103930e-04,-3.53283805e-03,-7.13362485e-03,-1.01309105e-02,-1.26361597e-02,-1.48302222e-02,-1.68781137e-02,-1.88928576e-02,-2.09377349e-02,-2.30363836e-02,-2.51692081e-02,-2.72628850e-02,-2.92001196e-02,-3.08655165e-02,-3.22082543e-02,-3.32814432e-02,-3.42369266e-02,-3.52918535e-02,-3.66832037e-02,-3.86025414e-02,-4.11286567e-02,-4.41834964e-02,-4.75235882e-02,-5.07767126e-02,-5.35244669e-02,-5.54091554e-02,-5.62438755e-02,-5.62448321e-02,-5.51153082e-02,-5.30746772e-02,-5.03526716e-02,-4.71774239e-02,-4.37493345e-02,-4.02255547e-02,-3.67113697e-02,-3.32608415e-02,-2.98869717e-02,-2.65781658e-02,-2.33147017e-02,-2.00789914e-02,-1.68576664e-02,-1.36392082e-02,-1.04134798e-02,-7.17689230e-03,-3.94108617e-03,-7.38480639e-04,2.38136171e-03,5.36594578e-03,8.17902921e-03,1.08102759e-02
-6.40602230e-03,-5.56398031e-03,-4.95954664e-03,-4.49171594e-03,-4.00420302e-03,-3.30864155e-03,-2.23586832e-03,-6.85351738e-04,1.35602984e-03,3.82629842e-03,6.62127516e-03,9.62187829e-03,1.27126674e-02,1.57904993e-02,1.87672422e-02,2.15712464e-02,2.41506204e-02,2.64781477e-02,2.85540095e-02,3.04002459e-02,3.20423940e-02,3.34791564e-02,3.46465112e-02,3.53829060e-02,3.53503484e-02,3.44726855e-02,3.22909807e-02,2.86303795e-02,2.36536337e-02,1.79145750e-02,1.21766063e-02,7.07669476e-03,2.92162018e-03,-2.67134384e-04,-2.60265080e-03,-4.23305449e-03,-5.31773638e-03,-6.03662728e-03,-6.59123548e-03,-7.18768912e-03,-8.00731139e-03,-9.17193799e-03,-1.07257334e-02,-1.26468156e-02,-1.48838299e-02,-1.73923656e-02,-2.01370913e-02,-2.30447607e-02,-2.59370456e-02,-2.85094858e-02,-3.04036598e-02,-3.13477024e-02,-3.14121152e-02,-3.04493345e-02,-2.86719442e-02,-2.63158775e-02,-2.36121808e-02,-2.07637734e-02,-1.79395707e-02,-1.52731337e-02,-1.28600699e-02,-1.07564019e-02,-8.98303060e-03,-7.53749796e-03
-1.75857655e-02,-1.87492956e-02,-1.96487808e-02,-2.01401187e-02,-2.01953456e-02,-1.97429693e-02,-1.88503474e-02,-1.76380328e-02,-1.62623349e-02,-1.48985206e-02,-1.37203283e-02,-1.28710340e-02,-1.24283489e-02,-1.23551334e-02,-1.25849327e-02,-1.29547336e-02,-1.32856838e-02,-1.34280559e-02,-1.32775769e-02,-1.27350726e-02,-1.17889978e-02,-1.04883698e-02,-8.92910744e-03,-7.22230884e-03,-5.45873258e-03,-3.68567390e-03,-1.90680486e-03,-1.04668802e-04,1.72684082e-03,3.55882110e-03,5.32662007e-03,6.94862349e-03,8.35174244e-03,9.48906092e-03,1.03405595e-02,1.08972627e-02,1.11374685e-02,1.10171591e-02,1.04801121e-02,9.42417901e-03,7.79206790e-03,5.60441260e-03,3.01762348e-03,3.46735864e-04,-1.99402729e-03,-3.63333253e-03,-4.37878828e-03,-4.27385803e-03,-3.47174535e-03,-2.25571913e-03,-9.40498243e-04,1.62497245e-04,7.73094934e-04,6.83450807e-04,-1.88568464e-04,-1.78410176e-03,-3.88293300e-03,-6.18460483e-03,-8.41327006e-03,-1.04012348e-02,-1.21110703e-02,-1.36026855e-02,-1.49740810e-02,-1.63001761e-02
-1.19129757e-02,-1.24269725e-02,-1.33263977e-02,-1.46128398e-02,-1.62231726e-02,-1.80371439e-02,-1.98933928e-02,-2.16133899e-02,-2.30254695e-02,-2.39788224e-02,-2.43753249e-02,-2.42200182e-02,-2.33727579e-02,-2.18877983e-02,-1.98550984e-02,-1.74101039e-02,-1.47118893e-02,-1.19145015e-02,-9.14041056e-03,-6.46180637e-03,-3.89416339e-03,-1.40429669e-03,1.06827527e-03,3.58158398e-03,6.15804531e-03,8.76088952e-03,1.12847432e-02,1.35666019e-02,1.54202513e-02,1.66915876e-02,1.73210988e-02,1.73720133e-02,1.70834524e-02,1.66210309e-02,1.61946711e-02,1.59316270e-02,1.58812701e-02,1.60085716e-02,1.62827140e-02,1.66190573e-02,1.68890046e-02,1.69273715e-02,1.66224927e-02,1.58531736e-02,1.46068633e-02,1.29789324e-02,1.11310467e-02,9.21507747e-03,7.30511615e-03,5.38210483e-03,3.37756697e-03,1.24404809e-03,-9.93319816e-04,-3.23393945e-03,-5.34758022e-03,-7.22422136e-03,-8.79639583e-03,-1.00323174e-02,-1.09214458e-02,-1.14721340e-02,-1.17242261e-02,-1.17700251e-02,-1.17203346e-02,-1.17184049e-02
1.70899095e-02,1.78262789e-02,1.78515798e-02,1.70624893e-02,1.51938407e-02,1.22505861e-02,8.48611788e-03,4.37489956e-03,4.70001446e-04,-2.77393400e-03,-5.10749461e-03,-6.48992787e-03,-7.03681508e-03,-6.97000527e-03,-6.50683406e-03,-5.87799760e-03,-5.24434951e-03,-4.68141682e-03,-4.18982886e-03,-3.72658093e-03,-3.23728827e-03,-2.67352433e-03,-1.99572357e-03,-1.17445512e-03,-1.98107547e-04,9.19374941e-04,2.14290947e-03,3.43613064e-03,4.78449845e-03,6.20700114e-03,7.74825642e-03,9.45538357e-03,1.13525091e-02,1.34256230e-02,1.56241883e-02,1.78776746e-02,2.01180268e-02,2.22958909e-02,2.43821229e-02,2.63561364e-02,2.81921518e-02,2.98554912e-02,3.13127332e-02,3.25479005e-02,3.35699685e-02,3.44007905e-02,3.50456719e-02,3.54591563e-02,3.54900541e-02,3.51135959e-02,3.40933190e-02,3.22867137e-02,2.96639438e-02,2.63523898e-02,2.26589565e-02,1.90278348e-02,1.59227063e-02,1.36816446e-02,1.24339517e-02,1.21228638e-02,1.25141195e-02,1.34270062e-02,1.46467181e-02,1.59451715e-02
-1.50781559e-02,-1.87130878e-02,-2.31024704e-02,-2.77895693e-02,-3.20835562e-02,-3.53640836e-02,-3.73181722e-02,-3.80141942e-02,-3.77599515e-02,-3.65627258e-02,-3.47833013e-02,-3.26647398e-02,-3.03947270e-02,-2.81186848e-02,-2.59493960e-02,-2.39757547e-02,-2.22685906e-02,-2.08812151e-02,-1.98443565e-02,-1.91587692e-02,-1.87905968e-02,-1.86694123e-02,-1.87080681e-02,-1.88086592e-02,-1.88633853e-02,-1.87931124e-02,-1.85140762e-02,-1.79981799e-02,-1.72528473e-02,-1.63176914e-02,-1.52564212e-02,-1.41485500e-02,-1.30815854e-02,-1.21428979e-02,-1.14115163e-02,-1.09526323e-02,-1.08037092e-02,-1.10024124e-02,-1.15975987e-02,-1.26122251e-02,-1.40320682e-02,-1.57751974e-02,-1.76858071e-02,-1.95586468e-02,-2.11742111e-02,-2.23236987e-02,-2.28453818e-02,-2.27468856e-02,-2.18701401e-02,-2.03201398e-02,-1.82532649e-02,-1.58779044e-02,-1.34222375e-02,-1.11050325e-02,-9.11266100e-03,-7.58108598e-03,-6.58455983e-03,-6.13512048e-03,-6.17211718e-03,-6.65053642e-03,-7.49669499e-03,-8.67697575e-03,-1.02319813e-02,-1.22987189e-02
-3.16369813e-02,-3.40276865e-02,-3.54370121e-02,-3.61264996e-02,-3.63643819e-02,-3.63788305e-02,-3.62341419e-02,-3.59869371e-02,-3.56255391e-02,-3.51171541e-02,-3.44260758e-02,-3.35160618e-02,-3.23482026e-02,-3.08840323e-02,-2.90953452e-02,-2.69754053e-02,-2.45450038e-02,-2.18505926e-02,-1.89566817e-02,-1.59368939e-02,-1.28668825e-02,-9.82013019e-03,-6.86667598e-03,-4.07460402e-03,-1.51272704e-03,7.49672370e-04,2.64955244e-03,4.14633956e-03,5.23329018e-03,5.93743207e-03,6.30544392e-03,6.38260053e-03,6.21263627e-03,5.81080709e-03,5.21299011e-03,4.49952427e-03,3.80102973e-03,3.26604107e-03,3.00466377e-03,3.05283302e-03,3.37781320e-03,3.93650093e-03,4.69322774e-03,5.63870396e-03,6.77472666e-03,8.08840231e-03,9.52919984e-03,1.09960157e-02,1.23368366e-02,1.33623997e-02,1.38733245e-02,1.37092556e-02,1.28398478e-02,1.12294097e-02,8.98682556e-03,6.25937250e-03,3.16318218e-03,-2.69605382e-04,-4.10095519e-03,-8.43326695e-03,-1.32916814e-02,-1.84944091e-02,-2.36160763e-02,-2.81282571e-02
1.60828003e-02,1.58472201e-02,1.58795269e-02,1.62081088e-02,1.68750935e-02,1.78267836e-02,1.89595363e-02,2.01516384e-02,2.12941892e-02,2.23127382e-02,2.31764723e-02,2.38945619e-02,2.45008025e-02,2.50309397e-02,2.55002842e-02,2.58880967e-02,2.61306168e-02,2.61109838e-02,2.57787339e-02,2.49691515e-02,2.35795651e-02,2.15773731e-02,1.90584110e-02,1.62920197e-02,1.36903647e-02,1.16777562e-02,1.05341698e-02,1.03290359e-02,1.08740868e-02,1.20127491e-02,1.35270404e-02,1.52359506e-02,1.70180949e-02,1.87984161e-02,2.05287207e-02,2.21740038e-02,2.37094812e-02,2.51240032e-02,2.64200961e-02,2.76036823e-02,2.86656719e-02,2.95658452e-02,3.02312115e-02,3.05753428e-02,3.05345446e-02,3.01685918e-02,2.94790785e-02,2.85797528e-02,2.75974492e-02,2.66221980e-02,2.56838281e-02,2.47624043e-02,2.38227561e-02,2.28520995e-02,2.18801162e-02,2.09681657e-02,2.01728756e-02,1.95114353e-02,1.89557656e-02,1.84556410e-02,1.79673917e-02,1.74695739e-02,1.69657078e-02,1.64843744e-02
-3.20022795e-02,-3.25407650e-02,-3.26129696e-02,-3.21319113e-02,-3.11049909e-02,-2.95775337e-02,-2.76260779e-02,-2.53610964e-02,-2.29154794e-02,-2.04191186e-02,-1.79683176e-02,-1.56026200e-02,-1.33001518e-02,-1.09950736e-02,-8.60915180e-03,-6.08102032e-03,-3.37967500e-03,-5.02247744e-04,2.53250548e-03,5.68428733e-03,8.88476889e-03,1.20303053e-02,1.49832673e-02,1.75857878e-02,1.96844770e-02,2.11592971e-02,2.19438554e-02,2.19992099e-02,2.14753441e-02,2.03135994e-02,1.85710862e-02,1.63191284e-02,1.36501058e-02,1.06871415e-02,7.57953291e-03,4.48696737e-03,1.55539701e-03,-1.10943855e-03,-3.45825894e-03,-5.49768707e-03,-7.27294617e-03,-8.84955103e-03,-1.02980561e-02,-1.16790424e-02,-1.30253792e-02,-1.43273254e-02,-1.55326906e-02,-1.65679644e-02,-1.73710687e-02,-1.79179722e-02,-1.82315487e-02,-1.83742804e-02,-1.84312434e-02,-1.84900578e-02,-1.86521984e-02,-1.90202705e-02,-1.96845467e-02,-2.07067695e-02,-2.20995497e-02,-2.38106506e-02,-2.57219178e-02,-2.76673318e-02,-2.94652766e-02,-3.09518889e-02
-4.20056973e-02,-4.26696462e-02,-4.29459482e-02,-4.28486200e-02,-4.22220665e-02,-4.11490655e-02,-3.97106310e-02,-3.79953576e-02,-3.60875797e-02,-3.40692896e-02,-3.20275944e-02,-3.00594606e-02,-2.82692941e-02,-2.67586769e-02,-2.56101576e-02,-2.48687121e-02,-2.45238778e-02,-2.44772046e-02,-2.46659862e-02,-2.49417196e-02,-2.51819435e-02,-2.53172502e-02,-2.53454671e-02,-2.52770828e-02,-2.51408414e-02,-2.49358311e-02,-2.46152655e-02,-2.41002873e-02,-2.33194738e-02,-2.22521386e-02,-2.09490596e-02,-1.95248855e-02,-1.81336634e-02,-1.69408352e-02,-1.60970509e-02,-1.57057784e-02,-1.57434149e-02,-1.62179064e-02,-1.69702216e-02,-1.78238639e-02,-1.86319432e-02,-1.93103190e-02,-1.98346806e-02,-2.02164814e-02,-2.04820719e-02,-2.06692253e-02,-2.08375904e-02,-2.10850161e-02,-2.15555602e-02,-2.24067205e-02,-2.37422039e-02,-2.55423288e-02,-2.76390749e-02,-2.97706307e-02,-3.16931072e-02,-3.32746854e-02,-3.45156566e-02,-3.55043120e-02,-3.63570629e-02,-3.71781949e-02,-3.80435180e-02,-3.89939256e-02,-4.00246152e-02,-4.10706315e-02
7.87987080e-03,9.12799110e-03,9.98371841e-03,1.05612194e-02,1.10141450e-02,1.14858511e-02,1.20813378e-02,1.28643041e-02,1.38658839e-02,1.50914540e-02,1.65164721e-02,1.80751660e-02,1.96530544e-02,2.10919035e-02,2.22100710e-02,2.28366385e-02,2.28329734e-02,2.23025094e-02,2.12563179e-02,1.99142037e-02,1.85309808e-02,1.73011750e-02,1.62970196e-02,1.54686916e-02,1.46975835e-02,1.38657349e-02,1.29087123e-02,1.18376426e-02,1.07240274e-02,9.65937896e-03,8.71937069e-03,7.95349285e-03,7.39635207e-03,7.08207735e-03,7.04962476e-03,7.30897516e-03,7.87717637e-03,8.71761113e-03,9.74499226e-03,1.08213214e-02,1.17576165e-02,1.23233931e-02,1.22628187e-02,1.14609045e-02,9.75586122e-03,7.22589734e-03,4.14138457e-03,8.94989985e-04,-2.12639370e-03,-4.65234288e-03,-6.56896207e-03,-7.88518283e-03,-8.67338280e-03,-9.01187420e-03,-8.97614758e-03,-8.54435786e-03,-7.70480917e-03,-6.44275643e-03,-4.77216631e-03,-2.75149846e-03,-4.86857652e-04,1.87450514e-03,4.16080567e-03,6.20534161e-03
-1.40588408e-02,-1.47123808e-02,-1.49766923e-02,-1.48861009e-02,-1.44476339e-02,-1.37469046e-02,-1.29202830e-02,-1.21791287e-02,-1.17845455e-02,-1.19280631e-02,-1.28109884e-02,-1.43798434e-02,-1.63970204e-02,-1.85236897e-02,-2.04600603e-02,-2.20419983e-02,-2.32451087e-02,-2.41241677e-02,-2.47437446e-02,-2.51372065e-02,-2.53083537e-02,-2.52884375e-02,-2.50402947e-02,-2.46122449e-02,-2.40598351e-02,-2.34417802e-02,-2.28081824e-02,-2.21957362e-02,-2.16263250e-02,-2.11033396e-02,-2.06056450e-02,-2.00854375e-02,-1.94764704e-02,-1.87142394e-02,-1.77611004e-02,-1.66236691e-02,-1.53556610e-02,-1.40484009e-02,-1.28153702e-02,-1.17762588e-02,-1.10421311e-02,-1.06956382e-02,-1.07342389e-02,-1.11529350e-02,-1.18110505e-02,-1.25142802e-02,-1.30686021e-02,-1.33419932e-02,-1.33270390e-02,-1.30129627e-02,-1.24829344e-02,-1.18180502e-02,-1.10857426e-02,-1.03376591e-02,-9.61821728e-03,-8.97805680e-03,-8.48541504e-03,-8.22677956e-03,-8.26300246e-03,-8.67748275e-03,-9.47041198e-03,-1.05710403e-02,-1.18317029e-02,-1.30566821e-02
-1.26785731e-03,8.14324265e-04,2.45493554e-03,3.28257480e-03,2.99640389e-03,1.47973229e-03,-1.17875401e-03,-4.52636731e-03,-7.89595359e-03,-1.06565943e-02,-1.24352010e-02,-1.31731751e-02,-1.30799553e-02,-1.23212513e-02,-1.11660713e-02,-9.81301386e-03,-8.38005251e-03,-6.89973848e-03,-5.33032896e-03,-3.58772947e-03,-1.59479200e-03,6.70135471e-04,3.14687981e-03,5.70189357e-03,8.16088453e-03,1.03498888e-02,1.21356088e-02,1.34589596e-02,1.43559367e-02,1.49562458e-02,1.54494158e-02,1.60255791e-02,1.68276157e-02,1.79206598e-02,1.92841352e-02,2.08310773e-02,2.24396290e-02,2.39841911e-02,2.53624550e-02,2.65162877e-02,2.74400886e-02,2.81686849e-02,2.87462035e-02,2.91910912e-02,2.94728123e-02,2.94882797e-02,2.92063390e-02,2.84586829e-02,2.71352434e-02,2.51915724e-02,2.26768500e-02,1.97223562e-02,1.64724459e-02,1.30118922e-02,9.36749618e-03,5.59221625e-03,1.85568028e-03,-1.54506758e-03,-4.26429310e-03,-6.03347871e-03,-6.73925775e-03,-6.43467640e-03,-5.23637745e-03,-3.40606753e-03
3.01718868e-02,2.92568035e-02,2.75883096e-02,2.52323178e-02,2.23224987e-02,1.89839610e-02,1.52982345e-02,1.13353426e-02,7.21544303e-03,3.13460827e-03,-6.75305906e-04,-4.01562562e-03,-6.76454746e-03,-8.86275031e-03,-1.02857420e-02,-1.10403460e-02,-1.12128120e-02,-1.08992266e-02,-1.02945284e-02,-9.64920595e-03,-9.21307683e-03,-9.13947408e-03,-9.50062637e-03,-1.01978297e-02,-1.10400560e-02,-1.18519852e-02,-1.25517543e-02,-1.31511521e-02,-1.36977596e-02,-1.42117556e-02,-1.46580045e-02,-1.49635131e-02,-1.50691357e-02,-1.49395742e-02,-1.45583879e-02,-1.39544630e-02,-1.31623218e-02,-1.21998093e-02,-1.10504746e-02,-9.66063918e-03,-7.95682802e-03,-5.87811044e-03,-3.40746714e-03,-5.87393476e-04,2.48355913e-03,5.66827717e-03,8.81750286e-03,1.17912116e-02,1.44768444e-02,1.68018836e-02,1.87398732e-02,2.03090177e-02,2.15631973e-02,2.25773879e-02,2.34321590e-02,2.42025008e-02,2.49529373e-02,2.57357740e-02,2.65867414e-02,2.75143158e-02,2.84840166e-02,2.94039147e-02,3.01200554e-02,3.04256697e-02
3.68783561e-02,3.97552312e-02,4.22514062e-02,4.42798928e-02,4.58042183e-02,4.68351890e-02,4.74067584e-02,4.75131443e-02,4.72881759e-02,4.66751334e-02,4.56839500e-02,4.43978744e-02,4.29301957e-02,4.13769558e-02,3.97740435e-02,3.81012026e-02,3.63387032e-02,3.45377535e-02,3.28490333e-02,3.14732792e-02,3.05590631e-02,3.01232903e-02,3.00514509e-02,3.01318433e-02,3.02404064e-02,3.02652725e-02,3.02159059e-02,3.01326572e-02,3.00904979e-02,3.01100440e-02,3.01426941e-02,3.00679025e-02,2.97384474e-02,2.89451439e-02,2.74707462e-02,2.51140102e-02,2.17453303e-02,1.74100661e-02,1.24247488e-02,7.34495356e-03,2.75541100e-03,-9.67598024e-04,-3.72684338e-03,-5.61624633e-03,-6.78411673e-03,-7.34858553e-03,-7.40546612e-03,-6.95720986e-03,-6.02570557e-03,-4.64404802e-03,-2.86800355e-03,-7.70766513e-04,1.56957437e-03,4.08116107e-03,6.70694354e-03,9.40785744e-03,1.21652780e-02,1.49811354e-02,1.78735020e-02,2.08664441e-02,2.39755571e-02,2.71928570e-02,3.04754627e-02,3.37418974e-02
3.92793145e-02,4.03120612e-02,4.19059210e-02,4.38379061e-02,4.58927724e-02,4.78760752e-02,4.96232792e-02,5.10144599e-02,5.19901309e-02,5.25629737e-02,5.28198039e-02,5.29079548e-02,5.29783794e-02,5.31275962e-02,5.34244368e-02,5.38789362e-02,5.44333189e-02,5.49873089e-02,5.54307181e-02,5.56587865e-02,5.56047151e-02,5.52671167e-02,5.45343892e-02,5.33604606e-02,5.17494175e-02,4.97669815e-02,4.75360357e-02,4.52073017e-02,4.29225951e-02,4.07939836e-02,3.89052875e-02,3.73260607e-02,3.61271055e-02,3.53936129e-02,3.52612370e-02,3.56579407e-02,3.67058441e-02,3.84196659e-02,4.07270662e-02,4.35081815e-02,4.66108816e-02,4.98655919e-02,5.30990601e-02,5.61467378e-02,5.88650750e-02,6.11438910e-02,6.29165199e-02,6.41639259e-02,6.49090366e-02,6.51849472e-02,6.51146263e-02,6.47663259e-02,6.40819402e-02,6.30289418e-02,6.15402024e-02,5.95266018e-02,5.69248170e-02,5.37618913e-02,5.02123568e-02,4.66088514e-02,4.33733648e-02,4.08871456e-02,3.93797605e-02,3.89330385e-02
3.28166970e-02,2.91809022e-02,2.44498928e-02,1.89343612e-02,1.32115255e-02,7.95699466e-03,3.69689776e-03,6.68788051e-04,-1.13952426e-03,-1.87413952e-03,-1.73106470e-03,-8.85971930e-04,4.69492586e-04,2.12729736e-03,3.85527168e-03,5.40235312e-03,6.52313419e-03,7.02043771e-03,6.80697513e-03,5.94007490e-03,4.55570322e-03,2.87791442e-03,1.10916916e-03,-6.09302045e-04,-2.18897403e-03,-3.56682193e-03,-4.68290477e-03,-5.47094079e-03,-5.86260936e-03,-5.83664886e-03,-5.36164974e-03,-4.48794693e-03,-3.30315644e-03,-1.91690421e-03,-4.42670367e-04,1.01632358e-03,2.37771533e-03,3.58805380e-03,4.62444299e-03,5.48932943e-03,6.19948809e-03,6.77617273e-03,7.24508635e-03,7.64872854e-03,8.06174988e-03,8.59256805e-03,9.36385969e-03,1.04803326e-02,1.20017815e-02,1.39350645e-02,1.62412656e-02,1.88465561e-02,2.16506625e-02,2.45339447e-02,2.73661748e-02,3.00183644e-02,3.23763414e-02,3.43522835e-02,3.58884930e-02,3.69480893e-02,3.74908870e-02,3.74314375e-02,3.67915733e-02,3.53135097e-02
-9.19303332e-03,-8.77775019e-03,-7.98237591e-03,-6.97148153e-03,-5.93509653e-03,-5.05319703e-03,-4.46791645e-03,-4.26417145e-03,-4.48386334e-03,-5.14098846e-03,-6.22413397e-03,-7.71423728e-03,-9.58639889e-03,-1.18051018e-02,-1.43179072e-02,-1.70566884e-02,-1.99497833e-02,-2.29347755e-02,-2.59557715e-02,-2.89411175e-02,-3.17768747e-02,-3.42997897e-02,-3.63228943e-02,-3.76833951e-02,-3.82957711e-02,-3.83009866e-02,-3.75604101e-02,-3.62121013e-02,-3.43651417e-02,-3.21241079e-02,-2.95881560e-02,-2.68577338e-02,-2.40389878e-02,-2.12414750e-02,-1.85695739e-02,-1.61104233e-02,-1.39216097e-02,-1.20210847e-02,-1.03813712e-02,-8.93095383e-03,-7.56642281e-03,-6.17637588e-03,-4.67144640e-03,-3.00796886e-03,-1.19429727e-03,7.19627837e-04,2.65774114e-03,4.52888622e-03,6.22707535e-03,7.62872241e-03,8.59690168e-03,8.99919320e-03,8.75711820e-03,7.87099550e-03,6.39141715e-03,4.47093678e-03,2.29255844e-03,2.79980851e-05,-2.18339171e-03,-4.23454395e-03,-6.03709550e-03,-7.50657037e-03,-8.55838882e-03,-9.11992785e-03
5.21226747e-03,6.14821380e-03,6.88129046e-03,7.41091748e-03,7.84440834e-03,8.36347780e-03,9.16411162e-03,1.03954365e-02,1.21135639e-02,1.42710078e-02,1.67344305e-02,1.93114241e-02,2.17750155e-02,2.38859092e-02,2.54189974e-02,2.62002032e-02,2.61429478e-02,2.54199289e-02,2.40784432e-02,2.23826734e-02,2.06052619e-02,1.89364753e-02,1.74377255e-02,1.60558996e-02,1.46896937e-02,1.32732177e-02,1.18364090e-02,1.05108695e-02,9.47884689e-03,8.90568379e-03,8.90956705e-03,9.48709560e-03,1.06860660e-02,1.24670180e-02,1.47608623e-02,1.74704877e-02,2.04809523e-02,2.36752726e-02,2.69498347e-02,3.02237318e-02,3.34385442e-02,3.65488580e-02,3.95078282e-02,4.22539099e-02,4.47029916e-02,4.67455888e-02,4.82444972e-02,4.90282983e-02,4.89145023e-02,4.79463865e-02,4.57810874e-02,4.22769799e-02,3.74372816e-02,3.14844339e-02,2.49154778e-02,1.84337569e-02,1.27310316e-02,8.25668765e-03,5.14627814e-03,3.30820663e-03,2.54122403e-03,2.60363367e-03,3.23016709e-03,4.17819639e-03
2.36018509e-02,2.32380992e-02,2.31314245e-02,2.32197080e-02,2.33955417e-02,2.35003203e-02,2.34035273e-02,2.30523493e-02,2.24264508e-02,2.15720416e-02,2.05559218e-02,1.94311163e-02,1.82116641e-02,1.68641441e-02,1.53260268e-02,1.35538247e-02,1.15840577e-02,9.56543711e-03,7.71994960e-03,6.24019983e-03,5.19219794e-03,4.48891020e-03,3.93559070e-03,3.30119578e-03,2.36837599e-03,9.47703704e-04,-1.13457036e-03,-4.04754149e-03,-7.91529702e-03,-1.26885288e-02,-1.79963115e-02,-2.31590086e-02,-2.74555574e-02,-3.04467007e-02,-3.20913528e-02,-3.26590252e-02,-3.25582186e-02,-3.20233019e-02,-3.13608628e-02,-3.06938896e-02,-2.99975819e-02,-2.91416024e-02,-2.79544102e-02,-2.62998800e-02,-2.41266609e-02,-2.14701200e-02,-1.84239883e-02,-1.51051795e-02,-1.16256740e-02,-8.07571222e-03,-4.51763207e-03,-9.88171144e-04,2.49330371e-03,5.91343426e-03,9.25343442e-03,1.24790742e-02,1.55322047e-02,1.83242877e-02,2.07360282e-02,2.26307347e-02,2.38887302e-02,2.44635553e-02,2.44441028e-02,2.40902761e-02
2.81126280e-02,2.74414977e-02,2.66608465e-02,2.60452365e-02,2.58838367e-02,2.62887560e-02,2.74008832e-02,2.92607036e-02,3.17997076e-02,3.48839485e-02,3.83377011e-02,4.19645942e-02,4.55657223e-02,4.89541847e-02,5.19669650e-02,5.44765564e-02,5.64057988e-02,5.77475526e-02,5.85825820e-02,5.90748462e-02,5.94164965e-02,5.97524897e-02,6.01475261e-02,6.05664294e-02,6.08701040e-02,6.08382426e-02,6.04522622e-02,5.95550307e-02,5.81634839e-02,5.64219002e-02,5.45398209e-02,5.27111049e-02,5.10460713e-02,4.95409407e-02,4.80883103e-02,4.65152079e-02,4.46277721e-02,4.22527875e-02,3.92737843e-02,3.56570158e-02,3.14715905e-02,2.69131003e-02,2.23153113e-02,1.81051077e-02,1.46856918e-02,1.23119744e-02,1.10414731e-02,1.07758789e-02,1.12564069e-02,1.23068621e-02,1.37217838e-02,1.53251442e-02,1.69898738e-02,1.86307447e-02,2.01954159e-02,2.16569589e-02,2.30087091e-02,2.42582495e-02,2.54155818e-02,2.64748186e-02,2.73964495e-02,2.81020861e-02,2.84914128e-02,2.84712488e-02
-5.14040265e-02,-5.36857603e-02,-5.50887983e-02,-5.57043117e-02,-5.57555881e-02,-5.51376735e-02,-5.39286131e-02,-5.22126961e-02,-5.00645977e-02,-4.75549633e-02,-4.47513495e-02,-4.17197862e-02,-3.85288739e-02,-3.52547992e-02,-3.19843222e-02,-2.88127558e-02,-2.58352531e-02,-2.31327395e-02,-2.07576917e-02,-1.87269813e-02,-1.70264020e-02,-1.56247417e-02,-1.44889663e-02,-1.35911788e-02,-1.29030929e-02,-1.23817331e-02,-1.19570264e-02,-1.15322181e-02,-1.10021127e-02,-1.02898760e-02,-9.38664573e-03,-8.37053259e-03,-7.39499423e-03,-6.64952651e-03,-6.29816509e-03,-6.40806440e-03,-6.96821961e-03,-7.83913545e-03,-8.84289185e-03,-9.83499525e-03,-1.07473508e-02,-1.15881930e-02,-1.24141416e-02,-1.32927845e-02,-1.42646241e-02,-1.53113190e-02,-1.63431273e-02,-1.72171857e-02,-1.77848840e-02,-1.79712486e-02,-1.77644023e-02,-1.72267964e-02,-1.65469867e-02,-1.59831292e-02,-1.57947300e-02,-1.62651955e-02,-1.77155646e-02,-2.03320858e-02,-2.41220963e-02,-2.88517145e-02,-3.40856990e-02,-3.93217063e-02,-4.41266504e-02,-4.82050605e-02
-3.24787092e-02,-3.77247427e-02,-4.30037382e-02,-4.79437045e-02,-5.21559712e-02,-5.53584449e-02,-5.74319672e-02,-5.84232662e-02,-5.86030728e-02,-5.79682199e-02,-5.66379019e-02,-5.48359977e-02,-5.27223357e-02,-5.03996099e-02,-4.79119458e-02,-4.52570758e-02,-4.24124321e-02,-3.93651004e-02,-3.61332000e-02,-3.27710035e-02,-2.93582427e-02,-2.59798847e-02,-2.27045242e-02,-1.95691228e-02,-1.65757457e-02,-1.37014267e-02,-1.09160791e-02,-8.19912797e-03,-5.54688507e-03,-2.96896806e-03,-4.78346040e-04,1.91814753e-03,4.22383335e-03,6.44888292e-03,8.60256324e-03,1.06854459e-02,1.26854309e-02,1.45803536e-02,1.63485084e-02,1.79851684e-02,1.95172569e-02,2.10037925e-02,2.25139146e-02,2.40871992e-02,2.56911788e-02,2.71915828e-02,2.83444964e-02,2.88048605e-02,2.83127389e-02,2.66340634e-02,2.35959088e-02,1.93834270e-02,1.44787331e-02,9.49596283e-03,4.93841306e-03,1.03457823e-03,-2.27319099e-03,-5.23534487e-03,-8.15935653e-03,-1.12978364e-02,-1.47871091e-02,-1.86575851e-02,-2.28976959e-02,-2.75066660e-02
-5.97843384e-03,-8.01093360e-03,-9.40549200e-03,-1.03621812e-02,-1.10027209e-02,-1.13615424e-02,-1.14448731e-02,-1.12373796e-02,-1.07607806e-02,-1.00669528e-02,-9.20924239e-03,-8.22428352e-03,-7.12508594e-03,-5.90342526e-03,-4.53763344e-03,-3.00378593e-03,-1.28738989e-03,6.09149631e-04,2.66552692e-03,4.84723683e-03,7.10773524e-03,9.38774395e-03,1.16157520e-02,1.37150433e-02,1.56187507e-02,1.72883690e-02,1.87272150e-02,1.99807562e-02,2.11205477e-02,2.22161483e-02,2.33054254e-02,2.43742634e-02,2.53539540e-02,2.61397369e-02,2.66252377e-02,2.67298445e-02,2.65219841e-02,2.60183627e-02,2.52953134e-02,2.44336609e-02,2.34787417e-02,2.24567545e-02,2.14137162e-02,2.04457412e-02,1.96937610e-02,1.92984622e-02,1.93433352e-02,1.97588955e-02,2.04896703e-02,2.13717947e-02,2.22347185e-02,2.29407405e-02,2.34031292e-02,2.35756644e-02,2.34468493e-02,2.29617780e-02,2.19726490e-02,2.02922310e-02,1.77286796e-02,1.41999826e-02,9.86365734e-03,5.15901304e-03,6.73482806e-04,-3.10651430e-03
3.99788363e-03,7.64891532e-03,1.09128739e-02,1.37387289e-02,1.61274979e-02,1.81279740e-02,1.98133814e-02,2.12432729e-02,2.24247651e-02,2.32870698e-02,2.36728346e-02,2.34029289e-02,2.23371886e-02,2.03199354e-02,1.74402118e-02,1.40368934e-02,1.06251195e-02,7.70741653e-03,5.59191170e-03,4.33519706e-03,3.80491786e-03,3.78376556e-03,4.03707073e-03,4.37480673e-03,4.61601464e-03,4.59401324e-03,4.17482279e-03,3.22165362e-03,1.65427464e-03,-5.45101192e-04,-3.30784287e-03,-6.46966517e-03,-9.79119852e-03,-1.30166928e-02,-1.59503506e-02,-1.85081753e-02,-2.07219568e-02,-2.27032656e-02,-2.45900519e-02,-2.64937258e-02,-2.84556843e-02,-3.04224915e-02,-3.22543544e-02,-3.37754384e-02,-3.48481122e-02,-3.54309506e-02,-3.56045434e-02,-3.54728644e-02,-3.51283921e-02,-3.46673784e-02,-3.41079315e-02,-3.34061453e-02,-3.24866342e-02,-3.12763420e-02,-2.97231044e-02,-2.77945099e-02,-2.54695382e-02,-2.27360981e-02,-1.95976484e-02,-1.60835019e-02,-1.22556053e-02,-8.20811979e-03,-4.06044822e-03,5.36812061e-05
1.96423037e-02,2.12747506e-02,2.29907177e-02,2.46488572e-02,2.60812224e-02,2.71234966e-02,2.76552224e-02,2.76319539e-02,2.71999035e-02,2.64199546e-02,2.54975214e-02,2.46314567e-02,2.39519890e-02,2.34908639e-02,2.31934842e-02,2.29669696e-02,2.27330877e-02,2.24519906e-02,2.21182726e-02,2.17350398e-02,2.12834266e-02,2.07121099e-02,1.99505873e-02,1.89345070e-02,1.76311433e-02,1.60580017e-02,1.42923555e-02,1.24693311e-02,1.07654953e-02,9.37125224e-03,8.46274598e-03,8.18311222e-03,8.59631459e-03,9.73282433e-03,1.15641545e-02,1.39904024e-02,1.68702919e-02,2.00391085e-02,2.33258962e-02,2.65666058e-02,2.96120778e-02,3.23314841e-02,3.46130967e-02,3.63646421e-02,3.75139449e-02,3.80079172e-02,3.78826617e-02,3.72344392e-02,3.60391857e-02,3.43859337e-02,3.23632069e-02,3.00324023e-02,2.74414725e-02,2.46719928e-02,2.18881159e-02,1.93373028e-02,1.72785281e-02,1.58799908e-02,1.51656677e-02,1.50532468e-02,1.53588105e-02,1.60207959e-02,1.69755377e-02,1.81913688e-02
-1.58110988e-02,-1.60297204e-02,-1.65977748e-02,-1.76472378e-02,-1.92704933e-02,-2.14912514e-02,-2.42292095e-02,-2.72716318e-02,-3.02869091e-02,-3.29063933e-02,-3.48414584e-02,-3.59639837e-02,-3.63423048e-02,-3.61269002e-02,-3.53318314e-02,-3.41214024e-02,-3.25826735e-02,-3.07569020e-02,-2.86588416e-02,-2.62938305e-02,-2.36701681e-02,-2.08066829e-02,-1.77380833e-02,-1.45202486e-02,-1.12343776e-02,-7.98585430e-03,-4.89388754e-03,-2.07224426e-03,3.92156115e-04,2.45061132e-03,4.08605753e-03,5.28629139e-03,6.01616311e-03,6.20830623e-03,5.81147073e-03,4.78462788e-03,3.17020072e-03,1.10831226e-03,-1.20421362e-03,-3.57295280e-03,-5.86175109e-03,-8.00619387e-03,-9.99198570e-03,-1.18078451e-02,-1.33945194e-02,-1.46233169e-02,-1.53340153e-02,-1.54724284e-02,-1.50093173e-02,-1.41028883e-02,-1.30289135e-02,-1.20965978e-02,-1.15646489e-02,-1.15175538e-02,-1.19747692e-02,-1.27575613e-02,-1.36416153e-02,-1.44459258e-02,-1.50756690e-02,-1.55078760e-02,-1.57559054e-02,-1.58499597e-02,-1.58399488e-02,-1.57944750e-02
-2.59964348e-02,-2.50428862e-02,-2.36287591e-02,-2.18603389e-02,-1.98160441e-02,-1.75541241e-02,-1.51229456e-02,-1.25684928e-02,-9.93600721e-03,-7.26745148e-03,-4.60001619e-03,-1.97016830e-03,5.76940535e-04,2.97756577e-03,5.14936920e-03,7.00561990e-03,8.48328302e-03,9.57689008e-03,1.03618134e-02,1.09894182e-02,1.16491733e-02,1.25200841e-02,1.37350888e-02,1.53625988e-02,1.74070911e-02,1.98190318e-02,2.25042289e-02,2.53314579e-02,2.81414514e-02,3.07587961e-02,3.30053037e-02,3.47120768e-02,3.57247946e-02,3.58370414e-02,3.51847900e-02,3.35284681e-02,3.08381889e-02,2.72546931e-02,2.31173996e-02,1.89447341e-02,1.52849048e-02,1.25120071e-02,1.07135300e-02,9.72618052e-03,9.25513360e-03,8.99406144e-03,8.70994296e-03,8.26719306e-03,7.61448692e-03,6.75031222e-03,5.67128230e-03,4.33672247e-03,2.66545386e-03,5.58365088e-04,-2.06681275e-03,-5.23517853e-03,-8.87501543e-03,-1.27889424e-02,-1.66671675e-02,-2.01595783e-02,-2.29743338e-02,-2.49433838e-02,-2.60313373e-02,-2.63500475e-02
3.87749329e-05,-2.20502764e-04,-5.21458557e-04,-7.40653092e-04,-8.09456054e-04,-7.27260308e-04,-5.44088807e-04,-3.31994102e-04,-1.65474475e-04,-1.10866823e-04,-2.09495505e-04,-4.45857927e-04,-7.17888667e-04,-8.44881472e-04,-6.28017001e-04,7.27822620e-05,1.28247577e-03,2.92138937e-03,4.85530217e-03,6.94579036e-03,9.08192038e-03,1.11899351e-02,1.32286783e-02,1.51793453e-02,1.70331562e-02,1.87758134e-02,2.03680444e-02,2.17266932e-02,2.27151987e-02,2.31481131e-02,2.28689733e-02,2.17785837e-02,1.97507184e-02,1.68330534e-02,1.32004654e-02,9.13949141e-03,5.01713764e-03,1.22334715e-03,-1.91105575e-03,-4.19020226e-03,-5.58812261e-03,-6.21951134e-03,-6.30956579e-03,-6.08075352e-03,-5.77706418e-03,-5.59293125e-03,-5.63325970e-03,-5.93862837e-03,-6.44985821e-03,-7.05452429e-03,-7.62220902e-03,-8.02929010e-03,-8.18111636e-03,-8.01429147e-03,-7.49480129e-03,-6.65971178e-03,-5.59522729e-03,-4.41380768e-03,-3.22783717e-03,-2.13223556e-03,-1.20034243e-03,-4.88626427e-04,-3.95817789e-05,1.27552503e-04
-1.00366290e-02,-1.03397756e-02,-1.01482898e-02,-9.60054797e-03,-8.89086841e-03,-8.21799783e-03,-7.77196950e-03,-7.69221846e-03,-8.10066054e-03,-9.01477090e-03,-1.03162793e-02,-1.17625738e-02,-1.30704980e-02,-1.40306543e-02,-1.45670562e-02,-1.47241878e-02,-1.45582504e-02,-1.40953964e-02,-1.33265341e-02,-1.22068713e-02,-1.06912284e-02,-8.76066991e-03,-6.43356267e-03,-3.76371691e-03,-8.30798462e-04,2.27290438e-03,5.45726172e-03,8.65017500e-03,1.18064755e-02,1.49110912e-02,1.79738745e-02,2.10168259e-02,2.40575177e-02,2.70947646e-02,3.01018813e-02,3.30286204e-02,3.58075437e-02,3.83582484e-02,4.05859510e-02,4.23771459e-02,4.35970444e-02,4.40808285e-02,4.38254820e-02,4.28195255e-02,4.09584294e-02,3.82965167e-02,3.49423916e-02,3.10365678e-02,2.67650053e-02,2.23837730e-02,1.82105044e-02,1.45510412e-02,1.15918184e-02,9.33375053e-03,7.60999994e-03,6.16347600e-03,4.73334914e-03,3.11753287e-03,1.20843087e-03,-9.88057408e-04,-3.34646938e-03,-5.64899059e-03,-7.64870368e-03,-9.14561626e-03
2.79569036e-02,2.79094156e-02,2.77105431e-02,2.73902259e-02,2.69860785e-02,2.65108798e-02,2.59530399e-02,2.52822004e-02,2.44582866e-02,2.34482817e-02,2.22511350e-02,2.09197262e-02,1.95611259e-02,1.83058714e-02,1.72597133e-02,1.64641917e-02,1.58832469e-02,1.54170613e-02,1.49359728e-02,1.43190501e-02,1.34858322e-02,1.24151253e-02,1.11371251e-02,9.70597856e-03,8.18228944e-03,6.64564253e-03,5.22073443e-03,4.07451023e-03,3.36101667e-03,3.14439523e-03,3.34957319e-03,3.80066586e-03,4.26795142e-03,4.53451404e-03,4.45618844e-03,4.00601663e-03,3.24152272e-03,2.32243296e-03,1.44401100e-03,7.67687072e-04,3.67077109e-04,2.20214809e-04,2.48372276e-04,3.74641536e-04,5.72200420e-04,8.82127548e-04,1.39572839e-03,2.20998004e-03,3.38092416e-03,4.90123542e-03,6.71015417e-03,8.72220122e-03,1.08539549e-02,1.30363576e-02,1.52131138e-02,1.73340396e-02,1.93517809e-02,2.12238272e-02,2.29156041e-02,2.43997510e-02,2.56515827e-02,2.66461853e-02,2.73626281e-02,2.77942873e-02
-2.25684759e-02,-2.13279227e-02,-2.02013233e-02,-1.94680953e-02,-1.92697963e-02,-1.96983896e-02,-2.06955250e-02,-2.19995297e-02,-2.32338503e-02,-2.40193606e-02,-2.41786877e-02,-2.35409257e-02,-2.21054255e-02,-2.00016418e-02,-1.73967843e-02,-1.44610372e-02,-1.13518387e-02,-8.21056193e-03,-5.16602440e-03,-2.34057855e-03,1.45947488e-04,2.17806779e-03,3.65786174e-03,4.52184568e-03,4.75457107e-03,4.41709272e-03,3.60726950e-03,2.49743373e-03,1.32349499e-03,3.41066616e-04,-2.35413230e-04,-2.93891548e-04,1.58705919e-04,1.00497385e-03,2.05628280e-03,3.09419568e-03,3.90903992e-03,4.34139623e-03,4.32487541e-03,3.93817133e-03,3.34227418e-03,2.77714944e-03,2.45032418e-03,2.46936524e-03,2.81158849e-03,3.37474963e-03,4.00177494e-03,4.54356072e-03,4.89656268e-03,5.01425314e-03,4.89348423e-03,4.52312293e-03,3.84407495e-03,2.72373871e-03,9.50509196e-04,-1.70957776e-03,-5.36893626e-03,-9.83387950e-03,-1.45319618e-02,-1.87053378e-02,-2.17571284e-02,-2.34614021e-02,-2.39812112e-02,-2.35831054e-02
2.85153811e-02,2.91181440e-02,2.96624847e-02,3.00887121e-02,3.03622962e-02,3.04475533e-02,3.03169811e-02,2.98761504e-02,2.89748805e-02,2.74602398e-02,2.52320158e-02,2.23327309e-02,1.90067503e-02,1.56578075e-02,1.26992227e-02,1.03941014e-02,8.79253144e-03,7.77711031e-03,7.15658218e-03,6.75333228e-03,6.46199146e-03,6.27360685e-03,6.26731444e-03,6.54733971e-03,7.21543107e-03,8.29823048e-03,9.74301316e-03,1.14358103e-02,1.32335699e-02,1.49927183e-02,1.65878165e-02,1.79234671e-02,1.89456548e-02,1.96542626e-02,2.01086897e-02,2.04117385e-02,2.06667586e-02,2.09331448e-02,2.12033583e-02,2.14056898e-02,2.14358283e-02,2.12729141e-02,2.09097310e-02,2.04425115e-02,2.00241865e-02,1.98026115e-02,1.98727464e-02,2.02411817e-02,2.09243145e-02,2.18704524e-02,2.29968954e-02,2.41981192e-02,2.53571337e-02,2.63618786e-02,2.71228685e-02,2.75879077e-02,2.77505001e-02,2.76889968e-02,2.74946527e-02,2.72735629e-02,2.71558192e-02,2.72221240e-02,2.74855999e-02,2.79401851e-02
2.39717418e-02,2.65817626e-02,2.89885111e-02,3.10201962e-02,3.25538471e-02,3.35449335e-02,3.40407100e-02,3.41564366e-02,3.40772440e-02,3.38939005e-02,3.36864536e-02,3.35093198e-02,3.33896676e-02,3.33510543e-02,3.34014264e-02,3.35619894e-02,3.38546486e-02,3.42862625e-02,3.48536036e-02,3.55429215e-02,3.63281684e-02,3.71705924e-02,3.80227461e-02,3.88369068e-02,3.95738433e-02,4.02067669e-02,4.07183219e-02,4.10933991e-02,4.13136897e-02,4.13460071e-02,4.12378006e-02,4.09781231e-02,4.06177543e-02,4.02403393e-02,3.99156851e-02,3.96541530e-02,3.93890232e-02,3.90024920e-02,3.83547017e-02,3.73218428e-02,3.58383865e-02,3.39168847e-02,3.16401124e-02,2.91402354e-02,2.65816830e-02,2.41484725e-02,2.20225548e-02,2.03461670e-02,1.91801226e-02,1.84786476e-02,1.80942270e-02,1.78181331e-02,1.74539798e-02,1.68668779e-02,1.60331326e-02,1.50673440e-02,1.41842544e-02,1.36189063e-02,1.35646544e-02,1.40472728e-02,1.51342379e-02,1.67822077e-02,1.88976284e-02,2.13486825e-02
7.09040157e-03,8.90212606e-03,1.03549555e-02,1.14276743e-02,1.21875026e-02,1.27517464e-02,1.32312988e-02,1.36860144e-02,1.41055478e-02,1.44103507e-02,1.44636859e-02,1.41552327e-02,1.33670089e-02,1.20873527e-02,1.04341894e-02,8.62625635e-03,6.90711003e-03,5.46601048e-03,4.40291708e-03,3.74133656e-03,3.46005339e-03,3.51697575e-03,3.85667517e-03,4.43404916e-03,5.20224518e-03,6.12747199e-03,7.18751393e-03,8.36270274e-03,9.62266491e-03,1.09156730e-02,1.21660228e-02,1.32807604e-02,1.41635304e-02,1.47313130e-02,1.49275294e-02,1.47562898e-02,1.42313251e-02,1.33812182e-02,1.22785958e-02,1.10223038e-02,9.73690722e-03,8.56110123e-03,7.62085248e-03,6.99401293e-03,6.68296204e-03,6.61318966e-03,6.65437661e-03,6.68064703e-03,6.59021459e-03,6.32768041e-03,5.87300245e-03,5.22653863e-03,4.38778108e-03,3.35463922e-03,2.14671470e-03,8.42167003e-04,-3.97145133e-04,-1.34039782e-03,-1.75902810e-03,-1.51024870e-03,-5.63245026e-04,9.78375046e-04,2.92119074e-03,5.03437154e-03
2.57538849e-03,1.59936483e-03,5.07902281e-04,-7.10980143e-04,-2.04361360e-03,-3.47966363e-03,-5.01814854e-03,-6.64038449e-03,-8.26334446e-03,-9.71400670e-03,-1.07630586e-02,-1.12222797e-02,-1.10393412e-02,-1.01932102e-02,-8.82671962e-03,-7.12022030e-03,-5.24374868e-03,-3.32247705e-03,-1.42482019e-03,4.23870875e-04,2.20688729e-03,3.87828734e-03,5.34566027e-03,6.48570141e-03,7.18720154e-03,7.40024780e-03,7.18423337e-03,6.64625097e-03,5.92464604e-03,5.13429084e-03,4.31149302e-03,3.39887615e-03,2.25752011e-03,7.05032617e-04,-1.42096788e-03,-4.18233664e-03,-7.47904311e-03,-1.10404594e-02,-1.44814236e-02,-1.73968294e-02,-1.94547863e-02,-2.04657949e-02,-2.05385066e-02,-1.96284969e-02,-1.79669016e-02,-1.57826409e-02,-1.32737870e-02,-1.05829735e-02,-7.79684407e-03,-4.96584569e-03,-2.13238373e-03,6.46024728e-04,3.28500897e-03,5.67420106e-03,7.68188150e-03,9.16344082e-03,9.98211508e-03,1.00432270e-02,9.45430801e-03,8.33060963e-03,6.96488816e-03,5.63451857e-03,4.48401190e-03,3.49979131e-03
-8.24743158e-03,-1.09536022e-02,-1.37185582e-02,-1.65834926e-02,-1.96663495e-02,-2.30116979e-02,-2.64869080e-02,-2.98054641e-02,-3.26580138e-02,-3.48437139e-02,-3.63193588e-02,-3.71707696e-02,-3.75549508e-02,-3.76529464e-02,-3.75956088e-02,-3.74961657e-02,-3.74179482e-02,-3.73594921e-02,-3.72686231e-02,-3.70359125e-02,-3.65213350e-02,-3.55981498e-02,-3.41841613e-02,-3.22544362e-02,-2.98365758e-02,-2.69970477e-02,-2.38276419e-02,-2.04367694e-02,-1.69449032e-02,-1.34800816e-02,-1.01691459e-02,-7.12252604e-03,-4.41388115e-03,-2.06051088e-03,-1.52480545e-05,1.81908368e-03,3.54915725e-03,5.24257596e-03,6.89925484e-03,8.45347561e-03,9.79877821e-03,1.08170933e-02,1.13963515e-02,1.14255246e-02,1.08893303e-02,9.68685123e-03,7.84022340e-03,5.48153060e-03,2.86007414e-03,2.82241004e-04,-1.98951444e-03,-3.80072439e-03,-5.08795326e-03,-5.82582362e-03,-6.02096875e-03,-5.68806531e-03,-4.90934326e-03,-3.85911027e-03,-2.78869583e-03,-1.99471276e-03,-1.75830229e-03,-2.29082149e-03,-3.65502373e-03,-5.72724062e-03
-2.90164638e-02,-2.72084815e-02,-2.49413745e-02,-2.22771346e-02,-1.92875494e-02,-1.60528088e-02,-1.26574171e-02,-9.18674350e-03,-5.72685554e-03,-2.36725843e-03,7.96831247e-04,3.66599957e-03,6.15019921e-03,8.18838520e-03,9.77327226e-03,1.09730224e-02,1.19353430e-02,1.28608431e-02,1.39510288e-02,1.53541715e-02,1.71243082e-02,1.92055937e-02,2.14432302e-02,2.36097052e-02,2.54365943e-02,2.66479590e-02,2.69850168e-02,2.64738729e-02,2.50804898e-02,2.29455396e-02,2.04018970e-02,1.78318547e-02,1.55681618e-02,1.38258062e-02,1.26700550e-02,1.20178037e-02,1.16686045e-02,1.13634585e-02,1.08594549e-02,9.97371583e-03,8.64086517e-03,6.93352743e-03,5.00974538e-03,3.00779024e-03,9.53122372e-04,-1.25979199e-03,-3.79759684e-03,-6.75628706e-03,-1.00468550e-02,-1.33826665e-02,-1.64109272e-02,-1.88969207e-02,-2.08145124e-02,-2.23037322e-02,-2.35688340e-02,-2.47916624e-02,-2.60803309e-02,-2.74455475e-02,-2.88004197e-02,-2.99854963e-02,-3.08171357e-02,-3.11677918e-02,-3.10481489e-02,-3.03116954e-02
-5.56980304e-03,-6.11701264e-03,-6.70001121e-03,-7.22319410e-03,-7.60305280e-03,-7.78787893e-03,-7.77576163e-03,-7.55855979e-03,-7.15669471e-03,-6.58579059e-03,-5.85545491e-03,-4.97439693e-03,-3.96055649e-03,-2.85093948e-03,-1.70716338e-03,-6.15555297e-04,3.19422851e-04,9.90715270e-04,1.31600736e-03,1.26463376e-03,8.70958872e-04,2.00468504e-04,-6.89090130e-04,-1.80781861e-03,-3.25486912e-03,-5.18649581e-03,-7.73556645e-03,-1.09114422e-02,-1.45367657e-02,-1.82779315e-02,-2.17641829e-02,-2.47130819e-02,-2.69842710e-02,-2.85574821e-02,-2.94796217e-02,-2.98348861e-02,-2.97622380e-02,-2.92001594e-02,-2.82038022e-02,-2.67839243e-02,-2.49559554e-02,-2.27613055e-02,-2.02740614e-02,-1.75936081e-02,-1.48300444e-02,-1.20916246e-02,-9.48023972e-03,-7.09429188e-03,-5.03154595e-03,-3.38255788e-03,-2.21188604e-03,-1.53668183e-03,-1.31694302e-03,-1.47243779e-03,-1.90137256e-03,-2.49090942e-03,-3.12371624e-03,-3.69120638e-03,-4.11962068e-03,-4.39219315e-03,-4.55007757e-03,-4.67136661e-03,-4.84358100e-03,-5.13503810e-03
1.73113686e-02,1.22364354e-02,7.83975749e-03,4.22061065e-03,1.35807428e-03,-8.63629626e-04,-2.63190600e-03,-4.18095992e-03,-5.74759372e-03,-7.50159402e-03,-9.47322302e-03,-1.15298940e-02,-1.34417047e-02,-1.50082460e-02,-1.61619842e-02,-1.69856719e-02,-1.76532119e-02,-1.83469241e-02,-1.91819819e-02,-2.01557243e-02,-2.11512063e-02,-2.19861394e-02,-2.24763629e-02,-2.25491963e-02,-2.20882281e-02,-2.10900901e-02,-1.96259994e-02,-1.78156152e-02,-1.58079797e-02,-1.37624844e-02,-1.18287210e-02,-1.01227088e-02,-8.70056212e-03,-7.53770160e-03,-6.52573220e-03,-5.49288781e-03,-4.24229065e-03,-2.59518119e-03,-4.22835857e-04,2.33990244e-03,5.69480381e-03,9.59073091e-03,1.39334011e-02,1.85968152e-02,2.34358303e-02,2.82996971e-02,3.30455786e-02,3.75500035e-02,4.17153376e-02,4.54685430e-02,4.87514734e-02,5.15054103e-02,5.36554541e-02,5.50968666e-02,5.56505573e-02,5.53584383e-02,5.41859299e-02,5.19497238e-02,4.86774518e-02,4.45041868e-02,3.96243834e-02,3.42483856e-02,2.85830762e-02,2.28508138e-02
1.02134790e-02,7.59707982e-03,4.52107455e-03,1.25867653e-03,-1.85427152e-03,-4.52439077e-03,-6.60487189e-03,-8.11615926e-03,-9.20335938e-03,-1.00682203e-02,-1.09098364e-02,-1.18811062e-02,-1.30557857e-02,-1.44140740e-02,-1.58575782e-02,-1.72501181e-02,-1.84638262e-02,-1.94085767e-02,-2.00390164e-02,-2.03499171e-02,-2.03949143e-02,-2.01861274e-02,-1.97782333e-02,-1.92134345e-02,-1.85152164e-02,-1.76951129e-02,-1.67657812e-02,-1.57504858e-02,-1.46823750e-02,-1.35957304e-02,-1.25160354e-02,-1.14537004e-02,-1.04025242e-02,-9.34271726e-03,-8.24852804e-03,-7.09900872e-03,-5.88757421e-03,-4.62543479e-03,-3.33720782e-03,-2.05126397e-03,-7.89565923e-04,4.38832870e-04,1.63866336e-03,2.82288466e-03,4.00092813e-03,5.16358638e-03,6.27199149e-03,7.26006693e-03,8.05471725e-03,8.60816128e-03,8.92805392e-03,9.08879524e-03,9.21359283e-03,9.42963740e-03,9.83635094e-03,1.04758550e-02,1.13193161e-02,1.22735633e-02,1.31990029e-02,1.39330666e-02,1.43131784e-02,1.41993499e-02,1.35339665e-02,1.22108391e-02
-5.13450728e-04,-3.55721219e-05,1.08775680e-03,2.83325676e-03,5.11422251e-03,7.80587412e-03,1.07673631e-02,1.38581214e-02,1.69476756e-02,1.99175039e-02,2.26536920e-02,2.50308045e-02,2.68905404e-02,2.80199884e-02,2.80807592e-02,2.71104432e-02,2.47537419e-02,2.10303304e-02,1.62441985e-02,1.09253584e-02,5.69217126e-03,1.10172548e-03,-2.45187058e-03,-4.79535623e-03,-5.97725225e-03,-6.22564787e-03,-5.77924659e-03,-4.92636261e-03,-3.94662350e-03,-3.09006997e-03,-2.56230496e-03,-2.48644140e-03,-2.90198456e-03,-3.73257581e-03,-4.82929416e-03,-6.03341028e-03,-7.22837342e-03,-8.35758175e-03,-9.42047827e-03,-1.04686052e-02,-1.15994737e-02,-1.29263529e-02,-1.45122980e-02,-1.62958978e-02,-1.80689517e-02,-1.95406006e-02,-2.04515397e-02,-2.07109542e-02,-2.02830988e-02,-1.92053134e-02,-1.76068071e-02,-1.56137013e-02,-1.33329809e-02,-1.08562399e-02,-8.27838615e-03,-5.71983435e-03,-3.33903080e-03,-1.32428487e-03,1.40755850e-04,9.32811941e-04,1.05521229e-03,6.75280178e-04,7.36019966e-05,-4.16505624e-04
3.73365096e-02,3.93097884e-02,4.07901316e-02,4.17458777e-02,4.21869338e-02,4.21636242e-02,4.18130840e-02,4.11033089e-02,4.00815520e-02,3.87925316e-02,3.72814895e-02,3.56084294e-02,3.38568242e-02,3.21281333e-02,3.05211562e-02,2.91070967e-02,2.79160839e-02,2.69406950e-02,2.61470029e-02,2.54803677e-02,2.48625417e-02,2.41860670e-02,2.33123862e-02,2.20787484e-02,2.03224936e-02,1.79277500e-02,1.48860300e-02,1.13405706e-02,7.57134650e-03,3.90943237e-03,6.35777609e-04,-2.06359654e-03,-4.08178096e-03,-5.36316081e-03,-5.89580214e-03,-5.72559680e-03,-4.88983501e-03,-3.49729490e-03,-1.68433412e-03,3.94586127e-04,2.57971295e-03,4.72113081e-03,6.69019703e-03,8.38777415e-03,9.74880770e-03,1.07428429e-02,1.13729836e-02,1.16761622e-02,1.17220766e-02,1.16307463e-02,1.15134444e-02,1.15126561e-02,1.17331276e-02,1.22786298e-02,1.32085318e-02,1.45488556e-02,1.62947242e-02,1.84153639e-02,2.08595558e-02,2.35588702e-02,2.64278341e-02,2.93631464e-02,3.22453564e-02,3.49454104e-02
-4.54031001e-02,-4.33603693e-02,-4.18082051e-02,-4.08460287e-02,-4.04794263e-02,-4.05886538e-02,-4.12541860e-02,-4.23205058e-02,-4.36960590e-02,-4.53212159e-02,-4.71437656e-02,-4.90684590e-02,-5.09198604e-02,-5.24661577e-02,-5.35031062e-02,-5.39480966e-02,-5.39526379e-02,-5.34475844e-02,-5.26579004e-02,-5.17425836e-02,-5.07969641e-02,-4.98452897e-02,-4.88588697e-02,-4.77828516e-02,-4.65596237e-02,-4.51427518e-02,-4.35018535e-02,-4.16227615e-02,-3.95058471e-02,-3.71628481e-02,-3.46130075e-02,-3.18810715e-02,-2.89997517e-02,-2.60173779e-02,-2.30092783e-02,-2.00899394e-02,-1.74219776e-02,-1.52168342e-02,-1.37198357e-02,-1.31343867e-02,-1.35769270e-02,-1.51304349e-02,-1.76034187e-02,-2.06623615e-02,-2.39476498e-02,-2.72003671e-02,-3.03112092e-02,-3.32829691e-02,-3.61641958e-02,-3.90073857e-02,-4.18600858e-02,-4.47612139e-02,-4.77148623e-02,-5.06441840e-02,-5.33621338e-02,-5.56008588e-02,-5.70995710e-02,-5.77261940e-02,-5.76775718e-02,-5.66872706e-02,-5.49891180e-02,-5.27921733e-02,-5.03176681e-02,-4.77848254e-02
1.17531721e-02,1.45381390e-02,1.69357222e-02,1.89522254e-02,2.06471512e-02,2.21234464e-02,2.35012353e-02,2.48832046e-02,2.63230714e-02,2.78034457e-02,2.92247228e-02,3.04042321e-02,3.10815328e-02,3.09312196e-02,2.98399075e-02,2.74665085e-02,2.37302860e-02,1.87554150e-02,1.28246774e-02,6.27645795e-03,-5.63067375e-04,-7.34128206e-03,-1.36223260e-02,-1.89338331e-02,-2.29051066e-02,-2.53979920e-02,-2.65457191e-02,-2.67490702e-02,-2.62768571e-02,-2.55613345e-02,-2.49352006e-02,-2.45887408e-02,-2.45368799e-02,-2.47753398e-02,-2.51839289e-02,-2.56404350e-02,-2.60523586e-02,-2.63664269e-02,-2.65646685e-02,-2.66540015e-02,-2.66628083e-02,-2.65927831e-02,-2.64518212e-02,-2.62302388e-02,-2.59080699e-02,-2.54660784e-02,-2.48953940e-02,-2.42016215e-02,-2.34035852e-02,-2.25286342e-02,-2.16046965e-02,-2.06480833e-02,-1.96484751e-02,-1.85570518e-02,-1.72861209e-02,-1.57261585e-02,-1.37777159e-02,-1.13847351e-02,-8.55372700e-03,-5.35288022e-03,-1.89607899e-03,1.67890839e-03,5.22866516e-03,8.62315602e-03
5.10656335e-02,5.19913914e-02,5.27080517e-02,5.30677345e-02,5.29730623e-02,5.24263502e-02,5.12910399e-02,4.95614622e-02,4.73139054e-02,4.46895570e-02,4.18625711e-02,3.89891406e-02,3.61596695e-02,3.33864724e-02,3.06387439e-02,2.79003096e-02,2.52080555e-02,2.26428577e-02,2.02814053e-02,1.81484353e-02,1.62028972e-02,1.43576752e-02,1.25112221e-02,1.05779477e-02,8.52324561e-03,6.40946277e-03,4.42990911e-03,2.88134101e-03,2.05888885e-03,2.13716514e-03,3.10009899e-03,4.81533855e-03,7.05491968e-03,9.57625331e-03,1.21651989e-02,1.46660815e-02,1.69975273e-02,1.91494054e-02,2.11587647e-02,2.30732717e-02,2.49195551e-02,2.66916855e-02,2.83639472e-02,2.99192144e-02,3.13751755e-02,3.27904356e-02,3.42446025e-02,3.58034867e-02,3.74877997e-02,3.92597653e-02,4.10324502e-02,4.26951983e-02,4.41424171e-02,4.52957025e-02,4.61171820e-02,4.66179209e-02,4.68637334e-02,4.69733133e-02,4.70777726e-02,4.72810611e-02,4.76691789e-02,4.82823790e-02,4.91025476e-02,5.00631868e-02
1.37875520e-02,1.37282102e-02,1.36321023e-02,1.34720239e-02,1.31853540e-02,1.26887931e-02,1.19056853e-02,1.07968148e-02,9.37636487e-03,7.69805240e-03,5.81460091e-03,3.73467037e-03,1.40590575e-03,-1.26362372e-03,-4.35670029e-03,-7.90020426e-03,-1.18559604e-02,-1.61501693e-02,-2.07024856e-02,-2.54020006e-02,-3.00343302e-02,-3.42501111e-02,-3.76560040e-02,-3.99707695e-02,-4.11204414e-02,-4.13252640e-02,-4.05676281e-02,-3.89624446e-02,-3.66566468e-02,-3.37597474e-02,-3.03662147e-02,-2.65706264e-02,-2.24750579e-02,-1.81901824e-02,-1.38322503e-02,-9.51854164e-03,-5.36380657e-03,-1.47907295e-03,2.02734144e-03,5.04716789e-03,7.47674805e-03,9.22037168e-03,1.02017014e-02,1.03809295e-02,9.86666131e-03,8.75630363e-03,7.29519340e-03,5.79501789e-03,4.54958588e-03,3.76747714e-03,3.53948675e-03,3.83613298e-03,4.56712134e-03,5.60967009e-03,6.83936239e-03,8.14996479e-03,9.45149160e-03,1.06639815e-02,1.17172885e-02,1.25593024e-02,1.31665230e-02,1.35486636e-02,1.37435437e-02,1.38043198e-02
1.75997421e-02,2.01605853e-02,2.24005927e-02,2.43411743e-02,2.60326221e-02,2.75272520e-02,2.88505088e-02,2.99825243e-02,3.08588174e-02,3.13913231e-02,3.14851064e-02,3.12283735e-02,3.06214570e-02,2.97699750e-02,2.87907592e-02,2.77151465e-02,2.64483968e-02,2.47792941e-02,2.24262813e-02,1.91190119e-02,1.47205163e-02,9.36037062e-03,3.48517236e-03,-2.27756059e-03,-7.39283112e-03,-1.16580876e-02,-1.51900456e-02,-1.82904052e-02,-2.12875885e-02,-2.44046617e-02,-2.76776956e-02,-3.09605918e-02,-3.40226929e-02,-3.66736294e-02,-3.88290569e-02,-4.04929290e-02,-4.16993039e-02,-4.24670465e-02,-4.27991969e-02,-4.27882048e-02,-4.23160192e-02,-4.14399472e-02,-4.02165142e-02,-3.87154536e-02,-3.70053063e-02,-3.51412475e-02,-3.31566844e-02,-3.10618274e-02,-2.88501192e-02,-2.65097473e-02,-2.40352026e-02,-2.14342794e-02,-1.87283074e-02,-1.59460815e-02,-1.31139102e-02,-1.02454779e-02,-7.33587762e-03,-4.36366522e-03,-1.30224302e-03,1.86253419e-03,5.11512034e-03,8.40329226e-03,1.16440487e-02,1.47397975e-02
-2.34478396e-02,-2.28700441e-02,-2.24507962e-02,-2.21435084e-02,-2.18962960e-02,-2.16488211e-02,-2.13166601e-02,-2.07806082e-02,-1.99029293e-02,-1.85683339e-02,-1.67210548e-02,-1.43746077e-02,-1.15968165e-02,-8.48911796e-03,-5.17503545e-03,-1.79968249e-03,1.46678498e-03,4.42721402e-03,6.87630749e-03,8.62877215e-03,9.56603452e-03,9.68091961e-03,9.18919331e-03,8.30779063e-03,7.35362011e-03,6.56159276e-03,6.01309017e-03,5.64599569e-03,5.32133293e-03,4.90233867e-03,4.30572065e-03,3.51715252e-03,2.56703243e-03,1.48276512e-03,2.49815917e-04,-1.19359252e-03,-2.92188220e-03,-4.96445897e-03,-7.26366820e-03,-9.68056899e-03,-1.20442982e-02,-1.42029544e-02,-1.60425729e-02,-1.74805514e-02,-1.84604175e-02,-1.89648028e-02,-1.90662941e-02,-1.88355651e-02,-1.84595788e-02,-1.81830931e-02,-1.81888264e-02,-1.87076228e-02,-1.98216478e-02,-2.14614764e-02,-2.33996042e-02,-2.53056831e-02,-2.68469005e-02,-2.77931556e-02,-2.81078633e-02,-2.78612355e-02,-2.71407203e-02,-2.61696259e-02,-2.51448777e-02,-2.42114370e-02
-1.56737587e-02,-1.63763462e-02,-1.69634051e-02,-1.74851922e-02,-1.80024415e-02,-1.85982882e-02,-1.93679495e-02,-2.03775285e-02,-2.16056774e-02,-2.29060423e-02,-2.40268673e-02,-2.46939514e-02,-2.47980228e-02,-2.41918731e-02,-2.29198465e-02,-2.11390024e-02,-1.90430611e-02,-1.68082994e-02,-1.45570226e-02,-1.23448904e-02,-1.01732277e-02,-8.01921465e-03,-5.86887693e-03,-3.73778069e-03,-1.67378698e-03,2.53196059e-04,1.96572084e-03,3.39476898e-03,4.49529421e-03,5.26270208e-03,5.74510889e-03,6.03705938e-03,6.24462951e-03,6.43527168e-03,6.60496822e-03,6.67850128e-03,6.54983822e-03,6.13252940e-03,5.39158695e-03,4.38613944e-03,3.26292552e-03,2.21647385e-03,1.41994293e-03,9.60860678e-04,8.22184623e-04,9.14611318e-04,1.13317155e-03,1.39588868e-03,1.65556366e-03,1.88982993e-03,2.08022320e-03,2.19097788e-03,2.15426771e-03,1.87301262e-03,1.22595348e-03,1.10411478e-04,-1.51329192e-03,-3.57853301e-03,-5.90766669e-03,-8.25932598e-03,-1.04109828e-02,-1.22265831e-02,-1.36740371e-02,-1.47976040e-02
-4.73093506e-02,-4.70840513e-02,-4.71554004e-02,-4.76584007e-02,-4.85730948e-02,-4.98769517e-02,-5.14842113e-02,-5.32357026e-02,-5.49263084e-02,-5.63606621e-02,-5.74020795e-02,-5.79931585e-02,-5.81798509e-02,-5.80241720e-02,-5.74375897e-02,-5.64855100e-02,-5.51812338e-02,-5.35337985e-02,-5.15636752e-02,-4.93140253e-02,-4.68509368e-02,-4.42507570e-02,-4.15804788e-02,-3.88811626e-02,-3.61625736e-02,-3.34115768e-02,-3.06105118e-02,-2.77571639e-02,-2.48768431e-02,-2.20205782e-02,-1.92504233e-02,-1.66196249e-02,-1.41579849e-02,-1.18695872e-02,-9.74309696e-03,-7.76885764e-03,-5.95588627e-03,-4.34445302e-03,-3.01171424e-03,-2.06786457e-03,-1.64005021e-03,-1.85126953e-03,-2.82619251e-03,-4.68638195e-03,-7.57468358e-03,-1.16402323e-02,-1.69578379e-02,-2.33998711e-02,-3.05532168e-02,-3.77771980e-02,-4.43874741e-02,-4.98483785e-02,-5.38743876e-02,-5.64279896e-02,-5.76699617e-02,-5.79616955e-02,-5.74569990e-02,-5.63007627e-02,-5.47926750e-02,-5.31442637e-02,-5.15201242e-02,-5.00464164e-02,-4.88150541e-02,-4.78888887e-02
-3.44843687e-02,-3.39264750e-02,-3.35496283e-02,-3.33776195e-02,-3.33532005e-02,-3.34195994e-02,-3.34656295e-02,-3.34400746e-02,-3.32999347e-02,-3.30760003e-02,-3.27973853e-02,-3.24606308e-02,-3.20175287e-02,-3.13913124e-02,-3.05159974e-02,-2.93769735e-02,-2.80293916e-02,-2.65898759e-02,-2.52098832e-02,-2.40397732e-02,-2.31906540e-02,-2.27033757e-02,-2.25335100e-02,-2.25814246e-02,-2.27467222e-02,-2.29232551e-02,-2.30553927e-02,-2.31318608e-02,-2.31700895e-02,-2.31978135e-02,-2.32428077e-02,-2.33212989e-02,-2.34281705e-02,-2.35430597e-02,-2.36490180e-02,-2.37533403e-02,-2.39002718e-02,-2.41739921e-02,-2.46774633e-02,-2.54896449e-02,-2.66246168e-02,-2.80105175e-02,-2.94962550e-02,-3.08834190e-02,-3.19771537e-02,-3.26467533e-02,-3.28857619e-02,-3.27910596e-02,-3.24523836e-02,-3.20764381e-02,-3.18203410e-02,-3.17496625e-02,-3.19010773e-02,-3.22766571e-02,-3.28287248e-02,-3.35071970e-02,-3.42567171e-02,-3.50045738e-02,-3.56530017e-02,-3.60923334e-02,-3.62579134e-02,-3.61500881e-02,-3.57335047e-02,-3.51313529e-02
-3.89947988e-02,-4.17729750e-02,-4.50497188e-02,-4.89403536e-02,-5.34335376e-02,-5.83416394e-02,-6.33470508e-02,-6.81194998e-02,-7.24078811e-02,-7.60433436e-02,-7.88882414e-02,-8.08146815e-02,-8.17723598e-02,-8.19597373e-02,-8.13091974e-02,-7.98241408e-02,-7.78241660e-02,-7.55381851e-02,-7.31371853e-02,-7.07238303e-02,-6.83407031e-02,-6.59919944e-02,-6.36694495e-02,-6.13730548e-02,-5.91189835e-02,-5.69329168e-02,-5.48342576e-02,-5.28215268e-02,-5.08684538e-02,-4.89348183e-02,-4.69891188e-02,-4.50342433e-02,-4.31244224e-02,-4.13639501e-02,-3.98842862e-02,-3.88023418e-02,-3.81686072e-02,-3.79206225e-02,-3.78800370e-02,-3.78639940e-02,-3.76027077e-02,-3.68314581e-02,-3.54326477e-02,-3.34265015e-02,-3.09432573e-02,-2.81840775e-02,-2.53910048e-02,-2.28280038e-02,-2.07639487e-02,-1.94425000e-02,-1.89840137e-02,-1.94034307e-02,-2.06185621e-02,-2.22909493e-02,-2.40320785e-02,-2.55470424e-02,-2.67307419e-02,-2.76621978e-02,-2.85283090e-02,-2.95367252e-02,-3.08362982e-02,-3.24699195e-02,-3.43972348e-02,-3.65683975e-02
-4.91375689e-03,-4.30709889e-03,-3.29808306e-03,-1.96126943e-03,-3.80978029e-04,1.36432337e-03,3.20443078e-03,5.07108620e-03,6.89007934e-03,8.58021444e-03,1.00604759e-02,1.12626203e-02,1.21457685e-02,1.27130267e-02,1.30319810e-02,1.32518223e-02,1.35857172e-02,1.42734899e-02,1.55306921e-02,1.74790135e-02,2.01190324e-02,2.33481840e-02,2.70002573e-02,3.08831750e-02,3.48038894e-02,3.85804213e-02,4.20465361e-02,4.50550326e-02,4.74826233e-02,4.92345148e-02,5.02429391e-02,5.03727298e-02,4.98428160e-02,4.84140493e-02,4.59908978e-02,4.26066132e-02,3.84545929e-02,3.39038116e-02,2.94005169e-02,2.53105219e-02,2.18286378e-02,1.90046518e-02,1.68199227e-02,1.52342322e-02,1.41839397e-02,1.35624204e-02,1.32166747e-02,1.29690351e-02,1.26518770e-02,1.21236759e-02,1.12828890e-02,1.00889278e-02,8.57570628e-03,6.84813854e-03,5.05103402e-03,3.31722780e-03,1.72381615e-03,2.83635106e-04,-1.02735883e-03,-2.22901111e-03,-3.30633776e-03,-4.20051201e-03,-4.82051206e-03,-5.07657629e-03
2.69838099e-03,4.74981824e-03,6.64382436e-03,8.24795376e-03,9.42471842e-03,1.00441728e-02,1.00094368e-02,9.37559074e-03,8.19990455e-03,6.69122365e-03,5.07661706e-03,3.52486635e-03,2.11646433e-03,8.76134338e-04,-1.65751098e-04,-9.31782010e-04,-1.30693632e-03,-1.19156417e-03,-5.30888368e-04,6.40338681e-04,2.20517063e-03,3.98494128e-03,5.75877228e-03,7.27761700e-03,8.27027074e-03,8.43966931e-03,7.55586726e-03,5.32449339e-03,1.59527176e-03,-3.52389142e-03,-9.53695918e-03,-1.56600030e-02,-2.11157510e-02,-2.54174403e-02,-2.84234681e-02,-3.02236820e-02,-3.10133359e-02,-3.10984126e-02,-3.05245810e-02,-2.94728766e-02,-2.80730797e-02,-2.64320530e-02,-2.46460105e-02,-2.28047004e-02,-2.09922922e-02,-1.92883457e-02,-1.77683433e-02,-1.64990900e-02,-1.55245465e-02,-1.48443326e-02,-1.43975501e-02,-1.40689065e-02,-1.37167777e-02,-1.32116129e-02,-1.24807298e-02,-1.15241233e-02,-1.03935881e-02,-9.15274271e-03,-7.83948466e-03,-6.44777917e-03,-4.93636445e-03,-3.25902264e-03,-1.39881229e-03,6.12913685e-04
-3.46172285e-03,-1.24014412e-03,7.09776049e-04,2.36343871e-03,3.71477279e-03,4.78087602e-03,5.59920975e-03,6.21684143e-03,6.67988847e-03,7.03144860e-03,7.31594887e-03,7.57765301e-03,7.84452713e-03,8.10349121e-03,8.28276598e-03,8.25392396e-03,7.89712378e-03,7.09049136e-03,5.81539274e-03,4.16799314e-03,2.34266322e-03,5.65876934e-04,-9.81528128e-04,-2.20750833e-03,-3.10530538e-03,-3.72556779e-03,-4.15336627e-03,-4.49320559e-03,-4.85261476e-03,-5.31718413e-03,-5.92220352e-03,-6.63899055e-03,-7.38698577e-03,-8.06755071e-03,-8.60584589e-03,-8.98609355e-03,-9.26790976e-03,-9.57925273e-03,-1.00924819e-02,-1.09690125e-02,-1.22912643e-02,-1.40218985e-02,-1.60157649e-02,-1.80770391e-02,-2.00233426e-02,-2.17250117e-02,-2.31173237e-02,-2.41978765e-02,-2.50140257e-02,-2.56378446e-02,-2.61299047e-02,-2.65001219e-02,-2.66897599e-02,-2.66473173e-02,-2.61966570e-02,-2.52526061e-02,-2.37899334e-02,-2.18512588e-02,-1.95247336e-02,-1.69205337e-02,-1.41542309e-02,-1.13362530e-02,-8.56438230e-03,-5.91886628e-03
2.04139436e-02,1.97025350e-02,1.87155087e-02,1.75706408e-02,1.64279720e-02,1.54561082e-02,1.47894627e-02,1.45080569e-02,1.46334971e-02,1.51502437e-02,1.60614691e-02,1.73162048e-02,1.88289942e-02,2.04782618e-02,2.21151169e-02,2.35813954e-02,2.47336043e-02,2.54688756e-02,2.57475253e-02,2.56512043e-02,2.53061999e-02,2.48529702e-02,2.44772065e-02,2.43095193e-02,2.43696163e-02,2.46014733e-02,2.49378760e-02,2.52918641e-02,2.56165727e-02,2.59048834e-02,2.61597441e-02,2.63607367e-02,2.64409384e-02,2.63088616e-02,2.58461515e-02,2.49012835e-02,2.33480620e-02,2.11097215e-02,1.81969831e-02,1.47429731e-02,1.10163629e-02,7.38655120e-03,4.22831709e-03,1.80497267e-03,2.06235074e-04,-6.25192052e-04,-8.24372575e-04,-5.29900517e-04,1.43460325e-04,1.11366224e-03,2.32926889e-03,3.76148447e-03,5.39434734e-03,7.21223628e-03,9.18502624e-03,1.12557685e-02,1.33376755e-02,1.53236168e-02,1.71047505e-02,1.85902235e-02,1.97196774e-02,2.04642280e-02,2.08172638e-02,2.07808497e-02
-2.91062633e-03,-1.19011404e-03,6.87833291e-04,2.77643521e-03,5.07631926e-03,7.53672610e-03,1.00687096e-02,1.25659183e-02,1.49271077e-02,1.70753421e-02,1.89697464e-02,2.06070591e-02,2.20142156e-02,2.32386078e-02,2.43434327e-02,2.54082752e-02,2.65265429e-02,2.77919592e-02,2.92751228e-02,3.09991222e-02,3.29252853e-02,3.49546517e-02,3.69429586e-02,3.87241719e-02,4.01399506e-02,4.10736194e-02,4.14819125e-02,4.14489377e-02,4.11464491e-02,4.06274709e-02,3.99580719e-02,3.90774068e-02,3.77990199e-02,3.58721328e-02,3.30851026e-02,2.93874362e-02,2.49699768e-02,2.02372210e-02,1.56556240e-02,1.15510454e-02,7.98038870e-03,4.75117878e-03,1.55794746e-03,-1.85107802e-03,-5.55276890e-03,-9.43090337e-03,-1.32578948e-02,-1.67948958e-02,-1.98499103e-02,-2.22855346e-02,-2.40053841e-02,-2.49511071e-02,-2.51790096e-02,-2.46772563e-02,-2.34898994e-02,-2.17485708e-02,-1.96062890e-02,-1.72264255e-02,-1.47680682e-02,-1.23691754e-02,-1.01294298e-02,-8.09683809e-03,-6.26241120e-03,-4.56563259e-03
3.88700892e-02,3.86419078e-02,3.84262328e-02,3.82313450e-02,3.80694837e-02,3.79524295e-02,3.78815563e-02,3.78361660e-02,3.77739776e-02,3.76361894e-02,3.73423868e-02,3.67941314e-02,3.58723279e-02,3.44268600e-02,3.22771556e-02,2.92528569e-02,2.52899139e-02,2.05486731e-02,1.54587755e-02,1.06056601e-02,6.50852477e-03,3.45397945e-03,1.47714928e-03,4.42024871e-04,1.38562322e-04,3.54167223e-04,9.06694486e-04,1.64590442e-03,2.43070878e-03,3.10384771e-03,3.48156475e-03,3.37466867e-03,2.66528793e-03,1.33646886e-03,-4.11569843e-04,-2.19277992e-03,-3.56312350e-03,-4.18577592e-03,-3.92712015e-03,-2.77408979e-03,-8.53650141e-04,1.65879726e-03,4.57537539e-03,7.72169757e-03,1.09448192e-02,1.41206126e-02,1.71591507e-02,2.00070887e-02,2.26448137e-02,2.50776479e-02,2.73237934e-02,2.94036618e-02,3.13331432e-02,3.31191778e-02,3.47547035e-02,3.62137531e-02,3.74522913e-02,3.84202827e-02,3.90835647e-02,3.94446256e-02,3.95425622e-02,3.94838272e-02,3.93214436e-02,3.91028791e-02
-3.58830444e-02,-3.27314302e-02,-2.93618474e-02,-2.57898883e-02,-2.20483392e-02,-1.81805013e-02,-1.42318248e-02,-1.02429809e-02,-6.24603312e-03,-2.26382454e-03,1.68833643e-03,5.59983750e-03,9.46220714e-03,1.32662746e-02,1.69990398e-02,2.06394238e-02,2.41531419e-02,2.74881577e-02,3.05725670e-02,3.33158256e-02,3.56127069e-02,3.73485393e-02,3.84008461e-02,3.85789721e-02,3.80028662e-02,3.64294359e-02,3.37093299e-02,2.97630679e-02,2.45951409e-02,1.83997154e-02,1.16331634e-02,4.92293669e-03,-1.18255039e-03,-6.40856048e-03,-1.07492330e-02,-1.43262845e-02,-1.72947214e-02,-1.98199325e-02,-2.20831071e-02,-2.42746727e-02,-2.65605894e-02,-2.90265417e-02,-3.16266678e-02,-3.41832333e-02,-3.64658112e-02,-3.83136492e-02,-3.97189019e-02,-4.08231990e-02,-4.18546125e-02,-4.30549445e-02,-4.45953731e-02,-4.64868924e-02,-4.85441798e-02,-5.04390980e-02,-5.18279281e-02,-5.24955753e-02,-5.25407724e-02,-5.18015577e-02,-5.04331679e-02,-4.86111402e-02,-4.64741678e-02,-4.41096984e-02,-4.15570210e-02,-3.88197234e-02
2.22495684e-02,1.40884945e-02,6.14292915e-03,-9.75423812e-04,-7.07176669e-03,-1.22306201e-02,-1.66174885e-02,-2.03686423e-02,-2.35517900e-02,-2.61659168e-02,-2.81645939e-02,-2.94932279e-02,-3.01317685e-02,-3.02009063e-02,-2.96646802e-02,-2.86413385e-02,-2.72442482e-02,-2.55730881e-02,-2.37151761e-02,-2.17558307e-02,-1.97853283e-02,-1.78919823e-02,-1.61427484e-02,-1.45637251e-02,-1.31342117e-02,-1.17989399e-02,-1.04911445e-02,-9.15335199e-03,-7.74633386e-03,-6.24582062e-03,-4.63410029e-03,-2.89490551e-03,-1.01612909e-03,1.00062581e-03,3.12845903e-03,5.30967078e-03,7.45952455e-03,9.48002439e-03,1.12806061e-02,1.28001878e-02,1.40231502e-02,1.49816282e-02,1.57410736e-02,1.63761198e-02,1.69521261e-02,1.75240523e-02,1.81502154e-02,1.89064764e-02,1.98863437e-02,2.11835483e-02,2.28656725e-02,2.49523789e-02,2.74066942e-02,3.01384079e-02,3.30135090e-02,3.58642064e-02,3.84964256e-02,4.06917159e-02,4.21939525e-02,4.26303213e-02,4.19434472e-02,3.97532293e-02,3.56889004e-02,2.97202815e-02
-2.96849157e-03,-1.35950058e-03,9.14198131e-05,1.38388510e-03,2.54707551e-03,3.62330810e-03,4.64732913e-03,5.62474175e-03,6.51515545e-03,7.22677351e-03,7.62578810e-03,7.55739684e-03,6.92003751e-03,5.57668396e-03,3.46916509e-03,5.99280474e-04,-2.95208668e-03,-7.02471825e-03,-1.14336575e-02,-1.60346832e-02,-2.07392406e-02,-2.54620670e-02,-3.00729351e-02,-3.44198951e-02,-3.84025429e-02,-4.20195369e-02,-4.53521831e-02,-4.85034844e-02,-5.15291703e-02,-5.43908744e-02,-5.69536264e-02,-5.90307432e-02,-6.04531109e-02,-6.11424518e-02,-6.12365997e-02,-6.06237283e-02,-5.93654479e-02,-5.76199864e-02,-5.55189164e-02,-5.31658144e-02,-5.06291221e-02,-4.79421772e-02,-4.51115595e-02,-4.21312933e-02,-3.89998802e-02,-3.57367488e-02,-3.23942128e-02,-2.90612963e-02,-2.58573423e-02,-2.29156309e-02,-2.03595046e-02,-1.82757086e-02,-1.66917981e-02,-1.55653648e-02,-1.47904548e-02,-1.42202225e-02,-1.36961420e-02,-1.30733789e-02,-1.22434561e-02,-1.11492972e-02,-9.78775443e-03,-8.20297351e-03,-6.47395957e-03,-4.69759598e-03
-2.34617878e-02,-2.43879747e-02,-2.53575579e-02,-2.62886405e-02,-2.71070002e-02,-2.77605251e-02,-2.82084449e-02,-2.84099943e-02,-2.83695191e-02,-2.79796426e-02,-2.72355944e-02,-2.61644974e-02,-2.48365904e-02,-2.33470185e-02,-2.17936646e-02,-2.02588691e-02,-1.87983893e-02,-1.74379002e-02,-1.61746071e-02,-1.49802199e-02,-1.38039958e-02,-1.25795263e-02,-1.12407350e-02,-9.74725078e-03,-8.11052526e-03,-6.40878428e-03,-4.78423264e-03,-3.42330123e-03,-2.52427487e-03,-2.24620331e-03,-2.67614458e-03,-3.77821461e-03,-5.37978612e-03,-7.22212862e-03,-9.05413184e-03,-1.07195212e-02,-1.21857104e-02,-1.35124587e-02,-1.47933517e-02,-1.60981094e-02,-1.74294817e-02,-1.87084859e-02,-1.98001025e-02,-2.05689692e-02,-2.09323330e-02,-2.09375750e-02,-2.05606937e-02,-1.99052448e-02,-1.90784976e-02,-1.82022059e-02,-1.74093227e-02,-1.68298498e-02,-1.65601048e-02,-1.66007075e-02,-1.69721380e-02,-1.75692981e-02,-1.82717487e-02,-1.89777552e-02,-1.96306944e-02,-2.02212045e-02,-2.07731467e-02,-2.13281936e-02,-2.19351070e-02,-2.26385914e-02
-9.30202451e-03,-4.77244318e-03,4.83135025e-05,5.04169429e-03,1.00986017e-02,1.51263175e-02,2.00488424e-02,2.48054001e-02,2.93476468e-02,3.36374168e-02,3.76461703e-02,4.13557447e-02,4.47581435e-02,4.78511047e-02,5.06271894e-02,5.30570575e-02,5.50703640e-02,5.65360791e-02,5.72315608e-02,5.70195796e-02,5.58882736e-02,5.35562096e-02,5.00511038e-02,4.56562750e-02,4.08616046e-02,3.62405790e-02,3.23087668e-02,2.94339242e-02,2.78090219e-02,2.75045660e-02,2.81817626e-02,2.97898637e-02,3.21116049e-02,3.48821443e-02,3.78572913e-02,4.08149544e-02,4.35551986e-02,4.59015469e-02,4.77011355e-02,4.88198982e-02,4.90665631e-02,4.86017394e-02,4.72491218e-02,4.49042428e-02,4.15589279e-02,3.71986724e-02,3.17567979e-02,2.51223036e-02,1.72542847e-02,8.39620162e-03,-7.65689201e-04,-9.21926602e-03,-1.61093701e-02,-2.10799726e-02,-2.42340346e-02,-2.59163216e-02,-2.65221270e-02,-2.64319014e-02,-2.56829847e-02,-2.43825986e-02,-2.25267708e-02,-2.00842879e-02,-1.70416037e-02,-1.34248606e-02
2.09352495e-02,2.16464635e-02,2.25943450e-02,2.37232839e-02,2.49837494e-02,2.63515678e-02,2.78292314e-02,2.94306811e-02,3.11581908e-02,3.29813916e-02,3.48265538e-02,3.65814992e-02,3.81184567e-02,3.93323654e-02,4.01838739e-02,4.07271593e-02,4.11003545e-02,4.14718609e-02,4.19960150e-02,4.27965259e-02,4.39417121e-02,4.54282563e-02,4.71833653e-02,4.90813489e-02,5.09698422e-02,5.26988678e-02,5.41437893e-02,5.52161911e-02,5.58649761e-02,5.60552082e-02,5.59304106e-02,5.55529051e-02,5.50274713e-02,5.45486455e-02,5.43118069e-02,5.43946723e-02,5.47854744e-02,5.55192700e-02,5.65260736e-02,5.76874085e-02,5.88504622e-02,5.98293330e-02,6.04084478e-02,6.03613638e-02,5.97419105e-02,5.82966300e-02,5.59578412e-02,5.27643695e-02,4.88537510e-02,4.44604646e-02,3.98944273e-02,3.54893934e-02,3.15374683e-02,2.82381839e-02,2.56752217e-02,2.38194648e-02,2.25555687e-02,2.17254063e-02,2.11744309e-02,2.07871104e-02,2.05050970e-02,2.03295331e-02,2.03153496e-02,2.04946551e-02
3.33981067e-02,3.25616030e-02,3.15435969e-02,3.04321331e-02,2.93247916e-02,2.82893616e-02,2.73368143e-02,2.64182581e-02,2.54505393e-02,2.43617695e-02,2.31407406e-02,2.18686919e-02,2.07095156e-02,1.98549115e-02,1.94552073e-02,1.95635955e-02,2.01206965e-02,2.11018928e-02,2.24210461e-02,2.40097929e-02,2.58257288e-02,2.78424288e-02,3.00335487e-02,3.23607174e-02,3.47701144e-02,3.71965470e-02,3.95701427e-02,4.18216366e-02,4.38865905e-02,4.57121925e-02,4.72678493e-02,4.85532012e-02,4.95927929e-02,5.04143893e-02,5.10229818e-02,5.13885857e-02,5.14158954e-02,5.11693191e-02,5.05261877e-02,4.94493401e-02,4.79511576e-02,4.61031134e-02,4.40602137e-02,4.20569292e-02,4.03495332e-02,3.91261576e-02,3.84462677e-02,3.82601501e-02,3.83791296e-02,3.87107296e-02,3.91627472e-02,3.96203057e-02,3.99660839e-02,4.00534741e-02,3.98590277e-02,3.93154329e-02,3.84535636e-02,3.74288670e-02,3.64460235e-02,3.56645615e-02,3.51293858e-02,3.47659203e-02,3.44378218e-02,3.40132785e-02
1.59280503e-02,1.44580998e-02,1.32316397e-02,1.23301301e-02,1.18170499e-02,1.17142872e-02,1.19441678e-02,1.24320254e-02,1.30552196e-02,1.37075288e-02,1.43478883e-02,1.50147475e-02,1.58050017e-02,1.68318613e-02,1.81836764e-02,1.98986184e-02,2.19602580e-02,2.43071733e-02,2.68465452e-02,2.94664691e-02,3.20466362e-02,3.44688967e-02,3.66289490e-02,3.84491952e-02,3.98907685e-02,4.09601165e-02,4.17045478e-02,4.21950525e-02,4.25029799e-02,4.26825452e-02,4.27673202e-02,4.27759762e-02,4.27424608e-02,4.26715959e-02,4.25768729e-02,4.24569781e-02,4.22887882e-02,4.20365134e-02,4.16745482e-02,4.12189116e-02,4.07477768e-02,4.03893519e-02,4.02866438e-02,4.04254712e-02,4.07915526e-02,4.12795549e-02,4.17008951e-02,4.18437505e-02,4.16481898e-02,4.10409257e-02,3.99950330e-02,3.85849773e-02,3.69339737e-02,3.51759529e-02,3.34182018e-02,3.17120486e-02,3.00471511e-02,2.83749902e-02,2.66476665e-02,2.48485781e-02,2.29987404e-02,2.11405682e-02,1.93173750e-02,1.75664709e-02
8.04729028e-05,2.06327651e-03,3.73294809e-03,4.96381059e-03,5.67751863e-03,5.88466079e-03,5.74135820e-03,5.50762211e-03,5.52470766e-03,6.06667997e-03,7.30062286e-03,9.22129689e-03,1.17025999e-02,1.45528437e-02,1.75652714e-02,2.05545976e-02,2.33785804e-02,2.59424234e-02,2.81843615e-02,3.00475443e-02,3.14517232e-02,3.22787510e-02,3.23287538e-02,3.17036302e-02,3.02273772e-02,2.79989266e-02,2.52796020e-02,2.24213157e-02,1.97672307e-02,1.75631330e-02,1.59177571e-02,1.48069265e-02,1.41026367e-02,1.36165662e-02,1.31527676e-02,1.25551028e-02,1.17443358e-02,1.07513922e-02,9.71829595e-03,8.84663978e-03,8.31022546e-03,8.17930670e-03,8.36924157e-03,8.72965228e-03,9.04517638e-03,9.10036335e-03,8.76564757e-03,7.95601261e-03,6.68369640e-03,5.03112930e-03,3.11230181e-03,1.03813165e-03,-1.09885293e-03,-3.21495461e-03,-5.21512187e-03,-6.97652175e-03,-8.34980329e-03,-9.18181649e-03,-9.39103194e-03,-8.92241791e-03,-7.81389373e-03,-6.18935661e-03,-4.21409265e-03,-2.06633196e-03
-5.36709688e-03,-6.00358814e-03,-6.23236878e-03,-6.08327958e-03,-5.65458228e-03,-5.08154720e-03,-4.48341451e-03,-3.94167680e-03,-3.49385381e-03,-3.13974939e-03,-2.85548355e-03,-2.61020508e-03,-2.38251476e-03,-2.17582792e-03,-2.03051373e-03,-2.02280862e-03,-2.26586641e-03,-2.89344861e-03,-4.05172851e-03,-5.89058545e-03,-8.54443183e-03,-1.20800987e-02,-1.63987799e-02,-2.11439562e-02,-2.57476045e-02,-2.96682893e-02,-3.26405342e-02,-3.47216902e-02,-3.61525804e-02,-3.71887205e-02,-3.80035315e-02,-3.86722633e-02,-3.92063260e-02,-3.95980295e-02,-3.98466979e-02,-3.99651968e-02,-3.99865457e-02,-3.99164195e-02,-3.97698088e-02,-3.95529437e-02,-3.92576204e-02,-3.88668359e-02,-3.83597731e-02,-3.77086649e-02,-3.68684240e-02,-3.57712177e-02,-3.43381742e-02,-3.25068800e-02,-3.02582133e-02,-2.76260296e-02,-2.46876018e-02,-2.15446568e-02,-1.83060551e-02,-1.50782985e-02,-1.19648556e-02,-9.07155565e-03,-6.51288506e-03,-4.41281982e-03,-2.89412133e-03,-2.05287807e-03,-1.90900257e-03,-2.39489301e-03,-3.31775454e-03,-4.40252196e-03
-1.09713507e-03,1.34066574e-03,3.80516213e-03,6.16072732e-03,8.33237104e-03,1.03038430e-02,1.20997959e-02,1.37536581e-02,1.52723163e-02,1.66127171e-02,1.76803500e-02,1.83493805e-02,1.84907083e-02,1.81138628e-02,1.71832638e-02,1.57572897e-02,1.39221373e-02,1.17051098e-02,9.04844234e-03,5.87634791e-03,2.24279991e-03,-1.53798877e-03,-4.91109579e-03,-7.32014568e-03,-8.43430692e-03,-8.28778703e-03,-6.92738788e-03,-4.61178586e-03,-1.59983942e-03,1.87371308e-03,5.60149006e-03,9.40693153e-03,1.31363691e-02,1.66551554e-02,1.98428503e-02,2.25892836e-02,2.47974556e-02,2.64009193e-02,2.73972445e-02,2.78833994e-02,2.80631507e-02,2.81857478e-02,2.84315615e-02,2.89149771e-02,2.96333364e-02,3.04585706e-02,3.11795837e-02,3.15547796e-02,3.13977412e-02,3.06574647e-02,2.92312064e-02,2.71409432e-02,2.44011561e-02,2.09541152e-02,1.67153256e-02,1.17447789e-02,6.42596065e-03,1.43845866e-03,-2.53334817e-03,-5.10052088e-03,-6.22955703e-03,-6.15996493e-03,-5.09270046e-03,-3.31806249e-03
-2.58588017e-02,-2.78847448e-02,-2.96166068e-02,-3.11181662e-02,-3.24720476e-02,-3.37448701e-02,-3.49616964e-02,-3.60912302e-02,-3.70390121e-02,-3.76573729e-02,-3.78447306e-02,-3.74719639e-02,-3.63301183e-02,-3.43982286e-02,-3.17104765e-02,-2.83528541e-02,-2.44408458e-02,-2.01029990e-02,-1.54733014e-02,-1.06879387e-02,-5.88202218e-03,-1.18472364e-03,3.28530376e-03,7.42145874e-03,1.11261829e-02,1.42944667e-02,1.67929061e-02,1.84413484e-02,1.90049818e-02,1.83566603e-02,1.63485832e-02,1.29360136e-02,8.36528326e-03,3.07831436e-03,-2.39712251e-03,-7.54360514e-03,-1.19384128e-02,-1.52908115e-02,-1.74732484e-02,-1.85186255e-02,-1.86640082e-02,-1.80149759e-02,-1.68356204e-02,-1.53859307e-02,-1.39106645e-02,-1.26239668e-02,-1.16823088e-02,-1.11520523e-02,-1.09839634e-02,-1.10514175e-02,-1.11747438e-02,-1.12080855e-02,-1.10803573e-02,-1.08248902e-02,-1.05564783e-02,-1.04203383e-02,-1.05480795e-02,-1.10922662e-02,-1.21498839e-02,-1.37606249e-02,-1.58761792e-02,-1.83513003e-02,-2.09746860e-02,-2.35306374e-02
2.59096260e-02,2.37273903e-02,2.07976105e-02,1.73081197e-02,1.34698236e-02,9.49379097e-03,5.57502430e-03,1.89933324e-03,-1.33295750e-03,-3.90267104e-03,-5.63223702e-03,-6.44937138e-03,-6.47028136e-03,-5.81942780e-03,-4.74249706e-03,-3.48352830e-03,-2.26433004e-03,-1.27395515e-03,-6.65254091e-04,-5.48821064e-04,-9.87920917e-04,-1.97425297e-03,-3.40089666e-03,-5.04594136e-03,-6.60402710e-03,-7.77896763e-03,-8.39350542e-03,-8.47613890e-03,-8.13009820e-03,-7.57223377e-03,-6.99625575e-03,-6.51465146e-03,-6.14535555e-03,-5.83456537e-03,-5.49003747e-03,-5.00339951e-03,-4.26210488e-03,-3.16385748e-03,-1.64111148e-03,3.13512928e-04,2.63585330e-03,5.20139160e-03,7.84947836e-03,1.04070807e-02,1.27080057e-02,1.46069566e-02,1.59902365e-02,1.67840804e-02,1.69583688e-02,1.66345094e-02,1.59091635e-02,1.50157902e-02,1.42740928e-02,1.40019995e-02,1.43803758e-02,1.54707915e-02,1.72102094e-02,1.93981234e-02,2.17706623e-02,2.40421865e-02,2.59349136e-02,2.71996838e-02,2.76239934e-02,2.72073203e-02
-1.59797509e-02,-1.97465964e-02,-2.25159219e-02,-2.44033262e-02,-2.54776763e-02,-2.58365685e-02,-2.55798511e-02,-2.47215017e-02,-2.33838293e-02,-2.16731030e-02,-1.96970741e-02,-1.75761283e-02,-1.54442137e-02,-1.34363601e-02,-1.16669864e-02,-1.02083776e-02,-9.08047249e-03,-8.25986315e-03,-7.70611859e-03,-7.39099666e-03,-7.30186677e-03,-7.44177095e-03,-7.78651318e-03,-8.24898696e-03,-8.68948664e-03,-8.96289190e-03,-9.00043247e-03,-8.79117839e-03,-8.42699318e-03,-8.03113380e-03,-7.69704578e-03,-7.44534597e-03,-7.21563983e-03,-6.88759135e-03,-6.31998774e-03,-5.39535767e-03,-4.04567675e-03,-2.25616027e-03,-5.65967006e-05,2.48917065e-03,5.29370214e-03,8.25841248e-03,1.12866066e-02,1.42965904e-02,1.72294481e-02,2.00485885e-02,2.27320488e-02,2.52615083e-02,2.76122681e-02,2.97464653e-02,3.16091754e-02,3.31254082e-02,3.41958568e-02,3.46869922e-02,3.44787297e-02,3.34849392e-02,3.14205526e-02,2.80771847e-02,2.33085269e-02,1.71395435e-02,9.90500459e-03,2.28281790e-03,-4.90748408e-03,-1.10599379e-02
-3.30156688e-02,-3.37506053e-02,-3.38497135e-02,-3.34466254e-02,-3.27835277e-02,-3.20135070e-02,-3.12214684e-02,-3.04393088e-02,-2.96562069e-02,-2.88262600e-02,-2.78758016e-02,-2.67137715e-02,-2.52466314e-02,-2.33949499e-02,-2.11072020e-02,-1.83687569e-02,-1.52058471e-02,-1.16839886e-02,-7.90057521e-03,-3.97350242e-03,-2.98977219e-05,3.79973844e-03,7.38287740e-03,1.05826728e-02,1.32573705e-02,1.52726759e-02,1.65304267e-02,1.70097523e-02,1.68425771e-02,1.62451726e-02,1.54599829e-02,1.47665604e-02,1.43327493e-02,1.41644964e-02,1.41108531e-02,1.39517060e-02,1.34639876e-02,1.24721961e-02,1.09356426e-02,8.96105667e-03,6.75011229e-03,4.52445215e-03,2.48179919e-03,7.92141705e-04,-4.04867052e-04,-1.02474294e-03,-1.07892301e-03,-6.53613305e-04,9.51596968e-05,9.83101128e-04,1.82391915e-03,2.44287301e-03,2.68422769e-03,2.42344238e-03,1.56331200e-03,1.52224726e-05,-2.30528282e-03,-5.48473861e-03,-9.55354248e-03,-1.43663653e-02,-1.95128816e-02,-2.43879426e-02,-2.84237911e-02,-3.13050915e-02
-4.42244065e-02,-4.41866425e-02,-4.38811832e-02,-4.33506641e-02,-4.26086779e-02,-4.16599903e-02,-4.04962257e-02,-3.90943760e-02,-3.74227791e-02,-3.54533578e-02,-3.31736881e-02,-3.05928765e-02,-2.77401472e-02,-2.46590757e-02,-2.14009403e-02,-1.80191203e-02,-1.45648764e-02,-1.10840127e-02,-7.61389883e-03,-4.18090888e-03,-7.99020544e-04,2.52933571e-03,5.80898314e-03,9.04290071e-03,1.22196087e-02,1.52999173e-02,1.82086167e-02,2.08373484e-02,2.30629787e-02,2.47810817e-02,2.59457704e-02,2.65966730e-02,2.68513660e-02,2.68591032e-02,2.67509150e-02,2.65538681e-02,2.62732421e-02,2.58840246e-02,2.53645677e-02,2.47033121e-02,2.38673925e-02,2.27533697e-02,2.11575304e-02,1.87909742e-02,1.53510318e-02,1.06478993e-02,4.75016268e-03,-1.94420781e-03,-8.79909854e-03,-1.52152374e-02,-2.08111337e-02,-2.54429343e-02,-2.91349708e-02,-3.20040506e-02,-3.42111827e-02,-3.59343058e-02,-3.73471248e-02,-3.85964472e-02,-3.97786704e-02,-4.09228461e-02,-4.19931437e-02,-4.29160770e-02,-4.36186487e-02,-4.40551758e-02
2.71260462e-02,3.04943457e-02,3.36705260e-02,3.66320244e-02,3.93793456e-02,4.19218895e-02,4.42635652e-02,4.63954735e-02,4.82989604e-02,4.99555796e-02,5.13554026e-02,5.24957062e-02,5.33686944e-02,5.39429985e-02,5.41238490e-02,5.39387189e-02,5.33148185e-02,5.21654051e-02,5.04789230e-02,4.82389590e-02,4.53451056e-02,4.15558299e-02,3.65122736e-02,2.99034701e-02,2.17815554e-02,1.28465208e-02,4.31447086e-03,-2.71215980e-03,-7.75730706e-03,-1.09701673e-02,-1.27776347e-02,-1.36583381e-02,-1.40418738e-02,-1.42680540e-02,-1.45902752e-02,-1.51596315e-02,-1.59854932e-02,-1.69357206e-02,-1.77775001e-02,-1.82570742e-02,-1.82720445e-02,-1.76872684e-02,-1.65814606e-02,-1.51133631e-02,-1.34821205e-02,-1.18797228e-02,-1.04538304e-02,-9.28154502e-03,-8.35624813e-03,-7.59336384e-03,-6.85738865e-03,-6.00332536e-03,-4.91950432e-03,-3.55267301e-03,-1.90398305e-03,-2.21807906e-06,2.12867759e-03,4.49005142e-03,7.10464830e-03,9.99358119e-03,1.31510114e-02,1.65314421e-02,2.00540325e-02,2.36187218e-02
-2.56063683e-02,-2.68738853e-02,-2.81803753e-02,-2.94614472e-02,-3.06096568e-02,-3.15020052e-02,-3.20367505e-02,-3.21948937e-02,-3.19603511e-02,-3.13000059e-02,-3.02598327e-02,-2.88827775e-02,-2.72149608e-02,-2.53078169e-02,-2.32153608e-02,-2.09883248e-02,-1.86692277e-02,-1.62909973e-02,-1.38784966e-02,-1.14505829e-02,-9.02145905e-03,-6.60242131e-03,-4.20593074e-03,-1.85216983e-03,4.24582032e-04,2.57345293e-03,4.53298506e-03,6.24394101e-03,7.66443196e-03,8.78048474e-03,9.60462495e-03,1.01610110e-02,1.04655782e-02,1.05140983e-02,1.03203813e-02,9.88207388e-03,9.25099445e-03,8.51519891e-03,7.76063233e-03,7.02691068e-03,6.28757577e-03,5.47101857e-03,4.50810621e-03,3.37662437e-03,2.11604999e-03,8.05313559e-04,-4.77301080e-04,-1.68288672e-03,-2.79701984e-03,-3.83198794e-03,-4.82556972e-03,-5.84678879e-03,-6.99138760e-03,-8.35220952e-03,-9.97203730e-03,-1.18108992e-02,-1.37584377e-02,-1.56856192e-02,-1.74954792e-02,-1.91415508e-02,-2.06194077e-02,-2.19537600e-02,-2.31907368e-02,-2.43894470e-02
2.95395292e-02,2.78173067e-02,2.61599872e-02,2.42379302e-02,2.18116009e-02,1.87794943e-02,1.51870166e-02,1.12064581e-02,7.11967771e-03,3.30350214e-03,1.75038888e-04,-1.91604267e-03,-2.80334711e-03,-2.53605003e-03,-1.25601855e-03,8.17243590e-04,3.47357785e-03,6.54048121e-03,9.87874134e-03,1.33705062e-02,1.69111027e-02,2.04100891e-02,2.38006787e-02,2.70516171e-02,3.01736648e-02,3.32148615e-02,3.62442788e-02,3.93299832e-02,4.25195180e-02,4.58292338e-02,4.92442587e-02,5.27264349e-02,5.62250704e-02,5.96854682e-02,6.30521772e-02,6.62665806e-02,6.92609363e-02,7.19528284e-02,7.42447986e-02,7.60332482e-02,7.72270660e-02,7.77505936e-02,7.77028337e-02,7.72838870e-02,7.64773010e-02,7.54177232e-02,7.42237577e-02,7.29331192e-02,7.15068360e-02,6.98731786e-02,6.79822203e-02,6.58459187e-02,6.35418169e-02,6.11754439e-02,5.88237275e-02,5.64913404e-02,5.40981386e-02,5.15011791e-02,4.85512729e-02,4.51804805e-02,4.14915603e-02,3.77783275e-02,3.44155527e-02,3.16648660e-02
3.72598979e-03,4.92902620e-03,5.99037220e-03,6.80631976e-03,7.33138539e-03,7.58171092e-03,7.62849143e-03,7.60354125e-03,7.67649571e-03,8.04045125e-03,8.87085095e-03,1.02482198e-02,1.21323879e-02,1.43742525e-02,1.67554458e-02,1.90350616e-02,2.09920351e-02,2.24582379e-02,2.33355139e-02,2.35852535e-02,2.33084162e-02,2.25337673e-02,2.13176077e-02,1.97680598e-02,1.80061474e-02,1.61556763e-02,1.43282588e-02,1.26127664e-02,1.10738255e-02,9.74950941e-03,8.64138937e-03,7.70806124e-03,6.87739377e-03,6.07369036e-03,5.23917017e-03,4.33539987e-03,3.32956386e-03,2.18195305e-03,8.44681770e-04,-7.30885909e-04,-2.58058282e-03,-4.70269901e-03,-7.02483563e-03,-9.38796071e-03,-1.15754586e-02,-1.33774738e-02,-1.46470628e-02,-1.53189865e-02,-1.54424865e-02,-1.50239627e-02,-1.41332491e-02,-1.28544570e-02,-1.12776905e-02,-9.50513668e-03,-7.65498706e-03,-5.85705683e-03,-4.23542923e-03,-2.87952374e-03,-1.81340472e-03,-9.79845556e-04,-2.54127584e-04,5.10834919e-04,1.42515847e-03,2.51721453e-03
2.79843004e-02,2.93665377e-02,2.99272546e-02,2.97123921e-02,2.88166663e-02,2.72739948e-02,2.52746091e-02,2.30501992e-02,2.08214099e-02,1.87392249e-02,1.68362822e-02,1.50115384e-02,1.30542012e-02,1.06979543e-02,7.70129572e-03,3.95423048e-03,-4.18718534e-04,-5.02433510e-03,-9.30729416e-03,-1.27343334e-02,-1.49293453e-02,-1.57688641e-02,-1.53502779e-02,-1.37200479e-02,-1.11561620e-02,-7.94524382e-03,-4.35541443e-03,-6.17553772e-04,3.08180832e-03,6.60244734e-03,9.84732728e-03,1.27475817e-02,1.52376220e-02,1.72201567e-02,1.85279295e-02,1.88809013e-02,1.80486244e-02,1.56293777e-02,1.13099415e-02,5.11228524e-03,-2.46733764e-03,-1.04699748e-02,-1.78401428e-02,-2.37681923e-02,-2.78440208e-02,-3.00428174e-02,-3.06923455e-02,-3.01065828e-02,-2.85116303e-02,-2.62496653e-02,-2.35363929e-02,-2.04853624e-02,-1.71382776e-02,-1.35031109e-02,-9.58942594e-03,-5.43150196e-03,-1.09535596e-03,3.32705944e-03,7.72996130e-03,1.20080128e-02,1.60600750e-02,1.97875864e-02,2.30893766e-02,2.58582348e-02
-4.75438081e-02,-4.80111330e-02,-4.78342053e-02,-4.68537889e-02,-4.52906193e-02,-4.33037884e-02,-4.10389276e-02,-3.86131944e-02,-3.61061953e-02,-3.35574552e-02,-3.09704307e-02,-2.83229009e-02,-2.55817330e-02,-2.27178341e-02,-1.97162631e-02,-1.65785157e-02,-1.33183162e-02,-9.95580189e-03,-6.51502079e-03,-3.02629266e-03,4.69287664e-04,3.91779751e-03,7.25933763e-03,1.04425063e-02,1.34407263e-02,1.62624766e-02,1.89479150e-02,2.15524649e-02,2.41267054e-02,2.67036870e-02,2.92984329e-02,3.19158690e-02,3.45588721e-02,3.72295669e-02,3.99222018e-02,4.26105013e-02,4.52333641e-02,4.76807353e-02,4.97790657e-02,5.12695715e-02,5.17052088e-02,5.10555915e-02,4.89818124e-02,4.52721353e-02,4.02009078e-02,3.44178722e-02,2.86528498e-02,2.33760718e-02,1.86880127e-02,1.44370996e-02,1.03717849e-02,6.22217045e-03,1.73456289e-03,-3.28101895e-03,-8.85591531e-03,-1.47781294e-02,-2.06380471e-02,-2.60308784e-02,-3.07570967e-02,-3.48469762e-02,-3.84290277e-02,-4.15779733e-02,-4.42434793e-02,-4.62812264e-02
-2.85017279e-02,-2.83442051e-02,-2.84480390e-02,-2.89129777e-02,-2.96724182e-02,-3.05908115e-02,-3.15043206e-02,-3.22804041e-02,-3.28479773e-02,-3.31868397e-02,-3.33101584e-02,-3.32439235e-02,-3.29372034e-02,-3.23988891e-02,-3.16470763e-02,-3.07256870e-02,-2.97006877e-02,-2.86514684e-02,-2.76658077e-02,-2.68431159e-02,-2.63021601e-02,-2.61363406e-02,-2.64746099e-02,-2.74941720e-02,-2.92212098e-02,-3.15238540e-02,-3.40866420e-02,-3.64946186e-02,-3.83815438e-02,-3.95407249e-02,-3.99729082e-02,-3.98592685e-02,-3.91730817e-02,-3.81579174e-02,-3.69987523e-02,-3.58565109e-02,-3.48514019e-02,-3.40438789e-02,-3.34277780e-02,-3.29440944e-02,-3.25100058e-02,-3.20488004e-02,-3.15122207e-02,-3.08888546e-02,-3.01990196e-02,-2.94863454e-02,-2.88114310e-02,-2.82462580e-02,-2.78656580e-02,-2.77182944e-02,-2.78137998e-02,-2.81919780e-02,-2.87734706e-02,-2.94308105e-02,-3.00157170e-02,-3.04152851e-02,-3.05945033e-02,-3.06098948e-02,-3.04865956e-02,-3.02894523e-02,-3.00327751e-02,-2.97017004e-02,-2.92935561e-02,-2.88574610e-02
-7.23736260e-02,-7.40336072e-02,-7.49517723e-02,-7.52367444e-02,-7.50276021e-02,-7.41568536e-02,-7.27624043e-02,-7.08743547e-02,-6.85153062e-02,-6.57215319e-02,-6.25548699e-02,-5.91020007e-02,-5.54639789e-02,-5.17408807e-02,-4.80164557e-02,-4.43467893e-02,-4.07555088e-02,-3.72362153e-02,-3.37609950e-02,-3.02925859e-02,-2.67973461e-02,-2.32564237e-02,-1.96730493e-02,-1.60745401e-02,-1.25087444e-02,-9.03654171e-03,-5.72405748e-03,-2.63900603e-03,1.46238935e-04,2.54544690e-03,4.45214172e-03,5.74313215e-03,6.29611050e-03,6.03558564e-03,4.97480588e-03,3.18347518e-03,8.52641292e-04,-1.77381462e-03,-4.43320949e-03,-6.87129465e-03,-8.87147877e-03,-1.03072135e-02,-1.11883298e-02,-1.16684867e-02,-1.20061884e-02,-1.25280121e-02,-1.35954618e-02,-1.55206881e-02,-1.84781335e-02,-2.24248625e-02,-2.70838426e-02,-3.20353480e-02,-3.68749393e-02,-4.13290662e-02,-4.52717139e-02,-4.86830042e-02,-5.16143084e-02,-5.41797684e-02,-5.65520666e-02,-5.89356311e-02,-6.15051969e-02,-6.43188394e-02,-6.72553433e-02,-7.00421561e-02
-2.40051704e-03,-3.59603880e-03,-4.84804395e-03,-6.03762731e-03,-6.97626904e-03,-7.47270712e-03,-7.45630882e-03,-6.88604950e-03,-5.88570253e-03,-4.64221505e-03,-3.36029473e-03,-2.21711657e-03,-1.32726679e-03,-7.18694138e-04,-3.27531909e-04,-2.74310978e-05,3.03287386e-04,7.03682968e-04,1.08493712e-03,1.23937334e-03,9.00096058e-04,-1.73813779e-04,-2.10229363e-03,-4.79154345e-03,-7.92413825e-03,-1.10403563e-02,-1.36868735e-02,-1.55497544e-02,-1.65094063e-02,-1.66774341e-02,-1.61194484e-02,-1.50073276e-02,-1.34919578e-02,-1.16787397e-02,-9.63689592e-03,-7.41998161e-03,-5.08612004e-03,-2.70746094e-03,-3.66468857e-04,1.85454583e-03,3.88200527e-03,5.65177506e-03,7.10157230e-03,8.16431693e-03,8.77210247e-03,8.87682904e-03,8.53581838e-03,7.83762900e-03,6.99018155e-03,6.23442765e-03,5.75072617e-03,5.60424255e-03,5.73944857e-03,6.04362820e-03,6.36499581e-03,6.53487055e-03,6.40127799e-03,5.87441813e-03,4.93599263e-03,3.69477152e-03,2.33498600e-03,1.02382303e-03,-1.68452908e-04,-1.27973856e-03
-1.35564751e-02,-9.50918768e-03,-5.54207913e-03,-1.74003250e-03,1.84885316e-03,5.20646046e-03,8.32885333e-03,1.12035049e-02,1.37878685e-02,1.59956209e-02,1.76972900e-02,1.87395216e-02,1.89763850e-02,1.84728461e-02,1.72452949e-02,1.54772492e-02,1.34490662e-02,1.14203010e-02,9.55882982e-03,7.91213297e-03,6.41563284e-03,4.92643531e-03,3.27709116e-03,1.34409888e-03,-8.91508094e-04,-3.33818561e-03,-5.88458443e-03,-8.53704617e-03,-1.15008690e-02,-1.51305220e-02,-1.97322192e-02,-2.52774755e-02,-3.12353858e-02,-3.67683702e-02,-4.11891887e-02,-4.42530054e-02,-4.61023712e-02,-4.70476802e-02,-4.73902921e-02,-4.73969422e-02,-4.70462690e-02,-4.63719508e-02,-4.53287579e-02,-4.38800565e-02,-4.20356843e-02,-3.98653480e-02,-3.74956787e-02,-3.51000653e-02,-3.28851858e-02,-3.10725772e-02,-2.98667001e-02,-2.93746733e-02,-2.95107581e-02,-3.02795374e-02,-3.13216218e-02,-3.22473210e-02,-3.27222531e-02,-3.26730700e-02,-3.18292289e-02,-3.02052876e-02,-2.78515758e-02,-2.48676901e-02,-2.13873413e-02,-1.75643483e-02
-1.89270510e-02,-2.12450659e-02,-2.30933257e-02,-2.46291077e-02,-2.59735833e-02,-2.71728584e-02,-2.82166484e-02,-2.90810786e-02,-2.97526620e-02,-3.02223433e-02,-3.04736153e-02,-3.05172169e-02,-3.03175519e-02,-2.98940901e-02,-2.93263197e-02,-2.87206833e-02,-2.81699306e-02,-2.77162870e-02,-2.73416756e-02,-2.69879811e-02,-2.65908128e-02,-2.61104104e-02,-2.55428720e-02,-2.49069946e-02,-2.42228327e-02,-2.34978453e-02,-2.27260795e-02,-2.18966898e-02,-2.10042984e-02,-2.00562933e-02,-1.90780850e-02,-1.81192255e-02,-1.72577089e-02,-1.65928882e-02,-1.62176137e-02,-1.61484257e-02,-1.63793856e-02,-1.67931339e-02,-1.72325682e-02,-1.75570328e-02,-1.76807850e-02,-1.75549284e-02,-1.71029023e-02,-1.62798198e-02,-1.50568675e-02,-1.34459662e-02,-1.15058824e-02,-9.32615767e-03,-7.00268394e-03,-4.62234854e-03,-2.26518683e-03,-2.03350311e-05,1.99498750e-03,3.62802270e-03,4.70364003e-03,5.05467003e-03,4.58511260e-03,3.25719816e-03,1.10734271e-03,-1.75369892e-03,-5.16140675e-03,-8.88443552e-03,-1.26157192e-02,-1.60359167e-02
-2.18142969e-03,-3.38494704e-03,-4.11169465e-03,-4.39369817e-03,-4.26121670e-03,-3.74803174e-03,-2.92869200e-03,-1.90818318e-03,-8.19816213e-04,1.86916764e-04,9.70348822e-04,1.43097768e-03,1.54263484e-03,1.37260408e-03,1.06239907e-03,8.01667173e-04,7.66324051e-04,1.05583932e-03,1.66808161e-03,2.51208407e-03,3.45802897e-03,4.39103189e-03,5.24425428e-03,6.00112508e-03,6.67463432e-03,7.28374282e-03,7.84427663e-03,8.37739250e-03,8.92475279e-03,9.55514860e-03,1.03545937e-02,1.14041133e-02,1.27572748e-02,1.44296243e-02,1.64038768e-02,1.86449849e-02,2.11158589e-02,2.37872360e-02,2.66396212e-02,2.96585473e-02,3.28261629e-02,3.61125876e-02,3.94697054e-02,4.28284144e-02,4.60987083e-02,4.91713614e-02,5.19208504e-02,5.42105131e-02,5.59010481e-02,5.68651181e-02,5.69253449e-02,5.63242450e-02,5.47754564e-02,5.21598092e-02,4.83768165e-02,4.33540155e-02,3.71486579e-02,3.00718426e-02,2.27251439e-02,1.58428176e-02,1.00014322e-02,5.42715330e-03,2.03024266e-03,-4.27904070e-04
-4.77064573e-02,-4.94203056e-02,-5.07286059e-02,-5.14561314e-02,-5.16481910e-02,-5.13402898e-02,-5.05718383e-02,-4.95276737e-02,-4.83604812e-02,-4.72056504e-02,-4.61734812e-02,-4.53373232e-02,-4.47267329e-02,-4.43299264e-02,-4.41035352e-02,-4.39850316e-02,-4.39054793e-02,-4.37883504e-02,-4.35346469e-02,-4.30410067e-02,-4.22192762e-02,-4.10136387e-02,-3.94135384e-02,-3.74585073e-02,-3.52343484e-02,-3.28623886e-02,-3.04845849e-02,-2.82470624e-02,-2.62839637e-02,-2.47038638e-02,-2.35826695e-02,-2.29645492e-02,-2.28240266e-02,-2.32041310e-02,-2.41404981e-02,-2.56472977e-02,-2.77308114e-02,-3.03713402e-02,-3.35051312e-02,-3.69992457e-02,-4.06279386e-02,-4.40854569e-02,-4.70586333e-02,-4.93238686e-02,-5.08034364e-02,-5.15608212e-02,-5.17795255e-02,-5.16205929e-02,-5.11770373e-02,-5.06319274e-02,-5.00801084e-02,-4.95458558e-02,-4.89971541e-02,-4.83735746e-02,-4.76232195e-02,-4.67354065e-02,-4.57526306e-02,-4.47648587e-02,-4.39022854e-02,-4.33243563e-02,-4.31357951e-02,-4.34361830e-02,-4.43998278e-02,-4.59119025e-02
-8.14617836e-03,-8.17631434e-03,-7.60264784e-03,-6.48773100e-03,-4.94689568e-03,-3.12273988e-03,-1.15954439e-03,8.14145035e-04,2.69612570e-03,4.41953153e-03,5.95348056e-03,7.29379009e-03,8.44264975e-03,9.38644217e-03,1.00855306e-02,1.04834003e-02,1.05280065e-02,1.02470618e-02,9.65908443e-03,8.85600277e-03,7.94198963e-03,6.98998839e-03,6.01530968e-03,4.97372260e-03,3.77920096e-03,2.33262427e-03,5.57302156e-04,-1.56435836e-03,-3.96760332e-03,-6.51735019e-03,-9.05045147e-03,-1.14261195e-02,-1.35525784e-02,-1.53765468e-02,-1.68487615e-02,-1.78908857e-02,-1.83929171e-02,-1.83402425e-02,-1.75619150e-02,-1.60757987e-02,-1.39545419e-02,-1.13283375e-02,-8.35447263e-03,-5.18983123e-03,-1.97479083e-03,1.17094382e-03,4.14221868e-03,6.84088278e-03,9.16584178e-03,1.10096120e-02,1.22638100e-02,1.28331140e-02,1.26676409e-02,1.18131925e-02,1.02955923e-02,8.26255606e-03,5.90376663e-03,3.41902201e-03,9.84796503e-04,-1.27443307e-03,-3.29538037e-03,-5.05154141e-03,-6.50476125e-03,-7.57381422e-03
2.39448408e-02,2.63290619e-02,2.83851264e-02,2.99623344e-02,3.09560203e-02,3.13447151e-02,3.12481533e-02,3.08113906e-02,3.01007236e-02,2.91887468e-02,2.80575639e-02,2.65898849e-02,2.45698213e-02,2.16932704e-02,1.76221037e-02,1.21189340e-02,5.24634848e-03,-2.49326732e-03,-1.02287357e-02,-1.71049230e-02,-2.25886930e-02,-2.65490577e-02,-2.91556428e-02,-3.07185683e-02,-3.15569487e-02,-3.19229158e-02,-3.19972811e-02,-3.18188886e-02,-3.13674830e-02,-3.06015769e-02,-2.94912244e-02,-2.80590299e-02,-2.63952512e-02,-2.46476732e-02,-2.29939259e-02,-2.16065116e-02,-2.06201644e-02,-2.01066475e-02,-2.00215594e-02,-2.03448105e-02,-2.09418578e-02,-2.16339875e-02,-2.22153161e-02,-2.24930620e-02,-2.23725948e-02,-2.16783554e-02,-2.04145565e-02,-1.86491099e-02,-1.65016162e-02,-1.41091516e-02,-1.15956128e-02,-9.05161566e-03,-6.52650472e-03,-4.03218488e-03,-1.55639441e-03,9.20200940e-04,3.41078952e-03,5.91837617e-03,8.44099475e-03,1.09792801e-02,1.35400505e-02,1.61322375e-02,1.87551211e-02,2.13819531e-02
3.18891584e-02,2.59642511e-02,2.01379123e-02,1.49902364e-02,1.09157434e-02,7.99706216e-03,6.06065723e-03,4.82481195e-03,4.02953018e-03,3.50477375e-03,3.18284996e-03,3.07498572e-03,3.22609711e-03,3.67627835e-03,4.43523135e-03,5.47174447e-03,6.72954065e-03,8.14456835e-03,9.65449715e-03,1.11972556e-02,1.27037734e-02,1.40931703e-02,1.52774525e-02,1.61790765e-02,1.67580650e-02,1.70362796e-02,1.71001341e-02,1.70826043e-02,1.70984659e-02,1.72323591e-02,1.75548379e-02,1.80996180e-02,1.88791912e-02,1.98915944e-02,2.11238845e-02,2.25559828e-02,2.41653930e-02,2.59311310e-02,2.78357780e-02,2.98661098e-02,3.20126271e-02,3.42669246e-02,3.66159808e-02,3.90349354e-02,4.14821788e-02,4.38999640e-02,4.62207599e-02,4.83769153e-02,5.03107248e-02,5.19828672e-02,5.33772581e-02,5.44990665e-02,5.53626026e-02,5.59699629e-02,5.62885634e-02,5.62519082e-02,5.58886376e-02,5.50573104e-02,5.36982014e-02,5.17790871e-02,4.92629824e-02,4.60815712e-02,4.21415894e-02,3.73844720e-02
2.30598275e-02,2.29354510e-02,2.30044120e-02,2.31654855e-02,2.32990874e-02,2.32954167e-02,2.31417222e-02,2.28090796e-02,2.23313962e-02,2.17830355e-02,2.12799411e-02,2.09661935e-02,2.09852132e-02,2.13350679e-02,2.20330989e-02,2.29509682e-02,2.38900137e-02,2.46278611e-02,2.49681416e-02,2.48189641e-02,2.41972646e-02,2.31156616e-02,2.16797654e-02,1.99853839e-02,1.80838932e-02,1.59848492e-02,1.36809276e-02,1.11810464e-02,8.54514666e-03,5.90978233e-03,3.48199815e-03,1.48904134e-03,1.07345828e-04,-5.84393202e-04,-6.17658375e-04,-8.29876364e-05,9.00660102e-04,2.23356291e-03,3.85825809e-03,5.75435156e-03,7.91545285e-03,1.03226235e-02,1.29286686e-02,1.56583573e-02,1.84201391e-02,2.11207001e-02,2.36753205e-02,2.60116365e-02,2.80683271e-02,2.97910477e-02,3.11267142e-02,3.20180660e-02,3.24047659e-02,3.22878453e-02,3.17403176e-02,3.08036422e-02,2.96567836e-02,2.84938422e-02,2.74406066e-02,2.65172695e-02,2.56725371e-02,2.48588403e-02,2.40925372e-02,2.34595297e-02
3.56787300e-03,3.11462893e-03,2.79777207e-03,2.66965659e-03,2.75344323e-03,3.02767665e-03,3.41917006e-03,3.80018083e-03,4.01346370e-03,3.91239688e-03,3.41905125e-03,2.53678813e-03,1.40539081e-03,2.75595286e-04,-5.51601637e-04,-8.17226215e-04,-3.75184497e-04,7.82457708e-04,2.53864066e-03,4.70544109e-03,7.07147620e-03,9.43763419e-03,1.16345736e-02,1.35218467e-02,1.49724068e-02,1.58519582e-02,1.59995925e-02,1.53847599e-02,1.38885767e-02,1.15863528e-02,8.75326002e-03,5.80296781e-03,3.14826819e-03,1.05321470e-03,-4.32368697e-04,-1.44816022e-03,-2.25642303e-03,-3.17192195e-03,-4.49847017e-03,-6.45443270e-03,-9.08795294e-03,-1.22153450e-02,-1.54415135e-02,-1.82868114e-02,-2.03534830e-02,-2.14332369e-02,-2.16095937e-02,-2.08865691e-02,-1.94453168e-02,-1.74763028e-02,-1.51378831e-02,-1.25501357e-02,-9.80614789e-03,-6.99415642e-03,-4.21789132e-03,-1.60410022e-03,7.07050178e-04,2.58406436e-03,3.93708883e-03,4.74041228e-03,5.03963897e-03,4.94317055e-03,4.58428870e-03,4.08754301e-03
-9.15726325e-03,-8.46783735e-03,-7.45114624e-03,-5.93215501e-03,-3.83597415e-03,-1.18419319e-03,1.93207075e-03,5.38427959e-03,9.03978659e-03,1.27770885e-02,1.64928442e-02,2.01023252e-02,2.35383676e-02,2.67522046e-02,2.97154515e-02,3.24189818e-02,3.48645703e-02,3.70490724e-02,3.89449606e-02,4.04810730e-02,4.15206398e-02,4.17980650e-02,4.12513407e-02,3.95307755e-02,3.62606935e-02,3.12239857e-02,2.44527519e-02,1.63487610e-02,7.66337421e-03,-7.55305356e-04,-8.31803226e-03,-1.48973469e-02,-2.06654456e-02,-2.58102315e-02,-3.03526445e-02,-3.41545050e-02,-3.70632589e-02,-3.90441832e-02,-4.02048645e-02,-4.07390910e-02,-4.08732336e-02,-4.07522330e-02,-4.04986003e-02,-4.02116877e-02,-3.99378580e-02,-3.96813745e-02,-3.94129346e-02,-3.90786832e-02,-3.86088880e-02,-3.79270273e-02,-3.69585451e-02,-3.56408845e-02,-3.39352899e-02,-3.18370713e-02,-2.93809143e-02,-2.66408709e-02,-2.37267923e-02,-2.07781263e-02,-1.79535570e-02,-1.54134682e-02,-1.32933323e-02,-1.16703147e-02,-1.05319505e-02,-9.76203454e-03
-2.05711897e-02,-2.01246519e-02,-1.95533178e-02,-1.87863687e-02,-1.77995595e-02,-1.66145225e-02,-1.52918805e-02,-1.39225698e-02,-1.26145790e-02,-1.14717709e-02,-1.05679721e-02,-9.92652513e-03,-9.51573122e-03,-9.26220911e-03,-9.07335174e-03,-8.85497685e-03,-8.52356045e-03,-8.02135046e-03,-7.32873010e-03,-6.46515250e-03,-5.47373336e-03,-4.39670639e-03,-3.25814979e-03,-2.06808714e-03,-8.49249378e-04,3.27375933e-04,1.31720286e-03,1.90294329e-03,1.82325161e-03,8.50816906e-04,-1.18043061e-03,-4.24090635e-03,-8.10014637e-03,-1.23836074e-02,-1.66970316e-02,-2.07391690e-02,-2.43508290e-02,-2.75073192e-02,-3.02834593e-02,-3.28077188e-02,-3.52091558e-02,-3.75616769e-02,-3.98409698e-02,-4.19176786e-02,-4.35973234e-02,-4.46903785e-02,-4.51170062e-02,-4.49823956e-02,-4.41237861e-02,-4.27234310e-02,-4.09313761e-02,-3.89007008e-02,-3.67692090e-02,-3.46453393e-02,-3.25998888e-02,-3.06671866e-02,-2.88573249e-02,-2.71749345e-02,-2.56353318e-02,-2.42695196e-02,-2.31151390e-02,-2.21973099e-02,-2.15081956e-02,-2.09960741e-02
-1.86311056e-02,-1.83217717e-02,-1.81364758e-02,-1.81656986e-02,-1.86232797e-02,-1.97461502e-02,-2.17925439e-02,-2.49572105e-02,-2.92432083e-02,-3.43424052e-02,-3.96511580e-02,-4.44884641e-02,-4.83791061e-02,-5.11872355e-02,-5.30568520e-02,-5.42726281e-02,-5.51458456e-02,-5.59625266e-02,-5.69768912e-02,-5.83841923e-02,-6.02504040e-02,-6.24402616e-02,-6.46045660e-02,-6.62845453e-02,-6.71263029e-02,-6.71964480e-02,-6.61921265e-02,-6.42258237e-02,-6.15971792e-02,-5.85920521e-02,-5.54637493e-02,-5.24128599e-02,-4.95754552e-02,-4.70206044e-02,-4.47584094e-02,-4.27579304e-02,-4.09698373e-02,-3.93457951e-02,-3.78485212e-02,-3.64522009e-02,-3.51382994e-02,-3.38927268e-02,-3.27067100e-02,-3.15792185e-02,-3.05167913e-02,-2.95282304e-02,-2.86158445e-02,-2.77689278e-02,-2.69652629e-02,-2.61813571e-02,-2.54051322e-02,-2.46417051e-02,-2.39078439e-02,-2.32202924e-02,-2.25876333e-02,-2.20107752e-02,-2.14889431e-02,-2.10236928e-02,-2.06162697e-02,-2.02608870e-02,-1.99409737e-02,-1.96327264e-02,-1.93143399e-02,-1.89764424e-02
1.29332436e-02,1.34774518e-02,1.41875820e-02,1.49577508e-02,1.57203908e-02,1.64625514e-02,1.72176168e-02,1.80359758e-02,1.89479736e-02,1.99336181e-02,2.09108386e-02,2.17487803e-02,2.23029908e-02,2.24552281e-02,2.22266951e-02,2.16251182e-02,2.07064795e-02,1.95440263e-02,1.81907600e-02,1.67100224e-02,1.52229544e-02,1.39173753e-02,1.29932165e-02,1.25850268e-02,1.27164231e-02,1.33223519e-02,1.43667233e-02,1.57868792e-02,1.75358138e-02,1.95646282e-02,2.18042879e-02,2.41596866e-02,2.65175246e-02,2.87627883e-02,3.07969581e-02,3.25523134e-02,3.39988431e-02,3.51425967e-02,3.60164046e-02,3.66653196e-02,3.71301704e-02,3.74339309e-02,3.75758514e-02,3.75451035e-02,3.73548294e-02,3.69769398e-02,3.64275299e-02,3.57391516e-02,3.49411221e-02,3.40338215e-02,3.29680022e-02,3.16468561e-02,2.99620384e-02,2.78594393e-02,2.54050738e-02,2.27981874e-02,2.02994804e-02,1.81157902e-02,1.63310478e-02,1.49277257e-02,1.38599291e-02,1.31112141e-02,1.27022217e-02,1.26625850e-02
3.24127744e-02,3.16026162e-02,3.08525251e-02,3.03290693e-02,3.01911499e-02,3.04262685e-02,3.10468733e-02,3.19784953e-02,3.30772783e-02,3.41962089e-02,3.52162742e-02,3.60584214e-02,3.66803854e-02,3.70636137e-02,3.71905187e-02,3.70824138e-02,3.67034559e-02,3.59671694e-02,3.47890048e-02,3.30988295e-02,3.08988220e-02,2.83214052e-02,2.56377744e-02,2.31888498e-02,2.12694023e-02,2.00368658e-02,1.94908851e-02,1.95159060e-02,1.99111155e-02,2.05901082e-02,2.14418958e-02,2.24081689e-02,2.34629618e-02,2.45858218e-02,2.57410811e-02,2.68696313e-02,2.78960468e-02,2.87496045e-02,2.93915272e-02,2.98353558e-02,3.01478044e-02,3.04260454e-02,3.07676262e-02,3.12536460e-02,3.19359510e-02,3.28275122e-02,3.38991759e-02,3.50798321e-02,3.62598383e-02,3.73011228e-02,3.80570318e-02,3.84018364e-02,3.83186851e-02,3.78977557e-02,3.72017561e-02,3.64122599e-02,3.57003045e-02,3.51636330e-02,3.48101000e-02,3.45781339e-02,3.43755422e-02,3.41126383e-02,3.37155877e-02,3.31440671e-02
-1.46950421e-02,-1.52798824e-02,-1.57784930e-02,-1.60423951e-02,-1.60186434e-02,-1.56345481e-02,-1.49450916e-02,-1.40261723e-02,-1.29512539e-02,-1.17738201e-02,-1.05274685e-02,-9.23862265e-03,-7.94200118e-03,-6.68880088e-03,-5.54058685e-03,-4.54786606e-03,-3.72183889e-03,-3.01747930e-03,-2.34493300e-03,-1.60748005e-03,-7.41189816e-04,2.72126394e-04,1.42209702e-03,2.69608698e-03,4.09183405e-03,5.61193797e-03,7.24958550e-03,8.97601017e-03,1.07341580e-02,1.24380951e-02,1.39772130e-02,1.52258064e-02,1.60585741e-02,1.63682736e-02,1.61231497e-02,1.53165874e-02,1.39514854e-02,1.20916405e-02,9.81110485e-03,7.18548571e-03,4.29058017e-03,1.19919852e-03,-2.01685847e-03,-5.26207397e-03,-8.38475770e-03,-1.11782518e-02,-1.34361161e-02,-1.50203567e-02,-1.58951183e-02,-1.61464624e-02,-1.58807770e-02,-1.52504963e-02,-1.44531438e-02,-1.36711834e-02,-1.30435214e-02,-1.26452485e-02,-1.24847281e-02,-1.25145057e-02,-1.26818882e-02,-1.29128601e-02,-1.31606313e-02,-1.34226759e-02,-1.37385492e-02,-1.41590553e-02
1.10098496e-02,1.08363829e-02,1.00981003e-02,8.68225058e-03,6.56663709e-03,3.82759258e-03,6.69797511e-04,-2.57658558e-03,-5.52331384e-03,-7.84545671e-03,-9.37171575e-03,-1.01091416e-02,-1.02314176e-02,-9.89600202e-03,-9.29767610e-03,-8.56983979e-03,-7.76776858e-03,-6.88258553e-03,-5.87261721e-03,-4.69923443e-03,-3.35378232e-03,-1.86799631e-03,-3.08222646e-04,1.24086841e-03,2.69597206e-03,3.99051109e-03,5.07698634e-03,5.91602329e-03,6.45867842e-03,6.63560868e-03,6.38441629e-03,5.66477682e-03,4.51366635e-03,3.09726685e-03,1.68773067e-03,5.86611749e-04,2.67681049e-05,1.13295112e-04,8.31080416e-04,2.08212704e-03,3.72989381e-03,5.62434333e-03,7.61036933e-03,9.52664555e-03,1.12023351e-02,1.24569847e-02,1.31080354e-02,1.29954096e-02,1.21201335e-02,1.04853033e-02,8.35378531e-03,6.14550735e-03,4.30806274e-03,3.15738766e-03,2.79326095e-03,3.11398553e-03,3.92001684e-03,4.99110164e-03,6.14384760e-03,7.26764490e-03,8.31635571e-03,9.27163058e-03,1.00987264e-02,1.07190908e-02
-8.12333886e-03,-6.84657522e-03,-5.45962758e-03,-4.00429398e-03,-2.54680288e-03,-1.18623489e-03,-6.07499601e-05,6.51097534e-04,7.42928047e-04,2.45252789e-05,-1.62836743e-03,-4.17455895e-03,-7.37601074e-03,-1.08525281e-02,-1.42119676e-02,-1.71542254e-02,-1.94905767e-02,-2.11112925e-02,-2.19620090e-02,-2.21167325e-02,-2.15534220e-02,-2.03580733e-02,-1.86574737e-02,-1.65850031e-02,-1.42704195e-02,-1.18342389e-02,-9.38421365e-03,-7.01084561e-03,-4.78264018e-03,-2.74458988e-03,-9.22738640e-04,6.65819503e-04,2.00074782e-03,3.04961189e-03,3.76443082e-03,4.08900164e-03,3.98198188e-03,3.45028852e-03,2.53091107e-03,1.30427248e-03,-1.60999897e-04,-1.83478081e-03,-3.71194926e-03,-5.77252088e-03,-7.95686355e-03,-1.01753602e-02,-1.23344547e-02,-1.43516615e-02,-1.61527080e-02,-1.76606928e-02,-1.87881746e-02,-1.94444138e-02,-1.96074185e-02,-1.92446850e-02,-1.84105993e-02,-1.72630186e-02,-1.59933987e-02,-1.47704470e-02,-1.36932803e-02,-1.27741445e-02,-1.19552348e-02,-1.11471092e-02,-1.02677983e-02,-9.26592225e-03
-1.76644657e-02,-1.54137379e-02,-1.32097678e-02,-1.10341823e-02,-8.82717767e-03,-6.49862268e-03,-3.95215421e-03,-1.11276944e-03,2.05350809e-03,5.53326058e-03,9.27443649e-03,1.31994909e-02,1.72177733e-02,2.12337261e-02,2.51511141e-02,2.88761479e-02,3.23224354e-02,3.54177502e-02,3.81083146e-02,4.03544141e-02,4.21147114e-02,4.33237829e-02,4.38716679e-02,4.37024307e-02,4.28450457e-02,4.11872518e-02,3.88421843e-02,3.60519426e-02,3.30999558e-02,3.01948839e-02,2.73882003e-02,2.45748325e-02,2.15649540e-02,1.81788519e-02,1.43187598e-02,9.98009262e-03,5.19014921e-03,-8.04316720e-05,-5.94846615e-03,-1.25227605e-02,-1.97156717e-02,-2.71154220e-02,-3.40792687e-02,-4.00202582e-02,-4.46327050e-02,-4.78950888e-02,-4.99383271e-02,-5.09400121e-02,-5.11639988e-02,-5.06492425e-02,-4.94170635e-02,-4.76302637e-02,-4.54345310e-02,-4.29782907e-02,-4.04048699e-02,-3.78383108e-02,-3.53678230e-02,-3.30349208e-02,-3.08298487e-02,-2.87026287e-02,-2.65873737e-02,-2.44306224e-02,-2.22111711e-02,-1.99433294e-02
-4.95307309e-03,-6.83884688e-03,-8.90534952e-03,-1.09954411e-02,-1.29511510e-02,-1.46397891e-02,-1.59846419e-02,-1.69910445e-02,-1.77491966e-02,-1.84073502e-02,-1.91273502e-02,-2.00273124e-02,-2.11167442e-02,-2.22568364e-02,-2.31787061e-02,-2.36012777e-02,-2.33967271e-02,-2.23395772e-02,-2.04992634e-02,-1.80154368e-02,-1.50633973e-02,-1.18106503e-02,-8.39206291e-03,-4.90217585e-03,-1.39817180e-03,2.09218731e-03,5.56202012e-03,9.01794435e-03,1.24734843e-02,1.59424464e-02,1.94322597e-02,2.29389041e-02,2.64442534e-02,2.99148244e-02,3.33001813e-02,3.65303985e-02,3.95141879e-02,4.21410075e-02,4.42903621e-02,4.58493544e-02,4.67363564e-02,4.68719863e-02,4.64937222e-02,4.55503538e-02,4.41399648e-02,4.24140912e-02,4.04919940e-02,3.84275667e-02,3.62023621e-02,3.37437923e-02,3.09544404e-02,2.77420109e-02,2.40550824e-02,1.99327918e-02,1.55534399e-02,1.12373557e-02,7.36747485e-03,4.25152183e-03,2.00601726e-03,5.27937352e-04,-4.46926044e-04,-1.24529472e-03,-2.15838332e-03,-3.37467952e-03
2.03082673e-02,2.18685122e-02,2.28276485e-02,2.31472286e-02,2.29239452e-02,2.22395294e-02,2.11710899e-02,1.97880619e-02,1.80542945e-02,1.58302612e-02,1.29418485e-02,9.28931546e-03,4.93154014e-03,5.97444846e-05,-5.14950439e-03,-1.06809721e-02,-1.66548111e-02,-2.31396374e-02,-2.99521495e-02,-3.66259902e-02,-4.26028067e-02,-4.74711135e-02,-5.10610160e-02,-5.33943747e-02,-5.46087438e-02,-5.49641851e-02,-5.46556364e-02,-5.36828282e-02,-5.22913171e-02,-5.06337792e-02,-4.88244232e-02,-4.69487937e-02,-4.50784627e-02,-4.32883098e-02,-4.16674118e-02,-4.03169310e-02,-3.93340391e-02,-3.87826530e-02,-3.86314882e-02,-3.88498213e-02,-3.93510478e-02,-3.99195825e-02,-4.03252728e-02,-4.04326733e-02,-4.01025288e-02,-3.92069453e-02,-3.77677614e-02,-3.58375981e-02,-3.34812658e-02,-3.07583035e-02,-2.77175418e-02,-2.44010955e-02,-2.08512398e-02,-1.71150402e-02,-1.32451055e-02,-9.29780617e-03,-5.33117888e-03,-1.40366197e-03,2.42665032e-03,6.10285072e-03,9.57213983e-03,1.27843216e-02,1.56873302e-02,1.82201640e-02
3.19651392e-02,3.31863550e-02,3.48523625e-02,3.69178988e-02,3.93295067e-02,4.20118524e-02,4.48683829e-02,4.77901541e-02,5.06676846e-02,5.34032638e-02,5.59223893e-02,5.81830440e-02,6.01814065e-02,6.19527110e-02,6.35659693e-02,6.51116521e-02,6.66834213e-02,6.83573615e-02,7.01730908e-02,7.21216165e-02,7.41437405e-02,7.61388443e-02,7.79801768e-02,7.95325169e-02,8.06689266e-02,8.12768864e-02,8.12869862e-02,8.09075868e-02,7.99739538e-02,7.84608188e-02,7.63677564e-02,7.37174059e-02,7.06060366e-02,6.72515669e-02,6.39758631e-02,6.11021914e-02,5.88328132e-02,5.71972730e-02,5.60926792e-02,5.53649118e-02,5.48741097e-02,5.45221439e-02,5.42494057e-02,5.40189269e-02,5.38034021e-02,5.35829159e-02,5.33520339e-02,5.31284151e-02,5.29510572e-02,5.28586415e-02,5.28368706e-02,5.27971165e-02,5.26096751e-02,5.20495910e-02,5.08492256e-02,4.87916047e-02,4.58402924e-02,4.22495779e-02,3.85413725e-02,3.53017771e-02,3.29314567e-02,3.15457596e-02,3.10617972e-02,3.12487496e-02
3.53918064e-02,3.67182239e-02,3.73532881e-02,3.72350853e-02,3.64795910e-02,3.50569759e-02,3.31002445e-02,3.07079255e-02,2.78653690e-02,2.44574609e-02,2.03771736e-02,1.56860141e-02,1.07162848e-02,5.98620122e-03,1.94102134e-03,-1.26980754e-03,-3.81012602e-03,-6.00112402e-03,-8.13572477e-03,-1.03554183e-02,-1.26161122e-02,-1.47420577e-02,-1.65249640e-02,-1.78077360e-02,-1.85209829e-02,-1.87103127e-02,-1.84213158e-02,-1.77379477e-02,-1.67782483e-02,-1.56524600e-02,-1.44534279e-02,-1.32490904e-02,-1.20810383e-02,-1.09693991e-02,-9.92210162e-03,-8.94486552e-03,-8.04678525e-03,-7.23698214e-03,-6.51286304e-03,-5.84773499e-03,-5.18802727e-03,-4.46481529e-03,-3.61515434e-03,-2.60229058e-03,-1.42505545e-03,-1.14592785e-04,1.27661351e-03,2.68817245e-03,4.06536866e-03,5.37253318e-03,6.60648565e-03,7.80529957e-03,9.04523902e-03,1.04221343e-02,1.20223943e-02,1.38960592e-02,1.60438998e-02,1.84227904e-02,2.09637761e-02,2.35918308e-02,2.62370006e-02,2.88319257e-02,3.12982793e-02,3.35310787e-02
1.34492063e-02,1.55489932e-02,1.75515142e-02,1.94830281e-02,2.14011852e-02,2.33747738e-02,2.54564729e-02,2.76553764e-02,2.99181950e-02,3.21263042e-02,3.41108692e-02,3.56839160e-02,3.66790902e-02,3.69759731e-02,3.67189586e-02,3.59920997e-02,3.49585128e-02,3.38618172e-02,3.28913891e-02,3.21515433e-02,3.16835233e-02,3.15025340e-02,3.15812494e-02,3.18848995e-02,3.23864997e-02,3.29943172e-02,3.35944098e-02,3.40804979e-02,3.43822705e-02,3.44732153e-02,3.44019385e-02,3.41875417e-02,3.38428507e-02,3.33862875e-02,3.28282100e-02,3.21732757e-02,3.14135781e-02,3.05149806e-02,2.94107146e-02,2.80165105e-02,2.62741430e-02,2.42136754e-02,2.19974652e-02,1.98954522e-02,1.81795619e-02,1.69976920e-02,1.63088852e-02,1.59051803e-02,1.54984183e-02,1.48141458e-02,1.36416572e-02,1.19072514e-02,9.71511167e-03,7.32649058e-03,5.08419224e-03,3.31115339e-03,2.22759347e-03,1.92051758e-03,2.35538424e-03,3.43097423e-03,5.00850676e-03,6.93493199e-03,9.06383108e-03,1.12677932e-02
4.40917988e-02,4.41965300e-02,4.42670471e-02,4.43893830e-02,4.45949082e-02,4.48447332e-02,4.50466585e-02,4.50686247e-02,4.48943226e-02,4.44075236e-02,4.35374374e-02,4.22662975e-02,4.06469870e-02,3.88024029e-02,3.68814919e-02,3.49994907e-02,3.32113193e-02,3.15315713e-02,2.99704110e-02,2.85520149e-02,2.73104468e-02,2.62808014e-02,2.55004683e-02,2.50163759e-02,2.48894469e-02,2.51048304e-02,2.56990312e-02,2.66810918e-02,2.80326303e-02,2.97382846e-02,3.17855962e-02,3.41482602e-02,3.67601134e-02,3.94896556e-02,4.21234521e-02,4.43652084e-02,4.58555084e-02,4.61113212e-02,4.53218673e-02,4.32806405e-02,4.02593583e-02,3.69181241e-02,3.39646158e-02,3.18516468e-02,3.06592923e-02,3.01777425e-02,3.00625597e-02,2.99988460e-02,2.98261803e-02,2.94832591e-02,2.90667827e-02,2.87962990e-02,2.88972084e-02,2.94297351e-02,3.04534327e-02,3.18870194e-02,3.36003209e-02,3.54611008e-02,3.73526544e-02,3.91703414e-02,4.08117178e-02,4.21757614e-02,4.31809715e-02,4.38001211e-02
-3.49000869e-02,-3.48908971e-02,-3.42298470e-02,-3.29249876e-02,-3.10310420e-02,-2.86338121e-02,-2.58263874e-02,-2.26988240e-02,-1.93354624e-02,-1.58164526e-02,-1.22209835e-02,-8.63023027e-03,-5.12880843e-03,-1.80456708e-03,1.25281825e-03,3.95305232e-03,6.21394011e-03,7.97102277e-03,9.19258746e-03,9.89402084e-03,1.01446734e-02,1.00733598e-02,9.83105901e-03,9.57731738e-03,9.48617896e-03,9.68867354e-03,1.02697733e-02,1.12562248e-02,1.26050528e-02,1.42293740e-02,1.60237277e-02,1.78824398e-02,1.97040547e-02,2.13826280e-02,2.27929348e-02,2.37787436e-02,2.41476945e-02,2.37817370e-02,2.25696251e-02,2.04395335e-02,1.75185385e-02,1.40635456e-02,1.03742223e-02,6.70278233e-03,3.21687709e-03,1.29692267e-05,-2.86214860e-03,-5.40824592e-03,-7.67639638e-03,-9.76723277e-03,-1.18178006e-02,-1.39739108e-02,-1.63441889e-02,-1.89417751e-02,-2.16452926e-02,-2.42265909e-02,-2.64559164e-02,-2.82198569e-02,-2.95656934e-02,-3.06519492e-02,-3.16535290e-02,-3.26696412e-02,-3.36646112e-02,-3.44770228e-02
7.42049139e-03,3.33848437e-03,-1.59388317e-04,-3.07502149e-03,-5.56971471e-03,-7.82919710e-03,-9.98206964e-03,-1.20613623e-02,-1.40028574e-02,-1.56861538e-02,-1.70115123e-02,-1.79743873e-02,-1.86918931e-02,-1.93729489e-02,-2.02634547e-02,-2.15633769e-02,-2.33273804e-02,-2.54076902e-02,-2.74816007e-02,-2.91631528e-02,-3.01409341e-02,-3.03542264e-02,-2.96982656e-02,-2.81972576e-02,-2.60046409e-02,-2.33015570e-02,-2.02773867e-02,-1.71118878e-02,-1.39598388e-02,-1.09399064e-02,-8.12874366e-03,-5.56088854e-03,-3.23520709e-03,-1.12778299e-03,7.91765452e-04,2.54643943e-03,4.14544707e-03,5.58589933e-03,6.85864645e-03,7.95611205e-03,8.88179156e-03,9.65895588e-03,1.03312801e-02,1.09487951e-02,1.15430227e-02,1.21058061e-02,1.25869035e-02,1.29172695e-02,1.30523027e-02,1.30223203e-02,1.29340955e-02,1.29550685e-02,1.32456577e-02,1.39487567e-02,1.51025947e-02,1.66364690e-02,1.83726384e-02,2.00395956e-02,2.12899486e-02,2.17196301e-02,2.10746092e-02,1.91401368e-02,1.59158715e-02,1.18011365e-02
-2.22294925e-02,-2.13623170e-02,-2.02766489e-02,-1.90299955e-02,-1.76888305e-02,-1.63329507e-02,-1.50539824e-02,-1.39386301e-02,-1.30387038e-02,-1.23430340e-02,-1.17718620e-02,-1.12015129e-02,-1.05073285e-02,-9.60416710e-03,-8.45859904e-03,-7.07109393e-03,-5.45143929e-03,-3.60803822e-03,-1.55371167e-03,6.84262744e-04,3.06200617e-03,5.52749430e-03,8.02784940e-03,1.05077343e-02,1.29003395e-02,1.51197077e-02,1.70625073e-02,1.86201927e-02,1.96951811e-02,2.02111885e-02,2.01171709e-02,1.94479423e-02,1.81155215e-02,1.60960529e-02,1.33441916e-02,9.77844153e-03,5.29375106e-03,-1.67752687e-04,-6.47581973e-03,-1.31945534e-02,-1.96711615e-02,-2.53027126e-02,-2.97618541e-02,-3.30094224e-02,-3.51661871e-02,-3.63897266e-02,-3.68448490e-02,-3.67550023e-02,-3.60605525e-02,-3.49303694e-02,-3.34851082e-02,-3.18437713e-02,-3.01221748e-02,-2.84296346e-02,-2.68662745e-02,-2.55200249e-02,-2.44613344e-02,-2.37326607e-02,-2.33318888e-02,-2.31959122e-02,-2.32125952e-02,-2.32435732e-02,-2.31582186e-02,-2.28330127e-02
-4.55676051e-02,-4.32009205e-02,-4.07816156e-02,-3.82824005e-02,-3.56767754e-02,-3.29410654e-02,-3.00573543e-02,-2.70171625e-02,-2.38257114e-02,-2.05063988e-02,-1.71041130e-02,-1.36849711e-02,-1.03303932e-02,-7.12566548e-03,-4.14636283e-03,-1.44838237e-03,9.32958753e-04,2.97275201e-03,4.64333931e-03,5.90650271e-03,6.72080400e-03,7.06079419e-03,6.94263683e-03,6.43198076e-03,5.60547788e-03,4.57502623e-03,3.44271028e-03,2.28112659e-03,1.12267219e-03,-4.24649689e-05,-1.26607159e-03,-2.64228163e-03,-4.30422912e-03,-6.41399354e-03,-9.14936101e-03,-1.26949808e-02,-1.72303240e-02,-2.28782300e-02,-2.95851448e-02,-3.70027164e-02,-4.45369240e-02,-5.15967766e-02,-5.78180339e-02,-6.30761427e-02,-6.73585623e-02,-7.06587992e-02,-7.29618791e-02,-7.42882105e-02,-7.47649484e-02,-7.46970907e-02,-7.39200229e-02,-7.27229051e-02,-7.12637536e-02,-6.96415428e-02,-6.78971294e-02,-6.60320563e-02,-6.40342648e-02,-6.19013775e-02,-5.96524423e-02,-5.73249080e-02,-5.49615989e-02,-5.25964508e-02,-5.02459287e-02,-4.79081760e-02
3.79117994e-02,4.04319123e-02,4.28745944e-02,4.51959290e-02,4.73617300e-02,4.93242886e-02,5.09885789e-02,5.21778259e-02,5.25546671e-02,5.20698023e-02,5.04588643e-02,4.74852289e-02,4.32481479e-02,3.81570036e-02,3.28237628e-02,2.78412600e-02,2.35802565e-02,2.01307874e-02,1.73728167e-02,1.50883079e-02,1.30568513e-02,1.11182283e-02,9.19954895e-03,7.30621054e-03,5.48226674e-03,3.75979577e-03,2.12436648e-03,5.14903443e-04,-1.14322618e-03,-2.89090860e-03,-4.70446117e-03,-6.50639940e-03,-8.20876262e-03,-9.75373445e-03,-1.11227405e-02,-1.23170857e-02,-1.33312428e-02,-1.41334316e-02,-1.46572823e-02,-1.48320852e-02,-1.45725399e-02,-1.37767124e-02,-1.24258937e-02,-1.05651799e-02,-8.29688852e-03,-5.75730212e-03,-3.08998315e-03,-4.24783112e-04,2.13512605e-03,4.52245926e-03,6.71405517e-03,8.73500761e-03,1.06532895e-02,1.25588439e-02,1.45324819e-02,1.66189013e-02,1.88169792e-02,2.10914872e-02,2.33994367e-02,2.57165229e-02,2.80487615e-02,3.04230753e-02,3.28638720e-02,3.53709360e-02
-1.91093180e-02,-1.62561866e-02,-1.37241925e-02,-1.16195437e-02,-1.00570346e-02,-9.15981243e-03,-9.00117527e-03,-9.71545444e-03,-1.13865212e-02,-1.40448941e-02,-1.76116009e-02,-2.18213945e-02,-2.62066730e-02,-3.02098439e-02,-3.33752180e-02,-3.54775875e-02,-3.65235909e-02,-3.67440784e-02,-3.62184903e-02,-3.50960683e-02,-3.35466215e-02,-3.16997073e-02,-2.96579517e-02,-2.75053859e-02,-2.53129792e-02,-2.31411184e-02,-2.10386594e-02,-1.90387065e-02,-1.71526777e-02,-1.53655026e-02,-1.36349024e-02,-1.18967850e-02,-1.00778848e-02,-8.11569091e-03,-5.98279701e-03,-3.70850081e-03,-1.38895742e-03,8.18623137e-04,2.71287082e-03,4.07703224e-03,4.70141687e-03,4.41442090e-03,3.12505740e-03,7.93856497e-04,-2.45140578e-03,-6.34437368e-03,-1.05519054e-02,-1.47560110e-02,-1.87164063e-02,-2.22963808e-02,-2.54610917e-02,-2.82512800e-02,-3.07326522e-02,-3.29313984e-02,-3.47810632e-02,-3.61139523e-02,-3.67347252e-02,-3.66844324e-02,-3.56863448e-02,-3.38630186e-02,-3.13886910e-02,-2.84808770e-02,-2.53511559e-02,-2.21795523e-02
2.02602394e-02,1.84351077e-02,1.62436062e-02,1.36037643e-02,1.03505976e-02,6.32645071e-03,1.50866627e-03,-3.89806399e-03,-9.49982465e-03,-1.49046431e-02,-1.98488249e-02,-2.41854822e-02,-2.78049896e-02,-3.06038181e-02,-3.25230208e-02,-3.35968613e-02,-3.39747807e-02,-3.38845100e-02,-3.34238127e-02,-3.28229636e-02,-3.22413756e-02,-3.17827514e-02,-3.14969682e-02,-3.13851636e-02,-3.14070164e-02,-3.15826928e-02,-3.19089255e-02,-3.24213057e-02,-3.31604414e-02,-3.41297579e-02,-3.52632545e-02,-3.64251730e-02,-3.74435328e-02,-3.81580744e-02,-3.84708829e-02,-3.84360836e-02,-3.79427274e-02,-3.70742057e-02,-3.58844026e-02,-3.44046627e-02,-3.26308558e-02,-3.05290663e-02,-2.80570177e-02,-2.51915873e-02,-2.19497831e-02,-1.83945245e-02,-1.46247835e-02,-1.07559004e-02,-6.89777753e-03,-3.13777740e-03,4.66858695e-04,3.88522715e-03,7.10128061e-03,1.01007886e-02,1.28646880e-02,1.53697199e-02,1.75914877e-02,1.95035446e-02,2.10699730e-02,2.22360108e-02,2.29253803e-02,2.30393751e-02,2.26435132e-02,2.16938427e-02
-4.43609857e-03,-3.62179591e-03,-3.24529200e-03,-3.47885942e-03,-4.41568870e-03,-5.94369982e-03,-7.72414336e-03,-9.27807870e-03,-1.01602170e-02,-1.01968273e-02,-9.25194749e-03,-7.43721125e-03,-4.92828436e-03,-1.92469871e-03,1.37287720e-03,4.76804571e-03,8.07274296e-03,1.10988005e-02,1.36470573e-02,1.54971435e-02,1.64066488e-02,1.61549016e-02,1.47181669e-02,1.20344267e-02,8.38601647e-03,4.24226313e-03,9.73013615e-05,-3.69066575e-03,-6.95622334e-03,-9.66980348e-03,-1.18583375e-02,-1.35616099e-02,-1.48236502e-02,-1.56982995e-02,-1.62526062e-02,-1.65654439e-02,-1.67249209e-02,-1.68230722e-02,-1.69518280e-02,-1.71963060e-02,-1.75985793e-02,-1.81248916e-02,-1.86562012e-02,-1.90163737e-02,-1.90776507e-02,-1.86995858e-02,-1.78412869e-02,-1.65709203e-02,-1.50397698e-02,-1.34513018e-02,-1.20176044e-02,-1.09072861e-02,-1.01982191e-02,-9.85730043e-03,-9.76273577e-03,-9.77349615e-03,-9.77267799e-03,-9.68129388e-03,-9.45082431e-03,-9.04305236e-03,-8.42703650e-03,-7.59574288e-03,-6.58546762e-03,-5.48533355e-03
-7.44673009e-03,-9.96763927e-03,-1.31419604e-02,-1.72621870e-02,-2.24023688e-02,-2.83228582e-02,-3.45137552e-02,-4.03893909e-02,-4.55007730e-02,-4.96238694e-02,-5.27165231e-02,-5.48289807e-02,-5.60407368e-02,-5.64794207e-02,-5.63813994e-02,-5.56125728e-02,-5.44124311e-02,-5.29681367e-02,-5.14705121e-02,-5.00800134e-02,-4.88881716e-02,-4.78870653e-02,-4.69645311e-02,-4.59261687e-02,-4.45396009e-02,-4.26068919e-02,-4.00248982e-02,-3.67914532e-02,-3.29727939e-02,-2.86656999e-02,-2.39736865e-02,-1.89998185e-02,-1.38499180e-02,-8.63832060e-03,-3.49040739e-03,1.46064584e-03,6.08020113e-03,1.02487676e-02,1.38713492e-02,1.68844358e-02,1.92601070e-02,2.10065729e-02,2.21632056e-02,2.27863787e-02,2.29210564e-02,2.26780721e-02,2.20633006e-02,2.11308048e-02,1.99854203e-02,1.87537356e-02,1.75491141e-02,1.64390566e-02,1.54392204e-02,1.45256076e-02,1.36384578e-02,1.26712817e-02,1.14688465e-02,9.86306467e-03,7.75210097e-03,5.18469939e-03,2.37542639e-03,-3.92393644e-04,-2.92108029e-03,-5.20769258e-03
3.66911717e-02,3.59658355e-02,3.55353932e-02,3.53393920e-02,3.53047113e-02,3.53161429e-02,3.52428368e-02,3.49003614e-02,3.40147197e-02,3.22968740e-02,2.95064651e-02,2.55102619e-02,2.03200230e-02,1.41081090e-02,7.22482170e-03,2.07368407e-04,-6.29173274e-03,-1.17230451e-02,-1.58255780e-02,-1.86099992e-02,-2.02302805e-02,-2.08764422e-02,-2.08034863e-02,-2.00083075e-02,-1.86570570e-02,-1.68966007e-02,-1.48853126e-02,-1.27826191e-02,-1.07265395e-02,-8.80880816e-03,-7.05586698e-03,-5.42413662e-03,-3.81412205e-03,-2.09932137e-03,-1.58292862e-04,2.10211222e-03,4.73623834e-03,7.75969512e-03,1.11526989e-02,1.48626971e-02,1.88055728e-02,2.28664204e-02,2.69016355e-02,3.07438521e-02,3.42111890e-02,3.71233399e-02,3.93284046e-02,4.07420988e-02,4.13926925e-02,4.14517494e-02,4.12619615e-02,4.10056185e-02,4.09655609e-02,4.11696706e-02,4.16546143e-02,4.23078033e-02,4.29295035e-02,4.33000996e-02,4.32381679e-02,4.27600757e-02,4.18012307e-02,4.04917615e-02,3.90593529e-02,3.77394254e-02
-2.30029001e-02,-2.05939686e-02,-1.80425621e-02,-1.53396044e-02,-1.24784272e-02,-9.45520851e-03,-6.27368196e-03,-2.95530963e-03,4.49152006e-04,3.85183951e-03,7.13023279e-03,1.01373728e-02,1.27156746e-02,1.47156336e-02,1.60218451e-02,1.65888678e-02,1.64914999e-02,1.59350632e-02,1.51105959e-02,1.42621724e-02,1.35256484e-02,1.28875528e-02,1.22127709e-02,1.13099347e-02,9.99732005e-03,8.16193446e-03,5.79473634e-03,2.98179553e-03,-1.42963744e-04,-3.44483671e-03,-6.79514986e-03,-1.00383313e-02,-1.29796197e-02,-1.54413361e-02,-1.73560414e-02,-1.88188450e-02,-2.00634566e-02,-2.13955142e-02,-2.31177025e-02,-2.54469839e-02,-2.84455418e-02,-3.19879716e-02,-3.57761640e-02,-3.94119885e-02,-4.25197446e-02,-4.48667620e-02,-4.64113313e-02,-4.72565150e-02,-4.75661639e-02,-4.75500697e-02,-4.71533822e-02,-4.64337662e-02,-4.53842754e-02,-4.40218578e-02,-4.24080701e-02,-4.06360709e-02,-3.87986137e-02,-3.69579523e-02,-3.51322892e-02,-3.33023121e-02,-3.14309160e-02,-2.94834103e-02,-2.74373845e-02,-2.52804240e-02
-4.29070105e-02,-4.35090009e-02,-4.36793699e-02,-4.33278685e-02,-4.23988275e-02,-4.10565453e-02,-3.94839647e-02,-3.78447761e-02,-3.62495767e-02,-3.47446888e-02,-3.33208495e-02,-3.19319140e-02,-3.05144614e-02,-2.90042532e-02,-2.73500682e-02,-2.55255688e-02,-2.35364099e-02,-2.14181984e-02,-1.92249763e-02,-1.70147463e-02,-1.48418586e-02,-1.27627182e-02,-1.08532675e-02,-9.22878742e-03,-8.05270207e-03,-7.51043976e-03,-7.73349629e-03,-8.83935564e-03,-1.07474832e-02,-1.32452653e-02,-1.60782674e-02,-1.90573082e-02,-2.20930606e-02,-2.51484916e-02,-2.81699170e-02,-3.10529689e-02,-3.36541036e-02,-3.58250648e-02,-3.74436189e-02,-3.84307243e-02,-3.87936836e-02,-3.86283915e-02,-3.78321760e-02,-3.65529250e-02,-3.49499683e-02,-3.32310596e-02,-3.16394113e-02,-3.04265482e-02,-2.98059732e-02,-2.97793896e-02,-3.04921422e-02,-3.17783059e-02,-3.33851718e-02,-3.50303534e-02,-3.64799084e-02,-3.75941987e-02,-3.83399241e-02,-3.87784977e-02,-3.90344344e-02,-3.92543788e-02,-3.95914303e-02,-4.01673747e-02,-4.10028506e-02,-4.19888354e-02
-3.61956766e-02,-3.51204405e-02,-3.41292340e-02,-3.33215155e-02,-3.27821800e-02,-3.25370936e-02,-3.25099272e-02,-3.26368133e-02,-3.27411641e-02,-3.27246351e-02,-3.24598656e-02,-3.19202449e-02,-3.11254498e-02,-3.01077885e-02,-2.88809342e-02,-2.74253399e-02,-2.56920575e-02,-2.36215933e-02,-2.11693604e-02,-1.83275137e-02,-1.51362343e-02,-1.16831912e-02,-8.09361783e-03,-4.51398025e-03,-1.09142946e-03,2.04836870e-03,4.82130194e-03,7.19744905e-03,9.19453278e-03,1.08589881e-02,1.22411151e-02,1.33729063e-02,1.42516690e-02,1.48276479e-02,1.49900498e-02,1.46161104e-02,1.35031764e-02,1.14348122e-02,8.27302993e-03,4.04764400e-03,-9.64430570e-04,-6.27105612e-03,-1.13692244e-02,-1.59529031e-02,-1.99776141e-02,-2.35839112e-02,-2.69591652e-02,-3.02182736e-02,-3.33519651e-02,-3.62561641e-02,-3.88070520e-02,-4.09199822e-02,-4.25581332e-02,-4.37063830e-02,-4.43551533e-02,-4.45520405e-02,-4.43318614e-02,-4.36735729e-02,-4.27278749e-02,-4.16376199e-02,-4.05160354e-02,-3.94199661e-02,-3.83506131e-02,-3.72811021e-02
-4.24149113e-03,-3.88859143e-03,-3.45152726e-03,-2.96107090e-03,-2.45293571e-03,-1.96975078e-03,-1.54910202e-03,-1.20435225e-03,-9.10058804e-04,-5.99223255e-04,-1.72772070e-04,4.79924329e-04,1.45175623e-03,2.78813549e-03,4.46811424e-03,6.40181838e-03,8.43969505e-03,1.03842458e-02,1.19977672e-02,1.30046167e-02,1.30774373e-02,1.20434282e-02,9.57254412e-03,5.60874926e-03,4.36083423e-04,-5.25680754e-03,-1.05717324e-02,-1.48030193e-02,-1.76681140e-02,-1.92694146e-02,-1.99119335e-02,-1.99801021e-02,-1.96699817e-02,-1.91806637e-02,-1.86090586e-02,-1.80011723e-02,-1.73891019e-02,-1.68059398e-02,-1.62760627e-02,-1.57917881e-02,-1.52959612e-02,-1.46859604e-02,-1.38459820e-02,-1.26977027e-02,-1.12359489e-02,-9.52764596e-03,-7.68295615e-03,-5.82171234e-03,-4.05173483e-03,-2.46183903e-03,-1.12301345e-03,-9.01790070e-05,5.97922950e-04,9.19422271e-04,8.68991914e-04,4.62719069e-04,-2.58659126e-04,-1.20333186e-03,-2.23021278e-03,-3.17690580e-03,-3.90920108e-03,-4.35924239e-03,-4.53086104e-03,-4.47309885e-03
5.61830351e-02,5.78164199e-02,5.91685130e-02,6.00630151e-02,6.01661751e-02,5.95923038e-02,5.79678799e-02,5.51124335e-02,5.10710294e-02,4.61243940e-02,4.07259286e-02,3.53378443e-02,3.02913123e-02,2.57620488e-02,2.18189856e-02,1.84621324e-02,1.56262073e-02,1.31781896e-02,1.09357795e-02,8.71153339e-03,6.37210737e-03,3.88970555e-03,1.35147543e-03,-1.09062185e-03,-3.29522900e-03,-5.18162216e-03,-6.72874827e-03,-7.95514641e-03,-8.89839400e-03,-9.59847564e-03,-1.00846296e-02,-1.03655703e-02,-1.04370959e-02,-1.02571979e-02,-9.76036583e-03,-8.88374600e-03,-7.58445199e-03,-5.86076284e-03,-3.75993887e-03,-1.36963628e-03,1.20350665e-03,3.85995017e-03,6.53245760e-03,9.19376017e-03,1.18476226e-02,1.45075105e-02,1.71753356e-02,1.98319918e-02,2.24435883e-02,2.49783838e-02,2.74238634e-02,2.97932182e-02,3.21164733e-02,3.44211978e-02,3.67144840e-02,3.89768889e-02,4.11717572e-02,4.32647481e-02,4.52429994e-02,4.71235869e-02,4.89466195e-02,5.07563491e-02,5.25789398e-02,5.44052814e-02
2.55869735e-02,2.28540860e-02,1.99045370e-02,1.69461905e-02,1.42213966e-02,1.18990609e-02,1.00024591e-02,8.43381491e-03,7.06891937e-03,5.84965497e-03,4.81985738e-03,4.09165433e-03,3.77455036e-03,3.91684549e-03,4.49133561e-03,5.43278106e-03,6.63678716e-03,7.98895099e-03,9.38051174e-03,1.07287508e-02,1.19993671e-02,1.32188591e-02,1.44639927e-02,1.58273546e-02,1.73735147e-02,1.91050138e-02,2.09505753e-02,2.27746290e-02,2.43959229e-02,2.56021472e-02,2.61539210e-02,2.58580380e-02,2.46269519e-02,2.23692197e-02,1.93452261e-02,1.61123977e-02,1.33553945e-02,1.16141467e-02,1.11206602e-02,1.17428787e-02,1.32993876e-02,1.55474122e-02,1.82360677e-02,2.11604038e-02,2.41533727e-02,2.70684870e-02,2.97637848e-02,3.20953400e-02,3.39268314e-02,3.51565993e-02,3.57563964e-02,3.57915131e-02,3.55178052e-02,3.50408425e-02,3.45728397e-02,3.42548898e-02,3.41069731e-02,3.40275339e-02,3.38738017e-02,3.34948726e-02,3.27584549e-02,3.15948725e-02,2.99962649e-02,2.79844269e-02
1.00842766e-02,8.85244939e-03,7.47715915e-03,6.22823580e-03,5.28905286e-03,4.71982039e-03,4.47118054e-03,4.42362767e-03,4.42380674e-03,4.31471486e-03,3.93996799e-03,3.15168079e-03,1.83822679e-03,-4.80390273e-05,-2.46859919e-03,-5.30662412e-03,-8.41112462e-03,-1.16522222e-02,-1.49637411e-02,-1.83567190e-02,-2.19062609e-02,-2.57223198e-02,-2.99085828e-02,-3.45062527e-02,-3.94317719e-02,-4.44466949e-02,-4.92015028e-02,-5.33428521e-02,-5.66168444e-02,-5.89113154e-02,-6.02388002e-02,-6.07264168e-02,-6.06636790e-02,-5.99185769e-02,-5.87460102e-02,-5.72982663e-02,-5.56928193e-02,-5.39983930e-02,-5.22351657e-02,-5.03870709e-02,-4.84223459e-02,-4.63151333e-02,-4.40600695e-02,-4.16745778e-02,-3.91890202e-02,-3.66300585e-02,-3.40052246e-02,-3.12959641e-02,-2.84626076e-02,-2.54594174e-02,-2.22534914e-02,-1.88401093e-02,-1.52496536e-02,-1.15455442e-02,-7.81581765e-03,-4.16196078e-03,-6.88237311e-04,2.50536930e-03,5.32528559e-03,7.68272285e-03,9.48841972e-03,1.06560809e-02,1.11207070e-02,1.08958068e-02
-9.53566677e-03,-7.20758643e-03,-5.08965993e-03,-3.25899922e-03,-1.76887597e-03,-6.24607791e-04,2.40057495e-04,9.68761912e-04,1.75389946e-03,2.78057000e-03,4.17203679e-03,5.96433301e-03,8.11768634e-03,1.05505802e-02,1.31750886e-02,1.59185844e-02,1.87275721e-02,2.15583484e-02,2.43637430e-02,2.70840578e-02,2.96448021e-02,3.19578711e-02,3.39208384e-02,3.54132622e-02,3.62950030e-02,3.63523885e-02,3.57179095e-02,3.42023635e-02,3.18984797e-02,2.90524080e-02,2.59795084e-02,2.29635132e-02,2.01796388e-02,1.76783279e-02,1.54140816e-02,1.32873967e-02,1.11826166e-02,9.00152607e-03,6.69864919e-03,4.31593461e-03,1.99537338e-03,-5.92049561e-05,-1.66837296e-03,-2.76651924e-03,-3.43272269e-03,-3.85769158e-03,-4.28202475e-03,-4.94198937e-03,-6.02679799e-03,-7.65548362e-03,-9.86226990e-03,-1.25712639e-02,-1.55657387e-02,-1.84956157e-02,-2.09623602e-02,-2.26468192e-02,-2.34004464e-02,-2.33801422e-02,-2.25239662e-02,-2.10483273e-02,-1.91201040e-02,-1.68852219e-02,-1.44704949e-02,-1.19873474e-02
-1.47963819e-02,-1.49875583e-02,-1.47797534e-02,-1.41114445e-02,-1.30383029e-02,-1.16504475e-02,-1.00406060e-02,-8.29033120e-03,-6.47031580e-03,-4.64511432e-03,-2.87564586e-03,-1.21919544e-03,2.69431323e-04,1.53353990e-03,2.51325291e-03,3.15512469e-03,3.43595349e-03,3.38995995e-03,3.11799403e-03,2.75037364e-03,2.42904961e-03,2.27359420e-03,2.37659189e-03,2.80291471e-03,3.59599257e-03,4.76443847e-03,6.28916096e-03,8.13037613e-03,1.02331003e-02,1.25302049e-02,1.49462277e-02,1.74034854e-02,1.98274836e-02,2.21465765e-02,2.42836028e-02,2.61427987e-02,2.75993860e-02,2.84968970e-02,2.86247413e-02,2.80411424e-02,2.65845326e-02,2.42853996e-02,2.12785322e-02,1.77095414e-02,1.36937384e-02,9.35860609e-03,4.93985193e-03,8.12829082e-04,-2.62282138e-03,-5.13567463e-03,-6.75894459e-03,-7.72788707e-03,-8.35259341e-03,-8.90120275e-03,-9.52580580e-03,-1.02366036e-02,-1.09442290e-02,-1.15457438e-02,-1.19995244e-02,-1.23487058e-02,-1.26928998e-02,-1.31323017e-02,-1.36984556e-02,-1.43106653e-02
3.19071558e-02,3.29650643e-02,3.45660797e-02,3.64542309e-02,3.84138867e-02,4.02849998e-02,4.19550173e-02,4.33458110e-02,4.43974072e-02,4.50451867e-02,4.51402461e-02,4.47434819e-02,4.36234519e-02,4.16238896e-02,3.86995941e-02,3.49600149e-02,3.06889648e-02,2.62616066e-02,2.19910504e-02,1.80201924e-02,1.43352565e-02,1.08648902e-02,7.57732192e-03,4.52286600e-03,1.82662199e-03,-3.37741112e-04,-1.77833692e-03,-2.34581012e-03,-1.98454683e-03,-7.31975688e-04,1.26007138e-03,3.77554388e-03,6.57890031e-03,9.43685527e-03,1.21349522e-02,1.44957739e-02,1.64047455e-02,1.78367447e-02,1.88640768e-02,1.96275587e-02,2.02775554e-02,2.09217808e-02,2.16072085e-02,2.23330328e-02,2.30797719e-02,2.38367241e-02,2.46181801e-02,2.54691249e-02,2.64614035e-02,2.76776456e-02,2.91826122e-02,3.09899310e-02,3.30378196e-02,3.51825102e-02,3.72079942e-02,3.88480206e-02,3.98249427e-02,3.98450094e-02,3.91061556e-02,3.75200810e-02,3.54499312e-02,3.34474354e-02,3.20391566e-02,3.15578024e-02
1.19988221e-03,4.04790788e-04,-2.19500276e-04,-9.19900767e-04,-1.85499630e-03,-3.07177103e-03,-4.53584204e-03,-6.19670119e-03,-8.04657610e-03,-1.01326053e-02,-1.25129810e-02,-1.51858309e-02,-1.80415598e-02,-2.08780260e-02,-2.34707260e-02,-2.56446276e-02,-2.72997440e-02,-2.83901211e-02,-2.88963023e-02,-2.89105761e-02,-2.83300639e-02,-2.72172324e-02,-2.56558352e-02,-2.37663959e-02,-2.16894846e-02,-1.95624619e-02,-1.74945498e-02,-1.55453055e-02,-1.37122769e-02,-1.19327157e-02,-1.01006226e-02,-8.09496345e-03,-5.80997267e-03,-3.17752581e-03,-1.77081021e-04,3.16370282e-03,6.77350541e-03,1.05449532e-02,1.43399194e-02,1.79959145e-02,2.13361963e-02,2.41882339e-02,2.64133221e-02,2.79427056e-02,2.88040782e-02,2.91167448e-02,2.90791985e-02,2.88661645e-02,2.85737680e-02,2.82808310e-02,2.79916282e-02,2.76454584e-02,2.71349441e-02,2.63294509e-02,2.51116902e-02,2.34171187e-02,2.12520435e-02,1.86802110e-02,1.57961319e-02,1.27183549e-02,9.61311714e-03,6.71093679e-03,4.26117557e-03,2.42690520e-03
7.60270733e-03,8.99155347e-03,1.01458065e-02,1.11329826e-02,1.20360207e-02,1.29180291e-02,1.38053293e-02,1.46937933e-02,1.55689697e-02,1.64226597e-02,1.72543981e-02,1.80618982e-02,1.88349211e-02,1.95626888e-02,2.02512885e-02,2.09376692e-02,2.16897083e-02,2.25928460e-02,2.37295739e-02,2.51571236e-02,2.68894029e-02,2.88900757e-02,3.10804483e-02,3.33593096e-02,3.56259014e-02,3.77955207e-02,3.98010541e-02,4.15808239e-02,4.30586595e-02,4.41220885e-02,4.45968328e-02,4.43607710e-02,4.33231876e-02,4.12531127e-02,3.81505557e-02,3.42568013e-02,3.00413474e-02,2.60585391e-02,2.27405410e-02,2.02747836e-02,1.86201104e-02,1.75945431e-02,1.69609745e-02,1.64901064e-02,1.60021723e-02,1.53802256e-02,1.45638436e-02,1.35267488e-02,1.22467314e-02,1.06934171e-02,8.84601383e-03,6.72896538e-03,4.44183719e-03,2.16359176e-03,1.23559040e-04,-1.45128682e-03,-2.39205724e-03,-2.63216895e-03,-2.17849809e-03,-1.11640590e-03,4.09703440e-04,2.22072240e-03,4.12843224e-03,5.96332067e-03
-2.01534955e-02,-1.76491571e-02,-1.49912009e-02,-1.22190326e-02,-9.39881946e-03,-6.62739886e-03,-4.02575527e-03,-1.72060183e-03,1.81914256e-04,1.61882079e-03,2.57644748e-03,3.06555394e-03,3.07679876e-03,2.57234169e-03,1.45495996e-03,-3.20271588e-04,-2.66987947e-03,-5.32613471e-03,-7.88594187e-03,-9.95388699e-03,-1.12937421e-02,-1.18938902e-02,-1.19629818e-02,-1.17263116e-02,-1.14777087e-02,-1.14257914e-02,-1.17426919e-02,-1.25724941e-02,-1.40779874e-02,-1.64782722e-02,-2.00136138e-02,-2.48204581e-02,-3.07553977e-02,-3.72982722e-02,-4.36640358e-02,-4.90749726e-02,-5.29949298e-02,-5.52217912e-02,-5.59521716e-02,-5.55474704e-02,-5.38850495e-02,-5.14684225e-02,-4.86395528e-02,-4.56967429e-02,-4.28888752e-02,-4.04069085e-02,-3.83725120e-02,-3.68267088e-02,-3.57290064e-02,-3.49770627e-02,-3.44449138e-02,-3.40228670e-02,-3.36415170e-02,-3.32725919e-02,-3.29070220e-02,-3.25251287e-02,-3.20782544e-02,-3.14903874e-02,-3.06798944e-02,-2.95891756e-02,-2.82009027e-02,-2.65320850e-02,-2.46152633e-02,-2.24814881e-02
-3.76695365e-02,-3.58946939e-02,-3.42586738e-02,-3.28582134e-02,-3.18181196e-02,-3.12742433e-02,-3.12346167e-02,-3.18611183e-02,-3.31039513e-02,-3.48042449e-02,-3.67371328e-02,-3.86832137e-02,-4.04782219e-02,-4.20219075e-02,-4.32607498e-02,-4.41655558e-02,-4.47159156e-02,-4.49191886e-02,-4.48237543e-02,-4.43220562e-02,-4.34595917e-02,-4.22825419e-02,-4.08601758e-02,-3.92691992e-02,-3.75754094e-02,-3.58216303e-02,-3.40260288e-02,-3.21903704e-02,-3.03146607e-02,-2.84130666e-02,-2.65260181e-02,-2.47253724e-02,-2.31126342e-02,-2.18120415e-02,-2.09577515e-02,-2.06415218e-02,-2.09164202e-02,-2.18953571e-02,-2.35666396e-02,-2.58956014e-02,-2.88061077e-02,-3.21333552e-02,-3.55748881e-02,-3.87130836e-02,-4.11431819e-02,-4.26332674e-02,-4.32156584e-02,-4.32249790e-02,-4.27975107e-02,-4.24307810e-02,-4.23712610e-02,-4.28741109e-02,-4.39938326e-02,-4.54829601e-02,-4.69530358e-02,-4.80240683e-02,-4.84818351e-02,-4.84192020e-02,-4.76690697e-02,-4.64466068e-02,-4.49101720e-02,-4.31877213e-02,-4.13680702e-02,-3.95120808e-02
-5.66218891e-03,-3.14021672e-03,-6.16981582e-04,1.80450528e-03,4.01232598e-03,5.89623308e-03,7.35056836e-03,8.27368307e-03,8.56600216e-03,8.17321488e-03,7.05885440e-03,5.27295933e-03,3.01063493e-03,5.67843413e-04,-1.75404495e-03,-3.75351104e-03,-5.36417380e-03,-6.60696813e-03,-7.51874479e-03,-8.10604565e-03,-8.35009895e-03,-8.24544194e-03,-7.78920362e-03,-7.05195659e-03,-6.13661861e-03,-5.14755209e-03,-4.16138739e-03,-3.21716153e-03,-2.33114053e-03,-1.52641919e-03,-8.57315908e-04,-4.12960258e-04,-2.98416852e-04,-6.06614764e-04,-1.38545652e-03,-2.60898421e-03,-4.15774728e-03,-5.82787274e-03,-7.38409872e-03,-8.63931891e-03,-9.51523898e-03,-1.00523574e-02,-1.03739589e-02,-1.06330771e-02,-1.09758865e-02,-1.15195525e-02,-1.23430878e-02,-1.34874510e-02,-1.49479089e-02,-1.66544584e-02,-1.84550282e-02,-2.01274300e-02,-2.14323367e-02,-2.21872973e-02,-2.23686379e-02,-2.19611322e-02,-2.10411671e-02,-1.97411231e-02,-1.81796239e-02,-1.64403251e-02,-1.45642881e-02,-1.25566401e-02,-1.04046143e-02,-8.10069948e-03
2.12793657e-02,2.19762266e-02,2.24545698e-02,2.27187244e-02,2.27161921e-02,2.24276610e-02,2.16971453e-02,2.03930392e-02,1.84125348e-02,1.57501516e-02,1.25669231e-02,9.20747511e-03,6.12919859e-03,3.76969635e-03,2.42773996e-03,2.21536982e-03,3.06037094e-03,4.80912141e-03,7.24737067e-03,1.01595709e-02,1.33589120e-02,1.67019135e-02,2.00912942e-02,2.34669125e-02,2.67867869e-02,3.00036316e-02,3.30439451e-02,3.57954900e-02,3.81068730e-02,3.98026657e-02,4.07220939e-02,4.07402983e-02,4.01262015e-02,3.88726021e-02,3.72923814e-02,3.57506982e-02,3.45327533e-02,3.37685236e-02,3.34234612e-02,3.33282062e-02,3.32478336e-02,3.29804552e-02,3.23076771e-02,3.10785207e-02,2.92698423e-02,2.69973448e-02,2.44665810e-02,2.18799540e-02,1.93626556e-02,1.69603567e-02,1.46979601e-02,1.26419490e-02,1.09168497e-02,9.67012914e-03,9.01993022e-03,9.02835629e-03,9.62211443e-03,1.07609740e-02,1.23001680e-02,1.40690275e-02,1.58909538e-02,1.76087719e-02,1.91085032e-02,2.03331522e-02
1.22815665e-02,1.44129819e-02,1.63581228e-02,1.80542908e-02,1.93968205e-02,2.02417316e-02,2.04230555e-02,1.99459657e-02,1.87484642e-02,1.69205031e-02,1.46812361e-02,1.23205987e-02,1.01532396e-02,8.45963966e-03,7.42186033e-03,7.08811412e-03,7.36728002e-03,8.12645383e-03,9.21967730e-03,1.05027717e-02,1.18574362e-02,1.31869677e-02,1.44146746e-02,1.54899515e-02,1.63969729e-02,1.71553846e-02,1.78056816e-02,1.83828248e-02,1.88906661e-02,1.92885451e-02,1.94923160e-02,1.93937456e-02,1.89069147e-02,1.78758968e-02,1.61607140e-02,1.36292175e-02,1.02160006e-02,6.02996810e-03,1.44697127e-03,-2.93168240e-03,-6.50635087e-03,-8.95207988e-03,-1.02787427e-02,-1.07350251e-02,-1.06480733e-02,-1.03110075e-02,-9.96864581e-03,-9.75308050e-03,-9.68734166e-03,-9.72488501e-03,-9.76848377e-03,-9.71890542e-03,-9.47409164e-03,-8.96679590e-03,-8.15906552e-03,-7.03898737e-03,-5.61184036e-03,-3.89285631e-03,-1.90710020e-03,3.04485478e-04,2.67979631e-03,5.14008349e-03,7.60354839e-03,1.00004701e-02
2.24265519e-02,2.33921680e-02,2.44768535e-02,2.55944036e-02,2.66436224e-02,2.75256969e-02,2.81444436e-02,2.83884076e-02,2.81732161e-02,2.73927715e-02,2.58947257e-02,2.36184425e-02,2.06110523e-02,1.70561190e-02,1.32560978e-02,9.55843321e-03,6.26007130e-03,3.54695361e-03,1.49542684e-03,1.09984892e-04,-6.47577532e-04,-8.61557357e-04,-6.66642805e-04,-2.49433004e-04,1.76188824e-04,4.08827562e-04,3.01933091e-04,-2.01261067e-04,-1.05247012e-03,-2.10319614e-03,-3.15061689e-03,-3.99911049e-03,-4.50365402e-03,-4.59314294e-03,-4.21340842e-03,-3.34539815e-03,-2.00066019e-03,-2.35746735e-04,1.83440902e-03,4.03900147e-03,6.17417161e-03,8.03730897e-03,9.47144947e-03,1.04098169e-02,1.09035636e-02,1.11120353e-02,1.12467183e-02,1.14843764e-02,1.19308331e-02,1.25976390e-02,1.34163863e-02,1.42835145e-02,1.51072317e-02,1.58398493e-02,1.64855533e-02,1.70825441e-02,1.76715357e-02,1.82699019e-02,1.88651967e-02,1.94305233e-02,1.99521408e-02,2.04515079e-02,2.09860000e-02,2.16267994e-02
4.99506110e-03,4.37058360e-03,3.36398538e-03,1.89771387e-03,2.47877239e-05,-2.09740524e-03,-4.31552742e-03,-6.61191624e-03,-9.16330083e-03,-1.22860106e-02,-1.62717326e-02,-2.11550104e-02,-2.65427578e-02,-3.16993680e-02,-3.58972738e-02,-3.87401203e-02,-4.02246653e-02,-4.06525924e-02,-4.02965275e-02,-3.93276960e-02,-3.80076874e-02,-3.64767413e-02,-3.47843462e-02,-3.29121257e-02,-3.08071042e-02,-2.84226583e-02,-2.57546710e-02,-2.28601355e-02,-1.98558279e-02,-1.69040496e-02,-1.41924708e-02,-1.19090682e-02,-1.02084026e-02,-9.16774367e-03,-8.74412318e-03,-8.74862824e-03,-8.91395461e-03,-8.94210428e-03,-8.58612821e-03,-7.70962438e-03,-6.29878223e-03,-4.42620332e-03,-2.21329114e-03,1.99575388e-04,2.67350651e-03,5.08722264e-03,7.34764115e-03,9.39521569e-03,1.12024782e-02,1.27619954e-02,1.40653917e-02,1.50822531e-02,1.57503132e-02,1.59816236e-02,1.57294476e-02,1.49624979e-02,1.37053892e-02,1.20988159e-02,1.03590848e-02,8.72533891e-03,7.38860267e-03,6.43387326e-03,5.82148567e-03,5.40882945e-03
2.15922926e-02,2.03390266e-02,1.96492213e-02,1.95636841e-02,1.99429433e-02,2.07555048e-02,2.18779429e-02,2.31808796e-02,2.45442394e-02,2.58547871e-02,2.70063658e-02,2.79084800e-02,2.85066289e-02,2.88098160e-02,2.89095529e-02,2.89645933e-02,2.91210444e-02,2.95147288e-02,3.02301225e-02,3.12732581e-02,3.25747229e-02,3.40018504e-02,3.53722068e-02,3.64706026e-02,3.70759988e-02,3.70010497e-02,3.63104396e-02,3.49307517e-02,3.30613405e-02,3.10438972e-02,2.92598087e-02,2.80147462e-02,2.74667817e-02,2.75889312e-02,2.82310597e-02,2.93246687e-02,3.07057596e-02,3.22210362e-02,3.37407723e-02,3.51661190e-02,3.64397883e-02,3.75540329e-02,3.85460453e-02,3.94775417e-02,4.04072400e-02,4.13693234e-02,4.23655596e-02,4.33707722e-02,4.43431616e-02,4.52274440e-02,4.59457875e-02,4.63845739e-02,4.63606548e-02,4.58895496e-02,4.47836479e-02,4.30354122e-02,4.07624087e-02,3.81614372e-02,3.54346631e-02,3.27303155e-02,3.01288818e-02,2.76664502e-02,2.53737690e-02,2.33131184e-02
-9.62609016e-03,-7.08490317e-03,-4.76852072e-03,-2.75939062e-03,-1.08214872e-03,3.11887531e-04,1.53643721e-03,2.73019335e-03,4.00294084e-03,5.39840850e-03,6.89205627e-03,8.41894712e-03,9.91158946e-03,1.13284909e-02,1.26648304e-02,1.39476548e-02,1.52236086e-02,1.65466654e-02,1.79697028e-02,1.95403979e-02,2.12998747e-02,2.32814920e-02,2.55072277e-02,2.79805938e-02,3.06773763e-02,3.35374646e-02,3.64614595e-02,3.93146327e-02,4.19393022e-02,4.41756640e-02,4.58895487e-02,4.70006585e-02,4.74975928e-02,4.74687965e-02,4.71018881e-02,4.64079061e-02,4.54888900e-02,4.44151435e-02,4.31997397e-02,4.17875622e-02,4.00520254e-02,3.78082824e-02,3.48485777e-02,3.09976982e-02,2.61787025e-02,2.04762000e-02,1.41776811e-02,7.74994443e-03,1.70723079e-03,-3.58261662e-03,-8.01808394e-03,-1.17165114e-02,-1.48633341e-02,-1.75806059e-02,-1.98625206e-02,-2.15934824e-02,-2.26283525e-02,-2.29331053e-02,-2.24920017e-02,-2.13248843e-02,-1.95724272e-02,-1.73846743e-02,-1.49068572e-02,-1.22763696e-02
2.11995378e-02,2.27082540e-02,2.39636174e-02,2.47800571e-02,2.49151578e-02,2.43488751e-02,2.29218634e-02,2.06739005e-02,1.78200283e-02,1.46953935e-02,1.16868096e-02,9.14955848e-03,7.34190964e-03,6.40381351e-03,6.38302184e-03,7.19270482e-03,8.80232981e-03,1.10895019e-02,1.39044562e-02,1.70641883e-02,2.03575536e-02,2.35646385e-02,2.64911792e-02,2.90125876e-02,3.11111826e-02,3.28816110e-02,3.44904220e-02,3.61099700e-02,3.78644869e-02,3.98065177e-02,4.19211989e-02,4.41448262e-02,4.63810612e-02,4.85066691e-02,5.03696756e-02,5.17873324e-02,5.25522274e-02,5.24805404e-02,5.16897948e-02,4.99821626e-02,4.74376449e-02,4.42793330e-02,4.08143508e-02,3.73705766e-02,3.42286391e-02,3.15613580e-02,2.93976976e-02,2.76223279e-02,2.60069750e-02,2.42638512e-02,2.21192692e-02,1.94243920e-02,1.62909092e-02,1.31447563e-02,1.05761659e-02,9.04708253e-03,8.70056199e-03,9.31406280e-03,1.06295619e-02,1.23381620e-02,1.41918131e-02,1.60442997e-02,1.78363311e-02,1.95579077e-02
-1.03127569e-02,-9.86981561e-03,-9.62184380e-03,-9.64102861e-03,-1.00227274e-02,-1.07689253e-02,-1.18154945e-02,-1.30469025e-02,-1.43347164e-02,-1.55727386e-02,-1.66891919e-02,-1.76373556e-02,-1.83847079e-02,-1.89179357e-02,-1.92602820e-02,-1.94803691e-02,-1.96798183e-02,-1.99742213e-02,-2.04584850e-02,-2.11701220e-02,-2.20831733e-02,-2.31320673e-02,-2.42520966e-02,-2.54161200e-02,-2.66498127e-02,-2.80167353e-02,-2.95741822e-02,-3.13159671e-02,-3.31398211e-02,-3.48742954e-02,-3.63520909e-02,-3.74707791e-02,-3.81979705e-02,-3.85388504e-02,-3.85643562e-02,-3.81852102e-02,-3.73798914e-02,-3.61549165e-02,-3.45665183e-02,-3.27232338e-02,-3.07687030e-02,-2.88548300e-02,-2.71154299e-02,-2.56474201e-02,-2.45033900e-02,-2.36948571e-02,-2.32004018e-02,-2.29707562e-02,-2.29231365e-02,-2.29854412e-02,-2.30436376e-02,-2.30077250e-02,-2.27540335e-02,-2.21975498e-02,-2.12930869e-02,-2.00585041e-02,-1.85821300e-02,-1.70059475e-02,-1.54867490e-02,-1.41498534e-02,-1.30541076e-02,-1.21841909e-02,-1.14755255e-02,-1.08604097e-02
3.39285527e-02,3.28994699e-02,3.15057094e-02,2.98673110e-02,2.81073647e-02,2.63415185e-02,2.46651938e-02,2.31341488e-02,2.17469777e-02,2.04402429e-02,1.90997768e-02,1.75864895e-02,1.57758432e-02,1.36085838e-02,1.11353109e-02,8.52153240e-03,5.99393384e-03,3.75702328e-03,1.94033456e-03,6.04064019e-04,-2.24882739e-04,-5.28526138e-04,-3.00629188e-04,4.43885805e-04,1.65531967e-03,3.25706222e-03,5.15703641e-03,7.25829896e-03,9.46443973e-03,1.16816762e-02,1.38229309e-02,1.58186217e-02,1.76346771e-02,1.92914883e-02,2.08713605e-02,2.25033209e-02,2.43264899e-02,2.64458171e-02,2.88964117e-02,3.16279698e-02,3.45102597e-02,3.73508311e-02,3.99149633e-02,4.19451148e-02,4.31858431e-02,4.33311914e-02,4.26239290e-02,4.09062695e-02,3.84081038e-02,3.55794926e-02,3.29050205e-02,3.07517452e-02,2.92950533e-02,2.85417981e-02,2.84215146e-02,2.87145433e-02,2.93813798e-02,3.03188015e-02,3.14115879e-02,3.25360399e-02,3.35491727e-02,3.42959486e-02,3.46307403e-02,3.45002619e-02
1.25959531e-02,1.05180542e-02,7.90985279e-03,4.92699309e-03,1.77648082e-03,-1.32755386e-03,-4.20117096e-03,-6.71153114e-03,-8.76768835e-03,-1.03052261e-02,-1.12804269e-02,-1.16869950e-02,-1.15908834e-02,-1.10270892e-02,-1.01126106e-02,-8.95892351e-03,-7.65802501e-03,-6.27904115e-03,-4.87622678e-03,-3.49865540e-03,-2.19408673e-03,-1.00723975e-03,2.17863289e-05,8.54521089e-04,1.44966128e-03,1.76481667e-03,1.76787444e-03,1.45919044e-03,8.49210408e-04,-4.84384894e-05,-1.26575132e-03,-2.90475873e-03,-5.12031943e-03,-8.05250293e-03,-1.17207666e-02,-1.59282390e-02,-2.02577078e-02,-2.41991105e-02,-2.73294822e-02,-2.94180792e-02,-3.04268946e-02,-3.05625571e-02,-2.98057219e-02,-2.83164401e-02,-2.62500320e-02,-2.37469356e-02,-2.09310231e-02,-1.79049514e-02,-1.47452104e-02,-1.15008101e-02,-8.19998172e-03,-4.86585971e-03,-1.53629752e-03,1.72132408e-03,4.80732398e-03,7.60806757e-03,1.00212507e-02,1.19812324e-02,1.34698317e-02,1.45033919e-02,1.51003617e-02,1.52444664e-02,1.49283333e-02,1.40662804e-02
-1.39732199e-02,-1.44257959e-02,-1.43866540e-02,-1.39631843e-02,-1.33926489e-02,-1.29779027e-02,-1.29928004e-02,-1.37982774e-02,-1.55721194e-02,-1.82005394e-02,-2.12012061e-02,-2.38658166e-02,-2.55700266e-02,-2.60979574e-02,-2.54334067e-02,-2.36638472e-02,-2.11103356e-02,-1.80740069e-02,-1.48096924e-02,-1.15184493e-02,-8.34875274e-03,-5.40019086e-03,-2.72822737e-03,-3.49947610e-04,1.74957165e-03,3.61099875e-03,5.29376748e-03,6.86886669e-03,8.41066830e-03,9.98672729e-03,1.16453919e-02,1.34040054e-02,1.52434605e-02,1.71142808e-02,1.89543811e-02,2.07118923e-02,2.23617291e-02,2.39058318e-02,2.53560428e-02,2.67100506e-02,2.79342852e-02,2.89600773e-02,2.96884821e-02,2.99917197e-02,2.97775455e-02,2.89619237e-02,2.74234450e-02,2.51931962e-02,2.24628011e-02,1.95708585e-02,1.69030892e-02,1.47499538e-02,1.32072020e-02,1.21583877e-02,1.13201193e-02,1.03211612e-02,8.78364718e-03,6.42223599e-03,3.18014639e-03,-6.81134225e-04,-4.64256998e-03,-8.17141399e-03,-1.09376621e-02,-1.28511197e-02
9.85173380e-03,1.20390076e-02,1.39886357e-02,1.55473943e-02,1.66588345e-02,1.73694225e-02,1.78053693e-02,1.81193741e-02,1.84290701e-02,1.87847983e-02,1.91694243e-02,1.95302560e-02,1.98333240e-02,2.01064707e-02,2.04394553e-02,2.09472276e-02,2.17219317e-02,2.27848281e-02,2.40639046e-02,2.54048177e-02,2.66027052e-02,2.74398913e-02,2.77155578e-02,2.74022592e-02,2.64677246e-02,2.49557411e-02,2.30497089e-02,2.09959487e-02,1.90569185e-02,1.74661586e-02,1.63877378e-02,1.58923817e-02,1.59601001e-02,1.64759407e-02,1.73956506e-02,1.86316089e-02,2.01185129e-02,2.18028576e-02,2.36260773e-02,2.55126033e-02,2.73683119e-02,2.90889938e-02,3.05730881e-02,3.17301072e-02,3.24774430e-02,3.27195389e-02,3.24594792e-02,3.16286673e-02,3.01619369e-02,2.80999010e-02,2.55541941e-02,2.26783985e-02,1.96283689e-02,1.65358877e-02,1.35074508e-02,1.06413339e-02,8.05117328e-03,5.88198603e-03,4.30123998e-03,3.46018153e-03,3.44799789e-03,4.22210470e-03,5.69089968e-03,7.65027011e-03
2.20743776e-02,2.24789522e-02,2.27929750e-02,2.30071718e-02,2.31953544e-02,2.34676491e-02,2.39170427e-02,2.45672361e-02,2.53449728e-02,2.60974470e-02,2.66333054e-02,2.67541102e-02,2.64265653e-02,2.55644795e-02,2.41885412e-02,2.24140749e-02,2.03949345e-02,1.82883145e-02,1.62410090e-02,1.43914137e-02,1.28659454e-02,1.17581861e-02,1.11020456e-02,1.08576026e-02,1.09088841e-02,1.11032420e-02,1.12841676e-02,1.12993383e-02,1.10983357e-02,1.06907917e-02,1.01970028e-02,9.77276305e-03,9.52624684e-03,9.46777314e-03,9.50782489e-03,9.53395989e-03,9.44759060e-03,9.21181225e-03,8.85292607e-03,8.43465981e-03,7.99799598e-03,7.51916686e-03,6.91454286e-03,6.08973289e-03,5.00803940e-03,3.74502505e-03,2.49565371e-03,1.52445908e-03,1.08399772e-03,1.34171425e-03,2.34289841e-03,4.02555942e-03,6.23952078e-03,8.78612926e-03,1.14465219e-02,1.40033614e-02,1.62615134e-02,1.80738726e-02,1.93723845e-02,2.01923277e-02,2.06676500e-02,2.09807123e-02,2.12836433e-02,2.16518093e-02
-1.77743495e-02,-1.63129586e-02,-1.44631849e-02,-1.23307820e-02,-1.00179869e-02,-7.63336726e-03,-5.29511112e-03,-3.12157639e-03,-1.21220750e-03,3.69790635e-04,1.59907506e-03,2.46960170e-03,2.96280524e-03,3.02356651e-03,2.57901564e-03,1.53783788e-03,-1.34506789e-04,-2.39527774e-03,-5.14313748e-03,-8.26935764e-03,-1.16775056e-02,-1.52451726e-02,-1.87762538e-02,-2.20164612e-02,-2.47333963e-02,-2.67910868e-02,-2.81679917e-02,-2.89303315e-02,-2.92034858e-02,-2.91499423e-02,-2.88342294e-02,-2.83874775e-02,-2.78921573e-02,-2.74008836e-02,-2.69522513e-02,-2.65830727e-02,-2.63249456e-02,-2.61838792e-02,-2.61213976e-02,-2.60611088e-02,-2.58729522e-02,-2.54039234e-02,-2.45342870e-02,-2.32107665e-02,-2.14576746e-02,-1.93662382e-02,-1.70705500e-02,-1.47206937e-02,-1.24624265e-02,-1.04290066e-02,-8.74443631e-03,-7.53016380e-03,-6.90436856e-03,-6.90565897e-03,-7.59041035e-03,-8.87168701e-03,-1.05932065e-02,-1.25605316e-02,-1.45699488e-02,-1.64127636e-02,-1.78790403e-02,-1.87892352e-02,-1.90781045e-02,-1.87335352e-02
1.30086120e-02,8.91305718e-03,3.56085596e-03,-2.67033981e-03,-9.27566768e-03,-1.57480336e-02,-2.16213991e-02,-2.65105989e-02,-3.01558069e-02,-3.24414249e-02,-3.33971272e-02,-3.33621204e-02,-3.21973393e-02,-3.01887410e-02,-2.75365897e-02,-2.44254678e-02,-2.10232193e-02,-1.74871438e-02,-1.39739666e-02,-1.06493582e-02,-7.69393761e-03,-5.30169989e-03,-3.66388209e-03,-2.92500487e-03,-3.10332981e-03,-4.04948662e-03,-5.37775792e-03,-6.58256108e-03,-7.22360680e-03,-7.12482354e-03,-6.23420547e-03,-4.73944642e-03,-2.90200394e-03,-9.90306672e-04,7.64571494e-04,2.19419002e-03,3.21065084e-03,3.80899442e-03,4.05544194e-03,4.05467560e-03,3.90904738e-03,3.67306125e-03,3.36912303e-03,3.00545347e-03,2.60666494e-03,2.22183709e-03,1.91045511e-03,1.72511414e-03,1.70649950e-03,1.88468324e-03,2.29033278e-03,2.94631030e-03,3.86465318e-03,5.04281028e-03,6.46294607e-03,8.09188372e-03,9.87845348e-03,1.17471731e-02,1.35896848e-02,1.52563640e-02,1.65500061e-02,1.72213488e-02,1.69883572e-02,1.56812014e-02
1.61391768e-02,1.26844654e-02,7.73079861e-03,1.70163181e-03,-4.78378810e-03,-1.10857877e-02,-1.67075346e-02,-2.13525026e-02,-2.49360203e-02,-2.75399321e-02,-2.93343525e-02,-3.05042984e-02,-3.12030683e-02,-3.15342249e-02,-3.15873575e-02,-3.13314747e-02,-3.07234078e-02,-2.97173525e-02,-2.82821712e-02,-2.64248739e-02,-2.41966511e-02,-2.16840674e-02,-1.89938564e-02,-1.62389350e-02,-1.35290389e-02,-1.09652338e-02,-8.63538845e-03,-6.60823034e-03,-4.92599561e-03,-3.59748992e-03,-2.59304020e-03,-1.84244969e-03,-1.23973853e-03,-6.61341326e-04,-5.74440658e-07,7.90734949e-04,1.67286213e-03,2.51774256e-03,3.13868417e-03,3.34138805e-03,2.99278670e-03,2.04571157e-03,5.56068016e-04,-1.33126525e-03,-3.42442868e-03,-5.51320743e-03,-7.37901150e-03,-8.80860071e-03,-9.61845727e-03,-9.74099078e-03,-9.10266564e-03,-7.75196301e-03,-5.79791011e-03,-3.37801961e-03,-6.33998327e-04,2.30249047e-03,5.31471742e-03,8.30029866e-03,1.11610669e-02,1.37856251e-02,1.60243547e-02,1.76641961e-02,1.84127687e-02,1.79713650e-02
-1.29965693e-02,-1.51272781e-02,-1.75330826e-02,-1.99553596e-02,-2.21340975e-02,-2.38839842e-02,-2.51430136e-02,-2.59769373e-02,-2.65437035e-02,-2.70390178e-02,-2.76491789e-02,-2.84923560e-02,-2.95577687e-02,-3.06939230e-02,-3.16533154e-02,-3.21768426e-02,-3.21942501e-02,-3.14723799e-02,-2.99943297e-02,-2.78126671e-02,-2.50285176e-02,-2.17666097e-02,-1.81565986e-02,-1.43203003e-02,-1.03671834e-02,-6.39889104e-03,-2.51996085e-03,1.15141878e-03,4.47723238e-03,7.31073408e-03,9.51325239e-03,1.09769847e-02,1.16465728e-02,1.15339407e-02,1.07505443e-02,9.33973640e-03,7.40562937e-03,5.04056618e-03,2.35759448e-03,-4.64087957e-04,-3.17119470e-03,-5.50571790e-03,-7.30397859e-03,-8.55165846e-03,-9.37109352e-03,-9.96726111e-03,-1.05711444e-02,-1.13904820e-02,-1.25433558e-02,-1.39876444e-02,-1.54950544e-02,-1.67185220e-02,-1.73416245e-02,-1.73194656e-02,-1.65729697e-02,-1.53277728e-02,-1.38440185e-02,-1.23699936e-02,-1.11036805e-02,-1.01836849e-02,-9.70433306e-03,-9.68878963e-03,-1.02232266e-02,-1.13306534e-02
1.10382903e-02,8.44103758e-03,5.60490627e-03,2.60851924e-03,-4.78008594e-04,-3.59912023e-03,-6.67321412e-03,-9.54160750e-03,-1.19723935e-02,-1.37324717e-02,-1.46699962e-02,-1.48193383e-02,-1.41701553e-02,-1.28436867e-02,-1.09976336e-02,-8.81056202e-03,-6.47342490e-03,-4.17260015e-03,-2.06621963e-03,-2.59654273e-04,1.21104438e-03,2.38048919e-03,3.33666869e-03,4.19355629e-03,5.06450714e-03,6.04216446e-03,7.18705399e-03,8.52560638e-03,1.00551318e-02,1.17487007e-02,1.35537400e-02,1.53850536e-02,1.71192846e-02,1.85989459e-02,1.96515378e-02,2.01247698e-02,1.99627725e-02,1.92511067e-02,1.81185934e-02,1.68709926e-02,1.58354746e-02,1.52427917e-02,1.51667476e-02,1.54572625e-02,1.59854212e-02,1.65608040e-02,1.70556584e-02,1.74386599e-02,1.77573300e-02,1.80905027e-02,1.85028880e-02,1.90185048e-02,1.96127639e-02,2.02210628e-02,2.07544209e-02,2.11147551e-02,2.12059825e-02,2.10070278e-02,2.04768920e-02,1.96177527e-02,1.84621782e-02,1.70345733e-02,1.53342725e-02,1.33409345e-02
-2.15610183e-02,-2.17317164e-02,-2.14983930e-02,-2.07918893e-02,-1.96757316e-02,-1.82756355e-02,-1.67561715e-02,-1.52911509e-02,-1.40332526e-02,-1.30841341e-02,-1.24684751e-02,-1.21215298e-02,-1.19043394e-02,-1.16376807e-02,-1.11318733e-02,-1.02363727e-02,-8.86609076e-03,-7.00588335e-03,-4.70369079e-03,-2.05896904e-03,7.91079133e-04,3.68621723e-03,6.46538799e-03,8.98819140e-03,1.11555191e-02,1.29239139e-02,1.43076028e-02,1.53678834e-02,1.61965081e-02,1.69010702e-02,1.75948905e-02,1.83887808e-02,1.93808967e-02,2.06418050e-02,2.21956073e-02,2.40008960e-02,2.59371411e-02,2.78044167e-02,2.93453861e-02,3.02932596e-02,3.03930649e-02,2.97967318e-02,2.84587297e-02,2.66091872e-02,2.45303421e-02,2.24084489e-02,2.02694922e-02,1.79885976e-02,1.53498501e-02,1.21362030e-02,8.24268621e-03,3.78103938e-03,-9.00118843e-04,-5.32773143e-03,-9.11327121e-03,-1.20794997e-02,-1.42587897e-02,-1.58165128e-02,-1.69623571e-02,-1.78862811e-02,-1.87250934e-02,-1.95485109e-02,-2.03535388e-02,-2.10662936e-02
-1.53202057e-02,-1.44524064e-02,-1.39053663e-02,-1.35794584e-02,-1.33642335e-02,-1.31740777e-02,-1.29522659e-02,-1.26527318e-02,-1.22227783e-02,-1.16060776e-02,-1.07624228e-02,-9.68401549e-03,-8.39329692e-03,-6.92379947e-03,-5.29550970e-03,-3.49679790e-03,-1.48179535e-03,8.12791853e-04,3.43567450e-03,6.38800463e-03,9.60821215e-03,1.29798325e-02,1.63576136e-02,1.96000638e-02,2.25946423e-02,2.52640669e-02,2.75502449e-02,2.93852444e-02,3.06691827e-02,3.12739587e-02,3.11197513e-02,3.02736548e-02,2.87094709e-02,2.65972490e-02,2.41338378e-02,2.14426309e-02,1.85250905e-02,1.52847851e-02,1.16041513e-02,7.43281894e-03,2.84444926e-03,-1.96577947e-03,-6.72642883e-03,-1.11560663e-02,-1.50068247e-02,-1.81149618e-02,-2.04460138e-02,-2.20968489e-02,-2.32430338e-02,-2.40634948e-02,-2.46845095e-02,-2.51632946e-02,-2.55067984e-02,-2.57040943e-02,-2.57590315e-02,-2.56611530e-02,-2.53752806e-02,-2.48545888e-02,-2.40367247e-02,-2.28831707e-02,-2.14212531e-02,-1.97608569e-02,-1.80739748e-02,-1.65462626e-02
2.67477674e-03,-4.29545832e-03,-1.09660144e-02,-1.68310148e-02,-2.16313734e-02,-2.52758266e-02,-2.77455840e-02,-2.90622339e-02,-2.93823596e-02,-2.87243297e-02,-2.71307473e-02,-2.47537071e-02,-2.17568037e-02,-1.83150120e-02,-1.46033770e-02,-1.07823699e-02,-6.98542244e-03,-3.31208570e-03,1.72025869e-04,3.42936334e-03,6.44296573e-03,9.21034076e-03,1.17422033e-02,1.40650566e-02,1.62227384e-02,1.82717865e-02,2.02689953e-02,2.22556669e-02,2.42472329e-02,2.62349973e-02,2.81991537e-02,3.01239797e-02,3.20036696e-02,3.38334051e-02,3.55908663e-02,3.72208929e-02,3.86362763e-02,3.97410794e-02,4.04709400e-02,4.08310762e-02,4.09003430e-02,4.08331551e-02,4.06898495e-02,4.05075067e-02,4.02614863e-02,3.98806599e-02,3.92921001e-02,3.84684842e-02,3.74546651e-02,3.63515227e-02,3.52668390e-02,3.42681823e-02,3.33654710e-02,3.25233429e-02,3.16858711e-02,3.07963782e-02,2.98020413e-02,2.86398050e-02,2.72098297e-02,2.53528277e-02,2.28483661e-02,1.94455058e-02,1.49349657e-02,9.26640056e-03
-2.22836387e-02,-2.17212634e-02,-2.13083593e-02,-2.10518411e-02,-2.08672696e-02,-2.06038634e-02,-2.00624541e-02,-1.90578492e-02,-1.74681334e-02,-1.52550212e-02,-1.24570249e-02,-9.16438459e-03,-5.48972173e-03,-1.54510207e-03,2.57098611e-03,6.77892234e-03,1.10225092e-02,1.52680258e-02,1.95026278e-02,2.37291436e-02,2.79569616e-02,3.21906434e-02,3.64193372e-02,4.06101483e-02,4.47073488e-02,4.86373437e-02,5.23175225e-02,5.56661954e-02,5.86110493e-02,6.10944867e-02,6.30747255e-02,6.45214575e-02,6.54055919e-02,6.56190650e-02,6.53272359e-02,6.44010259e-02,6.27120997e-02,6.02294277e-02,5.69780040e-02,5.30368733e-02,4.85178710e-02,4.35239021e-02,3.81260464e-02,3.24065028e-02,2.65614452e-02,2.09655920e-02,1.60799363e-02,1.22312839e-02,9.45375315e-03,7.50680254e-03,5.99731742e-03,4.49436432e-03,2.59910557e-03,1.38668508e-06,-3.43238329e-03,-7.55625151e-03,-1.19352304e-02,-1.59993917e-02,-1.92854874e-02,-2.15782877e-02,-2.28924250e-02,-2.33903701e-02,-2.33421148e-02,-2.28872202e-02
2.55930561e-02,2.63857494e-02,2.71929397e-02,2.82022516e-02,2.95732877e-02,3.14055380e-02,3.37278522e-02,3.65116325e-02,3.96938587e-02,4.31975920e-02,4.69458662e-02,5.08696932e-02,5.49116571e-02,5.90260125e-02,6.31760263e-02,6.73295829e-02,7.14542814e-02,7.55130674e-02,7.94609904e-02,8.32431709e-02,8.67936492e-02,9.00344953e-02,9.28745331e-02,9.52074940e-02,9.69086904e-02,9.77937378e-02,9.77688066e-02,9.71077477e-02,9.55146939e-02,9.29579788e-02,8.95437417e-02,8.54485958e-02,8.08431859e-02,7.58051467e-02,7.02554068e-02,6.39556639e-02,5.65893569e-02,4.79442581e-02,3.81874686e-02,2.80843785e-02,1.88539688e-02,1.15880980e-02,6.73661164e-03,4.10335364e-03,3.16038537e-03,3.32009199e-03,4.07221689e-03,5.03784819e-03,5.93865194e-03,6.61725385e-03,7.03752880e-03,7.27937837e-03,7.50857997e-03,7.91741429e-03,8.67365369e-03,9.87035596e-03,1.15025839e-02,1.34789694e-02,1.56543869e-02,1.78671141e-02,1.99681728e-02,2.18392386e-02,2.34038378e-02,2.46395728e-02
-4.70251890e-02,-4.91336300e-02,-5.06428938e-02,-5.17551717e-02,-5.26556497e-02,-5.34796560e-02,-5.42835079e-02,-5.50286171e-02,-5.56042359e-02,-5.58960199e-02,-5.59137141e-02,-5.55347883e-02,-5.47731490e-02,-5.36697942e-02,-5.22390914e-02,-5.04647257e-02,-4.83121923e-02,-4.57473922e-02,-4.27512066e-02,-3.93259372e-02,-3.54955527e-02,-3.13031889e-02,-2.68080039e-02,-2.20822887e-02,-1.72093455e-02,-1.22824028e-02,-7.40441218e-03,-2.68812631e-03,1.74459461e-03,5.76319558e-03,9.24255167e-03,1.20771972e-02,1.42032356e-02,1.56193859e-02,1.63956405e-02,1.66619626e-02,1.66009201e-02,1.63778057e-02,1.61303532e-02,1.59860306e-02,1.60181993e-02,1.62198070e-02,1.65641412e-02,1.69649450e-02,1.73131003e-02,1.74894229e-02,1.73813838e-02,1.69110130e-02,1.59792477e-02,1.45530032e-02,1.26542090e-02,1.03406866e-02,7.66147476e-03,4.61223538e-03,1.12381154e-03,-2.90474296e-03,-7.54525165e-03,-1.27863627e-02,-1.85043859e-02,-2.44564235e-02,-3.03075831e-02,-3.57037378e-02,-4.03632232e-02,-4.41384158e-02
-2.45951285e-02,-2.90397303e-02,-3.40495127e-02,-3.92427232e-02,-4.41722865e-02,-4.83647202e-02,-5.14152135e-02,-5.31215832e-02,-5.36341740e-02,-5.31505838e-02,-5.16630603e-02,-4.95547830e-02,-4.70639284e-02,-4.43515792e-02,-4.15162263e-02,-3.86118658e-02,-3.56671235e-02,-3.27009951e-02,-2.97338161e-02,-2.67931064e-02,-2.39136692e-02,-2.11318037e-02,-1.84756640e-02,-1.59565833e-02,-1.35673226e-02,-1.12911566e-02,-9.12076467e-03,-7.07984807e-03,-5.23550543e-03,-3.68842352e-03,-2.53447950e-03,-1.80774577e-03,-1.43612008e-03,-1.24790529e-03,-1.03556856e-03,-6.35850152e-04,1.92236287e-05,9.03630876e-04,1.92843060e-03,2.97350224e-03,3.90566927e-03,4.58782502e-03,4.88720385e-03,4.69341105e-03,3.93139719e-03,2.53521382e-03,4.82740539e-04,-2.20777543e-03,-5.44259867e-03,-9.01167695e-03,-1.25763032e-02,-1.57291876e-02,-1.81132133e-02,-1.95330923e-02,-2.00250490e-02,-1.97677860e-02,-1.89594457e-02,-1.79207879e-02,-1.69523755e-02,-1.63270046e-02,-1.62183791e-02,-1.68575714e-02,-1.84200998e-02,-2.10034265e-02
1.71379920e-02,1.69130635e-02,1.70862635e-02,1.76521510e-02,1.85794408e-02,1.97758357e-02,2.11377084e-02,2.25664007e-02,2.39651387e-02,2.52244252e-02,2.62133205e-02,2.67910492e-02,2.68106230e-02,2.63557422e-02,2.53682601e-02,2.39573468e-02,2.22391008e-02,2.02620491e-02,1.79867273e-02,1.53383093e-02,1.23120450e-02,9.06596530e-03,5.91535532e-03,3.20171357e-03,1.12874131e-03,-3.06172151e-04,-1.25487208e-03,-1.90027712e-03,-2.35528302e-03,-2.62745757e-03,-2.66600112e-03,-2.42633383e-03,-1.94965360e-03,-1.37239968e-03,-8.85079464e-04,-6.57610641e-04,-7.60549181e-04,-1.11699546e-03,-1.51372896e-03,-1.68443830e-03,-1.40666269e-03,-5.56826270e-04,8.67820521e-04,2.77825454e-03,5.03637116e-03,7.48966721e-03,9.99994551e-03,1.24637078e-02,1.48209707e-02,1.70486308e-02,1.91390040e-02,2.10714467e-02,2.27893851e-02,2.41938303e-02,2.51592664e-02,2.55698651e-02,2.54115005e-02,2.47603015e-02,2.36894928e-02,2.23845839e-02,2.10249189e-02,1.97426324e-02,1.86234552e-02,1.77325539e-02
7.10564015e-02,7.23891245e-02,7.36505684e-02,7.48456003e-02,7.58708147e-02,7.64207995e-02,7.61693410e-02,7.48611244e-02,7.18111175e-02,6.65107847e-02,5.88318940e-02,4.93102390e-02,3.91838877e-02,2.99373007e-02,2.26300804e-02,1.75912712e-02,1.45945730e-02,1.31860351e-02,1.29232074e-02,1.33781273e-02,1.43524660e-02,1.56539171e-02,1.71181236e-02,1.85940573e-02,1.99292913e-02,2.09777288e-02,2.16239517e-02,2.18105928e-02,2.16301400e-02,2.11771353e-02,2.06005271e-02,2.00563268e-02,1.96310097e-02,1.93309005e-02,1.91120231e-02,1.89293788e-02,1.87787817e-02,1.87200343e-02,1.88543000e-02,1.92972439e-02,2.01579805e-02,2.14850208e-02,2.32597511e-02,2.54055383e-02,2.78091724e-02,3.03473347e-02,3.29121071e-02,3.54299209e-02,3.78688920e-02,4.02323920e-02,4.25422056e-02,4.48195551e-02,4.70728416e-02,4.92968191e-02,5.14816570e-02,5.36250303e-02,5.57386076e-02,5.78434660e-02,5.99556886e-02,6.20696858e-02,6.41492312e-02,6.61338529e-02,6.79614252e-02,6.95978955e-02
-8.11893744e-03,-6.92768786e-03,-5.29144700e-03,-3.31438522e-03,-1.13079515e-03,1.11357080e-03,3.26669754e-03,5.17751025e-03,6.70790389e-03,7.76171428e-03,8.32497750e-03,8.49601791e-03,8.48121549e-03,8.50166904e-03,8.71100069e-03,9.15176732e-03,9.72449803e-03,1.02411514e-02,1.04971167e-02,1.03497993e-02,9.77078713e-03,8.79838749e-03,7.56571419e-03,6.21501436e-03,4.84283211e-03,3.48421384e-03,2.13800516e-03,8.10469003e-04,-4.55091216e-04,-1.58588336e-03,-2.52369375e-03,-3.27081653e-03,-3.90355016e-03,-4.54172246e-03,-5.28870602e-03,-6.16978108e-03,-7.10418542e-03,-7.93220799e-03,-8.48341780e-03,-8.65962214e-03,-8.43529987e-03,-7.85967227e-03,-7.04493667e-03,-6.12175225e-03,-5.21899190e-03,-4.45291454e-03,-3.92132797e-03,-3.69483810e-03,-3.80727308e-03,-4.26291700e-03,-5.01218246e-03,-5.96305379e-03,-6.99043763e-03,-7.95226379e-03,-8.71360306e-03,-9.18158054e-03,-9.34624149e-03,-9.27958876e-03,-9.11758313e-03,-9.00836508e-03,-9.01321659e-03,-9.09313653e-03,-9.09606630e-03,-8.82363533e-03
3.17104984e-03,4.27816684e-03,5.43419787e-03,6.57390977e-03,7.59164916e-03,8.37224398e-03,8.82300210e-03,8.90563453e-03,8.69961508e-03,8.33059980e-03,7.99683549e-03,7.86053106e-03,7.95407432e-03,8.18110115e-03,8.35922497e-03,8.28585726e-03,7.84501841e-03,6.96448014e-03,5.66353073e-03,3.99564298e-03,2.01471838e-03,-2.28714109e-04,-2.66859264e-03,-5.20661148e-03,-7.71224865e-03,-1.00366808e-02,-1.20375774e-02,-1.36111125e-02,-1.47178113e-02,-1.53831019e-02,-1.56695387e-02,-1.56753211e-02,-1.54075691e-02,-1.49092345e-02,-1.42280424e-02,-1.34520254e-02,-1.27146345e-02,-1.21690859e-02,-1.19331466e-02,-1.20380362e-02,-1.24586364e-02,-1.30485463e-02,-1.36285643e-02,-1.40466745e-02,-1.42233556e-02,-1.41616151e-02,-1.38806478e-02,-1.34548910e-02,-1.29548405e-02,-1.24302499e-02,-1.18998838e-02,-1.13505906e-02,-1.07451259e-02,-1.00359758e-02,-9.18038858e-03,-8.15220665e-03,-6.94955075e-03,-5.59948816e-03,-4.15875395e-03,-2.70634653e-03,-1.32394477e-03,-6.65864141e-05,1.06302316e-03,2.11694592e-03
3.47667265e-02,3.44265990e-02,3.37513291e-02,3.26932021e-02,3.11806868e-02,2.91280401e-02,2.64675557e-02,2.31892393e-02,1.93647981e-02,1.51335585e-02,1.06503764e-02,6.02804200e-03,1.31226438e-03,-3.50289178e-03,-8.43721220e-03,-1.34802785e-02,-1.85515659e-02,-2.34743873e-02,-2.79887464e-02,-3.18166898e-02,-3.47520806e-02,-3.67199861e-02,-3.77791296e-02,-3.81119056e-02,-3.78924515e-02,-3.71517649e-02,-3.60136385e-02,-3.45193311e-02,-3.26694217e-02,-3.04550042e-02,-2.78832354e-02,-2.49903224e-02,-2.18395708e-02,-1.85092418e-02,-1.50785947e-02,-1.16188969e-02,-8.19142329e-03,-4.84977368e-03,-1.64199470e-03,1.38978534e-03,4.20953622e-03,6.78524799e-03,9.08153874e-03,1.10563980e-02,1.26698031e-02,1.39058610e-02,1.47996195e-02,1.54521555e-02,1.60184277e-02,1.66682553e-02,1.75444132e-02,1.87295276e-02,2.02304501e-02,2.19883175e-02,2.39042200e-02,2.58656277e-02,2.77657256e-02,2.95155504e-02,3.10514774e-02,3.23380418e-02,3.33632228e-02,3.41259068e-02,3.46218369e-02,3.48355502e-02
-2.23548683e-02,-2.14745377e-02,-2.05155366e-02,-1.94567071e-02,-1.82853882e-02,-1.69941479e-02,-1.55841458e-02,-1.40712227e-02,-1.24892059e-02,-1.08875613e-02,-9.32352038e-03,-7.85004473e-03,-6.50232233e-03,-5.28838882e-03,-4.19141467e-03,-3.18790091e-03,-2.27717265e-03,-1.50896148e-03,-9.94829605e-04,-8.91044558e-04,-1.36873358e-03,-2.56114259e-03,-4.53236488e-03,-7.28560226e-03,-1.08036393e-02,-1.50613210e-02,-1.99566298e-02,-2.52064434e-02,-3.03399421e-02,-3.48519949e-02,-3.84026370e-02,-4.09060370e-02,-4.24806304e-02,-4.33370000e-02,-4.36830325e-02,-4.37153557e-02,-4.34274953e-02,-4.28368741e-02,-4.19244843e-02,-4.06911349e-02,-3.91908259e-02,-3.75334999e-02,-3.58646290e-02,-3.43368739e-02,-3.30868207e-02,-3.22230815e-02,-3.18173786e-02,-3.18117576e-02,-3.22889908e-02,-3.31144042e-02,-3.40740598e-02,-3.48876264e-02,-3.53007728e-02,-3.52822007e-02,-3.46580450e-02,-3.35428086e-02,-3.20929361e-02,-3.04851519e-02,-2.88789475e-02,-2.73938991e-02,-2.60961615e-02,-2.49946483e-02,-2.40498410e-02,-2.31939492e-02
-5.41043851e-03,-3.98581934e-03,-2.61992939e-03,-1.24050331e-03,2.33705032e-04,1.87283982e-03,3.71584994e-03,5.75778098e-03,7.94810536e-03,1.01993259e-02,1.24008857e-02,1.44332746e-02,1.61808552e-02,1.75451239e-02,1.84594322e-02,1.89008905e-02,1.88824185e-02,1.84947517e-02,1.77067677e-02,1.64941626e-02,1.47728041e-02,1.24461189e-02,9.49706785e-03,6.07379053e-03,2.48980356e-03,-8.97961193e-04,-3.85767102e-03,-6.38124197e-03,-8.65138866e-03,-1.09516250e-02,-1.35758776e-02,-1.67567776e-02,-2.06120818e-02,-2.51051081e-02,-3.00238369e-02,-3.50033684e-02,-3.96115640e-02,-4.34678874e-02,-4.63305215e-02,-4.81176776e-02,-4.88930205e-02,-4.89448842e-02,-4.81944813e-02,-4.68477240e-02,-4.50644260e-02,-4.29732875e-02,-4.06770594e-02,-3.82623378e-02,-3.58069721e-02,-3.33816837e-02,-3.10455996e-02,-2.88384481e-02,-2.67740253e-02,-2.48392052e-02,-2.30001784e-02,-2.12139826e-02,-1.94408439e-02,-1.76529920e-02,-1.58383048e-02,-1.40003632e-02,-1.21574721e-02,-1.03409679e-02,-8.59007623e-03,-6.94074281e-03
-1.66549993e-02,-1.49929446e-02,-1.32014180e-02,-1.13983514e-02,-9.69412619e-03,-8.19473760e-03,-7.00969745e-03,-6.25929625e-03,-6.04765808e-03,-6.46990928e-03,-7.53715302e-03,-9.10955168e-03,-1.09019247e-02,-1.25658130e-02,-1.38225014e-02,-1.45563865e-02,-1.48187657e-02,-1.47472904e-02,-1.44593580e-02,-1.40385622e-02,-1.34805752e-02,-1.27170767e-02,-1.16568781e-02,-1.02273087e-02,-8.40169854e-03,-6.21038561e-03,-3.73901598e-03,-1.12022591e-03,1.47405909e-03,3.83268180e-03,5.70707876e-03,6.81240962e-03,6.84147882e-03,5.63781590e-03,3.00872779e-03,-9.69711722e-04,-6.02980887e-03,-1.17862500e-02,-1.77933215e-02,-2.35478107e-02,-2.85184721e-02,-3.22604002e-02,-3.45467993e-02,-3.54400928e-02,-3.53569847e-02,-3.42798481e-02,-3.26376116e-02,-3.07100384e-02,-2.87076395e-02,-2.67783727e-02,-2.50158004e-02,-2.34694095e-02,-2.21577945e-02,-2.10855909e-02,-2.02608658e-02,-1.97039599e-02,-1.94351358e-02,-1.94127706e-02,-1.96036093e-02,-1.98396373e-02,-1.99374648e-02,-1.97416681e-02,-1.91185813e-02,-1.80665309e-02
-7.77293152e-02,-8.03313652e-02,-8.27118588e-02,-8.48757316e-02,-8.68211911e-02,-8.85230474e-02,-8.99190916e-02,-9.09150135e-02,-9.14324059e-02,-9.15329837e-02,-9.10986027e-02,-8.99613412e-02,-8.82042354e-02,-8.59011758e-02,-8.31496418e-02,-8.00553162e-02,-7.67165045e-02,-7.32128379e-02,-6.96012981e-02,-6.59203277e-02,-6.21999079e-02,-5.84731408e-02,-5.47843448e-02,-5.11903871e-02,-4.77550010e-02,-4.45385620e-02,-4.15873955e-02,-3.89273529e-02,-3.65661834e-02,-3.45073231e-02,-3.27733695e-02,-3.14308225e-02,-3.05949531e-02,-3.03374010e-02,-3.07463193e-02,-3.18969589e-02,-3.35697393e-02,-3.53780472e-02,-3.68740292e-02,-3.77188764e-02,-3.78811512e-02,-3.72934324e-02,-3.61157743e-02,-3.46478682e-02,-3.32110996e-02,-3.21069625e-02,-3.15649883e-02,-3.15699362e-02,-3.22634964e-02,-3.34697129e-02,-3.50091408e-02,-3.67532340e-02,-3.86734754e-02,-4.08321255e-02,-4.33342405e-02,-4.62663258e-02,-4.96421492e-02,-5.33762081e-02,-5.73015881e-02,-6.12276011e-02,-6.50033801e-02,-6.85492327e-02,-7.18459063e-02,-7.49023644e-02
1.61059282e-02,1.80542983e-02,1.96126970e-02,2.06272181e-02,2.09552214e-02,2.05896450e-02,1.95207935e-02,1.78260599e-02,1.57293390e-02,1.35038936e-02,1.13815849e-02,9.47758926e-03,7.76714442e-03,6.11463741e-03,4.32974204e-03,2.22744980e-03,-3.18009263e-04,-3.32913760e-03,-6.70064782e-03,-1.02108008e-02,-1.35756984e-02,-1.65365572e-02,-1.89343427e-02,-2.07318931e-02,-2.19859077e-02,-2.28005055e-02,-2.32894288e-02,-2.35556612e-02,-2.36853521e-02,-2.37490658e-02,-2.38055092e-02,-2.39131425e-02,-2.41255462e-02,-2.44730945e-02,-2.49441102e-02,-2.54732946e-02,-2.59472005e-02,-2.62312650e-02,-2.62604254e-02,-2.59244316e-02,-2.52103642e-02,-2.41730777e-02,-2.29124186e-02,-2.15481488e-02,-2.01942784e-02,-1.89355101e-02,-1.78088984e-02,-1.67951780e-02,-1.58239903e-02,-1.47934735e-02,-1.35999983e-02,-1.21689988e-02,-1.04746100e-02,-8.54128349e-03,-6.42976485e-03,-4.21488713e-03,-1.96321178e-03,2.83214481e-04,2.51329492e-03,4.74203529e-03,6.99522013e-03,9.28945282e-03,1.16135085e-02,1.39165361e-02
-2.58702035e-03,-7.90159034e-04,8.01177259e-04,2.12337342e-03,3.15370570e-03,3.92942170e-03,4.54745142e-03,5.13689276e-03,5.81507049e-03,6.64835242e-03,7.63238336e-03,8.69819060e-03,9.74093443e-03,1.06600951e-02,1.13961988e-02,1.19485196e-02,1.23636167e-02,1.26996838e-02,1.29888785e-02,1.32197417e-02,1.33460040e-02,1.33143615e-02,1.31105856e-02,1.27224129e-02,1.21767868e-02,1.15131556e-02,1.07797242e-02,1.00449824e-02,9.41129963e-03,9.00767732e-03,8.95588479e-03,9.28470344e-03,9.99540972e-03,1.10023271e-02,1.21879163e-02,1.34355110e-02,1.46434633e-02,1.57247586e-02,1.65981321e-02,1.71733638e-02,1.73265944e-02,1.69523499e-02,1.58707750e-02,1.39367565e-02,1.11515667e-02,7.72628539e-03,4.04844104e-03,5.15563486e-04,-2.63898607e-03,-5.38753182e-03,-7.81047590e-03,-9.97405883e-03,-1.18644024e-02,-1.33929573e-02,-1.44463955e-02,-1.49405662e-02,-1.49227416e-02,-1.43497088e-02,-1.33183070e-02,-1.19246807e-02,-1.02639223e-02,-8.42311157e-03,-6.48063084e-03,-4.51027804e-03
-6.81880675e-02,-6.54342175e-02,-6.20871756e-02,-5.82802865e-02,-5.41415570e-02,-4.97937413e-02,-4.53555100e-02,-4.09428534e-02,-3.66701121e-02,-3.26497054e-02,-2.89892313e-02,-2.57845839e-02,-2.31086229e-02,-2.09973128e-02,-1.94385741e-02,-1.83704940e-02,-1.76917697e-02,-1.72801812e-02,-1.70119367e-02,-1.67770265e-02,-1.64928379e-02,-1.61314097e-02,-1.57547534e-02,-1.55292614e-02,-1.56531395e-02,-1.64616027e-02,-1.81943280e-02,-2.09142050e-02,-2.43944690e-02,-2.81499180e-02,-3.16353387e-02,-3.44727603e-02,-3.65429391e-02,-3.79304697e-02,-3.88179366e-02,-3.94007295e-02,-3.98379884e-02,-4.02273042e-02,-4.05852764e-02,-4.08452334e-02,-4.09296291e-02,-4.07590887e-02,-4.02474814e-02,-3.94810935e-02,-3.86441735e-02,-3.79915017e-02,-3.77365709e-02,-3.80204811e-02,-3.91326830e-02,-4.10988373e-02,-4.38480477e-02,-4.71809297e-02,-5.07987231e-02,-5.43859606e-02,-5.77167128e-02,-6.07135750e-02,-6.34162631e-02,-6.58842276e-02,-6.80954868e-02,-6.99046387e-02,-7.10949870e-02,-7.15498568e-02,-7.13834538e-02,-7.02128985e-02
-2.10451722e-02,-2.30181098e-02,-2.50251041e-02,-2.70635738e-02,-2.91104918e-02,-3.10763030e-02,-3.27989102e-02,-3.40994160e-02,-3.48695483e-02,-3.51409188e-02,-3.50534200e-02,-3.47084061e-02,-3.43024918e-02,-3.39405884e-02,-3.36385108e-02,-3.33512784e-02,-3.30184100e-02,-3.26149022e-02,-3.21876905e-02,-3.18509832e-02,-3.17195309e-02,-3.18744294e-02,-3.24218754e-02,-3.32883884e-02,-3.42940673e-02,-3.51886749e-02,-3.57446254e-02,-3.58898792e-02,-3.55842817e-02,-3.48704685e-02,-3.38932800e-02,-3.27689196e-02,-3.15597917e-02,-3.02761036e-02,-2.88962940e-02,-2.73912949e-02,-2.57392351e-02,-2.39262555e-02,-2.19399780e-02,-1.97663038e-02,-1.73953225e-02,-1.48333706e-02,-1.21130567e-02,-9.29528964e-03,-6.46403370e-03,-3.71923262e-03,-1.17303029e-03,1.04946121e-03,2.80664196e-03,3.94983082e-03,4.34345047e-03,3.92085778e-03,2.69424046e-03,7.79085251e-04,-1.60146176e-03,-4.17756391e-03,-6.69501087e-03,-8.96653931e-03,-1.09153104e-02,-1.25872283e-02,-1.41168963e-02,-1.56596231e-02,-1.73223892e-02,-1.91301129e-02
-9.48923779e-04,5.43965102e-04,2.03383177e-03,3.61819718e-03,5.35102533e-03,7.23044337e-03,9.20080371e-03,1.11644804e-02,1.29967190e-02,1.45596107e-02,1.57159565e-02,1.63458681e-02,1.63510009e-02,1.58081369e-02,1.46941225e-02,1.31240599e-02,1.12236337e-02,9.09698713e-03,6.81984981e-03,4.44790854e-03,2.01186464e-03,-5.12487801e-04,-3.23455856e-03,-6.33654984e-03,-1.00068346e-02,-1.43461310e-02,-1.92926259e-02,-2.46141178e-02,-2.99744039e-02,-3.50271223e-02,-3.94851670e-02,-4.31548412e-02,-4.59458840e-02,-4.78581673e-02,-4.89489251e-02,-4.93363967e-02,-4.92017658e-02,-4.84109119e-02,-4.71146977e-02,-4.54448243e-02,-4.35831563e-02,-4.17478622e-02,-4.01600392e-02,-3.89989410e-02,-3.83529364e-02,-3.81642995e-02,-3.83229745e-02,-3.86312081e-02,-3.88148402e-02,-3.87285252e-02,-3.80982491e-02,-3.68233727e-02,-3.48761190e-02,-3.23065831e-02,-2.92279937e-02,-2.57968708e-02,-2.21896582e-02,-1.85796798e-02,-1.51175844e-02,-1.19177280e-02,-9.05192887e-03,-6.54974323e-03,-4.40167623e-03,-2.56160674e-03
1.91958330e-02,1.84791344e-02,1.75507728e-02,1.64693344e-02,1.53013480e-02,1.41124440e-02,1.29546134e-02,1.18543546e-02,1.08030445e-02,9.75110876e-03,8.61381605e-03,7.29798129e-03,5.74776839e-03,3.99034672e-03,2.15208582e-03,4.28503912e-04,-9.77692105e-04,-1.91624132e-03,-2.32263450e-03,-2.22289301e-03,-1.70149392e-03,-9.12880373e-04,-5.76536411e-05,6.36640165e-04,9.52683512e-04,7.45220021e-04,9.17692336e-06,-1.08769666e-03,-2.23715610e-03,-3.12130673e-03,-3.54249039e-03,-3.48774636e-03,-3.06543753e-03,-2.47928149e-03,-1.94300918e-03,-1.62987248e-03,-1.62812862e-03,-1.93974258e-03,-2.47215193e-03,-3.08584441e-03,-3.64735526e-03,-4.06891881e-03,-4.31879335e-03,-4.40786920e-03,-4.36154211e-03,-4.19165777e-03,-3.88385411e-03,-3.39014255e-03,-2.64176942e-03,-1.57273470e-03,-1.43059953e-04,1.64666800e-03,3.75145150e-03,6.08718709e-03,8.53973433e-03,1.09783703e-02,1.32720867e-02,1.53062624e-02,1.69962093e-02,1.82941434e-02,1.91875767e-02,1.96894671e-02,1.98214175e-02,1.96520844e-02
3.06245419e-02,2.69152699e-02,2.32110772e-02,1.95218887e-02,1.57718710e-02,1.18416203e-02,7.64068201e-03,3.18514187e-03,-1.35873870e-03,-5.70052649e-03,-9.54424776e-03,-1.27096800e-02,-1.51865486e-02,-1.71055429e-02,-1.86649324e-02,-2.00603352e-02,-2.14367380e-02,-2.28585116e-02,-2.42953086e-02,-2.56336920e-02,-2.67203054e-02,-2.74206238e-02,-2.76833038e-02,-2.75338498e-02,-2.69154863e-02,-2.58765236e-02,-2.44402003e-02,-2.26230718e-02,-2.04494181e-02,-1.79586770e-02,-1.52025411e-02,-1.22357262e-02,-9.10810934e-03,-5.86330270e-03,-2.54232569e-03,8.13840687e-04,4.16793629e-03,7.49724216e-03,1.08021659e-02,1.41070144e-02,1.74513649e-02,2.08755339e-02,2.44060164e-02,2.80454071e-02,3.17682187e-02,3.55213765e-02,3.92271652e-02,4.27870631e-02,4.60864912e-02,4.90019253e-02,5.14119586e-02,5.32121274e-02,5.43281419e-02,5.46857591e-02,5.44576657e-02,5.36746008e-02,5.23362512e-02,5.05612553e-02,4.84724242e-02,4.61476203e-02,4.35979787e-02,4.07832505e-02,3.76622071e-02,3.42475124e-02
-1.48545220e-02,-1.43113643e-02,-1.40964450e-02,-1.41227443e-02,-1.42792866e-02,-1.44075647e-02,-1.43953137e-02,-1.41160720e-02,-1.34973154e-02,-1.25099273e-02,-1.11877372e-02,-9.64061586e-03,-8.05324314e-03,-6.66496737e-03,-5.73252805e-03,-5.45417076e-03,-5.95124890e-03,-7.20086839e-03,-9.02798979e-03,-1.11789710e-02,-1.34003742e-02,-1.54826127e-02,-1.72580512e-02,-1.85858453e-02,-1.93549795e-02,-1.95517865e-02,-1.91532959e-02,-1.82026124e-02,-1.68215008e-02,-1.51479434e-02,-1.33087213e-02,-1.14006460e-02,-9.48788394e-03,-7.61555654e-03,-5.83331990e-03,-4.21796321e-03,-2.88453658e-03,-1.98118334e-03,-1.66274240e-03,-2.06626034e-03,-3.27840118e-03,-5.30864768e-03,-8.08662650e-03,-1.14573856e-02,-1.51725915e-02,-1.89014597e-02,-2.22933390e-02,-2.50768459e-02,-2.71318388e-02,-2.84871121e-02,-2.92556904e-02,-2.95613124e-02,-2.95508986e-02,-2.91812593e-02,-2.84859448e-02,-2.74809395e-02,-2.62081548e-02,-2.47351683e-02,-2.31404109e-02,-2.14980643e-02,-1.98725872e-02,-1.83245736e-02,-1.69211814e-02,-1.57395837e-02
6.25589673e-03,4.22716873e-03,2.30713899e-03,6.69621897e-04,-6.07180117e-04,-1.52414550e-03,-2.12690273e-03,-2.48364396e-03,-2.68384953e-03,-2.84092340e-03,-3.08738020e-03,-3.55995903e-03,-4.38212959e-03,-5.64934410e-03,-7.40681756e-03,-9.61553679e-03,-1.21234569e-02,-1.46719132e-02,-1.69527826e-02,-1.86983367e-02,-1.97615081e-02,-2.01607960e-02,-2.00547658e-02,-1.95960639e-02,-1.90338739e-02,-1.85755387e-02,-1.83614686e-02,-1.84351588e-02,-1.88688440e-02,-1.96291890e-02,-2.06352832e-02,-2.17316318e-02,-2.26899933e-02,-2.32628414e-02,-2.33444294e-02,-2.27994077e-02,-2.16760357e-02,-2.01250224e-02,-1.83334262e-02,-1.64731144e-02,-1.46644790e-02,-1.29582860e-02,-1.13391300e-02,-9.75227101e-03,-8.14599923e-03,-6.50952193e-03,-4.88460854e-03,-3.34478146e-03,-1.95607701e-03,-7.41981947e-04,3.30295108e-04,1.33850471e-03,2.37600928e-03,3.51954245e-03,4.80354419e-03,6.20554459e-03,7.64509599e-03,8.99618442e-03,1.01087199e-02,1.08318802e-02,1.10321194e-02,1.06587958e-02,9.67846301e-03,8.15296812e-03
-1.82115443e-03,-5.46786963e-03,-9.38934750e-03,-1.31295571e-02,-1.62448547e-02,-1.84411596e-02,-1.96206105e-02,-1.99088373e-02,-1.94149555e-02,-1.83420467e-02,-1.69390462e-02,-1.54295504e-02,-1.39827196e-02,-1.26877162e-02,-1.15454445e-02,-1.04846268e-02,-9.39777691e-03,-8.18323179e-03,-6.77775141e-03,-5.17015827e-03,-3.39764720e-03,-1.53307398e-03,3.29424284e-04,2.08706479e-03,3.64226759e-03,4.91621064e-03,5.85974034e-03,6.45494017e-03,6.70169203e-03,6.59931599e-03,6.13550590e-03,5.26619124e-03,3.98174638e-03,2.34299882e-03,5.22378189e-04,-1.20419622e-03,-2.53872627e-03,-3.28442529e-03,-3.43240250e-03,-3.10355084e-03,-2.51744961e-03,-1.88956072e-03,-1.36553765e-03,-9.97857180e-04,-7.58329887e-04,-5.71025584e-04,-3.46577934e-04,-6.50858566e-06,5.03912420e-04,1.21057882e-03,2.10843031e-03,3.15871930e-03,4.28765033e-03,5.39289957e-03,6.36256559e-03,7.10210877e-03,7.55604114e-03,7.71027128e-03,7.58153121e-03,7.16879575e-03,6.42844175e-03,5.27492390e-03,3.58409231e-03,1.23458404e-03
2.12696721e-02,1.71001622e-02,1.21038454e-02,6.51370225e-03,8.33215116e-04,-4.24005901e-03,-8.11527114e-03,-1.05740542e-02,-1.17617169e-02,-1.20515449e-02,-1.17780281e-02,-1.12470602e-02,-1.06575366e-02,-1.00934384e-02,-9.56618651e-03,-9.06594326e-03,-8.59951477e-03,-8.19565406e-03,-7.87772042e-03,-7.62699696e-03,-7.36711068e-03,-6.98199103e-03,-6.36689086e-03,-5.48444206e-03,-4.38865898e-03,-3.20891343e-03,-2.10783927e-03,-1.23302589e-03,-6.77717345e-04,-4.58955025e-04,-5.17501603e-04,-7.36822484e-04,-9.72889290e-04,-1.08788547e-03,-9.74722163e-04,-5.62624905e-04,1.81363158e-04,1.26443074e-03,2.67738098e-03,4.39668482e-03,6.38126981e-03,8.57059702e-03,1.08872586e-02,1.32429659e-02,1.55454375e-02,1.77053960e-02,1.96445956e-02,2.13056222e-02,2.26620277e-02,2.37243236e-02,2.45366370e-02,2.51638753e-02,2.56769499e-02,2.61440428e-02,2.66266588e-02,2.71716725e-02,2.77934188e-02,2.84502943e-02,2.90293247e-02,2.93480439e-02,2.91978844e-02,2.84605234e-02,2.69383262e-02,2.45499746e-02
2.93104065e-02,2.99558301e-02,2.99678485e-02,2.95155186e-02,2.85824795e-02,2.72821974e-02,2.56902146e-02,2.38172458e-02,2.16405755e-02,1.91699279e-02,1.64991863e-02,1.37986395e-02,1.12507121e-02,8.98153842e-03,7.03277813e-03,5.37184119e-03,3.91455314e-03,2.54310668e-03,1.11817752e-03,-5.07092699e-04,-2.46188238e-03,-4.81757507e-03,-7.55122164e-03,-1.05367177e-02,-1.35729941e-02,-1.64258017e-02,-1.88567425e-02,-2.06467793e-02,-2.16398569e-02,-2.18619403e-02,-2.13257476e-02,-2.01945040e-02,-1.87101025e-02,-1.71017015e-02,-1.55430283e-02,-1.41313964e-02,-1.28923868e-02,-1.18062540e-02,-1.08453097e-02,-1.00062728e-02,-9.32253417e-03,-8.85052568e-03,-8.63580123e-03,-8.66651061e-03,-8.89337464e-03,-9.17505713e-03,-9.32973913e-03,-9.18885744e-03,-8.57733871e-03,-7.41221762e-03,-5.68951070e-03,-3.47707343e-03,-8.90993482e-04,1.93424307e-03,4.87428543e-03,7.83812202e-03,1.07726116e-02,1.36537618e-02,1.64689269e-02,1.91984328e-02,2.18025244e-02,2.42151268e-02,2.63441474e-02,2.80793604e-02
1.04748185e-03,1.95922111e-04,-1.03727067e-03,-2.63460299e-03,-4.45564088e-03,-6.28552648e-03,-7.92731044e-03,-9.26742285e-03,-1.02751654e-02,-1.09597971e-02,-1.13297286e-02,-1.13999313e-02,-1.11428641e-02,-1.05460914e-02,-9.61819208e-03,-8.39787506e-03,-6.96469910e-03,-5.44406745e-03,-4.00451007e-03,-2.84600932e-03,-2.17813649e-03,-2.16062395e-03,-2.88402286e-03,-4.26619994e-03,-6.04400231e-03,-7.82678977e-03,-9.22280176e-03,-9.96139369e-03,-1.00071648e-02,-9.33603724e-03,-8.07076114e-03,-6.33539610e-03,-4.23358558e-03,-1.84617376e-03,7.60237496e-04,3.52317543e-03,6.37859113e-03,9.25576078e-03,1.20729167e-02,1.47354958e-02,1.71404757e-02,1.91886719e-02,2.08028965e-02,2.19466083e-02,2.26374851e-02,2.29524301e-02,2.30178234e-02,2.29871340e-02,2.29470403e-02,2.29059642e-02,2.27593712e-02,2.23024504e-02,2.12772225e-02,1.94865160e-02,1.69166527e-02,1.38054708e-02,1.05873768e-02,7.71686106e-03,5.48470671e-03,3.94877165e-03,2.98875017e-03,2.40717108e-03,2.00437558e-03,1.60395268e-03
7.51086296e-03,7.96454400e-03,8.09709752e-03,8.09469013e-03,8.16459622e-03,8.48037322e-03,9.16456058e-03,1.02631529e-02,1.17666504e-02,1.36266377e-02,1.57650041e-02,1.80801532e-02,2.04548667e-02,2.27667128e-02,2.48979863e-02,2.67407382e-02,2.81945499e-02,2.91600636e-02,2.95352386e-02,2.93142311e-02,2.85148342e-02,2.71553587e-02,2.53892900e-02,2.33958262e-02,2.13107095e-02,1.91997548e-02,1.70887464e-02,1.50164215e-02,1.30621108e-02,1.13295020e-02,9.90935204e-03,8.85242223e-03,8.15594437e-03,7.74843215e-03,7.47298773e-03,7.09477204e-03,6.33967437e-03,4.95881294e-03,2.83475878e-03,6.47354800e-05,-3.04313348e-03,-6.09071326e-03,-8.74882519e-03,-1.08358444e-02,-1.23049294e-02,-1.31854969e-02,-1.35379037e-02,-1.34493382e-02,-1.29324925e-02,-1.20670618e-02,-1.09449860e-02,-9.66896990e-03,-8.33493862e-03,-7.01349524e-03,-5.73918188e-03,-4.50969199e-03,-3.29258999e-03,-2.03716312e-03,-6.91736897e-04,7.73203548e-04,2.34053022e-03,3.93284578e-03,5.42010892e-03,6.65216634e-03
-6.02533416e-02,-5.94857439e-02,-5.76451654e-02,-5.50556857e-02,-5.19364747e-02,-4.84559344e-02,-4.47374336e-02,-4.08626772e-02,-3.68765171e-02,-3.27928186e-02,-2.86015353e-02,-2.42773037e-02,-1.97895038e-02,-1.51130041e-02,-1.02379660e-02,-5.17661258e-03,3.47335592e-05,5.33812098e-03,1.06623713e-02,1.59346696e-02,2.10900951e-02,2.60795926e-02,3.08739048e-02,3.54622249e-02,3.98457289e-02,4.40279672e-02,4.80053660e-02,5.17607777e-02,5.52608776e-02,5.84550984e-02,6.12714655e-02,6.36045087e-02,6.52865721e-02,6.59756954e-02,6.55609561e-02,6.37930517e-02,6.00590339e-02,5.40205546e-02,4.57756374e-02,3.60946901e-02,2.63108748e-02,1.77025604e-02,1.09023880e-02,5.87022089e-03,2.23373789e-03,-4.11347350e-04,-2.36508494e-03,-3.80274322e-03,-4.81556185e-03,-5.47494895e-03,-5.89755471e-03,-6.29089073e-03,-6.98262820e-03,-8.41762747e-03,-1.10922285e-02,-1.54131003e-02,-2.14756793e-02,-2.88735422e-02,-3.67591568e-02,-4.41913866e-02,-5.04703672e-02,-5.52255605e-02,-5.83409582e-02,-5.98969898e-02
1.66336721e-02,2.01027679e-02,2.33491232e-02,2.61487069e-02,2.82323546e-02,2.93336574e-02,2.92572964e-02,2.82168399e-02,2.62296829e-02,2.36707281e-02,2.09439891e-02,1.83406526e-02,1.59995894e-02,1.39382769e-02,1.20945580e-02,1.03583092e-02,8.60666474e-03,6.74610398e-03,4.73923800e-03,2.59370382e-03,3.23349022e-04,-2.07662167e-03,-4.60981318e-03,-7.23081729e-03,-9.82202129e-03,-1.22294447e-02,-1.43383492e-02,-1.61304204e-02,-1.76827738e-02,-1.91168841e-02,-2.05312583e-02,-2.19494530e-02,-2.33060263e-02,-2.44756418e-02,-2.53272249e-02,-2.57771677e-02,-2.58569493e-02,-2.55699415e-02,-2.50152340e-02,-2.43133115e-02,-2.35748742e-02,-2.28869673e-02,-2.23044076e-02,-2.18438677e-02,-2.14815670e-02,-2.11592750e-02,-2.07990589e-02,-2.03249957e-02,-1.96867446e-02,-1.88687110e-02,-1.78794160e-02,-1.67306586e-02,-1.54196890e-02,-1.39236204e-02,-1.22080660e-02,-1.02441349e-02,-8.02273255e-03,-5.55710489e-03,-2.87340739e-03,2.61476411e-06,3.05335471e-03,6.26742106e-03,9.62939979e-03,1.31062712e-02
1.85909130e-02,1.99902572e-02,2.11249364e-02,2.20732220e-02,2.29247796e-02,2.37191807e-02,2.44018084e-02,2.48158759e-02,2.47370770e-02,2.41071188e-02,2.28429018e-02,2.11502779e-02,1.94361431e-02,1.81424834e-02,1.75441952e-02,1.76285551e-02,1.81207472e-02,1.86762173e-02,1.87712225e-02,1.80129081e-02,1.60071035e-02,1.26728383e-02,8.36383887e-03,3.79082243e-03,-2.89335272e-04,-3.38160036e-03,-5.34497213e-03,-6.28866111e-03,-6.47318186e-03,-6.15068765e-03,-5.59336805e-03,-5.01102340e-03,-4.50980805e-03,-4.08557071e-03,-3.65826184e-03,-3.13542419e-03,-2.47319296e-03,-1.70045655e-03,-8.99494914e-04,-1.64375258e-04,4.36508709e-04,8.78027488e-04,1.17347463e-03,1.35550302e-03,1.45675928e-03,1.50115839e-03,1.50769270e-03,1.49935590e-03,1.50574023e-03,1.55840397e-03,1.68221239e-03,1.88991216e-03,2.18721112e-03,2.58494995e-03,3.10938775e-03,3.80254631e-03,4.71236882e-03,5.87846657e-03,7.31887484e-03,9.01998354e-03,1.09305809e-02,1.29619554e-02,1.49967527e-02,1.69084952e-02
3.37145673e-02,3.29613545e-02,3.19445749e-02,3.05922952e-02,2.89174384e-02,2.70006082e-02,2.49526105e-02,2.28820641e-02,2.08770654e-02,1.89932080e-02,1.72416185e-02,1.55822524e-02,1.39303302e-02,1.21748999e-02,1.02035576e-02,7.93271629e-03,5.34607560e-03,2.53284889e-03,-3.01646843e-04,-2.87704455e-03,-4.92487646e-03,-6.25632005e-03,-6.78810517e-03,-6.52715616e-03,-5.48304394e-03,-3.74814496e-03,-1.44874123e-03,1.26831263e-03,4.25712179e-03,7.40108354e-03,1.06267442e-02,1.39039417e-02,1.72297375e-02,2.06026381e-02,2.39973378e-02,2.73478742e-02,3.05421158e-02,3.34273397e-02,3.58266440e-02,3.75679107e-02,3.85285213e-02,3.86472110e-02,3.82297256e-02,3.73563208e-02,3.63366116e-02,3.54887820e-02,3.50063724e-02,3.49425464e-02,3.51432997e-02,3.55715567e-02,3.61365791e-02,3.67771449e-02,3.74614909e-02,3.81528747e-02,3.87824431e-02,3.92416076e-02,3.93862626e-02,3.92004723e-02,3.86515362e-02,3.77869308e-02,3.67750390e-02,3.58068048e-02,3.49993041e-02,3.43413368e-02
-3.35129704e-02,-3.30419776e-02,-3.20804513e-02,-3.07494171e-02,-2.92752422e-02,-2.79564113e-02,-2.71107028e-02,-2.69130777e-02,-2.75623019e-02,-2.90889920e-02,-3.12576125e-02,-3.37038416e-02,-3.60807380e-02,-3.81935907e-02,-4.00330641e-02,-4.17024399e-02,-4.32990455e-02,-4.48123987e-02,-4.60950505e-02,-4.69370712e-02,-4.72377719e-02,-4.70242183e-02,-4.62162639e-02,-4.50632846e-02,-4.38064145e-02,-4.26614603e-02,-4.17696461e-02,-4.11663846e-02,-4.07840962e-02,-4.04912661e-02,-4.01317121e-02,-3.95554549e-02,-3.86675444e-02,-3.74355188e-02,-3.58681694e-02,-3.39967531e-02,-3.18686272e-02,-2.95497045e-02,-2.71266933e-02,-2.47022640e-02,-2.23826413e-02,-2.02629599e-02,-1.84174574e-02,-1.68981508e-02,-1.57390807e-02,-1.49589349e-02,-1.45576524e-02,-1.44876400e-02,-1.47392101e-02,-1.52911832e-02,-1.61650866e-02,-1.74202370e-02,-1.90947477e-02,-2.11280618e-02,-2.33327383e-02,-2.54571009e-02,-2.72982267e-02,-2.87792383e-02,-2.99462510e-02,-3.09072149e-02,-3.17582393e-02,-3.25268358e-02,-3.31487000e-02,-3.34944086e-02
-1.83459045e-02,-1.80862757e-02,-1.78866629e-02,-1.76254763e-02,-1.71884538e-02,-1.65047785e-02,-1.55597255e-02,-1.43901425e-02,-1.30710767e-02,-1.16969050e-02,-1.03604265e-02,-9.13578760e-03,-8.06954461e-03,-7.17813419e-03,-6.44681256e-03,-5.83012937e-03,-5.26089391e-03,-4.67199515e-03,-4.02311822e-03,-3.31421882e-03,-2.57400407e-03,-1.83027166e-03,-1.08069491e-03,-2.80490218e-04,6.47322939e-04,1.78493081e-03,3.18868084e-03,4.86746030e-03,6.77490537e-03,8.81486011e-03,1.08564728e-02,1.27553716e-02,1.43779865e-02,1.56252127e-02,1.64494284e-02,1.68573289e-02,1.68841682e-02,1.66229427e-02,1.60462149e-02,1.51032707e-02,1.36557155e-02,1.14989223e-02,8.43419344e-03,4.38706410e-03,-4.70150927e-04,-5.67983319e-03,-1.06504631e-02,-1.49046300e-02,-1.82199419e-02,-2.06133399e-02,-2.22379746e-02,-2.32830616e-02,-2.39137622e-02,-2.42478488e-02,-2.43624081e-02,-2.43004179e-02,-2.40375751e-02,-2.35704070e-02,-2.29017175e-02,-2.20649378e-02,-2.11323793e-02,-2.02057037e-02,-1.93907612e-02,-1.87644741e-02
-1.12646450e-02,-1.02719840e-02,-9.29630073e-03,-8.27689753e-03,-7.15270265e-03,-5.88994138e-03,-4.49896901e-03,-3.04176017e-03,-1.63315553e-03,-4.32526729e-04,3.83065242e-04,6.70728414e-04,3.96077173e-04,-3.18886870e-04,-1.20127767e-03,-1.92187097e-03,-2.22996138e-03,-2.03010378e-03,-1.36441610e-03,-3.68843814e-04,8.02763319e-04,2.02735618e-03,3.23906944e-03,4.43573593e-03,5.67181795e-03,7.03649613e-03,8.61881698e-03,1.04703318e-02,1.25809874e-02,1.48786046e-02,1.72494903e-02,1.95682972e-02,2.17242730e-02,2.36356487e-02,2.52498684e-02,2.65323715e-02,2.74500406e-02,2.79568862e-02,2.79642880e-02,2.75381571e-02,2.65807429e-02,2.51472463e-02,2.33527506e-02,2.13207133e-02,1.91285378e-02,1.67972100e-02,1.43349323e-02,1.17866973e-02,9.23241655e-03,6.72580751e-03,4.22993582e-03,1.61606221e-03,-1.25637112e-03,-4.41411214e-03,-7.68002326e-03,-1.07088911e-02,-1.31406447e-02,-1.47568070e-02,-1.55325069e-02,-1.56398944e-02,-1.51856074e-02,-1.43703650e-02,-1.33659825e-02,-1.23037354e-02
2.28734280e-02,2.60201475e-02,2.89363939e-02,3.16035670e-02,3.39791672e-02,3.59867630e-02,3.75181043e-02,3.84453405e-02,3.85837892e-02,3.80660615e-02,3.67255068e-02,3.45632219e-02,3.16882405e-02,2.82598121e-02,2.44536562e-02,2.04267571e-02,1.62927032e-02,1.21053132e-02,7.84186079e-03,3.40180888e-03,-1.34004186e-03,-6.41320077e-03,-1.16350287e-02,-1.66299512e-02,-2.09896508e-02,-2.44522162e-02,-2.69742552e-02,-2.86886777e-02,-2.98148698e-02,-3.05739843e-02,-3.11261384e-02,-3.15267235e-02,-3.17219295e-02,-3.16507288e-02,-3.10937653e-02,-2.99656025e-02,-2.82817204e-02,-2.61717524e-02,-2.38524363e-02,-2.15933441e-02,-1.96791824e-02,-1.83617491e-02,-1.77859329e-02,-1.78824200e-02,-1.85836349e-02,-1.95616853e-02,-2.04856323e-02,-2.10989865e-02,-2.12876142e-02,-2.09872241e-02,-2.01505619e-02,-1.88071243e-02,-1.70008139e-02,-1.47829894e-02,-1.22045672e-02,-9.31069093e-03,-6.14037222e-03,-2.73109684e-03,8.73812329e-04,4.61787870e-03,8.43066016e-03,1.22329371e-02,1.59469488e-02,1.95082035e-02
-3.51456750e-02,-3.29562230e-02,-3.09129567e-02,-2.90066059e-02,-2.72156142e-02,-2.55085289e-02,-2.38515383e-02,-2.22166966e-02,-2.05877021e-02,-1.89646355e-02,-1.73717165e-02,-1.58696614e-02,-1.45686945e-02,-1.36334445e-02,-1.32428934e-02,-1.35396626e-02,-1.46874146e-02,-1.66208113e-02,-1.90648857e-02,-2.15666213e-02,-2.36383708e-02,-2.49321161e-02,-2.53729921e-02,-2.50497125e-02,-2.40652306e-02,-2.26821409e-02,-2.11282967e-02,-1.95791123e-02,-1.81515763e-02,-1.69106738e-02,-1.58853770e-02,-1.50925103e-02,-1.45649187e-02,-1.43577852e-02,-1.45515068e-02,-1.53115463e-02,-1.67554797e-02,-1.89427547e-02,-2.18260090e-02,-2.52398154e-02,-2.89357617e-02,-3.26522599e-02,-3.61935862e-02,-3.94869768e-02,-4.25898606e-02,-4.56391999e-02,-4.87604670e-02,-5.19715610e-02,-5.51311680e-02,-5.79700094e-02,-6.01883795e-02,-6.15614472e-02,-6.20607805e-02,-6.18739373e-02,-6.07437609e-02,-5.89229971e-02,-5.65903636e-02,-5.39230773e-02,-5.10788088e-02,-4.81851952e-02,-4.53344764e-02,-4.25840034e-02,-3.99627593e-02,-3.74819801e-02
-1.70977902e-02,-1.74301580e-02,-1.76185557e-02,-1.75899161e-02,-1.72350935e-02,-1.65453749e-02,-1.55647695e-02,-1.43959037e-02,-1.31917635e-02,-1.21381338e-02,-1.14219832e-02,-1.11653793e-02,-1.14033336e-02,-1.20599071e-02,-1.29088271e-02,-1.36739212e-02,-1.41270288e-02,-1.41970783e-02,-1.38697992e-02,-1.32812575e-02,-1.26351635e-02,-1.21707626e-02,-1.20891897e-02,-1.26137340e-02,-1.38771575e-02,-1.58529238e-02,-1.83228736e-02,-2.09151101e-02,-2.32261656e-02,-2.49561715e-02,-2.59742898e-02,-2.63243243e-02,-2.61219290e-02,-2.54013481e-02,-2.42730051e-02,-2.27955087e-02,-2.09985442e-02,-1.89098962e-02,-1.65820277e-02,-1.41081361e-02,-1.16251704e-02,-9.30960725e-03,-7.37320028e-03,-6.05866686e-03,-5.59609037e-03,-6.18001991e-03,-7.88622879e-03,-1.05298835e-02,-1.36727553e-02,-1.67462885e-02,-1.92547393e-02,-2.09199305e-02,-2.17035023e-02,-2.18043226e-02,-2.13240821e-02,-2.05052837e-02,-1.95475659e-02,-1.86000745e-02,-1.77658163e-02,-1.71125085e-02,-1.66833049e-02,-1.64970706e-02,-1.65242074e-02,-1.67551991e-02
3.10556991e-02,3.19476851e-02,3.24396750e-02,3.25016629e-02,3.22532773e-02,3.16620975e-02,3.07355667e-02,2.94468608e-02,2.77278421e-02,2.55048621e-02,2.27504565e-02,1.95304312e-02,1.60196890e-02,1.24704221e-02,9.14294143e-03,6.23356566e-03,3.83719557e-03,1.95969943e-03,5.62511732e-04,-3.93603566e-04,-9.27968148e-04,-1.05137829e-03,-7.79070686e-04,-1.52590215e-04,7.63532088e-04,1.90591484e-03,3.24299985e-03,4.79106550e-03,6.60452942e-03,8.74446679e-03,1.12441328e-02,1.40898211e-02,1.72227606e-02,2.05554093e-02,2.39912485e-02,2.74396017e-02,3.08215296e-02,3.40669622e-02,3.71063617e-02,3.98619617e-02,4.22433494e-02,4.41497098e-02,4.54771896e-02,4.61284517e-02,4.60600651e-02,4.54139279e-02,4.41042427e-02,4.22474315e-02,4.00297241e-02,3.76454902e-02,3.52364304e-02,3.28637613e-02,3.05432328e-02,2.83199152e-02,2.63198092e-02,2.47292769e-02,2.37172141e-02,2.33710434e-02,2.36079523e-02,2.43447413e-02,2.54905914e-02,2.68931526e-02,2.83934380e-02,2.98311107e-02
7.98533659e-03,2.28660199e-03,-3.26078717e-03,-8.33156828e-03,-1.27967398e-02,-1.67059474e-02,-2.01857220e-02,-2.33115362e-02,-2.60373557e-02,-2.82368515e-02,-2.98210324e-02,-3.08252261e-02,-3.13983168e-02,-3.17220068e-02,-3.19290360e-02,-3.20578578e-02,-3.20794551e-02,-3.18819136e-02,-3.13211773e-02,-3.03017864e-02,-2.87796663e-02,-2.67665917e-02,-2.43219359e-02,-2.15375141e-02,-1.85201691e-02,-1.53775534e-02,-1.22106800e-02,-9.11241452e-03,-6.16761370e-03,-3.45068731e-03,-1.01980430e-03,1.08882789e-03,2.86135129e-03,4.30039137e-03,5.41427823e-03,6.21009203e-03,6.69455184e-03,6.88419831e-03,6.82742266e-03,6.61868114e-03,6.39742230e-03,6.34962416e-03,6.63510463e-03,7.36462927e-03,8.56145503e-03,1.01667422e-02,1.20715112e-02,1.41531553e-02,1.63056326e-02,1.84561946e-02,2.05649509e-02,2.26081509e-02,2.45530776e-02,2.63372840e-02,2.78626769e-02,2.90066086e-02,2.96419076e-02,2.96240891e-02,2.90113540e-02,2.76201220e-02,2.53893453e-02,2.22734474e-02,1.82613127e-02,1.34277023e-02
-1.90846711e-02,-1.99858193e-02,-2.06033909e-02,-2.09017127e-02,-2.09122909e-02,-2.05982755e-02,-2.00230970e-02,-1.92785097e-02,-1.84854612e-02,-1.77839162e-02,-1.73229937e-02,-1.72073145e-02,-1.75498535e-02,-1.83955552e-02,-1.96504368e-02,-2.11003415e-02,-2.24745346e-02,-2.35494693e-02,-2.42247892e-02,-2.45304291e-02,-2.45881771e-02,-2.44879274e-02,-2.43305727e-02,-2.41656463e-02,-2.39939752e-02,-2.37818972e-02,-2.34772171e-02,-2.30290293e-02,-2.24073819e-02,-2.16165160e-02,-2.06997366e-02,-1.97358856e-02,-1.88261512e-02,-1.80691573e-02,-1.75269255e-02,-1.71949316e-02,-1.69976670e-02,-1.68154922e-02,-1.65114758e-02,-1.59724676e-02,-1.51385786e-02,-1.40048655e-02,-1.26127606e-02,-1.10384208e-02,-9.37791999e-03,-7.72983248e-03,-6.18031645e-03,-4.79742960e-03,-3.63708355e-03,-2.75550291e-03,-2.21846792e-03,-2.09136159e-03,-2.43468565e-03,-3.26648832e-03,-4.53632075e-03,-6.11745123e-03,-7.83341670e-03,-9.51942295e-03,-1.10847798e-02,-1.25321277e-02,-1.39201942e-02,-1.52990815e-02,-1.66636421e-02,-1.79530615e-02
-7.09343855e-03,-6.31010160e-03,-5.25791088e-03,-3.92877695e-03,-2.27496975e-03,-2.45656790e-04,2.18037736e-03,4.98239670e-03,8.10658473e-03,1.14795114e-02,1.50175517e-02,1.86302041e-02,2.22213908e-02,2.56935601e-02,2.89562327e-02,3.19357300e-02,3.45788970e-02,3.68440047e-02,3.86782878e-02,3.99905613e-02,4.06310233e-02,4.04519652e-02,3.94347397e-02,3.73382809e-02,3.41249331e-02,2.98683396e-02,2.47165052e-02,1.88639651e-02,1.25620534e-02,6.15171852e-03,4.65000833e-05,-5.36516346e-03,-9.83952389e-03,-1.32992558e-02,-1.57761620e-02,-1.73547819e-02,-1.81423694e-02,-1.83019606e-02,-1.78968209e-02,-1.70164193e-02,-1.57289684e-02,-1.40691275e-02,-1.20523260e-02,-9.69420682e-03,-7.03021203e-03,-4.12919547e-03,-1.09857550e-03,1.91710709e-03,4.74014329e-03,7.17182295e-03,9.00421586e-03,1.00419806e-02,1.01280054e-02,9.32293318e-03,7.64795329e-03,5.34315988e-03,2.71625042e-03,5.52151584e-05,-2.41297918e-03,-4.51568899e-03,-6.12169976e-03,-7.15225381e-03,-7.60148738e-03,-7.55770558e-03
2.23842396e-02,2.48980594e-02,2.70562495e-02,2.88130303e-02,3.01620770e-02,3.11353711e-02,3.17929300e-02,3.22054475e-02,3.24301312e-02,3.24744648e-02,3.23243880e-02,3.18500209e-02,3.08647559e-02,2.91648500e-02,2.66001386e-02,2.31693111e-02,1.90834942e-02,1.47363228e-02,1.05643529e-02,6.87123374e-03,3.72614552e-03,9.83044130e-04,-1.61480463e-03,-4.30508445e-03,-7.19666568e-03,-1.02307022e-02,-1.32109760e-02,-1.58812363e-02,-1.80087755e-02,-1.94459070e-02,-2.01649364e-02,-2.03044382e-02,-1.99972958e-02,-1.95418250e-02,-1.92795912e-02,-1.94855348e-02,-2.05322573e-02,-2.25745502e-02,-2.55413671e-02,-2.90841112e-02,-3.26666128e-02,-3.57543237e-02,-3.79752237e-02,-3.91774247e-02,-3.94787396e-02,-3.89095216e-02,-3.75028127e-02,-3.54184201e-02,-3.27785140e-02,-2.96861772e-02,-2.62357507e-02,-2.25197367e-02,-1.86321546e-02,-1.46675922e-02,-1.07158455e-02,-6.85311503e-03,-3.13196246e-03,4.26467782e-04,3.83393520e-03,7.12602429e-03,1.03426520e-02,1.35062175e-02,1.66053381e-02,1.95906925e-02
5.27172772e-03,7.67039558e-03,1.03090806e-02,1.30697603e-02,1.58441183e-02,1.85516360e-02,2.11362991e-02,2.35454997e-02,2.57024924e-02,2.74858017e-02,2.87251161e-02,2.92138434e-02,2.88674566e-02,2.76403523e-02,2.55116101e-02,2.27096420e-02,1.96186874e-02,1.66978522e-02,1.43771297e-02,1.29631755e-02,1.25928699e-02,1.31487693e-02,1.45058229e-02,1.64492034e-02,1.87250426e-02,2.11025655e-02,2.33947679e-02,2.54728983e-02,2.72735810e-02,2.87917650e-02,3.00529258e-02,3.10661198e-02,3.17706757e-02,3.19828762e-02,3.15485401e-02,3.01976618e-02,2.77179622e-02,2.41428682e-02,1.97718506e-02,1.50746207e-02,1.05030276e-02,6.35010359e-03,2.72941196e-03,-3.64148340e-04,-2.97464521e-03,-5.12674391e-03,-6.81137228e-03,-8.01131667e-03,-8.73712179e-03,-9.04181292e-03,-9.02574951e-03,-8.75094191e-03,-8.28567400e-03,-7.66558604e-03,-6.90898731e-03,-6.03393336e-03,-5.06981227e-03,-4.05770549e-03,-3.03798152e-03,-2.02736273e-03,-9.94958513e-04,1.45356930e-04,1.51205264e-03,3.20719930e-03
4.91686992e-03,6.12601211e-03,7.22044061e-03,8.09969242e-03,8.62918693e-03,8.65743390e-03,8.13953431e-03,7.06592602e-03,5.63595429e-03,4.17774111e-03,3.02264799e-03,2.37230534e-03,2.24955806e-03,2.53382615e-03,3.06481276e-03,3.68657392e-03,4.28810014e-03,4.80941758e-03,5.23114231e-03,5.55996831e-03,5.81787662e-03,6.03805909e-03,6.26305284e-03,6.53493956e-03,6.87092482e-03,7.23044126e-03,7.49478716e-03,7.47808146e-03,7.02841942e-03,6.03255227e-03,4.55634293e-03,2.83121309e-03,1.17855705e-03,-1.16315871e-04,-8.97502641e-04,-1.15765797e-03,-9.84125556e-04,-4.96146880e-04,1.96614962e-04,1.00621102e-03,1.84546008e-03,2.59536104e-03,3.08470180e-03,3.09630861e-03,2.43670261e-03,9.60646033e-04,-1.29127795e-03,-4.04771262e-03,-6.85518921e-03,-9.22344048e-03,-1.07914965e-02,-1.14280091e-02,-1.12252403e-02,-1.03037562e-02,-8.91137903e-03,-7.28199681e-03,-5.60788947e-03,-4.01954325e-03,-2.57531975e-03,-1.26567359e-03,-3.65609128e-05,1.17429739e-03,2.40568578e-03,3.66150253e-03
6.54757814e-03,4.93524529e-03,2.75829794e-03,-3.57241885e-06,-3.16075529e-03,-6.36560474e-03,-9.26844869e-03,-1.16528632e-02,-1.34686056e-02,-1.47725048e-02,-1.56486406e-02,-1.61612349e-02,-1.63572173e-02,-1.62904364e-02,-1.59875124e-02,-1.55376704e-02,-1.50404563e-02,-1.45791149e-02,-1.41859036e-02,-1.38230224e-02,-1.33924262e-02,-1.27749697e-02,-1.18908496e-02,-1.07436528e-02,-9.42158772e-03,-8.06248393e-03,-6.80583109e-03,-5.75565348e-03,-4.96957815e-03,-4.47519157e-03,-4.29220745e-03,-4.44790864e-03,-4.96923314e-03,-5.82793936e-03,-6.91995706e-03,-8.07587837e-03,-9.11009462e-03,-9.87551413e-03,-1.02904587e-02,-1.03574774e-02,-1.00720641e-02,-9.46603541e-03,-8.56872357e-03,-7.39885279e-03,-5.96852078e-03,-4.29525756e-03,-2.41525930e-03,-3.87739836e-04,1.71301329e-03,3.81191976e-03,5.84361074e-03,7.75160576e-03,9.48062951e-03,1.09684850e-02,1.21436883e-02,1.29322862e-02,1.32741435e-02,1.31580887e-02,1.26458016e-02,1.18160767e-02,1.08200675e-02,9.79259287e-03,8.79180929e-03,7.76321164e-03
-1.79251117e-02,-1.86692714e-02,-1.87031477e-02,-1.81273760e-02,-1.71934364e-02,-1.60682373e-02,-1.48422795e-02,-1.35447522e-02,-1.21703566e-02,-1.07048689e-02,-9.13919060e-03,-7.47084755e-03,-5.70070232e-03,-3.83403133e-03,-1.88889977e-03,9.28141771e-05,2.03874557e-03,3.84882583e-03,5.40466049e-03,6.57728989e-03,7.22993226e-03,7.21460001e-03,6.46764821e-03,4.87764846e-03,2.49791600e-03,-4.70931563e-04,-3.68197708e-03,-6.71670258e-03,-9.19959720e-03,-1.08954472e-02,-1.17457999e-02,-1.18827973e-02,-1.14135898e-02,-1.05277942e-02,-9.39765407e-03,-8.16346275e-03,-6.93075633e-03,-5.76310294e-03,-4.67162435e-03,-3.61166384e-03,-2.49761246e-03,-1.23613759e-03,2.36629419e-04,1.93336636e-03,3.81823509e-03,5.82532873e-03,7.87509755e-03,9.87940744e-03,1.17375402e-02,1.33342156e-02,1.45485524e-02,1.52710880e-02,1.54105197e-02,1.49842463e-02,1.39172308e-02,1.21736227e-02,9.73323780e-03,6.60002333e-03,2.84256601e-03,-1.36766794e-03,-5.74080081e-03,-9.90872018e-03,-1.34970475e-02,-1.62144880e-02
4.03396085e-02,3.78855659e-02,3.44872869e-02,3.02934364e-02,2.56438317e-02,2.09877399e-02,1.67379807e-02,1.31534334e-02,1.03116326e-02,8.15202400e-03,6.53577556e-03,5.28869483e-03,4.22520690e-03,3.16704812e-03,1.96725112e-03,5.38844088e-04,-1.12078709e-03,-2.92175746e-03,-4.70614153e-03,-6.30546244e-03,-7.61323282e-03,-8.63030859e-03,-9.45556412e-03,-1.02342375e-02,-1.10966652e-02,-1.21120528e-02,-1.32739243e-02,-1.45188888e-02,-1.57632892e-02,-1.69377515e-02,-1.80060330e-02,-1.89639666e-02,-1.98210129e-02,-2.05708902e-02,-2.11609659e-02,-2.14782164e-02,-2.14501082e-02,-2.08634819e-02,-1.96118524e-02,-1.76457837e-02,-1.49898163e-02,-1.17278462e-02,-7.98109525e-03,-3.88629198e-03,4.21232254e-04,4.81666342e-03,9.19186685e-03,1.34556817e-02,1.75322212e-02,2.13603308e-02,2.48934341e-02,2.80993213e-02,3.09596309e-02,3.34690699e-02,3.56344703e-02,3.74735814e-02,3.90130655e-02,4.02843872e-02,4.13156118e-02,4.21175159e-02,4.26639548e-02,4.28613002e-02,4.26475453e-02,4.18790680e-02
-1.56037537e-02,-1.76015375e-02,-1.92703353e-02,-2.05335355e-02,-2.13244552e-02,-2.16230032e-02,-2.14565776e-02,-2.07769205e-02,-1.96441511e-02,-1.81308724e-02,-1.63230374e-02,-1.43077541e-02,-1.21610874e-02,-9.94419868e-03,-7.71009536e-03,-5.51624388e-03,-3.43452550e-03,-1.55156139e-03,4.28443036e-05,1.27641236e-03,2.12021178e-03,2.60692949e-03,2.83079026e-03,2.92410045e-03,3.01542622e-03,3.18912660e-03,3.46574951e-03,3.79896639e-03,4.09431660e-03,4.24256147e-03,4.16606200e-03,3.86649692e-03,3.43014461e-03,3.01945224e-03,2.79643895e-03,2.85219061e-03,3.17533279e-03,3.69123360e-03,4.28847668e-03,4.86584625e-03,5.35507358e-03,5.72662287e-03,5.98226775e-03,6.14021605e-03,6.21994746e-03,6.23318256e-03,6.18680725e-03,6.07809058e-03,5.90440932e-03,5.66380591e-03,5.35829614e-03,4.99586721e-03,4.58593235e-03,4.12706586e-03,3.59105594e-03,2.91111785e-03,1.98436677e-03,6.97071135e-04,-1.02849485e-03,-3.18366151e-03,-5.65855467e-03,-8.28009892e-03,-1.08807605e-02,-1.33448337e-02
3.47334516e-02,3.67027614e-02,3.88854840e-02,4.11101322e-02,4.31676348e-02,4.48288667e-02,4.58697319e-02,4.60385538e-02,4.55354930e-02,4.42661959e-02,4.23919221e-02,4.02107332e-02,3.79872928e-02,3.58735193e-02,3.39248811e-02,3.21705925e-02,3.06551237e-02,2.94121559e-02,2.84054434e-02,2.75018333e-02,2.65008206e-02,2.51867741e-02,2.33835641e-02,2.10145931e-02,1.81492436e-02,1.50036088e-02,1.18745541e-02,9.03338294e-03,6.64899740e-03,4.78459108e-03,3.44433573e-03,2.61836946e-03,2.29731000e-03,2.45743698e-03,3.04327118e-03,3.97156234e-03,5.13204053e-03,6.41686364e-03,7.74022017e-03,9.04865415e-03,1.03233554e-02,1.15786746e-02,1.28568238e-02,1.42146798e-02,1.57018270e-02,1.73365168e-02,1.90901079e-02,2.08877197e-02,2.26260110e-02,2.42024211e-02,2.55453430e-02,2.66321134e-02,2.74852198e-02,2.81496659e-02,2.86678216e-02,2.90680680e-02,2.93705434e-02,2.96013281e-02,2.98038193e-02,3.00416170e-02,3.03971806e-02,3.09669522e-02,3.18447924e-02,3.30961596e-02
1.91070466e-03,-3.81196561e-03,-9.17772589e-03,-1.39976467e-02,-1.81727982e-02,-2.17221942e-02,-2.47582658e-02,-2.74254853e-02,-2.98404524e-02,-3.20581694e-02,-3.40639332e-02,-3.57795237e-02,-3.70810707e-02,-3.78410935e-02,-3.80447590e-02,-3.76402372e-02,-3.65736364e-02,-3.49358569e-02,-3.28111329e-02,-3.02692936e-02,-2.73613948e-02,-2.41234386e-02,-2.05831083e-02,-1.67643641e-02,-1.26886408e-02,-8.37466958e-03,-3.83969475e-03,8.96535000e-04,5.80521779e-03,1.08435723e-02,1.59532942e-02,2.10625921e-02,2.60905460e-02,3.09505035e-02,3.55498304e-02,3.97854995e-02,4.35383202e-02,4.66718514e-02,4.90434632e-02,5.05298032e-02,5.10257214e-02,5.07590906e-02,4.98473764e-02,4.83995977e-02,4.66809971e-02,4.49224019e-02,4.32593077e-02,4.17333441e-02,4.03287540e-02,3.90189629e-02,3.78020201e-02,3.67131796e-02,3.58099890e-02,3.51316630e-02,3.46450395e-02,3.42077674e-02,3.35866951e-02,3.24839766e-02,3.05900401e-02,2.76887716e-02,2.37492613e-02,1.89347158e-02,1.35150806e-02,7.76160043e-03
-5.26487055e-02,-5.23191971e-02,-5.12796475e-02,-4.97726273e-02,-4.79625068e-02,-4.59790298e-02,-4.39135180e-02,-4.18191743e-02,-3.97210636e-02,-3.76326196e-02,-3.55705376e-02,-3.35587211e-02,-3.16178615e-02,-2.97479109e-02,-2.79178387e-02,-2.60741291e-02,-2.41681909e-02,-2.21904790e-02,-2.01935472e-02,-1.82922742e-02,-1.66414799e-02,-1.53989427e-02,-1.46826948e-02,-1.45010071e-02,-1.48248522e-02,-1.55119214e-02,-1.63415966e-02,-1.70809469e-02,-1.75418814e-02,-1.76550910e-02,-1.73954424e-02,-1.68211849e-02,-1.60296775e-02,-1.51018924e-02,-1.40825301e-02,-1.29844754e-02,-1.18123528e-02,-1.05901043e-02,-9.37664768e-03,-8.26259812e-03,-7.35242858e-03,-6.74197544e-03,-6.49391498e-03,-6.62698523e-03,-7.13970996e-03,-7.97769191e-03,-9.05522508e-03,-1.02591537e-02,-1.14644599e-02,-1.25689537e-02,-1.35376577e-02,-1.44334776e-02,-1.54215240e-02,-1.67527260e-02,-1.87240433e-02,-2.16040838e-02,-2.55211577e-02,-3.03431813e-02,-3.56390311e-02,-4.08028589e-02,-4.52813581e-02,-4.87348693e-02,-5.10510920e-02,-5.22836566e-02
1.32916811e-02,1.30563757e-02,1.21553890e-02,1.04889808e-02,8.07688184e-03,5.04212155e-03,1.59922115e-03,-1.98528867e-03,-5.44935666e-03,-8.59295193e-03,-1.12869452e-02,-1.34558317e-02,-1.50625154e-02,-1.61152569e-02,-1.66857941e-02,-1.69138167e-02,-1.69828717e-02,-1.70748453e-02,-1.73666068e-02,-1.79590766e-02,-1.88457088e-02,-1.99124713e-02,-2.09694430e-02,-2.18056046e-02,-2.22486214e-02,-2.22761331e-02,-2.18104666e-02,-2.09470216e-02,-1.98433659e-02,-1.87083384e-02,-1.77728399e-02,-1.72497288e-02,-1.72138956e-02,-1.77737734e-02,-1.88491147e-02,-2.02840750e-02,-2.18828226e-02,-2.34429444e-02,-2.47707485e-02,-2.56919887e-02,-2.60915647e-02,-2.60016375e-02,-2.53225686e-02,-2.41710695e-02,-2.26670510e-02,-2.09235010e-02,-1.90204168e-02,-1.69954586e-02,-1.48544040e-02,-1.25943001e-02,-1.02267150e-02,-7.78953843e-03,-5.34332267e-03,-2.95652514e-03,-6.87821763e-04,1.42710955e-03,3.37986142e-03,5.18284100e-03,6.85535973e-03,8.40965332e-03,9.84108555e-03,1.11215479e-02,1.21927201e-02,1.29599512e-02
2.44196730e-02,2.74263123e-02,3.04179862e-02,3.33733671e-02,3.62535293e-02,3.90167438e-02,4.16258214e-02,4.40418689e-02,4.62058316e-02,4.80148546e-02,4.92976897e-02,4.97617596e-02,4.93407549e-02,4.78512633e-02,4.50849382e-02,4.11725207e-02,3.65471641e-02,3.18310053e-02,2.76011025e-02,2.41727107e-02,2.15413457e-02,1.94740495e-02,1.76463885e-02,1.57493101e-02,1.35545625e-02,1.09613958e-02,8.02731185e-03,4.95615308e-03,2.02421075e-03,-5.28709996e-04,-2.57808926e-03,-4.12654454e-03,-5.25557886e-03,-6.07011147e-03,-6.66486323e-03,-7.11524641e-03,-7.48050207e-03,-7.80828773e-03,-8.13784433e-03,-8.50213035e-03,-8.92803431e-03,-9.43372986e-03,-1.00243250e-02,-1.06883753e-02,-1.13984310e-02,-1.21182075e-02,-1.28134812e-02,-1.34553363e-02,-1.40043966e-02,-1.43801737e-02,-1.44763442e-02,-1.41272205e-02,-1.31576598e-02,-1.14816875e-02,-9.11401643e-03,-6.16043915e-03,-2.78223892e-03,8.43077471e-04,4.55043463e-03,8.20992278e-03,1.17369323e-02,1.50964262e-02,1.82996503e-02,2.13899537e-02
-3.03579330e-02,-2.75961209e-02,-2.47215735e-02,-2.18866299e-02,-1.92422060e-02,-1.69297021e-02,-1.50791012e-02,-1.38149511e-02,-1.32503282e-02,-1.34282697e-02,-1.45104143e-02,-1.64842840e-02,-1.92119667e-02,-2.23892703e-02,-2.55987639e-02,-2.84392527e-02,-3.06507885e-02,-3.21609610e-02,-3.30477610e-02,-3.34653022e-02,-3.35835889e-02,-3.35232759e-02,-3.33520069e-02,-3.31100508e-02,-3.27970182e-02,-3.23963446e-02,-3.18930782e-02,-3.12823344e-02,-3.05651175e-02,-2.97349568e-02,-2.87651251e-02,-2.76076159e-02,-2.62103874e-02,-2.45499125e-02,-2.26663810e-02,-2.06869775e-02,-1.88299262e-02,-1.73899761e-02,-1.66822124e-02,-1.68515569e-02,-1.81581244e-02,-2.04495123e-02,-2.33424429e-02,-2.63222510e-02,-2.89499822e-02,-3.10101524e-02,-3.25188199e-02,-3.36352465e-02,-3.45573549e-02,-3.54451708e-02,-3.63742176e-02,-3.73223756e-02,-3.82009019e-02,-3.89119570e-02,-3.93964248e-02,-3.96488237e-02,-3.97141866e-02,-3.96106205e-02,-3.93178253e-02,-3.87920096e-02,-3.79487469e-02,-3.67020213e-02,-3.50037203e-02,-3.28654776e-02
-2.10530971e-02,-2.15592252e-02,-2.17697287e-02,-2.17497872e-02,-2.14377220e-02,-2.08050866e-02,-1.98272613e-02,-1.85172069e-02,-1.69319852e-02,-1.51652354e-02,-1.33307236e-02,-1.15418645e-02,-9.89261536e-03,-8.44478899e-03,-7.22458729e-03,-6.22777631e-03,-5.43033486e-03,-4.80096764e-03,-4.31279102e-03,-3.95126060e-03,-3.71375425e-03,-3.59759059e-03,-3.57917493e-03,-3.61019672e-03,-3.62367450e-03,-3.57156037e-03,-3.46644382e-03,-3.40495831e-03,-3.54771837e-03,-4.07617645e-03,-5.10125272e-03,-6.60169918e-03,-8.42051094e-03,-1.03399779e-02,-1.21842089e-02,-1.38703369e-02,-1.53790396e-02,-1.66808660e-02,-1.76790086e-02,-1.82129570e-02,-1.82202966e-02,-1.75402180e-02,-1.62209849e-02,-1.43971484e-02,-1.22579355e-02,-9.99649163e-03,-7.77459377e-03,-5.70967708e-03,-3.88219587e-03,-2.35576087e-03,-1.19794264e-03,-4.88101288e-04,-3.02620031e-04,-6.87332964e-04,-1.63190876e-03,-3.07460427e-03,-4.93298929e-03,-7.13063774e-03,-9.58825090e-03,-1.21843597e-02,-1.47310028e-02,-1.70081010e-02,-1.88441465e-02,-2.01779093e-02
1.77796162e-02,1.57968402e-02,1.37994191e-02,1.18914644e-02,1.01175941e-02,8.48717436e-03,7.00237561e-03,5.66847926e-03,4.48374521e-03,3.42616449e-03,2.45776942e-03,1.55061017e-03,7.16573792e-04,1.38000203e-05,-4.83930558e-04,-7.38911847e-04,-7.86368550e-04,-7.28813763e-04,-7.06322332e-04,-8.56833761e-04,-1.29230904e-03,-2.09245466e-03,-3.30529090e-03,-4.93791044e-03,-6.93831574e-03,-9.18726658e-03,-1.15156633e-02,-1.37378818e-02,-1.56764110e-02,-1.71688527e-02,-1.80736579e-02,-1.83362750e-02,-1.79045043e-02,-1.67599388e-02,-1.49938714e-02,-1.27420692e-02,-1.01679956e-02,-7.44013333e-03,-4.70608265e-03,-2.07051086e-03,4.11510543e-04,2.71811826e-03,4.82799878e-03,6.69353758e-03,8.24029826e-03,9.39599072e-03,1.01353018e-02,1.05171014e-02,1.06908676e-02,1.08578607e-02,1.12032727e-02,1.18638626e-02,1.28881898e-02,1.42348307e-02,1.57989435e-02,1.74457272e-02,1.90366637e-02,2.04420358e-02,2.15414359e-02,2.22193829e-02,2.23570593e-02,2.19812778e-02,2.10378419e-02,1.95870963e-02
6.75148538e-02,6.74160858e-02,6.76166625e-02,6.80474072e-02,6.84653770e-02,6.84716100e-02,6.80436241e-02,6.68882905e-02,6.49164641e-02,6.22122977e-02,5.89910225e-02,5.55127306e-02,5.20047300e-02,4.86484548e-02,4.56135525e-02,4.30769105e-02,4.11963732e-02,4.00690318e-02,3.97397346e-02,4.00166828e-02,4.08501598e-02,4.21817056e-02,4.38805200e-02,4.58217651e-02,4.78961212e-02,5.00139510e-02,5.21110158e-02,5.41517935e-02,5.61266785e-02,5.80423679e-02,5.99082728e-02,6.17237058e-02,6.34701533e-02,6.51111805e-02,6.66005961e-02,6.78974951e-02,6.89840960e-02,6.98789745e-02,7.06370691e-02,7.13337394e-02,7.20414262e-02,7.28097213e-02,7.36528302e-02,7.45462072e-02,7.54323492e-02,7.62317585e-02,7.68556766e-02,7.72225619e-02,7.72753086e-02,7.71532871e-02,7.68676346e-02,7.65337901e-02,7.63010609e-02,7.62560331e-02,7.63054006e-02,7.63757051e-02,7.63091760e-02,7.59919784e-02,7.52799822e-02,7.41279065e-02,7.26179566e-02,7.09499296e-02,6.93889682e-02,6.81882156e-02
-6.83390165e-03,-5.87061666e-03,-5.31617498e-03,-5.48421580e-03,-6.82690903e-03,-9.75333553e-03,-1.45218660e-02,-2.10225771e-02,-2.86490034e-02,-3.64677677e-02,-4.36371501e-02,-4.97114152e-02,-5.46264694e-02,-5.85110580e-02,-6.15268812e-02,-6.38053432e-02,-6.54469466e-02,-6.65319775e-02,-6.71254306e-02,-6.73151402e-02,-6.71755759e-02,-6.65555394e-02,-6.54900338e-02,-6.39867308e-02,-6.20786526e-02,-5.98237889e-02,-5.72971553e-02,-5.45794750e-02,-5.17454905e-02,-4.88543607e-02,-4.59450667e-02,-4.30391562e-02,-4.01505772e-02,-3.72989600e-02,-3.45205697e-02,-3.18716358e-02,-2.94218559e-02,-2.72404323e-02,-2.53814120e-02,-2.38770697e-02,-2.27450255e-02,-2.20058972e-02,-2.16852670e-02,-2.17538550e-02,-2.22919704e-02,-2.32149390e-02,-2.43577588e-02,-2.54705819e-02,-2.62747928e-02,-2.65820989e-02,-2.63201199e-02,-2.53891488e-02,-2.39185668e-02,-2.20881911e-02,-2.00963027e-02,-1.81221867e-02,-1.62992351e-02,-1.47012176e-02,-1.33402449e-02,-1.21750185e-02,-1.11284092e-02,-1.01125813e-02,-9.05869864e-03,-7.94716655e-03
-3.11792833e-02,-3.44604384e-02,-3.71957364e-02,-3.88726752e-02,-3.93718498e-02,-3.86709289e-02,-3.67197480e-02,-3.38214653e-02,-3.02434993e-02,-2.62219455e-02,-2.19569413e-02,-1.76124842e-02,-1.33195168e-02,-9.18036419e-03,-5.27388406e-03,-1.66048515e-03,1.61494948e-03,4.52381596e-03,7.06073100e-03,9.24719963e-03,1.11305696e-02,1.27751233e-02,1.42471227e-02,1.55974510e-02,1.68452297e-02,1.79656905e-02,1.88861721e-02,1.94936715e-02,1.96505523e-02,1.93137335e-02,1.84192783e-02,1.70114285e-02,1.52657456e-02,1.34382006e-02,1.17905653e-02,1.05093375e-02,9.66155812e-03,9.20170523e-03,9.00737056e-03,8.91535739e-03,8.75795304e-03,8.38266392e-03,7.67167626e-03,6.58003991e-03,5.14959967e-03,3.48653909e-03,1.70655056e-03,-1.22080085e-04,-2.00355065e-03,-3.99609941e-03,-6.16267568e-03,-8.51764156e-03,-1.09937009e-02,-1.34446914e-02,-1.56841812e-02,-1.75473899e-02,-1.89527357e-02,-1.99343922e-02,-2.06329684e-02,-2.12606433e-02,-2.20742904e-02,-2.33447988e-02,-2.52881790e-02,-2.79649384e-02
6.56816573e-03,9.12828407e-03,1.17289039e-02,1.43267187e-02,1.68632514e-02,1.92681763e-02,2.14594336e-02,2.33434885e-02,2.48234224e-02,2.58204922e-02,2.63074771e-02,2.63274138e-02,2.60709100e-02,2.56363349e-02,2.51931267e-02,2.48345137e-02,2.45369514e-02,2.41758896e-02,2.35796917e-02,2.25928304e-02,2.11662227e-02,1.94227246e-02,1.76355433e-02,1.61130916e-02,1.50580585e-02,1.44837200e-02,1.42108819e-02,1.39249447e-02,1.32662194e-02,1.18565537e-02,9.41770910e-03,5.91646786e-03,1.66119349e-03,-2.76376836e-03,-6.74785942e-03,-9.92970438e-03,-1.22479244e-02,-1.38423252e-02,-1.49202427e-02,-1.56661147e-02,-1.62052096e-02,-1.66015641e-02,-1.68690261e-02,-1.69905110e-02,-1.69573310e-02,-1.67280877e-02,-1.63212499e-02,-1.57857506e-02,-1.51906590e-02,-1.46006696e-02,-1.40537504e-02,-1.35498423e-02,-1.30527831e-02,-1.25020842e-02,-1.18285592e-02,-1.09679736e-02,-9.86997457e-03,-8.50464658e-03,-6.86857124e-03,-4.98687536e-03,-2.90613625e-03,-6.78490752e-04,1.65527478e-03,4.07364385e-03
-1.57107127e-02,-1.41536004e-02,-1.28494369e-02,-1.18280457e-02,-1.10721642e-02,-1.05179418e-02,-1.00647468e-02,-9.59383983e-03,-8.99653958e-03,-8.20982974e-03,-7.24144421e-03,-6.17009947e-03,-5.12348968e-03,-4.24685207e-03,-3.67364963e-03,-3.49375281e-03,-3.74791809e-03,-4.40897298e-03,-5.38022008e-03,-6.52726860e-03,-7.71933795e-03,-8.86338423e-03,-9.91481624e-03,-1.08680689e-02,-1.17402151e-02,-1.25560312e-02,-1.33363263e-02,-1.40901658e-02,-1.48114583e-02,-1.54781205e-02,-1.60516483e-02,-1.64787458e-02,-1.67003656e-02,-1.67050881e-02,-1.64480842e-02,-1.59615193e-02,-1.52991359e-02,-1.45204725e-02,-1.36708204e-02,-1.27741616e-02,-1.18429255e-02,-1.08988761e-02,-9.99340256e-03,-9.21535039e-03,-8.68029862e-03,-8.48992259e-03,-8.71908072e-03,-9.41281910e-03,-1.05623003e-02,-1.21440846e-02,-1.41249684e-02,-1.64328966e-02,-1.89137025e-02,-2.13222215e-02,-2.33760654e-02,-2.48421790e-02,-2.56012632e-02,-2.57277094e-02,-2.52141169e-02,-2.41803885e-02,-2.27627906e-02,-2.10895257e-02,-1.92808460e-02,-1.74516140e-02
5.78269910e-02,5.80559125e-02,5.79218382e-02,5.73879666e-02,5.63530379e-02,5.48203318e-02,5.28653001e-02,5.06059892e-02,4.81568175e-02,4.55891853e-02,4.29268231e-02,4.01707193e-02,3.73157751e-02,3.43269187e-02,3.10878437e-02,2.73780326e-02,2.29259128e-02,1.75429340e-02,1.12935861e-02,4.59948300e-03,-1.83598305e-03,-7.26984876e-03,-1.12258080e-02,-1.35689116e-02,-1.44445420e-02,-1.41531612e-02,-1.28832326e-02,-1.09417637e-02,-8.59425580e-03,-6.06364853e-03,-3.51803675e-03,-1.06331510e-03,1.24993570e-03,3.40185834e-03,5.36859723e-03,7.09364671e-03,8.47944513e-03,9.40412115e-03,9.75999686e-03,9.52643749e-03,8.78126463e-03,7.69864501e-03,6.56683989e-03,5.69337033e-03,5.34015356e-03,5.67535111e-03,6.77714604e-03,8.66739863e-03,1.12906169e-02,1.45455891e-02,1.83002934e-02,2.24057325e-02,2.67073926e-02,3.10540232e-02,3.53044321e-02,3.93333001e-02,4.30367464e-02,4.63377925e-02,4.91911153e-02,5.15855241e-02,5.35417406e-02,5.51031941e-02,5.63196507e-02,5.72269684e-02
9.91502361e-03,1.21041029e-02,1.41443809e-02,1.59529952e-02,1.74440245e-02,1.85356456e-02,1.91614726e-02,1.92782861e-02,1.89807642e-02,1.83046604e-02,1.73743473e-02,1.63360846e-02,1.53027684e-02,1.43242898e-02,1.33738670e-02,1.23540089e-02,1.11213974e-02,9.52324536e-03,7.43669857e-03,4.80401094e-03,1.65965758e-03,-1.85405110e-03,-5.49187055e-03,-8.96602962e-03,-1.20300238e-02,-1.45531092e-02,-1.65416426e-02,-1.81069188e-02,-1.94077455e-02,-2.05914503e-02,-2.17413996e-02,-2.28395928e-02,-2.37662113e-02,-2.43512292e-02,-2.45022218e-02,-2.41316350e-02,-2.32258753e-02,-2.18791313e-02,-2.02095744e-02,-1.83305528e-02,-1.63401256e-02,-1.43280151e-02,-1.23897725e-02,-1.06342879e-02,-9.17433944e-03,-8.09931210e-03,-7.44083523e-03,-7.15080452e-03,-7.10307960e-03,-7.15142753e-03,-7.16403831e-03,-7.06353837e-03,-6.83298209e-03,-6.48801180e-03,-6.03750424e-03,-5.45860040e-03,-4.69583545e-03,-3.68288346e-03,-2.37355889e-03,-7.63158108e-04,1.11094247e-03,3.18473654e-03,5.38800218e-03,7.65329326e-03
-1.76695746e-02,-1.67713434e-02,-1.58605267e-02,-1.49215489e-02,-1.39488320e-02,-1.29488297e-02,-1.19394768e-02,-1.09490736e-02,-1.00161944e-02,-9.18972492e-03,-8.52555969e-03,-8.07546597e-03,-7.86605880e-03,-7.85958221e-03,-7.97160901e-03,-8.03980437e-03,-7.89163981e-03,-7.36612067e-03,-6.39142501e-03,-4.98623896e-03,-3.24340053e-03,-1.29802918e-03,7.05157241e-04,2.63551221e-03,4.38981351e-03,5.89001147e-03,7.07493381e-03,7.89434483e-03,8.31085487e-03,8.30562467e-03,7.93411579e-03,7.24138880e-03,6.35632196e-03,5.43506901e-03,4.62188213e-03,4.00253424e-03,3.57673760e-03,3.26330179e-03,2.93012363e-03,2.42769712e-03,1.61122472e-03,3.55919260e-04,-1.42660214e-03,-3.76180514e-03,-6.58208734e-03,-9.71169859e-03,-1.28983959e-02,-1.58909412e-02,-1.85160614e-02,-2.07053109e-02,-2.24673319e-02,-2.38377405e-02,-2.48393277e-02,-2.54687545e-02,-2.57229754e-02,-2.56503608e-02,-2.52097802e-02,-2.44861868e-02,-2.35702261e-02,-2.25532386e-02,-2.15101452e-02,-2.04891974e-02,-1.95113298e-02,-1.85760979e-02
-2.15769654e-02,-2.71675939e-02,-3.13393604e-02,-3.41721656e-02,-3.58549647e-02,-3.65992983e-02,-3.66875167e-02,-3.61274239e-02,-3.50530286e-02,-3.35771353e-02,-3.18089209e-02,-2.98572784e-02,-2.78193176e-02,-2.57617154e-02,-2.37051976e-02,-2.16215753e-02,-1.94476249e-02,-1.71127485e-02,-1.45705106e-02,-1.18214381e-02,-8.91890391e-03,-5.95863635e-03,-3.05881063e-03,-3.38731217e-04,2.09829045e-03,4.17796836e-03,5.86422136e-03,7.16447328e-03,8.13455620e-03,8.88001345e-03,9.54598283e-03,1.02890380e-02,1.12382900e-02,1.24605780e-02,1.39463027e-02,1.56253473e-02,1.74037996e-02,1.92029009e-02,2.09840318e-02,2.27510313e-02,2.45305486e-02,2.63397869e-02,2.81547154e-02,2.98898080e-02,3.13956693e-02,3.24765420e-02,3.29254190e-02,3.26885077e-02,3.18069512e-02,3.03601722e-02,2.86409912e-02,2.69799331e-02,2.56073870e-02,2.45675680e-02,2.37178542e-02,2.27983704e-02,2.15050884e-02,1.95305153e-02,1.65942728e-02,1.24675497e-02,7.02080694e-03,3.32469077e-04,-7.17220420e-03,-1.47375907e-02
5.51538123e-03,6.70505639e-03,7.91512027e-03,9.11442710e-03,1.03164373e-02,1.15639733e-02,1.29094089e-02,1.43928355e-02,1.60244355e-02,1.77785893e-02,1.96024442e-02,2.14334472e-02,2.32151398e-02,2.49024147e-02,2.64551854e-02,2.78273953e-02,2.89606288e-02,2.97868622e-02,3.02365152e-02,3.02241568e-02,2.98014046e-02,2.88602627e-02,2.74206612e-02,2.55935863e-02,2.36012112e-02,2.17466858e-02,2.03234723e-02,1.95159744e-02,1.93646707e-02,1.96789644e-02,2.03305380e-02,2.11074309e-02,2.18121690e-02,2.23114259e-02,2.25484343e-02,2.25321456e-02,2.23228088e-02,2.19024773e-02,2.12366379e-02,2.02535913e-02,1.89072672e-02,1.72563071e-02,1.54985708e-02,1.39162871e-02,1.27590373e-02,1.21502975e-02,1.20769968e-02,1.23677668e-02,1.28787672e-02,1.34004792e-02,1.37431507e-02,1.37615803e-02,1.34417109e-02,1.27396335e-02,1.16815502e-02,1.03045685e-02,8.67255959e-03,6.92040502e-03,5.27116827e-03,3.98372091e-03,3.25494027e-03,3.15060074e-03,3.58726020e-03,4.43074287e-03
-2.40292925e-02,-2.43773067e-02,-2.45531371e-02,-2.45965510e-02,-2.45542675e-02,-2.45019789e-02,-2.44957158e-02,-2.45815859e-02,-2.47659491e-02,-2.50205377e-02,-2.53006326e-02,-2.55533754e-02,-2.57138255e-02,-2.57322774e-02,-2.55029783e-02,-2.49250996e-02,-2.39438278e-02,-2.25715569e-02,-2.08914098e-02,-1.90341281e-02,-1.71451532e-02,-1.53588568e-02,-1.37862814e-02,-1.25117958e-02,-1.15884755e-02,-1.10254687e-02,-1.07725345e-02,-1.07171413e-02,-1.07332390e-02,-1.07230563e-02,-1.06586063e-02,-1.06127675e-02,-1.07054935e-02,-1.10746463e-02,-1.17724699e-02,-1.27206313e-02,-1.37087354e-02,-1.44667479e-02,-1.47924532e-02,-1.46359169e-02,-1.40133756e-02,-1.31153193e-02,-1.21768341e-02,-1.14262164e-02,-1.10419252e-02,-1.10739058e-02,-1.15648786e-02,-1.24002046e-02,-1.34129403e-02,-1.44330771e-02,-1.53395202e-02,-1.60822108e-02,-1.66713620e-02,-1.71517858e-02,-1.75804023e-02,-1.80129235e-02,-1.84962214e-02,-1.90621149e-02,-1.97224335e-02,-2.04672278e-02,-2.12667158e-02,-2.20759872e-02,-2.28413480e-02,-2.35079976e-02
1.51532275e-02,1.33076470e-02,1.11315037e-02,8.77669777e-03,6.49001093e-03,4.56091597e-03,3.24978404e-03,2.72442485e-03,3.02279474e-03,4.06010303e-03,5.67637036e-03,7.64941751e-03,9.73944863e-03,1.17105748e-02,1.33447112e-02,1.44495375e-02,1.48592639e-02,1.44876166e-02,1.32681230e-02,1.11606643e-02,8.27906207e-03,4.88317756e-03,1.35985208e-03,-1.86666262e-03,-4.45529579e-03,-6.23584020e-03,-7.19916195e-03,-7.45726915e-03,-7.12223140e-03,-6.30427268e-03,-5.10118890e-03,-3.59324666e-03,-1.85603690e-03,3.45440799e-05,2.00504725e-03,3.99115241e-03,5.94238989e-03,7.82306431e-03,9.61109712e-03,1.12954507e-02,1.28723513e-02,1.43411385e-02,1.57020687e-02,1.69580677e-02,1.81188419e-02,1.92018612e-02,2.02257804e-02,2.11986515e-02,2.21090596e-02,2.29267370e-02,2.36117624e-02,2.41250049e-02,2.44323443e-02,2.44975168e-02,2.43408905e-02,2.39338436e-02,2.32867159e-02,2.24538755e-02,2.15193283e-02,2.05703483e-02,1.96568825e-02,1.87601591e-02,1.77925835e-02,1.66289466e-02
1.82961434e-04,4.11066559e-03,8.10373356e-03,1.21118158e-02,1.60992092e-02,2.00372336e-02,2.38988400e-02,2.76533116e-02,3.12574769e-02,3.46427809e-02,3.77024094e-02,4.02854690e-02,4.22045191e-02,4.32608821e-02,4.32338132e-02,4.23022190e-02,4.01625506e-02,3.67450531e-02,3.20083519e-02,2.59584067e-02,1.87462034e-02,1.07423313e-02,2.47554698e-03,-5.54244887e-03,-1.29376849e-02,-1.94470183e-02,-2.48257576e-02,-2.88516951e-02,-3.13958457e-02,-3.24842745e-02,-3.24889408e-02,-3.13104395e-02,-2.92735221e-02,-2.66063543e-02,-2.35064059e-02,-2.01428787e-02,-1.66615579e-02,-1.31867533e-02,-9.81776197e-03,-6.62296789e-03,-3.63860802e-03,-8.79184434e-04,1.63862199e-03,3.86435277e-03,5.69067419e-03,6.94876135e-03,7.42883648e-03,6.96038391e-03,5.45278640e-03,2.93765769e-03,-3.40685845e-04,-4.00353523e-03,-7.65149418e-03,-1.09542824e-02,-1.36728825e-02,-1.56450465e-02,-1.67705365e-02,-1.70664935e-02,-1.65184936e-02,-1.51499923e-02,-1.30557468e-02,-1.03492010e-02,-7.15637966e-03,-3.60591826e-03
-2.39989618e-02,-2.19195039e-02,-1.92717863e-02,-1.61911568e-02,-1.27686102e-02,-9.05579555e-03,-5.08451189e-03,-8.88330517e-04,3.48341591e-03,7.96200268e-03,1.24642012e-02,1.68941318e-02,2.11417097e-02,2.50771456e-02,2.85446915e-02,3.13610543e-02,3.33257632e-02,3.42533563e-02,3.40903548e-02,3.30422208e-02,3.11719886e-02,2.88528526e-02,2.64841145e-02,2.43382813e-02,2.24999517e-02,2.09034869e-02,1.94206232e-02,1.79413643e-02,1.64196525e-02,1.48778245e-02,1.33760126e-02,1.19671465e-02,1.06644264e-02,9.43646637e-03,8.22711685e-03,6.98709131e-03,5.70441454e-03,4.42234804e-03,3.23487963e-03,2.25815144e-03,1.59113098e-03,1.28611633e-03,1.33946897e-03,1.69472862e-03,2.25999362e-03,2.90767193e-03,3.48967991e-03,3.85450838e-03,3.86607470e-03,3.43986832e-03,2.49613770e-03,9.95883929e-04,-1.07411039e-03,-3.67640124e-03,-6.69960563e-03,-9.96846574e-03,-1.32947373e-02,-1.65205552e-02,-1.95117445e-02,-2.21164566e-02,-2.41427730e-02,-2.53938166e-02,-2.58000996e-02,-2.53465285e-02
-3.98523689e-02,-3.83970024e-02,-3.66807387e-02,-3.48604150e-02,-3.30650941e-02,-3.13688371e-02,-2.97729406e-02,-2.82084563e-02,-2.65639464e-02,-2.47324184e-02,-2.26592737e-02,-2.03676111e-02,-1.79508224e-02,-1.55419840e-02,-1.32767700e-02,-1.12646191e-02,-9.57959650e-03,-8.27787159e-03,-7.43914368e-03,-7.18356343e-03,-7.72186064e-03,-9.31934412e-03,-1.21374664e-02,-1.60784191e-02,-2.06791042e-02,-2.52270464e-02,-2.90704672e-02,-3.18750036e-02,-3.36575283e-02,-3.46600575e-02,-3.51969897e-02,-3.55459959e-02,-3.59029983e-02,-3.63550262e-02,-3.68454655e-02,-3.72094859e-02,-3.73145499e-02,-3.70444635e-02,-3.63469745e-02,-3.53819687e-02,-3.43928887e-02,-3.36358394e-02,-3.32871681e-02,-3.33104271e-02,-3.37447560e-02,-3.43518605e-02,-3.49153326e-02,-3.52872905e-02,-3.54281666e-02,-3.53869702e-02,-3.51917378e-02,-3.49582121e-02,-3.47908795e-02,-3.47549971e-02,-3.49392972e-02,-3.54282718e-02,-3.62403114e-02,-3.73311214e-02,-3.85794578e-02,-3.97972788e-02,-4.07663675e-02,-4.13007391e-02,-4.13819132e-02,-4.08904239e-02
-1.25528455e-02,-1.45760632e-02,-1.68197715e-02,-1.91895396e-02,-2.16206157e-02,-2.41124942e-02,-2.67189979e-02,-2.94974388e-02,-3.24474888e-02,-3.54848552e-02,-3.84763712e-02,-4.13105245e-02,-4.39442863e-02,-4.63943831e-02,-4.86921318e-02,-5.08427046e-02,-5.28162950e-02,-5.45697329e-02,-5.60753899e-02,-5.73355282e-02,-5.83768909e-02,-5.92323780e-02,-5.99174168e-02,-6.04080631e-02,-6.06434288e-02,-6.06350812e-02,-6.01781162e-02,-5.91750258e-02,-5.76032816e-02,-5.55030306e-02,-5.29594460e-02,-5.00744344e-02,-4.69470691e-02,-4.36680132e-02,-4.03224126e-02,-3.69923930e-02,-3.37533028e-02,-3.06641032e-02,-2.77579564e-02,-2.50408099e-02,-2.25021617e-02,-2.01347894e-02,-1.79536918e-02,-1.60036346e-02,-1.43499556e-02,-1.30540678e-02,-1.21401915e-02,-1.15656488e-02,-1.12140456e-02,-1.09235380e-02,-1.05317066e-02,-9.93265092e-03,-9.11603456e-03,-8.16208781e-03,-7.20911643e-03,-6.41226311e-03,-5.90393097e-03,-5.75126566e-03,-5.96336563e-03,-6.48935578e-03,-7.25483293e-03,-8.21710556e-03,-9.38877074e-03,-1.08202188e-02
3.88452102e-02,4.16602325e-02,4.41619268e-02,4.62470120e-02,4.78595977e-02,4.89977786e-02,4.97156208e-02,5.01208215e-02,5.03617848e-02,5.05891159e-02,5.09332459e-02,5.15128591e-02,5.24241753e-02,5.37308049e-02,5.54638252e-02,5.76247247e-02,6.01875982e-02,6.31014745e-02,6.62939758e-02,6.96761303e-02,7.31474723e-02,7.66008261e-02,7.99265326e-02,8.30157866e-02,8.57624845e-02,8.80633428e-02,8.98174599e-02,9.09291265e-02,9.12519944e-02,9.10386689e-02,9.02876990e-02,8.89726770e-02,8.72293527e-02,8.52048021e-02,8.29752090e-02,8.05135254e-02,7.77008853e-02,7.43712980e-02,7.03771490e-02,6.56647985e-02,6.03394173e-02,5.46835833e-02,4.90997426e-02,4.39892915e-02,3.96325129e-02,3.61342867e-02,3.34449499e-02,3.14173142e-02,2.98606002e-02,2.85792920e-02,2.74036840e-02,2.62188911e-02,2.49924531e-02,2.37907829e-02,2.27664744e-02,2.21119875e-02,2.20159652e-02,2.24632899e-02,2.35379130e-02,2.52068561e-02,2.73876437e-02,2.99757284e-02,3.28462958e-02,3.58551196e-02
9.99255419e-03,1.30870334e-02,1.65721041e-02,2.02743217e-02,2.40252863e-02,2.76750122e-02,3.11034548e-02,3.42295890e-02,3.70154499e-02,3.94615790e-02,4.15914082e-02,4.34257783e-02,4.49539528e-02,4.61117396e-02,4.67794514e-02,4.67623758e-02,4.61478279e-02,4.47082651e-02,4.24228370e-02,3.93628056e-02,3.56675726e-02,3.15330298e-02,2.71895014e-02,2.28491091e-02,1.86448016e-02,1.46176598e-02,1.07655977e-02,7.10114337e-03,3.66777201e-03,5.19728037e-04,-2.29560393e-03,-4.73540372e-03,-6.75576571e-03,-8.31568027e-03,-9.38501249e-03,-9.94217365e-03,-1.00066438e-02,-9.52594236e-03,-8.48054944e-03,-6.86374480e-03,-4.70198737e-03,-2.06691556e-03,9.26206365e-04,4.12998515e-03,7.38762218e-03,1.05505678e-02,1.34871994e-02,1.60790303e-02,1.82076106e-02,1.97432159e-02,2.05468534e-02,2.04803018e-02,1.96189893e-02,1.79058607e-02,1.55347752e-02,1.28153990e-02,1.01031755e-02,7.71240330e-03,5.85935770e-03,4.66572581e-03,4.20118404e-03,4.50665258e-03,5.59423637e-03,7.45096092e-03
-3.66503938e-02,-3.74644255e-02,-3.80258245e-02,-3.84986963e-02,-3.91030887e-02,-4.00626944e-02,-4.14755439e-02,-4.32023589e-02,-4.48672677e-02,-4.60077227e-02,-4.63810574e-02,-4.58743935e-02,-4.42739485e-02,-4.17884802e-02,-3.86179694e-02,-3.49497992e-02,-3.09383965e-02,-2.67012249e-02,-2.23233687e-02,-1.78640059e-02,-1.33627933e-02,-8.84678232e-03,-4.33876516e-03,1.33356345e-04,4.52773492e-03,8.78482269e-03,1.28322828e-02,1.65975721e-02,2.00267155e-02,2.31013676e-02,2.58444307e-02,2.83090123e-02,3.05556857e-02,3.26304891e-02,3.45537498e-02,3.63204802e-02,3.79050951e-02,3.92625131e-02,4.03245008e-02,4.09962078e-02,4.11249262e-02,4.07814106e-02,3.98511047e-02,3.83265384e-02,3.62810038e-02,3.37879001e-02,3.08819010e-02,2.75665878e-02,2.38625630e-02,1.98485205e-02,1.56407701e-02,1.13114497e-02,6.81953507e-03,2.03364198e-03,-3.14744959e-03,-8.64220591e-03,-1.41385987e-02,-1.92176631e-02,-2.35625978e-02,-2.70836543e-02,-2.98848981e-02,-3.21426566e-02,-3.39954180e-02,-3.54983745e-02
-1.81217845e-02,-2.06933404e-02,-2.30165717e-02,-2.51333983e-02,-2.70082020e-02,-2.85651130e-02,-2.97374380e-02,-3.04975699e-02,-3.08607278e-02,-3.09099931e-02,-3.06335174e-02,-3.00650668e-02,-2.92236883e-02,-2.81181692e-02,-2.67590892e-02,-2.51719050e-02,-2.34067015e-02,-2.15367098e-02,-1.96411395e-02,-1.77774933e-02,-1.59568986e-02,-1.41364635e-02,-1.22346864e-02,-1.01641865e-02,-7.86652544e-03,-5.33280807e-03,-2.60380243e-03,2.43469339e-04,3.10941111e-03,5.87962115e-03,8.42516678e-03,1.06009960e-02,1.22494265e-02,1.32090917e-02,1.33170810e-02,1.25733894e-02,1.08424551e-02,8.12401797e-03,4.49549873e-03,1.42218427e-04,-4.58008921e-03,-9.14270898e-03,-1.29842410e-02,-1.57003354e-02,-1.71466005e-02,-1.74759793e-02,-1.68063660e-02,-1.53482908e-02,-1.33244282e-02,-1.09265631e-02,-8.32210592e-03,-5.65933239e-03,-3.07412317e-03,-7.01260967e-04,1.30889416e-03,2.77262668e-03,3.47152438e-03,3.18332580e-03,1.77033030e-03,-7.87830304e-04,-4.22584794e-03,-8.06773055e-03,-1.18242552e-02,-1.51951400e-02
-1.23848366e-02,-1.16862222e-02,-1.08334750e-02,-9.90258769e-03,-8.94714959e-03,-7.97690880e-03,-6.95906847e-03,-5.83842286e-03,-4.56501227e-03,-3.11729993e-03,-1.51353860e-03,1.90430229e-04,1.91473372e-03,3.57749940e-03,5.11680255e-03,6.50375100e-03,7.74157830e-03,8.85176806e-03,9.85602059e-03,1.07650726e-02,1.15803851e-02,1.23061889e-02,1.29627048e-02,1.35901760e-02,1.42386466e-02,1.49473103e-02,1.57234213e-02,1.65315286e-02,1.72992525e-02,1.79363944e-02,1.83550893e-02,1.84735441e-02,1.82485641e-02,1.75794805e-02,1.63369895e-02,1.43976291e-02,1.16820297e-02,8.21465080e-03,4.15652666e-03,-2.10433823e-04,-4.53703552e-03,-8.49368904e-03,-1.18569910e-02,-1.45517034e-02,-1.66305049e-02,-1.82078628e-02,-1.93916280e-02,-2.02437767e-02,-2.07776655e-02,-2.09915895e-02,-2.09098574e-02,-2.04929990e-02,-1.97834624e-02,-1.88366771e-02,-1.77305461e-02,-1.65665811e-02,-1.54626289e-02,-1.45337347e-02,-1.38625723e-02,-1.34691550e-02,-1.32963620e-02,-1.32277973e-02,-1.31275912e-02,-1.28681468e-02
3.43942074e-02,3.73522311e-02,3.96811723e-02,4.11614588e-02,4.14821117e-02,4.08009893e-02,3.89182177e-02,3.58362517e-02,3.17411715e-02,2.68186520e-02,2.11761011e-02,1.48939826e-02,8.18629418e-03,1.51038442e-03,-4.55168909e-03,-9.59482717e-03,-1.35661862e-02,-1.66718453e-02,-1.92196519e-02,-2.15133935e-02,-2.38143115e-02,-2.63318269e-02,-2.92044494e-02,-3.24576748e-02,-3.59642430e-02,-3.94569783e-02,-4.26189992e-02,-4.52092408e-02,-4.71449768e-02,-4.84999551e-02,-4.94393261e-02,-5.01405221e-02,-5.07350873e-02,-5.12759589e-02,-5.17278059e-02,-5.19946385e-02,-5.20315685e-02,-5.16876784e-02,-5.08373374e-02,-4.94590892e-02,-4.75887419e-02,-4.53153356e-02,-4.27560155e-02,-4.00266012e-02,-3.72185415e-02,-3.43873547e-02,-3.15526475e-02,-2.87062657e-02,-2.58235701e-02,-2.28733085e-02,-1.98235949e-02,-1.66441002e-02,-1.33065882e-02,-9.78655482e-03,-6.06762530e-03,-2.14806491e-03,1.95336075e-03,6.19440989e-03,1.05150527e-02,1.48459965e-02,1.91185910e-02,2.32710664e-02,2.72468242e-02,3.09832944e-02
2.25182204e-02,2.22273249e-02,2.20770000e-02,2.21373329e-02,2.23551888e-02,2.25870773e-02,2.25438780e-02,2.20126468e-02,2.07184741e-02,1.86206629e-02,1.59557436e-02,1.31861806e-02,1.07996903e-02,9.09286238e-03,8.09971992e-03,7.67013669e-03,7.59486394e-03,7.68406273e-03,7.82868418e-03,7.96911970e-03,8.10209285e-03,8.27818784e-03,8.59843350e-03,9.19773873e-03,1.02028065e-02,1.16796995e-02,1.36006767e-02,1.58434952e-02,1.82146085e-02,2.04819986e-02,2.24116148e-02,2.38093461e-02,2.45670756e-02,2.46790575e-02,2.43717054e-02,2.37628862e-02,2.30670367e-02,2.24531108e-02,2.19939603e-02,2.16675905e-02,2.13818351e-02,2.10161322e-02,2.04563751e-02,1.96268727e-02,1.85152122e-02,1.71746792e-02,1.57112005e-02,1.42669575e-02,1.30000441e-02,1.20542296e-02,1.15278245e-02,1.14663649e-02,1.18123293e-02,1.25577528e-02,1.36396723e-02,1.49807214e-02,1.64899265e-02,1.80614417e-02,1.95775458e-02,2.09148234e-02,2.19562650e-02,2.26137552e-02,2.28587096e-02,2.27807803e-02
1.66737914e-02,1.44685265e-02,1.22891517e-02,1.01295173e-02,8.02103019e-03,6.02599343e-03,4.21070522e-03,2.62629541e-03,1.30140257e-03,2.35374063e-04,-6.07138284e-04,-1.28646930e-03,-1.85984460e-03,-2.35272020e-03,-2.74943704e-03,-3.00942446e-03,-3.10143204e-03,-3.03021894e-03,-2.85268368e-03,-2.67718324e-03,-2.63660146e-03,-2.87149514e-03,-3.50424742e-03,-4.60773500e-03,-6.16428390e-03,-8.02585943e-03,-9.92018626e-03,-1.15305102e-02,-1.26082809e-02,-1.30525201e-02,-1.29178773e-02,-1.22541880e-02,-1.11981226e-02,-9.85951832e-03,-8.30500820e-03,-6.55308397e-03,-4.58483773e-03,-2.36795631e-03,1.14425379e-04,2.84188120e-03,5.75115886e-03,8.74576228e-03,1.17085956e-02,1.45115088e-02,1.70215246e-02,1.91106390e-02,2.06775875e-02,2.16830961e-02,2.21856384e-02,2.23505477e-02,2.24095975e-02,2.25544545e-02,2.29141166e-02,2.35316699e-02,2.43506173e-02,2.52418201e-02,2.60344125e-02,2.65382288e-02,2.65364740e-02,2.60320058e-02,2.48933655e-02,2.32002107e-02,2.11374360e-02,1.89134927e-02
-3.63357901e-02,-3.54766744e-02,-3.49941842e-02,-3.48895633e-02,-3.51296565e-02,-3.55124185e-02,-3.57903266e-02,-3.58322039e-02,-3.54896670e-02,-3.47083550e-02,-3.35216993e-02,-3.19957141e-02,-3.02172620e-02,-2.82900833e-02,-2.63331419e-02,-2.44765323e-02,-2.28505845e-02,-2.15667692e-02,-2.06951155e-02,-2.02474925e-02,-2.01536960e-02,-2.03689659e-02,-2.08176030e-02,-2.14557509e-02,-2.22991703e-02,-2.34234131e-02,-2.49456538e-02,-2.69838318e-02,-2.95951970e-02,-3.27144845e-02,-3.61301386e-02,-3.95252937e-02,-4.25638944e-02,-4.49707033e-02,-4.65730560e-02,-4.73201374e-02,-4.73900176e-02,-4.66675582e-02,-4.52722080e-02,-4.33370728e-02,-4.09822837e-02,-3.83176827e-02,-3.54521437e-02,-3.25030215e-02,-2.96008571e-02,-2.68868177e-02,-2.45048134e-02,-2.25945684e-02,-2.12920283e-02,-2.07128677e-02,-2.08503313e-02,-2.18916524e-02,-2.37621933e-02,-2.62754355e-02,-2.91176019e-02,-3.19361205e-02,-3.44502796e-02,-3.64974203e-02,-3.79994936e-02,-3.89117811e-02,-3.92463457e-02,-3.90939749e-02,-3.84002477e-02,-3.73953924e-02
-1.23993005e-03,-1.07302194e-03,-1.64983800e-03,-3.20808608e-03,-5.98375710e-03,-1.01041313e-02,-1.54165666e-02,-2.13720520e-02,-2.71332269e-02,-3.19068708e-02,-3.52521122e-02,-3.71530294e-02,-3.79011054e-02,-3.79739693e-02,-3.75949182e-02,-3.71642499e-02,-3.69013759e-02,-3.68500269e-02,-3.70094809e-02,-3.72550380e-02,-3.74448170e-02,-3.75051270e-02,-3.74054715e-02,-3.71394194e-02,-3.67546048e-02,-3.62825241e-02,-3.57299338e-02,-3.50807650e-02,-3.43051642e-02,-3.33719011e-02,-3.22612856e-02,-3.09755195e-02,-2.95433404e-02,-2.80179974e-02,-2.64715413e-02,-2.49908097e-02,-2.36781770e-02,-2.26531706e-02,-2.20414858e-02,-2.18945617e-02,-2.22749241e-02,-2.31336061e-02,-2.42830136e-02,-2.54683148e-02,-2.64350347e-02,-2.69912816e-02,-2.70975772e-02,-2.66828102e-02,-2.57757338e-02,-2.44659415e-02,-2.28572349e-02,-2.10526419e-02,-1.91457495e-02,-1.72161032e-02,-1.53260373e-02,-1.35176457e-02,-1.18101715e-02,-1.01996344e-02,-8.66367754e-03,-7.17412197e-03,-5.71625521e-03,-4.30867678e-03,-3.01512876e-03,-1.94395604e-03
3.03762268e-02,2.94853950e-02,2.80267061e-02,2.58534003e-02,2.28929058e-02,1.92020056e-02,1.50113818e-02,1.06991979e-02,6.67599861e-03,3.25523638e-03,6.01047281e-04,-1.23938003e-03,-2.28064461e-03,-2.57911461e-03,-2.20439648e-03,-1.25246126e-03,1.50092377e-04,1.85435149e-03,3.69111665e-03,5.47341660e-03,7.00726637e-03,8.12105970e-03,8.71352918e-03,8.80136521e-03,8.57969105e-03,8.29290497e-03,8.25261305e-03,8.67131005e-03,9.67505678e-03,1.12573098e-02,1.33149016e-02,1.56826568e-02,1.81610876e-02,2.05401251e-02,2.26235015e-02,2.42544360e-02,2.53360072e-02,2.58357350e-02,2.57768079e-02,2.52731738e-02,2.43276912e-02,2.30588155e-02,2.16375895e-02,2.02777171e-02,1.92042194e-02,1.86171821e-02,1.86733116e-02,1.93416425e-02,2.06658217e-02,2.25200358e-02,2.47092423e-02,2.70037106e-02,2.91760727e-02,3.10330141e-02,3.24344067e-02,3.32997193e-02,3.36051044e-02,3.34768700e-02,3.30471136e-02,3.24606120e-02,3.19096558e-02,3.14985897e-02,3.11997732e-02,3.08834763e-02
1.13659866e-02,1.16047447e-02,1.14581517e-02,1.10150423e-02,1.03979724e-02,9.73400536e-03,9.08299170e-03,8.42704552e-03,7.69973101e-03,6.83052968e-03,5.78225116e-03,4.57063264e-03,3.26499135e-03,1.97505799e-03,8.27936780e-04,-6.41232737e-05,-6.40502879e-04,-9.22518135e-04,-1.02011833e-03,-1.10920814e-03,-1.39242143e-03,-2.04781732e-03,-3.18786670e-03,-4.84685325e-03,-7.00298007e-03,-9.61796132e-03,-1.26607747e-02,-1.60966267e-02,-1.98545718e-02,-2.38060607e-02,-2.77762638e-02,-3.15792671e-02,-3.50473180e-02,-3.80366933e-02,-4.04213215e-02,-4.20957501e-02,-4.30026154e-02,-4.32300257e-02,-4.27779134e-02,-4.16429185e-02,-3.99633638e-02,-3.78554234e-02,-3.54202897e-02,-3.27449168e-02,-2.99049315e-02,-2.69678341e-02,-2.39937390e-02,-2.10334453e-02,-1.81257898e-02,-1.52966523e-02,-1.25609586e-02,-9.92759928e-03,-7.40604671e-03,-5.01246066e-03,-2.77184631e-03,-7.12493230e-04,1.14804109e-03,2.81947812e-03,4.34423982e-03,5.78087799e-03,7.17094351e-03,8.50772269e-03,9.72547170e-03,1.07158476e-02
-3.56014833e-02,-3.78422649e-02,-4.03244281e-02,-4.27268575e-02,-4.48891467e-02,-4.68265117e-02,-4.86421153e-02,-5.04140146e-02,-5.21167494e-02,-5.36118656e-02,-5.47028110e-02,-5.52259014e-02,-5.52398092e-02,-5.45004210e-02,-5.30189947e-02,-5.08701468e-02,-4.81563163e-02,-4.49952967e-02,-4.15036582e-02,-3.77801959e-02,-3.38950299e-02,-2.98876198e-02,-2.57740844e-02,-2.15609479e-02,-1.72599491e-02,-1.28982693e-02,-8.52078967e-03,-4.18451472e-03,5.17509248e-05,4.13764836e-03,8.03855811e-03,1.17350368e-02,1.52157840e-02,1.84690828e-02,2.14769505e-02,2.42149372e-02,2.66572582e-02,2.87837208e-02,3.05828228e-02,3.20454260e-02,3.31465538e-02,3.38167600e-02,3.38666394e-02,3.33016333e-02,3.17979655e-02,2.91529754e-02,2.52832210e-02,2.02696979e-02,1.43458449e-02,7.79941682e-03,8.80623309e-04,-6.17557174e-03,-1.30489196e-02,-1.93254519e-02,-2.46074138e-02,-2.86392855e-02,-3.13560380e-02,-3.28666885e-02,-3.34213942e-02,-3.34194382e-02,-3.30905184e-02,-3.28819273e-02,-3.30488563e-02,-3.39424157e-02
-3.95833716e-03,-3.90036069e-03,-3.77125840e-03,-3.42282962e-03,-2.79677312e-03,-1.96157081e-03,-1.11054685e-03,-5.31065719e-04,-5.44777630e-04,-1.42672599e-03,-3.28017698e-03,-5.93697775e-03,-8.96764935e-03,-1.18480431e-02,-1.41721044e-02,-1.57560897e-02,-1.66114839e-02,-1.68807620e-02,-1.67303801e-02,-1.63254361e-02,-1.58391224e-02,-1.53919827e-02,-1.50418904e-02,-1.47944359e-02,-1.46388540e-02,-1.45837396e-02,-1.46814198e-02,-1.50401416e-02,-1.57468670e-02,-1.68174997e-02,-1.81641979e-02,-1.96209933e-02,-2.10120857e-02,-2.22133936e-02,-2.31695814e-02,-2.38705106e-02,-2.43159253e-02,-2.45018986e-02,-2.44473794e-02,-2.40762404e-02,-2.33828420e-02,-2.23768725e-02,-2.11095391e-02,-1.96766256e-02,-1.82016786e-02,-1.68031036e-02,-1.55594818e-02,-1.44922918e-02,-1.35772912e-02,-1.27770481e-02,-1.20713008e-02,-1.14631817e-02,-1.09591719e-02,-1.05422343e-02,-1.01605059e-02,-9.73859627e-03,-9.20455684e-03,-8.51902040e-03,-7.69113217e-03,-6.77719641e-03,-5.86757226e-03,-5.06666983e-03,-4.46571389e-03,-4.10813320e-03
1.36388360e-02,1.16703748e-02,9.79089918e-03,8.08155158e-03,6.52398369e-03,5.02789417e-03,3.49596933e-03,1.89148058e-03,2.75533445e-04,-1.21013424e-03,-2.41064443e-03,-3.23195116e-03,-3.66890956e-03,-3.78526644e-03,-3.64823180e-03,-3.29202250e-03,-2.70115398e-03,-1.82805050e-03,-6.33784841e-04,8.77189575e-04,2.64214317e-03,4.54540208e-03,6.42833686e-03,8.09977802e-03,9.34848006e-03,9.96421407e-03,9.78470384e-03,8.80104753e-03,7.07064222e-03,4.89268501e-03,2.69825459e-03,9.24429434e-04,-1.12244515e-04,-2.77545797e-04,4.02710725e-04,1.78478805e-03,3.66857325e-03,5.84496142e-03,8.12468543e-03,1.03520084e-02,1.24079063e-02,1.42087375e-02,1.57056963e-02,1.68869492e-02,1.77785488e-02,1.84366809e-02,1.89290326e-02,1.93150829e-02,1.96394070e-02,1.99401530e-02,2.02584717e-02,2.06324188e-02,2.10745772e-02,2.15492173e-02,2.19708985e-02,2.22325927e-02,2.22361560e-02,2.20037225e-02,2.15084920e-02,2.07867548e-02,1.98546802e-02,1.86902090e-02,1.72556968e-02,1.55477670e-02
9.91721847e-03,9.18811191e-03,8.78405000e-03,8.71460709e-03,8.95842359e-03,9.50862116e-03,1.03078843e-02,1.12541480e-02,1.22084650e-02,1.30158361e-02,1.35401514e-02,1.37033491e-02,1.35455913e-02,1.31531777e-02,1.26638185e-02,1.22210301e-02,1.19151018e-02,1.17732672e-02,1.17748916e-02,1.18593489e-02,1.19585253e-02,1.19605093e-02,1.17532455e-02,1.12098532e-02,1.02584901e-02,8.92468045e-03,7.35009083e-03,5.75366565e-03,4.35330622e-03,3.29980844e-03,2.65902535e-03,2.43527907e-03,2.60291593e-03,3.13391542e-03,4.00512168e-03,5.18527347e-03,6.63207570e-03,8.28911285e-03,1.00872840e-02,1.19484559e-02,1.37913418e-02,1.55416015e-02,1.71466945e-02,1.85910320e-02,1.99021038e-02,2.11395488e-02,2.23688953e-02,2.36317763e-02,2.49250925e-02,2.61951132e-02,2.73454893e-02,2.82544313e-02,2.87951019e-02,2.88232115e-02,2.83949215e-02,2.73864808e-02,2.58114170e-02,2.37452138e-02,2.13316160e-02,1.87823796e-02,1.63332134e-02,1.41701858e-02,1.23822752e-02,1.09744310e-02
2.07177143e-03,1.63897893e-03,2.00457750e-03,2.99829874e-03,4.38746610e-03,5.92204498e-03,7.37180371e-03,8.54533054e-03,9.30657430e-03,9.59177570e-03,9.43833282e-03,8.95420685e-03,8.29203494e-03,7.63327075e-03,7.10670867e-03,6.74654506e-03,6.49053900e-03,6.21964705e-03,5.81638287e-03,5.21454425e-03,4.43074691e-03,3.55849557e-03,2.72906933e-03,2.06542936e-03,1.65360186e-03,1.53728490e-03,1.72366645e-03,2.20045524e-03,2.94178661e-03,3.91010576e-03,5.05432749e-03,6.30435447e-03,7.56736924e-03,8.72973938e-03,9.66938512e-03,1.02820236e-02,1.05160703e-02,1.04096789e-02,1.00566082e-02,9.55576611e-03,8.97847616e-03,8.31332215e-03,7.48511472e-03,6.42359347e-03,5.15359464e-03,3.85615033e-03,2.84148047e-03,2.42670710e-03,2.78962907e-03,3.90807745e-03,5.60190369e-03,7.59114182e-03,9.58429315e-03,1.13382753e-02,1.26927778e-02,1.35704265e-02,1.39402595e-02,1.37828074e-02,1.30785242e-02,1.17597921e-02,9.87222971e-03,7.60474842e-03,5.29450226e-03,3.34132172e-03
2.31943082e-02,2.02101827e-02,1.71659773e-02,1.41424026e-02,1.11143776e-02,8.00256863e-03,4.76315904e-03,1.46355192e-03,-1.70409181e-03,-4.48029281e-03,-6.63807258e-03,-8.03937477e-03,-8.64309237e-03,-8.50498587e-03,-7.60758898e-03,-5.99746818e-03,-3.72217047e-03,-8.49579905e-04,2.52279831e-03,6.27028711e-03,1.02579524e-02,1.43547927e-02,1.84485606e-02,2.24566158e-02,2.63303952e-02,3.00510435e-02,3.36153151e-02,3.70145983e-02,4.02139679e-02,4.31399710e-02,4.56845375e-02,4.77285105e-02,4.91817385e-02,5.00266703e-02,5.03384713e-02,5.03173832e-02,5.01543350e-02,4.99560069e-02,4.98394249e-02,4.98313553e-02,4.98666287e-02,4.98738015e-02,4.97763436e-02,4.94804100e-02,4.89246773e-02,4.80990753e-02,4.70357742e-02,4.57828457e-02,4.43796643e-02,4.28520698e-02,4.12293374e-02,3.95677765e-02,3.79590734e-02,3.65111552e-02,3.53111283e-02,3.43939722e-02,3.37317526e-02,3.32394093e-02,3.27886910e-02,3.22253167e-02,3.13817277e-02,3.01024727e-02,2.82901820e-02,2.59489403e-02
3.02463410e-02,3.21837952e-02,3.40276362e-02,3.57756847e-02,3.74321385e-02,3.89978031e-02,4.04605050e-02,4.17893345e-02,4.29332937e-02,4.38225459e-02,4.43695466e-02,4.44181149e-02,4.40391901e-02,4.30527689e-02,4.14179741e-02,3.91955992e-02,3.65203052e-02,3.35424601e-02,3.03578938e-02,2.69909006e-02,2.34533097e-02,1.98324598e-02,1.63282648e-02,1.31930661e-02,1.06164313e-02,8.65262103e-03,7.23887708e-03,6.26765387e-03,5.65168993e-03,5.35124322e-03,5.36877417e-03,5.70605410e-03,6.38994130e-03,7.41198164e-03,8.73770345e-03,1.03049072e-02,1.20309494e-02,1.38256095e-02,1.56033111e-02,1.72878124e-02,1.88057096e-02,2.00712694e-02,2.09710106e-02,2.13568578e-02,2.11078773e-02,2.01637611e-02,1.84927180e-02,1.62838462e-02,1.38872185e-02,1.17114136e-02,1.00897783e-02,9.20121402e-03,9.07997468e-03,9.59454308e-03,1.06595953e-02,1.21290489e-02,1.38699097e-02,1.57795461e-02,1.77875748e-02,1.98511006e-02,2.19453813e-02,2.40530997e-02,2.61556191e-02,2.82290506e-02
2.92540081e-02,2.72725560e-02,2.52796153e-02,2.31366557e-02,2.07762792e-02,1.82081999e-02,1.54937409e-02,1.27058838e-02,9.89828803e-03,7.09730941e-03,4.31715720e-03,1.59019024e-03,-9.99363650e-04,-3.29223649e-03,-5.06919274e-03,-6.10096983e-03,-6.26739572e-03,-5.48548631e-03,-3.82420745e-03,-1.44939407e-03,1.41401448e-03,4.50415209e-03,7.54352737e-03,1.02471911e-02,1.23412163e-02,1.35960185e-02,1.38719638e-02,1.33074999e-02,1.20779129e-02,1.06022278e-02,9.40437177e-03,8.93799572e-03,9.43770972e-03,1.09443816e-02,1.33757549e-02,1.65325562e-02,2.01842144e-02,2.40999900e-02,2.80664083e-02,3.19016350e-02,3.54716924e-02,3.87060667e-02,4.16036956e-02,4.42197204e-02,4.66325073e-02,4.89034136e-02,5.10464256e-02,5.30186445e-02,5.47323863e-02,5.60806135e-02,5.69609998e-02,5.72552731e-02,5.70553423e-02,5.63481020e-02,5.50822750e-02,5.33168572e-02,5.11345576e-02,4.86076057e-02,4.57940279e-02,4.27658026e-02,3.96464346e-02,3.66121073e-02,3.38334587e-02,3.13945951e-02
-3.39546265e-03,-4.42451688e-03,-4.75985756e-03,-4.67107276e-03,-4.39378810e-03,-4.13769414e-03,-4.08168106e-03,-4.41028450e-03,-5.30669449e-03,-6.90604455e-03,-9.21714819e-03,-1.20541859e-02,-1.50551307e-02,-1.78067590e-02,-1.99948997e-02,-2.14789904e-02,-2.22731840e-02,-2.25065201e-02,-2.22942658e-02,-2.17191343e-02,-2.08506847e-02,-1.96905027e-02,-1.81881216e-02,-1.62736692e-02,-1.38990329e-02,-1.10675635e-02,-7.83957165e-03,-4.31682300e-03,-6.18419285e-04,3.14036742e-03,6.86216924e-03,1.04729192e-02,1.39165353e-02,1.71456618e-02,2.01116958e-02,2.27593111e-02,2.50292527e-02,2.68688234e-02,2.82441974e-02,2.91472468e-02,2.95958117e-02,2.96169859e-02,2.93566786e-02,2.88502038e-02,2.82518332e-02,2.77414081e-02,2.74811431e-02,2.75585909e-02,2.79465970e-02,2.86189392e-02,2.94450423e-02,3.02552148e-02,3.08640344e-02,3.10733397e-02,3.07777690e-02,2.98129688e-02,2.79768828e-02,2.51246317e-02,2.12077593e-02,1.63870384e-02,1.11111470e-02,6.03164871e-03,1.75135523e-03,-1.39898607e-03
-3.25874771e-02,-3.17070943e-02,-3.04889374e-02,-2.89910972e-02,-2.72837539e-02,-2.54235979e-02,-2.34391436e-02,-2.13306601e-02,-1.90810680e-02,-1.66698360e-02,-1.40833297e-02,-1.13206904e-02,-8.39877386e-03,-5.35894562e-03,-2.27389243e-03,7.51306163e-04,3.58803807e-03,6.10941299e-03,8.21857485e-03,9.87018531e-03,1.10746850e-02,1.18834706e-02,1.23654476e-02,1.25874349e-02,1.25998664e-02,1.24605142e-02,1.21852456e-02,1.18175733e-02,1.14150793e-02,1.10389038e-02,1.07214900e-02,1.04336927e-02,1.00801278e-02,9.52729489e-03,8.64569047e-03,7.35089233e-03,5.61814777e-03,3.46248983e-03,9.02006553e-04,-2.07467830e-03,-5.52879413e-03,-9.56390537e-03,-1.42562169e-02,-1.95184206e-02,-2.49883865e-02,-3.00865362e-02,-3.42492633e-02,-3.71517475e-02,-3.87684119e-02,-3.93252569e-02,-3.91689263e-02,-3.83909833e-02,-3.73241633e-02,-3.61850997e-02,-3.51261087e-02,-3.42462453e-02,-3.35999641e-02,-3.32048552e-02,-3.30433492e-02,-3.30402447e-02,-3.31650907e-02,-3.32867253e-02,-3.33083292e-02,-3.31103032e-02
-2.90467135e-03,-4.48053097e-03,-6.50044494e-03,-8.71873055e-03,-1.09076924e-02,-1.29228922e-02,-1.47444196e-02,-1.64792672e-02,-1.83230979e-02,-2.04866190e-02,-2.30965147e-02,-2.61099591e-02,-2.93078572e-02,-3.23948249e-02,-3.51428062e-02,-3.74741638e-02,-3.94441495e-02,-4.11644691e-02,-4.27284377e-02,-4.41739723e-02,-4.54930342e-02,-4.66694234e-02,-4.77116438e-02,-4.86597478e-02,-4.95690453e-02,-5.04848515e-02,-5.14195549e-02,-5.23372794e-02,-5.31472466e-02,-5.37136114e-02,-5.39326019e-02,-5.37823537e-02,-5.30535119e-02,-5.18156102e-02,-5.01973583e-02,-4.83805668e-02,-4.65471087e-02,-4.48337478e-02,-4.33092690e-02,-4.19796012e-02,-4.08145033e-02,-3.97793744e-02,-3.88539301e-02,-3.80277340e-02,-3.72782744e-02,-3.65495767e-02,-3.57467534e-02,-3.47517243e-02,-3.34570396e-02,-3.17994753e-02,-2.97720284e-02,-2.74131646e-02,-2.47870777e-02,-2.19675582e-02,-1.90301459e-02,-1.60511411e-02,-1.31100875e-02,-1.02931117e-02,-7.69596736e-03,-5.42627014e-03,-3.60345420e-03,-2.35288020e-03,-1.78701024e-03,-1.97086911e-03
-1.84881511e-02,-1.71833688e-02,-1.52707618e-02,-1.28464936e-02,-1.00434857e-02,-6.99771380e-03,-3.82722521e-03,-6.23170579e-04,2.55112980e-03,5.65640695e-03,8.66871542e-03,1.15662283e-02,1.43169140e-02,1.68714566e-02,1.91626932e-02,2.11075343e-02,2.26053431e-02,2.35301563e-02,2.37098589e-02,2.31467322e-02,2.16893514e-02,1.93527411e-02,1.63376737e-02,1.29742109e-02,9.62309487e-03,6.57690715e-03,4.02411863e-03,2.06265021e-03,7.10442590e-04,-9.85147533e-05,-5.02788995e-04,-6.71061080e-04,-7.46585409e-04,-8.11843888e-04,-8.87843907e-04,-9.61288759e-04,-1.01829902e-03,-1.06386856e-03,-1.11911626e-03,-1.20217048e-03,-1.30800481e-03,-1.40668260e-03,-1.46858577e-03,-1.50238333e-03,-1.57741243e-03,-1.81618401e-03,-2.35624405e-03,-3.30277609e-03,-4.69029559e-03,-6.46311385e-03,-8.47841267e-03,-1.05353935e-02,-1.24285020e-02,-1.40061949e-02,-1.52073659e-02,-1.60615337e-02,-1.66612832e-02,-1.71248321e-02,-1.75617706e-02,-1.80418438e-02,-1.85625266e-02,-1.90277691e-02,-1.92713419e-02,-1.91630748e-02
-3.15032639e-02,-2.93194930e-02,-2.71275034e-02,-2.51197798e-02,-2.35344923e-02,-2.26258412e-02,-2.24855136e-02,-2.32625010e-02,-2.47750589e-02,-2.65786841e-02,-2.81218358e-02,-2.89629054e-02,-2.90360305e-02,-2.81719079e-02,-2.65108769e-02,-2.42225608e-02,-2.14608985e-02,-1.83474703e-02,-1.49783362e-02,-1.14395955e-02,-7.82081120e-03,-4.22013594e-03,-7.39399931e-04,2.52755026e-03,5.50704852e-03,8.14963827e-03,1.04182068e-02,1.22687321e-02,1.36356624e-02,1.44359996e-02,1.45948444e-02,1.41888786e-02,1.32802881e-02,1.20686339e-02,1.07966769e-02,9.65014753e-03,8.70668135e-03,7.93489921e-03,7.22481293e-03,6.42764838e-03,5.39548912e-03,4.01777925e-03,2.24321770e-03,6.90381055e-05,-2.49941441e-03,-5.48450015e-03,-8.92214508e-03,-1.27917534e-02,-1.69408155e-02,-2.10836003e-02,-2.49054735e-02,-2.81968771e-02,-3.09082355e-02,-3.31042997e-02,-3.48795243e-02,-3.62961298e-02,-3.73646531e-02,-3.80550764e-02,-3.83391657e-02,-3.82707966e-02,-3.77146085e-02,-3.67106692e-02,-3.52960389e-02,-3.35322447e-02
-5.28736925e-02,-5.47136390e-02,-5.58238229e-02,-5.62107527e-02,-5.60715204e-02,-5.53778496e-02,-5.44343686e-02,-5.34235627e-02,-5.24766164e-02,-5.16867023e-02,-5.11245965e-02,-5.08395226e-02,-5.08030109e-02,-5.10839206e-02,-5.16727847e-02,-5.25124646e-02,-5.35475113e-02,-5.47365283e-02,-5.60504222e-02,-5.74576169e-02,-5.89105506e-02,-6.03444783e-02,-6.16857347e-02,-6.28610199e-02,-6.38067440e-02,-6.44827575e-02,-6.48880527e-02,-6.50679772e-02,-6.51069349e-02,-6.50670713e-02,-6.50291290e-02,-6.50264599e-02,-6.50871698e-02,-6.51954289e-02,-6.53173555e-02,-6.54274597e-02,-6.55066869e-02,-6.55391625e-02,-6.55141419e-02,-6.53540624e-02,-6.49916896e-02,-6.43684199e-02,-6.34542854e-02,-6.22507192e-02,-6.07829599e-02,-5.90925316e-02,-5.72343081e-02,-5.52757691e-02,-5.32938706e-02,-5.13673029e-02,-4.95659432e-02,-4.79420857e-02,-4.65277045e-02,-4.53386445e-02,-4.43827749e-02,-4.36685345e-02,-4.32127424e-02,-4.30298880e-02,-4.30989094e-02,-4.35798712e-02,-4.45526019e-02,-4.60940465e-02,-4.81697238e-02,-5.05578864e-02
2.21399898e-02,2.02234511e-02,1.72407763e-02,1.31707197e-02,8.20891550e-03,2.80886247e-03,-2.40632182e-03,-6.85155032e-03,-1.01996538e-02,-1.23912936e-02,-1.35461710e-02,-1.38887202e-02,-1.36212502e-02,-1.29334284e-02,-1.20174002e-02,-1.10182419e-02,-1.00252814e-02,-9.07229388e-03,-8.15821773e-03,-7.28407625e-03,-6.48786221e-03,-5.85704764e-03,-5.51057560e-03,-5.52630298e-03,-5.95463667e-03,-6.71142611e-03,-7.61169196e-03,-8.42009881e-03,-8.92783084e-03,-9.03421756e-03,-8.68747587e-03,-7.90941516e-03,-6.74527566e-03,-5.23596411e-03,-3.42077071e-03,-1.35634330e-03,8.62101444e-04,3.08894895e-03,5.13950906e-03,6.82255044e-03,7.99517174e-03,8.62487798e-03,8.82429615e-03,8.82948862e-03,8.89194371e-03,9.19955263e-03,9.86062513e-03,1.08777906e-02,1.21817051e-02,1.36599545e-02,1.51795497e-02,1.66090830e-02,1.78440123e-02,1.88308777e-02,1.95798968e-02,2.01563618e-02,2.06517023e-02,2.11485296e-02,2.16945670e-02,2.22873650e-02,2.28675702e-02,2.33187316e-02,2.34643202e-02,2.31438306e-02
-1.72935420e-02,-1.62824632e-02,-1.45227234e-02,-1.22497843e-02,-9.69831654e-03,-7.09206936e-03,-4.63489487e-03,-2.49659120e-03,-7.92732975e-04,4.36678524e-04,1.24079569e-03,1.75328610e-03,2.15723354e-03,2.62765907e-03,3.27700449e-03,4.12925212e-03,5.13001114e-03,6.17839506e-03,7.15782243e-03,7.95417129e-03,8.46343790e-03,8.59582603e-03,8.31443783e-03,7.60354903e-03,6.53016926e-03,5.26031984e-03,4.03148488e-03,3.08829753e-03,2.60013245e-03,2.61004430e-03,3.02503325e-03,3.69207811e-03,4.41526410e-03,5.00647592e-03,5.29860709e-03,5.15004684e-03,4.45643604e-03,3.11584251e-03,1.09337794e-03,-1.57993004e-03,-4.80913728e-03,-8.45110615e-03,-1.22984803e-02,-1.60521163e-02,-1.93392512e-02,-2.18031503e-02,-2.32110401e-02,-2.35844146e-02,-2.29484341e-02,-2.14142333e-02,-1.92183350e-02,-1.66131461e-02,-1.38571202e-02,-1.12077870e-02,-8.91775605e-03,-7.23123397e-03,-6.37382833e-03,-6.45599924e-03,-7.58652230e-03,-9.60769379e-03,-1.21275722e-02,-1.45831420e-02,-1.64288831e-02,-1.73169303e-02
-4.17267848e-02,-4.43368540e-02,-4.56326843e-02,-4.59712126e-02,-4.55696935e-02,-4.45639963e-02,-4.31586648e-02,-4.14521192e-02,-3.94799206e-02,-3.72417356e-02,-3.47246872e-02,-3.19225298e-02,-2.88478862e-02,-2.55364322e-02,-2.20446936e-02,-1.84441820e-02,-1.48139730e-02,-1.12333236e-02,-7.77628957e-03,-4.51043110e-03,-1.50025904e-03,1.18676860e-03,3.47466123e-03,5.28400169e-03,6.54243783e-03,7.20416766e-03,7.27014546e-03,6.85735183e-03,6.08080760e-03,5.12848367e-03,4.15864679e-03,3.25542427e-03,2.43637862e-03,1.70213020e-03,1.08543233e-03,6.62200176e-04,5.22089765e-04,7.26557725e-04,1.28538913e-03,2.15682643e-03,3.26097902e-03,4.50029461e-03,5.78036182e-03,7.02932670e-03,8.21158258e-03,9.32993392e-03,1.04130744e-02,1.14918489e-02,1.25730625e-02,1.36191281e-02,1.45376032e-02,1.51804968e-02,1.53456544e-02,1.48660819e-02,1.35081621e-02,1.10621409e-02,7.38669219e-03,2.43814811e-03,-3.67674629e-03,-1.06604930e-02,-1.80770948e-02,-2.54027081e-02,-3.20831804e-02,-3.76262298e-02
-2.21045722e-02,-2.57093628e-02,-2.85060422e-02,-3.07206995e-02,-3.25669591e-02,-3.41590033e-02,-3.55018539e-02,-3.65467115e-02,-3.72670827e-02,-3.77032973e-02,-3.79528972e-02,-3.81260764e-02,-3.83053029e-02,-3.85069439e-02,-3.86557160e-02,-3.86679774e-02,-3.83798697e-02,-3.76402924e-02,-3.63749394e-02,-3.45736008e-02,-3.22843121e-02,-2.95956903e-02,-2.66167906e-02,-2.34612834e-02,-2.02397805e-02,-1.70604003e-02,-1.40339074e-02,-1.12778959e-02,-8.91538519e-03,-7.06579630e-03,-5.82895462e-03,-5.26275303e-03,-5.33802647e-03,-5.99285899e-03,-7.05414140e-03,-8.29432221e-03,-9.46656986e-03,-1.03503697e-02,-1.07909770e-02,-1.07754084e-02,-1.02736203e-02,-9.38191038e-03,-8.20485725e-03,-6.82896935e-03,-5.30562713e-03,-3.65499072e-03,-1.88532372e-03,-1.55936854e-05,1.90989145e-03,3.82050930e-03,5.62963253e-03,7.24743956e-03,8.59010406e-03,9.58066887e-03,1.01401104e-02,1.01643042e-02,9.59127931e-03,8.23455451e-03,5.94739843e-03,2.62093661e-03,-1.73497247e-03,-6.88980394e-03,-1.23727869e-02,-1.75993277e-02
-2.27168394e-03,-2.35586731e-03,-2.00275642e-03,-1.26830471e-03,-3.14873016e-04,6.13017167e-04,1.22697153e-03,1.24646604e-03,4.64692348e-04,-1.24398552e-03,-3.88522279e-03,-7.39207624e-03,-1.16453522e-02,-1.64514378e-02,-2.14983986e-02,-2.63653880e-02,-3.06259195e-02,-3.39903477e-02,-3.63856860e-02,-3.79301606e-02,-3.88459354e-02,-3.93741805e-02,-3.97238755e-02,-4.00568562e-02,-4.04853139e-02,-4.10414290e-02,-4.16471262e-02,-4.21293810e-02,-4.23270854e-02,-4.21688632e-02,-4.14801863e-02,-4.03166827e-02,-3.87604568e-02,-3.69051002e-02,-3.48354933e-02,-3.26251451e-02,-3.03396168e-02,-2.80367126e-02,-2.57620120e-02,-2.35441630e-02,-2.13953814e-02,-1.93197443e-02,-1.73272637e-02,-1.54471908e-02,-1.37315242e-02,-1.22417722e-02,-1.10198910e-02,-1.00558207e-02,-9.27204722e-03,-8.53954985e-03,-7.72057356e-03,-6.71949187e-03,-5.51547100e-03,-4.16311984e-03,-2.77007228e-03,-1.46710267e-03,-3.81199682e-04,3.84466197e-04,7.63903066e-04,7.39037158e-04,3.49890699e-04,-3.10916841e-04,-1.09178254e-03,-1.80704422e-03
4.30438252e-02,4.51868719e-02,4.66546124e-02,4.72637760e-02,4.70738933e-02,4.62228231e-02,4.47504402e-02,4.28984352e-02,4.09257050e-02,3.90399419e-02,3.73734168e-02,3.59814469e-02,3.48571832e-02,3.39576511e-02,3.32275415e-02,3.26047358e-02,3.20053073e-02,3.13059991e-02,3.03452197e-02,2.89538334e-02,2.70177201e-02,2.45437625e-02,2.16798608e-02,1.86626844e-02,1.57214930e-02,1.29975559e-02,1.05172487e-02,8.21830547e-03,6.00881982e-03,3.83463463e-03,1.73090180e-03,-1.63432251e-04,-1.63521026e-03,-2.46233009e-03,-2.51262961e-03,-1.72122687e-03,-1.59701807e-04,2.01404955e-03,4.60045870e-03,7.40517522e-03,1.02691720e-02,1.30848595e-02,1.57948881e-02,1.83750188e-02,2.08069998e-02,2.30521064e-02,2.50370999e-02,2.66604839e-02,2.78199148e-02,2.84523258e-02,2.85507846e-02,2.82999404e-02,2.77793399e-02,2.71696861e-02,2.66594448e-02,2.64159906e-02,2.65627669e-02,2.71666906e-02,2.83236057e-02,3.00364917e-02,3.22446984e-02,3.48313735e-02,3.76325231e-02,4.04462965e-02
-3.96060641e-02,-3.75888292e-02,-3.56145446e-02,-3.36881004e-02,-3.17509445e-02,-2.96955361e-02,-2.73994008e-02,-2.47678903e-02,-2.17671686e-02,-1.84342684e-02,-1.48666597e-02,-1.12036074e-02,-7.60989127e-03,-4.26476564e-03,-1.35154041e-03,9.60698189e-04,2.54675478e-03,3.37091682e-03,3.50566910e-03,3.12913977e-03,2.40383337e-03,1.45773942e-03,3.36837155e-04,-9.69026711e-04,-2.48259254e-03,-4.21650727e-03,-6.17188808e-03,-8.33387354e-03,-1.06525072e-02,-1.30275697e-02,-1.53258520e-02,-1.74300602e-02,-1.92814545e-02,-2.08816041e-02,-2.22561044e-02,-2.34097148e-02,-2.43018660e-02,-2.48584592e-02,-2.50406026e-02,-2.48319618e-02,-2.42305750e-02,-2.33614058e-02,-2.23967764e-02,-2.15384206e-02,-2.09970282e-02,-2.09024364e-02,-2.14507582e-02,-2.27736917e-02,-2.49085053e-02,-2.77864317e-02,-3.12110466e-02,-3.48732584e-02,-3.84193856e-02,-4.15462873e-02,-4.40667039e-02,-4.59123780e-02,-4.70938872e-02,-4.76643537e-02,-4.77623442e-02,-4.73520295e-02,-4.64510752e-02,-4.51335512e-02,-4.34836679e-02,-4.16040674e-02
1.36497604e-02,1.71116597e-02,2.05134451e-02,2.37729405e-02,2.68102184e-02,2.95507619e-02,3.19257135e-02,3.38712988e-02,3.53310474e-02,3.62632191e-02,3.66501265e-02,3.65584935e-02,3.60868026e-02,3.52238814e-02,3.39793484e-02,3.22770845e-02,2.99605886e-02,2.68695362e-02,2.29663006e-02,1.84469895e-02,1.37359788e-02,9.33043019e-03,5.60781032e-03,2.73966538e-03,7.24212413e-04,-5.42871033e-04,-1.21395148e-03,-1.45590018e-03,-1.42422431e-03,-1.24725987e-03,-1.02950179e-03,-8.54589647e-04,-7.89037035e-04,-8.80766813e-04,-1.15468995e-03,-1.60871270e-03,-2.21205124e-03,-2.90310242e-03,-3.59431429e-03,-4.19466962e-03,-4.64853442e-03,-4.97078477e-03,-5.25423929e-03,-5.64637087e-03,-6.30148598e-03,-7.31830396e-03,-8.68998664e-03,-1.02898665e-02,-1.19063185e-02,-1.33108162e-02,-1.43170976e-02,-1.48044168e-02,-1.47904305e-02,-1.42018921e-02,-1.30995144e-02,-1.15529769e-02,-9.63937685e-03,-7.42797553e-03,-4.97030728e-03,-2.29827590e-03,5.70970311e-04,3.62552279e-03,6.84787863e-03,1.02060880e-02
1.12094475e-02,1.06736019e-02,9.71425889e-03,8.10417618e-03,5.68698713e-03,2.44861293e-03,-1.44852089e-03,-5.71243574e-03,-1.00798239e-02,-1.44565355e-02,-1.89232356e-02,-2.35849724e-02,-2.83708163e-02,-3.29563465e-02,-3.69040531e-02,-3.98980591e-02,-4.18626144e-02,-4.29161107e-02,-4.32789280e-02,-4.32079124e-02,-4.26917152e-02,-4.18569499e-02,-4.07239492e-02,-3.92847858e-02,-3.75377421e-02,-3.55070902e-02,-3.32437248e-02,-3.08114576e-02,-2.82702706e-02,-2.56649581e-02,-2.30206159e-02,-2.03422042e-02,-1.76162239e-02,-1.48156466e-02,-1.19102572e-02,-8.88186961e-03,-5.73999999e-03,-2.53205688e-03,6.56366619e-04,3.71181127e-03,6.51822276e-03,8.98799140e-03,1.10908207e-02,1.28679197e-02,1.44191280e-02,1.58640704e-02,1.72951221e-02,1.87430902e-02,2.01658129e-02,2.14587624e-02,2.24803024e-02,2.30820601e-02,2.31140845e-02,2.26412145e-02,2.16022190e-02,2.01263981e-02,1.84230960e-02,1.67196533e-02,1.51973236e-02,1.39541703e-02,1.30107666e-02,1.23387628e-02,1.18812169e-02,1.15497675e-02
4.08083383e-02,3.51705607e-02,3.05404748e-02,2.70380968e-02,2.45358731e-02,2.27926219e-02,2.15880684e-02,2.07935601e-02,2.03735562e-02,2.03534058e-02,2.06557850e-02,2.12716522e-02,2.20743328e-02,2.29034429e-02,2.35998004e-02,2.40276315e-02,2.40616779e-02,2.37164059e-02,2.28770036e-02,2.15108338e-02,1.96397460e-02,1.73707005e-02,1.49133341e-02,1.25399938e-02,1.05003078e-02,8.95101573e-03,7.94411660e-03,7.45799082e-03,7.43797602e-03,7.78373658e-03,8.45166186e-03,9.38662339e-03,1.05652657e-02,1.19904839e-02,1.36789763e-02,1.56483035e-02,1.79095393e-02,2.04669773e-02,2.33215525e-02,2.64725019e-02,2.99132173e-02,3.36214802e-02,3.75485751e-02,4.16132536e-02,4.57047102e-02,4.96955180e-02,5.34626370e-02,5.69121183e-02,6.00000762e-02,6.27399163e-02,6.51879605e-02,6.74092930e-02,6.94365590e-02,7.12367219e-02,7.26943628e-02,7.36179346e-02,7.36711774e-02,7.30528231e-02,7.13778032e-02,6.85031283e-02,6.44389561e-02,5.93201328e-02,5.34009357e-02,4.70628705e-02
-5.82042040e-03,-6.77192252e-03,-7.55436846e-03,-8.35330299e-03,-9.31272828e-03,-1.04801942e-02,-1.17826252e-02,-1.30489184e-02,-1.40730755e-02,-1.46865890e-02,-1.48377452e-02,-1.45055948e-02,-1.37407964e-02,-1.26286016e-02,-1.12395350e-02,-9.61167431e-03,-7.74979431e-03,-5.63960399e-03,-3.26792103e-03,-6.37718478e-04,2.22779324e-03,5.28962023e-03,8.49918371e-03,1.17963215e-02,1.50991992e-02,1.82885971e-02,2.11915104e-02,2.35690925e-02,2.51123614e-02,2.54292032e-02,2.44783649e-02,2.19894936e-02,1.80157266e-02,1.29427369e-02,7.29537056e-03,1.49145467e-03,-4.31408301e-03,-1.01621611e-02,-1.60382448e-02,-2.16670092e-02,-2.65292430e-02,-3.00949709e-02,-3.20713496e-02,-3.25940296e-02,-3.17720337e-02,-2.97798923e-02,-2.69705192e-02,-2.36415614e-02,-2.00326917e-02,-1.63271958e-02,-1.26603358e-02,-9.13311887e-03,-5.82917710e-03,-2.83161716e-03,-2.36522944e-04,1.83937251e-03,3.26363076e-03,3.91128411e-03,3.71033627e-03,2.70910263e-03,1.06269370e-03,-9.15883906e-04,-2.87193650e-03,-4.54029288e-03
-3.35281444e-02,-3.41125501e-02,-3.43237033e-02,-3.42521599e-02,-3.38923655e-02,-3.33107364e-02,-3.25062264e-02,-3.14253287e-02,-2.99877172e-02,-2.81258120e-02,-2.58176388e-02,-2.30969415e-02,-2.00424239e-02,-1.67581735e-02,-1.33554157e-02,-9.93988095e-03,-6.60498594e-03,-3.42918573e-03,-4.75097993e-04,2.21157758e-03,4.60412942e-03,6.69400243e-03,8.48181056e-03,9.96245177e-03,1.11113860e-02,1.18815065e-02,1.22137662e-02,1.20700223e-02,1.14573861e-02,1.03770266e-02,8.89767828e-03,7.11996680e-03,5.17768578e-03,3.23644778e-03,1.47110010e-03,2.06502770e-05,-1.05413176e-03,-1.78544414e-03,-2.27971984e-03,-2.68296094e-03,-3.14616100e-03,-3.79456840e-03,-4.70023916e-03,-5.86193149e-03,-7.19905097e-03,-8.56909582e-03,-9.81314426e-03,-1.08162895e-02,-1.15528963e-02,-1.20916384e-02,-1.25628204e-02,-1.31139685e-02,-1.38686287e-02,-1.48969178e-02,-1.62090971e-02,-1.77700909e-02,-1.95255084e-02,-2.14239386e-02,-2.34219376e-02,-2.54718677e-02,-2.75061368e-02,-2.94317735e-02,-3.11403343e-02,-3.25296274e-02
-6.09621474e-03,-5.67091135e-03,-4.95005976e-03,-3.92913685e-03,-2.66236300e-03,-1.24004938e-03,2.34515606e-04,1.65994871e-03,2.94632094e-03,4.02323142e-03,4.84891265e-03,5.41612727e-03,5.74806756e-03,5.88264640e-03,5.85179656e-03,5.66605058e-03,5.29281770e-03,4.67422457e-03,3.73706246e-03,2.41686294e-03,6.75016586e-04,-1.49802786e-03,-4.08204380e-03,-7.01155862e-03,-1.01439577e-02,-1.32527587e-02,-1.60831342e-02,-1.84494877e-02,-2.03024011e-02,-2.17166133e-02,-2.28199631e-02,-2.37166656e-02,-2.44435701e-02,-2.49689586e-02,-2.52237059e-02,-2.51969154e-02,-2.47606631e-02,-2.38864508e-02,-2.25668993e-02,-2.08401860e-02,-1.87865012e-02,-1.65102758e-02,-1.41178069e-02,-1.17023980e-02,-9.34254349e-03,-7.11004939e-03,-5.08061321e-03,-3.34019770e-03,-1.98303503e-03,-1.09877103e-03,-7.47807653e-04,-9.35537086e-04,-1.59548708e-03,-2.58865473e-03,-3.72738233e-03,-4.81307688e-03,-5.68270415e-03,-6.24910625e-03,-6.51642972e-03,-6.56857203e-03,-6.50932186e-03,-6.43354060e-03,-6.37496744e-03,-6.29480341e-03
-2.77101081e-03,-3.87254852e-03,-5.17692622e-03,-6.95954798e-03,-9.46264892e-03,-1.28193654e-02,-1.69489121e-02,-2.14810879e-02,-2.58175807e-02,-2.93502172e-02,-3.16850078e-02,-3.27284380e-02,-3.27811836e-02,-3.18033091e-02,-3.01024866e-02,-2.79012924e-02,-2.53795478e-02,-2.26851166e-02,-1.99474661e-02,-1.72873572e-02,-1.48184183e-02,-1.26402097e-02,-1.08245458e-02,-9.39830412e-03,-8.32886583e-03,-7.52254724e-03,-6.84562400e-03,-6.16663886e-03,-5.40709776e-03,-4.58026547e-03,-3.80302919e-03,-3.28359905e-03,-3.26069467e-03,-3.98680810e-03,-5.59742859e-03,-8.03519570e-03,-1.10143324e-02,-1.40894335e-02,-1.67985378e-02,-1.87904898e-02,-1.98817875e-02,-2.01209363e-02,-1.95269873e-02,-1.82333703e-02,-1.64189280e-02,-1.42507959e-02,-1.18745152e-02,-9.41107249e-03,-6.95571948e-03,-4.57487167e-03,-2.30393218e-03,-1.52994139e-04,1.87436641e-03,3.75116147e-03,5.39876972e-03,6.67622429e-03,7.40006527e-03,7.39411085e-03,6.65735433e-03,5.23512233e-03,3.40024549e-03,1.49290502e-03,-2.15336620e-04,-1.61517643e-03
-1.53453402e-02,-1.68053933e-02,-1.81770616e-02,-1.96594329e-02,-2.13996416e-02,-2.34315946e-02,-2.56559066e-02,-2.78762004e-02,-2.98708021e-02,-3.14603396e-02,-3.25442173e-02,-3.31067807e-02,-3.32375341e-02,-3.29736460e-02,-3.23810007e-02,-3.15439842e-02,-3.05299101e-02,-2.94122574e-02,-2.82988485e-02,-2.73456767e-02,-2.67320692e-02,-2.65527633e-02,-2.68537679e-02,-2.75393978e-02,-2.82976190e-02,-2.87563249e-02,-2.87423621e-02,-2.79572297e-02,-2.63707054e-02,-2.40561901e-02,-2.11605736e-02,-1.78673709e-02,-1.43746897e-02,-1.08826987e-02,-7.58680902e-03,-4.67242922e-03,-2.30616044e-03,-6.18334228e-04,3.24857936e-04,5.53073508e-04,2.14427706e-04,-4.52949010e-04,-1.16131732e-03,-1.64883083e-03,-1.74564113e-03,-1.38540625e-03,-6.13701607e-04,4.46617836e-04,1.64290693e-03,2.83939543e-03,3.94133078e-03,4.88797455e-03,5.61971205e-03,6.04255149e-03,6.01448804e-03,5.42141916e-03,4.13822085e-03,2.17205823e-03,-3.51775427e-04,-3.21573953e-03,-6.17051916e-03,-8.98873595e-03,-1.14994270e-02,-1.36141525e-02
1.62780957e-02,1.43956358e-02,1.28132088e-02,1.16359392e-02,1.08974956e-02,1.05422001e-02,1.04232984e-02,1.03238057e-02,1.00083752e-02,9.22850562e-03,7.77257153e-03,5.52330514e-03,2.50645273e-03,-1.09603143e-03,-4.98103616e-03,-8.80695717e-03,-1.22671007e-02,-1.51363296e-02,-1.72869477e-02,-1.86821099e-02,-1.93613804e-02,-1.94703211e-02,-1.90629077e-02,-1.82558563e-02,-1.71263775e-02,-1.56961870e-02,-1.39388464e-02,-1.18015838e-02,-9.23404990e-03,-6.21223462e-03,-2.74940074e-03,1.10648690e-03,5.28235865e-03,9.69521290e-03,1.42620064e-02,1.89051851e-02,2.35547121e-02,2.81466432e-02,3.26180433e-02,3.68975043e-02,4.08908442e-02,4.44630740e-02,4.74196899e-02,4.94868755e-02,5.02507109e-02,4.96894915e-02,4.76873130e-02,4.41735990e-02,3.96764274e-02,3.50730914e-02,3.12028417e-02,2.85135793e-02,2.69919684e-02,2.63351457e-02,2.61633447e-02,2.61519402e-02,2.61019880e-02,2.59017002e-02,2.54559656e-02,2.46982164e-02,2.35833632e-02,2.21017155e-02,2.03033030e-02,1.83065203e-02
3.00763157e-02,2.91372595e-02,2.77974368e-02,2.61238831e-02,2.42322580e-02,2.22761711e-02,2.04207990e-02,1.88062492e-02,1.75093206e-02,1.65163659e-02,1.57181404e-02,1.49279998e-02,1.39118364e-02,1.24172016e-02,1.02138868e-02,7.15142663e-03,3.21375653e-03,-1.46761053e-03,-6.66108762e-03,-1.21095499e-02,-1.75247845e-02,-2.25447470e-02,-2.67618663e-02,-2.98383986e-02,-3.16173580e-02,-3.22056931e-02,-3.18030516e-02,-3.04561938e-02,-2.84384091e-02,-2.59560444e-02,-2.31711790e-02,-2.02092402e-02,-1.71641162e-02,-1.41019081e-02,-1.10647954e-02,-8.07639357e-03,-5.14866860e-03,-2.28951578e-03,4.89256541e-04,3.16233004e-03,5.68041756e-03,7.96247985e-03,9.89620783e-03,1.13528778e-02,1.22193574e-02,1.24437674e-02,1.21453932e-02,1.15002442e-02,1.08197527e-02,1.04609134e-02,1.06929890e-02,1.16123338e-02,1.32241398e-02,1.53840884e-02,1.78828415e-02,2.04958772e-02,2.30196948e-02,2.52944278e-02,2.72139668e-02,2.87242531e-02,2.98108320e-02,3.04786608e-02,3.07280409e-02,3.05924214e-02
-2.57264659e-02,-2.48027133e-02,-2.41571223e-02,-2.38878325e-02,-2.39830295e-02,-2.44254494e-02,-2.49838457e-02,-2.53724450e-02,-2.54101904e-02,-2.48727384e-02,-2.36904442e-02,-2.19174289e-02,-1.96824442e-02,-1.71495550e-02,-1.44901664e-02,-1.18662870e-02,-9.42245512e-03,-7.28409133e-03,-5.56072526e-03,-4.35067767e-03,-3.74055419e-03,-3.75918994e-03,-4.41734812e-03,-5.60722083e-03,-7.13938075e-03,-8.78608158e-03,-1.03444994e-02,-1.16820661e-02,-1.27516341e-02,-1.35840426e-02,-1.42638993e-02,-1.48918199e-02,-1.55407817e-02,-1.62197226e-02,-1.68642101e-02,-1.73640727e-02,-1.76161781e-02,-1.76149657e-02,-1.73414226e-02,-1.68996827e-02,-1.64057573e-02,-1.59539239e-02,-1.55902509e-02,-1.53152399e-02,-1.51146436e-02,-1.50025663e-02,-1.50231769e-02,-1.53069210e-02,-1.59896109e-02,-1.71671586e-02,-1.88369515e-02,-2.08775394e-02,-2.30790974e-02,-2.52076644e-02,-2.70658341e-02,-2.85245085e-02,-2.95255960e-02,-3.00700535e-02,-3.02255252e-02,-3.00376279e-02,-2.95319958e-02,-2.87762555e-02,-2.78338219e-02,-2.67820812e-02
-1.30611783e-02,-1.46846387e-02,-1.66657455e-02,-1.89360825e-02,-2.13645857e-02,-2.37533811e-02,-2.58953141e-02,-2.76588144e-02,-2.90356095e-02,-3.01263385e-02,-3.10923525e-02,-3.21123744e-02,-3.33533715e-02,-3.49407242e-02,-3.69175126e-02,-3.92045646e-02,-4.15983740e-02,-4.38315324e-02,-4.56639441e-02,-4.69440715e-02,-4.76230412e-02,-4.77883396e-02,-4.74430681e-02,-4.65729243e-02,-4.52772734e-02,-4.36551386e-02,-4.18244564e-02,-3.99139062e-02,-3.80410266e-02,-3.62879871e-02,-3.46874272e-02,-3.32269253e-02,-3.18717116e-02,-3.05964818e-02,-2.94131158e-02,-2.83819731e-02,-2.75988389e-02,-2.71538555e-02,-2.70472680e-02,-2.72529547e-02,-2.76103289e-02,-2.78858704e-02,-2.79319470e-02,-2.76133927e-02,-2.69147864e-02,-2.59182451e-02,-2.47383378e-02,-2.34914127e-02,-2.22804641e-02,-2.11819977e-02,-2.02285077e-02,-1.93953474e-02,-1.86071221e-02,-1.77680919e-02,-1.68058869e-02,-1.57057561e-02,-1.45157264e-02,-1.33272764e-02,-1.22506017e-02,-1.13977002e-02,-1.08731616e-02,-1.07389687e-02,-1.10551890e-02,-1.18382690e-02
4.67556738e-02,4.62666299e-02,4.50876992e-02,4.33362571e-02,4.11625701e-02,3.86937438e-02,3.60571851e-02,3.34078904e-02,3.09264232e-02,2.87798512e-02,2.70684204e-02,2.57922963e-02,2.48562814e-02,2.41034040e-02,2.33534077e-02,2.24270426e-02,2.11623513e-02,1.94453762e-02,1.72570968e-02,1.47114765e-02,1.20481323e-02,9.56781646e-03,7.54544184e-03,6.16691294e-03,5.50353608e-03,5.51568986e-03,6.03811380e-03,6.89549987e-03,7.85913573e-03,8.72580858e-03,9.34758192e-03,9.65123925e-03,9.64066700e-03,9.40787263e-03,9.05199143e-03,8.71413027e-03,8.51572361e-03,8.53463172e-03,8.77360406e-03,9.22462401e-03,9.84320150e-03,1.05884699e-02,1.14304249e-02,1.23412325e-02,1.32800410e-02,1.41862961e-02,1.49920923e-02,1.56521179e-02,1.61767752e-02,1.66468983e-02,1.71961987e-02,1.79756914e-02,1.91185046e-02,2.07122740e-02,2.27887539e-02,2.53268064e-02,2.82585892e-02,3.14737562e-02,3.48222388e-02,3.81186588e-02,4.11518738e-02,4.37029568e-02,4.55737930e-02,4.66258237e-02
2.46397709e-02,2.81952267e-02,3.17967198e-02,3.54140099e-02,3.90075208e-02,4.25238503e-02,4.58940460e-02,4.90342686e-02,5.18485833e-02,5.42330894e-02,5.60794555e-02,5.72719258e-02,5.76043098e-02,5.71992762e-02,5.58767733e-02,5.34393481e-02,4.98719904e-02,4.53300886e-02,4.01614541e-02,3.48432420e-02,2.98261224e-02,2.53916491e-02,2.16279191e-02,1.85099709e-02,1.59875493e-02,1.40131816e-02,1.25180613e-02,1.13815143e-02,1.04284101e-02,9.46045421e-03,8.30863715e-03,6.89128162e-03,5.25270151e-03,3.54362647e-03,1.93864287e-03,5.47347327e-04,-6.12393074e-04,-1.56878845e-03,-2.32765069e-03,-2.83959307e-03,-3.02730229e-03,-2.83227821e-03,-2.24836379e-03,-1.34062289e-03,-2.19716525e-04,9.84494057e-04,2.14375395e-03,3.14515073e-03,3.89986208e-03,4.35213825e-03,4.48879778e-03,4.35489137e-03,4.03930233e-03,3.68174984e-03,3.45772975e-03,3.54600849e-03,4.08307407e-03,5.16779975e-03,6.82077195e-03,9.00051611e-03,1.16224631e-02,1.45842614e-02,1.77888507e-02,2.11587989e-02
-1.02670296e-02,-7.00576177e-03,-3.77752881e-03,-6.02830437e-04,2.51162677e-03,5.57181778e-03,8.58409984e-03,1.15395294e-02,1.44022227e-02,1.71053711e-02,1.95547878e-02,2.16390796e-02,2.32467945e-02,2.42910444e-02,2.47391865e-02,2.46610323e-02,2.42178722e-02,2.35321238e-02,2.28090023e-02,2.22272296e-02,2.19118546e-02,2.19328175e-02,2.22448537e-02,2.28556188e-02,2.36985459e-02,2.46891243e-02,2.57200574e-02,2.66442085e-02,2.72570015e-02,2.72531142e-02,2.65617586e-02,2.48619047e-02,2.20629208e-02,1.82471619e-02,1.36339785e-02,8.47526404e-03,2.94547789e-03,-2.87611913e-03,-8.89034305e-03,-1.48296144e-02,-2.02577430e-02,-2.47618922e-02,-2.81662795e-02,-3.05890631e-02,-3.23432593e-02,-3.37912409e-02,-3.52310717e-02,-3.68169480e-02,-3.85168420e-02,-4.01374437e-02,-4.14077246e-02,-4.20911673e-02,-4.21786244e-02,-4.14954703e-02,-4.00657048e-02,-3.80164806e-02,-3.54958828e-02,-3.26495869e-02,-2.96034591e-02,-2.64517858e-02,-2.32526338e-02,-2.00315126e-02,-1.67928766e-02,-1.35357721e-02
2.06574588e-02,2.27638220e-02,2.45816618e-02,2.60180650e-02,2.69953715e-02,2.74395599e-02,2.73031473e-02,2.66119662e-02,2.53312945e-02,2.36082572e-02,2.17153408e-02,1.99865091e-02,1.87130187e-02,1.80621220e-02,1.80717223e-02,1.85781462e-02,1.95023834e-02,2.06432521e-02,2.17926863e-02,2.27477884e-02,2.33160695e-02,2.32968376e-02,2.26857463e-02,2.13213195e-02,1.92312928e-02,1.65680838e-02,1.35944189e-02,1.06184662e-02,7.89962305e-03,5.58549422e-03,3.71896185e-03,2.29714875e-03,1.33012735e-03,8.60167204e-04,9.39506157e-04,1.58903640e-03,2.78298398e-03,4.43722091e-03,6.42841502e-03,8.61336728e-03,1.08442129e-02,1.29742081e-02,1.48544126e-02,1.63280202e-02,1.72352017e-02,1.74375832e-02,1.69996413e-02,1.59849130e-02,1.46346122e-02,1.32542757e-02,1.20605626e-02,1.11160326e-02,1.03642199e-02,9.71903336e-03,9.14349669e-03,8.68399741e-03,8.45730845e-03,8.59807880e-03,9.19251330e-03,1.02964284e-02,1.18764681e-02,1.38396079e-02,1.60552732e-02,1.83766567e-02
2.79389730e-02,2.96593284e-02,3.09901227e-02,3.18959149e-02,3.23847053e-02,3.24840724e-02,3.23110348e-02,3.18622374e-02,3.11496143e-02,3.01952433e-02,2.90403462e-02,2.77756067e-02,2.65474852e-02,2.55264740e-02,2.48520007e-02,2.45877618e-02,2.46769191e-02,2.50170660e-02,2.55155798e-02,2.60517190e-02,2.65433877e-02,2.69544359e-02,2.72799973e-02,2.75223474e-02,2.76695520e-02,2.76719828e-02,2.75013408e-02,2.70248197e-02,2.60873746e-02,2.45048653e-02,2.21179706e-02,1.88883165e-02,1.49919214e-02,1.08288875e-02,6.90061514e-03,3.62123841e-03,1.19874459e-03,-3.57276239e-04,-1.15620677e-03,-1.35899983e-03,-1.12370141e-03,-5.98415311e-04,8.58918701e-05,8.19958717e-04,1.51735806e-03,2.11349713e-03,2.56457041e-03,2.85056862e-03,2.98475530e-03,3.02541978e-03,3.07804087e-03,3.27503660e-03,3.74640611e-03,4.58171760e-03,5.81098160e-03,7.41010026e-03,9.32129230e-03,1.14744493e-02,1.38008692e-02,1.62380819e-02,1.87283356e-02,2.12136005e-02,2.36293506e-02,2.58998774e-02
6.19537284e-03,3.77184336e-03,1.39445683e-03,-6.34979687e-04,-2.08848415e-03,-2.87663863e-03,-3.05460541e-03,-2.74457169e-03,-2.10734285e-03,-1.28313898e-03,-3.57878143e-04,6.39229582e-04,1.71039132e-03,2.84838514e-03,4.00476887e-03,5.08731971e-03,5.99137498e-03,6.65255606e-03,7.09491993e-03,7.44232221e-03,7.87295447e-03,8.54554088e-03,9.53609916e-03,1.08091593e-02,1.22409466e-02,1.36763783e-02,1.49929980e-02,1.61479297e-02,1.71875395e-02,1.82137217e-02,1.93283722e-02,2.05892910e-02,2.19957203e-02,2.35026307e-02,2.50485567e-02,2.65803291e-02,2.80669582e-02,2.95022091e-02,3.08972518e-02,3.22657109e-02,3.36065772e-02,3.48930345e-02,3.60733533e-02,3.70832143e-02,3.78607271e-02,3.83504337e-02,3.84742301e-02,3.82449269e-02,3.75413118e-02,3.62267646e-02,3.42175878e-02,3.15297638e-02,2.83400283e-02,2.49795210e-02,2.18277998e-02,1.91672372e-02,1.71017525e-02,1.55759008e-02,1.44430857e-02,1.35221393e-02,1.26242515e-02,1.15651574e-02,1.01847452e-02,8.38782358e-03
2.03923115e-02,2.06066316e-02,2.02318055e-02,1.91850881e-02,1.75196783e-02,1.54897254e-02,1.34615624e-02,1.17619512e-02,1.05375416e-02,9.72332384e-03,9.12014076e-03,8.51021956e-03,7.74062686e-03,6.75838124e-03,5.60386647e-03,4.37089780e-03,3.16313217e-03,2.06985446e-03,1.16178918e-03,4.96896030e-04,1.28500921e-04,1.09481735e-04,4.86602108e-04,1.28468437e-03,2.49212885e-03,4.05677841e-03,5.89339242e-03,7.89744109e-03,9.95991788e-03,1.19793637e-02,1.38678061e-02,1.55484931e-02,1.69474706e-02,1.79867947e-02,1.85889479e-02,1.86905128e-02,1.83804978e-02,1.77116927e-02,1.68613506e-02,1.60336705e-02,1.53709271e-02,1.49105633e-02,1.45980916e-02,1.43410354e-02,1.40649096e-02,1.37420692e-02,1.33950290e-02,1.30784878e-02,1.28520734e-02,1.27580254e-02,1.28022012e-02,1.29554244e-02,1.31681005e-02,1.33731836e-02,1.35287837e-02,1.36480555e-02,1.38007623e-02,1.40833759e-02,1.45837934e-02,1.53425930e-02,1.63353611e-02,1.74783365e-02,1.86438534e-02,1.96743671e-02
9.78600057e-03,1.10451837e-02,1.24408208e-02,1.39180459e-02,1.53758334e-02,1.66781169e-02,1.76764193e-02,1.82317524e-02,1.82076085e-02,1.75977391e-02,1.62269928e-02,1.39968154e-02,1.08410641e-02,6.79994036e-03,2.09332100e-03,-2.87947854e-03,-7.64760921e-03,-1.18607987e-02,-1.53841780e-02,-1.82699225e-02,-2.06394216e-02,-2.25688258e-02,-2.40482382e-02,-2.50251025e-02,-2.54861321e-02,-2.55469109e-02,-2.52889121e-02,-2.49493744e-02,-2.47590192e-02,-2.48535890e-02,-2.54205324e-02,-2.64618943e-02,-2.78633149e-02,-2.93949826e-02,-3.07613446e-02,-3.16832485e-02,-3.20226809e-02,-3.17759395e-02,-3.08735467e-02,-2.94750520e-02,-2.77345195e-02,-2.57911686e-02,-2.37571735e-02,-2.17124870e-02,-1.97037075e-02,-1.77460859e-02,-1.58304579e-02,-1.39356347e-02,-1.20428989e-02,-1.01467592e-02,-8.25762199e-03,-6.39656966e-03,-4.58686492e-03,-2.84839052e-03,-1.19853014e-03,3.42991824e-04,1.75228374e-03,3.00863686e-03,4.10777629e-03,5.07205907e-03,5.94966502e-03,6.80289627e-03,7.69385154e-03,8.67524825e-03
1.02416867e-02,6.81227100e-03,3.03292174e-03,-8.36090336e-04,-4.51179577e-03,-7.73978613e-03,-1.03424055e-02,-1.22389394e-02,-1.34323010e-02,-1.39831308e-02,-1.40360396e-02,-1.36642101e-02,-1.30344463e-02,-1.23137988e-02,-1.16482222e-02,-1.11286651e-02,-1.07623778e-02,-1.04696158e-02,-1.01082377e-02,-9.51483491e-03,-8.55729306e-03,-7.16373437e-03,-5.32388951e-03,-3.07917901e-03,-5.13573962e-04,2.25328167e-03,5.07575830e-03,7.79856993e-03,1.02684653e-02,1.23382873e-02,1.38603379e-02,1.46779679e-02,1.46259342e-02,1.37386865e-02,1.19912965e-02,9.66826024e-03,7.22449333e-03,5.13693710e-03,3.74043420e-03,3.16202865e-03,3.36084809e-03,4.20867927e-03,5.57576356e-03,7.32444272e-03,9.32422449e-03,1.14398788e-02,1.35227710e-02,1.54112178e-02,1.69436157e-02,1.79856146e-02,1.84674026e-02,1.84212082e-02,1.80181916e-02,1.74154213e-02,1.68577767e-02,1.65404707e-02,1.65541535e-02,1.68141133e-02,1.71960244e-02,1.74551797e-02,1.73288930e-02,1.66587566e-02,1.52668954e-02,1.31083701e-02
-2.81526483e-02,-3.01061263e-02,-3.12953479e-02,-3.17026286e-02,-3.14178500e-02,-3.04583947e-02,-2.90530225e-02,-2.74100060e-02,-2.57064032e-02,-2.40700267e-02,-2.25736635e-02,-2.12466603e-02,-2.00986313e-02,-1.91412490e-02,-1.83936478e-02,-1.78680153e-02,-1.75475389e-02,-1.73762955e-02,-1.72730559e-02,-1.71552406e-02,-1.69575817e-02,-1.66522072e-02,-1.62464714e-02,-1.57725341e-02,-1.52798099e-02,-1.48303428e-02,-1.44921939e-02,-1.43266167e-02,-1.43518312e-02,-1.46155576e-02,-1.51153221e-02,-1.58448829e-02,-1.67894921e-02,-1.79174221e-02,-1.91711122e-02,-2.04680470e-02,-2.17158112e-02,-2.28354176e-02,-2.37817958e-02,-2.45537702e-02,-2.51914937e-02,-2.57616982e-02,-2.63310542e-02,-2.69271485e-02,-2.74965212e-02,-2.78939612e-02,-2.79870295e-02,-2.76069951e-02,-2.66484966e-02,-2.51754969e-02,-2.33509610e-02,-2.13872982e-02,-1.94936805e-02,-1.78377203e-02,-1.65284986e-02,-1.56224373e-02,-1.51481555e-02,-1.50898745e-02,-1.55278566e-02,-1.65258557e-02,-1.81314004e-02,-2.03146573e-02,-2.29163841e-02,-2.56475053e-02
-8.87444556e-03,-5.94579812e-03,-3.36874816e-03,-1.23721902e-03,3.53331858e-04,1.29343453e-03,1.47240937e-03,8.24342800e-04,-6.50867672e-04,-2.81380017e-03,-5.39170567e-03,-8.04082599e-03,-1.04582775e-02,-1.24825979e-02,-1.41238327e-02,-1.55219420e-02,-1.68738518e-02,-1.83616967e-02,-2.00903904e-02,-2.20445621e-02,-2.40857079e-02,-2.60004372e-02,-2.75802847e-02,-2.86905832e-02,-2.92984225e-02,-2.94787332e-02,-2.93120677e-02,-2.88567153e-02,-2.81800963e-02,-2.73004068e-02,-2.62108588e-02,-2.49128814e-02,-2.34438614e-02,-2.18843853e-02,-2.03428737e-02,-1.89267509e-02,-1.77128360e-02,-1.67287902e-02,-1.59545312e-02,-1.53455910e-02,-1.48701791e-02,-1.45436418e-02,-1.44246994e-02,-1.46061999e-02,-1.52146338e-02,-1.63057812e-02,-1.78587667e-02,-1.97756632e-02,-2.19139910e-02,-2.41249068e-02,-2.62675942e-02,-2.81990767e-02,-2.97659899e-02,-3.08184623e-02,-3.12631172e-02,-3.11639997e-02,-3.03683055e-02,-2.89586433e-02,-2.69973401e-02,-2.45577973e-02,-2.17275961e-02,-1.86131306e-02,-1.53403247e-02,-1.20478598e-02
-4.08306853e-03,-5.48598383e-03,-7.15547861e-03,-8.95202583e-03,-1.06802301e-02,-1.21479863e-02,-1.32228497e-02,-1.38510747e-02,-1.40583364e-02,-1.39012869e-02,-1.34526527e-02,-1.28403561e-02,-1.22130315e-02,-1.17163251e-02,-1.14459963e-02,-1.13896280e-02,-1.14456065e-02,-1.14200359e-02,-1.10826672e-02,-1.02704004e-02,-8.93931059e-03,-7.15946033e-03,-5.08174576e-03,-2.90360607e-03,-8.43960426e-04,8.77258143e-04,2.06654245e-03,2.60808707e-03,2.52115419e-03,1.99732949e-03,1.34106093e-03,8.93672550e-04,8.96239039e-04,1.42547007e-03,2.42369752e-03,3.74487556e-03,5.21428464e-03,6.66423930e-03,7.95646547e-03,8.99882295e-03,9.75741381e-03,1.02569209e-02,1.05615882e-02,1.07388503e-02,1.08187567e-02,1.07668761e-02,1.04920974e-02,9.84557544e-03,8.70517750e-03,7.05070309e-03,5.02043007e-03,2.88499682e-03,9.39002768e-04,-6.10339412e-04,-1.68092400e-03,-2.28812344e-03,-2.50241718e-03,-2.42470320e-03,-2.18097393e-03,-1.92001218e-03,-1.78454683e-03,-1.88242476e-03,-2.28124408e-03,-3.01093339e-03
-1.04213927e-02,-1.18192626e-02,-1.28507749e-02,-1.32933256e-02,-1.30684830e-02,-1.21417299e-02,-1.06778609e-02,-8.89016462e-03,-6.98368864e-03,-5.11539155e-03,-3.37583946e-03,-1.79171767e-03,-3.46708941e-04,9.87333582e-04,2.22181004e-03,3.33596029e-03,4.27570279e-03,4.96301072e-03,5.31470751e-03,5.26863916e-03,4.82839988e-03,4.01038187e-03,2.87115836e-03,1.44685652e-03,-2.65585848e-04,-2.29086115e-03,-4.63215306e-03,-7.22764625e-03,-9.92614395e-03,-1.24984258e-02,-1.46924852e-02,-1.63085383e-02,-1.72481577e-02,-1.75441042e-02,-1.72656797e-02,-1.64882496e-02,-1.53381450e-02,-1.39252493e-02,-1.23343997e-02,-1.06216592e-02,-8.82114729e-03,-6.95920880e-03,-5.06698446e-03,-3.18331812e-03,-1.34727584e-03,4.12414799e-04,2.08111166e-03,3.65031236e-03,5.10165232e-03,6.39272993e-03,7.45199251e-03,8.18389216e-03,8.48001379e-03,8.25028854e-03,7.43815943e-03,6.02185944e-03,4.09730707e-03,1.86612003e-03,-4.11974443e-04,-2.51304124e-03,-4.33775458e-03,-5.92817426e-03,-7.41181696e-03,-8.90568999e-03
-3.23120192e-02,-3.27422248e-02,-3.28633123e-02,-3.28257058e-02,-3.27482551e-02,-3.27192463e-02,-3.27995225e-02,-3.30493379e-02,-3.34637917e-02,-3.39802837e-02,-3.44818209e-02,-3.48301397e-02,-3.49419690e-02,-3.47611846e-02,-3.42279438e-02,-3.33891068e-02,-3.23010357e-02,-3.10138422e-02,-2.95623259e-02,-2.79725306e-02,-2.62781612e-02,-2.45334028e-02,-2.28111419e-02,-2.11860177e-02,-1.97114964e-02,-1.84028437e-02,-1.72339447e-02,-1.61489933e-02,-1.50836621e-02,-1.39867490e-02,-1.28328184e-02,-1.16200653e-02,-1.03559209e-02,-9.04124898e-03,-7.66617215e-03,-6.22326763e-03,-4.73040005e-03,-3.24644025e-03,-1.86775821e-03,-7.07492554e-04,1.29979503e-04,5.66425640e-04,5.58133307e-04,1.00612451e-04,-7.79784951e-04,-2.00908879e-03,-3.47249187e-03,-5.02831964e-03,-6.53820086e-03,-7.89990773e-03,-9.06524941e-03,-1.00363194e-02,-1.08506322e-02,-1.15725613e-02,-1.22994955e-02,-1.31749651e-02,-1.43872895e-02,-1.61271407e-02,-1.84957483e-02,-2.14007883e-02,-2.45249577e-02,-2.74338650e-02,-2.97684483e-02,-3.13769411e-02
-3.76369660e-02,-3.67205644e-02,-3.58221622e-02,-3.49007130e-02,-3.38995516e-02,-3.27637400e-02,-3.14549682e-02,-2.99560799e-02,-2.82644285e-02,-2.63804892e-02,-2.42992952e-02,-2.20090223e-02,-1.94969039e-02,-1.67591753e-02,-1.38097787e-02,-1.06832099e-02,-7.43023414e-03,-4.10938087e-03,-7.79717371e-04,2.49972316e-03,5.66171282e-03,8.61802967e-03,1.12458642e-02,1.33812035e-02,1.48228494e-02,1.53479863e-02,1.48308330e-02,1.31986100e-02,1.04902232e-02,6.98834889e-03,3.08094847e-03,-9.00161888e-04,-4.79226269e-03,-8.58176176e-03,-1.22786771e-02,-1.57967311e-02,-1.89168421e-02,-2.13643293e-02,-2.29458522e-02,-2.36505360e-02,-2.37160626e-02,-2.32931032e-02,-2.27491274e-02,-2.24085211e-02,-2.24317288e-02,-2.30451843e-02,-2.42857394e-02,-2.61155484e-02,-2.84280636e-02,-3.10555297e-02,-3.37706036e-02,-3.63167690e-02,-3.84777131e-02,-4.01417950e-02,-4.13101616e-02,-4.20488989e-02,-4.24324154e-02,-4.25389225e-02,-4.23912509e-02,-4.19631811e-02,-4.13037243e-02,-4.04741300e-02,-3.95458963e-02,-3.85847647e-02
3.22215889e-02,3.33784625e-02,3.46951563e-02,3.59370959e-02,3.69032953e-02,3.74313958e-02,3.73934071e-02,3.68695037e-02,3.57832006e-02,3.42521475e-02,3.24837843e-02,3.07136158e-02,2.91284105e-02,2.78113433e-02,2.67399321e-02,2.58280206e-02,2.49808306e-02,2.41384443e-02,2.32982971e-02,2.25121564e-02,2.18561874e-02,2.13861640e-02,2.11009512e-02,2.09335990e-02,2.07793506e-02,2.05424615e-02,2.01649349e-02,1.96578028e-02,1.91050560e-02,1.86287490e-02,1.83386904e-02,1.83046402e-02,1.84962884e-02,1.89265341e-02,1.95790781e-02,2.04544818e-02,2.15706846e-02,2.29433432e-02,2.45653559e-02,2.63972174e-02,2.83719818e-02,3.04108412e-02,3.24417450e-02,3.44139175e-02,3.63036205e-02,3.81100734e-02,3.98441231e-02,4.15140438e-02,4.31118992e-02,4.46020482e-02,4.59128301e-02,4.69334750e-02,4.75204430e-02,4.74891515e-02,4.69054271e-02,4.55744757e-02,4.35196601e-02,4.09164649e-02,3.80769922e-02,3.53893363e-02,3.32178490e-02,3.18132050e-02,3.12770313e-02,3.14734144e-02
8.07730629e-03,1.06159066e-02,1.25735899e-02,1.36899309e-02,1.37541691e-02,1.28844948e-02,1.11391852e-02,8.88310980e-03,6.51347615e-03,4.27787582e-03,2.19080101e-03,8.91594717e-05,-2.23147672e-03,-4.87758633e-03,-7.78012010e-03,-1.07073842e-02,-1.33507707e-02,-1.54337570e-02,-1.67939817e-02,-1.74219073e-02,-1.74983776e-02,-1.71851878e-02,-1.68197827e-02,-1.67019047e-02,-1.70884401e-02,-1.81369525e-02,-1.97749860e-02,-2.17642847e-02,-2.38197647e-02,-2.57402353e-02,-2.74581813e-02,-2.89967083e-02,-3.03922756e-02,-3.16432869e-02,-3.27096128e-02,-3.35478360e-02,-3.41434277e-02,-3.45110913e-02,-3.46698565e-02,-3.46579997e-02,-3.43853673e-02,-3.37884235e-02,-3.28131775e-02,-3.14645149e-02,-2.98152609e-02,-2.79838725e-02,-2.60973544e-02,-2.42569907e-02,-2.25177412e-02,-2.08857683e-02,-1.93327826e-02,-1.78198580e-02,-1.63191318e-02,-1.48227289e-02,-1.33354488e-02,-1.18570621e-02,-1.03650498e-02,-8.80703625e-03,-7.10673653e-03,-5.18189357e-03,-2.96942502e-03,-4.51543714e-04,2.32339514e-03,5.23087776e-03
-4.68479657e-02,-4.48920260e-02,-4.25584099e-02,-3.99843840e-02,-3.73050674e-02,-3.46378224e-02,-3.20698484e-02,-2.96515872e-02,-2.73972325e-02,-2.52919422e-02,-2.33030542e-02,-2.13910238e-02,-1.95169706e-02,-1.76475015e-02,-1.57603534e-02,-1.38527145e-02,-1.19489908e-02,-1.01020221e-02,-8.38532755e-03,-6.88092864e-03,-5.67099135e-03,-4.83874016e-03,-4.47123380e-03,-4.65417997e-03,-5.50265353e-03,-7.08277730e-03,-9.37949432e-03,-1.22445683e-02,-1.53803533e-02,-1.83839064e-02,-2.08450680e-02,-2.24557623e-02,-2.31051486e-02,-2.29164701e-02,-2.18691663e-02,-2.02072105e-02,-1.81648975e-02,-1.59765688e-02,-1.38716059e-02,-1.20630636e-02,-1.07274231e-02,-9.97768224e-03,-9.81000601e-03,-1.01847225e-02,-1.09738200e-02,-1.20358027e-02,-1.32772152e-02,-1.46797866e-02,-1.62965862e-02,-1.82240969e-02,-2.05595357e-02,-2.33521133e-02,-2.65650146e-02,-3.00716899e-02,-3.36925698e-02,-3.72436872e-02,-4.05614695e-02,-4.35006206e-02,-4.59295759e-02,-4.77382147e-02,-4.88512065e-02,-4.92747320e-02,-4.91551671e-02,-4.83020993e-02
-6.13714182e-03,-6.35434386e-03,-6.43829872e-03,-6.20069899e-03,-5.47114823e-03,-4.16064810e-03,-2.26030682e-03,1.75030775e-04,3.04764198e-03,6.23334606e-03,9.58995377e-03,1.29612244e-02,1.61847627e-02,1.91066063e-02,2.16034329e-02,2.36092554e-02,2.51374607e-02,2.62836242e-02,2.71975670e-02,2.80325679e-02,2.89011957e-02,2.98581249e-02,3.09104125e-02,3.20453711e-02,3.32557856e-02,3.45459009e-02,3.59190867e-02,3.73612673e-02,3.88341489e-02,4.02830542e-02,4.16536737e-02,4.29066731e-02,4.40212668e-02,4.49866730e-02,4.57889109e-02,4.64041894e-02,4.68063013e-02,4.69849559e-02,4.69771788e-02,4.68596969e-02,4.66378705e-02,4.62956093e-02,4.57146528e-02,4.46579680e-02,4.27969280e-02,3.98023952e-02,3.54946421e-02,2.99916005e-02,2.37419357e-02,1.73667216e-02,1.14023846e-02,6.14953491e-03,1.71103708e-03,-1.88286942e-03,-4.59589291e-03,-6.40947377e-03,-7.37720908e-03,-7.66121226e-03,-7.46369994e-03,-7.01300546e-03,-6.51965428e-03,-6.13523087e-03,-5.94531244e-03,-5.95907778e-03
-2.49624025e-03,-1.38366466e-03,2.09516433e-04,2.13211393e-03,4.28532487e-03,6.61544986e-03,9.09590869e-03,1.17062720e-02,1.44123971e-02,1.71507982e-02,1.98182085e-02,2.22652361e-02,2.42928937e-02,2.56537875e-02,2.60577280e-02,2.54496784e-02,2.37285927e-02,2.10222979e-02,1.77954320e-02,1.46424048e-02,1.20323578e-02,1.01461208e-02,8.89821965e-03,8.06444927e-03,7.40274129e-03,6.72503949e-03,5.93158297e-03,5.02884421e-03,4.12641196e-03,3.39756174e-03,3.01147533e-03,3.07170228e-03,3.58021421e-03,4.48810301e-03,5.69772172e-03,7.10767121e-03,8.62964719e-03,1.01932691e-02,1.17439795e-02,1.32404141e-02,1.46546025e-02,1.59728562e-02,1.71920057e-02,1.83083106e-02,1.93026446e-02,2.01297224e-02,2.07182286e-02,2.09833779e-02,2.08690687e-02,2.03788154e-02,1.95125168e-02,1.83531052e-02,1.69979361e-02,1.55195389e-02,1.39457108e-02,1.22576809e-02,1.03966927e-02,8.28568923e-03,5.88745116e-03,3.29383904e-03,7.77529458e-04,-1.27893914e-03,-2.55532526e-03,-2.94113606e-03
-1.30190548e-02,-1.48941973e-02,-1.57225096e-02,-1.57551474e-02,-1.50972266e-02,-1.40191556e-02,-1.27427279e-02,-1.14443331e-02,-1.02499116e-02,-9.23447074e-03,-8.42679875e-03,-7.82094267e-03,-7.39698248e-03,-7.14998669e-03,-7.10209460e-03,-7.32767653e-03,-7.91201105e-03,-8.89650410e-03,-1.02368612e-02,-1.18041403e-02,-1.34349286e-02,-1.49898384e-02,-1.63748992e-02,-1.75219108e-02,-1.83606598e-02,-1.88148721e-02,-1.88744259e-02,-1.84709519e-02,-1.76217504e-02,-1.63784461e-02,-1.48128559e-02,-1.30074906e-02,-1.10465174e-02,-9.00305940e-03,-6.92384154e-03,-4.81919050e-03,-2.66678149e-03,-4.29527427e-04,1.92232375e-03,4.39755632e-03,6.98475811e-03,9.66029846e-03,1.23928445e-02,1.51394531e-02,1.78359349e-02,2.03891045e-02,2.26782852e-02,2.45691059e-02,2.59366152e-02,2.66877075e-02,2.67372521e-02,2.62211602e-02,2.50466772e-02,2.32712617e-02,2.10029861e-02,1.83891116e-02,1.55744378e-02,1.26273444e-02,9.49493750e-03,6.04095590e-03,2.16493665e-03,-2.05577384e-03,-6.29410443e-03,-1.00840965e-02
3.43219314e-02,3.67605002e-02,3.91909187e-02,4.16149769e-02,4.40515667e-02,4.65253122e-02,4.90478956e-02,5.15991529e-02,5.41149727e-02,5.64860618e-02,5.85674934e-02,6.01963527e-02,6.12153885e-02,6.14172944e-02,6.10130938e-02,5.98427806e-02,5.78271066e-02,5.49474305e-02,5.11457294e-02,4.63414664e-02,4.05345655e-02,3.39551819e-02,2.71432329e-02,2.08217166e-02,1.55977963e-02,1.17302255e-02,9.12359889e-03,7.47002563e-03,6.39268256e-03,5.53160701e-03,4.58106413e-03,3.30461662e-03,1.55704268e-03,-6.79968208e-04,-3.26798073e-03,-5.92978067e-03,-8.32891191e-03,-1.01791171e-02,-1.13257697e-02,-1.17720955e-02,-1.16476550e-02,-1.10850714e-02,-1.02791685e-02,-9.39388876e-03,-8.53820545e-03,-7.74382293e-03,-6.95938710e-03,-6.07122167e-03,-4.94714671e-03,-3.48360840e-03,-1.63238368e-03,5.97963192e-04,3.15299847e-03,5.94702959e-03,8.87534724e-03,1.18273850e-02,1.47041283e-02,1.74378636e-02,2.00072992e-02,2.24389455e-02,2.47909331e-02,2.71261319e-02,2.94881220e-02,3.18905550e-02
3.99276467e-02,3.69137025e-02,3.43782084e-02,3.23252165e-02,3.05871460e-02,2.89135108e-02,2.70819795e-02,2.49860324e-02,2.26746934e-02,2.03210323e-02,1.81387565e-02,1.63069651e-02,1.49369010e-02,1.40640934e-02,1.36419872e-02,1.35390413e-02,1.35385314e-02,1.33987658e-02,1.28545163e-02,1.16256696e-02,9.51354888e-03,6.49379340e-03,2.80590408e-03,-1.05167701e-03,-4.47729239e-03,-7.02070306e-03,-8.51462945e-03,-9.05924279e-03,-8.90459061e-03,-8.31899684e-03,-7.58375008e-03,-6.90064167e-03,-6.36854232e-03,-5.97516179e-03,-5.61232683e-03,-5.11057599e-03,-4.28872064e-03,-3.00422199e-03,-1.17945025e-03,1.19999081e-03,4.10252737e-03,7.47440564e-03,1.12518292e-02,1.53638932e-02,1.97293692e-02,2.42525985e-02,2.88224918e-02,3.33160499e-02,3.76056593e-02,4.15685066e-02,4.50967425e-02,4.81077655e-02,5.05540122e-02,5.24296745e-02,5.37680522e-02,5.46214423e-02,5.50217668e-02,5.49709153e-02,5.45221361e-02,5.35014852e-02,5.18174443e-02,4.94534385e-02,4.65125514e-02,4.32303231e-02
8.82726020e-03,5.83031722e-03,2.68259333e-03,-6.49132961e-04,-4.17939677e-03,-7.86448811e-03,-1.15696952e-02,-1.50787055e-02,-1.81592704e-02,-2.06454110e-02,-2.24757998e-02,-2.36721333e-02,-2.42932940e-02,-2.44400921e-02,-2.41289290e-02,-2.33673279e-02,-2.21776447e-02,-2.05773095e-02,-1.85926803e-02,-1.62695258e-02,-1.36778980e-02,-1.09089909e-02,-8.06474376e-03,-5.24355688e-03,-2.52651353e-03,3.16951148e-05,2.40407113e-03,4.58459852e-03,6.57503822e-03,8.37085263e-03,9.95047272e-03,1.12687991e-02,1.22541897e-02,1.28111090e-02,1.28272136e-02,1.23247270e-02,1.12912635e-02,9.91901210e-03,8.51457475e-03,7.40316018e-03,6.81873145e-03,6.85444483e-03,7.44169657e-03,8.51059277e-03,9.94041203e-03,1.16305082e-02,1.35042972e-02,1.55021886e-02,1.75701081e-02,1.96482180e-02,2.16628885e-02,2.35239875e-02,2.51278668e-02,2.63640288e-02,2.71208257e-02,2.72736400e-02,2.68772587e-02,2.58549148e-02,2.42416077e-02,2.21614398e-02,1.97647994e-02,1.71807443e-02,1.44860441e-02,1.17046005e-02
-4.43285709e-02,-4.37939686e-02,-4.29984910e-02,-4.20178904e-02,-4.09280110e-02,-3.97960823e-02,-3.86732483e-02,-3.75933732e-02,-3.65788535e-02,-3.56507530e-02,-3.48383668e-02,-3.41839070e-02,-3.37411216e-02,-3.35547399e-02,-3.36168726e-02,-3.40301372e-02,-3.47781988e-02,-3.58095656e-02,-3.70032282e-02,-3.81799118e-02,-3.91502058e-02,-3.97763030e-02,-4.00237810e-02,-3.99939929e-02,-3.96971901e-02,-3.93335081e-02,-3.90719880e-02,-3.90027166e-02,-3.91878582e-02,-3.95923325e-02,-4.00042257e-02,-4.01869223e-02,-3.99743225e-02,-3.90848445e-02,-3.75068463e-02,-3.53542289e-02,-3.28513916e-02,-3.02912711e-02,-2.80002174e-02,-2.63091571e-02,-2.55010705e-02,-2.55673436e-02,-2.67301255e-02,-2.87121085e-02,-3.11179327e-02,-3.35185140e-02,-3.55866507e-02,-3.71495535e-02,-3.81637305e-02,-3.86722368e-02,-3.87986707e-02,-3.86311374e-02,-3.83087018e-02,-3.80219011e-02,-3.79139507e-02,-3.80854888e-02,-3.86662735e-02,-3.96127543e-02,-4.07950490e-02,-4.20256650e-02,-4.31180966e-02,-4.39321167e-02,-4.43934413e-02,-4.45228360e-02
-2.71823625e-02,-3.04379311e-02,-3.41711092e-02,-3.79149954e-02,-4.10990749e-02,-4.32382853e-02,-4.41218434e-02,-4.40187015e-02,-4.27031641e-02,-4.05922437e-02,-3.80174167e-02,-3.52919378e-02,-3.26861916e-02,-3.04178210e-02,-2.86491663e-02,-2.74914347e-02,-2.69967234e-02,-2.70760033e-02,-2.78595575e-02,-2.92675774e-02,-3.12305010e-02,-3.36426572e-02,-3.63414368e-02,-3.90942382e-02,-4.16186466e-02,-4.36460321e-02,-4.49941064e-02,-4.56097237e-02,-4.56545755e-02,-4.50367430e-02,-4.38772295e-02,-4.22812632e-02,-4.03482222e-02,-3.81774208e-02,-3.58688248e-02,-3.35179711e-02,-3.12098520e-02,-2.90150843e-02,-2.69883864e-02,-2.51673612e-02,-2.35701403e-02,-2.21934137e-02,-2.10150894e-02,-2.00045349e-02,-1.91377066e-02,-1.84089959e-02,-1.78313420e-02,-1.74223985e-02,-1.71843026e-02,-1.70916315e-02,-1.70913910e-02,-1.71472997e-02,-1.72380860e-02,-1.73833127e-02,-1.76255621e-02,-1.79965703e-02,-1.84887703e-02,-1.90548119e-02,-1.96381626e-02,-2.02185695e-02,-2.08476103e-02,-2.16600699e-02,-2.28564130e-02,-2.46494643e-02
1.63119042e-02,1.60507676e-02,1.51938789e-02,1.38750414e-02,1.23120770e-02,1.07135006e-02,9.24330233e-03,7.99602430e-03,6.98079851e-03,6.12863345e-03,5.33382702e-03,4.51474342e-03,3.66023481e-03,2.83321166e-03,2.12801901e-03,1.61114156e-03,1.28385251e-03,1.08374977e-03,9.15083468e-04,6.85129136e-04,3.27681449e-04,-1.89718815e-04,-8.68910375e-04,-1.68596963e-03,-2.59053076e-03,-3.49771488e-03,-4.28086406e-03,-4.78236896e-03,-4.87424610e-03,-4.46649176e-03,-3.57561354e-03,-2.31668275e-03,-8.73781857e-04,5.35602820e-04,1.69258866e-03,2.40920142e-03,2.55389068e-03,2.08904688e-03,1.05339687e-03,-4.01400337e-04,-2.03517540e-03,-3.57927281e-03,-4.81690794e-03,-5.64644201e-03,-6.09439765e-03,-6.27846133e-03,-6.34373213e-03,-6.40397676e-03,-6.50536520e-03,-6.60618410e-03,-6.61070624e-03,-6.39099301e-03,-5.83617504e-03,-4.87678112e-03,-3.48940397e-03,-1.69144935e-03,4.65950918e-04,2.90235306e-03,5.51151773e-03,8.16209787e-03,1.06983584e-02,1.29457861e-02,1.47257169e-02,1.58814684e-02
-4.36005440e-02,-4.18331235e-02,-3.97231503e-02,-3.73346468e-02,-3.46966453e-02,-3.18266120e-02,-2.87498196e-02,-2.55084216e-02,-2.21596251e-02,-1.87676460e-02,-1.53951246e-02,-1.20969971e-02,-8.91664631e-03,-5.88284231e-03,-3.00693555e-03,-2.81938195e-04,2.31343183e-03,4.80318872e-03,7.19708004e-03,9.47579837e-03,1.15846875e-02,1.34398231e-02,1.49463156e-02,1.60253202e-02,1.66423273e-02,1.68245147e-02,1.66964371e-02,1.63721207e-02,1.59726121e-02,1.55960344e-02,1.52792625e-02,1.50015460e-02,1.46985995e-02,1.42757751e-02,1.36196156e-02,1.26235938e-02,1.12409509e-02,9.55367457e-03,7.80988607e-03,6.36989502e-03,5.56336297e-03,5.55510489e-03,6.24168134e-03,7.42992038e-03,8.78780071e-03,9.96590584e-03,1.06395330e-02,1.05370640e-02,9.56477948e-03,7.58563346e-03,4.62355458e-03,7.59571828e-04,-3.91030170e-03,-9.29464240e-03,-1.52732504e-02,-2.16132664e-02,-2.79204304e-02,-3.37002188e-02,-3.85071872e-02,-4.20708633e-02,-4.43267326e-02,-4.53845192e-02,-4.55637915e-02,-4.49064965e-02
-5.26998502e-03,-2.49076079e-03,4.52456164e-04,3.53113583e-03,6.74832796e-03,1.01301645e-02,1.37091824e-02,1.75037062e-02,2.15005625e-02,2.56474743e-02,2.98565280e-02,3.40148706e-02,3.79963681e-02,4.16689293e-02,4.48953869e-02,4.75292763e-02,4.94080097e-02,5.03455438e-02,5.02123938e-02,4.91386768e-02,4.68623168e-02,4.33905360e-02,3.88290483e-02,3.33236849e-02,2.70369430e-02,2.01801453e-02,1.30719079e-02,6.12113863e-03,-3.08818485e-04,-6.03168509e-03,-1.10342820e-02,-1.53594201e-02,-1.90192932e-02,-2.19869289e-02,-2.42349779e-02,-2.57708950e-02,-2.66433104e-02,-2.69481967e-02,-2.67931426e-02,-2.61681295e-02,-2.51521488e-02,-2.38139973e-02,-2.22402331e-02,-2.05426720e-02,-1.88514404e-02,-1.72990547e-02,-1.60021479e-02,-1.50449758e-02,-1.44662476e-02,-1.42461001e-02,-1.43092569e-02,-1.45732159e-02,-1.49166330e-02,-1.52398134e-02,-1.54792879e-02,-1.56055763e-02,-1.56171445e-02,-1.54766129e-02,-1.51243169e-02,-1.44730931e-02,-1.34390378e-02,-1.19753350e-02,-1.00878121e-02,-7.82760554e-03
-4.37471374e-02,-4.16078018e-02,-3.99238134e-02,-3.87148052e-02,-3.79015814e-02,-3.73370666e-02,-3.68581575e-02,-3.63313263e-02,-3.56914681e-02,-3.49617868e-02,-3.42444312e-02,-3.36997128e-02,-3.34795634e-02,-3.36899609e-02,-3.45692851e-02,-3.61680274e-02,-3.84691342e-02,-4.13852520e-02,-4.47972019e-02,-4.85844714e-02,-5.26208164e-02,-5.67411039e-02,-6.07163077e-02,-6.42721567e-02,-6.71483002e-02,-6.91597836e-02,-7.02445990e-02,-7.05492016e-02,-7.01680441e-02,-6.89897185e-02,-6.72745921e-02,-6.52132610e-02,-6.29950038e-02,-6.07946047e-02,-5.87559319e-02,-5.69766964e-02,-5.54996592e-02,-5.43154529e-02,-5.33778016e-02,-5.26255183e-02,-5.20023819e-02,-5.14687251e-02,-5.10047351e-02,-5.06104140e-02,-5.03067491e-02,-5.01324025e-02,-5.01007819e-02,-5.02807723e-02,-5.07365814e-02,-5.14608683e-02,-5.24020314e-02,-5.34738834e-02,-5.45815254e-02,-5.56366080e-02,-5.65499728e-02,-5.72136000e-02,-5.75166310e-02,-5.74802512e-02,-5.68487361e-02,-5.55894588e-02,-5.37462720e-02,-5.14431274e-02,-4.88645394e-02,-4.62270182e-02
1.30644198e-02,1.65164071e-02,1.99876384e-02,2.33283587e-02,2.63927874e-02,2.90508291e-02,3.12062622e-02,3.28221570e-02,3.39438769e-02,3.47002215e-02,3.52675459e-02,3.58123253e-02,3.64549929e-02,3.72624251e-02,3.82582366e-02,3.94478716e-02,4.08425366e-02,4.24674423e-02,4.43540548e-02,4.65249763e-02,4.89798065e-02,5.16856144e-02,5.45717648e-02,5.75282364e-02,6.04082622e-02,6.30376366e-02,6.52328049e-02,6.68270963e-02,6.77021559e-02,6.77921930e-02,6.74254787e-02,6.65516454e-02,6.53323833e-02,6.39882706e-02,6.27025032e-02,6.15888569e-02,6.06822622e-02,5.99428214e-02,5.92714541e-02,5.85320669e-02,5.75640982e-02,5.61803411e-02,5.41545536e-02,5.12044264e-02,4.69974660e-02,4.12334944e-02,3.38457543e-02,2.52580424e-02,1.64530916e-02,8.61999523e-03,2.59039121e-03,-1.42687097e-03,-3.69022469e-03,-4.64942898e-03,-4.76209382e-03,-4.33467162e-03,-3.58196519e-03,-2.59917949e-03,-1.39146055e-03,9.09197733e-05,1.91637646e-03,4.13837275e-03,6.77050146e-03,9.77480410e-03
5.54609359e-03,5.25733622e-03,4.57221488e-03,3.74710368e-03,3.01951567e-03,2.53985173e-03,2.35749684e-03,2.43642840e-03,2.68786962e-03,3.00063203e-03,3.25912672e-03,3.36417716e-03,3.24979992e-03,2.89229447e-03,2.31262449e-03,1.57773236e-03,7.72348502e-04,-3.85028850e-05,-8.43262549e-04,-1.69700689e-03,-2.70582976e-03,-3.98805734e-03,-5.62810419e-03,-7.64717332e-03,-1.00066490e-02,-1.26312639e-02,-1.54184463e-02,-1.82195821e-02,-2.08242302e-02,-2.29954081e-02,-2.45596522e-02,-2.54928257e-02,-2.59367092e-02,-2.61280285e-02,-2.62919832e-02,-2.66036328e-02,-2.70948756e-02,-2.76558998e-02,-2.81311274e-02,-2.84267319e-02,-2.85607716e-02,-2.86309084e-02,-2.87657965e-02,-2.90844944e-02,-2.96081971e-02,-3.02431719e-02,-3.08107129e-02,-3.11136742e-02,-3.10886250e-02,-3.05478989e-02,-2.94707977e-02,-2.78595346e-02,-2.57378516e-02,-2.31459132e-02,-2.01457074e-02,-1.68260039e-02,-1.33015411e-02,-9.70675422e-03,-6.18718992e-03,-2.89200051e-03,3.08427004e-05,2.43742307e-03,4.20066108e-03,5.23743710e-03
-8.22458422e-03,-7.15468569e-03,-6.41439138e-03,-6.03970822e-03,-6.06874779e-03,-6.58015846e-03,-7.58488480e-03,-9.05093185e-03,-1.08989525e-02,-1.29875469e-02,-1.50971906e-02,-1.69558879e-02,-1.83199881e-02,-1.90648756e-02,-1.92540190e-02,-1.90095479e-02,-1.85747228e-02,-1.82245649e-02,-1.81441012e-02,-1.84746511e-02,-1.92394663e-02,-2.03318534e-02,-2.15591559e-02,-2.26798879e-02,-2.34523509e-02,-2.37313658e-02,-2.34662885e-02,-2.26243026e-02,-2.13582912e-02,-1.98610900e-02,-1.83258512e-02,-1.69117877e-02,-1.57243779e-02,-1.48139450e-02,-1.41936460e-02,-1.38693202e-02,-1.38309735e-02,-1.41333193e-02,-1.48043255e-02,-1.58386677e-02,-1.71785446e-02,-1.87197097e-02,-2.03422047e-02,-2.19515483e-02,-2.35111164e-02,-2.50502786e-02,-2.66415390e-02,-2.83474089e-02,-3.01489679e-02,-3.18932364e-02,-3.33109867e-02,-3.41236583e-02,-3.42678481e-02,-3.35972069e-02,-3.21508853e-02,-3.00866375e-02,-2.75737547e-02,-2.47718643e-02,-2.18304857e-02,-1.88946737e-02,-1.61045086e-02,-1.35828278e-02,-1.14150382e-02,-9.63390277e-03
4.82036770e-02,4.32877634e-02,3.85773093e-02,3.43567565e-02,3.07502918e-02,2.77235088e-02,2.51521444e-02,2.29001362e-02,2.08482792e-02,1.88607002e-02,1.67281796e-02,1.41451793e-02,1.07549698e-02,6.27361197e-03,6.76226141e-04,-5.63104595e-03,-1.18310111e-02,-1.70454011e-02,-2.07145638e-02,-2.27419854e-02,-2.34090161e-02,-2.31011917e-02,-2.21070073e-02,-2.07691065e-02,-1.93167305e-02,-1.78877382e-02,-1.65447700e-02,-1.52957363e-02,-1.41165456e-02,-1.29700895e-02,-1.18148547e-02,-1.06017535e-02,-9.26660386e-03,-7.73064314e-03,-5.91660738e-03,-3.77549872e-03,-1.30931762e-03,1.42355413e-03,4.32234453e-03,7.27726923e-03,1.02016681e-02,1.30568828e-02,1.58605664e-02,1.86753521e-02,2.15830473e-02,2.46563266e-02,2.79396401e-02,3.14439201e-02,3.51512784e-02,3.90218225e-02,4.29967063e-02,4.69966526e-02,5.09190912e-02,5.46376884e-02,5.80063266e-02,6.08674375e-02,6.30633287e-02,6.44479527e-02,6.48001991e-02,6.43667512e-02,6.29984684e-02,6.05767939e-02,5.71697045e-02,5.29519399e-02
3.42711497e-02,3.41007972e-02,3.31640919e-02,3.13236592e-02,2.86082433e-02,2.51420413e-02,2.11597615e-02,1.69923574e-02,1.30035705e-02,9.50791213e-03,6.71558476e-03,4.71660037e-03,3.48515503e-03,2.89218218e-03,2.73145906e-03,2.76026010e-03,2.75879048e-03,2.56682445e-03,2.09979311e-03,1.34973850e-03,3.69014961e-04,-7.45175689e-04,-1.86176512e-03,-2.83469476e-03,-3.53557531e-03,-3.89349031e-03,-3.93165548e-03,-3.72712463e-03,-3.40973648e-03,-3.09947848e-03,-2.87085999e-03,-2.74237767e-03,-2.69341595e-03,-2.69604679e-03,-2.74682646e-03,-2.87819459e-03,-3.15225331e-03,-3.63661265e-03,-4.37431087e-03,-5.35811201e-03,-6.51765380e-03,-7.72660913e-03,-8.83110976e-03,-9.68678816e-03,-1.01837177e-02,-1.02805771e-02,-9.92616849e-03,-9.10850926e-03,-7.84100865e-03,-6.15647970e-03,-4.10255584e-03,-1.73038964e-03,9.18369605e-04,3.81787858e-03,6.95264132e-03,1.03001029e-02,1.38126660e-02,1.74083050e-02,2.09731221e-02,2.43727242e-02,2.74664349e-02,3.01192390e-02,3.22087033e-02,3.36260520e-02
2.76296037e-02,2.60047408e-02,2.45679208e-02,2.31269881e-02,2.14975289e-02,1.95825876e-02,1.74143047e-02,1.51447835e-02,1.29952705e-02,1.11941290e-02,9.92888454e-03,9.32103172e-03,9.42128906e-03,1.01767286e-02,1.15766604e-02,1.35457224e-02,1.60023744e-02,1.88553768e-02,2.19972447e-02,2.52991931e-02,2.86097872e-02,3.17584304e-02,3.45647071e-02,3.68540884e-02,3.84789893e-02,3.93443814e-02,3.93884296e-02,3.88687565e-02,3.77496813e-02,3.62309033e-02,3.45577077e-02,3.29429685e-02,3.15051095e-02,3.02375252e-02,2.90292014e-02,2.77221534e-02,2.61777878e-02,2.43410613e-02,2.22919260e-02,2.02561243e-02,1.85516932e-02,1.74864074e-02,1.72712783e-02,1.78315636e-02,1.91376229e-02,2.10226504e-02,2.32763950e-02,2.57079488e-02,2.81627267e-02,3.05240948e-02,3.27066158e-02,3.46464245e-02,3.62930408e-02,3.76053273e-02,3.85519775e-02,3.91116573e-02,3.92483184e-02,3.90375918e-02,3.84180503e-02,3.73345989e-02,3.57861115e-02,3.38440413e-02,3.16823197e-02,2.95428043e-02
-2.53549713e-02,-2.95475955e-02,-3.34080873e-02,-3.67044261e-02,-3.92192037e-02,-4.08201174e-02,-4.15049281e-02,-4.15185208e-02,-4.07869581e-02,-3.95620458e-02,-3.80467955e-02,-3.64325688e-02,-3.48891625e-02,-3.35568658e-02,-3.25404261e-02,-3.19074106e-02,-3.16705687e-02,-3.17953593e-02,-3.23599318e-02,-3.33194946e-02,-3.46141096e-02,-3.61416770e-02,-3.77758491e-02,-3.94098962e-02,-4.09923812e-02,-4.25264758e-02,-4.40357922e-02,-4.55243383e-02,-4.69593078e-02,-4.82835693e-02,-4.94375620e-02,-5.03662795e-02,-5.10075048e-02,-5.12942800e-02,-5.12587023e-02,-5.06695873e-02,-4.94501467e-02,-4.75491205e-02,-4.49699839e-02,-4.17734393e-02,-3.80686355e-02,-3.39982537e-02,-2.97234023e-02,-2.54104629e-02,-2.12188696e-02,-1.72879228e-02,-1.37223917e-02,-1.05798238e-02,-7.86512123e-03,-5.53777659e-03,-3.53314889e-03,-1.79299793e-03,-2.95807013e-04,9.22666365e-04,1.76425043e-03,2.08118136e-03,1.70952951e-03,5.05173893e-04,-1.61020301e-03,-4.58281248e-03,-8.23595597e-03,-1.23270020e-02,-1.66353468e-02,-2.10116397e-02
1.44812765e-02,7.81784230e-03,5.23681832e-04,-6.43248920e-03,-1.22316152e-02,-1.64771922e-02,-1.91360874e-02,-2.03729210e-02,-2.05279414e-02,-1.96745461e-02,-1.80234050e-02,-1.57481435e-02,-1.30007812e-02,-9.91811293e-03,-6.62109041e-03,-3.21350565e-03,2.17431545e-04,3.59707658e-03,6.85746441e-03,9.92944768e-03,1.27364009e-02,1.51932171e-02,1.72102287e-02,1.86988188e-02,1.95739940e-02,1.97443862e-02,1.92640113e-02,1.80648878e-02,1.61899625e-02,1.37735249e-02,1.09987469e-02,8.05043239e-03,5.06532056e-03,2.10894278e-03,-8.13382787e-04,-3.72448560e-03,-6.63190106e-03,-9.48333445e-03,-1.21403769e-02,-1.43959469e-02,-1.60349868e-02,-1.69031410e-02,-1.70240498e-02,-1.63472188e-02,-1.49550477e-02,-1.29414772e-02,-1.03927570e-02,-7.38944263e-03,-4.01690503e-03,-3.75561392e-04,3.41534230e-03,7.22409570e-03,1.09211479e-02,1.43919956e-02,1.75477538e-02,2.03277511e-02,2.26914195e-02,2.46002903e-02,2.59941454e-02,2.67641238e-02,2.67012206e-02,2.57590323e-02,2.35443774e-02,1.98117389e-02
2.60413337e-02,2.54391847e-02,2.37080123e-02,2.06441060e-02,1.63229220e-02,1.11825245e-02,5.95006051e-03,1.36149714e-03,-2.10842899e-03,-4.31063705e-03,-5.32913715e-03,-5.40540441e-03,-4.72644529e-03,-3.52342160e-03,-1.98762926e-03,-2.71554314e-04,1.50217696e-03,3.23233900e-03,4.83879022e-03,6.26914164e-03,7.50584874e-03,8.56246873e-03,9.46535294e-03,1.02302306e-02,1.08507159e-02,1.13086693e-02,1.15988629e-02,1.17460772e-02,1.17952765e-02,1.17788999e-02,1.16871870e-02,1.14594312e-02,1.10144058e-02,1.02896665e-02,9.28105804e-03,8.05364776e-03,6.71474910e-03,5.36375184e-03,4.05048671e-03,2.77000282e-03,1.49870534e-03,2.49921404e-04,-8.88609089e-04,-1.76609974e-03,-2.22654076e-03,-2.18521093e-03,-1.61792514e-03,-5.92897926e-04,7.75004163e-04,2.35750112e-03,4.04436788e-03,5.76154893e-03,7.47735840e-03,9.19516226e-03,1.09365715e-02,1.27228556e-02,1.45617327e-02,1.64422436e-02,1.83357785e-02,2.01990257e-02,2.19744476e-02,2.35848777e-02,2.49208416e-02,2.58217100e-02
-1.69293064e-02,-1.70488459e-02,-1.66709821e-02,-1.56840391e-02,-1.40797164e-02,-1.19289306e-02,-9.36610952e-03,-6.56333111e-03,-3.70426090e-03,-9.65847457e-04,1.48896099e-03,3.50856122e-03,4.95086207e-03,5.68274231e-03,5.59728513e-03,4.70413322e-03,3.05742928e-03,9.10893273e-04,-1.36930299e-03,-3.41577652e-03,-4.98548113e-03,-5.99754899e-03,-6.49081760e-03,-6.56613261e-03,-6.27497896e-03,-5.64653940e-03,-4.68272917e-03,-3.39294700e-03,-1.82694330e-03,-9.01840465e-05,1.65444454e-03,3.18802484e-03,4.23251661e-03,4.44216159e-03,3.46253214e-03,9.16050954e-04,-3.38828468e-03,-9.23985620e-03,-1.59696986e-02,-2.26349530e-02,-2.83735118e-02,-3.26535470e-02,-3.53161413e-02,-3.64979666e-02,-3.66344996e-02,-3.58157775e-02,-3.44043628e-02,-3.26625471e-02,-3.07598514e-02,-2.87817925e-02,-2.67545568e-02,-2.46817919e-02,-2.25812784e-02,-2.05085854e-02,-1.85603565e-02,-1.68579331e-02,-1.55181330e-02,-1.46222336e-02,-1.41951844e-02,-1.41638319e-02,-1.44986658e-02,-1.50835657e-02,-1.57893455e-02,-1.64632747e-02
1.50281664e-02,1.66669000e-02,1.80862936e-02,1.92353630e-02,2.00597300e-02,2.05281370e-02,2.06433830e-02,2.04859094e-02,2.00789432e-02,1.94352335e-02,1.85306050e-02,1.72891880e-02,1.56031112e-02,1.33602130e-02,1.04746236e-02,6.92927126e-03,2.83927444e-03,-1.49412947e-03,-5.61023226e-03,-9.06407411e-03,-1.15992229e-02,-1.32063020e-02,-1.40701825e-02,-1.44799728e-02,-1.47486732e-02,-1.51915089e-02,-1.61084696e-02,-1.77208965e-02,-2.01215395e-02,-2.32425084e-02,-2.68740349e-02,-3.07382104e-02,-3.45707373e-02,-3.81562319e-02,-4.13116543e-02,-4.38587340e-02,-4.56260625e-02,-4.65003161e-02,-4.66071237e-02,-4.57887172e-02,-4.41312799e-02,-4.18259743e-02,-3.90858585e-02,-3.61224036e-02,-3.31199791e-02,-3.02149228e-02,-2.74855828e-02,-2.49560302e-02,-2.26106543e-02,-2.04116696e-02,-1.83111012e-02,-1.62544609e-02,-1.41805802e-02,-1.20247425e-02,-9.72889689e-03,-7.25690503e-03,-4.60864762e-03,-1.82627635e-03,1.01150042e-03,3.80601858e-03,6.46569461e-03,8.92787246e-03,1.11688272e-02,1.31963863e-02
1.15140188e-02,1.11710460e-02,1.05914571e-02,9.80836525e-03,8.87827772e-03,7.90350192e-03,7.02676570e-03,6.39293779e-03,6.10004931e-03,6.16961403e-03,6.54794013e-03,7.17273525e-03,7.97287522e-03,8.90495949e-03,9.95028176e-03,1.10994796e-02,1.23380175e-02,1.36400412e-02,1.49685505e-02,1.62745438e-02,1.74899762e-02,1.85163214e-02,1.92173504e-02,1.94241407e-02,1.90597042e-02,1.80643473e-02,1.65298881e-02,1.47331345e-02,1.30086124e-02,1.15895103e-02,1.05107587e-02,9.63240846e-03,8.74015602e-03,7.64468146e-03,6.24292158e-03,4.53868404e-03,2.62260147e-03,6.29449643e-04,-1.29919048e-03,-3.03157967e-03,-4.45201685e-03,-5.46932613e-03,-6.03213010e-03,-6.15544507e-03,-5.87446159e-03,-5.27092273e-03,-4.44582841e-03,-3.49804496e-03,-2.51127290e-03,-1.54667091e-03,-6.40597376e-04,1.96726259e-04,9.84563923e-04,1.77265595e-03,2.63115847e-03,3.62672580e-03,4.79256728e-03,6.10671053e-03,7.48947177e-03,8.82166728e-03,9.97628693e-03,1.08518566e-02,1.13950182e-02,1.16027941e-02
-2.74104459e-02,-2.66731732e-02,-2.53564966e-02,-2.35525084e-02,-2.13418902e-02,-1.88038403e-02,-1.60263057e-02,-1.31134443e-02,-1.01865151e-02,-7.37599127e-03,-4.80539534e-03,-2.57023241e-03,-7.17954885e-04,7.63399784e-04,1.94141618e-03,2.91789697e-03,3.79830639e-03,4.66737183e-03,5.58172472e-03,6.57922017e-03,7.69379214e-03,8.96317795e-03,1.04249375e-02,1.21053792e-02,1.40084085e-02,1.61080126e-02,1.83448200e-02,2.06268592e-02,2.28361351e-02,2.48433650e-02,2.65314921e-02,2.78239402e-02,2.87072286e-02,2.92341390e-02,2.95000325e-02,2.96015179e-02,2.95990740e-02,2.95212820e-02,2.93353939e-02,2.90019576e-02,2.84746189e-02,2.77053830e-02,2.66378399e-02,2.51987901e-02,2.33053672e-02,2.08956256e-02,1.79720749e-02,1.46326967e-02,1.10667836e-02,7.51405676e-03,4.20280471e-03,1.28347505e-03,-1.22349759e-03,-3.44102274e-03,-5.58964939e-03,-7.90692347e-03,-1.05628901e-02,-1.35936163e-02,-1.68711708e-02,-2.01270942e-02,-2.30329001e-02,-2.53056345e-02,-2.67798856e-02,-2.74209117e-02
2.54860035e-02,2.39883167e-02,2.19075142e-02,1.90440427e-02,1.51887349e-02,1.02180788e-02,4.20789701e-03,-2.49691524e-03,-9.33011150e-03,-1.57418727e-02,-2.13965391e-02,-2.62284599e-02,-3.03716669e-02,-3.40494923e-02,-3.74819831e-02,-4.08239226e-02,-4.41310200e-02,-4.73560742e-02,-5.03779173e-02,-5.30540191e-02,-5.52723107e-02,-5.69770159e-02,-5.81614607e-02,-5.88452175e-02,-5.90867330e-02,-5.89903334e-02,-5.84211834e-02,-5.74610242e-02,-5.61784877e-02,-5.46820523e-02,-5.31163533e-02,-5.16429030e-02,-5.04037337e-02,-4.94758830e-02,-4.88379212e-02,-4.83735901e-02,-4.79052927e-02,-4.72207508e-02,-4.61250631e-02,-4.44974917e-02,-4.22926095e-02,-3.95162403e-02,-3.62050889e-02,-3.24180039e-02,-2.82345173e-02,-2.37533104e-02,-1.90862732e-02,-1.43481518e-02,-9.64443198e-03,-5.06074400e-03,-6.56618416e-04,3.53430787e-03,7.49746932e-03,1.12246782e-02,1.46998758e-02,1.78882825e-02,2.07319314e-02,2.31541423e-02,2.50742217e-02,2.64303578e-02,2.72011443e-02,2.74020597e-02,2.71716246e-02,2.65325899e-02
-2.74875693e-02,-2.74771168e-02,-2.75313566e-02,-2.76068246e-02,-2.76481287e-02,-2.76176519e-02,-2.74613703e-02,-2.71656721e-02,-2.67347348e-02,-2.61930740e-02,-2.55854183e-02,-2.49719923e-02,-2.44161222e-02,-2.39687327e-02,-2.36613825e-02,-2.35161014e-02,-2.35362771e-02,-2.38439387e-02,-2.46277686e-02,-2.61947198e-02,-2.89039839e-02,-3.30092491e-02,-3.84406034e-02,-4.46828448e-02,-5.09249951e-02,-5.64138072e-02,-6.07204448e-02,-6.37672540e-02,-6.57090078e-02,-6.68050361e-02,-6.73339174e-02,-6.75433655e-02,-6.76196053e-02,-6.76791150e-02,-6.78047771e-02,-6.80042092e-02,-6.82033404e-02,-6.83032745e-02,-6.82637164e-02,-6.79008063e-02,-6.71137392e-02,-6.58424216e-02,-6.40715851e-02,-6.18335100e-02,-5.91996996e-02,-5.62654807e-02,-5.31333739e-02,-4.99006929e-02,-4.66545087e-02,-4.34738483e-02,-4.04358602e-02,-3.76207727e-02,-3.51107228e-02,-3.29801701e-02,-3.12798528e-02,-3.00205105e-02,-2.91646619e-02,-2.86324488e-02,-2.83211197e-02,-2.81306325e-02,-2.79841935e-02,-2.78386447e-02,-2.76891010e-02,-2.75609662e-02
-2.80647485e-02,-2.64381757e-02,-2.48923711e-02,-2.35906212e-02,-2.26960300e-02,-2.23204348e-02,-2.24585037e-02,-2.31554340e-02,-2.42201691e-02,-2.53911486e-02,-2.63860694e-02,-2.69756290e-02,-2.70940895e-02,-2.66568851e-02,-2.56864344e-02,-2.42804640e-02,-2.25585738e-02,-2.06495669e-02,-1.86844406e-02,-1.67905408e-02,-1.50847371e-02,-1.36657261e-02,-1.26059936e-02,-1.19434651e-02,-1.16701823e-02,-1.17156344e-02,-1.20078530e-02,-1.24216174e-02,-1.28506897e-02,-1.32392796e-02,-1.36012432e-02,-1.40184110e-02,-1.46277631e-02,-1.56049343e-02,-1.71504961e-02,-1.94713624e-02,-2.27268141e-02,-2.69217848e-02,-3.17959189e-02,-3.68228169e-02,-4.13781092e-02,-4.49670981e-02,-4.73493778e-02,-4.85359254e-02,-4.87978827e-02,-4.82211572e-02,-4.69566344e-02,-4.52651092e-02,-4.33556856e-02,-4.14056641e-02,-3.95655981e-02,-3.79560226e-02,-3.66565397e-02,-3.56933078e-02,-3.50363693e-02,-3.46137562e-02,-3.43359185e-02,-3.41149261e-02,-3.38671284e-02,-3.35062070e-02,-3.29463108e-02,-3.21206202e-02,-3.10042841e-02,-2.96260692e-02
-1.05712446e-02,-8.18948080e-03,-6.07820121e-03,-4.29321342e-03,-2.83783329e-03,-1.66205584e-03,-6.85289024e-04,1.64014038e-04,9.14965944e-04,1.54846120e-03,2.01763516e-03,2.27046052e-03,2.25172031e-03,1.89361516e-03,1.07646677e-03,-3.40148757e-04,-2.46849698e-03,-5.30522547e-03,-8.66876858e-03,-1.22198294e-02,-1.55745678e-02,-1.84367635e-02,-2.06633335e-02,-2.22450756e-02,-2.32430811e-02,-2.37292753e-02,-2.38029303e-02,-2.34381268e-02,-2.26391537e-02,-2.14263111e-02,-1.98494880e-02,-1.79908208e-02,-1.59501877e-02,-1.38246693e-02,-1.16931787e-02,-9.61230601e-03,-7.62262979e-03,-5.76010196e-03,-4.06663598e-03,-2.59664209e-03,-1.41856722e-03,-6.10887523e-04,-2.52280887e-04,-4.10607854e-04,-1.13562598e-03,-2.45962815e-03,-4.39805441e-03,-6.93623318e-03,-9.99671747e-03,-1.34054544e-02,-1.68934810e-02,-2.01527561e-02,-2.29153807e-02,-2.50031414e-02,-2.63278343e-02,-2.68827170e-02,-2.68206574e-02,-2.60537471e-02,-2.47191317e-02,-2.29203595e-02,-2.07592826e-02,-1.83370390e-02,-1.57575930e-02,-1.31308715e-02
4.02719876e-02,4.16905194e-02,4.29270704e-02,4.39920302e-02,4.49072217e-02,4.56935659e-02,4.63548160e-02,4.68642842e-02,4.71557439e-02,4.71074828e-02,4.66761051e-02,4.56075425e-02,4.36354661e-02,4.04492834e-02,3.57677673e-02,2.95171127e-02,2.20459272e-02,1.41601794e-02,6.81412610e-03,6.90739958e-04,-3.94011708e-03,-7.10512365e-03,-8.97444783e-03,-9.76541977e-03,-9.75802117e-03,-9.06191332e-03,-7.80775733e-03,-6.03891569e-03,-3.74560728e-03,-9.01880369e-04,2.49831404e-03,6.41674284e-03,1.07682006e-02,1.54269695e-02,2.02392946e-02,2.50353793e-02,2.96384960e-02,3.38712909e-02,3.75607746e-02,4.05441105e-02,4.26780558e-02,4.38575966e-02,4.39737594e-02,4.33629364e-02,4.19535943e-02,3.99827643e-02,3.77970932e-02,3.57199281e-02,3.39498441e-02,3.25117084e-02,3.12955483e-02,3.01578036e-02,2.90254661e-02,2.79603373e-02,2.71534607e-02,2.68445909e-02,2.71199601e-02,2.79873564e-02,2.93873403e-02,3.11448134e-02,3.30761779e-02,3.50337934e-02,3.69193461e-02,3.86758978e-02
1.03048334e-02,1.08838249e-02,1.13951631e-02,1.19292517e-02,1.25393948e-02,1.32743563e-02,1.42069622e-02,1.54337024e-02,1.70436010e-02,1.90774331e-02,2.15037932e-02,2.42243898e-02,2.71013909e-02,2.99902005e-02,3.27629322e-02,3.53151242e-02,3.75574295e-02,3.94028388e-02,4.07644194e-02,4.15731062e-02,4.17900909e-02,4.15984903e-02,4.10883764e-02,4.04194902e-02,3.97992388e-02,3.93773079e-02,3.92226359e-02,3.92757883e-02,3.94505672e-02,3.96284469e-02,3.95876513e-02,3.91895834e-02,3.81080839e-02,3.59606178e-02,3.23046115e-02,2.67703345e-02,1.93580724e-02,1.07332395e-02,2.10518326e-03,-5.40916511e-03,-1.13142608e-02,-1.56618790e-02,-1.87157485e-02,-2.07614822e-02,-2.20473212e-02,-2.27762808e-02,-2.31010264e-02,-2.31443239e-02,-2.28987714e-02,-2.23254252e-02,-2.13499189e-02,-1.99064651e-02,-1.79750691e-02,-1.55936266e-02,-1.28478966e-02,-9.85131738e-03,-6.72577199e-03,-3.58994022e-03,-5.57291662e-04,2.25929852e-03,4.74680690e-03,6.80828062e-03,8.39232492e-03,9.52327705e-03
-2.29975757e-02,-2.24147223e-02,-2.18034815e-02,-2.11429037e-02,-2.04209041e-02,-1.96508054e-02,-1.88767884e-02,-1.81683903e-02,-1.76089322e-02,-1.72805104e-02,-1.72169725e-02,-1.74595036e-02,-1.79759187e-02,-1.86685308e-02,-1.94048476e-02,-2.00637119e-02,-2.05796579e-02,-2.09589408e-02,-2.12599123e-02,-2.15527967e-02,-2.18736400e-02,-2.21832689e-02,-2.23648681e-02,-2.23226369e-02,-2.18828123e-02,-2.09832778e-02,-1.96234040e-02,-1.78486140e-02,-1.57273432e-02,-1.33472805e-02,-1.08255855e-02,-8.31638545e-03,-6.00130319e-03,-4.05868578e-03,-2.61776484e-03,-1.71464901e-03,-1.27657807e-03,-1.15539285e-03,-1.20356920e-03,-1.33851239e-03,-1.55592249e-03,-1.88956620e-03,-2.35786585e-03,-2.94421137e-03,-3.62332781e-03,-4.40327952e-03,-5.34016655e-03,-6.50954603e-03,-7.95544059e-03,-9.65529056e-03,-1.15268407e-02,-1.34703870e-02,-1.54123528e-02,-1.73167819e-02,-1.91587234e-02,-2.08846698e-02,-2.23975006e-02,-2.35841549e-02,-2.43651781e-02,-2.47296635e-02,-2.47699343e-02,-2.45178356e-02,-2.40859151e-02,-2.35610555e-02
-3.27952676e-02,-3.36735103e-02,-3.43348629e-02,-3.49373276e-02,-3.56649820e-02,-3.66649509e-02,-3.79833926e-02,-3.95519195e-02,-4.12248845e-02,-4.28346802e-02,-4.42358461e-02,-4.53283270e-02,-4.60642187e-02,-4.64463702e-02,-4.65422585e-02,-4.63743052e-02,-4.59428008e-02,-4.52782587e-02,-4.43834253e-02,-4.32620132e-02,-4.19481414e-02,-4.05293976e-02,-3.91533955e-02,-3.80136786e-02,-3.73094835e-02,-3.71222048e-02,-3.75558494e-02,-3.86632710e-02,-4.02721791e-02,-4.21192636e-02,-4.38909973e-02,-4.52908459e-02,-4.61116180e-02,-4.63415362e-02,-4.59737048e-02,-4.49922150e-02,-4.35901174e-02,-4.19493328e-02,-4.02304203e-02,-3.85467026e-02,-3.69473878e-02,-3.54173297e-02,-3.38944024e-02,-3.22998872e-02,-3.05731639e-02,-2.86997168e-02,-2.67237393e-02,-2.47437566e-02,-2.28949088e-02,-2.13222691e-02,-2.01498050e-02,-1.94513389e-02,-1.92157637e-02,-1.93869578e-02,-1.99064753e-02,-2.06767602e-02,-2.16304579e-02,-2.27341474e-02,-2.39824850e-02,-2.53817129e-02,-2.69232291e-02,-2.85545286e-02,-3.01665359e-02,-3.16179587e-02
-3.43307089e-03,-4.40810089e-03,-4.91471079e-03,-4.93333793e-03,-4.44522769e-03,-3.50636924e-03,-2.20745449e-03,-6.63526329e-04,9.96418962e-04,2.63482369e-03,4.11394790e-03,5.30895243e-03,6.12874857e-03,6.53562139e-03,6.55182245e-03,6.28437193e-03,5.85207495e-03,5.43796526e-03,5.23984288e-03,5.43567395e-03,6.14658447e-03,7.43978500e-03,9.29390492e-03,1.16231972e-02,1.43023449e-02,1.71907100e-02,2.01484127e-02,2.30410547e-02,2.57338311e-02,2.80786897e-02,2.99002725e-02,3.09857748e-02,3.10164635e-02,3.00778627e-02,2.78588498e-02,2.44406020e-02,2.01649505e-02,1.55495090e-02,1.11128289e-02,7.22406069e-03,4.07586533e-03,1.74057963e-03,2.20864037e-04,-5.36932169e-04,-6.52624525e-04,-2.92611105e-04,3.43133247e-04,1.06084308e-03,1.71529552e-03,2.24150200e-03,2.66230890e-03,3.05858936e-03,3.51073081e-03,4.04303813e-03,4.60048687e-03,5.06689727e-03,5.30843920e-03,5.21768612e-03,4.74720904e-03,3.87473289e-03,2.63902822e-03,1.13091426e-03,-5.04276437e-04,-2.08476376e-03
-2.07991141e-02,-2.31208908e-02,-2.67288408e-02,-3.14909768e-02,-3.69212911e-02,-4.22777996e-02,-4.68515685e-02,-5.02257236e-02,-5.23221513e-02,-5.32940357e-02,-5.34724861e-02,-5.28961019e-02,-5.16476609e-02,-4.98312513e-02,-4.74947209e-02,-4.46736941e-02,-4.14133662e-02,-3.77785269e-02,-3.38571074e-02,-2.97595544e-02,-2.56148680e-02,-2.15638910e-02,-1.77508303e-02,-1.43146620e-02,-1.13828599e-02,-9.07051625e-03,-7.48745577e-03,-6.74486872e-03,-6.90986845e-03,-8.12631584e-03,-1.03994664e-02,-1.35777521e-02,-1.73013881e-02,-2.10754413e-02,-2.44479396e-02,-2.71602824e-02,-2.91655987e-02,-3.05399511e-02,-3.13753840e-02,-3.17274983e-02,-3.16960190e-02,-3.11671252e-02,-3.01838280e-02,-2.88087805e-02,-2.71508589e-02,-2.53463628e-02,-2.35352459e-02,-2.18433779e-02,-2.03772712e-02,-1.92300284e-02,-1.84874074e-02,-1.82008352e-02,-1.83673584e-02,-1.89811912e-02,-1.98672110e-02,-2.07728069e-02,-2.14384604e-02,-2.17073123e-02,-2.15659822e-02,-2.10390248e-02,-2.03284648e-02,-1.96892777e-02,-1.93858515e-02,-1.96343032e-02
-5.26043585e-02,-5.37500736e-02,-5.44538948e-02,-5.47951457e-02,-5.48694036e-02,-5.46735372e-02,-5.41821733e-02,-5.34517611e-02,-5.25865249e-02,-5.17522941e-02,-5.11434185e-02,-5.08913700e-02,-5.09682688e-02,-5.14491498e-02,-5.20552301e-02,-5.24860559e-02,-5.25836930e-02,-5.21721965e-02,-5.11392526e-02,-4.95882378e-02,-4.76568429e-02,-4.54909883e-02,-4.32165344e-02,-4.09231197e-02,-3.86615538e-02,-3.64544534e-02,-3.43160867e-02,-3.22727811e-02,-3.03741771e-02,-2.86902942e-02,-2.72972152e-02,-2.62594568e-02,-2.56151746e-02,-2.53565951e-02,-2.53977272e-02,-2.57041378e-02,-2.60969747e-02,-2.63796011e-02,-2.64228632e-02,-2.60738950e-02,-2.52610063e-02,-2.40042981e-02,-2.23811399e-02,-2.05100657e-02,-1.85395678e-02,-1.66387772e-02,-1.49847232e-02,-1.37412981e-02,-1.30297888e-02,-1.28661574e-02,-1.32550792e-02,-1.41433167e-02,-1.55021299e-02,-1.73825592e-02,-1.98845713e-02,-2.30575986e-02,-2.68054577e-02,-3.08887841e-02,-3.50276921e-02,-3.90022142e-02,-4.26717110e-02,-4.59373410e-02,-4.87139975e-02,-5.09403003e-02
2.26437462e-02,2.40562467e-02,2.56357002e-02,2.73321824e-02,2.91069361e-02,3.09186401e-02,3.27167087e-02,3.44453764e-02,3.60553975e-02,3.75161571e-02,3.88201339e-02,3.99744257e-02,4.09808962e-02,4.18135721e-02,4.24023877e-02,4.26187752e-02,4.24073035e-02,4.16598886e-02,4.02258784e-02,3.80495240e-02,3.51807979e-02,3.18197162e-02,2.83224605e-02,2.51231313e-02,2.25995817e-02,2.09751802e-02,2.03115810e-02,2.05202600e-02,2.14435409e-02,2.30035136e-02,2.50286997e-02,2.73470208e-02,2.97959024e-02,3.22290684e-02,3.45198045e-02,3.65592425e-02,3.82519123e-02,3.95131511e-02,4.02710508e-02,4.04453657e-02,4.01694422e-02,3.94286517e-02,3.83050547e-02,3.69788907e-02,3.56590161e-02,3.45421272e-02,3.37709924e-02,3.33975037e-02,3.33627668e-02,3.34677887e-02,3.35397311e-02,3.33436805e-02,3.26941205e-02,3.14689396e-02,2.97101708e-02,2.76116650e-02,2.54478878e-02,2.34797561e-02,2.18942812e-02,2.07967488e-02,2.02310408e-02,2.02154454e-02,2.06279757e-02,2.14700556e-02
3.84812073e-02,3.90568347e-02,3.92020806e-02,3.90905808e-02,3.88115329e-02,3.84952020e-02,3.83055270e-02,3.83631051e-02,3.86662093e-02,3.91949600e-02,3.97708350e-02,4.00958399e-02,3.98583473e-02,3.88538999e-02,3.68298821e-02,3.37933028e-02,2.99982979e-02,2.58544500e-02,2.17510411e-02,1.79095904e-02,1.43545003e-02,1.09843664e-02,7.67002972e-03,4.32503510e-03,9.31502187e-04,-2.47302253e-03,-5.83293746e-03,-9.11870380e-03,-1.23530839e-02,-1.56070838e-02,-1.89621231e-02,-2.24534663e-02,-2.60222708e-02,-2.95034673e-02,-3.26632142e-02,-3.52738324e-02,-3.71860673e-02,-3.83560185e-02,-3.88316613e-02,-3.88108996e-02,-3.81982141e-02,-3.71006720e-02,-3.55561533e-02,-3.35939169e-02,-3.12412244e-02,-2.85202603e-02,-2.54417395e-02,-2.20051531e-02,-1.82100221e-02,-1.40730818e-02,-9.64150228e-03,-4.99536652e-03,-2.39506129e-04,4.50986121e-03,9.14209822e-03,1.35672807e-02,1.77236050e-02,2.15787660e-02,2.51220117e-02,2.83479057e-02,3.12381440e-02,3.37512791e-02,3.58281555e-02,3.74130916e-02
-1.52736102e-03,-1.62097287e-03,-1.35692839e-03,-7.59935922e-04,1.43549380e-04,1.32565446e-03,2.75760339e-03,4.40916354e-03,6.24625255e-03,8.22973250e-03,1.03182312e-02,1.24749281e-02,1.46750110e-02,1.69093205e-02,1.91806356e-02,2.14917268e-02,2.38282754e-02,2.61437755e-02,2.83556681e-02,3.03603594e-02,3.20681669e-02,3.34473013e-02,3.45525198e-02,3.55125246e-02,3.64778970e-02,3.75645596e-02,3.88167046e-02,4.01961522e-02,4.15987929e-02,4.28849283e-02,4.39079741e-02,4.45361129e-02,4.46250236e-02,4.42977341e-02,4.34778571e-02,4.22465811e-02,4.07840078e-02,3.92974227e-02,3.79553016e-02,3.68268333e-02,3.58601298e-02,3.49119948e-02,3.38044819e-02,3.23765735e-02,3.05266226e-02,2.82384738e-02,2.55804206e-02,2.26821135e-02,1.97063788e-02,1.68300508e-02,1.42319773e-02,1.20711056e-02,1.04440017e-02,9.33925438e-03,8.62341635e-03,8.07703503e-03,7.46691344e-03,6.61450164e-03,5.44549082e-03,4.01179142e-03,2.46745921e-03,1.00727928e-03,-2.01306718e-04,-1.05761751e-03
-6.01021747e-02,-6.28403178e-02,-6.49455283e-02,-6.63595298e-02,-6.70244625e-02,-6.70782638e-02,-6.62731060e-02,-6.45905773e-02,-6.21561565e-02,-5.91220757e-02,-5.56560422e-02,-5.19124114e-02,-4.80096381e-02,-4.40202409e-02,-3.99743140e-02,-3.58751341e-02,-3.17226870e-02,-2.75385960e-02,-2.33857548e-02,-1.93784829e-02,-1.56820151e-02,-1.25004647e-02,-1.00495736e-02,-8.50825050e-03,-7.93299429e-03,-8.21537659e-03,-9.07917415e-03,-1.00829490e-02,-1.07998667e-02,-1.09875754e-02,-1.05524661e-02,-9.59193974e-03,-8.32502809e-03,-6.98614552e-03,-5.74644216e-03,-4.66565109e-03,-3.69056208e-03,-2.69934834e-03,-1.56787820e-03,-2.23579539e-04,1.33424972e-03,3.04318125e-03,4.80087041e-03,6.48918337e-03,7.99695722e-03,9.23769230e-03,1.01561573e-02,1.07201044e-02,1.09002385e-02,1.06755098e-02,9.98686964e-03,8.74247215e-03,6.82989807e-03,4.09031967e-03,3.15108850e-04,-4.71292435e-03,-1.10902000e-02,-1.86114199e-02,-2.66935050e-02,-3.45714322e-02,-4.16418124e-02,-4.76492600e-02,-5.26253259e-02,-5.67257716e-02
-2.81380290e-02,-2.75434448e-02,-2.68775352e-02,-2.61038360e-02,-2.52101670e-02,-2.42054773e-02,-2.31120581e-02,-2.19552687e-02,-2.07507037e-02,-1.94911273e-02,-1.81391480e-02,-1.66322090e-02,-1.49025464e-02,-1.29073492e-02,-1.06576698e-02,-8.23472557e-03,-5.78888720e-03,-3.52311866e-03,-1.66493011e-03,-4.30848595e-04,1.20647958e-05,-4.19853851e-04,-1.70421910e-03,-3.70407219e-03,-6.17223502e-03,-8.78564974e-03,-1.12222859e-02,-1.32551961e-02,-1.48051606e-02,-1.59222726e-02,-1.67225644e-02,-1.73256847e-02,-1.78214901e-02,-1.82689676e-02,-1.87173522e-02,-1.92346797e-02,-1.99299342e-02,-2.09549385e-02,-2.24704745e-02,-2.45718786e-02,-2.71987832e-02,-3.00902356e-02,-3.28452661e-02,-3.50724922e-02,-3.65289240e-02,-3.71750905e-02,-3.72227108e-02,-3.66935125e-02,-3.58500188e-02,-3.49032600e-02,-3.40240384e-02,-3.33317840e-02,-3.28843030e-02,-3.26703338e-02,-3.26146851e-02,-3.26228024e-02,-3.25873796e-02,-3.23935557e-02,-3.19922682e-02,-3.14074469e-02,-3.07137466e-02,-2.99989025e-02,-2.93266043e-02,-2.87150473e-02
-8.22059892e-03,-8.28092036e-03,-8.07688183e-03,-7.64553207e-03,-7.03922532e-03,-6.29589061e-03,-5.42266434e-03,-4.40141452e-03,-3.21458954e-03,-1.87663018e-03,-4.53291815e-04,9.41272663e-04,2.17078600e-03,3.12291967e-03,3.75728146e-03,4.13663259e-03,4.41892023e-03,4.80419997e-03,5.46964992e-03,6.52128973e-03,7.97553442e-03,9.77474325e-03,1.18166044e-02,1.39798416e-02,1.61401785e-02,1.81800238e-02,1.99986350e-02,2.15257838e-02,2.27341623e-02,2.36406182e-02,2.42905910e-02,2.47326360e-02,2.49982326e-02,2.50956530e-02,2.50331397e-02,2.48050821e-02,2.43840274e-02,2.37493823e-02,2.28782451e-02,2.17587312e-02,2.04068038e-02,1.88701653e-02,1.72106135e-02,1.54773531e-02,1.36953332e-02,1.18762484e-02,1.00332744e-02,8.17803023e-03,6.30565358e-03,4.39795863e-03,2.46003237e-03,5.64072089e-04,-1.14727156e-03,-2.51912310e-03,-3.47046665e-03,-4.03867976e-03,-4.36014783e-03,-4.60752235e-03,-4.92753548e-03,-5.39741261e-03,-6.01309021e-03,-6.70621252e-03,-7.37355780e-03,-7.90730360e-03
7.35629648e-03,8.42191423e-03,9.19754898e-03,9.43421379e-03,9.02436614e-03,7.95408500e-03,6.34506324e-03,4.42118510e-03,2.40159982e-03,4.12943422e-04,-1.54444024e-03,-3.56158690e-03,-5.75151768e-03,-8.20303166e-03,-1.09717030e-02,-1.40757567e-02,-1.74572291e-02,-2.09219816e-02,-2.41317342e-02,-2.66984528e-02,-2.83309153e-02,-2.89634979e-02,-2.87759628e-02,-2.77687191e-02,-2.62451845e-02,-2.44610934e-02,-2.26350869e-02,-2.09397695e-02,-1.94974753e-02,-1.83802910e-02,-1.76100794e-02,-1.71546642e-02,-1.69235665e-02,-1.67800308e-02,-1.65588464e-02,-1.60863675e-02,-1.52405389e-02,-1.39814894e-02,-1.23530962e-02,-1.04637162e-02,-8.45749121e-03,-6.48411368e-03,-4.67039392e-03,-3.09541956e-03,-1.77267996e-03,-6.45543981e-04,3.96722458e-04,1.48157473e-03,2.70432707e-03,4.09260349e-03,5.59653859e-03,7.10370686e-03,8.46731903e-03,9.53506255e-03,1.01718789e-02,1.02757429e-02,9.86349889e-03,8.96643277e-03,7.76843908e-03,6.56071652e-03,5.65873245e-03,5.29692269e-03,5.54268136e-03,6.29901263e-03
-6.39809158e-03,-6.37888803e-03,-6.35163651e-03,-6.26558444e-03,-6.01872419e-03,-5.50103219e-03,-4.64595045e-03,-3.46326509e-03,-2.03946285e-03,-5.09485585e-04,9.86830248e-04,2.35005070e-03,3.55512162e-03,4.65752515e-03,5.76816434e-03,7.00596453e-03,8.45077021e-03,1.01155345e-02,1.19433873e-02,1.38229296e-02,1.56107290e-02,1.71534245e-02,1.83075160e-02,1.89567064e-02,1.90085255e-02,1.85480918e-02,1.75315032e-02,1.60148882e-02,1.40313315e-02,1.15539275e-02,8.50093641e-03,4.77358132e-03,3.11882387e-04,-4.83790507e-03,-1.04431024e-02,-1.60436963e-02,-2.10365984e-02,-2.49040184e-02,-2.74101074e-02,-2.86229037e-02,-2.88706912e-02,-2.83321537e-02,-2.72727344e-02,-2.59138556e-02,-2.44041628e-02,-2.28326169e-02,-2.12366684e-02,-1.96122427e-02,-1.79286756e-02,-1.61490345e-02,-1.42533142e-02,-1.22594679e-02,-1.02363200e-02,-8.30381897e-03,-6.61817634e-03,-5.34054398e-03,-4.59034592e-03,-4.38289219e-03,-4.63023960e-03,-5.13573262e-03,-5.67488094e-03,-6.08712615e-03,-6.31688354e-03,-6.39695606e-03
-2.84413816e-02,-2.89383015e-02,-2.92369754e-02,-2.94361194e-02,-2.95845427e-02,-2.96868129e-02,-2.97236925e-02,-2.96609047e-02,-2.94259556e-02,-2.89603092e-02,-2.82126317e-02,-2.71602257e-02,-2.58271808e-02,-2.42901766e-02,-2.26645352e-02,-2.10723297e-02,-1.96038571e-02,-1.82895114e-02,-1.70971228e-02,-1.59576897e-02,-1.48063551e-02,-1.36165907e-02,-1.24106675e-02,-1.12474381e-02,-1.02021172e-02,-9.35042905e-03,-8.75910500e-03,-8.47661693e-03,-8.49566138e-03,-8.80837886e-03,-9.31154944e-03,-9.83601064e-03,-1.01568931e-02,-1.00899006e-02,-9.41426109e-03,-8.05038265e-03,-6.02993050e-03,-3.48662073e-03,-6.16524216e-04,2.36502143e-03,5.25863136e-03,7.90502994e-03,1.01906610e-02,1.20454535e-02,1.34374579e-02,1.43706727e-02,1.48857754e-02,1.50537014e-02,1.49679265e-02,1.46697049e-02,1.41158856e-02,1.31727640e-02,1.16171123e-02,9.21014315e-03,5.81949565e-03,1.53085884e-03,-3.34422421e-03,-8.39063524e-03,-1.32428039e-02,-1.76152729e-02,-2.12964736e-02,-2.41681440e-02,-2.62319776e-02,-2.75989445e-02
5.17244608e-03,5.67191301e-03,6.38376913e-03,7.25074641e-03,8.24229635e-03,9.31383880e-03,1.03763774e-02,1.12906095e-02,1.18854587e-02,1.19878773e-02,1.15363468e-02,1.04756744e-02,8.90157379e-03,7.04002884e-03,5.20157212e-03,3.70979019e-03,2.82328720e-03,2.68487888e-03,3.29381577e-03,4.57246696e-03,6.36499428e-03,8.47822867e-03,1.06978859e-02,1.27942775e-02,1.45283457e-02,1.56669705e-02,1.60089654e-02,1.55202996e-02,1.41790642e-02,1.20685812e-02,9.37447862e-03,6.29735681e-03,3.03498389e-03,-1.98824918e-04,-3.16394419e-03,-5.63636539e-03,-7.47284212e-03,-8.63931608e-03,-9.18684179e-03,-9.23547579e-03,-8.82361430e-03,-7.99734677e-03,-6.76870829e-03,-5.14262708e-03,-3.13973180e-03,-8.06366795e-04,1.78602249e-03,4.54516189e-03,7.36453265e-03,1.01257579e-02,1.27008317e-02,1.49532945e-02,1.67386313e-02,1.79065185e-02,1.83080631e-02,1.79056453e-02,1.66833853e-02,1.47237213e-02,1.23108108e-02,9.83734605e-03,7.69093742e-03,6.13546859e-03,5.25602234e-03,4.98641982e-03
-1.53727487e-02,-1.33331142e-02,-1.12823602e-02,-9.28525130e-03,-7.46313678e-03,-5.96854370e-03,-4.95697711e-03,-4.54598115e-03,-4.77630579e-03,-5.59336963e-03,-6.78876459e-03,-8.04611553e-03,-9.01728673e-03,-9.43247352e-03,-9.16393709e-03,-8.14658846e-03,-6.46984342e-03,-4.28046629e-03,-1.74293524e-03,9.87591584e-04,3.77478900e-03,6.49881907e-03,9.03977566e-03,1.12589198e-02,1.29849167e-02,1.40097501e-02,1.40789807e-02,1.31137490e-02,1.08230789e-02,7.08444718e-03,1.90264744e-03,-4.49747263e-03,-1.15694531e-02,-1.85578650e-02,-2.47764623e-02,-2.98659036e-02,-3.38281568e-02,-3.68955334e-02,-3.93734724e-02,-4.15245285e-02,-4.35023355e-02,-4.53400446e-02,-4.70000890e-02,-4.84551904e-02,-4.97391520e-02,-5.09334142e-02,-5.21023782e-02,-5.32129034e-02,-5.40925448e-02,-5.45091164e-02,-5.44320673e-02,-5.34748411e-02,-5.16290361e-02,-4.89935770e-02,-4.57450308e-02,-4.20932089e-02,-3.82514075e-02,-3.44176973e-02,-3.07614005e-02,-2.74092253e-02,-2.44299874e-02,-2.18231123e-02,-1.95205624e-02,-1.74094832e-02
3.74096240e-02,3.89056100e-02,4.07016154e-02,4.28828331e-02,4.54705358e-02,4.84047165e-02,5.15424220e-02,5.46666838e-02,5.74999220e-02,5.97189964e-02,6.09797232e-02,6.09625228e-02,5.99814037e-02,5.77872812e-02,5.46483268e-02,5.10503688e-02,4.74603136e-02,4.41283365e-02,4.10403595e-02,3.80236379e-02,3.49054463e-02,3.16308102e-02,2.82846622e-02,2.50092934e-02,2.18877069e-02,1.88933513e-02,1.59301611e-02,1.29070552e-02,9.79076029e-03,6.61963276e-03,3.48545756e-03,4.93385853e-04,-2.28634200e-03,-4.84924306e-03,-7.23989743e-03,-9.49257642e-03,-1.15662506e-02,-1.33195731e-02,-1.45510179e-02,-1.50966065e-02,-1.49461701e-02,-1.40276498e-02,-1.24576916e-02,-1.03722709e-02,-7.90925366e-03,-5.19353765e-03,-2.32825136e-03,6.09567954e-04,3.56807226e-03,6.51547186e-03,9.43124386e-03,1.22987112e-02,1.50999708e-02,1.78122794e-02,2.04061262e-02,2.28472831e-02,2.51043677e-02,2.71589917e-02,2.90117162e-02,3.06792736e-02,3.21864208e-02,3.35617342e-02,3.48439144e-02,3.60951865e-02
2.23821901e-02,2.27426141e-02,2.25831356e-02,2.19216097e-02,2.07877791e-02,1.93720954e-02,1.79430924e-02,1.67622666e-02,1.59923536e-02,1.56480587e-02,1.56122487e-02,1.56858533e-02,1.56950866e-02,1.54985921e-02,1.49983488e-02,1.41767605e-02,1.30880684e-02,1.18372346e-02,1.05491520e-02,9.33673144e-03,8.27878319e-03,7.41467111e-03,6.75529163e-03,6.30225589e-03,6.06155540e-03,6.03966982e-03,6.20187473e-03,6.48157147e-03,6.73583821e-03,6.78104557e-03,6.46736565e-03,5.69841780e-03,4.49136939e-03,2.96318852e-03,1.26585960e-03,-5.02072856e-04,-2.36681310e-03,-4.49901959e-03,-7.16609661e-03,-1.06105410e-02,-1.48614864e-02,-1.95733004e-02,-2.40683595e-02,-2.76289181e-02,-2.98080421e-02,-3.05837774e-02,-3.01898882e-02,-2.86388577e-02,-2.62460289e-02,-2.32306020e-02,-1.97518020e-02,-1.59274895e-02,-1.18540203e-02,-7.62580447e-03,-3.34951403e-03,8.51694714e-04,4.84414385e-03,8.50492795e-03,1.17440615e-02,1.45212427e-02,1.68485157e-02,1.87719377e-02,2.03369018e-02,2.15537285e-02
3.07934427e-02,3.08974054e-02,3.13545985e-02,3.22316585e-02,3.35061024e-02,3.50903558e-02,3.68462492e-02,3.86121983e-02,4.02356309e-02,4.16020087e-02,4.26543817e-02,4.33977060e-02,4.38816892e-02,4.41602289e-02,4.42270408e-02,4.40564913e-02,4.34799197e-02,4.22548790e-02,4.01492758e-02,3.70554036e-02,3.31282662e-02,2.88335500e-02,2.48172068e-02,2.16589793e-02,1.96896727e-02,1.89699336e-02,1.92990422e-02,2.04467375e-02,2.22402805e-02,2.44582328e-02,2.69265889e-02,2.95112312e-02,3.21013899e-02,3.45961502e-02,3.69003415e-02,3.89328851e-02,4.06448850e-02,4.20370727e-02,4.31614082e-02,4.40978984e-02,4.49154910e-02,4.56373108e-02,4.62245656e-02,4.65839918e-02,4.65686390e-02,4.62029088e-02,4.53502491e-02,4.40177657e-02,4.23140216e-02,4.04371700e-02,3.86345755e-02,3.71326121e-02,3.60660399e-02,3.54422152e-02,3.51537984e-02,3.50267151e-02,3.48974458e-02,3.46525476e-02,3.42238392e-02,3.36133124e-02,3.28875526e-02,3.21466747e-02,3.14922801e-02,3.10132775e-02
2.03199519e-02,2.07743773e-02,2.13771867e-02,2.20866307e-02,2.27800497e-02,2.32940317e-02,2.34602249e-02,2.32025235e-02,2.24325032e-02,2.10868596e-02,1.91623326e-02,1.66995148e-02,1.38056389e-02,1.06835248e-02,7.62673914e-03,4.94549126e-03,2.84532031e-03,1.34352808e-03,2.88435617e-04,-5.38218315e-04,-1.30750079e-03,-2.08168499e-03,-2.82973655e-03,-3.48961681e-03,-4.02044278e-03,-4.40822147e-03,-4.63679294e-03,-4.67353402e-03,-4.45962976e-03,-3.95805872e-03,-3.18601485e-03,-2.22508298e-03,-1.20872538e-03,-3.01431576e-04,3.17183419e-04,4.61326862e-04,-4.36097307e-05,-1.33443205e-03,-3.44022305e-03,-6.21046264e-03,-9.29352376e-03,-1.22294012e-02,-1.46172074e-02,-1.62366297e-02,-1.70577818e-02,-1.72206499e-02,-1.68075038e-02,-1.59424168e-02,-1.47112820e-02,-1.31447414e-02,-1.12318771e-02,-8.94456677e-03,-6.26693085e-03,-3.22027187e-03,1.23656999e-04,3.64078227e-03,7.16432074e-03,1.05025011e-02,1.34615000e-02,1.58791964e-02,1.76660374e-02,1.88398507e-02,1.95330248e-02,1.99556367e-02
3.32553555e-02,3.11016361e-02,2.89477445e-02,2.71995148e-02,2.61108537e-02,2.57492966e-02,2.59622218e-02,2.66270065e-02,2.76521507e-02,2.89436792e-02,3.04645990e-02,3.22154145e-02,3.42039568e-02,3.64209993e-02,3.88273677e-02,4.13519350e-02,4.38968486e-02,4.63470276e-02,4.85831246e-02,5.04977664e-02,5.20126894e-02,5.30912769e-02,5.37404910e-02,5.39962166e-02,5.39609480e-02,5.37393485e-02,5.33561309e-02,5.28841260e-02,5.23685632e-02,5.18028067e-02,5.11234869e-02,5.02184434e-02,4.89443414e-02,4.71566613e-02,4.47540784e-02,4.17322177e-02,3.82274914e-02,3.45125319e-02,3.09144092e-02,2.76909279e-02,2.49556619e-02,2.27027315e-02,2.08929822e-02,1.95293088e-02,1.86778066e-02,1.84376284e-02,1.87958752e-02,1.97456979e-02,2.11891944e-02,2.29423500e-02,2.48029624e-02,2.65908561e-02,2.81788244e-02,2.95125803e-02,3.06156675e-02,3.15725305e-02,3.24888195e-02,3.34424238e-02,3.44412847e-02,3.53983558e-02,3.61312358e-02,3.63776524e-02,3.60357888e-02,3.49906121e-02
-1.07751185e-02,-6.81806791e-03,-2.69872610e-03,1.57830037e-03,5.99561431e-03,1.05180445e-02,1.50910865e-02,1.96426365e-02,2.40859863e-02,2.83213137e-02,3.22340301e-02,3.56905456e-02,3.85338798e-02,4.05820073e-02,4.16317090e-02,4.14929637e-02,4.02695644e-02,3.76420575e-02,3.35597529e-02,2.80736805e-02,2.13264515e-02,1.35972637e-02,5.39213901e-03,-2.53502021e-03,-9.37125894e-03,-1.46422255e-02,-1.83211595e-02,-2.06892531e-02,-2.21385373e-02,-2.30444742e-02,-2.37206072e-02,-2.44252794e-02,-2.53794407e-02,-2.67561588e-02,-2.86452444e-02,-3.10156723e-02,-3.37075027e-02,-3.64757866e-02,-3.90744326e-02,-4.13373371e-02,-4.32158592e-02,-4.47618375e-02,-4.60751391e-02,-4.72437715e-02,-4.82978593e-02,-4.91932387e-02,-4.98320284e-02,-5.01198206e-02,-5.00940946e-02,-4.95868014e-02,-4.86322432e-02,-4.72776273e-02,-4.55872699e-02,-4.36271522e-02,-4.14531014e-02,-3.91030345e-02,-3.65956393e-02,-3.39348716e-02,-3.11170322e-02,-2.81369514e-02,-2.49915135e-02,-2.16805947e-02,-1.82062282e-02,-1.45707855e-02
1.73934047e-02,1.82704689e-02,1.82425425e-02,1.73203227e-02,1.53948102e-02,1.27282821e-02,9.80351779e-03,7.16814503e-03,5.24334019e-03,4.22477093e-03,4.10673975e-03,4.72480435e-03,5.91707837e-03,7.49469053e-03,9.30250525e-03,1.12253754e-02,1.31741999e-02,1.50590675e-02,1.67603214e-02,1.81098301e-02,1.88885213e-02,1.88263948e-02,1.78657665e-02,1.57897990e-02,1.26846277e-02,8.88345617e-03,4.91014556e-03,1.30821983e-03,-1.54053126e-03,-3.48962222e-03,-4.59382935e-03,-5.02217361e-03,-4.99118060e-03,-4.68954995e-03,-4.28657588e-03,-3.89720465e-03,-3.57976237e-03,-3.33656286e-03,-3.12048854e-03,-2.85110478e-03,-2.44249546e-03,-1.83793356e-03,-1.03658071e-03,-1.01406628e-04,8.53353770e-04,1.69112009e-03,2.29082464e-03,2.58198509e-03,2.56574567e-03,2.31808195e-03,1.94667295e-03,1.57641528e-03,1.31735320e-03,1.25958323e-03,1.47278239e-03,2.00966215e-03,2.89906656e-03,4.14312820e-03,5.71813432e-03,7.57545595e-03,9.64026886e-03,1.18083245e-02,1.39428798e-02,1.58729387e-02
3.55302995e-02,3.66063527e-02,3.78459703e-02,3.91182068e-02,4.02984413e-02,4.12646097e-02,4.18826482e-02,4.19201523e-02,4.13907661e-02,3.99318857e-02,3.72351019e-02,3.29967704e-02,2.69960107e-02,1.92582704e-02,1.02125899e-02,6.71794072e-04,-8.45742389e-03,-1.65869276e-02,-2.35776887e-02,-2.95586829e-02,-3.46906845e-02,-3.90116844e-02,-4.24278803e-02,-4.48179123e-02,-4.61530973e-02,-4.65893891e-02,-4.63508507e-02,-4.54368802e-02,-4.40850144e-02,-4.24023044e-02,-4.04280720e-02,-3.81652419e-02,-3.56109976e-02,-3.27760160e-02,-2.96862978e-02,-2.63735954e-02,-2.28658070e-02,-1.91849240e-02,-1.53528196e-02,-1.14000456e-02,-7.37183774e-03,-3.32761145e-03,6.66636304e-04,4.55021938e-03,8.28185773e-03,1.18460532e-02,1.52499207e-02,1.85115327e-02,2.16437237e-02,2.46391602e-02,2.74614809e-02,3.00449614e-02,3.23028419e-02,3.41427664e-02,3.54864354e-02,3.62879904e-02,3.65355196e-02,3.63745231e-02,3.59005654e-02,3.52528925e-02,3.46516348e-02,3.43018817e-02,3.43456486e-02,3.47452253e-02
2.89786933e-02,3.17341932e-02,3.42040863e-02,3.63052386e-02,3.79804038e-02,3.91948173e-02,3.99208658e-02,4.00991256e-02,3.98378151e-02,3.91105030e-02,3.79839967e-02,3.66657589e-02,3.54448099e-02,3.46290269e-02,3.45151598e-02,3.50178398e-02,3.62388656e-02,3.80775808e-02,4.03481286e-02,4.28553697e-02,4.54231528e-02,4.79064700e-02,5.01922141e-02,5.21928159e-02,5.38369837e-02,5.50613655e-02,5.58065484e-02,5.59696931e-02,5.56968963e-02,5.49049578e-02,5.35727505e-02,5.17721651e-02,4.96208855e-02,4.72744530e-02,4.49108033e-02,4.27013911e-02,4.07770261e-02,3.91969195e-02,3.79263935e-02,3.68311597e-02,3.56975297e-02,3.42687769e-02,3.22837845e-02,2.95262078e-02,2.58805618e-02,2.13887705e-02,1.63035971e-02,1.11000389e-02,6.37654230e-03,2.65481743e-03,2.13588185e-04,-9.27737560e-04,-9.42512925e-04,-4.70322546e-05,1.52579209e-03,3.57506724e-03,5.94500015e-03,8.52443990e-03,1.12440584e-02,1.40683480e-02,1.69817698e-02,1.99709071e-02,2.30073691e-02,2.60369519e-02
-1.79817971e-02,-2.11147459e-02,-2.47369788e-02,-2.89802462e-02,-3.37664563e-02,-3.87889320e-02,-4.36231847e-02,-4.78845354e-02,-5.13197734e-02,-5.38133352e-02,-5.53608648e-02,-5.60569378e-02,-5.61519892e-02,-5.56465631e-02,-5.47200701e-02,-5.35618793e-02,-5.23249666e-02,-5.11330151e-02,-5.00802794e-02,-4.92217190e-02,-4.85590278e-02,-4.80356973e-02,-4.75481246e-02,-4.69639442e-02,-4.61478592e-02,-4.49962881e-02,-4.34553528e-02,-4.15170108e-02,-3.92080094e-02,-3.65816280e-02,-3.37135783e-02,-3.06988368e-02,-2.76456524e-02,-2.46643615e-02,-2.18507524e-02,-1.92666349e-02,-1.69237390e-02,-1.47789420e-02,-1.27461314e-02,-1.07226269e-02,-8.62057802e-03,-6.39142579e-03,-4.03624748e-03,-1.60248390e-03,8.27953144e-04,3.15275851e-03,5.26460551e-03,7.06008654e-03,8.44598082e-03,9.34765876e-03,9.72242126e-03,9.58362070e-03,8.99823796e-03,8.02562177e-03,6.74597012e-03,5.20270311e-03,3.39869276e-03,1.31462524e-03,-1.06152785e-03,-3.70358603e-03,-6.53140332e-03,-9.42770267e-03,-1.22925074e-02,-1.51093387e-02
5.50365883e-02,5.01545345e-02,4.45610129e-02,3.85608734e-02,3.24605013e-02,2.65076807e-02,2.08920099e-02,1.57941241e-02,1.14263097e-02,8.01142238e-03,5.71242846e-03,4.58013856e-03,4.56269521e-03,5.48611580e-03,7.22010570e-03,9.57180580e-03,1.23523690e-02,1.53763313e-02,1.84623287e-02,2.14338901e-02,2.41232955e-02,2.63817078e-02,2.80949718e-02,2.91980260e-02,2.96777206e-02,2.95889115e-02,2.90492466e-02,2.80753733e-02,2.68054758e-02,2.54420463e-02,2.42435263e-02,2.34798845e-02,2.33893741e-02,2.39137315e-02,2.51070703e-02,2.68369515e-02,2.89058614e-02,3.11119927e-02,3.32839907e-02,3.53065179e-02,3.71323792e-02,3.87769291e-02,4.02963267e-02,4.17590897e-02,4.32231449e-02,4.47255578e-02,4.62843300e-02,4.79059625e-02,4.95914850e-02,5.13377565e-02,5.31359480e-02,5.49702722e-02,5.68172424e-02,5.86434326e-02,6.04011130e-02,6.20245433e-02,6.34306577e-02,6.45244798e-02,6.52064098e-02,6.52959868e-02,6.49266670e-02,6.38573519e-02,6.19143901e-02,5.89859541e-02
-4.30453386e-02,-4.19959474e-02,-4.04848380e-02,-3.86991298e-02,-3.67837779e-02,-3.48547916e-02,-3.30075754e-02,-3.13265978e-02,-2.98939420e-02,-2.87909080e-02,-2.80874498e-02,-2.78066841e-02,-2.78860543e-02,-2.83458030e-02,-2.90652811e-02,-2.99470308e-02,-3.09253938e-02,-3.19656439e-02,-3.30399170e-02,-3.40966026e-02,-3.50476453e-02,-3.57856363e-02,-3.62221792e-02,-3.63486003e-02,-3.61658776e-02,-3.56850336e-02,-3.50042030e-02,-3.42217003e-02,-3.34200383e-02,-3.26447351e-02,-3.18904675e-02,-3.11034246e-02,-3.02003684e-02,-2.90980166e-02,-2.77406701e-02,-2.61145824e-02,-2.42491411e-02,-2.22117389e-02,-2.00997679e-02,-1.80281187e-02,-1.61097845e-02,-1.44304357e-02,-1.30227583e-02,-1.18506866e-02,-1.08137746e-02,-9.77444891e-03,-8.60080284e-03,-7.21074116e-03,-5.60194461e-03,-3.86432635e-03,-2.18352854e-03,-8.42513344e-04,-2.16245120e-04,-7.50860127e-04,-2.88541239e-03,-6.91052450e-03,-1.27414075e-02,-1.97568713e-02,-2.69233518e-02,-3.32194837e-02,-3.80206130e-02,-4.11696968e-02,-4.28267816e-02,-4.33441972e-02
2.60762686e-02,2.82205999e-02,3.04026409e-02,3.25946558e-02,3.47368604e-02,3.67385648e-02,3.84853943e-02,3.98540053e-02,4.07299792e-02,4.10010177e-02,4.07396720e-02,3.99013121e-02,3.84120542e-02,3.62406454e-02,3.33510882e-02,2.97523284e-02,2.55855511e-02,2.11831179e-02,1.70235412e-02,1.35705800e-02,1.10976751e-02,9.62165856e-03,8.96417097e-03,8.86915191e-03,9.06907522e-03,9.39551235e-03,9.70737898e-03,9.91293429e-03,9.96371489e-03,9.87270346e-03,9.68377153e-03,9.47719725e-03,9.32237491e-03,9.22530916e-03,9.10553791e-03,8.82245117e-03,8.21876757e-03,7.19231217e-03,5.75197282e-03,4.01286205e-03,2.12874833e-03,2.15704484e-04,-1.67090429e-03,-3.49614030e-03,-5.18606865e-03,-6.60447543e-03,-7.58562633e-03,-8.00441146e-03,-7.82909494e-03,-7.04700949e-03,-5.73447603e-03,-3.98787411e-03,-1.90884485e-03,4.04616348e-04,2.86418649e-03,5.39722690e-03,7.94720932e-03,1.04697830e-02,1.29293493e-02,1.53002235e-02,1.75719405e-02,1.97537160e-02,2.18731683e-02,2.39683976e-02
-4.18886909e-03,-4.16558777e-03,-3.70226254e-03,-2.84527693e-03,-1.64766441e-03,-1.51354463e-04,1.62450825e-03,3.67641511e-03,5.99362704e-03,8.53653814e-03,1.12322531e-02,1.39901198e-02,1.67279285e-02,1.93946239e-02,2.19786738e-02,2.44999882e-02,2.69926652e-02,2.94898375e-02,3.20177692e-02,3.45976161e-02,3.72467669e-02,3.99725656e-02,4.27586197e-02,4.55515529e-02,4.82582686e-02,5.07598820e-02,5.29412712e-02,5.47275661e-02,5.61127931e-02,5.71643927e-02,5.79958606e-02,5.87199217e-02,5.94079588e-02,6.00690612e-02,6.06508058e-02,6.10635822e-02,6.12019663e-02,6.11062463e-02,6.07856520e-02,6.02558918e-02,5.95795381e-02,5.87841862e-02,5.78221179e-02,5.65603820e-02,5.47974800e-02,5.23150438e-02,4.89725545e-02,4.48171950e-02,4.01307707e-02,3.53409660e-02,3.08322847e-02,2.67979114e-02,2.32265158e-02,1.99861972e-02,1.69196427e-02,1.39070646e-02,1.08981138e-02,7.92213273e-03,5.07539718e-03,2.48374862e-03,2.56347002e-04,-1.54169687e-03,-2.88573491e-03,-3.76955943e-03
4.74306044e-02,4.87397991e-02,4.96161239e-02,4.99317702e-02,4.97053282e-02,4.88640704e-02,4.72311830e-02,4.46781668e-02,4.10605631e-02,3.62513808e-02,3.02679906e-02,2.34506585e-02,1.65212369e-02,1.03411414e-02,5.50295710e-03,2.13300361e-03,5.46061333e-06,-1.24314464e-03,-1.96043339e-03,-2.40048444e-03,-2.69729529e-03,-2.86780130e-03,-2.85091716e-03,-2.54133987e-03,-1.86531327e-03,-8.19139361e-04,5.18931591e-04,2.01003575e-03,3.49765849e-03,4.85015660e-03,5.99175651e-03,6.91406220e-03,7.66596745e-03,8.32764042e-03,8.98034117e-03,9.68254188e-03,1.04550947e-02,1.12742205e-02,1.20740823e-02,1.27639643e-02,1.32624767e-02,1.35414425e-02,1.36602272e-02,1.37654811e-02,1.40326551e-02,1.46341982e-02,1.56829861e-02,1.72018581e-02,1.91291657e-02,2.13435513e-02,2.36920313e-02,2.60146304e-02,2.81676399e-02,3.00493612e-02,3.16263978e-02,3.29486760e-02,3.41370545e-02,3.53417282e-02,3.66924860e-02,3.82608968e-02,4.00437017e-02,4.19706510e-02,4.39288876e-02,4.57901277e-02
-4.37442174e-02,-4.36409279e-02,-4.37626074e-02,-4.41823214e-02,-4.48414797e-02,-4.56221894e-02,-4.63591118e-02,-4.68884830e-02,-4.71125584e-02,-4.70693450e-02,-4.66668191e-02,-4.60104812e-02,-4.51858825e-02,-4.42588173e-02,-4.32578977e-02,-4.21759430e-02,-4.09865414e-02,-3.96678411e-02,-3.82228337e-02,-3.66878748e-02,-3.51295359e-02,-3.36365725e-02,-3.23129224e-02,-3.12709097e-02,-3.06145582e-02,-3.03819027e-02,-3.05487599e-02,-3.10933016e-02,-3.18167935e-02,-3.25071114e-02,-3.29932328e-02,-3.31918605e-02,-3.31167353e-02,-3.26864977e-02,-3.19310589e-02,-3.08837923e-02,-2.96232479e-02,-2.82833458e-02,-2.70375113e-02,-2.60687040e-02,-2.55388031e-02,-2.54847593e-02,-2.60541246e-02,-2.72759656e-02,-2.91392608e-02,-3.16007666e-02,-3.45850619e-02,-3.79698104e-02,-4.15605602e-02,-4.50794087e-02,-4.81969801e-02,-5.06108980e-02,-5.21327078e-02,-5.27495015e-02,-5.27376413e-02,-5.20021929e-02,-5.08656329e-02,-4.95572129e-02,-4.82553739e-02,-4.70721023e-02,-4.60582019e-02,-4.52217472e-02,-4.45536963e-02,-4.40536742e-02
-2.45887129e-02,-2.70979305e-02,-2.95310033e-02,-3.18643802e-02,-3.41616424e-02,-3.65257312e-02,-3.90318286e-02,-4.16694748e-02,-4.43175943e-02,-4.67625437e-02,-4.87504202e-02,-5.00534866e-02,-5.05714574e-02,-5.04478852e-02,-4.94456409e-02,-4.77655960e-02,-4.55645850e-02,-4.29979140e-02,-4.02002868e-02,-3.72847604e-02,-3.43531604e-02,-3.15108951e-02,-2.88781101e-02,-2.65889268e-02,-2.47723058e-02,-2.35135950e-02,-2.28076482e-02,-2.25285387e-02,-2.24508304e-02,-2.23241377e-02,-2.18697080e-02,-2.08957405e-02,-1.93270899e-02,-1.71827137e-02,-1.45400515e-02,-1.15066234e-02,-8.20620424e-03,-4.77724248e-03,-1.37655759e-03,1.81861111e-03,4.61350645e-03,6.81652186e-03,8.26356005e-03,8.85294925e-03,8.60023973e-03,7.63964163e-03,6.16403405e-03,4.45481018e-03,2.75099734e-03,1.17514558e-03,-2.88746095e-04,-1.75409952e-03,-3.34434864e-03,-5.10522283e-03,-6.96882360e-03,-8.79694097e-03,-1.04710895e-02,-1.19581114e-02,-1.33154812e-02,-1.46579745e-02,-1.61194384e-02,-1.78187394e-02,-1.98231428e-02,-2.21149881e-02
-3.78574600e-02,-3.75978675e-02,-3.72496771e-02,-3.67306015e-02,-3.59484192e-02,-3.48357633e-02,-3.33837961e-02,-3.16524585e-02,-2.97549619e-02,-2.78279369e-02,-2.59997611e-02,-2.43655584e-02,-2.29740671e-02,-2.18291524e-02,-2.09054912e-02,-2.01739351e-02,-1.96288295e-02,-1.93063254e-02,-1.92458972e-02,-1.95480259e-02,-2.02878715e-02,-2.14657778e-02,-2.29958798e-02,-2.47124559e-02,-2.64033382e-02,-2.78575151e-02,-2.89131943e-02,-2.94971816e-02,-2.96639187e-02,-2.95077162e-02,-2.92021279e-02,-2.89897240e-02,-2.90122898e-02,-2.94869743e-02,-3.04812982e-02,-3.19654511e-02,-3.38333718e-02,-3.59526634e-02,-3.82136648e-02,-4.05564279e-02,-4.29645416e-02,-4.54325415e-02,-4.79278744e-02,-5.03708693e-02,-5.26420752e-02,-5.46057212e-02,-5.61316132e-02,-5.71101210e-02,-5.74983878e-02,-5.74185639e-02,-5.66475124e-02,-5.53012813e-02,-5.34907944e-02,-5.13589088e-02,-4.90627506e-02,-4.67603821e-02,-4.45997129e-02,-4.27063362e-02,-4.11672721e-02,-4.00139676e-02,-3.92155105e-02,-3.86921515e-02,-3.83457703e-02,-3.80892252e-02
1.27652829e-02,1.36086301e-02,1.43609114e-02,1.49190183e-02,1.51861928e-02,1.51085601e-02,1.47253047e-02,1.41167035e-02,1.34760600e-02,1.30316780e-02,1.29874098e-02,1.33973035e-02,1.43159749e-02,1.56900328e-02,1.74260369e-02,1.94159822e-02,2.15425741e-02,2.36753025e-02,2.56667117e-02,2.73529051e-02,2.85558920e-02,2.90798483e-02,2.87853544e-02,2.75739414e-02,2.52527417e-02,2.18411546e-02,1.75739269e-02,1.29058207e-02,8.39545856e-03,4.51353484e-03,1.50992414e-03,-5.94395813e-04,-1.93935876e-03,-2.75217029e-03,-3.28495399e-03,-3.76905484e-03,-4.38008003e-03,-5.21037302e-03,-6.25649298e-03,-7.42576929e-03,-8.56257044e-03,-9.49562981e-03,-1.00977991e-02,-1.03357627e-02,-1.02732615e-02,-1.00062344e-02,-9.64024053e-03,-9.20851938e-03,-8.65707080e-03,-7.87557296e-03,-6.76032679e-03,-5.26906725e-03,-3.43754141e-03,-1.36349820e-03,8.19372225e-04,2.96220316e-03,4.92270018e-03,6.58921610e-03,7.91053645e-03,8.91606192e-03,9.70623669e-03,1.04096413e-02,1.11311013e-02,1.19199455e-02
-2.89677038e-02,-2.64617912e-02,-2.35919110e-02,-2.03445991e-02,-1.67170228e-02,-1.27242330e-02,-8.40632650e-03,-3.83567029e-03,8.78021298e-04,5.58475051e-03,1.01016037e-02,1.42221564e-02,1.77267004e-02,2.03940658e-02,2.20083539e-02,2.23354670e-02,2.14312764e-02,1.90750131e-02,1.52338573e-02,1.01145624e-02,4.19915298e-03,-1.77990638e-03,-7.03851347e-03,-1.10619000e-02,-1.37087252e-02,-1.51143189e-02,-1.55526788e-02,-1.52538998e-02,-1.43487602e-02,-1.29445913e-02,-1.10966234e-02,-8.84943861e-03,-6.26298671e-03,-3.42355912e-03,-4.43598604e-04,2.54363295e-03,5.39156313e-03,7.94809959e-03,1.00562830e-02,1.15512953e-02,1.22544236e-02,1.19900735e-02,1.06586368e-02,8.09034807e-03,4.30714689e-03,-4.66836431e-04,-5.76256867e-03,-1.09701170e-02,-1.55721168e-02,-1.93240476e-02,-2.22708221e-02,-2.46340797e-02,-2.66769907e-02,-2.86046360e-02,-3.05050045e-02,-3.23301642e-02,-3.39263373e-02,-3.51059480e-02,-3.57321614e-02,-3.58384769e-02,-3.53642229e-02,-3.43657123e-02,-3.29319425e-02,-3.11239500e-02
-4.84791962e-02,-4.85646549e-02,-4.84928142e-02,-4.83274686e-02,-4.82017079e-02,-4.81778906e-02,-4.83195840e-02,-4.86517541e-02,-4.91459957e-02,-4.97586181e-02,-5.04135166e-02,-5.09830898e-02,-5.13061201e-02,-5.13292118e-02,-5.08528386e-02,-4.98110449e-02,-4.82764836e-02,-4.64004550e-02,-4.43875914e-02,-4.24662196e-02,-4.08600701e-02,-3.97590815e-02,-3.92747223e-02,-3.92989301e-02,-3.99511702e-02,-4.10400995e-02,-4.24104963e-02,-4.39307213e-02,-4.54907253e-02,-4.69734096e-02,-4.82397452e-02,-4.91529242e-02,-4.96309191e-02,-4.97258598e-02,-4.94158336e-02,-4.87480068e-02,-4.78299990e-02,-4.67557443e-02,-4.56214307e-02,-4.45352340e-02,-4.36090992e-02,-4.29286121e-02,-4.25148173e-02,-4.23081157e-02,-4.21980007e-02,-4.20653313e-02,-4.17967343e-02,-4.13694561e-02,-4.08745024e-02,-4.04801128e-02,-4.03306172e-02,-4.05162273e-02,-4.11651140e-02,-4.21661627e-02,-4.33171408e-02,-4.43914875e-02,-4.52343255e-02,-4.58127043e-02,-4.61978411e-02,-4.65073732e-02,-4.68524805e-02,-4.72885322e-02,-4.77765807e-02,-4.82083708e-02
-1.04213308e-02,-7.97894601e-03,-5.15037180e-03,-2.06509853e-03,1.13963482e-03,4.32407807e-03,7.35667283e-03,1.01232975e-02,1.25393350e-02,1.45608218e-02,1.61889709e-02,1.74630750e-02,1.84418389e-02,1.91803901e-02,1.97135061e-02,2.00514312e-02,2.01855580e-02,2.01102748e-02,1.98165302e-02,1.92669785e-02,1.84349883e-02,1.72942831e-02,1.58307241e-02,1.40553046e-02,1.20142014e-02,9.79726557e-03,7.54234714e-03,5.42365932e-03,3.61637145e-03,2.24963382e-03,1.37257992e-03,9.48195063e-04,8.72595264e-04,1.00576100e-03,1.20936349e-03,1.36722287e-03,1.40386403e-03,1.29932993e-03,1.09578257e-03,8.98587909e-04,8.43436473e-04,1.03561590e-03,1.49578742e-03,2.13536281e-03,2.76830624e-03,3.14812960e-03,3.02295869e-03,2.22786992e-03,7.12811245e-04,-1.35855396e-03,-3.66562828e-03,-5.87491935e-03,-7.77124042e-03,-9.29758768e-03,-1.05084922e-02,-1.15018189e-02,-1.23692854e-02,-1.31646958e-02,-1.38782535e-02,-1.44219110e-02,-1.46618391e-02,-1.44827491e-02,-1.37285963e-02,-1.23648814e-02
3.52669328e-03,5.35606678e-04,-2.78155533e-03,-6.25413263e-03,-9.52735781e-03,-1.21788394e-02,-1.38752865e-02,-1.45019935e-02,-1.41241884e-02,-1.28191165e-02,-1.08095512e-02,-8.30858127e-03,-5.49766627e-03,-2.51704591e-03,5.32573745e-04,3.58082500e-03,6.57548052e-03,9.46849881e-03,1.22061264e-02,1.47263563e-02,1.69644720e-02,1.88645709e-02,2.03920831e-02,2.15410004e-02,2.23316468e-02,2.28007302e-02,2.29918741e-02,2.29633114e-02,2.27942224e-02,2.25561438e-02,2.23783339e-02,2.24117705e-02,2.27232853e-02,2.34133336e-02,2.44913877e-02,2.59049189e-02,2.75604895e-02,2.93500611e-02,3.11768379e-02,3.29726926e-02,3.47002938e-02,3.63396216e-02,3.78683407e-02,3.92496905e-02,4.04351984e-02,4.13771624e-02,4.20380140e-02,4.23889436e-02,4.23835599e-02,4.20863856e-02,4.13925527e-02,4.02644770e-02,3.86671839e-02,3.65624429e-02,3.39235896e-02,3.07758648e-02,2.72449409e-02,2.35640955e-02,2.00019355e-02,1.67472846e-02,1.38436856e-02,1.12137072e-02,8.72158471e-03,6.21233865e-03
1.19451550e-02,1.11439291e-02,9.80549587e-03,8.05731020e-03,6.02740199e-03,3.81909528e-03,1.53575931e-03,-6.72251612e-04,-2.59162519e-03,-3.99895415e-03,-4.73610091e-03,-4.78865530e-03,-4.17642424e-03,-3.01036165e-03,-1.41310879e-03,4.98207794e-04,2.60987936e-03,4.80049795e-03,6.92927387e-03,8.83771597e-03,1.03736018e-02,1.14361848e-02,1.20261792e-02,1.22698264e-02,1.23914809e-02,1.26206496e-02,1.31369146e-02,1.40361740e-02,1.53124821e-02,1.68827598e-02,1.86255265e-02,2.04173310e-02,2.21612772e-02,2.38060118e-02,2.53520918e-02,2.68410672e-02,2.83269761e-02,2.98393524e-02,3.13527215e-02,3.27760196e-02,3.39678345e-02,3.47714520e-02,3.50470200e-02,3.48300638e-02,3.41354814e-02,3.29853332e-02,3.14519040e-02,2.95619181e-02,2.72947295e-02,2.46357432e-02,2.16440056e-02,1.84837581e-02,1.53938781e-02,1.26205521e-02,1.03631712e-02,8.75403433e-03,7.85585332e-03,7.66094165e-03,8.04813650e-03,8.88297867e-03,9.95398689e-03,1.10143708e-02,1.18209911e-02,1.21681925e-02
-6.64853851e-03,-6.69035253e-03,-6.64751219e-03,-6.52078234e-03,-6.34097864e-03,-6.12909792e-03,-5.87814016e-03,-5.57103060e-03,-5.22880581e-03,-4.95960224e-03,-4.94690144e-03,-5.44094692e-03,-6.64287129e-03,-8.59500729e-03,-1.10993923e-02,-1.37403344e-02,-1.60331795e-02,-1.76107411e-02,-1.83247150e-02,-1.83269263e-02,-1.76408908e-02,-1.64938840e-02,-1.50521955e-02,-1.34300646e-02,-1.17028514e-02,-9.93358729e-03,-8.19683127e-03,-6.58558793e-03,-5.19654707e-03,-4.10035972e-03,-3.31243102e-03,-2.78222983e-03,-2.41106129e-03,-2.09090985e-03,-1.74485591e-03,-1.35234784e-03,-9.50515869e-04,-6.11720129e-04,-4.03896904e-04,-3.47507899e-04,-3.93469342e-04,-4.41030093e-04,-3.96510886e-04,-2.33491314e-04,-1.65604829e-05,1.29777468e-04,8.25847201e-05,-2.23846298e-04,-7.78140750e-04,-1.51052615e-03,-2.33775468e-03,-3.20117546e-03,-4.07507610e-03,-4.94405885e-03,-5.76984306e-03,-6.47696575e-03,-6.97500635e-03,-7.20563281e-03,-7.19125110e-03,-6.99987337e-03,-6.75799075e-03,-6.57916888e-03,-6.51877742e-03,-6.56503401e-03
-4.75279690e-02,-4.52675332e-02,-4.24509306e-02,-3.93021744e-02,-3.60073332e-02,-3.27036181e-02,-2.94814451e-02,-2.63932727e-02,-2.34646541e-02,-2.07049020e-02,-1.81160339e-02,-1.56987274e-02,-1.34538770e-02,-1.13796877e-02,-9.46708860e-03,-7.69810277e-03,-6.05018945e-03,-4.50519231e-03,-3.05782661e-03,-1.71835454e-03,-5.07344744e-04,5.54718409e-04,1.45689028e-03,2.20209875e-03,2.80747271e-03,3.30751706e-03,3.76126792e-03,4.25449675e-03,4.88649884e-03,5.74328314e-03,6.87133863e-03,8.26701102e-03,9.88431049e-03,1.16512778e-02,1.34825185e-02,1.52809294e-02,1.69285159e-02,1.82708461e-02,1.91008114e-02,1.91220823e-02,1.82320884e-02,1.60588162e-02,1.24485322e-02,7.45897080e-03,1.43817443e-03,-4.98525921e-03,-1.10789337e-02,-1.62993739e-02,-2.04236550e-02,-2.35096649e-02,-2.57725592e-02,-2.74832295e-02,-2.89174785e-02,-3.03378416e-02,-3.19795220e-02,-3.40168733e-02,-3.65138096e-02,-3.93866904e-02,-4.24053333e-02,-4.52357710e-02,-4.75105776e-02,-4.89225282e-02,-4.93980678e-02,-4.89961029e-02
-3.87246295e-02,-3.61980902e-02,-3.37273269e-02,-3.13331690e-02,-2.90221549e-02,-2.67874401e-02,-2.46082833e-02,-2.24548759e-02,-2.03001593e-02,-1.81329933e-02,-1.59645576e-02,-1.38245600e-02,-1.17511846e-02,-9.78240145e-03,-7.95429132e-03,-6.30628908e-03,-4.88709808e-03,-3.75276229e-03,-2.95347479e-03,-2.51663990e-03,-2.43417509e-03,-2.69219280e-03,-3.28250312e-03,-4.21834741e-03,-5.51339894e-03,-7.14299889e-03,-9.03304336e-03,-1.11032326e-02,-1.33317436e-02,-1.57756048e-02,-1.85182575e-02,-2.15777041e-02,-2.48412276e-02,-2.80767357e-02,-3.10160163e-02,-3.34554276e-02,-3.53162046e-02,-3.66442627e-02,-3.75673841e-02,-3.82399137e-02,-3.87966375e-02,-3.93207175e-02,-3.98217031e-02,-4.02346465e-02,-4.04592247e-02,-4.04718778e-02,-4.01896634e-02,-3.96895015e-02,-3.91530186e-02,-3.88246925e-02,-3.88307975e-02,-3.94624356e-02,-4.08153342e-02,-4.27897807e-02,-4.50883995e-02,-4.72879170e-02,-4.89738902e-02,-4.98804293e-02,-5.00531044e-02,-4.94003483e-02,-4.79888581e-02,-4.60373725e-02,-4.37417906e-02,-4.12645214e-02
-3.63050543e-02,-3.56092940e-02,-3.46711524e-02,-3.34833680e-02,-3.20114237e-02,-3.02148965e-02,-2.80796975e-02,-2.56475560e-02,-2.30309482e-02,-2.04105485e-02,-1.80186181e-02,-1.61108306e-02,-1.49230685e-02,-1.45633804e-02,-1.50565518e-02,-1.62520625e-02,-1.77872028e-02,-1.92217990e-02,-2.01589749e-02,-2.04050267e-02,-1.98131404e-02,-1.83315185e-02,-1.60376929e-02,-1.30551961e-02,-9.53677471e-03,-5.64966680e-03,-1.56069471e-03,2.57661101e-03,6.62851270e-03,1.04831133e-02,1.40376381e-02,1.71834760e-02,1.97943153e-02,2.17261034e-02,2.28328597e-02,2.29688540e-02,2.23062197e-02,2.08387280e-02,1.88326935e-02,1.66523524e-02,1.46179980e-02,1.28968060e-02,1.14603967e-02,1.01222448e-02,8.62093779e-03,6.70376948e-03,4.18715989e-03,9.83211545e-04,-2.90141039e-03,-7.35800920e-03,-1.21515173e-02,-1.69188927e-02,-2.12632157e-02,-2.49046320e-02,-2.77708183e-02,-2.99697508e-02,-3.16913366e-02,-3.31102608e-02,-3.43277008e-02,-3.53581460e-02,-3.61541417e-02,-3.66521970e-02,-3.68341344e-02,-3.67335794e-02
4.14759808e-02,4.35388516e-02,4.54495117e-02,4.71611329e-02,4.86301209e-02,4.98103920e-02,5.06512093e-02,5.11041407e-02,5.11156077e-02,5.08143332e-02,5.01168144e-02,4.90466541e-02,4.76291291e-02,4.58657518e-02,4.37373455e-02,4.12236253e-02,3.83232592e-02,3.50563335e-02,3.14467785e-02,2.75081943e-02,2.32642671e-02,1.88017901e-02,1.43021118e-02,9.98987187e-03,6.01522331e-03,2.36948999e-03,-1.09179448e-03,-4.54053670e-03,-8.04675176e-03,-1.15151598e-02,-1.47103368e-02,-1.73454962e-02,-1.91745437e-02,-2.00490901e-02,-2.00717889e-02,-1.91565887e-02,-1.74831009e-02,-1.52434828e-02,-1.26441931e-02,-9.88623452e-03,-7.14936062e-03,-4.57792013e-03,-2.26585756e-03,-2.43623899e-04,1.52532537e-03,3.13079586e-03,4.68424709e-03,6.28458966e-03,7.99550174e-03,9.84085200e-03,1.18136998e-02,1.38889162e-02,1.60322890e-02,1.82058170e-02,2.03727969e-02,2.25047723e-02,2.45887149e-02,2.66309698e-02,2.86553477e-02,3.06949040e-02,3.27793598e-02,3.49222226e-02,3.71125167e-02,3.93146062e-02
5.64731841e-02,5.58897930e-02,5.54956577e-02,5.50866762e-02,5.44515460e-02,5.34047003e-02,5.18535182e-02,4.98458668e-02,4.75418084e-02,4.51201593e-02,4.26870022e-02,4.02498066e-02,3.77591362e-02,3.51736690e-02,3.25086163e-02,2.98505239e-02,2.73368259e-02,2.51077822e-02,2.32498174e-02,2.17589768e-02,2.05450216e-02,1.94696540e-02,1.83902627e-02,1.71847678e-02,1.57551854e-02,1.40229972e-02,1.19323113e-02,9.46744169e-03,6.67499793e-03,3.67245935e-03,6.33700163e-04,-2.24272582e-03,-4.77286312e-03,-6.82323121e-03,-8.31965084e-03,-9.22758947e-03,-9.53870232e-03,-9.22779651e-03,-8.22925813e-03,-6.52931547e-03,-4.15820984e-03,-1.19304065e-03,2.26019101e-03,6.08958745e-03,1.01994362e-02,1.45141330e-02,1.89754204e-02,2.35350624e-02,2.81468155e-02,3.27598387e-02,3.73141728e-02,4.17381402e-02,4.59473805e-02,4.98454674e-02,5.33264532e-02,5.62800835e-02,5.86004540e-02,6.01975553e-02,6.10117312e-02,6.10404925e-02,6.06032800e-02,5.96768492e-02,5.85009154e-02,5.73622044e-02
7.44785361e-03,8.21282317e-03,8.40510149e-03,8.19873452e-03,7.76839645e-03,7.30362525e-03,6.95597165e-03,6.81608344e-03,6.91634232e-03,7.24808801e-03,7.77681860e-03,8.43216798e-03,9.12411096e-03,9.75311204e-03,1.02172984e-02,1.04123912e-02,1.02427141e-02,9.62444671e-03,8.46966169e-03,6.74805986e-03,4.48388608e-03,1.75753127e-03,-1.29032993e-03,-4.44059202e-03,-7.39783902e-03,-9.84122088e-03,-1.15221395e-02,-1.23426252e-02,-1.24248062e-02,-1.18543384e-02,-1.08551036e-02,-9.64969564e-03,-8.46018516e-03,-7.52109401e-03,-7.07816672e-03,-7.36012786e-03,-8.65309377e-03,-1.11491390e-02,-1.49147508e-02,-1.97944929e-02,-2.53626496e-02,-3.10026215e-02,-3.61061668e-02,-4.02590501e-02,-4.32901897e-02,-4.51977811e-02,-4.60646790e-02,-4.61457370e-02,-4.53024535e-02,-4.36114553e-02,-4.11777640e-02,-3.81189864e-02,-3.45615654e-02,-3.06325391e-02,-2.64526392e-02,-2.21331080e-02,-1.77758039e-02,-1.34755418e-02,-9.32346657e-03,-5.41007104e-03,-1.82673039e-03,1.33471080e-03,3.98267085e-03,6.03774909e-03
4.49360742e-02,4.03825082e-02,3.47301212e-02,2.86057706e-02,2.26092681e-02,1.71256175e-02,1.23090659e-02,8.17339489e-03,4.67630687e-03,1.74698941e-03,-7.29091131e-04,-2.92810627e-03,-5.07000777e-03,-7.36272811e-03,-9.92213079e-03,-1.26990452e-02,-1.54651736e-02,-1.78917541e-02,-1.96853267e-02,-2.06968667e-02,-2.09862589e-02,-2.06687444e-02,-1.99257448e-02,-1.89736214e-02,-1.79585478e-02,-1.69229671e-02,-1.58008124e-02,-1.44520101e-02,-1.27280068e-02,-1.05381482e-02,-7.88069927e-03,-4.83166737e-03,-1.51132070e-03,1.94912471e-03,5.42736608e-03,8.81958617e-03,1.20358106e-02,1.49985836e-02,1.76515506e-02,1.99780686e-02,2.20177917e-02,2.38622567e-02,2.56203299e-02,2.73676626e-02,2.91074226e-02,3.07633230e-02,3.22107928e-02,3.33356786e-02,3.40976076e-02,3.45687751e-02,3.49175330e-02,3.53333434e-02,3.59790576e-02,3.69611973e-02,3.83048301e-02,3.99632983e-02,4.18483761e-02,4.38535791e-02,4.58555279e-02,4.76930918e-02,4.91329766e-02,4.98272305e-02,4.94984067e-02,4.79885414e-02
2.40968111e-02,2.21954544e-02,2.00135523e-02,1.75555853e-02,1.48539898e-02,1.19403649e-02,8.80911703e-03,5.40956119e-03,1.68831505e-03,-2.32761102e-03,-6.45842278e-03,-1.04077672e-02,-1.38920891e-02,-1.67608720e-02,-1.90178553e-02,-2.07591812e-02,-2.20975405e-02,-2.31196142e-02,-2.38836500e-02,-2.44371762e-02,-2.48280703e-02,-2.50952316e-02,-2.52468286e-02,-2.52713608e-02,-2.50952723e-02,-2.46303245e-02,-2.38159212e-02,-2.26211695e-02,-2.10385315e-02,-1.90722743e-02,-1.67339342e-02,-1.40463489e-02,-1.10508494e-02,-7.81220842e-03,-4.41887890e-03,-9.78194972e-04,2.39233862e-03,5.57581031e-03,8.46793375e-03,1.09797171e-02,1.30348427e-02,1.45648492e-02,1.55127833e-02,1.58571654e-02,1.56912033e-02,1.51834540e-02,1.45740642e-02,1.41607879e-02,1.41786661e-02,1.46581570e-02,1.56429584e-02,1.70589074e-02,1.88054980e-02,2.07683242e-02,2.28168651e-02,2.48028259e-02,2.65664503e-02,2.79522379e-02,2.88310335e-02,2.91167637e-02,2.88903909e-02,2.82031636e-02,2.71195801e-02,2.57361693e-02
2.20333613e-02,2.22515530e-02,2.19065443e-02,2.10619329e-02,1.99396723e-02,1.88591449e-02,1.80897717e-02,1.77590411e-02,1.78249657e-02,1.81488869e-02,1.86152670e-02,1.91122473e-02,1.96013922e-02,2.01026668e-02,2.06512736e-02,2.12534222e-02,2.18601607e-02,2.23695620e-02,2.26565151e-02,2.26177518e-02,2.22816104e-02,2.16780462e-02,2.09636793e-02,2.03202905e-02,1.98826987e-02,1.96976814e-02,1.97188516e-02,1.98444962e-02,1.99673898e-02,1.99410089e-02,1.96832181e-02,1.90843693e-02,1.81005287e-02,1.67265818e-02,1.49726376e-02,1.28526941e-02,1.04025704e-02,7.71671131e-03,4.96618578e-03,2.36754653e-03,1.14711962e-04,-1.67917678e-03,-2.99680981e-03,-3.88706050e-03,-4.41875611e-03,-4.64490883e-03,-4.59595131e-03,-4.25772966e-03,-3.62059250e-03,-2.68756510e-03,-1.48786460e-03,-7.60980608e-05,1.48009138e-03,3.11906195e-03,4.80266324e-03,6.52345600e-03,8.29855340e-03,1.01523311e-02,1.20956730e-02,1.41094330e-02,1.61359942e-02,1.80789173e-02,1.98091480e-02,2.11772992e-02
-4.13129067e-03,-3.59536563e-03,-2.99526178e-03,-2.55400702e-03,-2.46680228e-03,-2.86892335e-03,-3.78398528e-03,-5.12120067e-03,-6.70731806e-03,-8.33972502e-03,-9.83263598e-03,-1.10362918e-02,-1.18362191e-02,-1.21651070e-02,-1.20211323e-02,-1.13882443e-02,-1.03430188e-02,-8.97998384e-03,-7.39199293e-03,-5.65818004e-03,-3.84317992e-03,-1.99941781e-03,-1.62838367e-04,1.65977902e-03,3.50226550e-03,5.43221868e-03,7.52126701e-03,9.80561841e-03,1.22601437e-02,1.48004988e-02,1.73100479e-02,1.96760361e-02,2.18176509e-02,2.36948759e-02,2.52977653e-02,2.66267254e-02,2.76796424e-02,2.84572066e-02,2.89845014e-02,2.93303413e-02,2.95973106e-02,2.98787917e-02,3.02191132e-02,3.05840989e-02,3.08507958e-02,3.08148728e-02,3.03946622e-02,2.94124526e-02,2.78300239e-02,2.57209084e-02,2.32324245e-02,2.05180697e-02,1.76757212e-02,1.47334208e-02,1.16932492e-02,8.60142199e-03,5.58748280e-03,2.83135662e-03,4.81392196e-04,-1.39950420e-03,-2.81588189e-03,-3.78535015e-03,-4.31027299e-03,-4.41133203e-03
5.99300394e-02,6.05365393e-02,6.18422532e-02,6.37445129e-02,6.60528020e-02,6.85365776e-02,7.09427254e-02,7.30025029e-02,7.44402149e-02,7.48880080e-02,7.45122814e-02,7.32177028e-02,7.09208140e-02,6.78434970e-02,6.43417350e-02,6.07758674e-02,5.74083714e-02,5.43617616e-02,5.16511403e-02,4.92586450e-02,4.71941097e-02,4.54995105e-02,4.41947318e-02,4.32107942e-02,4.23757134e-02,4.14687094e-02,4.02851333e-02,3.86899941e-02,3.66552654e-02,3.42490063e-02,3.15833111e-02,2.87700365e-02,2.59207253e-02,2.31783049e-02,2.07363326e-02,1.88150924e-02,1.76064308e-02,1.72303704e-02,1.76378437e-02,1.87910629e-02,2.06182584e-02,2.29941569e-02,2.57946149e-02,2.89003338e-02,3.21953051e-02,3.55682403e-02,3.89204923e-02,4.21786652e-02,4.53050221e-02,4.82973235e-02,5.11741552e-02,5.39499711e-02,5.66098732e-02,5.90938394e-02,6.12956032e-02,6.30766731e-02,6.42913995e-02,6.47906241e-02,6.46605298e-02,6.40361602e-02,6.29527462e-02,6.16754797e-02,6.05448702e-02,5.98881194e-02
-3.02137281e-03,-1.65326867e-03,-6.40258953e-04,-1.54694660e-04,-3.52551784e-04,-1.31643356e-03,-3.00382517e-03,-5.22386876e-03,-7.68634330e-03,-1.01146110e-02,-1.23535726e-02,-1.44022504e-02,-1.63657650e-02,-1.83739403e-02,-2.05155151e-02,-2.28152815e-02,-2.52547135e-02,-2.78114467e-02,-3.04850001e-02,-3.32893687e-02,-3.62159740e-02,-3.91906349e-02,-4.20560252e-02,-4.45973451e-02,-4.65998217e-02,-4.79074449e-02,-4.84700524e-02,-4.84708871e-02,-4.77815816e-02,-4.65986492e-02,-4.50938947e-02,-4.34357346e-02,-4.17727546e-02,-4.02220738e-02,-3.88570732e-02,-3.76967631e-02,-3.67032581e-02,-3.57920259e-02,-3.48527747e-02,-3.37759454e-02,-3.24801958e-02,-3.09331662e-02,-2.91604521e-02,-2.72433869e-02,-2.53070033e-02,-2.34989671e-02,-2.19611280e-02,-2.07972424e-02,-2.00435538e-02,-1.96535520e-02,-1.95095661e-02,-1.94641524e-02,-1.93723966e-02,-1.90946050e-02,-1.85380083e-02,-1.76583891e-02,-1.64596731e-02,-1.49903859e-02,-1.33311182e-02,-1.15714259e-02,-9.78456866e-03,-8.01350536e-03,-6.27735876e-03,-4.59628499e-03
2.14009435e-03,5.01103720e-03,8.36317994e-03,1.21536137e-02,1.63101702e-02,2.07460668e-02,2.53723269e-02,3.01048376e-02,3.48659071e-02,3.95820691e-02,4.41800322e-02,4.85815244e-02,5.26964999e-02,5.64139961e-02,5.95914974e-02,6.20473611e-02,6.35696557e-02,6.38210209e-02,6.31591955e-02,6.13484196e-02,5.84745707e-02,5.49077355e-02,5.11025645e-02,4.74459616e-02,4.41520936e-02,4.12378575e-02,3.85614906e-02,3.58859763e-02,3.29400069e-02,2.94714944e-02,2.53031700e-02,2.03918550e-02,1.48732086e-02,9.06369047e-03,3.40438542e-03,-1.64161470e-03,-5.69994138e-03,-8.59674751e-03,-1.03735297e-02,-1.12406416e-02,-1.15014452e-02,-1.14478259e-02,-1.13408814e-02,-1.13515564e-02,-1.15887808e-02,-1.20519869e-02,-1.26754058e-02,-1.33592157e-02,-1.39946681e-02,-1.44735433e-02,-1.46995452e-02,-1.46310694e-02,-1.41928960e-02,-1.34113671e-02,-1.23585595e-02,-1.11400390e-02,-9.86582280e-03,-8.61930761e-03,-7.43426875e-03,-6.28664110e-03,-5.10234541e-03,-3.77603433e-03,-2.19280100e-03,-2.47364646e-04
-4.80302213e-02,-5.06841570e-02,-5.31313156e-02,-5.52691125e-02,-5.70326748e-02,-5.84056221e-02,-5.94089696e-02,-6.00814085e-02,-6.04644160e-02,-6.06055901e-02,-6.05862641e-02,-6.03566803e-02,-5.99781225e-02,-5.95036628e-02,-5.90180225e-02,-5.86448539e-02,-5.84935830e-02,-5.86094304e-02,-5.91852820e-02,-6.01670896e-02,-6.13979467e-02,-6.26504749e-02,-6.37114887e-02,-6.44408893e-02,-6.47872732e-02,-6.48245475e-02,-6.44533130e-02,-6.36474439e-02,-6.24363956e-02,-6.08767947e-02,-5.90685018e-02,-5.71372504e-02,-5.52029255e-02,-5.33505607e-02,-5.16151956e-02,-4.99841600e-02,-4.84134764e-02,-4.68508761e-02,-4.52570284e-02,-4.36179326e-02,-4.19450267e-02,-4.02652092e-02,-3.86077437e-02,-3.69957655e-02,-3.54463835e-02,-3.39774906e-02,-3.26151356e-02,-3.13953889e-02,-3.03586921e-02,-2.95395875e-02,-2.89575620e-02,-2.86138894e-02,-2.84877759e-02,-2.85461175e-02,-2.88274984e-02,-2.93523047e-02,-3.01770630e-02,-3.13677285e-02,-3.29660322e-02,-3.49603435e-02,-3.72821732e-02,-3.98338206e-02,-4.25239327e-02,-4.52797567e-02
-5.68802387e-02,-5.45266863e-02,-5.24990485e-02,-5.07760358e-02,-4.92656227e-02,-4.78273332e-02,-4.63084441e-02,-4.45850702e-02,-4.25919844e-02,-4.03244102e-02,-3.78154975e-02,-3.51090494e-02,-3.22432860e-02,-2.92494752e-02,-2.61598647e-02,-2.30160461e-02,-1.98710740e-02,-1.67835736e-02,-1.38063867e-02,-1.09742595e-02,-8.29505641e-03,-5.74808544e-03,-3.29158778e-03,-8.78702972e-04,1.52264634e-03,3.91306000e-03,6.25595974e-03,8.48435914e-03,1.05150057e-02,1.22633007e-02,1.36526884e-02,1.46152172e-02,1.50832346e-02,1.49811177e-02,1.42830753e-02,1.28596300e-02,1.06524666e-02,7.65013581e-03,3.91328789e-03,-4.20514130e-04,-5.16625145e-03,-1.01628764e-02,-1.53436252e-02,-2.07569452e-02,-2.65172926e-02,-3.26961916e-02,-3.92076649e-02,-4.57692255e-02,-5.19823055e-02,-5.74805706e-02,-6.20466200e-02,-6.56423180e-02,-6.83621596e-02,-7.03483446e-02,-7.17089314e-02,-7.24836374e-02,-7.27307598e-02,-7.24906245e-02,-7.15015126e-02,-6.98515844e-02,-6.76513071e-02,-6.50669388e-02,-6.22894593e-02,-5.95066058e-02
2.33348409e-02,2.45321338e-02,2.53705929e-02,2.58463080e-02,2.60214805e-02,2.60323446e-02,2.60284463e-02,2.61177484e-02,2.63661797e-02,2.67682314e-02,2.72484829e-02,2.76921965e-02,2.79761525e-02,2.79749416e-02,2.76986796e-02,2.70837919e-02,2.61818531e-02,2.50960615e-02,2.39403255e-02,2.27992340e-02,2.17181604e-02,2.07311405e-02,1.98981709e-02,1.93153768e-02,1.90872662e-02,1.92492959e-02,1.97826006e-02,2.06331744e-02,2.16730323e-02,2.27494833e-02,2.36977031e-02,2.43408757e-02,2.44742631e-02,2.40225995e-02,2.28026840e-02,2.07426098e-02,1.79353820e-02,1.46424240e-02,1.12393354e-02,8.09624820e-03,5.46213567e-03,3.41797325e-03,1.90191026e-03,7.69709391e-04,-1.39292628e-04,-9.43197403e-04,-1.67487541e-03,-2.27284380e-03,-2.61275655e-03,-2.58318987e-03,-2.10371261e-03,-1.18177202e-03,1.17172905e-04,1.70207684e-03,3.48801863e-03,5.41284391e-03,7.43784907e-03,9.53874801e-03,1.16930504e-02,1.38698906e-02,1.60262147e-02,1.81093481e-02,2.00619240e-02,2.18244002e-02
4.99969499e-03,7.25213828e-03,9.74828946e-03,1.23691087e-02,1.49366998e-02,1.72420477e-02,1.90837114e-02,2.03186368e-02,2.09186229e-02,2.09989922e-02,2.08430727e-02,2.06781941e-02,2.07548140e-02,2.11558852e-02,2.19187049e-02,2.29734539e-02,2.42223233e-02,2.55825708e-02,2.70014213e-02,2.84508103e-02,2.99152258e-02,3.13833845e-02,3.28464154e-02,3.42980221e-02,3.57302175e-02,3.71215516e-02,3.84196136e-02,3.95227237e-02,4.02638101e-02,4.03365443e-02,3.97400481e-02,3.81320339e-02,3.53567556e-02,3.14155301e-02,2.64185211e-02,2.05224673e-02,1.39182732e-02,6.91655137e-03,1.74729699e-05,-6.20498721e-03,-1.13822514e-02,-1.54584114e-02,-1.85581997e-02,-2.08186448e-02,-2.23090222e-02,-2.30536888e-02,-2.31660370e-02,-2.26514138e-02,-2.16585136e-02,-2.03560038e-02,-1.88867159e-02,-1.73394432e-02,-1.57433035e-02,-1.40857652e-02,-1.23444268e-02,-1.05172478e-02,-8.63720613e-03,-6.76573550e-03,-4.96960522e-03,-3.29210985e-03,-1.73011973e-03,-2.25693953e-04,1.32343906e-03,3.03453196e-03
-1.08802087e-03,-4.70316424e-04,1.25633694e-04,7.09383249e-04,1.34843039e-03,2.13008936e-03,3.12189092e-03,4.35085329e-03,5.80636669e-03,7.45565381e-03,9.25720720e-03,1.11660379e-02,1.31344573e-02,1.51143691e-02,1.70623080e-02,1.89437652e-02,2.07337325e-02,2.24150557e-02,2.39801333e-02,2.54399284e-02,2.68366742e-02,2.82488542e-02,2.97784314e-02,3.15221223e-02,3.35389953e-02,3.58287252e-02,3.83288497e-02,4.09287526e-02,4.34912309e-02,4.58729769e-02,4.79391982e-02,4.95705740e-02,5.06603633e-02,5.10863566e-02,5.08886954e-02,5.00874124e-02,4.86216293e-02,4.66148275e-02,4.42919023e-02,4.19320737e-02,3.98126252e-02,3.81541039e-02,3.70850643e-02,3.66310598e-02,3.66760614e-02,3.70027817e-02,3.74327146e-02,3.76099247e-02,3.72326506e-02,3.59780899e-02,3.35557528e-02,2.99197109e-02,2.53222318e-02,2.02476473e-02,1.52131235e-02,1.05941720e-02,6.59967279e-03,3.33829699e-03,8.62566188e-04,-8.31265238e-04,-1.80611381e-03,-2.17432380e-03,-2.07745497e-03,-1.66442768e-03
-2.70021858e-02,-2.69731296e-02,-2.62939227e-02,-2.51417717e-02,-2.36674519e-02,-2.20025773e-02,-2.02370201e-02,-1.84112926e-02,-1.65311120e-02,-1.46003837e-02,-1.26580473e-02,-1.08002063e-02,-9.17529220e-03,-7.95065906e-03,-7.25715134e-03,-7.10633312e-03,-7.42061723e-03,-7.98771952e-03,-8.56361704e-03,-8.96620185e-03,-9.11723891e-03,-9.01027728e-03,-8.65557580e-03,-8.08118600e-03,-7.32542631e-03,-6.45495146e-03,-5.56632384e-03,-4.76390290e-03,-4.12736314e-03,-3.69173394e-03,-3.45731652e-03,-3.42029471e-03,-3.62363105e-03,-4.16163088e-03,-5.15520818e-03,-6.69785272e-03,-8.80445603e-03,-1.13888917e-02,-1.42703873e-02,-1.71917729e-02,-1.98454107e-02,-2.19207610e-02,-2.31774861e-02,-2.35672846e-02,-2.31150300e-02,-2.18966825e-02,-2.01584210e-02,-1.81643294e-02,-1.61665545e-02,-1.43819352e-02,-1.29761234e-02,-1.20529150e-02,-1.16460849e-02,-1.16900134e-02,-1.21536868e-02,-1.29477655e-02,-1.40287758e-02,-1.54049334e-02,-1.71043193e-02,-1.91089520e-02,-2.12946061e-02,-2.34264131e-02,-2.52246510e-02,-2.64561714e-02
7.17006059e-03,4.08357595e-03,1.40831174e-03,-7.52241421e-04,-2.33064532e-03,-3.37148719e-03,-4.03130209e-03,-4.50866992e-03,-4.95757227e-03,-5.43269472e-03,-5.89318911e-03,-6.25786851e-03,-6.47052676e-03,-6.53712853e-03,-6.51292001e-03,-6.48372229e-03,-6.52983506e-03,-6.71272427e-03,-7.04402105e-03,-7.47577448e-03,-7.89654144e-03,-8.15020945e-03,-8.11496643e-03,-7.67169017e-03,-6.81839693e-03,-5.63555583e-03,-4.25728583e-03,-2.82210583e-03,-1.42557671e-03,-9.17752156e-05,1.22371442e-03,2.59678349e-03,4.08189251e-03,5.67619368e-03,7.31930383e-03,8.92490969e-03,1.04226650e-02,1.17858733e-02,1.30310481e-02,1.41934654e-02,1.52971405e-02,1.63383650e-02,1.72913398e-02,1.81316266e-02,1.88636112e-02,1.95349740e-02,2.02277462e-02,2.10311476e-02,2.20109426e-02,2.31872876e-02,2.45285409e-02,2.59595126e-02,2.73744329e-02,2.86453156e-02,2.96231899e-02,3.01351497e-02,3.00011890e-02,2.91772126e-02,2.74857478e-02,2.49426988e-02,2.17060749e-02,1.80445270e-02,1.42581491e-02,1.05868960e-02
3.78394989e-02,3.45863756e-02,3.05909548e-02,2.58478086e-02,2.04851069e-02,1.48227990e-02,9.37668495e-03,4.74138541e-03,1.39055361e-03,-4.71786054e-04,-9.29548187e-04,-2.47409118e-04,1.21624930e-03,3.08453864e-03,5.01991099e-03,6.75279958e-03,8.11177440e-03,9.04918145e-03,9.64442937e-03,1.00638833e-02,1.04807005e-02,1.10013391e-02,1.16305386e-02,1.22792612e-02,1.28132292e-02,1.31148646e-02,1.31235300e-02,1.28958728e-02,1.24809498e-02,1.19858841e-02,1.15063180e-02,1.11127963e-02,1.08505478e-02,1.07458230e-02,1.08118884e-02,1.10673191e-02,1.15625222e-02,1.23660406e-02,1.35629784e-02,1.52333650e-02,1.74291436e-02,2.01594559e-02,2.33869718e-02,2.70319297e-02,3.09793317e-02,3.50870258e-02,3.91949381e-02,4.31367180e-02,4.67542110e-02,4.99127220e-02,5.25119207e-02,5.44858361e-02,5.57871033e-02,5.63481562e-02,5.62161571e-02,5.54987136e-02,5.41338657e-02,5.22838222e-02,5.02057475e-02,4.81445657e-02,4.62285897e-02,4.44241928e-02,4.25694982e-02,4.04455381e-02
-2.08632984e-03,-2.52706613e-03,-3.25404722e-03,-4.09727766e-03,-4.90545920e-03,-5.59335242e-03,-6.16566975e-03,-6.71533837e-03,-7.40656248e-03,-8.45144689e-03,-1.00769874e-02,-1.24713413e-02,-1.56927634e-02,-1.95587657e-02,-2.36100492e-02,-2.72516176e-02,-3.00090657e-02,-3.16958370e-02,-3.24043208e-02,-3.24621532e-02,-3.19934622e-02,-3.13296086e-02,-3.07257355e-02,-3.03827782e-02,-3.03636898e-02,-3.08094314e-02,-3.17177799e-02,-3.30352387e-02,-3.46905062e-02,-3.66248422e-02,-3.87897711e-02,-4.11055771e-02,-4.34069143e-02,-4.54281854e-02,-4.68634642e-02,-4.74970708e-02,-4.74478526e-02,-4.64561708e-02,-4.47346040e-02,-4.24842839e-02,-3.99104647e-02,-3.71967104e-02,-3.44970881e-02,-3.19321961e-02,-2.95849227e-02,-2.74972814e-02,-2.56712576e-02,-2.40749762e-02,-2.26528890e-02,-2.13375166e-02,-2.00609354e-02,-1.87650356e-02,-1.74092108e-02,-1.59734374e-02,-1.44556416e-02,-1.28651297e-02,-1.12166577e-02,-9.53006517e-03,-7.83731263e-03,-6.19347771e-03,-4.68394567e-03,-3.41975154e-03,-2.51740028e-03,-2.06674156e-03
3.04030885e-02,3.24163051e-02,3.46888799e-02,3.72089950e-02,3.99461869e-02,4.28567333e-02,4.58948084e-02,4.90204531e-02,5.22009185e-02,5.54068955e-02,5.86068572e-02,6.17618533e-02,6.48214268e-02,6.77199165e-02,7.03715036e-02,7.26622622e-02,7.44380169e-02,7.54940638e-02,7.55351222e-02,7.48487650e-02,7.31027534e-02,7.03207840e-02,6.67177919e-02,6.25541499e-02,5.79855380e-02,5.30077805e-02,4.75568750e-02,4.17095745e-02,3.58448566e-02,3.05960109e-02,2.65657828e-02,2.40419580e-02,2.29522774e-02,2.30124913e-02,2.38210539e-02,2.52532685e-02,2.71049062e-02,2.92224887e-02,3.14658181e-02,3.36870907e-02,3.57385923e-02,3.75020990e-02,3.89232341e-02,4.00283165e-02,4.09070380e-02,4.16668681e-02,4.23868577e-02,4.30907610e-02,4.37385284e-02,4.42255633e-02,4.43579249e-02,4.40500200e-02,4.30782232e-02,4.12424620e-02,3.85221976e-02,3.51635317e-02,3.16811432e-02,2.86816375e-02,2.66052293e-02,2.55872205e-02,2.55349900e-02,2.60939114e-02,2.71882908e-02,2.86525627e-02
-1.56962081e-02,-1.71632138e-02,-1.84236522e-02,-1.95558831e-02,-2.05707225e-02,-2.14120442e-02,-2.19812465e-02,-2.21985765e-02,-2.20267712e-02,-2.13919747e-02,-2.03368225e-02,-1.89282026e-02,-1.72419021e-02,-1.53476993e-02,-1.33066961e-02,-1.11803826e-02,-9.04301762e-03,-6.98720470e-03,-5.11638935e-03,-3.52421812e-03,-2.26667683e-03,-1.33800328e-03,-6.63954650e-04,-1.21145678e-04,4.23498328e-04,1.07383655e-03,1.88796850e-03,2.88996249e-03,4.09659056e-03,5.54075512e-03,7.27721070e-03,9.36700014e-03,1.18496284e-02,1.47185461e-02,1.79113858e-02,2.13162597e-02,2.47883087e-02,2.81703612e-02,3.13147025e-02,3.41045030e-02,3.64712689e-02,3.84009305e-02,3.99211249e-02,4.10695795e-02,4.18544039e-02,4.22196979e-02,4.20826554e-02,4.13914081e-02,3.99482822e-02,3.76728712e-02,3.45878046e-02,3.08285036e-02,2.66210537e-02,2.22261974e-02,1.78665781e-02,1.36647272e-02,9.62505026e-03,5.67915700e-03,1.77418454e-03,-2.05321756e-03,-5.66864175e-03,-8.90949271e-03,-1.16615519e-02,-1.39018295e-02
5.57432581e-02,5.55481404e-02,5.50259647e-02,5.43704081e-02,5.38076951e-02,5.34270556e-02,5.31477270e-02,5.27930681e-02,5.21416688e-02,5.09434595e-02,4.89808658e-02,4.61358647e-02,4.24313106e-02,3.80335464e-02,3.32173357e-02,2.83103525e-02,2.36417738e-02,1.95112230e-02,1.61730108e-02,1.38162063e-02,1.25385240e-02,1.23459719e-02,1.30410369e-02,1.45475107e-02,1.66951556e-02,1.93126549e-02,2.22391075e-02,2.53100585e-02,2.83431801e-02,3.11308617e-02,3.34472111e-02,3.50764430e-02,3.58677964e-02,3.58242300e-02,3.52271226e-02,3.42147489e-02,3.31329925e-02,3.22637921e-02,3.17352764e-02,3.15182247e-02,3.14703212e-02,3.14240198e-02,3.12642603e-02,3.08990244e-02,3.03183523e-02,2.96058606e-02,2.89133645e-02,2.84216378e-02,2.83121012e-02,2.86036479e-02,2.93692334e-02,3.05958301e-02,3.22069221e-02,3.41130999e-02,3.62377564e-02,3.85272747e-02,4.09464182e-02,4.34630955e-02,4.60288150e-02,4.85613692e-02,5.09361116e-02,5.29920352e-02,5.45577744e-02,5.54988145e-02
5.14953836e-03,4.66900644e-03,4.53269602e-03,4.81387597e-03,5.50860741e-03,6.54682179e-03,7.82948703e-03,9.26638013e-03,1.07942901e-02,1.23825146e-02,1.40316025e-02,1.57688552e-02,1.76393517e-02,1.96899784e-02,2.19483173e-02,2.44041904e-02,2.70032069e-02,2.96568493e-02,3.22657589e-02,3.47465847e-02,3.70508109e-02,3.91673598e-02,4.11087518e-02,4.28888589e-02,4.45028528e-02,4.59158497e-02,4.70605946e-02,4.78385232e-02,4.80974824e-02,4.78430127e-02,4.69768647e-02,4.53680495e-02,4.29845072e-02,3.98375532e-02,3.59603133e-02,3.13974871e-02,2.62184527e-02,2.05613868e-02,1.46817038e-02,8.94770860e-03,3.75405360e-03,-5.93575344e-04,-3.93216026e-03,-6.22805751e-03,-7.52650756e-03,-7.94000059e-03,-7.59323046e-03,-6.62500881e-03,-5.21876047e-03,-3.56313831e-03,-1.83847627e-03,-1.98433757e-04,1.24954486e-03,2.46066143e-03,3.45492741e-03,4.29633461e-03,5.05281810e-03,5.75419758e-03,6.36999298e-03,6.81867354e-03,7.00409552e-03,6.87168876e-03,6.44106844e-03,5.80763451e-03
7.40927006e-03,9.50200468e-03,1.09408227e-02,1.16224007e-02,1.15126955e-02,1.07007904e-02,9.23733581e-03,7.30896184e-03,5.15821717e-03,3.04071163e-03,1.15721145e-03,-4.01395785e-04,-1.66649431e-03,-2.76319504e-03,-3.86010468e-03,-5.11674949e-03,-6.63587906e-03,-8.42892989e-03,-1.04055698e-02,-1.23944869e-02,-1.41903414e-02,-1.56055308e-02,-1.65031243e-02,-1.68299529e-02,-1.65883720e-02,-1.57559077e-02,-1.44267263e-02,-1.27445154e-02,-1.08988100e-02,-9.10831363e-03,-7.60079372e-03,-6.59251140e-03,-6.24080155e-03,-6.62545470e-03,-7.69171677e-03,-9.18093193e-03,-1.06969738e-02,-1.18441081e-02,-1.23807249e-02,-1.23295592e-02,-1.17711790e-02,-1.09716203e-02,-1.02004970e-02,-9.67809211e-03,-9.51837306e-03,-9.74859386e-03,-1.02934362e-02,-1.09987075e-02,-1.16966495e-02,-1.22557602e-02,-1.26102019e-02,-1.27596137e-02,-1.27557658e-02,-1.26243785e-02,-1.23705549e-02,-1.19353023e-02,-1.12112597e-02,-1.00832304e-02,-8.47399718e-03,-6.37327524e-03,-3.84397177e-03,-1.01281951e-03,1.94528223e-03,4.82383674e-03
1.90376910e-02,1.75452871e-02,1.60416399e-02,1.43849393e-02,1.22948182e-02,9.37090172e-03,5.12560142e-03,-9.01952003e-04,-8.86358243e-03,-1.82455293e-02,-2.78829255e-02,-3.65080607e-02,-4.33546069e-02,-4.82860379e-02,-5.15615258e-02,-5.35724352e-02,-5.46897614e-02,-5.52103007e-02,-5.53640857e-02,-5.53064026e-02,-5.50628007e-02,-5.47070816e-02,-5.42411370e-02,-5.36288282e-02,-5.28173170e-02,-5.17692765e-02,-5.04959068e-02,-4.90729574e-02,-4.76310320e-02,-4.63239849e-02,-4.52855601e-02,-4.45867931e-02,-4.42084985e-02,-4.40453133e-02,-4.39536083e-02,-4.37730871e-02,-4.33171899e-02,-4.24530045e-02,-4.11157010e-02,-3.93019947e-02,-3.70553513e-02,-3.44476630e-02,-3.15620005e-02,-2.84792347e-02,-2.52687581e-02,-2.19821881e-02,-1.86496123e-02,-1.52794730e-02,-1.18636159e-02,-8.38737877e-03,-4.84178802e-03,-1.23332736e-03,2.41162622e-03,6.04618305e-03,9.60414660e-03,1.29964322e-02,1.61065955e-02,1.87912604e-02,2.08920217e-02,2.22623876e-02,2.28078102e-02,2.25925037e-02,2.17709447e-02,2.05021036e-02
-3.59092828e-02,-3.77301530e-02,-3.87073073e-02,-3.88833313e-02,-3.81457275e-02,-3.65384854e-02,-3.42125755e-02,-3.13208742e-02,-2.80085778e-02,-2.44066903e-02,-2.06282746e-02,-1.67679039e-02,-1.29041001e-02,-9.10364398e-03,-5.42573741e-03,-1.92378309e-03,1.35632937e-03,4.37997178e-03,7.12933686e-03,9.60374297e-03,1.18153845e-02,1.37787990e-02,1.54962516e-02,1.69462716e-02,1.80839865e-02,1.88561820e-02,1.92240650e-02,1.91812186e-02,1.87998171e-02,1.80935378e-02,1.71328518e-02,1.59715415e-02,1.46260303e-02,1.30702413e-02,1.12516187e-02,9.12045172e-03,6.65129314e-03,3.83921153e-03,6.76847710e-04,-2.86001293e-03,-6.79349583e-03,-1.10921348e-02,-1.56146262e-02,-2.00875499e-02,-2.41473432e-02,-2.74380058e-02,-2.97135429e-02,-3.08997921e-02,-3.11696558e-02,-3.06173799e-02,-2.94619511e-02,-2.79858108e-02,-2.64348716e-02,-2.50007560e-02,-2.38171911e-02,-2.29751981e-02,-2.25474369e-02,-2.25295652e-02,-2.30548218e-02,-2.41684717e-02,-2.58840777e-02,-2.81395372e-02,-3.07646329e-02,-3.34736861e-02
3.64971538e-02,3.38596813e-02,3.12304609e-02,2.88910870e-02,2.70160905e-02,2.56564605e-02,2.47658270e-02,2.42423582e-02,2.39692114e-02,2.38481704e-02,2.38264891e-02,2.38917034e-02,2.40937742e-02,2.45106186e-02,2.52233429e-02,2.62858848e-02,2.77007543e-02,2.94136035e-02,3.13277266e-02,3.33305277e-02,3.53193501e-02,3.72156402e-02,3.89634517e-02,4.05175521e-02,4.18325187e-02,4.28628321e-02,4.35755577e-02,4.39667282e-02,4.40554909e-02,4.39523742e-02,4.36713547e-02,4.32202985e-02,4.25752728e-02,4.16470059e-02,4.02895303e-02,3.83369507e-02,3.56763712e-02,3.23520810e-02,2.86555604e-02,2.51130156e-02,2.23152938e-02,2.06808744e-02,2.03494249e-02,2.09997322e-02,2.24556810e-02,2.44094821e-02,2.65698192e-02,2.87330324e-02,3.07811365e-02,3.26645852e-02,3.43760616e-02,3.59227423e-02,3.73067533e-02,3.85204642e-02,3.95557159e-02,4.04173068e-02,4.11263097e-02,4.17041842e-02,4.21426125e-02,4.23712563e-02,4.22657492e-02,4.17374190e-02,4.06082152e-02,3.88280522e-02
7.87804722e-03,7.55526047e-03,7.35354338e-03,7.36430272e-03,7.60329442e-03,8.08559012e-03,8.79995369e-03,9.73674733e-03,1.08896141e-02,1.22557987e-02,1.38351875e-02,1.56242171e-02,1.76031465e-02,1.97209991e-02,2.18854034e-02,2.39619861e-02,2.57833561e-02,2.71653030e-02,2.79258418e-02,2.78770845e-02,2.70662733e-02,2.52830554e-02,2.24815122e-02,1.86651458e-02,1.39213948e-02,8.48790668e-03,2.78911453e-03,-2.62581858e-03,-7.23269301e-03,-1.07009115e-02,-1.29033079e-02,-1.38613899e-02,-1.37930218e-02,-1.27027886e-02,-1.07974388e-02,-8.26954116e-03,-5.30806658e-03,-2.08798827e-03,1.23802697e-03,4.54010105e-03,7.70883321e-03,1.06440695e-02,1.32438972e-02,1.53977775e-02,1.69889633e-02,1.79081842e-02,1.80660067e-02,1.75705422e-02,1.64376211e-02,1.48298790e-02,1.29658445e-02,1.10544237e-02,9.26958884e-03,7.74902000e-03,6.60033546e-03,5.89773710e-03,5.66758900e-03,5.86131259e-03,6.37446842e-03,7.04945927e-03,7.69594429e-03,8.14515360e-03,8.29876181e-03,8.17629146e-03
-3.37718333e-02,-3.59496638e-02,-3.66443163e-02,-3.62175856e-02,-3.47517779e-02,-3.25797592e-02,-2.99355522e-02,-2.70044711e-02,-2.39283356e-02,-2.08045866e-02,-1.76914526e-02,-1.46233815e-02,-1.16341469e-02,-8.77957192e-03,-6.15044965e-03,-3.86985153e-03,-2.07483490e-03,-8.87582034e-04,-3.84105200e-04,-5.74755196e-04,-1.40406885e-03,-2.77080914e-03,-4.55165122e-03,-6.60557878e-03,-8.75899414e-03,-1.07994811e-02,-1.25040660e-02,-1.36916795e-02,-1.42630594e-02,-1.42764933e-02,-1.37059271e-02,-1.26384068e-02,-1.11322383e-02,-9.22127569e-03,-6.92575483e-03,-4.26932554e-03,-1.29297454e-03,1.93750679e-03,5.32783537e-03,8.75910873e-03,1.20921962e-02,1.51789840e-02,1.78792329e-02,2.00790357e-02,2.17026365e-02,2.27087285e-02,2.30680969e-02,2.28112345e-02,2.19340026e-02,2.04204126e-02,1.83840626e-02,1.60385029e-02,1.36546921e-02,1.14724762e-02,9.60796805e-03,7.99296925e-03,6.35693626e-03,4.25083005e-03,1.12145377e-03,-3.51234798e-03,-9.72946769e-03,-1.69299414e-02,-2.39726453e-02,-2.97719917e-02
1.43697480e-02,1.42947513e-02,1.45093353e-02,1.50510040e-02,1.58521976e-02,1.67683306e-02,1.76403013e-02,1.83378829e-02,1.87708181e-02,1.88666743e-02,1.86117775e-02,1.79372228e-02,1.68236793e-02,1.53251786e-02,1.35527847e-02,1.16217930e-02,9.58290111e-03,7.39238215e-03,4.95100751e-03,2.19272015e-03,-8.31948985e-04,-3.93926275e-03,-6.89442550e-03,-9.52114839e-03,-1.17540611e-02,-1.36149203e-02,-1.51498369e-02,-1.63727399e-02,-1.72391890e-02,-1.76600300e-02,-1.76213301e-02,-1.69892832e-02,-1.57872092e-02,-1.40829450e-02,-1.19869778e-02,-9.62366724e-03,-7.10441518e-03,-4.51150437e-03,-1.89465310e-03,7.22195291e-04,3.32785519e-03,5.90772503e-03,8.42730657e-03,1.08196764e-02,1.29820611e-02,1.47858952e-02,1.61019539e-02,1.68366636e-02,1.69608121e-02,1.66329162e-02,1.59700573e-02,1.51911712e-02,1.44954209e-02,1.40007425e-02,1.37432350e-02,1.37113108e-02,1.38460821e-02,1.41179817e-02,1.44609549e-02,1.47890792e-02,1.50082513e-02,1.50406905e-02,1.48994943e-02,1.46295492e-02
3.21986538e-02,3.46282829e-02,3.66494768e-02,3.82470824e-02,3.94653390e-02,4.04018682e-02,4.11798223e-02,4.19063418e-02,4.26353039e-02,4.33440068e-02,4.39298889e-02,4.42316576e-02,4.41247411e-02,4.35992071e-02,4.26106331e-02,4.12976396e-02,3.98986366e-02,3.86594078e-02,3.77391979e-02,3.71560195e-02,3.67850636e-02,3.64119363e-02,3.57939751e-02,3.46724534e-02,3.28289865e-02,3.01692656e-02,2.67919524e-02,2.30035455e-02,1.92465990e-02,1.59571475e-02,1.34220825e-02,1.17061108e-02,1.06633213e-02,1.00031010e-02,9.37944977e-03,8.47675370e-03,7.07309835e-03,5.10866440e-03,2.70947715e-03,1.24221675e-04,-2.40345829e-03,-4.74904041e-03,-6.92176210e-03,-8.98111042e-03,-1.09236287e-02,-1.26175797e-02,-1.38327664e-02,-1.43624147e-02,-1.41475552e-02,-1.31030019e-02,-1.13416506e-02,-9.00859478e-03,-6.25174151e-03,-3.20441371e-03,2.12271974e-05,3.33652859e-03,6.67974802e-03,1.00170716e-02,1.33384274e-02,1.66471432e-02,1.99438815e-02,2.32098293e-02,2.63960566e-02,2.94241276e-02
-2.50474543e-02,-2.69563209e-02,-3.00416691e-02,-3.40507907e-02,-3.84373985e-02,-4.25765389e-02,-4.60387072e-02,-4.87224494e-02,-5.08056195e-02,-5.26195577e-02,-5.45457620e-02,-5.69424963e-02,-6.00581731e-02,-6.39431077e-02,-6.84016434e-02,-7.30160066e-02,-7.72514050e-02,-8.06099672e-02,-8.27716010e-02,-8.36898191e-02,-8.37325693e-02,-8.26246489e-02,-8.06238808e-02,-7.80603870e-02,-7.52110918e-02,-7.23253999e-02,-6.96197350e-02,-6.72634517e-02,-6.53619960e-02,-6.39469426e-02,-6.29838159e-02,-6.23992816e-02,-6.21116289e-02,-6.20334129e-02,-6.21217981e-02,-6.23751874e-02,-6.26881697e-02,-6.29251184e-02,-6.29905958e-02,-6.27684945e-02,-6.20905414e-02,-6.09587511e-02,-5.94303420e-02,-5.75993456e-02,-5.55612448e-02,-5.33882945e-02,-5.11214331e-02,-4.87777843e-02,-4.63680195e-02,-4.39151575e-02,-4.14661136e-02,-3.90902652e-02,-3.68649752e-02,-3.48540572e-02,-3.30887525e-02,-3.15598286e-02,-3.02237862e-02,-2.90193512e-02,-2.78879665e-02,-2.67955765e-02,-2.57573745e-02,-2.48659634e-02,-2.43111324e-02,-2.42556110e-02
-2.13635963e-02,-2.15832263e-02,-2.17417502e-02,-2.16995474e-02,-2.12712724e-02,-2.04022135e-02,-1.91300671e-02,-1.75692697e-02,-1.58750876e-02,-1.42085200e-02,-1.27064465e-02,-1.14593637e-02,-1.04992105e-02,-9.79898250e-03,-9.28359438e-03,-8.84880772e-03,-8.38322375e-03,-7.79192064e-03,-7.02046038e-03,-6.07146267e-03,-5.00761186e-03,-3.93917360e-03,-2.99842137e-03,-2.30764127e-03,-1.95053062e-03,-1.94564926e-03,-2.26528821e-03,-2.82976522e-03,-3.54627876e-03,-4.34678035e-03,-5.22762652e-03,-6.27778093e-03,-7.68400695e-03,-9.70305805e-03,-1.25876512e-02,-1.64581104e-02,-2.11572711e-02,-2.62137277e-02,-3.10275013e-02,-3.51711152e-02,-3.85481067e-02,-4.13208743e-02,-4.37310534e-02,-4.59428386e-02,-4.79611667e-02,-4.96375699e-02,-5.07512304e-02,-5.11755855e-02,-5.09604929e-02,-4.98396427e-02,-4.79720680e-02,-4.55089184e-02,-4.26263663e-02,-3.95032825e-02,-3.63107081e-02,-3.32067645e-02,-3.03307644e-02,-2.77938353e-02,-2.56685605e-02,-2.39844019e-02,-2.27347201e-02,-2.18930294e-02,-2.14250872e-02,-2.12731424e-02
9.48306141e-03,9.42540016e-03,9.14921205e-03,8.65554777e-03,8.05461461e-03,7.50814338e-03,7.15309326e-03,7.04148261e-03,7.11740905e-03,7.27072639e-03,7.37073787e-03,7.31932046e-03,7.09811829e-03,6.75172201e-03,6.39087382e-03,6.13884492e-03,6.07531052e-03,6.18053601e-03,6.34545388e-03,6.36712262e-03,6.02358049e-03,5.11875443e-03,3.55809422e-03,1.38009500e-03,-1.26800370e-03,-4.18380927e-03,-7.15546118e-03,-9.97231365e-03,-1.24383304e-02,-1.44005034e-02,-1.57722158e-02,-1.65313541e-02,-1.67327266e-02,-1.63972130e-02,-1.55486870e-02,-1.42416498e-02,-1.25444554e-02,-1.05485300e-02,-8.36700091e-03,-6.12458576e-03,-3.94077066e-03,-1.90890798e-03,-7.63683875e-05,1.56593155e-03,3.07633293e-03,4.53534557e-03,6.01076679e-03,7.52949048e-03,9.06622692e-03,1.05501969e-02,1.18838198e-02,1.29655359e-02,1.37107570e-02,1.40669051e-02,1.40209280e-02,1.36344817e-02,1.29433335e-02,1.20592313e-02,1.11235036e-02,1.02882040e-02,9.68024694e-03,9.36118124e-03,9.30589270e-03,9.39300113e-03
7.46277857e-04,4.81496706e-06,-6.75824248e-04,-1.19118352e-03,-1.49763617e-03,-1.63368222e-03,-1.73467841e-03,-2.04977282e-03,-2.94354913e-03,-4.86129451e-03,-8.23095190e-03,-1.32666629e-02,-1.97161957e-02,-2.67657278e-02,-3.33247730e-02,-3.85232351e-02,-4.19898528e-02,-4.37958476e-02,-4.43214538e-02,-4.38760834e-02,-4.25645545e-02,-4.06822079e-02,-3.84024322e-02,-3.58399040e-02,-3.30729036e-02,-3.01565548e-02,-2.71348762e-02,-2.40533071e-02,-2.09688264e-02,-1.79527664e-02,-1.50831198e-02,-1.24275436e-02,-1.00232307e-02,-7.86318742e-03,-5.89757451e-03,-4.05177102e-03,-2.25291425e-03,-4.52069406e-04,1.36518073e-03,3.17671937e-03,4.92458943e-03,6.51431498e-03,7.81589230e-03,8.67321638e-03,8.92846522e-03,8.51112137e-03,7.42415224e-03,5.82943716e-03,4.04419901e-03,2.42333837e-03,1.22830250e-03,5.51729409e-04,3.32656617e-04,4.27648912e-04,6.85723078e-04,9.95704846e-04,1.29943016e-03,1.58010292e-03,1.83574197e-03,2.05074872e-03,2.17891677e-03,2.14928965e-03,1.90201804e-03,1.41641618e-03
-3.79985866e-03,-7.89405311e-03,-1.21338327e-02,-1.62634884e-02,-2.00780921e-02,-2.34861640e-02,-2.64958207e-02,-2.91674454e-02,-3.15631459e-02,-3.37018412e-02,-3.55275507e-02,-3.69072634e-02,-3.76800015e-02,-3.78285451e-02,-3.72110832e-02,-3.57952017e-02,-3.36918703e-02,-3.10430846e-02,-2.80002005e-02,-2.47091505e-02,-2.13034083e-02,-1.79003705e-02,-1.45967543e-02,-1.14616274e-02,-8.52875674e-03,-5.79178706e-03,-3.20571543e-03,-6.95821204e-04,1.82848941e-03,4.45906212e-03,7.27554452e-03,1.03377549e-02,1.36799116e-02,1.73066910e-02,2.11913364e-02,2.52766473e-02,2.94793831e-02,3.36978152e-02,3.78217000e-02,4.17440311e-02,4.53737990e-02,4.86476300e-02,5.15356312e-02,5.40353526e-02,5.61509706e-02,5.78624388e-02,5.90937863e-02,5.96788823e-02,5.95162984e-02,5.86147670e-02,5.67400726e-02,5.38774046e-02,5.01404744e-02,4.57145085e-02,4.07973234e-02,3.55616165e-02,3.01588120e-02,2.47559464e-02,1.95634600e-02,1.48014525e-02,1.05990602e-02,6.90038271e-03,3.46496189e-03,-2.34365694e-05
1.40246221e-04,1.42161817e-03,2.50225935e-03,3.38154356e-03,4.09800948e-03,4.70208018e-03,5.23411882e-03,5.72153559e-03,6.19301794e-03,6.69465892e-03,7.29122568e-03,8.04721334e-03,8.99736033e-03,1.01241027e-02,1.13551253e-02,1.25805640e-02,1.36780802e-02,1.45325990e-02,1.50448330e-02,1.51288095e-02,1.47952622e-02,1.40165067e-02,1.28705693e-02,1.15214877e-02,1.01830380e-02,9.06018109e-03,8.28744881e-03,7.89665319e-03,7.82486702e-03,7.92838562e-03,8.05595133e-03,8.03364410e-03,7.74244990e-03,7.10400429e-03,6.14996839e-03,4.99971187e-03,3.80831674e-03,2.69459740e-03,1.69628636e-03,7.79610284e-04,-1.08370117e-04,-9.82323527e-04,-1.79771984e-03,-2.48585388e-03,-3.01658005e-03,-3.43444805e-03,-3.83715049e-03,-4.31287248e-03,-4.87968664e-03,-5.47377733e-03,-5.99741903e-03,-6.38721878e-03,-6.64854375e-03,-6.83599276e-03,-7.00369050e-03,-7.15938670e-03,-7.25007418e-03,-7.19516773e-03,-6.89414941e-03,-6.28736398e-03,-5.36220058e-03,-4.15826638e-03,-2.76131452e-03,-1.28762045e-03
-9.18777023e-03,-5.97719755e-03,-2.52979295e-03,1.06871052e-03,4.74177890e-03,8.42860473e-03,1.20830102e-02,1.56704207e-02,1.91644887e-02,2.25434979e-02,2.57863145e-02,2.88682187e-02,3.17577848e-02,3.44159559e-02,3.67973953e-02,3.88528898e-02,4.05311610e-02,4.17794603e-02,4.25418562e-02,4.27262394e-02,4.24324805e-02,4.15797392e-02,4.01168293e-02,3.80206670e-02,3.51933215e-02,3.14053755e-02,2.63122116e-02,1.96125151e-02,1.13616528e-02,2.24210445e-03,-6.58697876e-03,-1.41219882e-02,-1.99845707e-02,-2.42809482e-02,-2.73209046e-02,-2.94234994e-02,-3.08423406e-02,-3.17596768e-02,-3.23057711e-02,-3.25809011e-02,-3.26721436e-02,-3.26590559e-02,-3.25912907e-02,-3.25314066e-02,-3.25120003e-02,-3.25455269e-02,-3.26074682e-02,-3.26295517e-02,-3.25159879e-02,-3.21329362e-02,-3.14034017e-02,-3.03205333e-02,-2.89517709e-02,-2.74166607e-02,-2.58526321e-02,-2.43784132e-02,-2.30616526e-02,-2.18982220e-02,-2.08109888e-02,-1.96697089e-02,-1.83261392e-02,-1.66538000e-02,-1.45765446e-02,-1.20768290e-02
-2.86448188e-02,-2.76779880e-02,-2.65348792e-02,-2.53265702e-02,-2.40924036e-02,-2.28263431e-02,-2.15110128e-02,-2.01442853e-02,-1.87511298e-02,-1.73829446e-02,-1.61094815e-02,-1.50050648e-02,-1.41288201e-02,-1.35024222e-02,-1.30953216e-02,-1.28289801e-02,-1.26004463e-02,-1.23093863e-02,-1.18826996e-02,-1.12838542e-02,-1.05016354e-02,-9.53307959e-03,-8.37423631e-03,-7.02376027e-03,-5.49597772e-03,-3.83585772e-03,-2.12830288e-03,-4.95856896e-04,9.18940258e-04,1.98735428e-03,2.63999612e-03,2.90161301e-03,2.89342469e-03,2.78498298e-03,2.71671846e-03,2.75179891e-03,2.86744576e-03,3.00497230e-03,3.12154933e-03,3.21919936e-03,3.32937931e-03,3.47822562e-03,3.66371957e-03,3.85601087e-03,4.01229412e-03,4.08902233e-03,4.04296002e-03,3.82355463e-03,3.35008883e-03,2.51745205e-03,1.21205716e-03,-6.42815134e-04,-3.03498362e-03,-5.85063876e-03,-8.92416346e-03,-1.21174405e-02,-1.53605247e-02,-1.86143095e-02,-2.17849506e-02,-2.46687151e-02,-2.69927444e-02,-2.85323011e-02,-2.92177173e-02,-2.92478294e-02
-2.09071621e-02,-2.41280398e-02,-2.72958480e-02,-3.02995399e-02,-3.31012269e-02,-3.57006078e-02,-3.80854740e-02,-4.02098038e-02,-4.20075251e-02,-4.34212516e-02,-4.44221217e-02,-4.50135296e-02,-4.52381485e-02,-4.52086637e-02,-4.48910620e-02,-4.44002213e-02,-4.38131698e-02,-4.31828900e-02,-4.25229857e-02,-4.18031684e-02,-4.09576465e-02,-3.99034515e-02,-3.85620230e-02,-3.68748561e-02,-3.48097272e-02,-3.23618791e-02,-2.95550082e-02,-2.64425881e-02,-2.31075349e-02,-1.96590258e-02,-1.62266869e-02,-1.29521174e-02,-9.97631290e-03,-7.42108939e-03,-5.36493012e-03,-3.81945499e-03,-2.72005158e-03,-1.94612090e-03,-1.37360759e-03,-9.37640960e-04,-6.66530928e-04,-6.54521408e-04,-9.86462678e-04,-1.63847546e-03,-2.43488681e-03,-3.10166081e-03,-3.39708817e-03,-3.21650764e-03,-2.59521137e-03,-1.68852371e-03,-6.97817951e-04,1.72239501e-04,7.34900125e-04,8.39666995e-04,4.00438232e-04,-5.91370934e-04,-2.05012341e-03,-3.83320280e-03,-5.80025011e-03,-7.86761053e-03,-1.00318738e-02,-1.23568777e-02,-1.49293274e-02,-1.77951144e-02
-3.64375147e-02,-3.45273022e-02,-3.23207227e-02,-2.98778953e-02,-2.72464773e-02,-2.44722392e-02,-2.16069211e-02,-1.87139043e-02,-1.58722659e-02,-1.31803992e-02,-1.07612849e-02,-8.77097856e-03,-7.40807138e-03,-6.88632619e-03,-7.41568165e-03,-9.16593254e-03,-1.20521127e-02,-1.56749929e-02,-1.93817621e-02,-2.25069390e-02,-2.46158245e-02,-2.55844350e-02,-2.56472242e-02,-2.48102631e-02,-2.33250273e-02,-2.13672495e-02,-1.90628620e-02,-1.65020008e-02,-1.37551955e-02,-1.08870321e-02,-7.96391957e-03,-5.05612107e-03,-2.23746732e-03,4.13242391e-04,2.80761096e-03,4.84721507e-03,6.43178630e-03,7.47870030e-03,7.94820287e-03,7.86455052e-03,7.33359695e-03,6.46268046e-03,5.40871843e-03,4.31007448e-03,3.25906819e-03,2.28845051e-03,1.37447694e-03,4.48713972e-04,-5.90055142e-04,-1.86689489e-03,-3.52254723e-03,-5.70565218e-03,-8.55560194e-03,-1.21631879e-02,-1.65038665e-02,-2.13682698e-02,-2.63498013e-02,-3.09372057e-02,-3.46772080e-02,-3.73037954e-02,-3.87717351e-02,-3.92536880e-02,-3.89787054e-02,-3.79650658e-02
-4.31115868e-02,-4.41928487e-02,-4.46650936e-02,-4.46576730e-02,-4.40264220e-02,-4.28855351e-02,-4.13323175e-02,-3.94687009e-02,-3.73950026e-02,-3.52094957e-02,-3.30055804e-02,-3.08644915e-02,-2.88458865e-02,-2.69811507e-02,-2.52739788e-02,-2.37097846e-02,-2.22714579e-02,-2.09564341e-02,-1.97901645e-02,-1.88324674e-02,-1.81722402e-02,-1.78904678e-02,-1.79992663e-02,-1.85138503e-02,-1.92550814e-02,-1.99541353e-02,-2.03414992e-02,-2.03340671e-02,-1.98393039e-02,-1.90037686e-02,-1.80132555e-02,-1.70319349e-02,-1.61515601e-02,-1.53795092e-02,-1.46607502e-02,-1.39172261e-02,-1.30874736e-02,-1.21528851e-02,-1.11424036e-02,-1.01169662e-02,-9.14201638e-03,-8.25939170e-03,-7.47037275e-03,-6.73834486e-03,-6.01104752e-03,-5.25224145e-03,-4.46723674e-03,-3.71118949e-03,-3.08071647e-03,-2.69827074e-03,-2.68179508e-03,-3.15958988e-03,-4.23820510e-03,-6.01214172e-03,-8.55901453e-03,-1.19104511e-02,-1.59876040e-02,-2.05426822e-02,-2.51898527e-02,-2.95453790e-02,-3.33708536e-02,-3.66049131e-02,-3.92872356e-02,-4.14593260e-02
1.77194915e-02,1.75962549e-02,1.71481037e-02,1.64765638e-02,1.56777617e-02,1.47872821e-02,1.38245254e-02,1.28515845e-02,1.19862309e-02,1.13511248e-02,1.10014190e-02,1.08906274e-02,1.08885993e-02,1.08520145e-02,1.06709984e-02,1.02831880e-02,9.70590258e-03,9.01555819e-03,8.30835736e-03,7.66194892e-03,7.12265346e-03,6.72404123e-03,6.51583472e-03,6.57378254e-03,6.96262857e-03,7.75081544e-03,8.94955431e-03,1.05255675e-02,1.24102234e-02,1.45107642e-02,1.67193523e-02,1.89193458e-02,2.09896737e-02,2.28086071e-02,2.42590043e-02,2.52384800e-02,2.56785969e-02,2.55936364e-02,2.51102970e-02,2.43311694e-02,2.34802399e-02,2.27693914e-02,2.23267253e-02,2.21594654e-02,2.21501129e-02,2.21256902e-02,2.19162549e-02,2.13478796e-02,2.03101614e-02,1.87834505e-02,1.68517951e-02,1.46972626e-02,1.25738230e-02,1.07576796e-02,9.48256325e-03,8.88624638e-03,8.98956048e-03,9.68183010e-03,1.08551370e-02,1.23259311e-02,1.39011169e-02,1.53874206e-02,1.66038229e-02,1.74056939e-02
2.20887402e-02,2.43623907e-02,2.67662291e-02,2.92809029e-02,3.18558348e-02,3.44179391e-02,3.68885411e-02,3.92048596e-02,4.13403561e-02,4.33170046e-02,4.52035427e-02,4.70985516e-02,4.91038306e-02,5.12967615e-02,5.37095898e-02,5.63215442e-02,5.90657533e-02,6.18473642e-02,6.45653291e-02,6.71298309e-02,6.94700266e-02,7.15313062e-02,7.32650651e-02,7.46148109e-02,7.55016125e-02,7.57140160e-02,7.53816978e-02,7.42923357e-02,7.22392338e-02,6.91846156e-02,6.52478214e-02,6.06644232e-02,5.56492379e-02,5.02419828e-02,4.42631315e-02,3.74164944e-02,2.94869040e-02,2.05489710e-02,1.10693228e-02,1.80779940e-03,-6.42032920e-03,-1.29794106e-02,-1.75564761e-02,-2.01505046e-02,-2.10485452e-02,-2.06583984e-02,-1.92381561e-02,-1.71855344e-02,-1.47938206e-02,-1.22604341e-02,-9.69643437e-03,-7.14741141e-03,-4.62138140e-03,-2.11605000e-03,3.62977400e-04,2.79761809e-03,5.16488537e-03,7.44802758e-03,9.64316914e-03,1.17595085e-02,1.38161350e-02,1.58398913e-02,1.78653912e-02,1.99341086e-02
9.53056089e-03,1.09587809e-02,1.20921213e-02,1.27768258e-02,1.27896653e-02,1.19734861e-02,9.97403141e-03,6.52628826e-03,1.47955868e-03,-5.07256466e-03,-1.26911047e-02,-2.06429968e-02,-2.80629223e-02,-3.42308771e-02,-3.87780734e-02,-4.16884845e-02,-4.31699220e-02,-4.35841493e-02,-4.31621085e-02,-4.19874057e-02,-4.03027839e-02,-3.82842082e-02,-3.60824181e-02,-3.38269973e-02,-3.16187479e-02,-2.95208544e-02,-2.75566790e-02,-2.57176718e-02,-2.39782722e-02,-2.23102899e-02,-2.06910620e-02,-1.91060056e-02,-1.75502904e-02,-1.60317354e-02,-1.45713169e-02,-1.31963471e-02,-1.19266679e-02,-1.07610364e-02,-9.67349921e-03,-8.62639136e-03,-7.59914205e-03,-6.62260861e-03,-5.80125187e-03,-5.30667296e-03,-5.29242193e-03,-5.88736054e-03,-7.03578166e-03,-8.50544475e-03,-9.96203348e-03,-1.10996080e-02,-1.17293016e-02,-1.18292351e-02,-1.13818710e-02,-1.04502476e-02,-9.11425326e-03,-7.46133906e-03,-5.58497405e-03,-3.57922432e-03,-1.52922140e-03,4.99601222e-04,2.46841286e-03,4.36332365e-03,6.18215481e-03,7.91566676e-03
2.00681210e-02,2.07703580e-02,2.10520915e-02,2.09259348e-02,2.04081077e-02,1.94476143e-02,1.80019489e-02,1.60231096e-02,1.35047101e-02,1.05302875e-02,7.29153824e-03,4.06657731e-03,1.16894721e-03,-1.11893101e-03,-2.60946587e-03,-3.25293501e-03,-3.13372659e-03,-2.37988445e-03,-1.16853544e-03,3.34685907e-04,1.99281290e-03,3.70377991e-03,5.39653083e-03,7.02397893e-03,8.55614366e-03,9.97424048e-03,1.12658272e-02,1.24211221e-02,1.34300570e-02,1.42793432e-02,1.49511258e-02,1.54272005e-02,1.56982212e-02,1.57648424e-02,1.56424714e-02,1.52834992e-02,1.45868483e-02,1.34218273e-02,1.17033223e-02,9.49542847e-03,7.05337254e-03,4.73975134e-03,2.86145511e-03,1.55586836e-03,7.94224279e-04,4.59345743e-04,4.26270539e-04,6.08951201e-04,9.74429561e-04,1.52637929e-03,2.27732303e-03,3.21956852e-03,4.31024552e-03,5.47856112e-03,6.65304469e-03,7.79558172e-03,8.92207982e-03,1.00937898e-02,1.13815096e-02,1.28235083e-02,1.43997378e-02,1.60318189e-02,1.76030330e-02,1.89859550e-02
3.43052516e-02,3.46883466e-02,3.47153632e-02,3.44666354e-02,3.38546671e-02,3.28447262e-02,3.14270923e-02,2.96501447e-02,2.76506565e-02,2.56405045e-02,2.38410814e-02,2.24000596e-02,2.13419663e-02,2.05737667e-02,1.99308593e-02,1.92363429e-02,1.83478523e-02,1.71905430e-02,1.57703455e-02,1.41508178e-02,1.24036215e-02,1.05676103e-02,8.64629016e-03,6.64063207e-03,4.58447511e-03,2.55096724e-03,6.29568215e-04,-1.09816181e-03,-2.56259923e-03,-3.70057864e-03,-4.45979631e-03,-4.81739513e-03,-4.81468437e-03,-4.50407212e-03,-3.97808909e-03,-3.31675647e-03,-2.57140222e-03,-1.76134747e-03,-8.83559543e-04,7.00961763e-05,1.09538683e-03,2.16645881e-03,3.24064495e-03,4.27517606e-03,5.24663107e-03,6.16143031e-03,7.05135404e-03,7.95826329e-03,8.91848975e-03,9.95520519e-03,1.10804652e-02,1.23033006e-02,1.36381883e-02,1.51087801e-02,1.67438413e-02,1.85654991e-02,2.05735747e-02,2.27324797e-02,2.49670549e-02,2.71705927e-02,2.92237380e-02,3.10187202e-02,3.24803834e-02,3.35753297e-02
-2.00905684e-02,-1.80462199e-02,-1.62372317e-02,-1.46369711e-02,-1.32038913e-02,-1.18815087e-02,-1.05931817e-02,-9.23834577e-03,-7.70057219e-03,-5.87280048e-03,-3.69184902e-03,-1.16408129e-03,1.63123917e-03,4.55876625e-03,7.46055312e-03,1.01823877e-02,1.25915338e-02,1.45807113e-02,1.60579302e-02,1.69256032e-02,1.70457054e-02,1.63878987e-02,1.47300460e-02,1.19287111e-02,7.90994907e-03,2.70912026e-03,-3.47875169e-03,-1.02742603e-02,-1.72012761e-02,-2.37912445e-02,-2.96784395e-02,-3.46437006e-02,-3.86119936e-02,-4.16245021e-02,-4.38059529e-02,-4.53356333e-02,-4.64178342e-02,-4.72483485e-02,-4.79819512e-02,-4.87043988e-02,-4.94156982e-02,-5.00463436e-02,-5.05089396e-02,-5.07551998e-02,-5.08148618e-02,-5.07134069e-02,-5.05008824e-02,-5.02344159e-02,-4.99290337e-02,-4.95653973e-02,-4.91013076e-02,-4.84817396e-02,-4.76454084e-02,-4.65311844e-02,-4.50889829e-02,-4.32937395e-02,-4.11552767e-02,-3.87184682e-02,-3.60547769e-02,-3.32506726e-02,-3.03975010e-02,-2.75838587e-02,-2.48891745e-02,-2.23773035e-02
1.65753602e-02,1.69663010e-02,1.78363170e-02,1.91390206e-02,2.07939699e-02,2.26871930e-02,2.46753923e-02,2.65967455e-02,2.82812780e-02,2.95576450e-02,3.02552210e-02,3.01840690e-02,2.93536385e-02,2.75067328e-02,2.45556158e-02,2.05580214e-02,1.58366244e-02,1.10274658e-02,6.90179400e-03,4.02810178e-03,2.56907700e-03,2.35152995e-03,3.03870636e-03,4.33381320e-03,5.99998223e-03,7.88981781e-03,9.92424071e-03,1.20600715e-02,1.42612114e-02,1.64812644e-02,1.86601023e-02,2.07309908e-02,2.26317928e-02,2.43149926e-02,2.57551888e-02,2.69554976e-02,2.79534155e-02,2.88230830e-02,2.96685429e-02,3.06059104e-02,3.17381775e-02,3.31280499e-02,3.47783969e-02,3.66300797e-02,3.85757749e-02,4.04781095e-02,4.21810323e-02,4.35131126e-02,4.42930830e-02,4.42910879e-02,4.36304843e-02,4.21021801e-02,3.97865931e-02,3.69229277e-02,3.38378157e-02,3.08319617e-02,2.80816795e-02,2.56225125e-02,2.34128946e-02,2.14190458e-02,1.96647171e-02,1.82262920e-02,1.71923480e-02,1.66273820e-02
-3.46050023e-02,-3.66917661e-02,-3.87016383e-02,-4.04602235e-02,-4.18371640e-02,-4.27574724e-02,-4.32050359e-02,-4.32711563e-02,-4.29282003e-02,-4.22506578e-02,-4.13574963e-02,-4.03922922e-02,-3.95217587e-02,-3.89175280e-02,-3.86859559e-02,-3.88405904e-02,-3.94567052e-02,-4.03402013e-02,-4.12275600e-02,-4.18456824e-02,-4.20528908e-02,-4.17886527e-02,-4.09491524e-02,-3.96388316e-02,-3.79571737e-02,-3.59965532e-02,-3.38409516e-02,-3.15787369e-02,-2.93194520e-02,-2.72016191e-02,-2.53825953e-02,-2.40085696e-02,-2.31708418e-02,-2.28554973e-02,-2.29342025e-02,-2.32683822e-02,-2.36296048e-02,-2.38466196e-02,-2.38647636e-02,-2.36276832e-02,-2.31618213e-02,-2.24971398e-02,-2.16507612e-02,-2.06280238e-02,-1.94376743e-02,-1.81104000e-02,-1.67119233e-02,-1.53487691e-02,-1.41689706e-02,-1.33565999e-02,-1.30769418e-02,-1.34784298e-02,-1.46632108e-02,-1.65322341e-02,-1.88163077e-02,-2.11562298e-02,-2.32443782e-02,-2.49315321e-02,-2.62407302e-02,-2.73117954e-02,-2.83322391e-02,-2.94840900e-02,-3.09001299e-02,-3.26263300e-02
5.18513712e-02,4.49309473e-02,3.62740157e-02,2.69890681e-02,1.85459546e-02,1.20204723e-02,7.75637632e-03,5.57280618e-03,5.07475124e-03,5.78555743e-03,7.32877153e-03,9.36090604e-03,1.16015887e-02,1.38465363e-02,1.59653698e-02,1.78999137e-02,1.96542434e-02,2.12674449e-02,2.27705333e-02,2.41432764e-02,2.52910538e-02,2.60531495e-02,2.62298373e-02,2.58168185e-02,2.47426653e-02,2.30807685e-02,2.10179525e-02,1.87596074e-02,1.64866854e-02,1.43587762e-02,1.25324120e-02,1.11558675e-02,1.03373772e-02,1.01198580e-02,1.04450187e-02,1.12688654e-02,1.25341052e-02,1.41875572e-02,1.61928149e-02,1.85163747e-02,2.11127983e-02,2.39163276e-02,2.68416387e-02,2.97928931e-02,3.26782009e-02,3.54255232e-02,3.79954761e-02,4.03867572e-02,4.26318108e-02,4.47838737e-02,4.68997598e-02,4.90232727e-02,5.11721878e-02,5.33298899e-02,5.54427063e-02,5.74249804e-02,5.91734920e-02,6.05881239e-02,6.15857382e-02,6.20827720e-02,6.19992977e-02,6.13358085e-02,5.97076874e-02,5.66959278e-02
-2.35309337e-02,-2.33771800e-02,-2.32713242e-02,-2.32720481e-02,-2.35168281e-02,-2.41396059e-02,-2.52152524e-02,-2.67253539e-02,-2.85527249e-02,-3.05148356e-02,-3.24225046e-02,-3.41311928e-02,-3.55540040e-02,-3.66326844e-02,-3.72997406e-02,-3.75183820e-02,-3.72329453e-02,-3.62614326e-02,-3.45998156e-02,-3.22946048e-02,-2.94560313e-02,-2.62379824e-02,-2.28128199e-02,-1.93492176e-02,-1.59943439e-02,-1.28592000e-02,-1.00064407e-02,-7.44299531e-03,-5.12321818e-03,-2.96811238e-03,-8.99309129e-04,1.12390702e-03,3.08008384e-03,4.88477497e-03,6.40831509e-03,7.49991214e-03,8.00458285e-03,7.77491924e-03,6.68418439e-03,4.52579451e-03,1.13595565e-03,-3.55437502e-03,-9.36434495e-03,-1.57765318e-02,-2.20350018e-02,-2.74394742e-02,-3.15966485e-02,-3.44534111e-02,-3.61702648e-02,-3.69821449e-02,-3.71631113e-02,-3.68151654e-02,-3.60295861e-02,-3.49099953e-02,-3.35400947e-02,-3.20039891e-02,-3.03926830e-02,-2.88037417e-02,-2.73364729e-02,-2.60813430e-02,-2.51020661e-02,-2.44151063e-02,-2.39800677e-02,-2.37145354e-02
-6.75522359e-03,-6.90162758e-03,-7.74784419e-03,-9.46907767e-03,-1.21060694e-02,-1.54442021e-02,-1.90242542e-02,-2.23174117e-02,-2.49281803e-02,-2.66721790e-02,-2.75327246e-02,-2.76675806e-02,-2.70658277e-02,-2.58272353e-02,-2.40770668e-02,-2.19679721e-02,-1.96898604e-02,-1.74680696e-02,-1.55512076e-02,-1.41887714e-02,-1.35801937e-02,-1.37874509e-02,-1.49183975e-02,-1.68460604e-02,-1.93426296e-02,-2.21144262e-02,-2.48779040e-02,-2.74453206e-02,-2.97732596e-02,-3.19458637e-02,-3.41064299e-02,-3.63713915e-02,-3.87605398e-02,-4.11754903e-02,-4.34372220e-02,-4.53543451e-02,-4.67758322e-02,-4.76120932e-02,-4.78838716e-02,-4.76302015e-02,-4.67089473e-02,-4.52029197e-02,-4.31968139e-02,-4.08180615e-02,-3.82242806e-02,-3.55774762e-02,-3.30166326e-02,-3.06376406e-02,-2.84864374e-02,-2.65660464e-02,-2.48517215e-02,-2.33044554e-02,-2.18761829e-02,-2.05092416e-02,-1.91397300e-02,-1.77115306e-02,-1.61967331e-02,-1.46093821e-02,-1.30025544e-02,-1.14507856e-02,-1.00286202e-02,-8.79644609e-03,-7.80086821e-03,-7.09295558e-03
1.15370855e-02,8.54096453e-03,5.94621107e-03,4.00671444e-03,2.93420342e-03,2.85959785e-03,3.78336631e-03,5.65519311e-03,8.33409501e-03,1.16501417e-02,1.54324196e-02,1.95263986e-02,2.38002325e-02,2.81437520e-02,3.24648709e-02,3.66863594e-02,4.07434035e-02,4.45807515e-02,4.81484966e-02,5.13974686e-02,5.42774136e-02,5.67417794e-02,5.87607085e-02,6.03387611e-02,6.15278433e-02,6.24233237e-02,6.31384783e-02,6.37683335e-02,6.43596972e-02,6.48922702e-02,6.52734074e-02,6.52804839e-02,6.49261294e-02,6.39489151e-02,6.22022298e-02,5.96422435e-02,5.63539024e-02,5.25560842e-02,4.85639221e-02,4.47200504e-02,4.13273275e-02,3.86068014e-02,3.66774052e-02,3.55465121e-02,3.51162320e-02,3.51603574e-02,3.54334097e-02,3.57533273e-02,3.58656280e-02,3.56562182e-02,3.50338925e-02,3.39972379e-02,3.26878607e-02,3.13232351e-02,3.00975154e-02,2.90900249e-02,2.82373153e-02,2.73766346e-02,2.63140517e-02,2.48788253e-02,2.29668040e-02,2.05663428e-02,1.77564015e-02,1.46833780e-02
-3.70484815e-02,-3.76470938e-02,-3.78632706e-02,-3.78440433e-02,-3.75620058e-02,-3.70641592e-02,-3.63693677e-02,-3.55048428e-02,-3.45183279e-02,-3.34895360e-02,-3.25312334e-02,-3.17677294e-02,-3.12911115e-02,-3.11112253e-02,-3.11425429e-02,-3.12853549e-02,-3.13725568e-02,-3.13230926e-02,-3.10466463e-02,-3.05619847e-02,-2.98980590e-02,-2.90570272e-02,-2.79880549e-02,-2.65916333e-02,-2.47528875e-02,-2.23878366e-02,-1.94797554e-02,-1.60930309e-02,-1.23672055e-02,-8.50020894e-03,-4.72693746e-03,-1.29357453e-03,1.57509407e-03,3.71568879e-03,5.07321919e-03,5.71478613e-03,5.79880004e-03,5.52731749e-03,5.01393533e-03,4.30892923e-03,3.39172675e-03,2.23293352e-03,8.61977599e-04,-5.99615846e-04,-1.96159494e-03,-3.03844982e-03,-3.71871943e-03,-3.99189253e-03,-3.92647340e-03,-3.61435540e-03,-3.16063773e-03,-2.67038131e-03,-2.27483192e-03,-2.16283111e-03,-2.61580385e-03,-3.99534054e-03,-6.64453899e-03,-1.07022528e-02,-1.58955807e-02,-2.15186031e-02,-2.67258740e-02,-3.09244076e-02,-3.39355614e-02,-3.58917234e-02
3.58172682e-02,3.42425508e-02,3.26879960e-02,3.11244728e-02,2.94943316e-02,2.77023066e-02,2.56020359e-02,2.29873593e-02,1.96103842e-02,1.52605492e-02,9.92377974e-03,3.95599738e-03,-1.91185740e-03,-6.84290827e-03,-1.03124394e-02,-1.22203312e-02,-1.28025075e-02,-1.23488727e-02,-1.11240930e-02,-9.37652313e-03,-7.28230928e-03,-4.97688434e-03,-2.57908314e-03,-1.99631480e-04,2.06485390e-03,4.14504867e-03,6.00929467e-03,7.66652291e-03,9.16242951e-03,1.05669280e-02,1.19536138e-02,1.33790641e-02,1.48739354e-02,1.64519736e-02,1.81305791e-02,1.99477819e-02,2.19633852e-02,2.42438538e-02,2.68403112e-02,2.97699877e-02,3.30060987e-02,3.64756137e-02,4.00625585e-02,4.36158022e-02,4.69620356e-02,4.99250417e-02,5.23508849e-02,5.41351889e-02,5.52429880e-02,5.57016791e-02,5.56521298e-02,5.52664654e-02,5.45363867e-02,5.35289521e-02,5.22880688e-02,5.08409793e-02,4.92249351e-02,4.75008253e-02,4.57421057e-02,4.40073019e-02,4.23192950e-02,4.06689584e-02,3.90377604e-02,3.74183055e-02
2.98758935e-02,2.90864609e-02,2.83178244e-02,2.75228071e-02,2.66620420e-02,2.57121256e-02,2.46357571e-02,2.33382962e-02,2.16544092e-02,1.93922808e-02,1.64295390e-02,1.28133530e-02,8.78754656e-03,4.71153220e-03,9.34008247e-04,-2.28753333e-03,-4.80946019e-03,-6.60008500e-03,-7.71159295e-03,-8.23301306e-03,-8.27585259e-03,-7.85660130e-03,-6.99571427e-03,-5.70570259e-03,-4.02496084e-03,-2.03134411e-03,1.67762118e-04,2.45902426e-03,4.74916781e-03,6.98016316e-03,9.13024077e-03,1.12047526e-02,1.32230641e-02,1.52077353e-02,1.71785844e-02,1.91505694e-02,2.11331050e-02,2.31292378e-02,2.51343313e-02,2.71343442e-02,2.91037313e-02,3.10033951e-02,3.27799466e-02,3.43676723e-02,3.56934098e-02,3.66831488e-02,3.72680523e-02,3.73610599e-02,3.70692589e-02,3.63480838e-02,3.52873786e-02,3.40737314e-02,3.29321876e-02,3.20677110e-02,3.16062291e-02,3.15756509e-02,3.18076671e-02,3.22168088e-02,3.26000710e-02,3.27630874e-02,3.26321410e-02,3.22020007e-02,3.15166660e-02,3.07028233e-02
2.69161315e-02,2.43571466e-02,2.12793997e-02,1.79112136e-02,1.44066825e-02,1.08213616e-02,7.13911494e-03,3.32297437e-03,-6.47624685e-04,-4.77123417e-03,-9.04249768e-03,-1.34680646e-02,-1.80569074e-02,-2.27805299e-02,-2.75272127e-02,-3.20910937e-02,-3.62125379e-02,-3.96427393e-02,-4.21946799e-02,-4.37681138e-02,-4.43878561e-02,-4.43169254e-02,-4.34342547e-02,-4.20448573e-02,-4.03836640e-02,-3.86567223e-02,-3.70078603e-02,-3.55055938e-02,-3.41531939e-02,-3.29152497e-02,-3.17473530e-02,-3.06162104e-02,-2.95059190e-02,-2.84159131e-02,-2.73585741e-02,-2.63582423e-02,-2.54469340e-02,-2.46533767e-02,-2.39895058e-02,-2.34431554e-02,-2.29811056e-02,-2.25573653e-02,-2.21176755e-02,-2.15964993e-02,-2.09116886e-02,-1.99661207e-02,-1.86602235e-02,-1.69098040e-02,-1.46604047e-02,-1.18940504e-02,-8.62967313e-03,-4.92026008e-03,-8.48820170e-04,3.47545696e-03,7.92154366e-03,1.23449326e-02,1.65910098e-02,2.04993971e-02,2.39079454e-02,2.66574199e-02,2.85994692e-02,2.96113469e-02,2.95848781e-02,2.87175494e-02
-4.60314056e-02,-4.41030881e-02,-4.23402580e-02,-4.08091354e-02,-3.95378896e-02,-3.85057382e-02,-3.76513175e-02,-3.68966196e-02,-3.61742342e-02,-3.54454523e-02,-3.47009788e-02,-3.39457717e-02,-3.31800254e-02,-3.23880816e-02,-3.15388134e-02,-3.05940836e-02,-2.95205581e-02,-2.83025415e-02,-2.69544489e-02,-2.55279741e-02,-2.41058090e-02,-2.27786114e-02,-2.16139278e-02,-2.06346619e-02,-1.98208629e-02,-1.91330474e-02,-1.85405666e-02,-1.80366121e-02,-1.76327673e-02,-1.73414988e-02,-1.71617220e-02,-1.70775523e-02,-1.70649529e-02,-1.71294766e-02,-1.73146049e-02,-1.77196409e-02,-1.84770764e-02,-1.96842968e-02,-2.13216589e-02,-2.32205498e-02,-2.51221469e-02,-2.67899297e-02,-2.80957648e-02,-2.90411401e-02,-2.97326119e-02,-3.03456224e-02,-3.11044587e-02,-3.22698559e-02,-3.40987177e-02,-3.67738709e-02,-4.03043188e-02,-4.44332726e-02,-4.86515494e-02,-5.23718525e-02,-5.51585560e-02,-5.68434442e-02,-5.75048050e-02,-5.74972968e-02,-5.67125655e-02,-5.54367704e-02,-5.38305686e-02,-5.20104736e-02,-5.00589380e-02,-4.80429648e-02
1.65782242e-02,1.74759875e-02,1.83607045e-02,1.91971944e-02,1.99719539e-02,2.06909639e-02,2.13725370e-02,2.20395757e-02,2.27133317e-02,2.34099152e-02,2.41406788e-02,2.49154472e-02,2.57440023e-02,2.66312782e-02,2.75679311e-02,2.85246240e-02,2.94575107e-02,3.03231836e-02,3.10921186e-02,3.17502522e-02,3.22889765e-02,3.26936756e-02,3.29399824e-02,3.29915180e-02,3.28763128e-02,3.25720311e-02,3.20816178e-02,3.14171397e-02,3.05705387e-02,2.94927333e-02,2.80726058e-02,2.61231988e-02,2.33929790e-02,1.96247546e-02,1.46725884e-02,8.64551232e-03,1.98692541e-03,-4.61170618e-03,-1.04666901e-02,-1.51718167e-02,-1.86222914e-02,-2.08971432e-02,-2.21272306e-02,-2.24829739e-02,-2.20453821e-02,-2.08411993e-02,-1.89786928e-02,-1.65679454e-02,-1.37231808e-02,-1.05620010e-02,-7.20742568e-03,-3.79002629e-03,-4.46619875e-04,2.68570288e-03,5.48248122e-03,7.85057207e-03,9.74430367e-03,1.11771441e-02,1.22216016e-02,1.29946278e-02,1.36307217e-02,1.42504092e-02,1.49353441e-02,1.57165468e-02
7.96221810e-03,5.42793247e-03,2.90125807e-03,7.49842534e-04,-8.11416830e-04,-1.72496097e-03,-2.05203859e-03,-1.91170758e-03,-1.43480877e-03,-7.52069949e-04,1.18478018e-05,7.24709609e-04,1.23240659e-03,1.34966542e-03,8.58217887e-04,-5.20851300e-04,-3.14719704e-03,-7.46991015e-03,-1.39340831e-02,-2.26613424e-02,-3.29902194e-02,-4.34329206e-02,-5.24350083e-02,-5.91963166e-02,-6.37543644e-02,-6.65784763e-02,-6.81965883e-02,-6.90182761e-02,-6.93098527e-02,-6.92934288e-02,-6.88474408e-02,-6.79993642e-02,-6.67624477e-02,-6.51936885e-02,-6.33933735e-02,-6.14795407e-02,-5.95537917e-02,-5.76722333e-02,-5.58298848e-02,-5.39623547e-02,-5.19639147e-02,-4.97170133e-02,-4.71241943e-02,-4.41309121e-02,-4.07332650e-02,-3.69744122e-02,-3.29366534e-02,-2.87322686e-02,-2.44918357e-02,-2.03477489e-02,-1.64128673e-02,-1.27581127e-02,-9.39679404e-03,-6.28491899e-03,-3.34269250e-03,-4.92588054e-04,2.30016540e-03,4.99894438e-03,7.48902737e-03,9.58753309e-03,1.10680528e-02,1.17025364e-02,1.13588497e-02,1.00644327e-02
-6.50979821e-03,-7.95790281e-03,-7.90330057e-03,-6.72450596e-03,-4.93004110e-03,-2.93377802e-03,-1.05647126e-03,4.65875760e-04,1.47311633e-03,1.88164575e-03,1.68263147e-03,9.25337942e-04,-3.18327637e-04,-1.96796108e-03,-3.96201001e-03,-6.25877491e-03,-8.82788064e-03,-1.16365175e-02,-1.46286095e-02,-1.77023605e-02,-2.07068120e-02,-2.34740851e-02,-2.58701991e-02,-2.78232026e-02,-2.93089911e-02,-3.03152332e-02,-3.08227581e-02,-3.08862907e-02,-3.04261166e-02,-2.94738111e-02,-2.81193038e-02,-2.64862780e-02,-2.47006190e-02,-2.28567368e-02,-2.09964860e-02,-1.91100023e-02,-1.71580306e-02,-1.51050649e-02,-1.29467357e-02,-1.07178054e-02,-8.47836876e-03,-6.28778997e-03,-4.18170524e-03,-2.16507834e-03,-2.24430925e-04,1.65073098e-03,3.45421738e-03,5.16875550e-03,6.78579901e-03,8.32484293e-03,9.83738320e-03,1.13891106e-02,1.30268050e-02,1.47445880e-02,1.64615633e-02,1.80126488e-02,1.91450290e-02,1.95045706e-02,1.87825706e-02,1.66017164e-02,1.27407078e-02,7.49176535e-03,1.76971851e-03,-3.19669652e-03
-5.37243447e-02,-5.21130412e-02,-5.02663286e-02,-4.83096471e-02,-4.63642130e-02,-4.45533114e-02,-4.29868973e-02,-4.17276796e-02,-4.07549739e-02,-3.99519289e-02,-3.91246863e-02,-3.80416636e-02,-3.65029723e-02,-3.44104618e-02,-3.17844096e-02,-2.87340864e-02,-2.54122671e-02,-2.19740536e-02,-1.85472482e-02,-1.52145969e-02,-1.20072180e-02,-8.90939138e-03,-5.87389826e-03,-2.84342639e-03,2.29680752e-04,3.37168302e-03,6.58395537e-03,9.84540837e-03,1.31167683e-02,1.63468095e-02,1.94800850e-02,2.24624032e-02,2.52389776e-02,2.77437441e-02,2.98849253e-02,3.15360670e-02,3.25363097e-02,3.26429698e-02,3.19454251e-02,3.01868053e-02,2.73455582e-02,2.35962665e-02,1.93179396e-02,1.50263682e-02,1.11821026e-02,8.00614997e-03,5.44564703e-03,3.26953500e-03,1.18378737e-03,-1.09301489e-03,-3.79080044e-03,-7.07342132e-03,-1.10611354e-02,-1.58623433e-02,-2.15533663e-02,-2.80573987e-02,-3.49900113e-02,-4.16611182e-02,-4.73280445e-02,-5.15083382e-02,-5.40992753e-02,-5.52990506e-02,-5.55370869e-02,-5.49445374e-02
-4.92373034e-03,-3.54904565e-03,-2.39886956e-03,-1.38600271e-03,-4.10116437e-04,6.01690489e-04,1.67430131e-03,2.79271231e-03,3.92785230e-03,5.06083223e-03,6.19292191e-03,7.33940927e-03,8.51555524e-03,9.72623886e-03,1.09661863e-02,1.22289305e-02,1.35159731e-02,1.48376526e-02,1.62041253e-02,1.76127839e-02,1.90403444e-02,2.04430470e-02,2.17624218e-02,2.29321019e-02,2.38835847e-02,2.45522194e-02,2.48851475e-02,2.48484020e-02,2.44900150e-02,2.37744931e-02,2.27161688e-02,2.13078037e-02,1.95180142e-02,1.73177706e-02,1.47162555e-02,1.17757929e-02,8.58987582e-03,5.24254353e-03,1.78652631e-03,-1.74052980e-03,-5.27628237e-03,-8.71103771e-03,-1.19059366e-02,-1.47460788e-02,-1.71928543e-02,-1.92970725e-02,-2.11590008e-02,-2.28534754e-02,-2.43605297e-02,-2.55502247e-02,-2.62480103e-02,-2.64003962e-02,-2.59391081e-02,-2.49300152e-02,-2.35342948e-02,-2.19097592e-02,-2.01685085e-02,-1.83616696e-02,-1.64909820e-02,-1.45398386e-02,-1.25096438e-02,-1.04436883e-02,-8.42646969e-03,-6.55929019e-03
1.53238621e-03,3.23415455e-03,4.96485089e-03,6.44326812e-03,7.40610711e-03,7.65429285e-03,7.16204896e-03,6.03011096e-03,4.57229935e-03,3.22278838e-03,2.35624834e-03,2.14858586e-03,2.53927066e-03,3.32613999e-03,4.25205033e-03,5.10240608e-03,5.76481640e-03,6.24020342e-03,6.61019641e-03,6.98123197e-03,7.43776682e-03,8.01991873e-03,8.72039147e-03,9.49320082e-03,1.02669070e-02,1.09572293e-02,1.14746781e-02,1.17224364e-02,1.15919653e-02,1.09699843e-02,9.65917714e-03,7.46628711e-03,4.24574518e-03,9.41332945e-06,-4.97330873e-03,-1.01936655e-02,-1.50696483e-02,-1.91233316e-02,-2.20856568e-02,-2.39026901e-02,-2.46798951e-02,-2.47080071e-02,-2.40057917e-02,-2.27561309e-02,-2.10533191e-02,-1.89565545e-02,-1.65200656e-02,-1.38144278e-02,-1.09358684e-02,-8.00549149e-03,-5.16254180e-03,-2.55491383e-03,-3.28094439e-04,1.38747945e-03,2.49402966e-03,2.94791473e-03,2.78061244e-03,2.10786807e-03,1.11552409e-03,6.91983044e-05,-7.41173810e-04,-1.07134098e-03,-7.86081837e-04,1.22072984e-04
-1.31288006e-02,-1.38015041e-02,-1.40781907e-02,-1.39556147e-02,-1.33828328e-02,-1.23916268e-02,-1.10358180e-02,-9.38251374e-03,-7.49993395e-03,-5.44898338e-03,-3.27832792e-03,-1.02174805e-03,1.30113525e-03,3.67940833e-03,6.10356665e-03,8.56238626e-03,1.10473989e-02,1.35607377e-02,1.61182604e-02,1.87429167e-02,2.14502970e-02,2.42324111e-02,2.70442947e-02,2.97940752e-02,3.23347777e-02,3.44566291e-02,3.58775046e-02,3.61916752e-02,3.54080308e-02,3.32558728e-02,2.97988668e-02,2.55487539e-02,2.12702974e-02,1.76704049e-02,1.51510872e-02,1.37847855e-02,1.34376385e-02,1.38098212e-02,1.46735029e-02,1.57584337e-02,1.67804521e-02,1.74943757e-02,1.77358240e-02,1.75265536e-02,1.69748293e-02,1.62778513e-02,1.56533454e-02,1.52196578e-02,1.49782491e-02,1.48568144e-02,1.47577404e-02,1.45772853e-02,1.41839574e-02,1.34027340e-02,1.20308368e-02,9.90197897e-03,6.99226474e-03,3.50451865e-03,-1.64077374e-04,-3.58817487e-03,-6.50122352e-03,-8.84145062e-03,-1.06731050e-02,-1.20852856e-02
8.80621386e-03,8.48615396e-03,7.79266306e-03,6.78318089e-03,5.64491571e-03,4.61380855e-03,3.87645176e-03,3.51585487e-03,3.51980322e-03,3.80982184e-03,4.31018725e-03,4.93995113e-03,5.63823740e-03,6.37175691e-03,7.14237168e-03,7.98522915e-03,8.94984612e-03,1.00679937e-02,1.13225540e-02,1.26307423e-02,1.38443418e-02,1.47595384e-02,1.51260310e-02,1.47150774e-02,1.33213272e-02,1.07718940e-02,7.11148480e-03,2.62149656e-03,-2.22576036e-03,-6.91410664e-03,-1.10746396e-02,-1.45413719e-02,-1.73051460e-02,-1.94255926e-02,-2.09623350e-02,-2.19444793e-02,-2.23773257e-02,-2.23448896e-02,-2.17628058e-02,-2.07068573e-02,-1.92676886e-02,-1.75617728e-02,-1.57038445e-02,-1.37760967e-02,-1.18096291e-02,-9.78701264e-03,-7.66516487e-03,-5.40820680e-03,-3.01578628e-03,-5.36404061e-04,1.93556532e-03,4.27465027e-03,6.34719107e-03,8.03314697e-03,9.24767333e-03,9.95862364e-03,1.01960509e-02,1.00687260e-02,9.71116057e-03,9.27952917e-03,8.93236998e-03,8.76666871e-03,8.77731438e-03,8.84927188e-03
-4.58025259e-02,-4.35182133e-02,-4.12054775e-02,-3.89061040e-02,-3.66535166e-02,-3.44712470e-02,-3.23721999e-02,-3.03577471e-02,-2.84176153e-02,-2.65335049e-02,-2.46882710e-02,-2.28779230e-02,-2.11196193e-02,-1.94500840e-02,-1.79150778e-02,-1.65552490e-02,-1.53924522e-02,-1.44172065e-02,-1.35790550e-02,-1.27859215e-02,-1.19179958e-02,-1.08554950e-02,-9.50976257e-03,-7.84106114e-03,-5.85701268e-03,-3.59953822e-03,-1.13174171e-03,1.46891005e-03,4.11095679e-03,6.69069917e-03,9.09264349e-03,1.11920130e-02,1.28577820e-02,1.39574264e-02,1.43632018e-02,1.40097287e-02,1.28337905e-02,1.07391639e-02,7.63626676e-03,3.36736211e-03,-2.24836385e-03,-9.20228523e-03,-1.70056229e-02,-2.46768747e-02,-3.12285777e-02,-3.62179823e-02,-3.98259813e-02,-4.25598720e-02,-4.49370872e-02,-4.72957804e-02,-4.97154856e-02,-5.20567401e-02,-5.40971593e-02,-5.56639201e-02,-5.66869299e-02,-5.71866559e-02,-5.72848422e-02,-5.69663296e-02,-5.62249683e-02,-5.51206216e-02,-5.36990232e-02,-5.20078843e-02,-5.00959181e-02,-4.80113444e-02
1.31144879e-02,1.29526207e-02,1.24162174e-02,1.15118303e-02,1.02937527e-02,8.84197514e-03,7.24628604e-03,5.59280717e-03,3.96512301e-03,2.45387400e-03,1.15711367e-03,1.62663709e-04,-4.77037109e-04,-7.59543367e-04,-7.28098057e-04,-4.45637440e-04,1.82316045e-05,5.95051557e-04,1.20945162e-03,1.77125374e-03,2.18232000e-03,2.35977262e-03,2.26242968e-03,1.89777077e-03,1.30116876e-03,5.23388875e-04,-3.84548558e-04,-1.36781195e-03,-2.36371412e-03,-3.30745856e-03,-4.14572243e-03,-4.84596106e-03,-5.39224952e-03,-5.76943750e-03,-5.94894896e-03,-5.89914564e-03,-5.56280712e-03,-4.91504371e-03,-3.96458655e-03,-2.75982468e-03,-1.38022270e-03,8.10281920e-05,1.53520209e-03,2.91056663e-03,4.15352761e-03,5.21972377e-03,6.06147899e-03,6.61878440e-03,6.81986201e-03,6.61155979e-03,5.98171155e-03,5.00431215e-03,3.89296534e-03,2.95774220e-03,2.50029561e-03,2.69662841e-03,3.54225456e-03,4.90748445e-03,6.57535152e-03,8.31653473e-03,9.93283490e-03,1.12814344e-02,1.22801845e-02,1.28948332e-02
-1.48041207e-02,-1.18975780e-02,-9.07138313e-03,-6.43487425e-03,-4.07260627e-03,-2.03233283e-03,-3.17309568e-04,1.10618967e-03,2.28296178e-03,3.23677187e-03,3.95335741e-03,4.39044402e-03,4.51132569e-03,4.33624078e-03,3.94588250e-03,3.49067599e-03,3.14837809e-03,3.06960450e-03,3.34025275e-03,3.99859396e-03,5.04162418e-03,6.44158108e-03,8.15341432e-03,1.01127140e-02,1.22310918e-02,1.43935007e-02,1.64605474e-02,1.82777925e-02,1.96927495e-02,2.05774428e-02,2.08483513e-02,2.05687954e-02,1.97868008e-02,1.85981589e-02,1.71421568e-02,1.55189242e-02,1.37606838e-02,1.18351706e-02,9.67753949e-03,7.23840321e-03,4.53015380e-03,1.65226337e-03,-1.22091045e-03,-3.89560417e-03,-6.25075933e-03,-8.29752272e-03,-1.01648004e-02,-1.20126077e-02,-1.39274995e-02,-1.58712769e-02,-1.77235556e-02,-1.93800626e-02,-2.08217090e-02,-2.21080823e-02,-2.33139175e-02,-2.44523718e-02,-2.54274193e-02,-2.60524761e-02,-2.61997584e-02,-2.57095206e-02,-2.45076711e-02,-2.26719200e-02,-2.03385913e-02,-1.76647498e-02
-1.17085158e-02,-1.26886865e-02,-1.39315800e-02,-1.53858925e-02,-1.69388423e-02,-1.84372373e-02,-1.97349685e-02,-2.07352894e-02,-2.14023686e-02,-2.17433508e-02,-2.18083263e-02,-2.15958767e-02,-2.11304435e-02,-2.04669054e-02,-1.96933415e-02,-1.89187772e-02,-1.82415699e-02,-1.77159722e-02,-1.73337445e-02,-1.70291744e-02,-1.67005480e-02,-1.62370690e-02,-1.55526528e-02,-1.46101185e-02,-1.34235867e-02,-1.20420328e-02,-1.05237683e-02,-8.91418544e-03,-7.23691871e-03,-5.50193305e-03,-3.72526535e-03,-1.94931347e-03,-2.54219893e-04,1.24173958e-03,2.39116255e-03,3.03626223e-03,3.03357954e-03,2.32099546e-03,8.70509825e-04,-1.22805179e-03,-3.81042297e-03,-6.66877614e-03,-9.57301949e-03,-1.22944427e-02,-1.46378797e-02,-1.64741966e-02,-1.77544656e-02,-1.84994890e-02,-1.87824755e-02,-1.87154489e-02,-1.83410539e-02,-1.77454428e-02,-1.69887392e-02,-1.61159916e-02,-1.51649557e-02,-1.41733275e-02,-1.31848086e-02,-1.22538133e-02,-1.14460585e-02,-1.08308757e-02,-1.04658309e-02,-1.03687248e-02,-1.05482018e-02,-1.09968797e-02
1.49604779e-03,-1.47689811e-04,-1.73622368e-03,-3.19916804e-03,-4.43469449e-03,-5.34049933e-03,-5.84181371e-03,-5.92311778e-03,-5.57204609e-03,-4.81669344e-03,-3.70156197e-03,-2.28172446e-03,-6.23161355e-04,1.19302608e-03,3.06509186e-03,4.87335194e-03,6.49321528e-03,7.81974617e-03,8.79427932e-03,9.42046732e-03,9.75905668e-03,9.89851978e-03,9.91035465e-03,9.82411642e-03,9.60110756e-03,9.18124708e-03,8.52569765e-03,7.66931867e-03,6.73968786e-03,5.92262438e-03,5.39167707e-03,5.24901483e-03,5.49836593e-03,6.10667060e-03,7.02111145e-03,8.19128905e-03,9.57082344e-03,1.11020601e-02,1.27077095e-02,1.42979611e-02,1.57882590e-02,1.71155207e-02,1.82432345e-02,1.91560606e-02,1.98537363e-02,2.03534191e-02,2.06980972e-02,2.09554126e-02,2.11928454e-02,2.14405359e-02,2.16601215e-02,2.17313241e-02,2.15199986e-02,2.08915923e-02,1.97747293e-02,1.82155615e-02,1.63518042e-02,1.43483121e-02,1.23316275e-02,1.03655374e-02,8.46848502e-03,6.64109875e-03,4.87855741e-03,3.16917222e-03
3.20885243e-02,3.15232993e-02,3.13253577e-02,3.12893609e-02,3.11972775e-02,3.08610015e-02,3.00982351e-02,2.88407667e-02,2.71916545e-02,2.54067166e-02,2.38008349e-02,2.26276656e-02,2.20092041e-02,2.19643358e-02,2.23371238e-02,2.31106362e-02,2.41727999e-02,2.53929526e-02,2.66113308e-02,2.76341551e-02,2.82454064e-02,2.82014212e-02,2.74813077e-02,2.58468919e-02,2.32276130e-02,1.96529348e-02,1.52997179e-02,1.05323347e-02,5.85423125e-03,1.75157270e-03,-1.46314599e-03,-3.68248743e-03,-4.93472215e-03,-5.31449576e-03,-4.91113699e-03,-3.82024387e-03,-2.16819413e-03,-8.96407418e-05,2.28352803e-03,4.83158430e-03,7.44842581e-03,1.00390754e-02,1.25239974e-02,1.48519676e-02,1.70149834e-02,1.90530476e-02,2.10404459e-02,2.30575056e-02,2.51617489e-02,2.73707857e-02,2.96601920e-02,3.19715115e-02,3.42229117e-02,3.63173054e-02,3.81465353e-02,3.95932456e-02,4.05317943e-02,4.08103466e-02,4.05026050e-02,3.95835220e-02,3.81193203e-02,3.63551240e-02,3.45983727e-02,3.31218264e-02
1.96391425e-02,2.22916456e-02,2.48099609e-02,2.71564386e-02,2.93132056e-02,3.12952178e-02,3.31529433e-02,3.49590245e-02,3.67833074e-02,3.86672116e-02,4.06066121e-02,4.25461453e-02,4.43820595e-02,4.59681306e-02,4.71179920e-02,4.75848223e-02,4.72716421e-02,4.60387911e-02,4.35862733e-02,3.97303961e-02,3.43424409e-02,2.73971835e-02,1.90961888e-02,9.99134115e-03,9.50525926e-04,-7.10637662e-03,-1.35683316e-02,-1.82713686e-02,-2.13693020e-02,-2.31581227e-02,-2.39461542e-02,-2.40548518e-02,-2.35718664e-02,-2.26333120e-02,-2.13339328e-02,-1.97604457e-02,-1.80111224e-02,-1.61954844e-02,-1.44212815e-02,-1.27788504e-02,-1.13318843e-02,-1.01178742e-02,-9.15379217e-03,-8.43877879e-03,-7.95070445e-03,-7.64367933e-03,-7.45611465e-03,-7.32791629e-03,-7.21381488e-03,-7.08274617e-03,-6.90380191e-03,-6.62844713e-03,-6.18200506e-03,-5.47381481e-03,-4.42433571e-03,-2.99346426e-03,-1.19174606e-03,9.30387626e-04,3.30398306e-03,5.86206045e-03,8.54689088e-03,1.13094520e-02,1.41062368e-02,1.68963928e-02
6.04786022e-03,3.24836627e-03,7.98405498e-04,-1.32644442e-03,-3.13432645e-03,-4.60392982e-03,-5.68775781e-03,-6.32634807e-03,-6.49225148e-03,-6.18245704e-03,-5.47333436e-03,-4.52207780e-03,-3.52343654e-03,-2.65232870e-03,-2.00814756e-03,-1.58559641e-03,-1.28782353e-03,-9.76949136e-04,-5.35284231e-04,9.44267475e-05,9.07203260e-04,1.86150140e-03,2.90773388e-03,4.00305444e-03,5.11391878e-03,6.21691353e-03,7.30422156e-03,8.39005744e-03,9.51066996e-03,1.07158494e-02,1.20563606e-02,1.35719693e-02,1.52805634e-02,1.71668333e-02,1.91718838e-02,2.11899610e-02,2.30802601e-02,2.46982891e-02,2.59429154e-02,2.68033662e-02,2.73794068e-02,2.78483366e-02,2.83910971e-02,2.91386578e-02,3.01378952e-02,3.13407037e-02,3.26275870e-02,3.38472497e-02,3.48519766e-02,3.55194253e-02,3.57565552e-02,3.56000994e-02,3.50779893e-02,3.42215468e-02,3.31188060e-02,3.18180617e-02,3.02864236e-02,2.84178013e-02,2.60879310e-02,2.32334576e-02,1.99137722e-02,1.63122588e-02,1.26710446e-02,9.20492186e-03
1.30023179e-03,1.29533580e-03,1.26727783e-03,1.20091079e-03,1.05216350e-03,7.70899075e-04,3.19381050e-04,-3.30591081e-04,-1.21810376e-03,-2.41375838e-03,-4.02571132e-03,-6.18612033e-03,-9.00982956e-03,-1.25117076e-02,-1.64983994e-02,-2.05251460e-02,-2.40220005e-02,-2.65345036e-02,-2.78841364e-02,-2.82213116e-02,-2.76592928e-02,-2.63574061e-02,-2.44949662e-02,-2.21907947e-02,-1.95259482e-02,-1.65606990e-02,-1.33463579e-02,-9.93405450e-03,-6.38202051e-03,-2.76038959e-03,8.48212451e-04,4.35136146e-03,7.65443634e-03,1.06642070e-02,1.32866602e-02,1.54188415e-02,1.69386545e-02,1.77017407e-02,1.75645602e-02,1.65580313e-02,1.46538932e-02,1.21076219e-02,9.33278810e-03,6.78206861e-03,4.80457548e-03,3.55883768e-03,3.01065851e-03,2.99126020e-03,3.26361702e-03,3.61375857e-03,3.86295837e-03,3.90227136e-03,3.70241174e-03,3.28067847e-03,2.70538019e-03,2.07022966e-03,1.47574840e-03,1.01353934e-03,7.47259959e-04,6.91179100e-04,7.99406163e-04,9.85113728e-04,1.15765790e-03,1.26349199e-03
-2.34588933e-02,-2.22928801e-02,-2.12883584e-02,-2.05219355e-02,-2.00391549e-02,-1.98447002e-02,-1.98898350e-02,-2.01546817e-02,-2.05629616e-02,-2.10649802e-02,-2.16531163e-02,-2.23563894e-02,-2.32054431e-02,-2.41858717e-02,-2.52163892e-02,-2.61765936e-02,-2.69688849e-02,-2.75710371e-02,-2.80480021e-02,-2.85301224e-02,-2.91846846e-02,-3.01721671e-02,-3.15822259e-02,-3.33790826e-02,-3.53949173e-02,-3.74011655e-02,-3.92257828e-02,-4.08294068e-02,-4.22857108e-02,-4.36879066e-02,-4.50392768e-02,-4.61978178e-02,-4.69384275e-02,-4.71561519e-02,-4.67696078e-02,-4.56842100e-02,-4.40664070e-02,-4.20756370e-02,-3.98453388e-02,-3.74664966e-02,-3.49939237e-02,-3.24680362e-02,-2.99398994e-02,-2.74875487e-02,-2.52151200e-02,-2.32330951e-02,-2.16265880e-02,-2.04269780e-02,-1.96056717e-02,-1.91003936e-02,-1.88632554e-02,-1.88589024e-02,-1.91719684e-02,-1.98776272e-02,-2.10095087e-02,-2.24902970e-02,-2.41162310e-02,-2.56085158e-02,-2.67045274e-02,-2.72411512e-02,-2.72710239e-02,-2.67464836e-02,-2.58288904e-02,-2.46815229e-02
8.67622840e-03,1.17265413e-02,1.47868292e-02,1.78575153e-02,2.09278068e-02,2.39775173e-02,2.69837099e-02,2.99251950e-02,3.27810209e-02,3.55242215e-02,3.81146106e-02,4.04935170e-02,4.25817847e-02,4.42823712e-02,4.54898046e-02,4.61108838e-02,4.60945932e-02,4.56185485e-02,4.46366925e-02,4.32737166e-02,4.16473323e-02,3.97882830e-02,3.75970753e-02,3.48459055e-02,3.12372268e-02,2.65315891e-02,2.07201546e-02,1.41179055e-02,7.22107715e-03,3.83121777e-04,-6.39384669e-03,-1.33564159e-02,-2.06775750e-02,-2.81866556e-02,-3.53464332e-02,-4.15294322e-02,-4.63365095e-02,-4.96878785e-02,-5.17122514e-02,-5.26207469e-02,-5.27457090e-02,-5.20416361e-02,-5.06115952e-02,-4.86012115e-02,-4.61459752e-02,-4.33781816e-02,-4.04199146e-02,-3.73752395e-02,-3.43265211e-02,-3.13347396e-02,-2.84421805e-02,-2.56756321e-02,-2.30481049e-02,-2.05575357e-02,-1.81828595e-02,-1.58807911e-02,-1.35883153e-02,-1.12339519e-02,-8.75571591e-03,-6.11862399e-03,-3.32344185e-03,-4.02234799e-04,2.59719679e-03,5.63148930e-03
-6.22542155e-03,-4.89375748e-03,-3.91531617e-03,-3.29304417e-03,-2.96128272e-03,-2.80366953e-03,-2.69130387e-03,-2.52287577e-03,-2.25743774e-03,-1.92381547e-03,-1.60303087e-03,-1.39535521e-03,-1.38489490e-03,-1.63211004e-03,-2.16983552e-03,-3.02269257e-03,-4.22280213e-03,-5.81042849e-03,-7.80990578e-03,-1.01893373e-02,-1.28355454e-02,-1.55739896e-02,-1.82234050e-02,-2.06400427e-02,-2.27230932e-02,-2.43951550e-02,-2.55858153e-02,-2.62326730e-02,-2.63566692e-02,-2.58762426e-02,-2.47557882e-02,-2.30142127e-02,-2.07057277e-02,-1.79225118e-02,-1.47845360e-02,-1.14226109e-02,-7.96343750e-03,-4.52248184e-03,-1.20521037e-03,1.88743686e-03,4.65575956e-03,7.01039018e-03,8.88568964e-03,1.02537089e-02,1.11260076e-02,1.15369414e-02,1.15101853e-02,1.10784025e-02,1.01584714e-02,8.66220510e-03,6.48242677e-03,3.55320328e-03,-6.15870024e-05,-4.08155482e-03,-8.01660824e-03,-1.13285355e-02,-1.36331203e-02,-1.48021847e-02,-1.49988552e-02,-1.43386466e-02,-1.30701595e-02,-1.14309043e-02,-9.62846314e-03,-7.84265979e-03
-1.67706969e-02,-1.74925496e-02,-1.78540790e-02,-1.79132088e-02,-1.76604571e-02,-1.71190947e-02,-1.63278494e-02,-1.53264442e-02,-1.41401142e-02,-1.27737818e-02,-1.12211320e-02,-9.48030045e-03,-7.56341947e-03,-5.49468808e-03,-3.30279552e-03,-1.01771266e-03,1.32296718e-03,3.66014800e-03,5.90146842e-03,7.91628626e-03,9.54339917e-03,1.06141826e-02,1.09905190e-02,1.06536848e-02,9.67698003e-03,8.25500795e-03,6.71222273e-03,5.38241961e-03,4.51096822e-03,4.20126243e-03,4.41585617e-03,5.04562578e-03,5.97100038e-03,7.09455554e-03,8.36643856e-03,9.76961281e-03,1.12906611e-02,1.28940210e-02,1.45101460e-02,1.60368052e-02,1.73466824e-02,1.82958939e-02,1.87313748e-02,1.85290220e-02,1.76405204e-02,1.59935653e-02,1.36832100e-02,1.09385505e-02,8.09725381e-03,5.53182500e-03,3.54884477e-03,2.30402954e-03,1.76457515e-03,1.72153232e-03,1.83280070e-03,1.70143196e-03,9.61158090e-04,-6.25051259e-04,-3.04077045e-03,-5.99564728e-03,-9.04329403e-03,-1.17814418e-02,-1.39896031e-02,-1.56309343e-02
-1.72063133e-02,-1.66275103e-02,-1.65006345e-02,-1.68437456e-02,-1.75613039e-02,-1.84730772e-02,-1.93658203e-02,-2.00416540e-02,-2.03616158e-02,-2.03172339e-02,-1.98219419e-02,-1.89217000e-02,-1.76667902e-02,-1.61159280e-02,-1.43259200e-02,-1.23379442e-02,-1.01650944e-02,-7.78881528e-03,-5.16970484e-03,-2.27085483e-03,9.16079650e-04,4.35324666e-03,7.95650498e-03,1.16068809e-02,1.51634598e-02,1.84721422e-02,2.13693239e-02,2.36845034e-02,2.52470148e-02,2.58963731e-02,2.55798998e-02,2.42959164e-02,2.19511887e-02,1.86231608e-02,1.45005065e-02,9.91568958e-03,5.32787250e-03,1.20578065e-03,-2.13224819e-03,-4.60725799e-03,-6.34920261e-03,-7.59749097e-03,-8.61547914e-03,-9.63869189e-03,-1.08465304e-02,-1.23408022e-02,-1.41295883e-02,-1.61264844e-02,-1.81775324e-02,-2.01156113e-02,-2.18182229e-02,-2.32348447e-02,-2.43708128e-02,-2.52454263e-02,-2.58540189e-02,-2.61578339e-02,-2.61655665e-02,-2.57778136e-02,-2.49996887e-02,-2.38781816e-02,-2.25057639e-02,-2.10071932e-02,-1.95258246e-02,-1.82112801e-02
-2.74440328e-02,-2.63426885e-02,-2.50434928e-02,-2.36213140e-02,-2.21723358e-02,-2.07969823e-02,-1.95776713e-02,-1.85591963e-02,-1.77442147e-02,-1.71100726e-02,-1.66379908e-02,-1.63344532e-02,-1.62197146e-02,-1.63102883e-02,-1.66258500e-02,-1.71211374e-02,-1.77148508e-02,-1.83085044e-02,-1.88180103e-02,-1.92055161e-02,-1.94945137e-02,-1.97601871e-02,-2.01083915e-02,-2.06498369e-02,-2.14740468e-02,-2.26402619e-02,-2.41799224e-02,-2.60970886e-02,-2.83608621e-02,-3.08986538e-02,-3.36037759e-02,-3.63545279e-02,-3.90251415e-02,-4.14801245e-02,-4.35703438e-02,-4.51511417e-02,-4.61185309e-02,-4.64739621e-02,-4.63362232e-02,-4.55845981e-02,-4.43604770e-02,-4.27548411e-02,-4.08598555e-02,-3.87749659e-02,-3.66112266e-02,-3.44900912e-02,-3.25348928e-02,-3.08566103e-02,-2.95377234e-02,-2.86193735e-02,-2.80962341e-02,-2.79119844e-02,-2.79798033e-02,-2.82529394e-02,-2.86264949e-02,-2.90098232e-02,-2.93312087e-02,-2.95485165e-02,-2.96501981e-02,-2.96573444e-02,-2.95526882e-02,-2.93208880e-02,-2.89208049e-02,-2.83050003e-02
-4.93902329e-02,-5.13854881e-02,-5.29569838e-02,-5.40475724e-02,-5.46379632e-02,-5.48035145e-02,-5.45959952e-02,-5.40182885e-02,-5.32005343e-02,-5.22118800e-02,-5.10693776e-02,-4.97447553e-02,-4.81902637e-02,-4.63753310e-02,-4.43168375e-02,-4.20893725e-02,-3.98146846e-02,-3.76389003e-02,-3.57063353e-02,-3.41342408e-02,-3.29889272e-02,-3.22637839e-02,-3.18668992e-02,-3.16371350e-02,-3.13774129e-02,-3.08570925e-02,-2.98928213e-02,-2.84153110e-02,-2.64775169e-02,-2.42288346e-02,-2.18741108e-02,-1.96333004e-02,-1.77104657e-02,-1.62753283e-02,-1.54538325e-02,-1.52682597e-02,-1.57534011e-02,-1.68213448e-02,-1.82481435e-02,-1.97024189e-02,-2.08127690e-02,-2.13018657e-02,-2.11109334e-02,-2.01385387e-02,-1.85845125e-02,-1.67133086e-02,-1.48183721e-02,-1.31871949e-02,-1.20850567e-02,-1.17091984e-02,-1.22286171e-02,-1.37717762e-02,-1.62560863e-02,-1.93866269e-02,-2.27261793e-02,-2.58879586e-02,-2.87031206e-02,-3.12366493e-02,-3.36777710e-02,-3.62032232e-02,-3.88839069e-02,-4.16686185e-02,-4.44332677e-02,-4.70439333e-02
-2.21628792e-02,-2.19009052e-02,-2.17809013e-02,-2.16921361e-02,-2.14614527e-02,-2.08937078e-02,-1.98520233e-02,-1.82946183e-02,-1.62736822e-02,-1.39049609e-02,-1.13282285e-02,-8.67605509e-03,-6.05953075e-03,-3.57048064e-03,-1.29226850e-03,6.92928676e-04,2.31028386e-03,3.51861269e-03,4.33779786e-03,4.85713713e-03,5.20641437e-03,5.49875067e-03,5.77949929e-03,6.00472047e-03,6.04771138e-03,5.74512811e-03,4.91796862e-03,3.43458503e-03,1.26655843e-03,-1.48081449e-03,-4.57819324e-03,-7.74350474e-03,-1.07292065e-02,-1.33917839e-02,-1.57059381e-02,-1.77247169e-02,-1.95160656e-02,-2.11101887e-02,-2.24803343e-02,-2.35610070e-02,-2.42869969e-02,-2.46307927e-02,-2.46605220e-02,-2.43848002e-02,-2.39182679e-02,-2.33767434e-02,-2.28679363e-02,-2.24773130e-02,-2.22578311e-02,-2.22112783e-02,-2.23469834e-02,-2.26489377e-02,-2.30864529e-02,-2.36135002e-02,-2.41618024e-02,-2.46490463e-02,-2.49983884e-02,-2.51579460e-02,-2.51372043e-02,-2.48882537e-02,-2.44423664e-02,-2.38520322e-02,-2.32051724e-02,-2.26105350e-02
1.81223505e-02,1.80238721e-02,1.81081934e-02,1.84574817e-02,1.90844768e-02,1.98875259e-02,2.07100482e-02,2.14007580e-02,2.18640080e-02,2.20859942e-02,2.21280906e-02,2.21038103e-02,2.21107888e-02,2.22280303e-02,2.25322648e-02,2.30680237e-02,2.38538165e-02,2.48775335e-02,2.60904484e-02,2.74084207e-02,2.87259219e-02,2.99400619e-02,3.09728285e-02,3.17760157e-02,3.23086123e-02,3.24822449e-02,3.21999870e-02,3.12345804e-02,2.92582215e-02,2.59829616e-02,2.12753736e-02,1.52834887e-02,8.44100938e-03,1.31756895e-03,-5.55191791e-03,-1.17612958e-02,-1.70867924e-02,-2.14908633e-02,-2.50681093e-02,-2.79478024e-02,-3.02183825e-02,-3.19053600e-02,-3.29854251e-02,-3.34337393e-02,-3.33349515e-02,-3.24968390e-02,-3.09542353e-02,-2.87369737e-02,-2.59099043e-02,-2.25620505e-02,-1.87940445e-02,-1.47115048e-02,-1.04249738e-02,-6.05294174e-03,-1.72355249e-03,2.42790025e-03,6.26548997e-03,9.66946035e-03,1.25456768e-02,1.48326097e-02,1.65037219e-02,1.75713420e-02,1.80984664e-02,1.82095932e-02
4.77591066e-02,4.69445938e-02,4.56478985e-02,4.42115003e-02,4.30171408e-02,4.23470568e-02,4.23259427e-02,4.27281085e-02,4.35143821e-02,4.44384520e-02,4.52298724e-02,4.56337951e-02,4.54850090e-02,4.47275031e-02,4.31420920e-02,4.06036211e-02,3.70249689e-02,3.23831652e-02,2.67805641e-02,2.05114486e-02,1.40843538e-02,8.13983040e-03,3.26267372e-03,-2.00358186e-04,-2.18713574e-03,-2.86292154e-03,-2.48547378e-03,-1.32258951e-03,3.55363478e-04,2.30243933e-03,4.30057887e-03,6.16066448e-03,7.72610423e-03,8.87997065e-03,9.55387211e-03,9.73386922e-03,9.49214700e-03,8.90696691e-03,8.10441605e-03,7.24416812e-03,6.49112431e-03,5.98996920e-03,5.83516435e-03,6.04004652e-03,6.57066371e-03,7.36667271e-03,8.37826408e-03,9.59912189e-03,1.10637019e-02,1.28223993e-02,1.49132420e-02,1.73450455e-02,2.00945350e-02,2.31111663e-02,2.63232909e-02,2.96436958e-02,3.29753845e-02,3.62177777e-02,3.92712420e-02,4.20369808e-02,4.44116552e-02,4.62810268e-02,4.75190793e-02,4.79814757e-02
-3.46552536e-02,-3.58112875e-02,-3.66298953e-02,-3.70605096e-02,-3.71878545e-02,-3.71438920e-02,-3.70804751e-02,-3.70796931e-02,-3.71726489e-02,-3.72561562e-02,-3.72302840e-02,-3.69225397e-02,-3.62397797e-02,-3.51756262e-02,-3.37913125e-02,-3.21870172e-02,-3.04745142e-02,-2.87550724e-02,-2.71026307e-02,-2.55535988e-02,-2.41069031e-02,-2.27356535e-02,-2.14052651e-02,-2.00880850e-02,-1.87673657e-02,-1.74325915e-02,-1.60749957e-02,-1.46903439e-02,-1.32888712e-02,-1.19064897e-02,-1.06102910e-02,-9.49387838e-03,-8.66183162e-03,-8.20602749e-03,-8.14948317e-03,-8.49726125e-03,-9.15121436e-03,-9.95755227e-03,-1.07527475e-02,-1.14239803e-02,-1.19544030e-02,-1.24276796e-02,-1.29944019e-02,-1.38130902e-02,-1.49773413e-02,-1.64727172e-02,-1.81927774e-02,-2.00014222e-02,-2.17948893e-02,-2.35231461e-02,-2.51682172e-02,-2.67055012e-02,-2.80774992e-02,-2.91981192e-02,-2.99875639e-02,-3.04183409e-02,-3.05500142e-02,-3.04846098e-02,-3.03714495e-02,-3.03528658e-02,-3.05763807e-02,-3.11573659e-02,-3.21103702e-02,-3.33421409e-02
-1.67042329e-02,-1.47527648e-02,-1.31691132e-02,-1.20095894e-02,-1.12979692e-02,-1.10150235e-02,-1.10944665e-02,-1.14791016e-02,-1.20636362e-02,-1.27415983e-02,-1.34196450e-02,-1.40361841e-02,-1.45710794e-02,-1.50405830e-02,-1.54822456e-02,-1.59387555e-02,-1.64453633e-02,-1.70204987e-02,-1.76596763e-02,-1.83372692e-02,-1.90200100e-02,-1.96847805e-02,-2.03229795e-02,-2.09202103e-02,-2.14203243e-02,-2.17039402e-02,-2.16863524e-02,-2.11700755e-02,-2.00702512e-02,-1.83717712e-02,-1.61261383e-02,-1.34253864e-02,-1.03814834e-02,-7.11579728e-03,-3.75482518e-03,-4.26679047e-04,2.74322116e-03,5.63702740e-03,8.14733525e-03,1.01745050e-02,1.16248655e-02,1.24109935e-02,1.24413171e-02,1.17606760e-02,1.02694013e-02,7.96773346e-03,4.84370077e-03,8.54725266e-04,-4.05080116e-03,-9.83501072e-03,-1.62147884e-02,-2.25707009e-02,-2.80960521e-02,-3.21384665e-02,-3.44493384e-02,-3.52288172e-02,-3.48617212e-02,-3.34731114e-02,-3.14670270e-02,-2.91041844e-02,-2.65608315e-02,-2.39591449e-02,-2.13927834e-02,-1.89461105e-02
4.66476558e-02,4.73682409e-02,4.77721034e-02,4.79067961e-02,4.78679419e-02,4.77215331e-02,4.75214577e-02,4.73553163e-02,4.73044289e-02,4.73634544e-02,4.75279958e-02,4.77604326e-02,4.79939510e-02,4.81713005e-02,4.82526452e-02,4.82128303e-02,4.80159424e-02,4.75497127e-02,4.66767400e-02,4.52544887e-02,4.31888809e-02,4.04835205e-02,3.72497197e-02,3.36704559e-02,2.99501715e-02,2.62861588e-02,2.28597300e-02,1.98207260e-02,1.72588928e-02,1.51837004e-02,1.35298472e-02,1.21829754e-02,1.10118734e-02,9.90122364e-03,8.78389838e-03,7.66492491e-03,6.61889084e-03,5.74830120e-03,5.11815107e-03,4.70473262e-03,4.38993745e-03,4.00724430e-03,3.41714646e-03,2.58679421e-03,1.64229447e-03,8.46935761e-04,5.05710538e-04,8.54945108e-04,2.00159613e-03,3.93016441e-03,6.53840293e-03,9.68147190e-03,1.32018225e-02,1.69460902e-02,2.07736251e-02,2.45612929e-02,2.82070536e-02,3.16325769e-02,3.47835935e-02,3.76264784e-02,4.01411293e-02,4.23128200e-02,4.41273721e-02,4.55729227e-02
9.16885216e-03,9.26733982e-03,9.73133141e-03,1.05040292e-02,1.15052151e-02,1.26648631e-02,1.39251713e-02,1.52451208e-02,1.66077128e-02,1.80237078e-02,1.95255815e-02,2.11513841e-02,2.29251216e-02,2.48426970e-02,2.68692935e-02,2.89479000e-02,3.10132869e-02,3.30038771e-02,3.48661128e-02,3.65508857e-02,3.80069234e-02,3.91785044e-02,4.00125411e-02,4.04735975e-02,4.05328438e-02,4.03139256e-02,3.97862513e-02,3.89876211e-02,3.79679872e-02,3.67814300e-02,3.55079314e-02,3.42669802e-02,3.32043251e-02,3.24524915e-02,3.20869561e-02,3.21018733e-02,3.23684197e-02,3.28257413e-02,3.33118026e-02,3.36368966e-02,3.35763578e-02,3.30490875e-02,3.18576758e-02,2.99845638e-02,2.76075181e-02,2.50815752e-02,2.28142462e-02,2.10993254e-02,2.00271215e-02,1.95075929e-02,1.93516898e-02,1.93436450e-02,1.93143212e-02,1.91585044e-02,1.88016348e-02,1.82270855e-02,1.74498307e-02,1.64883869e-02,1.53550572e-02,1.40729970e-02,1.27079505e-02,1.13852122e-02,1.02676718e-02,9.50179450e-03
3.69080094e-04,-5.54866121e-03,-1.12081634e-02,-1.63247294e-02,-2.07057567e-02,-2.42162425e-02,-2.67260926e-02,-2.81167786e-02,-2.84479606e-02,-2.76772981e-02,-2.58672223e-02,-2.32387158e-02,-2.00296194e-02,-1.64672483e-02,-1.27504636e-02,-9.04072979e-03,-5.46024698e-03,-2.09648793e-03,9.88513933e-04,3.74817070e-03,6.15072124e-03,8.18727391e-03,9.88550752e-03,1.13147062e-02,1.25683562e-02,1.37255353e-02,1.48120560e-02,1.57873307e-02,1.65701944e-02,1.70954338e-02,1.73735314e-02,1.75204538e-02,1.77215547e-02,1.81716834e-02,1.90430949e-02,2.04268811e-02,2.23126091e-02,2.46017604e-02,2.71365836e-02,2.97316933e-02,3.22018231e-02,3.43840860e-02,3.61552190e-02,3.74432890e-02,3.82308867e-02,3.85454428e-02,3.84863924e-02,3.81637803e-02,3.76054820e-02,3.68822916e-02,3.60404577e-02,3.51025017e-02,3.40820965e-02,3.29953849e-02,3.18578017e-02,3.06647155e-02,2.93665117e-02,2.78544805e-02,2.59678368e-02,2.35227173e-02,2.03577830e-02,1.63836871e-02,1.16187419e-02,6.19951496e-03
-5.63451254e-03,-4.14480416e-03,-2.78157487e-03,-1.63655822e-03,-7.43953425e-04,-7.79785800e-05,4.34827036e-04,8.89479832e-04,1.37089728e-03,1.92907850e-03,2.56867738e-03,3.25378856e-03,3.92181368e-03,4.49590011e-03,4.88635252e-03,4.97726589e-03,4.62423572e-03,3.62195602e-03,1.73392629e-03,-1.24903394e-03,-5.41537926e-03,-1.06416546e-02,-1.65651996e-02,-2.26696388e-02,-2.84455006e-02,-3.35144755e-02,-3.76566937e-02,-4.07771904e-02,-4.28711859e-02,-4.40124219e-02,-4.43819667e-02,-4.41778849e-02,-4.34002696e-02,-4.22248202e-02,-4.07225231e-02,-3.89106501e-02,-3.67827800e-02,-3.43398202e-02,-3.16112709e-02,-2.86587911e-02,-2.55651070e-02,-2.24186827e-02,-1.93039230e-02,-1.63004425e-02,-1.34876459e-02,-1.09465141e-02,-8.75168232e-03,-6.95381027e-03,-5.56171330e-03,-4.53946533e-03,-3.82892665e-03,-3.39183971e-03,-3.24125036e-03,-3.44534692e-03,-4.08348794e-03,-5.15487842e-03,-6.52359251e-03,-7.93140562e-03,-9.08419198e-03,-9.75133856e-03,-9.86112900e-03,-9.38575721e-03,-8.42062869e-03,-7.11416878e-03
-3.25024780e-02,-3.15460384e-02,-3.05270914e-02,-2.94685219e-02,-2.83711597e-02,-2.72254958e-02,-2.60252636e-02,-2.47783641e-02,-2.35113127e-02,-2.22644281e-02,-2.10789647e-02,-1.99830287e-02,-1.89851573e-02,-1.80793424e-02,-1.72563271e-02,-1.65112848e-02,-1.58428089e-02,-1.52484002e-02,-1.47263048e-02,-1.42873850e-02,-1.39706001e-02,-1.38398106e-02,-1.39749090e-02,-1.45170302e-02,-1.55949681e-02,-1.73326202e-02,-1.98000489e-02,-2.29433184e-02,-2.65353826e-02,-3.02130704e-02,-3.36068965e-02,-3.64750157e-02,-3.87483585e-02,-4.04825164e-02,-4.17751908e-02,-4.27023165e-02,-4.32952944e-02,-4.35631818e-02,-4.35782873e-02,-4.33091114e-02,-4.28687732e-02,-4.23836939e-02,-4.19532015e-02,-4.16079683e-02,-4.13031905e-02,-4.09405891e-02,-4.04071483e-02,-3.96397568e-02,-3.86702189e-02,-3.76148761e-02,-3.66252358e-02,-3.58275857e-02,-3.52786640e-02,-3.49574823e-02,-3.47955576e-02,-3.47232423e-02,-3.46987679e-02,-3.47035911e-02,-3.47341422e-02,-3.47515012e-02,-3.46962957e-02,-3.44707470e-02,-3.40203236e-02,-3.33480164e-02
2.53740674e-02,2.43827197e-02,2.40306658e-02,2.42737332e-02,2.50849144e-02,2.64479289e-02,2.82629466e-02,3.04010793e-02,3.27176515e-02,3.50592181e-02,3.72627528e-02,3.91505892e-02,4.05299253e-02,4.12058756e-02,4.10731454e-02,4.02291816e-02,3.86102943e-02,3.64040435e-02,3.38913317e-02,3.13695865e-02,2.91000950e-02,2.72776981e-02,2.60126978e-02,2.53195759e-02,2.51235620e-02,2.52280009e-02,2.54778907e-02,2.57124186e-02,2.57997967e-02,2.57229254e-02,2.55103960e-02,2.52285580e-02,2.49662113e-02,2.47939584e-02,2.47658915e-02,2.48864767e-02,2.52018139e-02,2.57383280e-02,2.64992791e-02,2.74548939e-02,2.85357205e-02,2.96417342e-02,3.06689501e-02,3.15477930e-02,3.22787271e-02,3.29420312e-02,3.36675300e-02,3.45844791e-02,3.57739301e-02,3.72360477e-02,3.88876007e-02,4.05854288e-02,4.21560596e-02,4.34164971e-02,4.41860901e-02,4.42275720e-02,4.36660435e-02,4.22946896e-02,4.01677414e-02,3.74919686e-02,3.45639971e-02,3.16872382e-02,2.91019258e-02,2.69660378e-02
-4.64910770e-02,-4.56022062e-02,-4.42823304e-02,-4.25024073e-02,-4.02679958e-02,-3.76186163e-02,-3.46198252e-02,-3.13554122e-02,-2.79217944e-02,-2.44237850e-02,-2.09709580e-02,-1.76743589e-02,-1.46429678e-02,-1.19789415e-02,-9.77198299e-03,-8.09647268e-03,-7.01743645e-03,-6.59342314e-03,-6.89014084e-03,-8.01649419e-03,-9.99891560e-03,-1.27132594e-02,-1.58158070e-02,-1.87972260e-02,-2.11573209e-02,-2.25779311e-02,-2.30311253e-02,-2.26040301e-02,-2.14016639e-02,-1.96555517e-02,-1.75779207e-02,-1.53620111e-02,-1.31877858e-02,-1.12298135e-02,-9.65857163e-03,-8.62466848e-03,-8.20992816e-03,-8.38157214e-03,-9.00667919e-03,-9.82932674e-03,-1.06160184e-02,-1.12610170e-02,-1.18175617e-02,-1.24499132e-02,-1.33486828e-02,-1.46368615e-02,-1.63158002e-02,-1.82790957e-02,-2.03787317e-02,-2.24998990e-02,-2.46043759e-02,-2.67303839e-02,-2.89600278e-02,-3.13703237e-02,-3.39818220e-02,-3.67225204e-02,-3.94284960e-02,-4.18907473e-02,-4.39282117e-02,-4.54444711e-02,-4.64367329e-02,-4.69642635e-02,-4.71278476e-02,-4.69956742e-02
3.86675347e-02,3.72892156e-02,3.50863278e-02,3.20326773e-02,2.82372574e-02,2.39956949e-02,1.97556149e-02,1.59736878e-02,1.29475134e-02,1.07455405e-02,9.26419779e-03,8.33740661e-03,7.81770413e-03,7.60060358e-03,7.60778248e-03,7.75014859e-03,7.93962632e-03,8.06688531e-03,8.04167473e-03,7.83864591e-03,7.47382752e-03,7.03607027e-03,6.64664855e-03,6.42025495e-03,6.43783770e-03,6.71948138e-03,7.28659784e-03,8.13230129e-03,9.24202571e-03,1.05802048e-02,1.20705331e-02,1.35821641e-02,1.49296400e-02,1.58892822e-02,1.62305716e-02,1.58363091e-02,1.46639122e-02,1.28050852e-02,1.05472230e-02,8.25663807e-03,6.26711025e-03,4.80305850e-03,3.96545696e-03,3.76681601e-03,4.16344965e-03,5.12060340e-03,6.59002005e-03,8.50234020e-03,1.07648311e-02,1.32695262e-02,1.59118444e-02,1.86067594e-02,2.12935621e-02,2.39297702e-02,2.64814243e-02,2.89164210e-02,3.12021492e-02,3.33044428e-02,3.51851314e-02,3.67986090e-02,3.80895326e-02,3.89918338e-02,3.94249487e-02,3.93175995e-02
-1.66133877e-02,-1.50129774e-02,-1.36927600e-02,-1.29140712e-02,-1.27869872e-02,-1.33987170e-02,-1.46540014e-02,-1.63556226e-02,-1.82561543e-02,-2.00999849e-02,-2.16521650e-02,-2.27164373e-02,-2.31719875e-02,-2.30445781e-02,-2.22194072e-02,-2.07916594e-02,-1.88696352e-02,-1.65772119e-02,-1.40367198e-02,-1.13555782e-02,-8.62112603e-03,-5.90464521e-03,-3.27331378e-03,-8.05710401e-04,1.39547895e-03,3.19827725e-03,4.44920490e-03,4.98247667e-03,4.64412947e-03,3.31122077e-03,8.73172606e-04,-2.65000755e-03,-7.06398462e-03,-1.19907094e-02,-1.69426049e-02,-2.14765070e-02,-2.53232434e-02,-2.84191041e-02,-3.08533881e-02,-3.27900942e-02,-3.44038275e-02,-3.58373877e-02,-3.71717122e-02,-3.84012493e-02,-3.94228871e-02,-4.00666779e-02,-4.02406192e-02,-3.98204453e-02,-3.86917394e-02,-3.69641033e-02,-3.48087893e-02,-3.24263526e-02,-3.00081416e-02,-2.77146821e-02,-2.56724426e-02,-2.39793424e-02,-2.27037239e-02,-2.18644451e-02,-2.13980076e-02,-2.11483054e-02,-2.09021102e-02,-2.04151089e-02,-1.95178085e-02,-1.82006435e-02
3.58132385e-02,3.45881214e-02,3.35105173e-02,3.26131257e-02,3.19191855e-02,3.14336310e-02,3.11702992e-02,3.11948950e-02,3.15230383e-02,3.22938363e-02,3.35761571e-02,3.53771904e-02,3.76376912e-02,4.02486343e-02,4.30789540e-02,4.60010750e-02,4.89078520e-02,5.17199922e-02,5.43845971e-02,5.68649370e-02,5.91220074e-02,6.10912341e-02,6.26622058e-02,6.36751900e-02,6.38372055e-02,6.33435365e-02,6.19662091e-02,5.97021446e-02,5.67752020e-02,5.35248444e-02,5.02998093e-02,4.73637852e-02,4.48596855e-02,4.28307142e-02,4.12627587e-02,4.01219982e-02,3.93805511e-02,3.90283780e-02,3.90640347e-02,3.94142562e-02,4.01320031e-02,4.11945190e-02,4.25694607e-02,4.42253608e-02,4.61318979e-02,4.82546716e-02,5.05473122e-02,5.29435175e-02,5.53502171e-02,5.76428025e-02,5.96640907e-02,6.12282612e-02,6.21337563e-02,6.21413566e-02,6.14619735e-02,5.98147044e-02,5.72210556e-02,5.38855074e-02,5.01752432e-02,4.65399745e-02,4.33566969e-02,4.07930843e-02,3.87941947e-02,3.71880976e-02
3.37623076e-02,3.10854172e-02,2.81798848e-02,2.50657704e-02,2.18077193e-02,1.84807134e-02,1.51157709e-02,1.16620794e-02,7.99968660e-03,4.01294221e-03,-3.02578679e-04,-4.76566044e-03,-9.05332282e-03,-1.28501131e-02,-1.59704576e-02,-1.83815836e-02,-2.01439465e-02,-2.13319890e-02,-2.19852946e-02,-2.21509098e-02,-2.18100883e-02,-2.09769498e-02,-1.97734443e-02,-1.83899989e-02,-1.70526776e-02,-1.59711340e-02,-1.52838304e-02,-1.50135750e-02,-1.50595847e-02,-1.52605588e-02,-1.53895100e-02,-1.52752927e-02,-1.47368372e-02,-1.36941551e-02,-1.21244286e-02,-1.00517923e-02,-7.52998902e-03,-4.62791287e-03,-1.42120529e-03,2.01155997e-03,5.59123419e-03,9.24632558e-03,1.29196228e-02,1.65740360e-02,2.01916968e-02,2.37644354e-02,2.72785851e-02,3.07005801e-02,3.39697842e-02,3.70019400e-02,3.97027033e-02,4.19874422e-02,4.38008705e-02,4.51278746e-02,4.59873053e-02,4.64093481e-02,4.63997942e-02,4.60627200e-02,4.52987636e-02,4.41061949e-02,4.25270302e-02,4.06388613e-02,3.85241423e-02,3.62318961e-02
-2.10923046e-02,-2.12011695e-02,-2.08058291e-02,-1.98869800e-02,-1.84638943e-02,-1.65706503e-02,-1.42580210e-02,-1.15998674e-02,-8.69869648e-03,-5.68661253e-03,-2.72148555e-03,2.09071368e-05,2.35761465e-03,4.11619543e-03,5.15235182e-03,5.35977164e-03,4.72474234e-03,3.25858500e-03,1.13150191e-03,-1.30229779e-03,-3.54458424e-03,-5.11438268e-03,-5.72539522e-03,-5.32714977e-03,-4.00480404e-03,-1.95875965e-03,6.05374795e-04,3.50385584e-03,6.57594106e-03,9.66914175e-03,1.26268809e-02,1.52863997e-02,1.74901312e-02,1.91107647e-02,2.00818828e-02,2.04137420e-02,2.02301497e-02,1.96217740e-02,1.86227881e-02,1.72488410e-02,1.54772255e-02,1.32946772e-02,1.07326033e-02,7.86979562e-03,4.82008238e-03,1.73144467e-03,-1.20833075e-03,-3.79114827e-03,-5.85655079e-03,-7.34776998e-03,-8.32065658e-03,-8.90724361e-03,-9.26769080e-03,-9.55723935e-03,-9.91516911e-03,-1.04584328e-02,-1.12670134e-02,-1.23672480e-02,-1.37236247e-02,-1.52473211e-02,-1.68179644e-02,-1.83061861e-02,-1.95875309e-02,-2.05482979e-02
3.79190440e-04,2.06744488e-04,-5.29622569e-05,-4.45545951e-04,-9.87145235e-04,-1.66466683e-03,-2.43458915e-03,-3.22519900e-03,-3.94603772e-03,-4.50729975e-03,-4.84722528e-03,-4.95915606e-03,-4.88733278e-03,-4.71258978e-03,-4.51548054e-03,-4.32987849e-03,-4.12207942e-03,-3.80549794e-03,-3.29160575e-03,-2.55070088e-03,-1.64151378e-03,-6.92337441e-04,1.55048208e-04,8.12093545e-04,1.29092542e-03,1.70180822e-03,2.19700011e-03,2.89477311e-03,3.83132089e-03,4.96352599e-03,6.21022433e-03,7.50046379e-03,8.80410334e-03,1.01365618e-02,1.15431298e-02,1.30748028e-02,1.47668917e-02,1.66267843e-02,1.86317752e-02,2.07337980e-02,2.28661425e-02,2.49480341e-02,2.68857213e-02,2.85723358e-02,2.98913856e-02,3.07271124e-02,3.09723928e-02,3.06981572e-02,2.99171332e-02,2.87006301e-02,2.71803906e-02,2.54378111e-02,2.34634049e-02,2.11772920e-02,1.85004737e-02,1.54439132e-02,1.21665445e-02,8.95545665e-03,6.12482912e-03,3.89510304e-03,2.33030368e-03,1.35560461e-03,8.17670023e-04,5.43577255e-04
4.79259809e-03,3.50332221e-03,2.89279367e-03,2.97598132e-03,3.66894808e-03,4.87104733e-03,6.46253202e-03,8.34528218e-03,1.04471641e-02,1.27167302e-02,1.51145400e-02,1.76069641e-02,2.01645758e-02,2.27629637e-02,2.53816464e-02,2.79981841e-02,3.05788182e-02,3.30708381e-02,3.54017408e-02,3.74852651e-02,3.92281818e-02,4.05310622e-02,4.12848799e-02,4.13148364e-02,4.07617167e-02,3.94692042e-02,3.75600519e-02,3.53005874e-02,3.29823756e-02,3.07817875e-02,2.86967784e-02,2.66016841e-02,2.43556025e-02,2.18911557e-02,1.92511994e-02,1.65695267e-02,1.40172726e-02,1.17513080e-02,9.88820865e-03,8.50133284e-03,7.62773767e-03,7.27975277e-03,7.44953685e-03,8.11715670e-03,9.27501943e-03,1.08692254e-02,1.28069616e-02,1.49548406e-02,1.71499353e-02,1.92177146e-02,2.09911959e-02,2.23280350e-02,2.31227562e-02,2.33033649e-02,2.29650950e-02,2.21133938e-02,2.08324136e-02,1.92445757e-02,1.74467032e-02,1.54871315e-02,1.33755677e-02,1.11282558e-02,8.82511365e-03,6.63684525e-03
8.91567539e-03,1.14485103e-02,1.37391986e-02,1.56559125e-02,1.70518354e-02,1.77656088e-02,1.76222774e-02,1.65652733e-02,1.43648517e-02,1.09271066e-02,6.24623325e-03,4.64133143e-04,-6.06557819e-03,-1.27949276e-02,-1.91459945e-02,-2.46888451e-02,-2.92237424e-02,-3.27407974e-02,-3.53331824e-02,-3.71239786e-02,-3.82209470e-02,-3.87041904e-02,-3.87243049e-02,-3.81813885e-02,-3.71221112e-02,-3.55899457e-02,-3.36444781e-02,-3.13594173e-02,-2.88227820e-02,-2.61402117e-02,-2.34378679e-02,-2.08596254e-02,-1.85552008e-02,-1.66597531e-02,-1.52695805e-02,-1.44216375e-02,-1.40808091e-02,-1.41309257e-02,-1.44727939e-02,-1.49457503e-02,-1.54044590e-02,-1.57276279e-02,-1.58421848e-02,-1.57104801e-02,-1.53087719e-02,-1.46609647e-02,-1.38048353e-02,-1.27910631e-02,-1.16903107e-02,-1.05991706e-02,-9.63272936e-03,-8.89722873e-03,-8.44762236e-03,-8.24888944e-03,-8.17191953e-03,-8.02664130e-03,-7.60555456e-03,-6.76027096e-03,-5.43250345e-03,-3.64681133e-03,-1.48195002e-03,9.59639608e-04,3.57206464e-03,6.25617489e-03
-2.23205716e-02,-2.08365657e-02,-1.91594446e-02,-1.73480426e-02,-1.54855870e-02,-1.36966983e-02,-1.21463544e-02,-1.10212705e-02,-1.04901075e-02,-1.06154040e-02,-1.14778787e-02,-1.29705097e-02,-1.49021972e-02,-1.70548519e-02,-1.92578192e-02,-2.14259433e-02,-2.35427181e-02,-2.56135084e-02,-2.76265737e-02,-2.95405616e-02,-3.12910717e-02,-3.28000962e-02,-3.39830952e-02,-3.47597456e-02,-3.50867817e-02,-3.50443456e-02,-3.45519770e-02,-3.37321457e-02,-3.26959773e-02,-3.15556260e-02,-3.04134442e-02,-2.93624966e-02,-2.84923862e-02,-2.78904800e-02,-2.76219928e-02,-2.76532010e-02,-2.80324658e-02,-2.86293584e-02,-2.92799215e-02,-2.98060857e-02,-3.00641031e-02,-3.00383948e-02,-2.96175597e-02,-2.88411561e-02,-2.77630286e-02,-2.64592235e-02,-2.50228892e-02,-2.35621029e-02,-2.21941829e-02,-2.10331565e-02,-2.01726020e-02,-1.96696441e-02,-1.95179505e-02,-1.97011178e-02,-2.01957808e-02,-2.09462823e-02,-2.18850573e-02,-2.29106065e-02,-2.38776486e-02,-2.46158392e-02,-2.49769873e-02,-2.49585845e-02,-2.44582477e-02,-2.35523838e-02
4.57631108e-02,4.61042991e-02,4.66514382e-02,4.74301783e-02,4.84296373e-02,4.96089586e-02,5.09036674e-02,5.22306296e-02,5.34903616e-02,5.45641464e-02,5.53032455e-02,5.54334001e-02,5.49962948e-02,5.37100247e-02,5.14098813e-02,4.81334940e-02,4.41228541e-02,3.97726746e-02,3.54931509e-02,3.15708570e-02,2.81130826e-02,2.50782189e-02,2.23437789e-02,1.97730611e-02,1.72661840e-02,1.47948563e-02,1.24215427e-02,1.02960520e-02,8.61807064e-03,7.57067827e-03,7.25999218e-03,7.66250837e-03,8.70648223e-03,1.02700220e-02,1.21996682e-02,1.43446900e-02,1.65696186e-02,1.87647082e-02,2.08529350e-02,2.27908494e-02,2.45631535e-02,2.61742071e-02,2.76404038e-02,2.89849901e-02,3.02339344e-02,3.14109887e-02,3.25326488e-02,3.36062979e-02,3.46338554e-02,3.56187672e-02,3.65705507e-02,3.75029862e-02,3.84281524e-02,3.93521222e-02,4.02753501e-02,4.11947346e-02,4.21016627e-02,4.29746924e-02,4.37733134e-02,4.44430504e-02,4.49371827e-02,4.52476320e-02,4.54253955e-02,4.55653450e-02
-2.30718476e-02,-2.29256252e-02,-2.30358965e-02,-2.34969052e-02,-2.41878344e-02,-2.48684456e-02,-2.52571823e-02,-2.52325602e-02,-2.45720606e-02,-2.32754589e-02,-2.14124796e-02,-1.91086137e-02,-1.65182727e-02,-1.38084778e-02,-1.11482064e-02,-8.69805041e-03,-6.59551014e-03,-4.93353690e-03,-3.73602200e-03,-2.94317474e-03,-2.42402122e-03,-2.01995943e-03,-1.59736298e-03,-1.07898532e-03,-4.40686771e-04,3.11884491e-04,1.16179734e-03,2.08279345e-03,3.02978820e-03,3.93267758e-03,4.70455793e-03,5.26403364e-03,5.55906797e-03,5.57321628e-03,5.32904012e-03,4.80963767e-03,3.97793823e-03,2.76918941e-03,1.14617325e-03,-8.28926877e-04,-2.95946153e-03,-4.96720344e-03,-6.59937836e-03,-7.71916702e-03,-8.33500410e-03,-8.57631090e-03,-8.64089493e-03,-8.74034331e-03,-9.07042050e-03,-9.73841505e-03,-1.07279619e-02,-1.19151021e-02,-1.31437042e-02,-1.43175552e-02,-1.54453845e-02,-1.66131555e-02,-1.79070831e-02,-1.93321295e-02,-2.07768550e-02,-2.20514325e-02,-2.29741421e-02,-2.34536513e-02,-2.35508821e-02,-2.33516659e-02
-4.18084449e-03,-2.40798446e-03,-7.47705659e-04,8.58881981e-04,2.43778177e-03,3.97696918e-03,5.44080119e-03,6.79266642e-03,8.01147390e-03,9.08939608e-03,1.00084831e-02,1.07082335e-02,1.10659963e-02,1.09216208e-02,1.01852277e-02,8.81606158e-03,6.99982025e-03,5.09202171e-03,3.48383951e-03,2.44385369e-03,2.03741985e-03,2.14125370e-03,2.51141759e-03,2.85601875e-03,2.87844096e-03,2.34187218e-03,1.05812308e-03,-1.08260801e-03,-4.12344972e-03,-8.03579555e-03,-1.26855761e-02,-1.78097990e-02,-2.30495329e-02,-2.80394017e-02,-3.24967033e-02,-3.62515077e-02,-3.92143691e-02,-4.13278476e-02,-4.25548911e-02,-4.29633533e-02,-4.26632344e-02,-4.15635107e-02,-3.98669943e-02,-3.77443466e-02,-3.53651348e-02,-3.28972637e-02,-3.05110946e-02,-2.83807083e-02,-2.66697418e-02,-2.54955373e-02,-2.48788210e-02,-2.47009823e-02,-2.47694330e-02,-2.48149184e-02,-2.45873232e-02,-2.38570890e-02,-2.25522288e-02,-2.07096910e-02,-1.84454879e-02,-1.59173465e-02,-1.32923019e-02,-1.07206578e-02,-8.31490012e-03,-6.13446654e-03
-7.08949328e-03,-7.89376798e-03,-8.82900887e-03,-9.75778659e-03,-1.05191838e-02,-1.10061179e-02,-1.12134421e-02,-1.12380242e-02,-1.12123138e-02,-1.12648125e-02,-1.14836522e-02,-1.18643650e-02,-1.23220185e-02,-1.27135274e-02,-1.28894203e-02,-1.27488270e-02,-1.22216982e-02,-1.13863738e-02,-1.04363856e-02,-9.65740049e-03,-9.35362752e-03,-9.80579417e-03,-1.12466012e-02,-1.36777870e-02,-1.68421151e-02,-2.02647960e-02,-2.34248254e-02,-2.59469202e-02,-2.76827326e-02,-2.86700619e-02,-2.90525857e-02,-2.90617038e-02,-2.87776143e-02,-2.84177337e-02,-2.81634132e-02,-2.81201423e-02,-2.83996882e-02,-2.90023681e-02,-2.97902122e-02,-3.05482415e-02,-3.10739352e-02,-3.12738172e-02,-3.11650523e-02,-3.07388462e-02,-3.00820773e-02,-2.92210228e-02,-2.81177205e-02,-2.66943364e-02,-2.48808221e-02,-2.26613273e-02,-2.00956861e-02,-1.73116518e-02,-1.44802127e-02,-1.17879993e-02,-9.41302773e-03,-7.50227628e-03,-6.14743634e-03,-5.36087474e-03,-5.06393233e-03,-5.10978690e-03,-5.34570319e-03,-5.65787231e-03,-6.01880763e-03,-6.47349368e-03
3.93820827e-02,3.71752690e-02,3.52355015e-02,3.35289253e-02,3.20064539e-02,3.06377420e-02,2.94361208e-02,2.84627007e-02,2.77980203e-02,2.74870885e-02,2.74871926e-02,2.76427604e-02,2.78269116e-02,2.78648140e-02,2.77375324e-02,2.74816191e-02,2.72680091e-02,2.73271229e-02,2.77392249e-02,2.85829023e-02,2.97883328e-02,3.12162760e-02,3.27186825e-02,3.41765828e-02,3.55084216e-02,3.66540704e-02,3.75495847e-02,3.81079579e-02,3.81783656e-02,3.78160114e-02,3.68879434e-02,3.54192091e-02,3.35779458e-02,3.16428290e-02,2.99342574e-02,2.87140902e-02,2.81117803e-02,2.81245171e-02,2.85626425e-02,2.93808223e-02,3.04305347e-02,3.15844632e-02,3.27462979e-02,3.38542818e-02,3.48882446e-02,3.58758467e-02,3.68885373e-02,3.80220718e-02,3.93661287e-02,4.09721312e-02,4.28301666e-02,4.48637394e-02,4.69426132e-02,4.89066949e-02,5.05919995e-02,5.18510904e-02,5.25662876e-02,5.26017112e-02,5.21376388e-02,5.10067585e-02,4.92427344e-02,4.69814650e-02,4.44338922e-02,4.18365500e-02
1.34261769e-02,1.58834528e-02,1.77710496e-02,1.89244947e-02,1.91928302e-02,1.86238068e-02,1.71541439e-02,1.48075829e-02,1.16471987e-02,7.73174739e-03,3.17189935e-03,-1.78537748e-03,-6.73727258e-03,-1.12520993e-02,-1.50106619e-02,-1.78668399e-02,-1.98257935e-02,-2.09945650e-02,-2.15397315e-02,-2.16668371e-02,-2.15138941e-02,-2.12046056e-02,-2.07995705e-02,-2.02877300e-02,-1.96106820e-02,-1.86922214e-02,-1.74625250e-02,-1.58735013e-02,-1.39123846e-02,-1.16180803e-02,-9.09487708e-03,-6.51483063e-03,-4.10582087e-03,-2.12896369e-03,-8.50983877e-04,-5.10074011e-04,-1.28677000e-03,-3.25296574e-03,-6.31710040e-03,-1.01738376e-02,-1.43178500e-02,-1.81677666e-02,-2.12528843e-02,-2.33395738e-02,-2.44349699e-02,-2.47423702e-02,-2.44564644e-02,-2.37823124e-02,-2.29324727e-02,-2.20446410e-02,-2.11711005e-02,-2.02761161e-02,-1.92539710e-02,-1.79691574e-02,-1.63087248e-02,-1.42213338e-02,-1.17245467e-02,-8.88575673e-03,-5.79438040e-03,-2.53995721e-03,7.97634491e-04,4.14566666e-03,7.42977228e-03,1.05611342e-02
1.48648926e-02,1.52091316e-02,1.55249291e-02,1.59644785e-02,1.66702096e-02,1.77263620e-02,1.91220028e-02,2.07527404e-02,2.24538606e-02,2.40423618e-02,2.53507378e-02,2.62482202e-02,2.66546264e-02,2.65726715e-02,2.61037167e-02,2.53051459e-02,2.43315440e-02,2.33208527e-02,2.23395908e-02,2.13548145e-02,2.02347049e-02,1.87587379e-02,1.66216148e-02,1.34502897e-02,8.88732245e-03,2.78554734e-03,-4.55321512e-03,-1.23272350e-02,-1.96503643e-02,-2.59162300e-02,-3.08760450e-02,-3.45129156e-02,-3.69168277e-02,-3.82266985e-02,-3.86529517e-02,-3.83895604e-02,-3.74045261e-02,-3.58444635e-02,-3.37891646e-02,-3.13045386e-02,-2.84623762e-02,-2.53503727e-02,-2.20745701e-02,-1.87549935e-02,-1.55160649e-02,-1.24742026e-02,-9.72563238e-03,-7.33706795e-03,-5.33973128e-03,-3.72447740e-03,-2.43649498e-03,-1.37391013e-03,-3.99616737e-04,6.29047512e-04,1.82163400e-03,3.22511957e-03,4.81900353e-03,6.53080487e-03,8.26153707e-03,9.91018447e-03,1.13912421e-02,1.26442199e-02,1.36368858e-02,1.43664920e-02
-3.89866994e-02,-4.05893136e-02,-4.13934795e-02,-4.14833143e-02,-4.07233692e-02,-3.92226410e-02,-3.71499527e-02,-3.46888783e-02,-3.20211128e-02,-2.93123494e-02,-2.67014636e-02,-2.42948686e-02,-2.21666381e-02,-2.03628049e-02,-1.89052669e-02,-1.77900952e-02,-1.69805272e-02,-1.64037083e-02,-1.59614603e-02,-1.55535446e-02,-1.51022105e-02,-1.45676798e-02,-1.39468587e-02,-1.32621178e-02,-1.25540414e-02,-1.18835737e-02,-1.13371401e-02,-1.10219317e-02,-1.10027351e-02,-1.13455924e-02,-1.19861299e-02,-1.27578640e-02,-1.34410352e-02,-1.38496145e-02,-1.39280198e-02,-1.36859852e-02,-1.32692133e-02,-1.28917566e-02,-1.27615595e-02,-1.30681662e-02,-1.39685396e-02,-1.55057740e-02,-1.76265237e-02,-2.01905815e-02,-2.29857784e-02,-2.57429293e-02,-2.81706766e-02,-3.00281158e-02,-3.12035368e-02,-3.17431155e-02,-3.18381861e-02,-3.16005831e-02,-3.12010045e-02,-3.07411719e-02,-3.02654482e-02,-2.97987568e-02,-2.93866374e-02,-2.91241410e-02,-2.90968843e-02,-2.95005340e-02,-3.05120079e-02,-3.21862763e-02,-3.43906433e-02,-3.67976364e-02
6.52880967e-03,9.05534949e-03,1.24384413e-02,1.64826683e-02,2.09900258e-02,2.57725608e-02,3.06571641e-02,3.54872957e-02,4.01247343e-02,4.44524566e-02,4.83776638e-02,5.18320478e-02,5.47655578e-02,5.71311368e-02,5.88613925e-02,5.98490851e-02,5.98695038e-02,5.91408780e-02,5.73158178e-02,5.43432648e-02,5.03536359e-02,4.56356654e-02,4.05690689e-02,3.55359977e-02,3.08674615e-02,2.68305785e-02,2.36227428e-02,2.13524266e-02,2.00199010e-02,1.95203205e-02,1.96388304e-02,2.01418159e-02,2.08360393e-02,2.14712692e-02,2.18069824e-02,2.16473555e-02,2.09251494e-02,1.96008814e-02,1.78551017e-02,1.60268814e-02,1.45178721e-02,1.36633430e-02,1.36555020e-02,1.43770218e-02,1.57643554e-02,1.75770831e-02,1.95638356e-02,2.14943342e-02,2.31738827e-02,2.44466221e-02,2.51914548e-02,2.52932301e-02,2.48392145e-02,2.37476922e-02,2.20677982e-02,1.99078307e-02,1.73962338e-02,1.46680371e-02,1.18731709e-02,9.20442595e-03,6.91595802e-03,5.29966202e-03,4.61904015e-03,5.02634966e-03
-1.26619277e-02,-1.41416198e-02,-1.58034015e-02,-1.75571341e-02,-1.92504529e-02,-2.07399203e-02,-2.19485316e-02,-2.28752193e-02,-2.35626985e-02,-2.40529926e-02,-2.43567774e-02,-2.44642076e-02,-2.43499429e-02,-2.39452822e-02,-2.32468413e-02,-2.22931526e-02,-2.11740175e-02,-2.00218819e-02,-1.89907428e-02,-1.82283638e-02,-1.78467190e-02,-1.78386746e-02,-1.82385602e-02,-1.89194526e-02,-1.96976956e-02,-2.03513593e-02,-2.06777214e-02,-2.06073667e-02,-2.00010275e-02,-1.88963011e-02,-1.73612447e-02,-1.54810513e-02,-1.33409103e-02,-1.10232498e-02,-8.61304842e-03,-6.20001380e-03,-3.87058253e-03,-1.69119388e-03,3.08367499e-04,2.14057017e-03,3.84733115e-03,5.47247083e-03,7.03452149e-03,8.51235260e-03,9.84691403e-03,1.09538833e-02,1.17408533e-02,1.21255710e-02,1.20559344e-02,1.15622285e-02,1.06575488e-02,9.42857692e-03,7.96385677e-03,6.32063187e-03,4.51394923e-03,2.54045939e-03,4.23721663e-04,-1.75370012e-03,-3.86270716e-03,-5.78178810e-03,-7.44722807e-03,-8.87208934e-03,-1.01353063e-02,-1.13563942e-02
1.05631115e-02,1.11631440e-02,1.15083696e-02,1.16023040e-02,1.14506260e-02,1.10145912e-02,1.02353266e-02,9.06834754e-03,7.52767310e-03,5.73036480e-03,3.89762394e-03,2.29814003e-03,1.16162906e-03,6.11874179e-04,6.50027254e-04,1.18199685e-03,2.07716760e-03,3.20993542e-03,4.48880124e-03,5.85392318e-03,7.25303200e-03,8.60828857e-03,9.78733871e-03,1.05869375e-02,1.07270679e-02,9.96653071e-03,8.00083054e-03,4.67516610e-03,8.47600084e-05,-5.34149767e-03,-1.08839810e-02,-1.57676614e-02,-1.94367301e-02,-2.17059083e-02,-2.27237935e-02,-2.28881233e-02,-2.24660304e-02,-2.18582990e-02,-2.13816310e-02,-2.12168061e-02,-2.14555309e-02,-2.21309126e-02,-2.31436956e-02,-2.43284767e-02,-2.54632322e-02,-2.62911454e-02,-2.66149395e-02,-2.63378468e-02,-2.53002873e-02,-2.35833700e-02,-2.13207040e-02,-1.86670449e-02,-1.57654249e-02,-1.27341058e-02,-9.66997348e-03,-6.65686135e-03,-3.76954867e-03,-1.07113683e-03,1.39229436e-03,3.59407848e-03,5.52465332e-03,7.18417267e-03,8.57578347e-03,9.70169118e-03
2.30613366e-02,2.52340057e-02,2.74118604e-02,2.96443969e-02,3.19491535e-02,3.43106221e-02,3.66879058e-02,3.90293234e-02,4.12895208e-02,4.34432588e-02,4.54903459e-02,4.74486337e-02,4.93364431e-02,5.11501291e-02,5.28442595e-02,5.43206840e-02,5.54284472e-02,5.59667825e-02,5.58323017e-02,5.50714086e-02,5.35651586e-02,5.14340900e-02,4.89129781e-02,4.62398887e-02,4.35436439e-02,4.07814126e-02,3.77582849e-02,3.42119767e-02,2.99325084e-02,2.48882267e-02,1.92988506e-02,1.35797001e-02,8.15493639e-03,3.26255201e-03,-1.11059019e-03,-5.15265168e-03,-9.08692613e-03,-1.30720363e-02,-1.71658314e-02,-2.13268459e-02,-2.54224634e-02,-2.92335128e-02,-3.24724004e-02,-3.48381881e-02,-3.61147956e-02,-3.63745794e-02,-3.55432662e-02,-3.37193908e-02,-3.11376375e-02,-2.80143235e-02,-2.45265661e-02,-2.08064918e-02,-1.69460694e-02,-1.30075582e-02,-9.03572007e-03,-5.06939151e-03,-1.15086139e-03,2.66840977e-03,6.32770177e-03,9.76657372e-03,1.29377495e-02,1.58211792e-02,1.84324145e-02,2.08212825e-02
-6.12923356e-03,-8.26985635e-03,-1.10986608e-02,-1.47615102e-02,-1.92466084e-02,-2.42781249e-02,-2.93527199e-02,-3.39386872e-02,-3.76932483e-02,-4.05419698e-02,-4.26130943e-02,-4.41211097e-02,-4.52764630e-02,-4.62420724e-02,-4.71234543e-02,-4.79743372e-02,-4.88084482e-02,-4.96149091e-02,-5.03741780e-02,-5.10689145e-02,-5.16865876e-02,-5.22171129e-02,-5.26517550e-02,-5.29851811e-02,-5.32159650e-02,-5.33425932e-02,-5.33727279e-02,-5.32724661e-02,-5.29441827e-02,-5.22838733e-02,-5.11788793e-02,-4.95537031e-02,-4.73988056e-02,-4.47749255e-02,-4.17971738e-02,-3.86103211e-02,-3.53646191e-02,-3.21964704e-02,-2.92147200e-02,-2.64918528e-02,-2.40593002e-02,-2.19069005e-02,-1.99877779e-02,-1.82302381e-02,-1.65566527e-02,-1.49061384e-02,-1.32547091e-02,-1.16255337e-02,-1.00840649e-02,-8.71679816e-03,-7.59708484e-03,-6.74806607e-03,-6.12070847e-03,-5.60486871e-03,-5.07388857e-03,-4.44337624e-03,-3.71357751e-03,-2.97151011e-03,-2.35716680e-03,-2.01427122e-03,-2.03598635e-03,-2.46786784e-03,-3.29744262e-03,-4.50785816e-03
9.18148424e-03,8.97330513e-03,7.77331598e-03,5.70383806e-03,3.11856875e-03,4.10745880e-04,-2.13356425e-03,-4.40996449e-03,-6.45688925e-03,-8.35705953e-03,-1.01535767e-02,-1.18263663e-02,-1.33349912e-02,-1.46851855e-02,-1.59603874e-02,-1.72925843e-02,-1.87877077e-02,-2.04461461e-02,-2.21357324e-02,-2.36494255e-02,-2.48123490e-02,-2.55593882e-02,-2.59353633e-02,-2.60448394e-02,-2.59637239e-02,-2.57022845e-02,-2.52286910e-02,-2.44798407e-02,-2.34122013e-02,-2.20341021e-02,-2.04112092e-02,-1.86517121e-02,-1.68817321e-02,-1.52184430e-02,-1.37463535e-02,-1.25034496e-02,-1.14845125e-02,-1.06634553e-02,-1.00254673e-02,-9.59130741e-03,-9.41057080e-03,-9.53445508e-03,-1.00248911e-02,-1.08804556e-02,-1.20553351e-02,-1.34680895e-02,-1.50150316e-02,-1.65793026e-02,-1.80307872e-02,-1.92195190e-02,-1.99788768e-02,-2.02027257e-02,-1.97839993e-02,-1.86423575e-02,-1.68284080e-02,-1.44464999e-02,-1.16286473e-02,-8.51288855e-03,-5.23398160e-03,-1.92618494e-03,1.26649455e-03,4.17599114e-03,6.60769860e-03,8.34603197e-03
1.40829932e-02,1.38700890e-02,1.30321705e-02,1.15774387e-02,9.65146820e-03,7.47467389e-03,5.27329710e-03,3.20085230e-03,1.29849627e-03,-4.87191826e-04,-2.24812790e-03,-4.05124296e-03,-5.90167033e-03,-7.74519819e-03,-9.50218721e-03,-1.11106819e-02,-1.25574537e-02,-1.38865639e-02,-1.51843067e-02,-1.65449695e-02,-1.80275149e-02,-1.96214161e-02,-2.12402895e-02,-2.27453613e-02,-2.39825105e-02,-2.48154372e-02,-2.51663809e-02,-2.50743940e-02,-2.44682901e-02,-2.34635894e-02,-2.22075605e-02,-2.08914075e-02,-1.97368909e-02,-1.89692875e-02,-1.87310249e-02,-1.91219176e-02,-2.01585890e-02,-2.16897437e-02,-2.34978642e-02,-2.53615286e-02,-2.70875413e-02,-2.85023572e-02,-2.94379751e-02,-2.97901437e-02,-2.95344907e-02,-2.85301079e-02,-2.68751135e-02,-2.47081290e-02,-2.21942673e-02,-1.94892988e-02,-1.67115734e-02,-1.39295954e-02,-1.11659481e-02,-8.41418809e-03,-5.66161077e-03,-2.90880798e-03,-1.79027730e-04,2.48355021e-03,5.02258513e-03,7.37837771e-03,9.49038543e-03,1.12945641e-02,1.27184450e-02,1.36784929e-02
4.04154377e-03,2.82927967e-03,1.04172835e-03,-1.33331568e-03,-4.31782604e-03,-7.89808152e-03,-1.19362627e-02,-1.61077233e-02,-1.99443622e-02,-2.29957090e-02,-2.50028672e-02,-2.59677981e-02,-2.61503223e-02,-2.57233883e-02,-2.49688406e-02,-2.40972261e-02,-2.32251700e-02,-2.23927840e-02,-2.15852514e-02,-2.07509374e-02,-1.98166235e-02,-1.87074662e-02,-1.73741927e-02,-1.58162480e-02,-1.40845116e-02,-1.22588590e-02,-1.04121252e-02,-8.57983643e-03,-6.75163023e-03,-4.88842479e-03,-2.95463681e-03,-9.45906881e-04,1.10297746e-03,3.13109375e-03,5.07724648e-03,6.89987591e-03,8.58217004e-03,1.01188229e-02,1.14899068e-02,1.26336548e-02,1.34313496e-02,1.37122875e-02,1.33388030e-02,1.22076824e-02,1.03172683e-02,7.85920763e-03,5.15904976e-03,2.57422110e-03,3.86422413e-04,-1.25114756e-03,-2.30800115e-03,-2.83907518e-03,-2.94638115e-03,-2.71875844e-03,-2.22668961e-03,-1.51316361e-03,-6.08954093e-04,4.44510905e-04,1.58004108e-03,2.70293558e-03,3.69734257e-03,4.43707741e-03,4.79941162e-03,4.68384923e-03
-4.48345404e-02,-4.18945670e-02,-3.87695148e-02,-3.56761831e-02,-3.28212068e-02,-3.03738442e-02,-2.84368177e-02,-2.70247337e-02,-2.60621645e-02,-2.54083970e-02,-2.49008812e-02,-2.43959798e-02,-2.37969982e-02,-2.30645067e-02,-2.21992984e-02,-2.12127007e-02,-2.01044532e-02,-1.88558895e-02,-1.74341626e-02,-1.58001034e-02,-1.39166764e-02,-1.17587056e-02,-9.32306825e-03,-6.63603875e-03,-3.75556082e-03,-7.69269523e-04,2.20941072e-03,5.04665167e-03,7.60000960e-03,9.73240780e-03,1.13330907e-02,1.23408082e-02,1.27609022e-02,1.26758999e-02,1.22279290e-02,1.15366063e-02,1.07533206e-02,9.99057350e-03,9.30395909e-03,8.69249151e-03,8.11643517e-03,7.51890827e-03,6.83504949e-03,5.98324398e-03,4.84742762e-03,3.26988561e-03,1.07484584e-03,-1.87010707e-03,-5.57542040e-03,-9.90530141e-03,-1.46404666e-02,-1.95862630e-02,-2.46263322e-02,-2.96830111e-02,-3.46384348e-02,-3.92939151e-02,-4.33991031e-02,-4.67208681e-02,-4.90978657e-02,-5.04639552e-02,-5.09153816e-02,-5.06022012e-02,-4.93575856e-02,-4.73831054e-02
2.67380423e-02,2.88471426e-02,3.04438933e-02,3.14536002e-02,3.17382197e-02,3.12736731e-02,2.98468577e-02,2.72450994e-02,2.34170292e-02,1.85223412e-02,1.29483710e-02,7.20593638e-03,1.76544789e-03,-3.03850389e-03,-6.99664834e-03,-9.98780702e-03,-1.19586894e-02,-1.29378792e-02,-1.31023098e-02,-1.25864290e-02,-1.16578558e-02,-1.06085556e-02,-9.72485821e-03,-9.26044244e-03,-9.35250638e-03,-1.01289469e-02,-1.15134902e-02,-1.32957917e-02,-1.51828166e-02,-1.68937979e-02,-1.82394285e-02,-1.91482347e-02,-1.96458674e-02,-1.98185164e-02,-1.97688766e-02,-1.95611270e-02,-1.92597272e-02,-1.88986974e-02,-1.84980602e-02,-1.80776374e-02,-1.76643738e-02,-1.72898380e-02,-1.69798374e-02,-1.67431259e-02,-1.65671487e-02,-1.64230096e-02,-1.62731023e-02,-1.60728165e-02,-1.57641250e-02,-1.52671322e-02,-1.44815146e-02,-1.33037867e-02,-1.16531747e-02,-9.49287473e-03,-6.83850222e-03,-3.75342741e-03,-3.34958550e-04,3.30283537e-03,7.04638251e-03,1.07945848e-02,1.44596384e-02,1.79625265e-02,2.12268553e-02,2.41763434e-02
4.25847380e-03,2.64847650e-03,9.69086264e-05,-3.09346101e-03,-6.46547052e-03,-9.58594512e-03,-1.22133270e-02,-1.43537937e-02,-1.61896732e-02,-1.79490259e-02,-1.97821906e-02,-2.16884648e-02,-2.35300413e-02,-2.51271263e-02,-2.63683057e-02,-2.72641124e-02,-2.79249709e-02,-2.84987891e-02,-2.91101634e-02,-2.98145356e-02,-3.05870277e-02,-3.13595652e-02,-3.20778849e-02,-3.27366817e-02,-3.33738321e-02,-3.40352493e-02,-3.47334796e-02,-3.54224327e-02,-3.59994539e-02,-3.63336527e-02,-3.63717320e-02,-3.59601571e-02,-3.50157228e-02,-3.35254665e-02,-3.15201161e-02,-2.90654076e-02,-2.62497502e-02,-2.31736094e-02,-1.99442482e-02,-1.66757343e-02,-1.34910502e-02,-1.05213488e-02,-7.89787872e-03,-5.73551551e-03,-4.11240358e-03,-3.05523230e-03,-2.53969321e-03,-2.49372202e-03,-2.84268683e-03,-3.48715785e-03,-4.30717682e-03,-5.15158161e-03,-5.84485560e-03,-6.21719172e-03,-6.17612861e-03,-5.64377463e-03,-4.64500961e-03,-3.25407372e-03,-1.58318703e-03,2.23802046e-04,1.99070926e-03,3.50936914e-03,4.54544935e-03,4.85581254e-03
-1.21640364e-02,-1.11426310e-02,-1.01990433e-02,-9.27420748e-03,-8.32481086e-03,-7.33054509e-03,-6.29903149e-03,-5.26358477e-03,-4.27049562e-03,-3.35865339e-03,-2.54145281e-03,-1.80390772e-03,-1.12201615e-03,-4.97057126e-04,1.52904024e-05,2.99167594e-04,2.00929211e-04,-4.30789033e-04,-1.71053345e-03,-3.68747685e-03,-6.34607569e-03,-9.61459983e-03,-1.33620206e-02,-1.73852665e-02,-2.14193354e-02,-2.51885173e-02,-2.84729486e-02,-3.11528764e-02,-3.32189975e-02,-3.47574274e-02,-3.59193148e-02,-3.68850964e-02,-3.78355720e-02,-3.89332443e-02,-4.03054151e-02,-4.20242192e-02,-4.40841559e-02,-4.63865989e-02,-4.87504805e-02,-5.09580460e-02,-5.28173962e-02,-5.42089035e-02,-5.50969704e-02,-5.55180053e-02,-5.55934268e-02,-5.53149669e-02,-5.46895082e-02,-5.37233931e-02,-5.23777194e-02,-5.06051702e-02,-4.83839159e-02,-4.57381286e-02,-4.27384575e-02,-3.94873215e-02,-3.60998745e-02,-3.26890316e-02,-2.93571338e-02,-2.61924889e-02,-2.32676300e-02,-2.06369631e-02,-1.83332554e-02,-1.63641507e-02,-1.47108537e-02,-1.33307485e-02
3.00053696e-02,3.37631923e-02,3.70122645e-02,3.96829876e-02,4.17062365e-02,4.30072652e-02,4.34923262e-02,4.32593501e-02,4.23946035e-02,4.09788198e-02,3.93138210e-02,3.77542625e-02,3.65815709e-02,3.59169359e-02,3.57137329e-02,3.57611650e-02,3.58729799e-02,3.58322351e-02,3.55107089e-02,3.47220754e-02,3.33280517e-02,3.11987710e-02,2.81837275e-02,2.41184515e-02,1.89003121e-02,1.26361076e-02,5.77586450e-03,-9.35799028e-04,-6.74635019e-03,-1.12514321e-02,-1.44577019e-02,-1.66381987e-02,-1.81729078e-02,-1.94538471e-02,-2.08502818e-02,-2.26855609e-02,-2.51836472e-02,-2.84015441e-02,-3.21941014e-02,-3.62482878e-02,-4.01739121e-02,-4.35962127e-02,-4.62130740e-02,-4.78259630e-02,-4.84217121e-02,-4.81962484e-02,-4.69218244e-02,-4.48411972e-02,-4.21144910e-02,-3.88859221e-02,-3.52718734e-02,-3.13576493e-02,-2.72005688e-02,-2.28366433e-02,-1.82889818e-02,-1.35760041e-02,-8.71795427e-03,-3.74125463e-03,1.31875257e-03,6.41499359e-03,1.14884360e-02,1.64680264e-02,2.12724125e-02,2.58141436e-02
-3.92400168e-02,-4.04384911e-02,-4.07810756e-02,-4.03974766e-02,-3.94120708e-02,-3.80931969e-02,-3.66423887e-02,-3.52090234e-02,-3.38958779e-02,-3.27615329e-02,-3.18223430e-02,-3.10584479e-02,-3.04273588e-02,-2.98847172e-02,-2.94066407e-02,-2.90029283e-02,-2.87083617e-02,-2.85492857e-02,-2.85045695e-02,-2.85122337e-02,-2.84699888e-02,-2.82421018e-02,-2.77382410e-02,-2.69415350e-02,-2.58958736e-02,-2.46788951e-02,-2.33852201e-02,-2.21308514e-02,-2.10708910e-02,-2.04071146e-02,-2.02829525e-02,-2.09134015e-02,-2.23844264e-02,-2.45799969e-02,-2.72163548e-02,-2.99354721e-02,-3.24252504e-02,-3.44891180e-02,-3.60418236e-02,-3.70669029e-02,-3.75845064e-02,-3.76880204e-02,-3.73768487e-02,-3.67109823e-02,-3.58084126e-02,-3.47909777e-02,-3.37594299e-02,-3.27694419e-02,-3.18245089e-02,-3.08904952e-02,-2.99243494e-02,-2.89028574e-02,-2.78379239e-02,-2.67749759e-02,-2.57848196e-02,-2.49633422e-02,-2.44405746e-02,-2.43214120e-02,-2.48019413e-02,-2.60884272e-02,-2.82360787e-02,-3.10835603e-02,-3.42179353e-02,-3.70922117e-02
-5.80602797e-05,-5.03461850e-03,-9.80794466e-03,-1.38009923e-02,-1.67305408e-02,-1.85760897e-02,-1.94584107e-02,-1.96098459e-02,-1.91422210e-02,-1.82781380e-02,-1.72679366e-02,-1.63632361e-02,-1.57700105e-02,-1.55713056e-02,-1.57318432e-02,-1.60835151e-02,-1.63637758e-02,-1.63890255e-02,-1.60010701e-02,-1.51807462e-02,-1.39974453e-02,-1.25668950e-02,-1.10150591e-02,-9.45394018e-03,-7.96881273e-03,-6.61537494e-03,-5.42368947e-03,-4.40445145e-03,-3.55520399e-03,-2.86804591e-03,-2.34081693e-03,-1.98986324e-03,-1.85761156e-03,-2.01801550e-03,-2.58103716e-03,-3.67841280e-03,-5.43145197e-03,-7.87075997e-03,-1.08247744e-02,-1.38614945e-02,-1.63887337e-02,-1.78903155e-02,-1.82231254e-02,-1.73250137e-02,-1.53839734e-02,-1.26967456e-02,-9.55153615e-03,-6.19524512e-03,-2.82614226e-03,3.99506060e-04,3.35609693e-03,5.94428271e-03,8.09388331e-03,9.77421212e-03,1.10037489e-02,1.18459965e-02,1.23844913e-02,1.26825974e-02,1.27405024e-02,1.24973274e-02,1.17790488e-02,1.03438990e-02,7.94089107e-03,4.42985891e-03
-3.09726889e-02,-2.83328624e-02,-2.55681022e-02,-2.27014150e-02,-1.97739072e-02,-1.68292857e-02,-1.38994345e-02,-1.09993830e-02,-8.13399414e-03,-5.31166625e-03,-2.55646825e-03,8.85038394e-05,2.56871786e-03,4.83656072e-03,6.87430531e-03,8.71341392e-03,1.04408352e-02,1.21828102e-02,1.40669860e-02,1.61764781e-02,1.85135165e-02,2.09843558e-02,2.34069624e-02,2.55367273e-02,2.71067226e-02,2.78802311e-02,2.77284795e-02,2.67447124e-02,2.48619238e-02,2.21516507e-02,1.86188289e-02,1.41779790e-02,8.72963006e-03,2.28509318e-03,-4.93635481e-03,-1.25054700e-02,-1.99527153e-02,-2.69600457e-02,-3.34602291e-02,-3.95571679e-02,-4.53425137e-02,-5.07522608e-02,-5.55643642e-02,-5.95193247e-02,-6.24454783e-02,-6.43035870e-02,-6.51793481e-02,-6.53363211e-02,-6.47569164e-02,-6.35158837e-02,-6.18237333e-02,-5.98505389e-02,-5.77396441e-02,-5.55932854e-02,-5.34644352e-02,-5.13620571e-02,-4.92671181e-02,-4.71521769e-02,-4.49967409e-02,-4.27933727e-02,-4.05441321e-02,-3.82510507e-02,-3.59065584e-02,-3.34898537e-02
1.35638747e-02,7.94827407e-03,1.65231019e-03,-4.91391051e-03,-1.12618416e-02,-1.69418880e-02,-2.16175417e-02,-2.51057864e-02,-2.73769387e-02,-2.85328441e-02,-2.88257302e-02,-2.84379590e-02,-2.76178641e-02,-2.66622151e-02,-2.58180229e-02,-2.52455491e-02,-2.49818881e-02,-2.49319837e-02,-2.49617783e-02,-2.48935837e-02,-2.45332210e-02,-2.37764742e-02,-2.26079820e-02,-2.10855719e-02,-1.93131501e-02,-1.74166959e-02,-1.55264145e-02,-1.37608848e-02,-1.22070602e-02,-1.08962827e-02,-9.78739761e-03,-8.77269757e-03,-7.71220053e-03,-6.48446312e-03,-5.02899913e-03,-3.35876322e-03,-1.54351571e-03,3.20444941e-04,2.13998712e-03,3.84881927e-03,5.41881594e-03,6.85920241e-03,8.20652782e-03,9.51044222e-03,1.08194525e-02,1.21683585e-02,1.35690116e-02,1.50075075e-02,1.64501604e-02,1.78564372e-02,1.91926077e-02,2.04396257e-02,2.15934477e-02,2.26606274e-02,2.36515127e-02,2.45696671e-02,2.53956596e-02,2.60677228e-02,2.64648762e-02,2.63928309e-02,2.57536584e-02,2.42793454e-02,2.18004902e-02,1.82254928e-02
-2.28898704e-02,-2.49563890e-02,-2.58812729e-02,-2.59475989e-02,-2.52159297e-02,-2.40110330e-02,-2.26080911e-02,-2.12274955e-02,-2.00093956e-02,-1.89991021e-02,-1.81541631e-02,-1.73747241e-02,-1.65473612e-02,-1.55896272e-02,-1.44806871e-02,-1.32662528e-02,-1.20392817e-02,-1.09055436e-02,-9.94490091e-03,-9.18088028e-03,-8.57191552e-03,-8.03064338e-03,-7.46236477e-03,-6.80318421e-03,-6.03684897e-03,-5.18390625e-03,-4.27792577e-03,-3.34760746e-03,-2.41236792e-03,-1.48567402e-03,-5.75331769e-04,3.24412426e-04,1.24422939e-03,2.24375042e-03,3.40151903e-03,4.79179603e-03,6.45611511e-03,8.38120807e-03,1.04930036e-02,1.26694007e-02,1.47672432e-02,1.66552430e-02,1.82436093e-02,1.95010460e-02,2.04522190e-02,2.11564723e-02,2.16785576e-02,2.20656272e-02,2.23376900e-02,2.24878676e-02,2.24785043e-02,2.22897529e-02,2.18185504e-02,2.09521803e-02,1.95511075e-02,1.74658776e-02,1.45678824e-02,1.07908184e-02,6.17612858e-03,9.04561990e-04,-4.70752394e-03,-1.02606682e-02,-1.53563737e-02,-1.96495321e-02
4.53101767e-02,4.13027021e-02,3.67837071e-02,3.19416890e-02,2.71093985e-02,2.26878647e-02,1.90087803e-02,1.62411704e-02,1.43954641e-02,1.33841698e-02,1.30822587e-02,1.33228252e-02,1.39990749e-02,1.50248912e-02,1.63163601e-02,1.78106893e-02,1.94551064e-02,2.11975730e-02,2.29853106e-02,2.47726836e-02,2.65329660e-02,2.82637856e-02,2.99789013e-02,3.16883721e-02,3.33775188e-02,3.49961403e-02,3.64637048e-02,3.76880949e-02,3.85896416e-02,3.91199939e-02,3.92538364e-02,3.90965572e-02,3.86610480e-02,3.79880861e-02,3.71540964e-02,3.62427990e-02,3.53498009e-02,3.45792389e-02,3.40260046e-02,3.37580562e-02,3.38080121e-02,3.41533192e-02,3.48745393e-02,3.60192139e-02,3.76280366e-02,3.97088345e-02,4.22134189e-02,4.50328168e-02,4.80097365e-02,5.09593857e-02,5.36913304e-02,5.60310583e-02,5.78434529e-02,5.90569632e-02,5.96791950e-02,5.97680459e-02,5.95638692e-02,5.90505887e-02,5.82549326e-02,5.71748927e-02,5.57568312e-02,5.39236259e-02,5.16031237e-02,4.87426052e-02
3.73420477e-02,3.90629000e-02,4.02680922e-02,4.09291311e-02,4.09822046e-02,4.05763890e-02,3.95796723e-02,3.80051625e-02,3.59557156e-02,3.36204295e-02,3.12348995e-02,2.89945033e-02,2.69780068e-02,2.51351837e-02,2.33419543e-02,2.14866204e-02,1.95493657e-02,1.76443031e-02,1.59942805e-02,1.48369278e-02,1.43139337e-02,1.44051471e-02,1.49357385e-02,1.57358361e-02,1.65805203e-02,1.72986352e-02,1.77989382e-02,1.80684043e-02,1.81454533e-02,1.80987010e-02,1.79708021e-02,1.77908869e-02,1.75745263e-02,1.73117675e-02,1.69608225e-02,1.64441378e-02,1.56538267e-02,1.44718988e-02,1.28064984e-02,1.06367674e-02,8.04769075e-03,5.23242717e-03,2.45579906e-03,-1.22974140e-06,-1.88877302e-03,-3.02636029e-03,-3.34783194e-03,-2.87882425e-03,-1.74568650e-03,-1.40929138e-04,1.74031676e-03,3.75149238e-03,5.82267160e-03,7.95498403e-03,1.01908664e-02,1.25775662e-02,1.51419757e-02,1.78827006e-02,2.07732163e-02,2.37665464e-02,2.67964401e-02,2.97765225e-02,3.26023162e-02,3.51600596e-02
-2.90396459e-02,-2.90475063e-02,-2.88753292e-02,-2.86792887e-02,-2.85845317e-02,-2.86880681e-02,-2.91708406e-02,-3.01635206e-02,-3.17413961e-02,-3.38482072e-02,-3.62618651e-02,-3.86384497e-02,-4.06157221e-02,-4.19100489e-02,-4.24113603e-02,-4.22176213e-02,-4.11096498e-02,-3.92338807e-02,-3.67026120e-02,-3.36454587e-02,-3.02001103e-02,-2.65036031e-02,-2.26857497e-02,-1.88650036e-02,-1.51465844e-02,-1.16213635e-02,-8.36368638e-03,-5.42783664e-03,-2.84518704e-03,-6.24828622e-04,1.24185848e-03,2.77625592e-03,4.01175179e-03,4.99591395e-03,5.78997444e-03,6.45816423e-03,7.04710182e-03,7.56470074e-03,7.97065082e-03,8.18519712e-03,8.11635825e-03,7.71209407e-03,6.92612754e-03,5.76925098e-03,4.27042146e-03,2.44909870e-03,3.07206943e-04,-2.14299972e-03,-4.82717790e-03,-7.58023591e-03,-1.01772119e-02,-1.24146215e-02,-1.41911298e-02,-1.55432457e-02,-1.66257437e-02,-1.76550748e-02,-1.88389640e-02,-2.03011208e-02,-2.20284954e-02,-2.38769764e-02,-2.56346109e-02,-2.71047178e-02,-2.81660584e-02,-2.87920392e-02
-3.34352085e-02,-3.39669487e-02,-3.42806536e-02,-3.43464588e-02,-3.41730774e-02,-3.39008444e-02,-3.37135997e-02,-3.37081531e-02,-3.40172712e-02,-3.46363797e-02,-3.54406466e-02,-3.62031701e-02,-3.66532377e-02,-3.66760174e-02,-3.60080517e-02,-3.45764839e-02,-3.24249427e-02,-2.96678497e-02,-2.64633802e-02,-2.29962035e-02,-1.94659848e-02,-1.60761487e-02,-1.30175197e-02,-1.04440371e-02,-8.44223914e-03,-7.00342068e-03,-6.01519543e-03,-5.28803193e-03,-4.61266649e-03,-3.82329338e-03,-2.83842464e-03,-1.66028891e-03,-3.44950300e-04,1.02819558e-03,2.36806064e-03,3.56519077e-03,4.47953741e-03,4.93958935e-03,4.76728217e-03,3.84747938e-03,2.11941347e-03,-2.97125264e-04,-3.12645775e-03,-6.03411355e-03,-8.77114362e-03,-1.12593437e-02,-1.35697470e-02,-1.58267072e-02,-1.81064197e-02,-2.03857887e-02,-2.25661536e-02,-2.45464483e-02,-2.62839212e-02,-2.77985557e-02,-2.91286520e-02,-3.02781947e-02,-3.11982250e-02,-3.18219285e-02,-3.21320755e-02,-3.22086699e-02,-3.21736427e-02,-3.21844864e-02,-3.23952785e-02,-3.28484086e-02
-6.50284781e-02,-6.55079116e-02,-6.55457645e-02,-6.50791025e-02,-6.42666768e-02,-6.32659151e-02,-6.22013027e-02,-6.11701683e-02,-6.02543130e-02,-5.95332193e-02,-5.90848791e-02,-5.89341995e-02,-5.90751091e-02,-5.95931986e-02,-6.03215776e-02,-6.10078158e-02,-6.13639732e-02,-6.13165035e-02,-6.04695615e-02,-5.87283203e-02,-5.61397190e-02,-5.28361761e-02,-4.89947218e-02,-4.47994816e-02,-4.04145067e-02,-3.59678490e-02,-3.15459964e-02,-2.71977265e-02,-2.29453257e-02,-1.87991758e-02,-1.47705696e-02,-1.08786258e-02,-7.15010996e-03,-3.61436846e-03,-2.98117194e-04,2.77411708e-03,5.57055804e-03,8.03650286e-03,1.00809200e-02,1.15768868e-02,1.23814250e-02,1.23616539e-02,1.15728907e-02,9.99202700e-03,7.76174681e-03,5.01411183e-03,1.78335983e-03,-2.02368929e-03,-6.56523385e-03,-1.19276911e-02,-1.79924110e-02,-2.43823344e-02,-3.05560063e-02,-3.60244846e-02,-4.05460759e-02,-4.41698175e-02,-4.71408746e-02,-4.97649593e-02,-5.22990119e-02,-5.48807297e-02,-5.74989981e-02,-6.00143342e-02,-6.22224744e-02,-6.39324618e-02
1.85046111e-02,2.03768872e-02,2.19905291e-02,2.32508846e-02,2.40863889e-02,2.44396936e-02,2.42870604e-02,2.36246544e-02,2.23884967e-02,2.06280231e-02,1.84992731e-02,1.62505488e-02,1.41289352e-02,1.22566805e-02,1.05710661e-02,8.86505298e-03,6.88822484e-03,4.45672688e-03,1.54663008e-03,-1.65856431e-03,-4.79594389e-03,-7.45319734e-03,-9.30154680e-03,-1.01701546e-02,-1.01351155e-02,-9.19891320e-03,-7.55298409e-03,-5.40439053e-03,-2.96519371e-03,-4.30710944e-04,2.04289547e-03,4.35949713e-03,6.49487100e-03,8.49057972e-03,1.04290999e-02,1.23950117e-02,1.44373221e-02,1.65472521e-02,1.86558171e-02,2.06455844e-02,2.23688592e-02,2.36700574e-02,2.44137510e-02,2.44927295e-02,2.40501249e-02,2.31022274e-02,2.18459634e-02,2.05126444e-02,1.92884794e-02,1.82719035e-02,1.74616684e-02,1.67721759e-02,1.60696690e-02,1.52216876e-02,1.41539549e-02,1.29064225e-02,1.16553831e-02,1.06688252e-02,1.02072222e-02,1.04142706e-02,1.12688010e-02,1.26904447e-02,1.44974151e-02,1.64948099e-02
2.33986539e-02,2.56641920e-02,2.78617893e-02,2.99243950e-02,3.18013313e-02,3.34368730e-02,3.47531897e-02,3.56502249e-02,3.60285219e-02,3.59085982e-02,3.53983006e-02,3.46076158e-02,3.37849328e-02,3.31663938e-02,3.29005057e-02,3.29839572e-02,3.33358155e-02,3.38832468e-02,3.44756020e-02,3.49471184e-02,3.51137017e-02,3.48626949e-02,3.40217499e-02,3.23690854e-02,2.97213378e-02,2.59589391e-02,2.11043528e-02,1.54035135e-02,9.34509387e-03,3.55772192e-03,-1.39654740e-03,-5.20288312e-03,-7.85068659e-03,-9.52361946e-03,-1.04733288e-02,-1.09405246e-02,-1.11284314e-02,-1.12010626e-02,-1.12845160e-02,-1.14644941e-02,-1.17452398e-02,-1.20272856e-02,-1.21430246e-02,-1.19082773e-02,-1.11416162e-02,-9.77296142e-03,-7.82606259e-03,-5.39803778e-03,-2.62816820e-03,3.27749158e-04,3.30951670e-03,6.15737964e-03,8.71431977e-03,1.08363187e-02,1.24185738e-02,1.34344841e-02,1.39716908e-02,1.42375112e-02,1.45018513e-02,1.50046374e-02,1.59167117e-02,1.72931599e-02,1.90809686e-02,2.11622090e-02
-3.31164085e-03,-7.26626728e-05,3.08385529e-03,6.05542688e-03,8.72933402e-03,1.09857978e-02,1.27081813e-02,1.37967747e-02,1.41823754e-02,1.38884489e-02,1.29759024e-02,1.15721332e-02,9.93590640e-03,8.37615767e-03,7.16838587e-03,6.47345966e-03,6.30299642e-03,6.51984459e-03,6.94925738e-03,7.39923772e-03,7.72858138e-03,7.88605036e-03,7.90770289e-03,7.88321079e-03,7.89496983e-03,7.98448704e-03,8.14862715e-03,8.34276299e-03,8.52200396e-03,8.67290493e-03,8.81688343e-03,8.98244190e-03,9.16661813e-03,9.30575793e-03,9.26824433e-03,8.91104742e-03,8.06890539e-03,6.65560165e-03,4.69332770e-03,2.32440366e-03,-2.26162213e-04,-2.72211833e-03,-4.99124765e-03,-6.96296195e-03,-8.65877906e-03,-1.01506118e-02,-1.15103305e-02,-1.27753963e-02,-1.39464062e-02,-1.50130784e-02,-1.59845370e-02,-1.68973928e-02,-1.77928315e-02,-1.86740569e-02,-1.94689203e-02,-2.00276689e-02,-2.02077550e-02,-1.98728330e-02,-1.89007216e-02,-1.73040281e-02,-1.51570049e-02,-1.25687365e-02,-9.65811208e-03,-6.53829587e-03
-2.27674796e-02,-2.51107244e-02,-2.72891415e-02,-2.90894716e-02,-3.03334487e-02,-3.09417834e-02,-3.10191589e-02,-3.05679429e-02,-2.97563679e-02,-2.87520967e-02,-2.76972314e-02,-2.66896935e-02,-2.57697001e-02,-2.49131036e-02,-2.40353552e-02,-2.30089674e-02,-2.16957857e-02,-1.99871180e-02,-1.78329539e-02,-1.52476179e-02,-1.22942508e-02,-9.05880123e-03,-5.62462010e-03,-2.05527739e-03,1.61084197e-03,5.35383867e-03,9.15669299e-03,1.29863194e-02,1.67794141e-02,2.04376705e-02,2.38342482e-02,2.68299110e-02,2.92938887e-02,3.11211278e-02,3.22341740e-02,3.25490933e-02,3.21556518e-02,3.09770802e-02,2.89591870e-02,2.61735233e-02,2.27787858e-02,1.89852430e-02,1.49877809e-02,1.09265485e-02,6.91618565e-03,3.10755854e-03,-2.90182033e-04,-3.05457471e-03,-5.03344765e-03,-6.19569244e-03,-6.63672496e-03,-6.54899767e-03,-6.16173780e-03,-5.75237739e-03,-5.57455234e-03,-5.82665035e-03,-6.63292158e-03,-7.98205251e-03,-9.75048361e-03,-1.17623050e-02,-1.38697829e-02,-1.60052156e-02,-1.81785151e-02,-2.04303989e-02
-3.53026681e-02,-3.75261454e-02,-3.97246258e-02,-4.17493276e-02,-4.34209281e-02,-4.45963094e-02,-4.51874237e-02,-4.52562481e-02,-4.46365769e-02,-4.32667936e-02,-4.11565435e-02,-3.83507514e-02,-3.49289724e-02,-3.09934455e-02,-2.66568874e-02,-2.20352809e-02,-1.72454798e-02,-1.24053954e-02,-7.63406998e-03,-3.04884703e-03,1.24297085e-03,5.15831174e-03,8.66217058e-03,1.17811401e-02,1.45999409e-02,1.72332610e-02,1.97806914e-02,2.22852103e-02,2.47135979e-02,2.69656453e-02,2.89086226e-02,3.04282751e-02,3.14841985e-02,3.21503700e-02,3.26116421e-02,3.30937655e-02,3.37951558e-02,3.48501590e-02,3.62973452e-02,3.80873742e-02,4.01217592e-02,4.22904000e-02,4.44902436e-02,4.66251096e-02,4.85957207e-02,5.02886284e-02,5.15665103e-02,5.22573605e-02,5.21639202e-02,5.13115926e-02,4.93521068e-02,4.60920433e-02,4.14077942e-02,3.52460418e-02,2.76387801e-02,1.87566738e-02,9.01133428e-03,-8.78507536e-04,-9.98854078e-03,-1.75716062e-02,-2.33587349e-02,-2.75497088e-02,-3.06140494e-02,-3.30652393e-02
2.88874280e-03,3.22486985e-03,3.45729118e-03,3.63093628e-03,3.81829119e-03,4.10177063e-03,4.54980503e-03,5.19784959e-03,6.04369830e-03,7.05724804e-03,8.19851410e-03,9.43581295e-03,1.07554141e-02,1.21566784e-02,1.36347937e-02,1.51621443e-02,1.66808094e-02,1.81106056e-02,1.93664562e-02,2.03750506e-02,2.10866099e-02,2.14853908e-02,2.16004962e-02,2.15431730e-02,2.14270900e-02,2.13899541e-02,2.15184487e-02,2.18515891e-02,2.23508559e-02,2.29000912e-02,2.33198244e-02,2.33471123e-02,2.27939739e-02,2.12997151e-02,1.86018138e-02,1.46331769e-02,9.66806439e-03,4.33339944e-03,-6.15385214e-04,-4.60216784e-03,-7.40095548e-03,-9.07526765e-03,-9.85093950e-03,-1.00308878e-02,-9.87363454e-03,-9.62857950e-03,-9.47671119e-03,-9.47856278e-03,-9.61337117e-03,-9.73760620e-03,-9.70221956e-03,-9.36292406e-03,-8.68152647e-03,-7.70583733e-03,-6.53560518e-03,-5.27784932e-03,-4.01645830e-03,-2.80320558e-03,-1.66539715e-03,-6.19136415e-04,3.22192570e-04,1.14753026e-03,1.85113442e-03,2.43167976e-03
-2.04154449e-02,-1.98193639e-02,-1.86082828e-02,-1.69184023e-02,-1.48415575e-02,-1.24404012e-02,-9.77495676e-03,-6.92845087e-03,-4.02023601e-03,-1.20349982e-03,1.34656385e-03,3.44610723e-03,4.92403299e-03,5.64191402e-03,5.52895886e-03,4.66164602e-03,3.19502004e-03,1.45184908e-03,-2.18096422e-04,-1.56109920e-03,-2.48646205e-03,-3.03794748e-03,-3.32500489e-03,-3.46709342e-03,-3.56282337e-03,-3.67118698e-03,-3.78994226e-03,-3.84626115e-03,-3.71756044e-03,-3.26923537e-03,-2.41806716e-03,-1.15029658e-03,4.94462220e-04,2.45751797e-03,4.69094425e-03,7.16726103e-03,9.87418750e-03,1.28038327e-02,1.59426732e-02,1.92645734e-02,2.27266635e-02,2.62669780e-02,2.98022794e-02,3.32245440e-02,3.63958398e-02,3.91439944e-02,4.12655670e-02,4.25444440e-02,4.26981404e-02,4.19698311e-02,4.01557730e-02,3.73513037e-02,3.37458276e-02,2.94416256e-02,2.43807985e-02,1.84271453e-02,1.15986004e-02,4.29050892e-03,-2.76986043e-03,-8.86590948e-03,-1.36389766e-02,-1.70447363e-02,-1.91912491e-02,-2.02332035e-02
-1.87160619e-02,-1.73141710e-02,-1.60461702e-02,-1.48952819e-02,-1.38620586e-02,-1.29999743e-02,-1.24306495e-02,-1.22913379e-02,-1.27751916e-02,-1.40535666e-02,-1.61802816e-02,-1.90417740e-02,-2.23289413e-02,-2.55900109e-02,-2.83633351e-02,-3.03250900e-02,-3.13737187e-02,-3.16580212e-02,-3.13436506e-02,-3.06536148e-02,-2.98444511e-02,-2.91053828e-02,-2.85625347e-02,-2.82838018e-02,-2.82484479e-02,-2.84687103e-02,-2.88660409e-02,-2.93485441e-02,-2.98448922e-02,-3.03309864e-02,-3.08357663e-02,-3.14263504e-02,-3.21779057e-02,-3.31355289e-02,-3.42858903e-02,-3.55541972e-02,-3.68245910e-02,-3.79690096e-02,-3.88718626e-02,-3.94487635e-02,-3.96759380e-02,-3.96226620e-02,-3.92364622e-02,-3.86135212e-02,-3.78149929e-02,-3.68840519e-02,-3.58484383e-02,-3.47293124e-02,-3.35500719e-02,-3.23420712e-02,-3.11484447e-02,-3.00264117e-02,-2.90439405e-02,-2.82646471e-02,-2.77205143e-02,-2.73846256e-02,-2.71664560e-02,-2.69321470e-02,-2.65223464e-02,-2.58087772e-02,-2.47469221e-02,-2.33849279e-02,-2.18382095e-02,-2.02441775e-02
-7.15112877e-03,-7.75649961e-03,-7.76454210e-03,-7.19278922e-03,-6.19456349e-03,-4.94170636e-03,-3.59686844e-03,-2.29887325e-03,-1.16463877e-03,-3.01551034e-04,1.77368221e-04,1.44677828e-04,-5.28375549e-04,-1.93888172e-03,-4.08035036e-03,-6.78911216e-03,-9.75883151e-03,-1.26533637e-02,-1.52522614e-02,-1.75238723e-02,-1.95919853e-02,-2.16456879e-02,-2.38518079e-02,-2.62972056e-02,-2.89660338e-02,-3.17478907e-02,-3.44690831e-02,-3.69339329e-02,-3.89595705e-02,-4.03962727e-02,-4.11480028e-02,-4.12797792e-02,-4.06864943e-02,-3.93539751e-02,-3.73596847e-02,-3.47957793e-02,-3.17678725e-02,-2.83877336e-02,-2.47652651e-02,-2.10037634e-02,-1.71996784e-02,-1.34455725e-02,-9.83350987e-03,-6.45603153e-03,-3.40271110e-03,-7.51279888e-04,1.44618110e-03,3.17935197e-03,4.48954242e-03,5.45829211e-03,6.17432192e-03,6.69199846e-03,7.00737379e-03,7.06764040e-03,6.83005265e-03,6.26394394e-03,5.39174770e-03,4.25903191e-03,2.89733196e-03,1.31588264e-03,-4.68423843e-04,-2.38419689e-03,-4.27964456e-03,-5.94108801e-03
-9.26551648e-03,-6.95518755e-03,-4.55632523e-03,-2.15879421e-03,1.80915633e-04,2.43465425e-03,4.59002514e-03,6.63880284e-03,8.57264574e-03,1.03853486e-02,1.20755903e-02,1.36440077e-02,1.50844742e-02,1.63768398e-02,1.74898026e-02,1.83956092e-02,1.90873508e-02,1.95832088e-02,1.99078832e-02,2.00571938e-02,1.99734835e-02,1.95616716e-02,1.86285280e-02,1.69716723e-02,1.44139727e-02,1.08796450e-02,6.47999128e-03,1.55101799e-03,-3.40945578e-03,-7.87843147e-03,-1.14453323e-02,-1.38620803e-02,-1.50558663e-02,-1.52046678e-02,-1.43762960e-02,-1.28168918e-02,-1.07604784e-02,-8.40339164e-03,-5.89372482e-03,-3.33446584e-03,-7.99247145e-04,1.64604482e-03,3.92518656e-03,5.94606957e-03,7.60220497e-03,8.77448109e-03,9.32544363e-03,9.10258865e-03,7.98634364e-03,5.81305633e-03,2.59402750e-03,-1.42425379e-03,-5.72683656e-03,-9.69106075e-03,-1.28329922e-02,-1.49622175e-02,-1.61574738e-02,-1.66329956e-02,-1.66525194e-02,-1.62965913e-02,-1.56197933e-02,-1.45912321e-02,-1.31730049e-02,-1.13744102e-02
-1.75303966e-02,-1.39978541e-02,-1.02900123e-02,-6.57463328e-03,-3.02729589e-03,1.81985780e-04,2.90568243e-03,5.04493385e-03,6.57046367e-03,7.52707094e-03,8.01613588e-03,8.15951213e-03,8.07079954e-03,7.81056709e-03,7.39624614e-03,6.81969018e-03,6.06648180e-03,5.14662521e-03,4.11699331e-03,3.08552976e-03,2.19217574e-03,1.57133870e-03,1.31296540e-03,1.44231459e-03,1.92886205e-03,2.71719844e-03,3.74298122e-03,4.94204915e-03,6.24268863e-03,7.55877492e-03,8.79602938e-03,9.87210417e-03,1.07381009e-02,1.13836485e-02,1.18154411e-02,1.20161838e-02,1.19112201e-02,1.13786488e-02,1.01979458e-02,8.14962546e-03,5.05684489e-03,8.54259963e-04,-4.34236094e-03,-1.01821171e-02,-1.61110491e-02,-2.15125054e-02,-2.59263119e-02,-2.91793008e-02,-3.13514772e-02,-3.26535687e-02,-3.33168874e-02,-3.35431037e-02,-3.35002400e-02,-3.32154397e-02,-3.27718282e-02,-3.22152221e-02,-3.15734894e-02,-3.08482023e-02,-3.00011787e-02,-2.89502305e-02,-2.75839269e-02,-2.57945935e-02,-2.35148797e-02,-2.07401446e-02
-8.72285912e-04,9.28534301e-05,1.29385351e-03,2.66251360e-03,4.08778756e-03,5.44374156e-03,6.60759628e-03,7.46908430e-03,7.93612494e-03,7.93921939e-03,7.50674783e-03,6.67456657e-03,5.62061560e-03,4.60595627e-03,3.91342469e-03,3.77002394e-03,4.27739387e-03,5.44845732e-03,7.20006519e-03,9.38913324e-03,1.18411027e-02,1.43700003e-02,1.67958953e-02,1.89593894e-02,2.07290831e-02,2.19961645e-02,2.26529060e-02,2.25597228e-02,2.16974529e-02,1.98476795e-02,1.69617051e-02,1.31323976e-02,8.61242895e-03,3.76620438e-03,-1.02003199e-03,-5.41369053e-03,-9.19005872e-03,-1.22415643e-02,-1.45597723e-02,-1.62044008e-02,-1.72757237e-02,-1.78970580e-02,-1.82008646e-02,-1.83118997e-02,-1.83321955e-02,-1.83249274e-02,-1.83221911e-02,-1.83265370e-02,-1.83157020e-02,-1.82395263e-02,-1.80231346e-02,-1.75761508e-02,-1.68119937e-02,-1.56748141e-02,-1.41635048e-02,-1.23429293e-02,-1.03387326e-02,-8.31724234e-03,-6.45343704e-03,-4.89061118e-03,-3.69904227e-03,-2.84820491e-03,-2.21112997e-03,-1.60802644e-03
4.46438143e-04,-5.31064810e-04,-1.70070396e-03,-2.98678381e-03,-4.34705975e-03,-5.78750829e-03,-7.37482124e-03,-9.24237226e-03,-1.15658529e-02,-1.44840463e-02,-1.79777288e-02,-2.17861046e-02,-2.54601584e-02,-2.85457571e-02,-3.07550744e-02,-3.20154799e-02,-3.24465890e-02,-3.22391443e-02,-3.14304166e-02,-3.02103629e-02,-2.87193539e-02,-2.70771490e-02,-2.53891613e-02,-2.37446076e-02,-2.22107602e-02,-2.08291728e-02,-1.96192655e-02,-1.85886443e-02,-1.77409592e-02,-1.70698485e-02,-1.65385614e-02,-1.60617065e-02,-1.55061259e-02,-1.47181347e-02,-1.35735598e-02,-1.20164376e-02,-1.00648096e-02,-7.79409307e-03,-5.31725988e-03,-2.77177682e-03,-3.11711152e-04,1.90101022e-03,3.71379813e-03,5.01092171e-03,5.74083915e-03,5.93187449e-03,5.69833099e-03,5.15084062e-03,4.38740294e-03,3.46663228e-03,2.42164849e-03,1.30575865e-03,2.25185730e-04,-6.70250804e-04,-1.23859197e-03,-1.40808998e-03,-1.19394977e-03,-6.87998160e-04,-2.51471966e-05,6.49643496e-04,1.20065905e-03,1.51339908e-03,1.50537132e-03,1.14634786e-03
8.54218041e-04,-3.45252265e-03,-7.56149049e-03,-1.10782910e-02,-1.36961385e-02,-1.52732472e-02,-1.58683936e-02,-1.56961283e-02,-1.49322070e-02,-1.38329823e-02,-1.25799673e-02,-1.12633557e-02,-9.88018019e-03,-8.35667631e-03,-6.59214398e-03,-4.51084826e-03,-2.10017093e-03,5.79777692e-04,3.41024707e-03,6.23942348e-03,8.89864168e-03,1.12040928e-02,1.29511216e-02,1.39120996e-02,1.38412616e-02,1.27130249e-02,1.03943265e-02,7.08355382e-03,3.20802113e-03,-6.62294438e-04,-3.96833623e-03,-6.31799411e-03,-7.54266726e-03,-7.73254383e-03,-7.01388054e-03,-5.66940987e-03,-4.03183126e-03,-2.44676849e-03,-1.23533276e-03,-6.38484927e-04,-7.43955768e-04,-1.43031953e-03,-2.37406098e-03,-3.16671120e-03,-3.48344500e-03,-3.17162023e-03,-2.23421569e-03,-7.93870897e-04,9.85883668e-04,2.94476151e-03,4.95190370e-03,6.91219594e-03,8.76439741e-03,1.04717923e-02,1.20065191e-02,1.33297203e-02,1.43732368e-02,1.50310779e-02,1.51596970e-02,1.46866180e-02,1.34652662e-02,1.14201562e-02,8.55431252e-03,4.96300540e-03
2.49557595e-03,-1.97548984e-03,-7.98399690e-03,-1.51185994e-02,-2.25560942e-02,-2.93750799e-02,-3.49306603e-02,-3.90075669e-02,-4.17332965e-02,-4.34046351e-02,-4.43410787e-02,-4.47969217e-02,-4.49419774e-02,-4.48628941e-02,-4.44615744e-02,-4.36650079e-02,-4.23807474e-02,-4.05586285e-02,-3.82086283e-02,-3.53942818e-02,-3.22148637e-02,-2.87871494e-02,-2.52315022e-02,-2.16623850e-02,-1.81816729e-02,-1.48736428e-02,-1.18020136e-02,-9.01066601e-03,-6.52961681e-03,-4.38625086e-03,-2.61979399e-03,-1.29606339e-03,-5.19602628e-04,-4.34243756e-04,-1.20926541e-03,-2.97785411e-03,-5.73833704e-03,-9.25607213e-03,-1.30663166e-02,-1.66279361e-02,-1.95249500e-02,-2.15605102e-02,-2.27152138e-02,-2.30913101e-02,-2.27806873e-02,-2.17704032e-02,-2.01343227e-02,-1.79507833e-02,-1.53221074e-02,-1.23720306e-02,-9.23521396e-03,-6.04836102e-03,-2.94592731e-03,-5.75837140e-05,2.49690604e-03,4.62170449e-03,6.26311105e-03,7.42095932e-03,8.14307207e-03,8.49453416e-03,8.50282830e-03,8.14336709e-03,7.22536406e-03,5.46211775e-03
7.08779324e-04,2.53575177e-03,4.41691192e-03,6.32035694e-03,8.17238966e-03,9.86500784e-03,1.12689476e-02,1.22500471e-02,1.26875260e-02,1.25095737e-02,1.17238367e-02,1.03353951e-02,8.43832956e-03,6.13321292e-03,3.49425999e-03,5.79162143e-04,-2.52683237e-03,-5.69463688e-03,-8.81122586e-03,-1.18542423e-02,-1.48926117e-02,-1.79924460e-02,-2.11000561e-02,-2.40067905e-02,-2.64404961e-02,-2.82099798e-02,-2.92858041e-02,-2.97807079e-02,-2.98915246e-02,-2.97494628e-02,-2.94904023e-02,-2.92098179e-02,-2.89683607e-02,-2.88064818e-02,-2.87347936e-02,-2.87172423e-02,-2.86868060e-02,-2.85107774e-02,-2.80417141e-02,-2.71819996e-02,-2.59055005e-02,-2.42479702e-02,-2.22835367e-02,-2.01072558e-02,-1.78297503e-02,-1.55777229e-02,-1.34905632e-02,-1.17074476e-02,-1.03465107e-02,-9.48277649e-03,-9.12704014e-03,-9.20931998e-03,-9.63220197e-03,-1.02118788e-02,-1.07367447e-02,-1.10067880e-02,-1.09061404e-02,-1.03280226e-02,-9.30038132e-03,-7.91700432e-03,-6.30485560e-03,-4.58288631e-03,-2.82958451e-03,-1.07072547e-03
3.23991100e-02,3.31108373e-02,3.34915987e-02,3.34454605e-02,3.29908010e-02,3.20211093e-02,3.05397154e-02,2.85805137e-02,2.61707426e-02,2.33087084e-02,1.99697376e-02,1.61407183e-02,1.18703409e-02,7.31199097e-03,2.72590234e-03,-1.58084822e-03,-5.34499055e-03,-8.41906110e-03,-1.07626662e-02,-1.24060037e-02,-1.34232665e-02,-1.39261279e-02,-1.40677297e-02,-1.40007736e-02,-1.39000934e-02,-1.39039505e-02,-1.41374362e-02,-1.46564771e-02,-1.54591304e-02,-1.65032049e-02,-1.77331129e-02,-1.91001396e-02,-2.05697214e-02,-2.21209113e-02,-2.37461757e-02,-2.54505814e-02,-2.72401983e-02,-2.90935043e-02,-3.09261111e-02,-3.25735566e-02,-3.38115137e-02,-3.44190352e-02,-3.44039915e-02,-3.35000980e-02,-3.17427502e-02,-2.92096346e-02,-2.60217467e-02,-2.23154537e-02,-1.82256323e-02,-1.38770661e-02,-9.38182268e-03,-4.83996703e-03,-3.41056586e-04,4.03487305e-03,8.21898585e-03,1.21554777e-02,1.57997437e-02,1.91154254e-02,2.20724935e-02,2.46500683e-02,2.68442773e-02,2.86753516e-02,3.01847821e-02,3.14180288e-02
-1.01094255e-02,-1.08149333e-02,-1.17320311e-02,-1.27403766e-02,-1.37457246e-02,-1.46959028e-02,-1.55640803e-02,-1.63093401e-02,-1.68438561e-02,-1.70579290e-02,-1.68567264e-02,-1.61105951e-02,-1.48082582e-02,-1.29977238e-02,-1.07717560e-02,-8.24416005e-03,-5.52792129e-03,-2.71922170e-03,1.11990259e-04,2.92517393e-03,5.70759884e-03,8.46830121e-03,1.12312788e-02,1.40296692e-02,1.69006100e-02,1.98793994e-02,2.29917767e-02,2.62446024e-02,2.96166791e-02,3.30516147e-02,3.64535115e-02,3.96853113e-02,4.25704657e-02,4.49016789e-02,4.64610636e-02,4.70317274e-02,4.67418492e-02,4.57251121e-02,4.41643405e-02,4.24959717e-02,4.11252493e-02,4.02707906e-02,3.99344386e-02,3.99318267e-02,4.00185434e-02,3.99571451e-02,3.95390154e-02,3.84403616e-02,3.63284214e-02,3.28798383e-02,2.78629125e-02,2.13061001e-02,1.36888333e-02,5.95480986e-03,-8.20935977e-04,-5.90147500e-03,-9.13248746e-03,-1.07778598e-02,-1.12887450e-02,-1.10945475e-02,-1.05679055e-02,-1.00331961e-02,-9.72006873e-03,-9.72411546e-03
-5.10918450e-03,-1.68062007e-03,1.39065529e-03,4.08897731e-03,6.43951246e-03,8.48234211e-03,1.02458115e-02,1.17299673e-02,1.29025081e-02,1.36990453e-02,1.40146473e-02,1.37188648e-02,1.26311498e-02,1.04798624e-02,7.05005186e-03,2.29718299e-03,-3.48128028e-03,-9.58692138e-03,-1.52177229e-02,-1.98436922e-02,-2.33799200e-02,-2.60702350e-02,-2.82580138e-02,-3.01985923e-02,-3.19636193e-02,-3.34547808e-02,-3.45132834e-02,-3.50503574e-02,-3.51497788e-02,-3.48664503e-02,-3.43875237e-02,-3.38890218e-02,-3.34903619e-02,-3.32513183e-02,-3.31765302e-02,-3.32682028e-02,-3.35721381e-02,-3.41273484e-02,-3.49865232e-02,-3.61737905e-02,-3.76530642e-02,-3.93336096e-02,-4.11103276e-02,-4.29016450e-02,-4.46496255e-02,-4.62831699e-02,-4.76799348e-02,-4.86675746e-02,-4.90995315e-02,-4.90370019e-02,-4.82373768e-02,-4.68091702e-02,-4.48736346e-02,-4.25653212e-02,-3.99962741e-02,-3.72367344e-02,-3.43106541e-02,-3.12056223e-02,-2.78938184e-02,-2.43572162e-02,-2.06088453e-02,-1.67037107e-02,-1.27368930e-02,-8.82996666e-03
2.04715830e-02,2.02168099e-02,1.96985858e-02,1.86946583e-02,1.69942004e-02,1.44632072e-02,1.11317061e-02,7.25498244e-03,3.27594870e-03,-3.27323518e-04,-3.21190489e-03,-5.25266380e-03,-6.49671856e-03,-7.07370063e-03,-7.15207846e-03,-6.84021765e-03,-6.25969415e-03,-5.51658787e-03,-4.70049735e-03,-3.88198504e-03,-3.11387673e-03,-2.43685843e-03,-1.88362515e-03,-1.47787458e-03,-1.23043746e-03,-1.13587654e-03,-1.17072657e-03,-1.29249079e-03,-1.44236105e-03,-1.56343849e-03,-1.62674160e-03,-1.64732931e-03,-1.67378769e-03,-1.75547018e-03,-1.90090486e-03,-2.05296265e-03,-2.09666629e-03,-1.88533041e-03,-1.27666772e-03,-1.69692284e-04,1.47627437e-03,3.63619245e-03,6.23000284e-03,9.13905972e-03,1.22256020e-02,1.53507508e-02,1.83893740e-02,2.12398927e-02,2.38258428e-02,2.60873338e-02,2.79661994e-02,2.93948438e-02,3.02978418e-02,3.06016290e-02,3.03688227e-02,2.96302418e-02,2.84361399e-02,2.69357249e-02,2.53137760e-02,2.37689115e-02,2.24766353e-02,2.15410938e-02,2.09659467e-02,2.06610633e-02
-9.91148805e-03,-8.69173217e-03,-7.72433534e-03,-6.95829835e-03,-6.29821235e-03,-5.63781283e-03,-4.90787223e-03,-4.11600670e-03,-3.35562730e-03,-2.77999566e-03,-2.54608089e-03,-2.75133096e-03,-3.37426224e-03,-4.23071248e-03,-5.02136749e-03,-5.44760491e-03,-5.35575004e-03,-4.70405700e-03,-3.63402369e-03,-2.38229199e-03,-1.23448116e-03,-4.87258296e-04,-4.04109925e-04,-1.16534953e-03,-2.81142876e-03,-5.22558098e-03,-8.17475833e-03,-1.13837764e-02,-1.45802379e-02,-1.74878604e-02,-1.98161494e-02,-2.13045408e-02,-2.18508478e-02,-2.15190880e-02,-2.03752414e-02,-1.87341635e-02,-1.69196392e-02,-1.52064694e-02,-1.37754553e-02,-1.26959213e-02,-1.19392395e-02,-1.14157378e-02,-1.10164088e-02,-1.06426932e-02,-1.02238349e-02,-9.73231360e-03,-9.19954817e-03,-8.72266041e-03,-8.45013934e-03,-8.51132265e-03,-9.06084108e-03,-1.01489465e-02,-1.17297366e-02,-1.36438391e-02,-1.56280594e-02,-1.73598996e-02,-1.85395106e-02,-1.90056588e-02,-1.87711955e-02,-1.78478499e-02,-1.64429898e-02,-1.47739532e-02,-1.30348902e-02,-1.13785852e-02
-1.23616361e-02,-1.50982948e-02,-1.73375351e-02,-1.91240893e-02,-2.06843070e-02,-2.23107211e-02,-2.42342928e-02,-2.65157465e-02,-2.90090946e-02,-3.14211459e-02,-3.34296410e-02,-3.47894615e-02,-3.53894448e-02,-3.53768476e-02,-3.46281655e-02,-3.33162013e-02,-3.15848635e-02,-2.95903679e-02,-2.74963537e-02,-2.54644954e-02,-2.36368833e-02,-2.21145649e-02,-2.09424121e-02,-2.01094519e-02,-1.95651521e-02,-1.92412740e-02,-1.90660587e-02,-1.89676045e-02,-1.88728849e-02,-1.87027506e-02,-1.83898410e-02,-1.79109561e-02,-1.73096357e-02,-1.67002083e-02,-1.62532444e-02,-1.61277631e-02,-1.64962208e-02,-1.74931964e-02,-1.91079880e-02,-2.11710326e-02,-2.33620461e-02,-2.52850512e-02,-2.65828751e-02,-2.70778544e-02,-2.67753388e-02,-2.55794532e-02,-2.36657235e-02,-2.12200556e-02,-1.84329034e-02,-1.54844342e-02,-1.25347718e-02,-9.71895048e-03,-7.14412565e-03,-4.88836985e-03,-3.00300579e-03,-1.52116483e-03,-4.72329958e-04,1.02263885e-04,1.39782498e-04,-4.37346783e-04,-1.70528633e-03,-3.68910351e-03,-6.30434940e-03,-9.31415699e-03
-7.93710876e-03,-5.72438305e-03,-3.33772581e-03,-7.70287795e-04,1.92933855e-03,4.65978259e-03,7.28263818e-03,9.64023596e-03,1.15763003e-02,1.29575202e-02,1.36935135e-02,1.37425237e-02,1.32468160e-02,1.23014294e-02,1.11833283e-02,1.02175610e-02,9.68625876e-03,9.75147459e-03,1.03774000e-02,1.15006031e-02,1.29529691e-02,1.45579294e-02,1.61549231e-02,1.76056155e-02,1.87855813e-02,1.95651054e-02,1.97798210e-02,1.93213486e-02,1.79988014e-02,1.56827795e-02,1.24233057e-02,8.49255143e-03,4.35603233e-03,5.28543275e-04,-2.60051494e-03,-4.86260724e-03,-6.28387416e-03,-6.99620707e-03,-7.17352549e-03,-6.94470084e-03,-6.41062106e-03,-5.64088825e-03,-4.68791298e-03,-3.62029945e-03,-2.55097792e-03,-1.64601800e-03,-1.11075323e-03,-1.14935461e-03,-1.94411835e-03,-3.59672157e-03,-6.08917448e-03,-9.23504129e-03,-1.26643110e-02,-1.58914399e-02,-1.84592980e-02,-2.00742880e-02,-2.06854084e-02,-2.04383815e-02,-1.94124702e-02,-1.78682177e-02,-1.60289582e-02,-1.40602346e-02,-1.20534662e-02,-1.00256385e-02
3.99548076e-03,5.91607330e-03,7.09604846e-03,7.21485734e-03,6.11656870e-03,3.70043613e-03,2.32315694e-04,-3.75892561e-03,-7.72310152e-03,-1.13365347e-02,-1.45424921e-02,-1.74302984e-02,-2.00791827e-02,-2.24616742e-02,-2.44394352e-02,-2.58356361e-02,-2.65352565e-02,-2.66236033e-02,-2.61025661e-02,-2.51701968e-02,-2.40219728e-02,-2.28024954e-02,-2.15821632e-02,-2.03670740e-02,-1.91344707e-02,-1.78731753e-02,-1.66070230e-02,-1.53906524e-02,-1.42844129e-02,-1.33256923e-02,-1.25137566e-02,-1.18168920e-02,-1.11982308e-02,-1.06465787e-02,-1.01956280e-02,-9.92050568e-03,-9.88621881e-03,-1.01661785e-02,-1.07651924e-02,-1.16310075e-02,-1.26748167e-02,-1.37931845e-02,-1.48732812e-02,-1.57883172e-02,-1.64070259e-02,-1.66429054e-02,-1.64722890e-02,-1.58858223e-02,-1.49882010e-02,-1.39271150e-02,-1.28733476e-02,-1.19919179e-02,-1.14024149e-02,-1.11346211e-02,-1.10936998e-02,-1.11083384e-02,-1.09555003e-02,-1.04203710e-02,-9.38445430e-03,-7.82937156e-03,-5.81838114e-03,-3.46781982e-03,-9.26412216e-04,1.63098436e-03
1.85744673e-02,1.76383753e-02,1.63094590e-02,1.48899367e-02,1.36034736e-02,1.25528979e-02,1.17352548e-02,1.10785755e-02,1.04735362e-02,9.79528555e-03,8.92162429e-03,7.75225321e-03,6.22309621e-03,4.30144958e-03,1.95700645e-03,-8.75668277e-04,-4.31184648e-03,-8.47354036e-03,-1.33806764e-02,-1.88308254e-02,-2.43881565e-02,-2.95547072e-02,-3.40069770e-02,-3.77018534e-02,-4.08072474e-02,-4.35577870e-02,-4.61306179e-02,-4.85762968e-02,-5.08117772e-02,-5.26697109e-02,-5.39803539e-02,-5.46570667e-02,-5.47970375e-02,-5.43877595e-02,-5.34879597e-02,-5.22387653e-02,-5.07162487e-02,-4.89424320e-02,-4.69007778e-02,-4.45598099e-02,-4.18994009e-02,-3.89328991e-02,-3.57195151e-02,-3.23638248e-02,-2.90020085e-02,-2.57767772e-02,-2.28052413e-02,-2.01473490e-02,-1.77860665e-02,-1.56298352e-02,-1.35394368e-02,-1.13692947e-02,-9.00604644e-03,-6.38981155e-03,-3.51533083e-03,-4.21093692e-04,2.82273646e-03,6.12145947e-03,9.35736931e-03,1.23851533e-02,1.50310339e-02,1.71041602e-02,1.84277008e-02,1.88883894e-02
-2.96846194e-03,-3.43637593e-03,-3.74290498e-03,-3.89515701e-03,-3.90044520e-03,-3.74317901e-03,-3.40759504e-03,-2.88296228e-03,-2.16975111e-03,-1.27612801e-03,-2.10757455e-04,1.02073010e-03,2.41182324e-03,3.94505497e-03,5.58024438e-03,7.24720609e-03,8.84748137e-03,1.02668383e-02,1.13974454e-02,1.21661521e-02,1.25607181e-02,1.26379161e-02,1.25312773e-02,1.23500542e-02,1.21958109e-02,1.21053194e-02,1.20297432e-02,1.18496544e-02,1.13906005e-02,1.04572184e-02,8.90093484e-03,6.69564345e-03,3.99049120e-03,1.09118617e-03,-1.65246799e-03,-3.99531448e-03,-5.87621641e-03,-7.37398915e-03,-8.61533579e-03,-9.70206897e-03,-1.06823002e-02,-1.15536565e-02,-1.22797693e-02,-1.28094015e-02,-1.30930942e-02,-1.31224909e-02,-1.28597810e-02,-1.23102665e-02,-1.14935977e-02,-1.04432434e-02,-9.20267494e-03,-7.82095237e-03,-6.35203341e-03,-4.85858233e-03,-3.41621316e-03,-2.11290330e-03,-1.04134300e-03,-2.85532636e-04,9.58969052e-05,8.70434746e-05,-2.71183972e-04,-8.83962478e-04,-1.61979228e-03,-2.34703979e-03
-1.04974132e-02,-8.89623531e-03,-7.28875150e-03,-5.84660349e-03,-4.64400820e-03,-3.65795621e-03,-2.80702620e-03,-2.01469274e-03,-1.26202297e-03,-5.98384913e-04,-1.07550744e-04,1.45159797e-04,1.51588297e-04,-3.44516419e-05,-3.21342442e-04,-6.02675398e-04,-7.70668678e-04,-7.27471421e-04,-3.97035710e-04,2.44821000e-04,1.15704456e-03,2.23957007e-03,3.35889966e-03,4.38374665e-03,5.21905983e-03,5.82595160e-03,6.21980446e-03,6.45104401e-03,6.58494501e-03,6.69427122e-03,6.86136078e-03,7.17836407e-03,7.73309674e-03,8.58355103e-03,9.73950062e-03,1.11611404e-02,1.27713561e-02,1.44707849e-02,1.61474695e-02,1.76807825e-02,1.89458535e-02,1.98260199e-02,2.02351750e-02,2.01522014e-02,1.96577579e-02,1.87961679e-02,1.76902677e-02,1.64467722e-02,1.51295766e-02,1.37557243e-02,1.23046918e-02,1.07292245e-02,8.96130160e-03,6.91727480e-03,4.51498725e-03,1.71447076e-03,-1.42372841e-03,-4.69305933e-03,-7.76792646e-03,-1.02947747e-02,-1.19995713e-02,-1.27608735e-02,-1.26934263e-02,-1.18521900e-02
5.21823787e-03,6.17593371e-03,7.38944532e-03,8.82146762e-03,1.04445090e-02,1.22244830e-02,1.41098169e-02,1.60311357e-02,1.79125725e-02,1.96918005e-02,2.13417847e-02,2.28837156e-02,2.43817350e-02,2.59191256e-02,2.75666483e-02,2.93568238e-02,3.12735907e-02,3.32597952e-02,3.52377959e-02,3.71337298e-02,3.88951042e-02,4.04946100e-02,4.19198406e-02,4.31556769e-02,4.41687104e-02,4.48999502e-02,4.52667425e-02,4.51995483e-02,4.47307086e-02,4.37628924e-02,4.23270751e-02,4.05314854e-02,3.85419642e-02,3.65436177e-02,3.46918355e-02,3.30772926e-02,3.17185811e-02,3.05762322e-02,2.95736851e-02,2.86159253e-02,2.76051701e-02,2.64590328e-02,2.51371512e-02,2.36730270e-02,2.21918276e-02,2.08889287e-02,1.99641373e-02,1.95413698e-02,1.96063053e-02,1.99965419e-02,2.05317024e-02,2.09197292e-02,2.08521432e-02,2.02082257e-02,1.88191549e-02,1.67401059e-02,1.41931720e-02,1.15005553e-02,8.99035533e-03,6.91966164e-03,5.43876734e-03,4.59107662e-03,4.33677816e-03,4.57786593e-03
-4.84176268e-02,-4.74790893e-02,-4.62447355e-02,-4.47550327e-02,-4.31065292e-02,-4.14368744e-02,-3.99043029e-02,-3.86659810e-02,-3.78522517e-02,-3.75187994e-02,-3.75698037e-02,-3.80478540e-02,-3.87503691e-02,-3.94939010e-02,-4.01018979e-02,-4.04226577e-02,-4.04311434e-02,-3.99633809e-02,-3.90051146e-02,-3.76138863e-02,-3.58997462e-02,-3.40003206e-02,-3.20613280e-02,-3.02271211e-02,-2.86375764e-02,-2.74216558e-02,-2.66773712e-02,-2.64176698e-02,-2.65859345e-02,-2.71077270e-02,-2.77682388e-02,-2.83494087e-02,-2.86746749e-02,-2.87003487e-02,-2.83372671e-02,-2.76399505e-02,-2.67243922e-02,-2.57414553e-02,-2.48407246e-02,-2.41366362e-02,-2.36840684e-02,-2.34689171e-02,-2.34171226e-02,-2.34520139e-02,-2.34922742e-02,-2.35098703e-02,-2.35331418e-02,-2.36621845e-02,-2.40458023e-02,-2.48287798e-02,-2.61134652e-02,-2.79483575e-02,-3.03379158e-02,-3.32402037e-02,-3.65290217e-02,-3.99519137e-02,-4.31564629e-02,-4.58079631e-02,-4.77183028e-02,-4.88877946e-02,-4.94512149e-02,-4.96052690e-02,-4.94735764e-02,-4.90722594e-02
-5.17995647e-02,-5.07005024e-02,-4.94094435e-02,-4.79262832e-02,-4.62043637e-02,-4.41685737e-02,-4.17430554e-02,-3.88771856e-02,-3.55588795e-02,-3.18129428e-02,-2.76906699e-02,-2.32586006e-02,-1.85910900e-02,-1.37676531e-02,-8.87406355e-03,-4.00556247e-03,7.29733193e-04,5.20771875e-03,9.29450721e-03,1.28578012e-02,1.57837177e-02,1.79972420e-02,1.94773886e-02,2.02564053e-02,2.03866081e-02,2.00276781e-02,1.91755140e-02,1.78550444e-02,1.60689477e-02,1.37978435e-02,1.10312504e-02,7.79954100e-03,4.19408173e-03,3.62092482e-04,-3.53059134e-03,-7.35841496e-03,-1.10674801e-02,-1.46413783e-02,-1.80290602e-02,-2.10949843e-02,-2.36390766e-02,-2.54757847e-02,-2.65162565e-02,-2.68377819e-02,-2.65714847e-02,-2.58903799e-02,-2.51052366e-02,-2.45570324e-02,-2.44831187e-02,-2.52092804e-02,-2.69131281e-02,-2.95368891e-02,-3.28092548e-02,-3.63522571e-02,-3.98367871e-02,-4.30678894e-02,-4.59581500e-02,-4.84522899e-02,-5.04814070e-02,-5.19714385e-02,-5.28776035e-02,-5.32270140e-02,-5.31855843e-02,-5.26569642e-02
-4.04680889e-02,-3.94970082e-02,-3.84483498e-02,-3.73426556e-02,-3.62087436e-02,-3.50704026e-02,-3.39368351e-02,-3.28018046e-02,-3.16535145e-02,-3.04926812e-02,-2.93499844e-02,-2.82902863e-02,-2.73948612e-02,-2.67240968e-02,-2.62775447e-02,-2.59790009e-02,-2.56985538e-02,-2.52851961e-02,-2.46208580e-02,-2.36658752e-02,-2.24527406e-02,-2.10527245e-02,-1.95423884e-02,-1.79838292e-02,-1.64194080e-02,-1.48751270e-02,-1.33665134e-02,-1.19033723e-02,-1.04919902e-02,-9.13492991e-03,-7.83095343e-03,-6.58084636e-03,-5.40560121e-03,-4.37782752e-03,-3.65723492e-03,-3.48728345e-03,-4.19832352e-03,-6.10270456e-03,-9.33075656e-03,-1.36679421e-02,-1.85317907e-02,-2.32072619e-02,-2.71889114e-02,-3.03396671e-02,-3.27994463e-02,-3.48010566e-02,-3.65368149e-02,-3.81142014e-02,-3.95745267e-02,-4.09269066e-02,-4.21635762e-02,-4.32582580e-02,-4.41688821e-02,-4.48540637e-02,-4.52910167e-02,-4.54837165e-02,-4.54925706e-02,-4.52803782e-02,-4.48827894e-02,-4.43354642e-02,-4.36804849e-02,-4.29560273e-02,-4.21828060e-02,-4.13588658e-02
-3.35687575e-02,-3.43758509e-02,-3.52321248e-02,-3.60201401e-02,-3.66239418e-02,-3.69640940e-02,-3.70447264e-02,-3.68551484e-02,-3.64245498e-02,-3.58347653e-02,-3.51657569e-02,-3.44818522e-02,-3.38228389e-02,-3.32076203e-02,-3.26532980e-02,-3.22065370e-02,-3.19678063e-02,-3.20077522e-02,-3.25997214e-02,-3.39804366e-02,-3.63595649e-02,-3.98237339e-02,-4.42481348e-02,-4.92734488e-02,-5.44013954e-02,-5.91646459e-02,-6.32515474e-02,-6.65171828e-02,-6.89178993e-02,-7.04485119e-02,-7.11436738e-02,-7.12134899e-02,-7.04760502e-02,-6.89450854e-02,-6.67416462e-02,-6.39746474e-02,-6.07596599e-02,-5.72164192e-02,-5.34637390e-02,-4.96137910e-02,-4.57670620e-02,-4.20103877e-02,-3.84201194e-02,-3.50704280e-02,-3.20435221e-02,-2.94355209e-02,-2.73511178e-02,-2.58840259e-02,-2.50849916e-02,-2.48876310e-02,-2.52482368e-02,-2.60415707e-02,-2.70873558e-02,-2.82106980e-02,-2.92593584e-02,-3.01246657e-02,-3.07589658e-02,-3.11774564e-02,-3.14399617e-02,-3.16230699e-02,-3.18003447e-02,-3.20372350e-02,-3.23888600e-02,-3.28953066e-02
-7.87992129e-02,-7.87808437e-02,-7.83590186e-02,-7.74672097e-02,-7.61415155e-02,-7.44901654e-02,-7.26629119e-02,-7.08020420e-02,-6.89978163e-02,-6.72627450e-02,-6.55317019e-02,-6.36858845e-02,-6.15931678e-02,-5.91530928e-02,-5.63279067e-02,-5.31462607e-02,-4.96838656e-02,-4.60356048e-02,-4.22913151e-02,-3.85208452e-02,-3.47689389e-02,-3.10580840e-02,-2.73968450e-02,-2.37914071e-02,-2.02585392e-02,-1.68385795e-02,-1.36070492e-02,-1.06829238e-02,-8.23062363e-03,-6.45215699e-03,-5.56215830e-03,-5.68834177e-03,-6.96812217e-03,-9.34587233e-03,-1.26353910e-02,-1.65517125e-02,-2.07756605e-02,-2.50214121e-02,-2.90862159e-02,-3.28702116e-02,-3.63651886e-02,-3.96228808e-02,-4.27168874e-02,-4.57077857e-02,-4.86178851e-02,-5.14231184e-02,-5.40664618e-02,-5.64856847e-02,-5.86395272e-02,-6.05219899e-02,-6.21662953e-02,-6.36432176e-02,-6.50528524e-02,-6.65044773e-02,-6.80806669e-02,-6.97943167e-02,-7.15681394e-02,-7.32640718e-02,-7.47507389e-02,-7.59619411e-02,-7.69084788e-02,-7.76445072e-02,-7.82155350e-02,-7.86166783e-02
1.84818515e-02,1.77932864e-02,1.62822930e-02,1.38712152e-02,1.07410751e-02,7.33773117e-03,4.22307986e-03,1.85048921e-03,4.27947978e-04,-7.08464936e-05,1.81293498e-04,9.46632814e-04,1.97411809e-03,3.03218018e-03,3.93636780e-03,4.57967850e-03,4.95565540e-03,5.15252522e-03,5.30359451e-03,5.51043494e-03,5.78764948e-03,6.04392965e-03,6.11122926e-03,5.82402287e-03,5.06285139e-03,3.80663020e-03,2.14376869e-03,2.33609254e-04,-1.74985100e-03,-3.67005229e-03,-5.45701908e-03,-7.10167113e-03,-8.61694123e-03,-9.98161041e-03,-1.11008983e-02,-1.18151938e-02,-1.19984441e-02,-1.15345244e-02,-1.03946208e-02,-8.65330104e-03,-6.43812005e-03,-3.89783462e-03,-1.18090917e-03,1.57441798e-03,4.24167408e-03,6.70866266e-03,8.87921713e-03,1.06830059e-02,1.20900194e-02,1.31210256e-02,1.38434154e-02,1.43497459e-02,1.47292509e-02,1.50480167e-02,1.53453805e-02,1.56419146e-02,1.59497591e-02,1.62788021e-02,1.66380179e-02,1.70345666e-02,1.74699706e-02,1.79277430e-02,1.83493353e-02,1.86047069e-02
-1.69264313e-02,-1.47473372e-02,-1.31651755e-02,-1.21831882e-02,-1.17365013e-02,-1.16792386e-02,-1.18907484e-02,-1.22043105e-02,-1.24782238e-02,-1.26133391e-02,-1.25751565e-02,-1.23409441e-02,-1.19522763e-02,-1.14678766e-02,-1.09427419e-02,-1.04076132e-02,-9.85877569e-03,-9.26489302e-03,-8.59010698e-03,-7.82288051e-03,-6.99590267e-03,-6.19016350e-03,-5.52717436e-03,-5.15491629e-03,-5.19365903e-03,-5.76610672e-03,-6.87753065e-03,-8.40321554e-03,-1.00919652e-02,-1.16431592e-02,-1.28175164e-02,-1.35091609e-02,-1.37521383e-02,-1.36578553e-02,-1.33598581e-02,-1.30391372e-02,-1.28835572e-02,-1.30759069e-02,-1.38473330e-02,-1.53320316e-02,-1.75276324e-02,-2.02573161e-02,-2.32202658e-02,-2.61085351e-02,-2.87149214e-02,-3.09758819e-02,-3.29494009e-02,-3.47567199e-02,-3.65141923e-02,-3.82728631e-02,-3.99839192e-02,-4.15046645e-02,-4.26401798e-02,-4.32115268e-02,-4.32401693e-02,-4.25030725e-02,-4.10080805e-02,-3.88351366e-02,-3.61067054e-02,-3.29702037e-02,-2.95864908e-02,-2.61231254e-02,-2.27501147e-02,-1.96339627e-02
-2.43645962e-02,-2.31978927e-02,-2.20314404e-02,-2.09352565e-02,-1.99642356e-02,-1.91293321e-02,-1.83885459e-02,-1.76638989e-02,-1.68773989e-02,-1.59901751e-02,-1.50244264e-02,-1.40587636e-02,-1.32055312e-02,-1.25834764e-02,-1.22884328e-02,-1.23384068e-02,-1.27657778e-02,-1.34880126e-02,-1.43830799e-02,-1.53221591e-02,-1.62065980e-02,-1.69786269e-02,-1.76018357e-02,-1.80344248e-02,-1.82300002e-02,-1.81883127e-02,-1.78816793e-02,-1.73972794e-02,-1.68614558e-02,-1.64044332e-02,-1.61075376e-02,-1.59610855e-02,-1.58637957e-02,-1.56371282e-02,-1.50651205e-02,-1.39831934e-02,-1.23284239e-02,-1.01483862e-02,-7.57888028e-03,-4.81157789e-03,-2.06727123e-03,4.19556663e-04,2.40472610e-03,3.64312215e-03,3.90320598e-03,3.04198449e-03,9.76223751e-04,-2.19321658e-03,-6.18789801e-03,-1.06488548e-02,-1.52197382e-02,-1.95797588e-02,-2.34386264e-02,-2.65549727e-02,-2.87837167e-02,-3.01068084e-02,-3.06292912e-02,-3.06196796e-02,-3.01146050e-02,-2.93485359e-02,-2.84572710e-02,-2.75107262e-02,-2.65232076e-02,-2.54787526e-02
3.38547596e-02,3.60119040e-02,3.83761988e-02,4.08989474e-02,4.35165983e-02,4.61455549e-02,4.86809990e-02,5.09999160e-02,5.29696656e-02,5.44651415e-02,5.53967609e-02,5.57301588e-02,5.56428985e-02,5.52998582e-02,5.48389447e-02,5.44628415e-02,5.42807497e-02,5.42621186e-02,5.42884972e-02,5.42636045e-02,5.41226249e-02,5.38157748e-02,5.33641959e-02,5.28333635e-02,5.22829365e-02,5.17265782e-02,5.11214797e-02,5.03818886e-02,4.93998605e-02,4.80669601e-02,4.62957416e-02,4.40371234e-02,4.12914356e-02,3.81161077e-02,3.46355393e-02,3.10513590e-02,2.76354559e-02,2.46836999e-02,2.24346201e-02,2.09958916e-02,2.03245758e-02,2.02816153e-02,2.06163284e-02,2.12356289e-02,2.20119978e-02,2.28799514e-02,2.38230990e-02,2.48497093e-02,2.59655823e-02,2.71470471e-02,2.83208629e-02,2.93607290e-02,3.01081427e-02,3.04170754e-02,3.02782461e-02,2.97752312e-02,2.90399896e-02,2.83246456e-02,2.78668855e-02,2.78518542e-02,2.82307533e-02,2.90753630e-02,3.03354797e-02,3.19472658e-02
-9.21833889e-03,-9.56463060e-03,-9.34878515e-03,-8.59322239e-03,-7.40109431e-03,-5.90884846e-03,-4.27179384e-03,-2.64514129e-03,-1.16391350e-03,7.87287461e-05,1.05337948e-03,1.80903444e-03,2.46467081e-03,3.17437027e-03,4.08128893e-03,5.28420930e-03,6.82794065e-03,8.71229802e-03,1.09066232e-02,1.33617236e-02,1.60186200e-02,1.88159518e-02,2.16969011e-02,2.46157208e-02,2.75438161e-02,3.04742084e-02,3.34211524e-02,3.64115716e-02,3.94688232e-02,4.25943990e-02,4.57548025e-02,4.88776909e-02,5.18564576e-02,5.45595472e-02,5.68413088e-02,5.85541134e-02,5.95675751e-02,5.97306277e-02,5.93279214e-02,5.82877848e-02,5.67451928e-02,5.49441878e-02,5.30794347e-02,5.12152092e-02,4.92767002e-02,4.71026818e-02,4.45191334e-02,4.14072971e-02,3.77509399e-02,3.36459440e-02,2.92682870e-02,2.48227535e-02,2.05033668e-02,1.64715868e-02,1.28351598e-02,9.62427540e-03,6.78586305e-03,4.21048340e-03,1.78131707e-03,-5.76331556e-04,-2.86232204e-03,-4.99847749e-03,-6.85654859e-03,-8.29967976e-03
-1.25225873e-02,-1.01845318e-02,-7.95725691e-03,-5.86107350e-03,-3.88670075e-03,-2.01247850e-03,-2.24522880e-04,1.46794281e-03,3.02877748e-03,4.40575266e-03,5.54893066e-03,6.42621934e-03,7.02876676e-03,7.36898002e-03,7.47910987e-03,7.41735243e-03,7.24625059e-03,7.02195015e-03,6.77741137e-03,6.50834797e-03,6.18402817e-03,5.76611191e-03,5.22251033e-03,4.53051163e-03,3.67333256e-03,2.64162592e-03,1.44697535e-03,1.36868253e-04,-1.21050689e-03,-2.51751733e-03,-3.73791726e-03,-4.85646859e-03,-5.85976051e-03,-6.70480306e-03,-7.31092266e-03,-7.58664700e-03,-7.48219420e-03,-6.96465493e-03,-6.10219942e-03,-5.02593420e-03,-3.90629095e-03,-2.92555911e-03,-2.25703697e-03,-2.04319376e-03,-2.38676321e-03,-3.32440755e-03,-4.80950135e-03,-6.73240849e-03,-8.96738044e-03,-1.14170601e-02,-1.40172121e-02,-1.66964645e-02,-1.93245030e-02,-2.16976414e-02,-2.35850649e-02,-2.48062790e-02,-2.53041238e-02,-2.51954496e-02,-2.44338994e-02,-2.31649569e-02,-2.14905096e-02,-1.94972535e-02,-1.72728469e-02,-1.49144203e-02
2.79493905e-02,2.72241186e-02,2.59935774e-02,2.41701005e-02,2.15820189e-02,1.79945426e-02,1.31975667e-02,7.15790073e-03,1.60113307e-04,-7.20257117e-03,-1.42752124e-02,-2.05975699e-02,-2.59335147e-02,-3.01883918e-02,-3.33544547e-02,-3.55201742e-02,-3.68832440e-02,-3.77185756e-02,-3.83120421e-02,-3.89064383e-02,-3.96622231e-02,-4.06075189e-02,-4.16301116e-02,-4.25184324e-02,-4.30375281e-02,-4.31072496e-02,-4.25079377e-02,-4.11342846e-02,-3.90068590e-02,-3.61913554e-02,-3.27853028e-02,-2.89056997e-02,-2.46812865e-02,-2.02487008e-02,-1.57499021e-02,-1.13283768e-02,-7.12177676e-03,-3.24923927e-03,2.05956133e-04,3.21292829e-03,5.80127768e-03,8.04704102e-03,1.00421801e-02,1.18609753e-02,1.35367647e-02,1.50544341e-02,1.63567218e-02,1.73625872e-02,1.79992876e-02,1.82474804e-02,1.82004652e-02,1.80276123e-02,1.79285941e-02,1.80892261e-02,1.86031238e-02,1.94971508e-02,2.07126204e-02,2.21476347e-02,2.36779442e-02,2.51669010e-02,2.64756476e-02,2.74793251e-02,2.80836289e-02,2.82182299e-02
1.85935050e-02,1.91136519e-02,1.89298911e-02,1.81672309e-02,1.69030901e-02,1.52526796e-02,1.32668721e-02,1.09389760e-02,8.25515028e-03,5.25653906e-03,2.06188010e-03,-1.18711044e-03,-4.42695138e-03,-7.72837402e-03,-1.12470529e-02,-1.51207748e-02,-1.93874325e-02,-2.39653332e-02,-2.86750541e-02,-3.32584044e-02,-3.73931471e-02,-4.07433990e-02,-4.30549911e-02,-4.42509531e-02,-4.45314429e-02,-4.39952239e-02,-4.28364705e-02,-4.13539248e-02,-3.97705433e-02,-3.82353280e-02,-3.68335423e-02,-3.56069614e-02,-3.45778121e-02,-3.37681460e-02,-3.32075250e-02,-3.29228606e-02,-3.28830812e-02,-3.31079520e-02,-3.35236782e-02,-3.40111163e-02,-3.44262772e-02,-3.46308211e-02,-3.45723110e-02,-3.40598788e-02,-3.30221798e-02,-3.14207180e-02,-2.92783402e-02,-2.66780251e-02,-2.37469581e-02,-2.06319775e-02,-1.74750169e-02,-1.43932827e-02,-1.14646629e-02,-8.71779995e-03,-6.12836938e-03,-3.62569702e-03,-1.11317805e-03,1.49948390e-03,4.26089513e-03,7.15135442e-03,1.00763677e-02,1.28772292e-02,1.53564933e-02,1.73147332e-02
-2.97120105e-02,-2.72398477e-02,-2.44928196e-02,-2.14863301e-02,-1.82337029e-02,-1.47569299e-02,-1.10953874e-02,-7.31104030e-03,-3.48923147e-03,2.65465105e-04,3.83713464e-03,7.11258908e-03,9.99483716e-03,1.24115605e-02,1.43186643e-02,1.56998266e-02,1.65674525e-02,1.69691938e-02,1.69886018e-02,1.67840049e-02,1.64579107e-02,1.61513209e-02,1.59613175e-02,1.59243526e-02,1.59914531e-02,1.60975382e-02,1.61475407e-02,1.60775263e-02,1.58662544e-02,1.55163670e-02,1.50316592e-02,1.43743076e-02,1.34600472e-02,1.21945615e-02,1.05338986e-02,8.53202537e-03,6.33303671e-03,4.09488664e-03,1.88683619e-03,-3.67727900e-04,-2.86311202e-03,-5.80617969e-03,-9.29097728e-03,-1.32169555e-02,-1.72980680e-02,-2.11641734e-02,-2.44946753e-02,-2.71109535e-02,-2.89961586e-02,-3.02592773e-02,-3.10781034e-02,-3.16466938e-02,-3.21399201e-02,-3.26944444e-02,-3.33874677e-02,-3.42151236e-02,-3.50874734e-02,-3.58463994e-02,-3.63138451e-02,-3.64139117e-02,-3.60295783e-02,-3.51073781e-02,-3.37013816e-02,-3.18814602e-02
-3.30088162e-02,-3.08967499e-02,-2.84362468e-02,-2.57262426e-02,-2.28502061e-02,-1.98741990e-02,-1.68522864e-02,-1.38376403e-02,-1.08957531e-02,-8.11448053e-03,-5.60541559e-03,-3.49302774e-03,-1.89229188e-03,-8.82075783e-04,-4.87198395e-04,-6.85894602e-04,-1.43961989e-03,-2.72346911e-03,-4.53024744e-03,-6.83394262e-03,-9.53336963e-03,-1.24193874e-02,-1.52074204e-02,-1.76352822e-02,-1.95667627e-02,-2.10296761e-02,-2.21719597e-02,-2.31776883e-02,-2.41913384e-02,-2.52735794e-02,-2.64003413e-02,-2.74965053e-02,-2.84752647e-02,-2.92614977e-02,-2.97960867e-02,-3.00368225e-02,-3.00146325e-02,-2.96367504e-02,-2.89132545e-02,-2.78539217e-02,-2.64897589e-02,-2.48775752e-02,-2.31070236e-02,-2.13093392e-02,-1.96637199e-02,-1.83944365e-02,-1.77427102e-02,-1.77788180e-02,-1.86803956e-02,-2.02805041e-02,-2.22741940e-02,-2.43253193e-02,-2.62122180e-02,-2.78782120e-02,-2.93795495e-02,-3.08001136e-02,-3.21880488e-02,-3.35272305e-02,-3.47343484e-02,-3.56740490e-02,-3.61989421e-02,-3.62797781e-02,-3.57790381e-02,-3.46676695e-02
9.40167750e-02,9.41947817e-02,9.33905675e-02,9.10212617e-02,8.67476350e-02,8.05075327e-02,7.25758447e-02,6.36585153e-02,5.47965810e-02,4.70304851e-02,4.10314127e-02,3.69645895e-02,3.46102231e-02,3.35720593e-02,3.34557366e-02,3.37998583e-02,3.44657362e-02,3.52258684e-02,3.58767264e-02,3.62363677e-02,3.61515716e-02,3.56114801e-02,3.45256496e-02,3.29649483e-02,3.10838678e-02,2.90539861e-02,2.69972380e-02,2.49575209e-02,2.29250738e-02,2.08909530e-02,1.88943957e-02,1.70336501e-02,1.54338983e-02,1.41962890e-02,1.33657932e-02,1.29366446e-02,1.28854821e-02,1.31424780e-02,1.37057279e-02,1.45400130e-02,1.56118839e-02,1.69067125e-02,1.84420551e-02,2.02651833e-02,2.24294476e-02,2.49619041e-02,2.78417700e-02,3.10015214e-02,3.43483629e-02,3.77945458e-02,4.12839905e-02,4.48063876e-02,4.83949582e-02,5.21094310e-02,5.60106051e-02,6.01351661e-02,6.44782767e-02,6.89876554e-02,7.35681268e-02,7.80920498e-02,8.24099172e-02,8.63566411e-02,8.97513579e-02,9.23887591e-02
-9.02481067e-03,-5.90639487e-03,-2.73564211e-03,4.15219996e-04,3.48938227e-03,6.44672251e-03,9.25912379e-03,1.19028478e-02,1.43524729e-02,1.65808151e-02,1.85656872e-02,2.02978646e-02,2.17811264e-02,2.30196406e-02,2.39978675e-02,2.46638415e-02,2.49190067e-02,2.46768211e-02,2.38220653e-02,2.21992873e-02,1.97527343e-02,1.65653005e-02,1.29042577e-02,9.17434409e-03,5.76424468e-03,2.88675249e-03,5.30231684e-04,-1.46795173e-03,-3.29986116e-03,-5.09000707e-03,-6.86535861e-03,-8.58594603e-03,-1.02043406e-02,-1.17095682e-02,-1.31298012e-02,-1.45001509e-02,-1.58212131e-02,-1.70357619e-02,-1.80397805e-02,-1.87222860e-02,-1.90171938e-02,-1.89558277e-02,-1.85144320e-02,-1.77784181e-02,-1.68376200e-02,-1.57994039e-02,-1.48029827e-02,-1.40271543e-02,-1.36613292e-02,-1.38238816e-02,-1.46563361e-02,-1.60848015e-02,-1.78880655e-02,-1.97457105e-02,-2.13379793e-02,-2.24307784e-02,-2.29136919e-02,-2.28632732e-02,-2.21960509e-02,-2.09993311e-02,-1.93281376e-02,-1.72331885e-02,-1.47705841e-02,-1.20080062e-02
-5.97905471e-03,-8.64949316e-03,-1.14420787e-02,-1.42105026e-02,-1.68077895e-02,-1.91118559e-02,-2.10364018e-02,-2.25332184e-02,-2.35959966e-02,-2.42641142e-02,-2.46176099e-02,-2.47620221e-02,-2.48072570e-02,-2.48428546e-02,-2.49546130e-02,-2.52113294e-02,-2.56610794e-02,-2.63375040e-02,-2.72599406e-02,-2.84252414e-02,-2.97924078e-02,-3.12665268e-02,-3.26946592e-02,-3.38867495e-02,-3.46648397e-02,-3.49520860e-02,-3.47765177e-02,-3.40884275e-02,-3.30556244e-02,-3.18560963e-02,-3.06651328e-02,-2.96170816e-02,-2.87693231e-02,-2.80866752e-02,-2.74564461e-02,-2.67242475e-02,-2.57410270e-02,-2.44091861e-02,-2.26999191e-02,-2.06429838e-02,-1.83073623e-02,-1.57841529e-02,-1.31734043e-02,-1.05726257e-02,-8.06543276e-03,-5.71123560e-03,-3.53912699e-03,-1.54996785e-03,2.71130675e-04,1.93435132e-03,3.42489695e-03,4.69441754e-03,5.67009590e-03,6.27996027e-03,6.48417597e-03,6.30882192e-03,5.81695640e-03,5.08879733e-03,4.19023995e-03,3.13433752e-03,1.88493453e-03,3.83800631e-04,-1.41939293e-03,-3.54652141e-03
-4.79106525e-03,-2.94537721e-03,-1.28339244e-03,2.48105599e-04,1.72353055e-03,3.21106654e-03,4.74948354e-03,6.34147658e-03,7.96435977e-03,9.58872084e-03,1.11919392e-02,1.27584034e-02,1.42671462e-02,1.56741777e-02,1.68983578e-02,1.78178957e-02,1.82806565e-02,1.81416269e-02,1.73697556e-02,1.59040934e-02,1.38551774e-02,1.14269149e-02,8.85421192e-03,6.33003277e-03,3.94958637e-03,1.68638077e-03,-5.93771671e-04,-3.07757544e-03,-5.91087982e-03,-9.11234143e-03,-1.25479962e-02,-1.59972428e-02,-1.92693863e-02,-2.22828124e-02,-2.50605079e-02,-2.76705264e-02,-3.01693584e-02,-3.25845353e-02,-3.49299463e-02,-3.72157614e-02,-3.94238503e-02,-4.14630004e-02,-4.31535626e-02,-4.42790248e-02,-4.47225754e-02,-4.45739135e-02,-4.36723914e-02,-4.22431804e-02,-4.04739701e-02,-3.85273419e-02,-3.65121563e-02,-3.44772524e-02,-3.24238483e-02,-3.03284756e-02,-2.81662386e-02,-2.59251253e-02,-2.36079620e-02,-2.12264134e-02,-1.87951854e-02,-1.63318392e-02,-1.38615445e-02,-1.14218018e-02,-9.06215829e-03,-6.83680868e-03
-8.68711173e-03,-6.05298146e-03,-3.46453032e-03,-9.56927910e-04,1.41539186e-03,3.57007828e-03,5.39095030e-03,6.72845411e-03,7.41760210e-03,7.31988700e-03,6.44489574e-03,4.86207268e-03,2.86629083e-03,8.57009695e-04,-8.03614149e-04,-1.92806585e-03,-2.55166986e-03,-2.86981044e-03,-3.12815638e-03,-3.52604389e-03,-4.15248675e-03,-4.98214981e-03,-5.92546307e-03,-6.89714118e-03,-7.86600999e-03,-8.87147751e-03,-1.00140578e-02,-1.14323527e-02,-1.32733898e-02,-1.56579476e-02,-1.86383903e-02,-2.21510904e-02,-2.59915261e-02,-2.98605440e-02,-3.34829786e-02,-3.67136084e-02,-3.95471591e-02,-4.20437759e-02,-4.42441896e-02,-4.61331308e-02,-4.76578750e-02,-4.87670755e-02,-4.94354721e-02,-4.96880247e-02,-4.96330731e-02,-4.91869824e-02,-4.84527817e-02,-4.74937345e-02,-4.63554245e-02,-4.50523838e-02,-4.35683217e-02,-4.18714816e-02,-3.99376603e-02,-3.77680480e-02,-3.53926967e-02,-3.28607790e-02,-3.02259812e-02,-2.75348144e-02,-2.48210256e-02,-2.21053320e-02,-1.93980630e-02,-1.67025929e-02,-1.40186688e-02,-1.13458165e-02
-2.01440948e-02,-2.04484872e-02,-2.07454144e-02,-2.10742988e-02,-2.15076526e-02,-2.21270870e-02,-2.29973262e-02,-2.41516002e-02,-2.55906063e-02,-2.72820237e-02,-2.91453550e-02,-3.10279567e-02,-3.27048155e-02,-3.39266188e-02,-3.45035950e-02,-3.44957888e-02,-3.37317002e-02,-3.23290523e-02,-3.03925538e-02,-2.80256201e-02,-2.53232580e-02,-2.23767734e-02,-1.92776008e-02,-1.61149494e-02,-1.29688039e-02,-9.90268152e-03,-6.95971257e-03,-4.16299400e-03,-1.51930962e-03,9.74336785e-04,3.32030652e-03,5.50507040e-03,7.48041374e-03,9.14258950e-03,1.03103962e-02,1.07003302e-02,9.98138377e-03,7.72455122e-03,3.49310114e-03,-2.86334371e-03,-1.08958577e-02,-1.95156063e-02,-2.74474437e-02,-3.38047558e-02,-3.82627885e-02,-4.08837893e-02,-4.19265675e-02,-4.19271187e-02,-4.08207099e-02,-3.90224863e-02,-3.68046190e-02,-3.43832678e-02,-3.19143513e-02,-2.95042388e-02,-2.72297831e-02,-2.51571360e-02,-2.33501644e-02,-2.18660421e-02,-2.07436886e-02,-1.99937690e-02,-1.95944408e-02,-1.94810719e-02,-1.95897600e-02,-1.98397351e-02
-1.66787369e-02,-1.59022866e-02,-1.49440662e-02,-1.38892366e-02,-1.27873573e-02,-1.16399927e-02,-1.04119221e-02,-9.05570543e-03,-7.53443897e-03,-5.83212329e-03,-3.95130259e-03,-1.90507520e-03,2.88835519e-04,2.60764636e-03,5.01766919e-03,7.46790226e-03,9.88998496e-03,1.22090148e-02,1.43633369e-02,1.63250998e-02,1.81100276e-02,1.97682089e-02,2.13578961e-02,2.29140546e-02,2.44245484e-02,2.58209928e-02,2.69852331e-02,2.77695218e-02,2.80248504e-02,2.77615117e-02,2.69947497e-02,2.58201721e-02,2.44244055e-02,2.29491942e-02,2.14191600e-02,1.97429941e-02,1.77740144e-02,1.53912434e-02,1.25680933e-02,9.40295757e-03,6.10046351e-03,2.91604257e-03,9.01048363e-05,-2.20568818e-03,-3.90402894e-03,-5.04905238e-03,-5.77686675e-03,-6.27751875e-03,-6.74731322e-03,-7.34366194e-03,-8.14830763e-03,-9.15734632e-03,-1.03015999e-02,-1.14826375e-02,-1.26083514e-02,-1.36181237e-02,-1.44922664e-02,-1.52446304e-02,-1.59025277e-02,-1.64810871e-02,-1.69606381e-02,-1.72798000e-02,-1.73761977e-02,-1.71865185e-02
-3.19669225e-03,-3.05194501e-03,-2.85265913e-03,-2.51416117e-03,-1.96447982e-03,-1.14724780e-03,-3.70834621e-05,1.33907877e-03,2.89080876e-03,4.47288539e-03,5.90784189e-03,7.01462419e-03,7.63627957e-03,7.66028141e-03,7.11384883e-03,6.03567909e-03,4.62922039e-03,3.18358394e-03,2.00368093e-03,1.32614942e-03,1.27082608e-03,1.83838046e-03,2.96615521e-03,4.54684649e-03,6.45520157e-03,8.55466952e-03,1.07031205e-02,1.27638326e-02,1.46200615e-02,1.61868364e-02,1.74137464e-02,1.82758494e-02,1.87524583e-02,1.87837131e-02,1.83577482e-02,1.72683903e-02,1.53138303e-02,1.23125514e-02,8.22469621e-03,3.28206990e-03,-1.99968565e-03,-6.99952975e-03,-1.12887218e-02,-1.47288666e-02,-1.73795729e-02,-1.93489948e-02,-2.07025245e-02,-2.14552894e-02,-2.16536394e-02,-2.12987555e-02,-2.04204996e-02,-1.91212212e-02,-1.75233887e-02,-1.57541858e-02,-1.39272455e-02,-1.21292094e-02,-1.04165026e-02,-8.82343282e-03,-7.37687081e-03,-6.10873715e-03,-5.05768142e-03,-4.25650415e-03,-3.71094265e-03,-3.38366647e-03
-4.96705276e-02,-4.58842745e-02,-4.22631118e-02,-3.88280028e-02,-3.55619486e-02,-3.24318799e-02,-2.94054628e-02,-2.64578654e-02,-2.35691038e-02,-2.07181027e-02,-1.78808808e-02,-1.50365825e-02,-1.21794767e-02,-9.33135646e-03,-6.54882871e-03,-3.92270294e-03,-1.56938395e-03,3.84729931e-04,1.82295304e-03,2.66420190e-03,2.87801124e-03,2.49327585e-03,1.54221863e-03,5.45242687e-05,-1.95221835e-03,-4.44454555e-03,-7.32105137e-03,-1.03786297e-02,-1.33272028e-02,-1.58531706e-02,-1.77036955e-02,-1.87517079e-02,-1.90521592e-02,-1.87048987e-02,-1.78824898e-02,-1.68348306e-02,-1.58173732e-02,-1.50713393e-02,-1.47718359e-02,-1.50028759e-02,-1.58061865e-02,-1.70491773e-02,-1.85282681e-02,-2.00497403e-02,-2.15091685e-02,-2.29227382e-02,-2.44048010e-02,-2.61199244e-02,-2.82413774e-02,-3.09362295e-02,-3.43668200e-02,-3.86597022e-02,-4.38009879e-02,-4.95041988e-02,-5.51893165e-02,-6.01501278e-02,-6.37982986e-02,-6.58421863e-02,-6.64517987e-02,-6.58404367e-02,-6.38151516e-02,-6.08725576e-02,-5.73516244e-02,-5.35429225e-02
-2.87302114e-02,-2.47669312e-02,-2.05502631e-02,-1.62435443e-02,-1.19907606e-02,-7.91601686e-03,-4.12655301e-03,-7.17088150e-04,2.22916385e-03,4.65004579e-03,6.52621144e-03,7.89813127e-03,8.86445607e-03,9.55144786e-03,1.00680627e-02,1.04760020e-02,1.07916801e-02,1.10136356e-02,1.11549952e-02,1.12590182e-02,1.13859927e-02,1.15854767e-02,1.18682767e-02,1.21864129e-02,1.24384659e-02,1.25002797e-02,1.23012913e-02,1.18088611e-02,1.10622384e-02,1.01282335e-02,9.03224768e-03,7.72171397e-03,6.08028916e-03,3.97972091e-03,1.34374931e-03,-1.79568235e-03,-5.26238426e-03,-8.76014030e-03,-1.19545309e-02,-1.45793409e-02,-1.64969835e-02,-1.76934093e-02,-1.82466071e-02,-1.83324657e-02,-1.80767377e-02,-1.77069303e-02,-1.74539671e-02,-1.74623145e-02,-1.79097564e-02,-1.88562143e-02,-2.02926335e-02,-2.21541912e-02,-2.43506350e-02,-2.67888749e-02,-2.93733430e-02,-3.19840332e-02,-3.44497139e-02,-3.65409645e-02,-3.79975754e-02,-3.86248761e-02,-3.84931689e-02,-3.72999508e-02,-3.51767353e-02,-3.22617366e-02
-1.55750572e-02,-1.63877179e-02,-1.68770407e-02,-1.71328002e-02,-1.72854762e-02,-1.74629372e-02,-1.77756379e-02,-1.83061936e-02,-1.91180703e-02,-2.02551592e-02,-2.17251452e-02,-2.34901234e-02,-2.54900823e-02,-2.76883278e-02,-3.00958066e-02,-3.27475783e-02,-3.56488962e-02,-3.87319258e-02,-4.18472029e-02,-4.47821181e-02,-4.72926904e-02,-4.91509028e-02,-5.02168117e-02,-5.05496099e-02,-5.02774128e-02,-4.94620153e-02,-4.84700990e-02,-4.76159590e-02,-4.71307441e-02,-4.70448465e-02,-4.74242562e-02,-4.81525412e-02,-4.90157848e-02,-4.98292553e-02,-5.04583021e-02,-5.08050925e-02,-5.08576400e-02,-5.04695162e-02,-4.94959480e-02,-4.78889478e-02,-4.56633793e-02,-4.29018575e-02,-3.97308892e-02,-3.62947043e-02,-3.27396505e-02,-2.92099835e-02,-2.58487795e-02,-2.27952758e-02,-2.01715551e-02,-1.80574693e-02,-1.64626551e-02,-1.53134526e-02,-1.44700807e-02,-1.37707557e-02,-1.30822735e-02,-1.23409453e-02,-1.15737416e-02,-1.08942896e-02,-1.04742260e-02,-1.04417463e-02,-1.09219808e-02,-1.18775317e-02,-1.31363012e-02,-1.44466710e-02
3.41224115e-02,3.23766665e-02,3.06899444e-02,2.90041423e-02,2.73287318e-02,2.57176956e-02,2.42336052e-02,2.29132586e-02,2.17530547e-02,2.07227696e-02,1.97980530e-02,1.89895747e-02,1.83476310e-02,1.79345252e-02,1.77797535e-02,1.78340157e-02,1.80113109e-02,1.82257426e-02,1.84166005e-02,1.85982248e-02,1.88412122e-02,1.92221865e-02,1.97690641e-02,2.04238844e-02,2.10547802e-02,2.15141002e-02,2.17100678e-02,2.16655341e-02,2.14745321e-02,2.12250063e-02,2.09917045e-02,2.07827899e-02,2.05675522e-02,2.03256491e-02,2.00857811e-02,1.99368913e-02,1.99965441e-02,2.03172886e-02,2.09414357e-02,2.18223826e-02,2.28732797e-02,2.40087736e-02,2.51738667e-02,2.63542830e-02,2.75744511e-02,2.88910132e-02,3.03835435e-02,3.21392522e-02,3.42302220e-02,3.66876598e-02,3.94812211e-02,4.25086475e-02,4.55947772e-02,4.84960604e-02,5.09110670e-02,5.25041729e-02,5.28411956e-02,5.21676458e-02,5.03268788e-02,4.75148630e-02,4.42574175e-02,4.10904968e-02,3.83376619e-02,3.60545046e-02
6.28601021e-02,6.53036463e-02,6.77183392e-02,7.01790711e-02,7.27368033e-02,7.54062120e-02,7.81670111e-02,8.09756919e-02,8.37810172e-02,8.65367629e-02,8.92079294e-02,9.17697987e-02,9.42015094e-02,9.64771190e-02,9.85574888e-02,1.00385281e-01,1.01882229e-01,1.02944210e-01,1.03313921e-01,1.03075475e-01,1.02073591e-01,9.98999978e-02,9.62339772e-02,9.08629075e-02,8.38022514e-02,7.54062550e-02,6.63284766e-02,5.72918877e-02,4.88063076e-02,4.10261279e-02,3.38161567e-02,2.69577853e-02,2.03769658e-02,1.42677893e-02,9.02011632e-03,5.00219296e-03,2.38582560e-03,1.12732591e-03,1.04777249e-03,1.90745473e-03,3.47772477e-03,5.54551043e-03,7.93729517e-03,1.05239382e-02,1.32181658e-02,1.59638463e-02,1.87201671e-02,2.14464640e-02,2.40935904e-02,2.66059436e-02,2.89349231e-02,3.10595918e-02,3.30048812e-02,3.48458136e-02,3.66922906e-02,3.86603125e-02,4.08415625e-02,4.32810756e-02,4.59683007e-02,4.88423588e-02,5.18085746e-02,5.47620129e-02,5.76135291e-02,6.03126667e-02
-2.26885629e-02,-2.44900891e-02,-2.62160186e-02,-2.76439060e-02,-2.85944953e-02,-2.89805925e-02,-2.88471811e-02,-2.80839744e-02,-2.67888258e-02,-2.50656506e-02,-2.30383032e-02,-2.08340163e-02,-1.85655156e-02,-1.63211674e-02,-1.41678427e-02,-1.21651209e-02,-1.03826702e-02,-8.90966722e-03,-7.84903701e-03,-7.29887486e-03,-7.28269576e-03,-7.84329324e-03,-8.93383765e-03,-1.05011037e-02,-1.25193514e-02,-1.50027250e-02,-1.79677869e-02,-2.13553944e-02,-2.49639280e-02,-2.84569124e-02,-3.14557785e-02,-3.36556102e-02,-3.48991740e-02,-3.52545245e-02,-3.47755085e-02,-3.34815910e-02,-3.15640003e-02,-2.92018701e-02,-2.65676637e-02,-2.38170534e-02,-2.10766609e-02,-1.84383302e-02,-1.59648799e-02,-1.37059796e-02,-1.17157283e-02,-1.00605992e-02,-8.81189244e-03,-8.02828747e-03,-7.73193687e-03,-7.91120377e-03,-8.55055033e-03,-9.58579979e-03,-1.09172266e-02,-1.24011130e-02,-1.38639333e-02,-1.51416124e-02,-1.61280578e-02,-1.68081785e-02,-1.72580134e-02,-1.76142596e-02,-1.80391279e-02,-1.86891740e-02,-1.96753251e-02,-2.10302770e-02
1.05155171e-02,1.18895499e-02,1.30205286e-02,1.38567221e-02,1.43658574e-02,1.45334270e-02,1.43807893e-02,1.39172352e-02,1.31556421e-02,1.21413181e-02,1.09373301e-02,9.61587128e-03,8.24689011e-03,6.89907399e-03,5.65599902e-03,4.62517755e-03,3.91262495e-03,3.56583406e-03,3.52259694e-03,3.59084956e-03,3.49205155e-03,2.90999116e-03,1.56718225e-03,-6.36331307e-04,-3.51720670e-03,-6.64319956e-03,-9.55825069e-03,-1.20253638e-02,-1.40886864e-02,-1.59498196e-02,-1.77896517e-02,-1.96431201e-02,-2.13859201e-02,-2.28284905e-02,-2.38363801e-02,-2.43916223e-02,-2.45819711e-02,-2.45431394e-02,-2.43935812e-02,-2.42724945e-02,-2.42632862e-02,-2.44688929e-02,-2.49554209e-02,-2.57294636e-02,-2.67118999e-02,-2.77214032e-02,-2.84974204e-02,-2.88132063e-02,-2.85468435e-02,-2.74776861e-02,-2.56382727e-02,-2.31272553e-02,-2.01003902e-02,-1.67433588e-02,-1.32476062e-02,-9.79044366e-03,-6.51778940e-03,-3.52930364e-03,-8.68138610e-04,1.47997300e-03,3.57357374e-03,5.48651282e-03,7.27581795e-03,8.95999719e-03
-8.93824407e-03,-8.87971720e-03,-8.84570624e-03,-8.68587685e-03,-8.37053826e-03,-8.00653819e-03,-7.80340182e-03,-7.99625180e-03,-8.83193975e-03,-1.03954356e-02,-1.25551441e-02,-1.49705687e-02,-1.72204364e-02,-1.89712084e-02,-2.00763170e-02,-2.05797657e-02,-2.06764746e-02,-2.05576114e-02,-2.04854198e-02,-2.06849813e-02,-2.14089885e-02,-2.28277171e-02,-2.50589897e-02,-2.81662272e-02,-3.21548132e-02,-3.69346320e-02,-4.22439845e-02,-4.76072238e-02,-5.24305881e-02,-5.62180231e-02,-5.87411216e-02,-6.00574097e-02,-6.04567829e-02,-6.02322151e-02,-5.94009574e-02,-5.82319130e-02,-5.68307330e-02,-5.52467179e-02,-5.35064729e-02,-5.16410341e-02,-4.97039796e-02,-4.77751838e-02,-4.59485693e-02,-4.43082812e-02,-4.29039904e-02,-4.17381486e-02,-4.07718397e-02,-3.99433556e-02,-3.91846122e-02,-3.84234760e-02,-3.75730087e-02,-3.65219173e-02,-3.51439544e-02,-3.33314385e-02,-3.10359118e-02,-2.82914699e-02,-2.52114931e-02,-2.19669915e-02,-1.87593727e-02,-1.57948114e-02,-1.32600312e-02,-1.12955991e-02,-9.96513782e-03,-9.22832934e-03
-4.11803232e-02,-4.08248449e-02,-3.88219370e-02,-3.57269899e-02,-3.18912760e-02,-2.76088091e-02,-2.31392208e-02,-1.87204244e-02,-1.45757029e-02,-1.09128094e-02,-7.91306926e-03,-5.70975932e-03,-4.35907274e-03,-3.81192049e-03,-3.90545860e-03,-4.41537356e-03,-5.09021745e-03,-5.74743647e-03,-6.31337533e-03,-6.80796528e-03,-7.28899108e-03,-7.78934794e-03,-8.27506431e-03,-8.63935682e-03,-8.74949010e-03,-8.46513710e-03,-7.67376081e-03,-6.33919287e-03,-4.49296845e-03,-2.22177504e-03,3.51820780e-04,3.08741014e-03,5.84437950e-03,8.49662857e-03,1.09475718e-02,1.31465124e-02,1.50999937e-02,1.68692539e-02,1.85493620e-02,2.02369584e-02,2.20012900e-02,2.38694874e-02,2.58269566e-02,2.78258636e-02,2.97936719e-02,3.16386613e-02,3.32543644e-02,3.45247368e-02,3.53244363e-02,3.54742807e-02,3.50007270e-02,3.36656117e-02,3.12761157e-02,2.77143590e-02,2.29576609e-02,1.70924747e-02,1.02526580e-02,2.53808583e-03,-5.94978443e-03,-1.48932623e-02,-2.35978796e-02,-3.11309025e-02,-3.67111070e-02,-3.99982069e-02
3.12815179e-02,3.23938063e-02,3.32463987e-02,3.38208032e-02,3.41377352e-02,3.42743432e-02,3.43504208e-02,3.44709280e-02,3.47189400e-02,3.51436401e-02,3.57488633e-02,3.65074976e-02,3.73805297e-02,3.83290851e-02,3.93201677e-02,4.03304850e-02,4.13489076e-02,4.23729436e-02,4.33957093e-02,4.43878825e-02,4.52864962e-02,4.60018254e-02,4.64425357e-02,4.65133048e-02,4.62973304e-02,4.57195446e-02,4.47459005e-02,4.33395454e-02,4.14417310e-02,3.90016773e-02,3.60205301e-02,3.25900443e-02,2.89113898e-02,2.52809760e-02,2.20310663e-02,1.94328102e-02,1.76071106e-02,1.64963672e-02,1.59063635e-02,1.55839843e-02,1.52969728e-02,1.48821444e-02,1.42546398e-02,1.34150535e-02,1.24281591e-02,1.13798391e-02,1.03426132e-02,9.37206703e-03,8.52966198e-03,7.90553534e-03,7.61747501e-03,7.77523191e-03,8.43251473e-03,9.61287981e-03,1.12592515e-02,1.32708003e-02,1.55250721e-02,1.78967886e-02,2.02719551e-02,2.25583855e-02,2.46924916e-02,2.66401851e-02,2.83900139e-02,2.99397241e-02
4.83353048e-03,1.69451184e-03,-1.31028352e-03,-4.30090960e-03,-7.56872823e-03,-1.14847281e-02,-1.63454466e-02,-2.21731848e-02,-2.85858443e-02,-3.49034825e-02,-4.04614491e-02,-4.48587048e-02,-4.79751218e-02,-4.98494367e-02,-5.05964855e-02,-5.05468751e-02,-4.94469310e-02,-4.74923125e-02,-4.48323010e-02,-4.16441806e-02,-3.81148183e-02,-3.44232715e-02,-3.07253733e-02,-2.71415311e-02,-2.37475945e-02,-2.05696808e-02,-1.75861854e-02,-1.47412060e-02,-1.19706838e-02,-9.23539088e-03,-6.54752473e-03,-3.97722659e-03,-1.63434855e-03,3.67273100e-04,1.94774907e-03,3.08959301e-03,3.84137030e-03,4.30200234e-03,4.59653833e-03,4.85410226e-03,5.19260497e-03,5.70820468e-03,6.46085463e-03,7.45904681e-03,8.65460183e-03,9.95369425e-03,1.12417853e-02,1.24143034e-02,1.34039603e-02,1.41961327e-02,1.48255000e-02,1.53542800e-02,1.58435805e-02,1.63323551e-02,1.68279826e-02,1.73021914e-02,1.76854308e-02,1.78587980e-02,1.76783067e-02,1.70054567e-02,1.56897690e-02,1.36845051e-02,1.10660997e-02,8.03006492e-03
-1.65213586e-02,-1.88647574e-02,-2.09702720e-02,-2.29326142e-02,-2.48676707e-02,-2.68564741e-02,-2.88914152e-02,-3.08512552e-02,-3.25302464e-02,-3.37158707e-02,-3.42771329e-02,-3.43026017e-02,-3.37086506e-02,-3.26331937e-02,-3.11770953e-02,-2.93964450e-02,-2.72958635e-02,-2.48437028e-02,-2.19991781e-02,-1.87390098e-02,-1.50735234e-02,-1.10488975e-02,-6.73924326e-03,-2.23491158e-03,2.36821052e-03,6.97516202e-03,1.15011702e-02,1.58731435e-02,2.00315253e-02,2.39308829e-02,2.75390052e-02,3.08337533e-02,3.37970244e-02,3.64068311e-02,3.86309428e-02,4.04262652e-02,4.17452748e-02,4.25438854e-02,4.27597320e-02,4.25088060e-02,4.17617826e-02,4.05167519e-02,3.88396096e-02,3.67785110e-02,3.43132658e-02,3.13403778e-02,2.77294903e-02,2.34516441e-02,1.87105803e-02,1.39568242e-02,9.73027324e-03,6.44150894e-03,4.24486710e-03,3.03351797e-03,2.50353473e-03,2.24540027e-03,1.84858494e-03,9.89668647e-04,-5.05802782e-04,-2.63201190e-03,-5.24173421e-03,-8.12382467e-03,-1.10696007e-02,-1.39076767e-02
2.44068508e-02,2.52470085e-02,2.61809545e-02,2.72087683e-02,2.83090144e-02,2.94449093e-02,3.05734912e-02,3.16502478e-02,3.26280313e-02,3.34545529e-02,3.40734294e-02,3.44302321e-02,3.44590655e-02,3.42251796e-02,3.36734001e-02,3.28364869e-02,3.17858273e-02,3.06239431e-02,2.94812473e-02,2.84961715e-02,2.77764424e-02,2.73601274e-02,2.72054076e-02,2.72128696e-02,2.72925408e-02,2.74152946e-02,2.75870706e-02,2.78491686e-02,2.82368839e-02,2.87384032e-02,2.92719754e-02,2.96896338e-02,2.97879188e-02,2.94630297e-02,2.85335233e-02,2.68716276e-02,2.44429945e-02,2.13272431e-02,1.77561159e-02,1.41196414e-02,1.08906525e-02,8.47790967e-03,7.10255650e-03,6.77892532e-03,7.32895112e-03,8.56842426e-03,1.02702627e-02,1.22099751e-02,1.41918681e-02,1.60543548e-02,1.76736412e-02,1.89679857e-02,1.99027192e-02,2.04926484e-02,2.07970585e-02,2.09065762e-02,2.09287747e-02,2.09624020e-02,2.10804837e-02,2.13401096e-02,2.17556088e-02,2.23026854e-02,2.29415386e-02,2.36438399e-02
3.85214023e-03,7.12155135e-03,1.01675471e-02,1.29672298e-02,1.54980029e-02,1.77361954e-02,1.96574364e-02,2.12403563e-02,2.24737071e-02,2.33635402e-02,2.39352391e-02,2.42278910e-02,2.42790062e-02,2.41656622e-02,2.39079613e-02,2.35584270e-02,2.31892092e-02,2.28799091e-02,2.26935489e-02,2.26377072e-02,2.26243406e-02,2.25187433e-02,2.21645523e-02,2.14303551e-02,2.02929873e-02,1.88524366e-02,1.72632473e-02,1.56246416e-02,1.39023594e-02,1.19310140e-02,9.49165517e-03,6.43180765e-03,2.78252984e-03,-1.19699292e-03,-5.09476958e-03,-8.52999970e-03,-1.12936806e-02,-1.33797456e-02,-1.49278240e-02,-1.61400708e-02,-1.72172975e-02,-1.83225191e-02,-1.95598182e-02,-2.09632543e-02,-2.25032063e-02,-2.41139522e-02,-2.57299563e-02,-2.73070368e-02,-2.88110659e-02,-3.01784482e-02,-3.12781373e-02,-3.19227171e-02,-3.20307089e-02,-3.14099132e-02,-2.99934491e-02,-2.78514962e-02,-2.51075613e-02,-2.19035794e-02,-1.83770518e-02,-1.46508363e-02,-1.08307892e-02,-7.00593904e-03,-3.24866633e-03,3.84821140e-04
5.44436052e-02,5.28365144e-02,5.08564388e-02,4.86914857e-02,4.66259510e-02,4.49412786e-02,4.38221246e-02,4.33121902e-02,4.33081445e-02,4.35622938e-02,4.39612182e-02,4.42608447e-02,4.41870188e-02,4.36169012e-02,4.22241313e-02,3.97241642e-02,3.58855205e-02,3.06415422e-02,2.42439043e-02,1.73395138e-02,1.08250442e-02,5.49586267e-03,1.75430200e-03,-4.04903555e-04,-1.21298479e-03,-9.60876251e-04,1.06708669e-04,1.78329593e-03,3.90307791e-03,6.33025693e-03,8.95138677e-03,1.16719056e-02,1.44129815e-02,1.71088713e-02,1.97073029e-02,2.21745243e-02,2.45024031e-02,2.67108773e-02,2.88400569e-02,3.09333363e-02,3.30202315e-02,3.51084982e-02,3.71889190e-02,3.92480925e-02,4.12805085e-02,4.32935070e-02,4.53042760e-02,4.73317422e-02,4.93862860e-02,5.14589829e-02,5.35120391e-02,5.54732720e-02,5.72383410e-02,5.86838179e-02,5.96910241e-02,6.01726119e-02,6.01549192e-02,5.98305725e-02,5.92274975e-02,5.85136079e-02,5.78221978e-02,5.71781665e-02,5.64976633e-02,5.56356659e-02
-4.21384907e-02,-4.38646040e-02,-4.58074914e-02,-4.77411954e-02,-4.94423134e-02,-5.07340884e-02,-5.15022987e-02,-5.17483182e-02,-5.14883758e-02,-5.05554654e-02,-4.90012811e-02,-4.68585524e-02,-4.41820904e-02,-4.10493732e-02,-3.75588877e-02,-3.38278496e-02,-2.99882733e-02,-2.61804482e-02,-2.25438934e-02,-1.92074232e-02,-1.62814030e-02,-1.38558078e-02,-1.20063431e-02,-1.08066946e-02,-1.03208712e-02,-1.05891116e-02,-1.17057007e-02,-1.36532263e-02,-1.63464803e-02,-1.96540253e-02,-2.34542989e-02,-2.76670033e-02,-3.22164030e-02,-3.69530967e-02,-4.16107694e-02,-4.58461865e-02,-4.93346553e-02,-5.18554716e-02,-5.33320752e-02,-5.38680109e-02,-5.37678831e-02,-5.29614200e-02,-5.18139782e-02,-5.05723237e-02,-4.94245685e-02,-4.84734976e-02,-4.77307819e-02,-4.71357195e-02,-4.65902158e-02,-4.59956069e-02,-4.52860991e-02,-4.44487253e-02,-4.35178967e-02,-4.25550839e-02,-4.16292389e-02,-4.08032114e-02,-4.01242588e-02,-3.96180813e-02,-3.92907219e-02,-3.91399068e-02,-3.91368467e-02,-3.93576769e-02,-3.98795068e-02,-4.07918333e-02
2.49328902e-02,2.36730795e-02,2.18857270e-02,1.97278901e-02,1.74116567e-02,1.51629089e-02,1.31644162e-02,1.15098106e-02,1.02002479e-02,9.18660741e-03,8.42559835e-03,7.91116569e-03,7.66376260e-03,7.69064998e-03,7.93607606e-03,8.32346089e-03,8.74989828e-03,9.16014352e-03,9.58340083e-03,1.01234120e-02,1.09057111e-02,1.20112922e-02,1.34264487e-02,1.50297840e-02,1.66112273e-02,1.79048785e-02,1.86213178e-02,1.84796903e-02,1.74092200e-02,1.52580826e-02,1.21855281e-02,8.59581520e-03,5.05033319e-03,2.08115757e-03,2.18343194e-05,-1.03761537e-03,-1.20601823e-03,-6.66399397e-04,3.71562801e-04,1.72257744e-03,3.24556345e-03,4.84395126e-03,6.46083240e-03,8.07127067e-03,9.66979676e-03,1.12534458e-02,1.28066646e-02,1.42961196e-02,1.56775589e-02,1.69087837e-02,1.79599746e-02,1.88175361e-02,1.94855059e-02,1.99909564e-02,2.03922616e-02,2.07778132e-02,2.12459856e-02,2.18741845e-02,2.26847569e-02,2.36228746e-02,2.45597138e-02,2.53184202e-02,2.57106837e-02,2.55888970e-02
1.19565015e-02,1.04716669e-02,9.41542315e-03,8.85215325e-03,8.78603431e-03,9.13458413e-03,9.85874227e-03,1.08832664e-02,1.21337624e-02,1.35337711e-02,1.50026033e-02,1.64614750e-02,1.78420118e-02,1.90868454e-02,2.01360794e-02,2.09035344e-02,2.12531041e-02,2.10267966e-02,2.00934083e-02,1.82730934e-02,1.55412483e-02,1.20363836e-02,8.05427734e-03,3.97245641e-03,1.31093220e-04,-3.26171437e-03,-6.14963949e-03,-8.56985679e-03,-1.05807546e-02,-1.22227217e-02,-1.35122915e-02,-1.44468694e-02,-1.50061309e-02,-1.51787667e-02,-1.49323279e-02,-1.42205122e-02,-1.30458816e-02,-1.14319395e-02,-9.41657639e-03,-7.04370715e-03,-4.35959885e-03,-1.41397081e-03,1.73755490e-03,5.03188814e-03,8.40180077e-03,1.17767138e-02,1.50820158e-02,1.82347508e-02,2.11368264e-02,2.36701832e-02,2.57011404e-02,2.71012464e-02,2.77872914e-02,2.77604917e-02,2.72287134e-02,2.62606904e-02,2.50535597e-02,2.37448193e-02,2.23776888e-02,2.09222826e-02,1.93249028e-02,1.75592609e-02,1.56620863e-02,1.37417565e-02
3.42454763e-02,3.68700245e-02,3.95307775e-02,4.22526872e-02,4.50555391e-02,4.79464029e-02,5.09119818e-02,5.39168355e-02,5.69111406e-02,5.98456117e-02,6.26856923e-02,6.54165759e-02,6.80359699e-02,7.05387574e-02,7.29013728e-02,7.50722329e-02,7.69706749e-02,7.84937598e-02,7.95279600e-02,7.99043687e-02,7.97237582e-02,7.89780668e-02,7.75203251e-02,7.53254902e-02,7.23914762e-02,6.87119383e-02,6.42940238e-02,5.92078608e-02,5.36449511e-02,4.79342059e-02,4.24685872e-02,3.75654418e-02,3.33558981e-02,2.97765547e-02,2.66503069e-02,2.37965409e-02,2.11224042e-02,1.86673353e-02,1.65819779e-02,1.50460868e-02,1.41719323e-02,1.39526964e-02,1.42070229e-02,1.47561517e-02,1.53591271e-02,1.57666451e-02,1.57606947e-02,1.53039755e-02,1.43351461e-02,1.29849742e-02,1.15027647e-02,1.02026931e-02,9.38639184e-03,9.27519620e-03,9.89258304e-03,1.12378582e-02,1.31785220e-02,1.55400381e-02,1.81526746e-02,2.08782364e-02,2.36223834e-02,2.63348503e-02,2.90012833e-02,3.16310440e-02
1.96386909e-02,1.92356349e-02,1.82915370e-02,1.67618213e-02,1.45347942e-02,1.14265924e-02,7.24745790e-03,1.92566735e-03,-4.36030107e-03,-1.11327653e-02,-1.77759321e-02,-2.37585747e-02,-2.87970145e-02,-3.28620274e-02,-3.60698968e-02,-3.85517908e-02,-4.03721180e-02,-4.15211324e-02,-4.19893200e-02,-4.19253735e-02,-4.11938025e-02,-3.99906144e-02,-3.84946451e-02,-3.68975278e-02,-3.53834733e-02,-3.41099546e-02,-3.31781605e-02,-3.25958466e-02,-3.22612294e-02,-3.19968849e-02,-3.15841253e-02,-3.08157820e-02,-2.95914302e-02,-2.79326974e-02,-2.59519683e-02,-2.38103991e-02,-2.16822082e-02,-1.97270506e-02,-1.80678437e-02,-1.67745220e-02,-1.58571367e-02,-1.52698053e-02,-1.49225456e-02,-1.46976031e-02,-1.44648082e-02,-1.40918988e-02,-1.34732600e-02,-1.25562875e-02,-1.13428454e-02,-9.86553595e-03,-8.15537331e-03,-6.22243498e-03,-4.05982915e-03,-1.66459370e-03,9.40346909e-04,3.69519654e-03,6.50924722e-03,9.27498109e-03,1.18832824e-02,1.42344195e-02,1.62427524e-02,1.78371633e-02,1.89613025e-02,1.95749150e-02
6.11939711e-03,9.89667880e-03,1.35123231e-02,1.67928743e-02,1.95794311e-02,2.17330275e-02,2.31445472e-02,2.37554064e-02,2.36199117e-02,2.29105968e-02,2.17438239e-02,2.03414793e-02,1.88682471e-02,1.73954495e-02,1.59223702e-02,1.44168548e-02,1.28387558e-02,1.11420246e-02,9.27731571e-03,7.21267418e-03,4.96346467e-03,2.60327264e-03,2.39686230e-04,-2.02381325e-03,-4.10313503e-03,-5.91927401e-03,-7.38549220e-03,-8.41933986e-03,-8.96784843e-03,-9.05416339e-03,-8.69349581e-03,-7.96083081e-03,-6.94245353e-03,-5.71891990e-03,-4.35750777e-03,-2.91273994e-03,-1.43400194e-03,2.42446983e-05,1.39545835e-03,2.60258304e-03,3.56883675e-03,4.23409269e-03,4.57289241e-03,4.60729178e-03,4.42316396e-03,4.11585125e-03,3.78215836e-03,3.45195591e-03,3.05206990e-03,2.41022058e-03,1.30826006e-03,-4.13197706e-04,-2.72578327e-03,-5.34936078e-03,-7.83792800e-03,-9.76684171e-03,-1.08754762e-02,-1.11329483e-02,-1.05388738e-02,-9.15917585e-03,-7.07979277e-03,-4.38953128e-03,-1.19647720e-03,2.36193641e-03
4.84386189e-02,4.57361889e-02,4.24209526e-02,3.88664773e-02,3.55498266e-02,3.28565233e-02,3.09225781e-02,2.96148045e-02,2.86291422e-02,2.76236343e-02,2.63049479e-02,2.44802372e-02,2.21139127e-02,1.93563443e-02,1.65122717e-02,1.39459466e-02,1.19598542e-02,1.07090770e-02,1.01887790e-02,1.02772924e-02,1.08022101e-02,1.16616508e-02,1.27733806e-02,1.41107185e-02,1.56654416e-02,1.74060021e-02,1.92531611e-02,2.10817856e-02,2.27427616e-02,2.40932364e-02,2.50270442e-02,2.55027500e-02,2.55526233e-02,2.53595387e-02,2.50429406e-02,2.48100352e-02,2.48525537e-02,2.52286094e-02,2.60465387e-02,2.73324417e-02,2.90720315e-02,3.12113838e-02,3.36542697e-02,3.62682525e-02,3.89013554e-02,4.14041191e-02,4.36500234e-02,4.55497216e-02,4.70583161e-02,4.81772425e-02,4.89516919e-02,4.94616723e-02,4.98039225e-02,5.00681591e-02,5.03205743e-02,5.06014547e-02,5.09285308e-02,5.12985892e-02,5.16834778e-02,5.20188951e-02,5.21855372e-02,5.20595579e-02,5.15209054e-02,5.03600927e-02
1.29483248e-02,1.00603951e-02,6.14502808e-03,1.51496530e-03,-3.30950083e-03,-7.73126321e-03,-1.12784291e-02,-1.36976101e-02,-1.49375743e-02,-1.51541135e-02,-1.43894848e-02,-1.27771507e-02,-1.04575019e-02,-7.57489727e-03,-4.28446708e-03,-7.47209608e-04,2.88222709e-03,6.47111928e-03,9.92217216e-03,1.31737692e-02,1.61905487e-02,1.89451399e-02,2.13980471e-02,2.34847569e-02,2.51175755e-02,2.62050812e-02,2.66858605e-02,2.65919096e-02,2.60636447e-02,2.51928815e-02,2.41730650e-02,2.31607452e-02,2.22207530e-02,2.13081369e-02,2.02852297e-02,1.89616707e-02,1.71490778e-02,1.47313447e-02,1.17313689e-02,8.33136644e-03,4.81458046e-03,1.45329641e-03,-1.57740576e-03,-4.20027650e-03,-6.37000858e-03,-8.00644095e-03,-8.98469639e-03,-9.22664331e-03,-8.66858886e-03,-7.35856155e-03,-5.45333766e-03,-3.16040955e-03,-6.89670037e-04,1.78606220e-03,4.15433633e-03,6.36628855e-03,8.41662272e-03,1.03119822e-02,1.20395591e-02,1.35464372e-02,1.47312204e-02,1.54429646e-02,1.54683942e-02,1.47228857e-02
-9.58946098e-03,-8.36866686e-03,-7.17658955e-03,-6.02079625e-03,-4.92556488e-03,-3.93353312e-03,-3.09708344e-03,-2.46104033e-03,-2.04167338e-03,-1.81462395e-03,-1.72728751e-03,-1.73573692e-03,-1.84904878e-03,-2.13998744e-03,-2.71443059e-03,-3.64391596e-03,-4.89744647e-03,-6.31608115e-03,-7.65628211e-03,-8.68073608e-03,-9.23970654e-03,-9.33164669e-03,-9.00091253e-03,-8.39858252e-03,-7.71756180e-03,-7.16750904e-03,-6.94103629e-03,-7.19135770e-03,-8.03437989e-03,-9.48122268e-03,-1.14540258e-02,-1.37991114e-02,-1.63082905e-02,-1.87414286e-02,-2.08541050e-02,-2.24356125e-02,-2.33523517e-02,-2.36181988e-02,-2.32743314e-02,-2.24061435e-02,-2.11845256e-02,-1.97739384e-02,-1.83233650e-02,-1.69677314e-02,-1.58323586e-02,-1.50299963e-02,-1.46449751e-02,-1.46534747e-02,-1.50714246e-02,-1.57610056e-02,-1.65456981e-02,-1.72462087e-02,-1.77325074e-02,-1.79541983e-02,-1.79596108e-02,-1.77628550e-02,-1.74184524e-02,-1.69372626e-02,-1.62984966e-02,-1.54774190e-02,-1.44747245e-02,-1.33272510e-02,-1.20949744e-02,-1.08363803e-02
-1.22080286e-03,3.23669309e-04,1.50917002e-03,2.41895347e-03,3.16619781e-03,3.86142308e-03,4.58435489e-03,5.36853893e-03,6.20099243e-03,7.03322045e-03,7.79724099e-03,8.42324198e-03,8.85982352e-03,9.09568939e-03,9.17342489e-03,9.18509306e-03,9.23558221e-03,9.41582717e-03,9.79450124e-03,1.04051674e-02,1.12561789e-02,1.23420135e-02,1.36511213e-02,1.51676890e-02,1.68648884e-02,1.86909387e-02,2.05548024e-02,2.23210744e-02,2.38220500e-02,2.48904168e-02,2.54089508e-02,2.53636857e-02,2.49122214e-02,2.41490601e-02,2.32677273e-02,2.24030713e-02,2.15901621e-02,2.07728277e-02,1.98353963e-02,1.86278376e-02,1.69732746e-02,1.46690179e-02,1.15102111e-02,7.37204727e-03,2.35109669e-03,-3.12738453e-03,-8.38587859e-03,-1.28287135e-02,-1.61691054e-02,-1.84361472e-02,-1.98355307e-02,-2.06050336e-02,-2.09268700e-02,-2.09407513e-02,-2.06205227e-02,-1.99413110e-02,-1.88534110e-02,-1.73273353e-02,-1.53785746e-02,-1.30775621e-02,-1.05457270e-02,-7.93936483e-03,-5.42492348e-03,-3.15074271e-03
-1.04899694e-02,-9.99936939e-03,-9.04114983e-03,-7.66736561e-03,-5.92285461e-03,-3.85855051e-03,-1.55609909e-03,8.54891445e-04,3.19863830e-03,5.28348597e-03,6.94510417e-03,8.09258663e-03,8.73916356e-03,9.00021843e-03,9.05478149e-03,9.08228971e-03,9.20352640e-03,9.47087963e-03,9.85209066e-03,1.02443116e-02,1.05031047e-02,1.04743820e-02,1.00814479e-02,9.24011301e-03,7.95787753e-03,6.28634937e-03,4.29982565e-03,2.09871962e-03,-1.60199356e-04,-2.24483827e-03,-3.89016044e-03,-4.88523747e-03,-5.15712254e-03,-4.72555588e-03,-3.69822968e-03,-2.23222468e-03,-5.04417733e-04,1.28267414e-03,2.88667826e-03,4.02892862e-03,4.42847491e-03,3.90392420e-03,2.44204537e-03,2.71187874e-04,-2.15935988e-03,-4.37412914e-03,-6.05536318e-03,-7.09471386e-03,-7.53928016e-03,-7.53908844e-03,-7.22136779e-03,-6.74249231e-03,-6.22671226e-03,-5.76015866e-03,-5.39494589e-03,-5.17103825e-03,-5.13294372e-03,-5.35586156e-03,-5.90753309e-03,-6.79367926e-03,-7.91055945e-03,-9.04948004e-03,-9.96522105e-03,-1.04620265e-02
6.10809568e-02,6.25908914e-02,6.36863079e-02,6.44484356e-02,6.49456113e-02,6.52223720e-02,6.52820475e-02,6.51962779e-02,6.49353724e-02,6.44753969e-02,6.38182932e-02,6.29827163e-02,6.20059456e-02,6.09347218e-02,5.98055027e-02,5.86268633e-02,5.73737132e-02,5.59911973e-02,5.44000786e-02,5.24992515e-02,5.01678472e-02,4.72741673e-02,4.37014837e-02,3.94000587e-02,3.44621779e-02,2.91853759e-02,2.40581579e-02,1.96286897e-02,1.63178613e-02,1.43045131e-02,1.35409543e-02,1.38084172e-02,1.48545565e-02,1.65042828e-02,1.85605278e-02,2.08849170e-02,2.33925709e-02,2.60353374e-02,2.87767711e-02,3.15651336e-02,3.43119583e-02,3.68811960e-02,3.90908283e-02,4.07281483e-02,4.15840619e-02,4.15183809e-02,4.07219051e-02,3.91575991e-02,3.71120889e-02,3.49681262e-02,3.30848294e-02,3.17316972e-02,3.10891715e-02,3.12475234e-02,3.21504146e-02,3.38871074e-02,3.63735351e-02,3.94561512e-02,4.29359255e-02,4.65923204e-02,5.02074046e-02,5.35869312e-02,5.65785355e-02,5.90867227e-02
4.37140997e-02,4.53781331e-02,4.65728888e-02,4.70477390e-02,4.67764107e-02,4.57555562e-02,4.39528423e-02,4.15417091e-02,3.87297593e-02,3.56741025e-02,3.24736403e-02,2.92109312e-02,2.59886397e-02,2.29266106e-02,2.01331777e-02,1.76888576e-02,1.56593164e-02,1.41177421e-02,1.31472040e-02,1.28178585e-02,1.31151138e-02,1.39911481e-02,1.53564175e-02,1.70608698e-02,1.89498822e-02,2.08858030e-02,2.27582766e-02,2.44834070e-02,2.59947169e-02,2.72304384e-02,2.81211738e-02,2.85783851e-02,2.84865934e-02,2.78146217e-02,2.63527789e-02,2.39820198e-02,2.06734629e-02,1.65831821e-02,1.21216215e-02,7.89472410e-03,4.49470392e-03,2.27751808e-03,1.29005077e-03,1.35192903e-03,2.17525638e-03,3.48264988e-03,5.03444064e-03,6.66120435e-03,8.27232097e-03,9.85900873e-03,1.14824465e-02,1.32410370e-02,1.52256404e-02,1.74812357e-02,1.99893972e-02,2.26746814e-02,2.54284197e-02,2.81400659e-02,3.07268573e-02,3.31533213e-02,3.54331922e-02,3.76107785e-02,3.97271897e-02,4.17835611e-02
5.24432018e-03,2.51501912e-03,-6.11308578e-04,-4.05397795e-03,-7.69181736e-03,-1.14408281e-02,-1.52457479e-02,-1.90149936e-02,-2.25804229e-02,-2.57344610e-02,-2.83130508e-02,-3.02481406e-02,-3.15547961e-02,-3.22847451e-02,-3.25213658e-02,-3.23225698e-02,-3.16408953e-02,-3.05359612e-02,-2.90729745e-02,-2.73346612e-02,-2.54108837e-02,-2.33822353e-02,-2.13031627e-02,-1.91881261e-02,-1.70061974e-02,-1.46899030e-02,-1.21591135e-02,-9.35185273e-03,-6.24807848e-03,-2.87628707e-03,6.97096315e-04,4.38776139e-03,8.11879844e-03,1.18394016e-02,1.55328716e-02,1.92112793e-02,2.28971756e-02,2.65989466e-02,3.02893985e-02,3.38953812e-02,3.73019177e-02,4.03705142e-02,4.29689049e-02,4.50068109e-02,4.64675901e-02,4.74205454e-02,4.79999894e-02,4.83519924e-02,4.85738596e-02,4.86702510e-02,4.85613068e-02,4.81012967e-02,4.70302846e-02,4.50864332e-02,4.20897950e-02,3.80547967e-02,3.32528352e-02,2.81505115e-02,2.32422579e-02,1.88930373e-02,1.52691459e-02,1.23366818e-02,9.89304630e-03,7.63247124e-03
-4.18433759e-02,-3.81512894e-02,-3.42909578e-02,-3.03372490e-02,-2.63713869e-02,-2.24702222e-02,-1.86950494e-02,-1.50834275e-02,-1.16467429e-02,-8.37463509e-03,-5.24525174e-03,-2.23853134e-03,6.50859672e-04,3.40340078e-03,5.97089065e-03,8.28069653e-03,1.02477220e-02,1.17926039e-02,1.28616447e-02,1.34424264e-02,1.35672435e-02,1.33547854e-02,1.28846036e-02,1.22565141e-02,1.15366553e-02,1.07284861e-02,9.78183490e-03,8.62543385e-03,7.20920098e-03,5.53493822e-03,3.65353042e-03,1.62697252e-03,-5.12227589e-04,-2.76345999e-03,-5.11894343e-03,-7.52642706e-03,-9.89178858e-03,-1.21169108e-02,-1.41418035e-02,-1.59700928e-02,-1.76804763e-02,-1.94356581e-02,-2.14918361e-02,-2.41914853e-02,-2.78967344e-02,-3.28224925e-02,-3.88082698e-02,-4.52163595e-02,-5.11523258e-02,-5.58902357e-02,-5.91414143e-02,-6.10190656e-02,-6.18510293e-02,-6.20386783e-02,-6.17744634e-02,-6.11831388e-02,-6.03504302e-02,-5.92542676e-02,-5.78378560e-02,-5.60560141e-02,-5.38942848e-02,-5.13643953e-02,-4.84914116e-02,-4.53057081e-02
-3.53011435e-02,-3.40319029e-02,-3.27285196e-02,-3.14135470e-02,-3.00924434e-02,-2.87564263e-02,-2.73904660e-02,-2.59795143e-02,-2.45115898e-02,-2.29813724e-02,-2.13974405e-02,-1.97909974e-02,-1.82195893e-02,-1.67604726e-02,-1.54938536e-02,-1.44815161e-02,-1.37485729e-02,-1.32751469e-02,-1.30013910e-02,-1.28448968e-02,-1.27242070e-02,-1.25790569e-02,-1.23936468e-02,-1.22162340e-02,-1.21496005e-02,-1.23435494e-02,-1.29998701e-02,-1.42956789e-02,-1.63520985e-02,-1.91992301e-02,-2.27713302e-02,-2.69253591e-02,-3.14571402e-02,-3.61090149e-02,-4.05943205e-02,-4.46498639e-02,-4.80870470e-02,-5.08132144e-02,-5.28293843e-02,-5.42213250e-02,-5.51432843e-02,-5.57854851e-02,-5.63331569e-02,-5.69314540e-02,-5.76425610e-02,-5.84130562e-02,-5.90960968e-02,-5.95231701e-02,-5.96325713e-02,-5.93290841e-02,-5.84764588e-02,-5.71151321e-02,-5.53063843e-02,-5.31533628e-02,-5.07968177e-02,-4.84004498e-02,-4.61252040e-02,-4.40973640e-02,-4.23805671e-02,-4.09636244e-02,-3.97714076e-02,-3.86952002e-02,-3.76300383e-02,-3.65059461e-02
-3.20091185e-02,-3.18690187e-02,-3.14335539e-02,-3.07358542e-02,-2.98449072e-02,-2.88632562e-02,-2.79058095e-02,-2.70717600e-02,-2.64188732e-02,-2.59486310e-02,-2.56093831e-02,-2.53170872e-02,-2.49830355e-02,-2.45480980e-02,-2.40191588e-02,-2.34879489e-02,-2.31271736e-02,-2.30877699e-02,-2.36198368e-02,-2.49095660e-02,-2.69925865e-02,-2.96930289e-02,-3.26121689e-02,-3.52311137e-02,-3.70916393e-02,-3.79536933e-02,-3.79847456e-02,-3.70680822e-02,-3.54894833e-02,-3.34896498e-02,-3.12722444e-02,-2.89945216e-02,-2.67763916e-02,-2.47143089e-02,-2.28925668e-02,-2.13914271e-02,-2.02949879e-02,-1.96975538e-02,-1.96257816e-02,-2.02274946e-02,-2.15659516e-02,-2.36312634e-02,-2.63028238e-02,-2.93370659e-02,-3.24044045e-02,-3.51622027e-02,-3.73241254e-02,-3.86993813e-02,-3.92416803e-02,-3.91186034e-02,-3.82037113e-02,-3.67472535e-02,-3.49796772e-02,-3.31490596e-02,-3.14933541e-02,-3.02097539e-02,-2.94229417e-02,-2.91406213e-02,-2.92770559e-02,-2.97646536e-02,-3.04099095e-02,-3.10521792e-02,-3.15755365e-02,-3.19037273e-02
2.33043228e-02,2.52244658e-02,2.68880601e-02,2.83748680e-02,2.97388648e-02,3.09914233e-02,3.21145653e-02,3.30948521e-02,3.39558305e-02,3.47663212e-02,3.56194131e-02,3.65983654e-02,3.77461606e-02,3.90476175e-02,4.04276917e-02,4.17622594e-02,4.28952370e-02,4.36567131e-02,4.38464695e-02,4.35204073e-02,4.25869788e-02,4.10525974e-02,3.90577899e-02,3.67982148e-02,3.44744569e-02,3.22463454e-02,3.01932029e-02,2.82885438e-02,2.64063834e-02,2.43709241e-02,2.20393317e-02,1.93868050e-02,1.65400613e-02,1.37126134e-02,1.10749969e-02,8.66628705e-03,6.41022127e-03,4.19714084e-03,1.96138162e-03,-2.75893870e-04,-2.39295104e-03,-4.18793473e-03,-5.44582710e-03,-6.03127686e-03,-5.98140641e-03,-5.41347084e-03,-4.57410268e-03,-3.71573176e-03,-3.03122234e-03,-2.60853217e-03,-2.41705673e-03,-2.33001509e-03,-2.16978893e-03,-1.75839389e-03,-9.62494175e-04,2.90884425e-04,2.01925605e-03,4.19692128e-03,6.76160565e-03,9.61451383e-03,1.26226032e-02,1.56303759e-02,1.84837086e-02,2.10615250e-02
-1.04901338e-02,-7.29145482e-03,-4.19330424e-03,-1.13073742e-03,1.95522754e-03,5.10424893e-03,8.32790961e-03,1.16081175e-02,1.48983222e-02,1.81265046e-02,2.11992910e-02,2.40073884e-02,2.64334391e-02,2.83647507e-02,2.97142376e-02,3.04491548e-02,3.06016821e-02,3.03926600e-02,2.99395331e-02,2.94287713e-02,2.90230614e-02,2.87942600e-02,2.87103470e-02,2.86419374e-02,2.84267468e-02,2.78561175e-02,2.67202862e-02,2.48542226e-02,2.21459309e-02,1.84954754e-02,1.37596826e-02,7.76252466e-03,4.24540450e-04,-8.04365881e-03,-1.71010468e-02,-2.61323220e-02,-3.46991979e-02,-4.26008793e-02,-4.97647283e-02,-5.61095961e-02,-6.14838687e-02,-6.57041329e-02,-6.86432767e-02,-7.02960434e-02,-7.08529655e-02,-7.06477204e-02,-6.94479377e-02,-6.75888125e-02,-6.52559839e-02,-6.26098844e-02,-5.97772531e-02,-5.68429499e-02,-5.38435884e-02,-5.07694395e-02,-4.75782629e-02,-4.42191342e-02,-4.06587227e-02,-3.69000258e-02,-3.29868270e-02,-2.89942322e-02,-2.50111252e-02,-2.11213427e-02,-1.73882506e-02,-1.38448664e-02
1.26375449e-02,1.41299416e-02,1.57411907e-02,1.73014689e-02,1.86635286e-02,1.97441990e-02,2.05521314e-02,2.11807150e-02,2.17602472e-02,2.23995945e-02,2.31502771e-02,2.39996085e-02,2.48918110e-02,2.57632173e-02,2.65709922e-02,2.73020610e-02,2.79617328e-02,2.85531427e-02,2.90612843e-02,2.94477428e-02,2.96513993e-02,2.95933170e-02,2.92344052e-02,2.84558880e-02,2.71891341e-02,2.54125223e-02,2.31721082e-02,2.05880491e-02,1.78374508e-02,1.51168856e-02,1.25974668e-02,1.03892587e-02,8.52665316e-03,6.97776754e-03,5.67402360e-03,4.54838676e-03,3.56453601e-03,2.72302905e-03,2.04477226e-03,1.54642995e-03,1.22593178e-03,1.06772863e-03,1.06368644e-03,1.23135707e-03,1.62045741e-03,2.28653630e-03,3.25652558e-03,4.49930595e-03,5.91866645e-03,7.36996428e-03,8.69244562e-03,9.74739655e-03,1.04527898e-02,1.08035073e-02,1.08637931e-02,1.07537263e-02,1.05560644e-02,1.03374078e-02,1.01313492e-02,9.97002821e-03,9.92126897e-03,1.00823086e-02,1.05580798e-02,1.14150122e-02
2.33561089e-02,2.44286286e-02,2.55920870e-02,2.68733661e-02,2.82326767e-02,2.95609435e-02,3.06985396e-02,3.14678597e-02,3.16977272e-02,3.14043087e-02,3.05552558e-02,2.91872670e-02,2.74414328e-02,2.54894999e-02,2.35005494e-02,2.16173056e-02,1.99384132e-02,1.85124456e-02,1.73497424e-02,1.64459132e-02,1.58000339e-02,1.54155002e-02,1.52869989e-02,1.53702724e-02,1.56164071e-02,1.59753014e-02,1.64017725e-02,1.68807413e-02,1.74187673e-02,1.80223450e-02,1.86806702e-02,1.93643545e-02,2.00366574e-02,2.06633717e-02,2.12108453e-02,2.16332639e-02,2.18581055e-02,2.17871785e-02,2.13713091e-02,2.05301099e-02,1.93082728e-02,1.78659857e-02,1.64313114e-02,1.52063894e-02,1.42940628e-02,1.36920421e-02,1.33364042e-02,1.31471429e-02,1.30491352e-02,1.29743093e-02,1.28663118e-02,1.26923018e-02,1.24689499e-02,1.22816569e-02,1.22740677e-02,1.25558925e-02,1.32209619e-02,1.42599375e-02,1.55840080e-02,1.70582557e-02,1.85437938e-02,1.99350100e-02,2.11832921e-02,2.23025782e-02
3.25912518e-02,3.55224418e-02,3.79788806e-02,3.98588151e-02,4.11031427e-02,4.16980222e-02,4.16753761e-02,4.12132652e-02,4.02637677e-02,3.88937911e-02,3.71596010e-02,3.50953032e-02,3.27256079e-02,3.00850556e-02,2.72283538e-02,2.42229596e-02,2.11338941e-02,1.80229151e-02,1.49726779e-02,1.21197429e-02,9.66185998e-03,7.81640292e-03,6.74853614e-03,6.51973949e-03,7.03983337e-03,8.19520446e-03,9.80692027e-03,1.16819278e-02,1.36458899e-02,1.55609284e-02,1.73365801e-02,1.89274641e-02,2.03139356e-02,2.14727434e-02,2.23542688e-02,2.28801607e-02,2.29500222e-02,2.26105294e-02,2.18182250e-02,2.06443512e-02,1.92038079e-02,1.76062206e-02,1.59310318e-02,1.42238037e-02,1.25126286e-02,1.08353694e-02,9.26268895e-03,7.90054610e-03,6.86486038e-03,6.23952046e-03,6.04276033e-03,6.21065031e-03,6.65082479e-03,7.27356802e-03,8.03155483e-03,8.95254585e-03,1.01291787e-02,1.16790512e-02,1.36938276e-02,1.62006092e-02,1.91497619e-02,2.24267848e-02,2.58756236e-02,2.93219336e-02
3.08175222e-02,2.98337249e-02,2.86371183e-02,2.74189803e-02,2.64048492e-02,2.57690600e-02,2.56085575e-02,2.58501677e-02,2.64643706e-02,2.73355311e-02,2.82535143e-02,2.89409100e-02,2.90398770e-02,2.84203760e-02,2.67667849e-02,2.39544379e-02,2.00957932e-02,1.55501017e-02,1.08376588e-02,6.44494083e-03,2.64383823e-03,-5.46557538e-04,-3.26233192e-03,-5.65248871e-03,-7.77882959e-03,-9.59216689e-03,-1.09781911e-02,-1.18352432e-02,-1.21470200e-02,-1.19802209e-02,-1.14404691e-02,-1.07121601e-02,-9.99319382e-03,-9.47056484e-03,-9.27668270e-03,-9.47599872e-03,-1.00578959e-02,-1.09008290e-02,-1.18220411e-02,-1.26256606e-02,-1.31470392e-02,-1.32993534e-02,-1.30204494e-02,-1.22709519e-02,-1.10512798e-02,-9.37564784e-03,-7.26893980e-03,-4.76080643e-03,-1.87980016e-03,1.34681324e-03,4.88366817e-03,8.67402375e-03,1.26264384e-02,1.66085636e-02,2.04498561e-02,2.39547118e-02,2.69290962e-02,2.92226182e-02,3.07780291e-02,3.16613445e-02,3.20367694e-02,3.20712632e-02,3.19069769e-02,3.15037393e-02
5.38261625e-02,5.05189037e-02,4.62351198e-02,4.11223103e-02,3.53387904e-02,2.90866241e-02,2.26383710e-02,1.62887400e-02,1.02485110e-02,4.57662982e-03,-7.94736567e-04,-5.97440574e-03,-1.10180246e-02,-1.58775431e-02,-2.03964037e-02,-2.43401573e-02,-2.74595286e-02,-2.95693647e-02,-3.06129251e-02,-3.07759075e-02,-3.00651116e-02,-2.86762965e-02,-2.68128605e-02,-2.46472248e-02,-2.23132051e-02,-1.99081289e-02,-1.75055243e-02,-1.51746596e-02,-1.29983355e-02,-1.10775329e-02,-9.51497540e-03,-8.37907510e-03,-7.66203325e-03,-7.25699092e-03,-6.97842604e-03,-6.61345215e-03,-5.98476117e-03,-5.00373066e-03,-3.67412393e-03,-2.06144079e-03,-2.52301914e-04,1.67976272e-03,3.69673272e-03,5.80348275e-03,8.03852742e-03,1.04521302e-02,1.30814402e-02,1.59350556e-02,1.89930357e-02,2.22187058e-02,2.55730984e-02,2.90238653e-02,3.25453486e-02,3.61114555e-02,3.96857231e-02,4.32129153e-02,4.66144855e-02,4.97877498e-02,5.26070597e-02,5.49251067e-02,5.65708423e-02,5.73273940e-02,5.71287297e-02,5.60372760e-02
-8.05231400e-03,-8.42333132e-03,-9.09399944e-03,-1.02464461e-02,-1.20517954e-02,-1.46137966e-02,-1.79340483e-02,-2.19119987e-02,-2.63752353e-02,-3.11164140e-02,-3.59139579e-02,-4.05364820e-02,-4.47493186e-02,-4.83352291e-02,-5.11222030e-02,-5.30056151e-02,-5.39723391e-02,-5.41903267e-02,-5.36573202e-02,-5.23726180e-02,-5.04962240e-02,-4.81481146e-02,-4.54372226e-02,-4.24684238e-02,-3.93468822e-02,-3.61810886e-02,-3.30837525e-02,-3.01702950e-02,-2.75553064e-02,-2.53472651e-02,-2.36399794e-02,-2.24959465e-02,-2.19155978e-02,-2.17831209e-02,-2.19608796e-02,-2.21925750e-02,-2.22682990e-02,-2.20551988e-02,-2.15249763e-02,-2.07865202e-02,-1.99889527e-02,-1.92567174e-02,-1.86478348e-02,-1.81461313e-02,-1.76864094e-02,-1.71981747e-02,-1.66497051e-02,-1.60691990e-02,-1.55281107e-02,-1.50975653e-02,-1.48028979e-02,-1.46020121e-02,-1.43971081e-02,-1.40618978e-02,-1.34931210e-02,-1.26596146e-02,-1.16181204e-02,-1.04956832e-02,-9.44870704e-03,-8.61367216e-03,-8.06587407e-03,-7.80214317e-03,-7.75142144e-03,-7.84551404e-03
-4.74589771e-02,-4.69933901e-02,-4.63263624e-02,-4.54109860e-02,-4.41867449e-02,-4.26037532e-02,-4.06516684e-02,-3.83757188e-02,-3.58712555e-02,-3.32624996e-02,-3.06778101e-02,-2.82310039e-02,-2.60119263e-02,-2.40851661e-02,-2.24955025e-02,-2.12804888e-02,-2.04885105e-02,-2.01699196e-02,-2.03550268e-02,-2.11883432e-02,-2.26742698e-02,-2.47267683e-02,-2.71417938e-02,-2.96331376e-02,-3.19100072e-02,-3.37566394e-02,-3.50786117e-02,-3.59030225e-02,-3.63429906e-02,-3.65481354e-02,-3.66600685e-02,-3.68012092e-02,-3.71044029e-02,-3.77114683e-02,-3.87697689e-02,-4.03903537e-02,-4.25644824e-02,-4.50949009e-02,-4.76229874e-02,-4.97670995e-02,-5.12768782e-02,-5.21002293e-02,-5.23668814e-02,-5.22719548e-02,-5.18731358e-02,-5.13659914e-02,-5.08377458e-02,-5.03150814e-02,-4.97867894e-02,-4.92296371e-02,-4.86334925e-02,-4.80183209e-02,-4.74367739e-02,-4.69615781e-02,-4.66599722e-02,-4.65520810e-02,-4.66108876e-02,-4.68434109e-02,-4.71540402e-02,-4.74635393e-02,-4.77080285e-02,-4.78439875e-02,-4.78685837e-02,-4.77481959e-02
4.98441192e-02,5.29179550e-02,5.60826142e-02,5.92697472e-02,6.23965478e-02,6.53853654e-02,6.81797331e-02,7.07511716e-02,7.30953878e-02,7.52211670e-02,7.71374547e-02,7.88429997e-02,8.03205668e-02,8.15366120e-02,8.24475381e-02,8.30129739e-02,8.31807826e-02,8.30746428e-02,8.26851717e-02,8.19290895e-02,8.06942368e-02,7.87498986e-02,7.57438145e-02,7.12958615e-02,6.51976316e-02,5.76412255e-02,4.92736493e-02,4.09440507e-02,3.33466429e-02,2.68668104e-02,2.16263937e-02,1.75581921e-02,1.44641617e-02,1.20872015e-02,1.01880522e-02,8.59813173e-03,7.23900260e-03,6.11527804e-03,5.28792124e-03,4.83407818e-03,4.80777783e-03,5.18718814e-03,5.93584528e-03,6.96144696e-03,8.15893419e-03,9.42492698e-03,1.06696296e-02,1.18337263e-02,1.29108069e-02,1.39620860e-02,1.51046132e-02,1.64704623e-02,1.81570930e-02,2.01945060e-02,2.25438842e-02,2.51216500e-02,2.78308601e-02,3.05861420e-02,3.33283015e-02,3.60305780e-02,3.86989216e-02,4.13667447e-02,4.40836531e-02,4.68990387e-02
3.01197606e-02,2.99013672e-02,2.88578946e-02,2.67173509e-02,2.33952531e-02,1.90261289e-02,1.40269366e-02,9.04630865e-03,4.75926784e-03,1.62740250e-03,-2.03145707e-04,-8.33815557e-04,-4.81361926e-04,6.34826735e-04,2.33105641e-03,4.47793177e-03,6.98663761e-03,9.79154960e-03,1.28346259e-02,1.60527251e-02,1.93665965e-02,2.26709754e-02,2.58274467e-02,2.86639007e-02,3.09851577e-02,3.25973551e-02,3.33434891e-02,3.31924799e-02,3.22872162e-02,3.06170815e-02,2.83698086e-02,2.57788174e-02,2.30972819e-02,2.05776762e-02,1.84280944e-02,1.67623466e-02,1.55833726e-02,1.48153137e-02,1.43586122e-02,1.41293987e-02,1.40654165e-02,1.40998448e-02,1.41728668e-02,1.42199999e-02,1.41952752e-02,1.40972165e-02,1.39497291e-02,1.37995520e-02,1.36901817e-02,1.36607404e-02,1.37506422e-02,1.40240436e-02,1.45552398e-02,1.53973612e-02,1.65569558e-02,1.79850424e-02,1.95912679e-02,2.12727182e-02,2.29434489e-02,2.45507278e-02,2.60689712e-02,2.74733173e-02,2.87058985e-02,2.96503342e-02
8.64384761e-04,3.78712572e-04,1.32862872e-04,8.15484341e-05,1.86898266e-04,4.21030941e-04,7.65469631e-04,1.21600397e-03,1.78840892e-03,2.51330516e-03,3.41690885e-03,4.49895539e-03,5.72332227e-03,7.02624345e-03,8.33276964e-03,9.56634549e-03,1.06414892e-02,1.14410229e-02,1.17892023e-02,1.14698963e-02,1.02672073e-02,7.96370177e-03,4.55429895e-03,3.18914925e-04,-4.18948434e-03,-8.32689461e-03,-1.16012155e-02,-1.37891002e-02,-1.49212550e-02,-1.52240718e-02,-1.49279318e-02,-1.43073387e-02,-1.36375565e-02,-1.31499685e-02,-1.29950383e-02,-1.32657342e-02,-1.39707066e-02,-1.49929356e-02,-1.61376297e-02,-1.71784640e-02,-1.78993033e-02,-1.81542283e-02,-1.78406531e-02,-1.68419601e-02,-1.51723867e-02,-1.29124656e-02,-1.01977094e-02,-7.19434637e-03,-4.07538355e-03,-1.00526964e-03,1.86538385e-03,4.39920288e-03,6.47743388e-03,8.00981843e-03,8.95219029e-03,9.31739416e-03,9.17788265e-03,8.62551436e-03,7.72693984e-03,6.57089003e-03,5.25716580e-03,3.90889436e-03,2.66072284e-03,1.62571961e-03
3.72606399e-02,3.71263431e-02,3.68525169e-02,3.63952545e-02,3.57531656e-02,3.49706008e-02,3.41253365e-02,3.32990985e-02,3.25417799e-02,3.18511179e-02,3.11809811e-02,3.04681075e-02,2.96558430e-02,2.87020457e-02,2.75712023e-02,2.62234143e-02,2.46182458e-02,2.27399811e-02,2.06286199e-02,1.83846609e-02,1.61255095e-02,1.39122908e-02,1.17045929e-02,9.39241612e-03,6.90139524e-03,4.31038725e-03,1.88804460e-03,-7.46556100e-06,-1.09627904e-03,-1.29876108e-03,-6.92408926e-04,5.33392574e-04,2.15328592e-03,3.95445521e-03,5.75219284e-03,7.39365023e-03,8.76271883e-03,9.79422464e-03,1.04947338e-02,1.09545950e-02,1.13318622e-02,1.18057185e-02,1.25332218e-02,1.36198658e-02,1.51080588e-02,1.69874557e-02,1.92128969e-02,2.17180914e-02,2.44216445e-02,2.72278270e-02,3.00262406e-02,3.26932330e-02,3.50960689e-02,3.71008774e-02,3.85875584e-02,3.94745211e-02,3.97338610e-02,3.95602618e-02,3.90813456e-02,3.84724319e-02,3.79352305e-02,3.75771922e-02,3.73987370e-02,3.73254742e-02
1.02386265e-03,3.70811884e-03,7.17623526e-03,1.12134214e-02,1.56021944e-02,2.01305065e-02,2.45921903e-02,2.87851154e-02,3.25129451e-02,3.55960510e-02,3.78947604e-02,3.93414994e-02,3.99698290e-02,3.99555903e-02,3.96003468e-02,3.90422151e-02,3.85114641e-02,3.81449114e-02,3.79647259e-02,3.78999243e-02,3.78339203e-02,3.76520934e-02,3.72034019e-02,3.63106957e-02,3.47843891e-02,3.24519033e-02,2.92291080e-02,2.52200599e-02,2.07636671e-02,1.63243001e-02,1.22517014e-02,8.60907170e-03,5.22309788e-03,1.89964978e-03,-1.36038713e-03,-4.28862636e-03,-6.49967772e-03,-7.71134741e-03,-7.91647086e-03,-7.19405318e-03,-5.79092221e-03,-3.98826925e-03,-2.05128110e-03,-2.04975494e-04,1.38642368e-03,2.64372697e-03,3.59011981e-03,4.34224480e-03,5.06534981e-03,5.90630362e-03,6.93639155e-03,8.12260627e-03,9.32928344e-03,1.03411252e-02,1.08997722e-02,1.07592615e-02,9.83163512e-03,8.07185963e-03,5.69900789e-03,3.11965597e-03,8.26260140e-04,-7.37192088e-04,-1.27910295e-03,-6.84463813e-04
-1.93625038e-02,-1.89461576e-02,-1.86528644e-02,-1.84036055e-02,-1.81035269e-02,-1.76580532e-02,-1.69950259e-02,-1.60815663e-02,-1.49310275e-02,-1.35986941e-02,-1.21666434e-02,-1.07219092e-02,-9.33487290e-03,-8.04439190e-03,-6.85270276e-03,-5.72919502e-03,-4.62060055e-03,-3.46543336e-03,-2.20924141e-03,-8.14455149e-04,7.39772409e-04,2.46434109e-03,4.36444507e-03,6.43536912e-03,8.65409581e-03,1.09750365e-02,1.33338322e-02,1.56559018e-02,1.78629906e-02,1.98736714e-02,2.15996499e-02,2.29432773e-02,2.37990389e-02,2.40499697e-02,2.36813738e-02,2.25813971e-02,2.06238340e-02,1.77156338e-02,1.37968994e-02,8.91884342e-03,3.33770337e-03,-2.46784663e-03,-7.92879054e-03,-1.26578220e-02,-1.65733383e-02,-1.98386030e-02,-2.26862841e-02,-2.52438746e-02,-2.74490012e-02,-2.91062740e-02,-3.00471183e-02,-3.03048189e-02,-2.99664216e-02,-2.92204455e-02,-2.83089924e-02,-2.73851859e-02,-2.64977306e-02,-2.56186292e-02,-2.46961461e-02,-2.37048763e-02,-2.26685646e-02,-2.16500166e-02,-2.07240770e-02,-1.99516935e-02
-2.90199647e-02,-2.87880878e-02,-2.86170640e-02,-2.84078398e-02,-2.80175831e-02,-2.72858508e-02,-2.60779607e-02,-2.43135923e-02,-2.19756104e-02,-1.91029281e-02,-1.57755754e-02,-1.20991078e-02,-8.19231858e-03,-4.17943382e-03,-1.86498683e-04,3.65793015e-03,7.22190767e-03,1.03719210e-02,1.29798298e-02,1.49434662e-02,1.62187627e-02,1.68495086e-02,1.69633401e-02,1.67807530e-02,1.64260612e-02,1.60037679e-02,1.55494112e-02,1.50572148e-02,1.45246972e-02,1.39713776e-02,1.34269898e-02,1.29096054e-02,1.24192588e-02,1.19520773e-02,1.15200337e-02,1.11605339e-02,1.09294932e-02,1.08813010e-02,1.10202882e-02,1.13225344e-02,1.16968104e-02,1.20080855e-02,1.21133010e-02,1.19167763e-02,1.13493583e-02,1.03630690e-02,8.91367317e-03,6.92077862e-03,4.26423769e-03,8.23412494e-04,-3.44139956e-03,-8.39370749e-03,-1.36934478e-02,-1.88634565e-02,-2.34255914e-02,-2.70291905e-02,-2.95197881e-02,-3.09384076e-02,-3.14770980e-02,-3.14789561e-02,-3.10411830e-02,-3.04462261e-02,-2.98587651e-02,-2.93718105e-02
2.30777124e-04,-1.39263385e-03,-3.61582362e-03,-6.18941148e-03,-8.75481475e-03,-1.09725471e-02,-1.26306468e-02,-1.36675247e-02,-1.41264695e-02,-1.41429361e-02,-1.37485439e-02,-1.30277366e-02,-1.20345633e-02,-1.08150715e-02,-9.42132652e-03,-7.91946657e-03,-6.39194102e-03,-4.93391214e-03,-3.64100972e-03,-2.58613507e-03,-1.79079873e-03,-1.20728746e-03,-7.29699100e-04,-2.35960057e-04,3.59046500e-04,1.06590274e-03,1.81276025e-03,2.46594959e-03,2.87647329e-03,2.94844085e-03,2.72041198e-03,2.36578155e-03,2.17305155e-03,2.41940402e-03,3.25605807e-03,4.67961670e-03,6.54591563e-03,8.63767142e-03,1.07259049e-02,1.26165393e-02,1.41781409e-02,1.53450653e-02,1.60908304e-02,1.63780184e-02,1.61475674e-02,1.53054242e-02,1.37323607e-02,1.14504250e-02,8.65669576e-03,5.68500563e-03,2.87836010e-03,4.77408385e-04,-1.39503417e-03,-2.68565186e-03,-3.37441707e-03,-3.49292121e-03,-3.09942473e-03,-2.32313266e-03,-1.33152793e-03,-3.00755994e-04,6.04940458e-04,1.23924984e-03,1.46844724e-03,1.16822429e-03
1.89861747e-02,1.93032247e-02,1.98627359e-02,2.06960857e-02,2.17281292e-02,2.27906347e-02,2.36539406e-02,2.40720871e-02,2.38790654e-02,2.30645922e-02,2.16614559e-02,1.99129299e-02,1.81237752e-02,1.65378665e-02,1.52720927e-02,1.43327960e-02,1.36739572e-02,1.32416713e-02,1.29837152e-02,1.28377040e-02,1.27219168e-02,1.25428136e-02,1.22012907e-02,1.16014374e-02,1.06627247e-02,9.33340845e-03,7.61252102e-03,5.57707202e-03,3.39348396e-03,1.28685734e-03,-5.33476357e-04,-1.95304677e-03,-2.99307927e-03,-3.79322858e-03,-4.56575729e-03,-5.54560614e-03,-6.94339190e-03,-8.90282161e-03,-1.14612416e-02,-1.45084406e-02,-1.77608008e-02,-2.07991645e-02,-2.31921486e-02,-2.46429367e-02,-2.51156442e-02,-2.46851807e-02,-2.34032120e-02,-2.14588615e-02,-1.89948909e-02,-1.61145670e-02,-1.29002483e-02,-9.43340634e-03,-5.80549187e-03,-2.11760804e-03,1.52609588e-03,5.02305274e-03,8.27655537e-03,1.11930118e-02,1.36832781e-02,1.56725439e-02,1.71203528e-02,1.80458269e-02,1.85459152e-02,1.87913093e-02
2.66900020e-03,3.37507829e-04,-1.02083645e-03,-1.56342573e-03,-1.51128768e-03,-1.07468517e-03,-4.37692646e-04,2.54894652e-04,8.81217600e-04,1.32305169e-03,1.45545766e-03,1.15924765e-03,3.45504164e-04,-9.90776027e-04,-2.71237548e-03,-4.53173343e-03,-6.07759475e-03,-7.02371312e-03,-7.23744903e-03,-6.72050458e-03,-5.65810825e-03,-4.33898657e-03,-3.08976905e-03,-2.23395249e-03,-2.03712890e-03,-2.66779104e-03,-4.09115523e-03,-6.01195293e-03,-7.92785981e-03,-9.31626821e-03,-9.86158872e-03,-9.50785524e-03,-8.33627481e-03,-6.57722305e-03,-4.45604518e-03,-2.14199852e-03,2.70172506e-04,2.75411511e-03,5.32926101e-03,8.02891123e-03,1.08714277e-02,1.38427177e-02,1.68935602e-02,1.99494678e-02,2.29278091e-02,2.57566505e-02,2.83898431e-02,3.08124733e-02,3.30320391e-02,3.50558462e-02,3.68622343e-02,3.83769640e-02,3.94632239e-02,3.99222243e-02,3.96527791e-02,3.85778000e-02,3.65297307e-02,3.35137630e-02,2.96346392e-02,2.50785834e-02,2.01039803e-02,1.50304107e-02,1.02147821e-02,6.00441906e-03
-6.77812934e-04,-1.49901858e-03,-2.99179464e-03,-5.29864686e-03,-8.37935852e-03,-1.19590021e-02,-1.55983182e-02,-1.88825964e-02,-2.15979266e-02,-2.37755254e-02,-2.56130909e-02,-2.73540018e-02,-2.91801543e-02,-3.11424225e-02,-3.31588286e-02,-3.50850611e-02,-3.68064640e-02,-3.82913817e-02,-3.95916460e-02,-4.08151802e-02,-4.20928074e-02,-4.35374913e-02,-4.51873116e-02,-4.69514553e-02,-4.86073728e-02,-4.98753738e-02,-5.05433190e-02,-5.06429052e-02,-5.00549193e-02,-4.88497258e-02,-4.72019933e-02,-4.52801193e-02,-4.32364133e-02,-4.11977134e-02,-3.92539922e-02,-3.74456513e-02,-3.57543996e-02,-3.41047071e-02,-3.23800870e-02,-3.04532063e-02,-2.82224291e-02,-2.56406318e-02,-2.27241105e-02,-1.95410337e-02,-1.61883743e-02,-1.27682314e-02,-9.37180138e-03,-6.07528530e-03,-2.94770068e-03,-6.59996030e-05,2.47006843e-03,4.53570366e-03,5.99938480e-03,6.75809622e-03,6.77520969e-03,6.17463622e-03,5.09047174e-03,3.77343609e-03,2.47160811e-03,1.37980123e-03,6.03516032e-04,1.43762505e-04,-9.70371303e-05,-2.94705285e-04
-3.67689818e-03,-6.88607216e-04,1.91640873e-03,4.05499173e-03,5.66748098e-03,6.73635399e-03,7.30166521e-03,7.46019421e-03,7.35422823e-03,7.10119800e-03,6.78537437e-03,6.44205724e-03,6.06112279e-03,5.60746815e-03,5.03381791e-03,4.28141748e-03,3.27691524e-03,1.94167044e-03,2.26541227e-04,-1.83159912e-03,-4.06221962e-03,-6.17373705e-03,-7.83844843e-03,-8.80800962e-03,-9.02517830e-03,-8.50903216e-03,-7.39505458e-03,-5.84891562e-03,-4.01202950e-03,-1.99042622e-03,1.32676622e-04,2.27165398e-03,4.31471622e-03,6.11107038e-03,7.47102709e-03,8.17770502e-03,8.01180991e-03,6.85244539e-03,4.53906593e-03,1.07865411e-03,-3.38907942e-03,-8.60110481e-03,-1.42349627e-02,-1.99615506e-02,-2.54778751e-02,-3.05088261e-02,-3.48062329e-02,-3.81722910e-02,-4.04966899e-02,-4.17804027e-02,-4.21806661e-02,-4.18494852e-02,-4.07557859e-02,-3.90726216e-02,-3.69069309e-02,-3.43418749e-02,-3.14462643e-02,-2.82798081e-02,-2.48984663e-02,-2.13595538e-02,-1.77252800e-02,-1.40639352e-02,-1.04492425e-02,-6.95939229e-03
1.27851035e-02,1.68853526e-02,2.06622480e-02,2.40205679e-02,2.68491972e-02,2.90270214e-02,3.04382384e-02,3.09908995e-02,3.07476254e-02,2.98035229e-02,2.82075875e-02,2.61522120e-02,2.38422290e-02,2.14517179e-02,1.91047655e-02,1.68769109e-02,1.48124526e-02,1.29463508e-02,1.13213303e-02,9.99552441e-03,9.03608462e-03,8.49711165e-03,8.39368383e-03,8.65522527e-03,9.20845848e-03,9.93565796e-03,1.07126126e-02,1.14232848e-02,1.19638482e-02,1.22544421e-02,1.22582142e-02,1.20443038e-02,1.16946188e-02,1.13567099e-02,1.11470940e-02,1.11021904e-02,1.11517429e-02,1.11799317e-02,1.10396252e-02,1.06033424e-02,9.77689878e-03,8.52089855e-03,6.82648150e-03,4.67270332e-03,1.99760087e-03,-1.27993747e-03,-5.17663551e-03,-9.54713097e-03,-1.40534427e-02,-1.82419425e-02,-2.16851545e-02,-2.40961041e-02,-2.53648123e-02,-2.56243842e-02,-2.48695102e-02,-2.31846794e-02,-2.06931158e-02,-1.75153701e-02,-1.37811777e-02,-9.63068731e-03,-5.20673237e-03,-6.43800519e-04,3.93962299e-03,8.44386348e-03
-1.06948134e-03,-2.56623934e-03,-3.49438999e-03,-3.77040359e-03,-3.42682317e-03,-2.57621298e-03,-1.35112901e-03,1.49725924e-04,1.87447001e-03,3.80543455e-03,5.93298355e-03,8.22985555e-03,1.06333293e-02,1.30370314e-02,1.52920006e-02,1.72174855e-02,1.86249132e-02,1.93591453e-02,1.93407445e-02,1.87490853e-02,1.77268498e-02,1.66451585e-02,1.58887629e-02,1.57522153e-02,1.62662915e-02,1.74556465e-02,1.91998237e-02,2.13179305e-02,2.36152868e-02,2.58928575e-02,2.79398230e-02,2.95191087e-02,3.03558530e-02,3.01612106e-02,2.88871760e-02,2.62871520e-02,2.24752588e-02,1.78245761e-02,1.28529466e-02,8.03268960e-03,3.65062775e-03,-1.96989142e-04,-3.51454826e-03,-6.31168591e-03,-8.55804579e-03,-1.01880204e-02,-1.11306338e-02,-1.13807757e-02,-1.09317257e-02,-9.83278553e-03,-8.19707103e-03,-6.16496907e-03,-3.89321566e-03,-1.54753083e-03,7.03878057e-04,2.69986541e-03,4.30452776e-03,5.41881544e-03,5.98145700e-03,5.95683586e-03,5.37136847e-03,4.22570334e-03,2.62375364e-03,7.63468481e-04
4.78410113e-02,4.93084927e-02,5.04161249e-02,5.11999886e-02,5.17343736e-02,5.21108117e-02,5.24136147e-02,5.27010378e-02,5.29938562e-02,5.32652846e-02,5.34328209e-02,5.33722899e-02,5.30204983e-02,5.22288149e-02,5.09311556e-02,4.91482364e-02,4.69784819e-02,4.45503494e-02,4.19560359e-02,3.92140080e-02,3.62910887e-02,3.31683886e-02,2.99028458e-02,2.66395746e-02,2.35701195e-02,2.08784052e-02,1.87152868e-02,1.71973904e-02,1.64027829e-02,1.63753974e-02,1.69676175e-02,1.81663935e-02,1.98322651e-02,2.18330789e-02,2.40597226e-02,2.64262970e-02,2.88616667e-02,3.12992795e-02,3.36709535e-02,3.59051959e-02,3.79265485e-02,3.96521591e-02,4.09854099e-02,4.18092046e-02,4.19284663e-02,4.14531213e-02,4.02152391e-02,3.82535983e-02,3.57969532e-02,3.32037543e-02,3.08707172e-02,2.91185807e-02,2.81211627e-02,2.79314186e-02,2.83366895e-02,2.93108147e-02,3.07489484e-02,3.25409254e-02,3.46029711e-02,3.68605968e-02,3.92322701e-02,4.16220902e-02,4.39226489e-02,4.60262136e-02
1.74955046e-02,1.38580340e-02,9.80776152e-03,5.80634044e-03,2.27044659e-03,-5.27033680e-04,-2.49818631e-03,-3.71805699e-03,-4.34570261e-03,-4.55029621e-03,-4.46239013e-03,-4.16806091e-03,-3.73185755e-03,-3.19496316e-03,-2.56225055e-03,-1.78280940e-03,-7.50511490e-04,6.61120812e-04,2.54400170e-03,4.91439088e-03,7.70519238e-03,1.07834334e-02,1.39762931e-02,1.70948321e-02,1.99553785e-02,2.24045253e-02,2.43509520e-02,2.57957701e-02,2.68394827e-02,2.76449636e-02,2.83678839e-02,2.90995740e-02,2.98484465e-02,3.05611014e-02,3.11726922e-02,3.16573958e-02,3.20474864e-02,3.24105447e-02,3.28075693e-02,3.32589404e-02,3.37255200e-02,3.41103327e-02,3.42757961e-02,3.41261679e-02,3.35907804e-02,3.26020932e-02,3.11858431e-02,2.94196734e-02,2.73970619e-02,2.52063886e-02,2.29467088e-02,2.07680675e-02,1.88903358e-02,1.75613518e-02,1.69689255e-02,1.71440725e-02,1.79439459e-02,1.92103327e-02,2.06525848e-02,2.19572823e-02,2.28110350e-02,2.28829066e-02,2.21356561e-02,2.03310033e-02
3.27014380e-02,2.73898611e-02,2.16519251e-02,1.57951359e-02,1.01614577e-02,5.12582281e-03,1.04521076e-03,-1.82597266e-03,-3.39847039e-03,-3.77700934e-03,-3.12961626e-03,-1.67952111e-03,3.58125116e-04,2.81630173e-03,5.58295809e-03,8.58523411e-03,1.17664115e-02,1.50686180e-02,1.84271239e-02,2.17756994e-02,2.50575277e-02,2.82341417e-02,3.12857073e-02,3.42003103e-02,3.69570470e-02,3.95136758e-02,4.18096706e-02,4.37881223e-02,4.54272303e-02,4.67605237e-02,4.78659809e-02,4.88250866e-02,4.96756022e-02,5.03813818e-02,5.08310352e-02,5.08215258e-02,5.03835053e-02,4.93254313e-02,4.76477737e-02,4.54961750e-02,4.31392638e-02,4.09078893e-02,3.91094947e-02,3.79549324e-02,3.75305113e-02,3.76857826e-02,3.82546528e-02,3.90970439e-02,3.99979015e-02,4.07978102e-02,4.14250626e-02,4.18950810e-02,4.22848333e-02,4.26906486e-02,4.31917121e-02,4.38217090e-02,4.45446694e-02,4.52443709e-02,4.57279224e-02,4.56917359e-02,4.50769637e-02,4.35536031e-02,4.09661790e-02,3.73047265e-02
2.25401142e-02,2.31484740e-02,2.38438279e-02,2.45892466e-02,2.53902373e-02,2.63031512e-02,2.74035905e-02,2.87398030e-02,3.03020190e-02,3.20268995e-02,3.38318592e-02,3.56551161e-02,3.74778635e-02,3.93197171e-02,4.12149795e-02,4.31854710e-02,4.52240921e-02,4.72963100e-02,4.93572810e-02,5.13726298e-02,5.33266234e-02,5.52082000e-02,5.69799283e-02,5.85451707e-02,5.97224016e-02,6.01795836e-02,5.97959118e-02,5.83125238e-02,5.52725153e-02,5.04073370e-02,4.37213319e-02,3.56682661e-02,2.71677825e-02,1.92665287e-02,1.26636638e-02,7.53605139e-03,3.70666864e-03,8.83967454e-04,-1.19180199e-03,-2.69553658e-03,-3.71709382e-03,-4.28381828e-03,-4.40726053e-03,-4.08454218e-03,-3.34658345e-03,-2.25895382e-03,-9.08198070e-04,6.15334929e-04,2.23371938e-03,3.89443459e-03,5.57521863e-03,7.28073158e-03,9.02992287e-03,1.08370275e-02,1.26925276e-02,1.45510160e-02,1.63310830e-02,1.79295920e-02,1.92493548e-02,2.02342434e-02,2.08988512e-02,2.13344862e-02,2.16776244e-02,2.20540121e-02
-7.85800072e-03,-8.75915779e-03,-9.11745130e-03,-9.04099126e-03,-8.61640603e-03,-7.96898321e-03,-7.21198964e-03,-6.43350319e-03,-5.68224114e-03,-4.96214957e-03,-4.24050667e-03,-3.46689463e-03,-2.59381599e-03,-1.59085397e-03,-4.52478844e-04,7.95481993e-04,2.08993378e-03,3.33276531e-03,4.40416758e-03,5.18523756e-03,5.58244620e-03,5.54738086e-03,5.11444444e-03,4.33930356e-03,3.34231949e-03,2.24715190e-03,1.14511542e-03,8.01387895e-05,-9.36666286e-04,-1.89655677e-03,-2.77148972e-03,-3.51543547e-03,-4.08139844e-03,-4.43613669e-03,-4.56622479e-03,-4.46972066e-03,-4.14265468e-03,-3.58318820e-03,-2.77991851e-03,-1.71150363e-03,-3.54707654e-04,1.29973080e-03,3.22984571e-03,5.37411526e-03,7.63494169e-03,9.89324442e-03,1.20281012e-02,1.39351933e-02,1.55393732e-02,1.67980380e-02,1.76931327e-02,1.82124674e-02,1.83222295e-02,1.80242123e-02,1.72274087e-02,1.58613494e-02,1.38953036e-02,1.13519701e-02,8.32845525e-03,5.00669764e-03,1.63738379e-03,-1.51175310e-03,-4.21837142e-03,-6.34979199e-03
2.33654511e-02,2.20483686e-02,1.97425355e-02,1.67536819e-02,1.36839982e-02,1.12100913e-02,9.79008759e-03,9.52869750e-03,1.01423371e-02,1.13206671e-02,1.26448151e-02,1.37327803e-02,1.43140658e-02,1.42737484e-02,1.37420476e-02,1.28690990e-02,1.19161875e-02,1.10576928e-02,1.03084464e-02,9.54189436e-03,8.57782662e-03,7.28925491e-03,5.68901356e-03,3.94195250e-03,2.27384056e-03,8.32810674e-04,-3.95675944e-04,-1.57163738e-03,-2.90507363e-03,-4.54357073e-03,-6.49208208e-03,-8.60240214e-03,-1.06391575e-02,-1.23807244e-02,-1.36934896e-02,-1.45483400e-02,-1.49916533e-02,-1.51127864e-02,-1.49698572e-02,-1.45864176e-02,-1.39508961e-02,-1.30153900e-02,-1.17257757e-02,-1.00553255e-02,-8.02741947e-03,-5.71801053e-03,-3.24019801e-03,-7.20806331e-04,1.72128940e-03,3.99102996e-03,6.02892835e-03,7.81716983e-03,9.38241502e-03,1.07896752e-02,1.21243588e-02,1.34673274e-02,1.48735249e-02,1.63620119e-02,1.79170122e-02,1.94923485e-02,2.10104129e-02,2.23523832e-02,2.33445835e-02,2.37483527e-02
-1.47901281e-02,-1.40287114e-02,-1.34467758e-02,-1.29884581e-02,-1.25626032e-02,-1.20960549e-02,-1.15746774e-02,-1.10464442e-02,-1.05898027e-02,-1.02734018e-02,-1.01294668e-02,-1.01383808e-02,-1.02742829e-02,-1.04819619e-02,-1.07105356e-02,-1.09197842e-02,-1.10841716e-02,-1.11919145e-02,-1.12388032e-02,-1.12224283e-02,-1.11187300e-02,-1.08978063e-02,-1.05237611e-02,-9.96638606e-03,-9.21229416e-03,-8.27570707e-03,-7.20616288e-03,-6.08663217e-03,-5.01841913e-03,-4.09833413e-03,-3.39998391e-03,-2.96774305e-03,-2.81797076e-03,-2.94767406e-03,-3.33154855e-03,-3.90850994e-03,-4.58636539e-03,-5.26374721e-03,-5.86961196e-03,-6.39828269e-03,-6.91608971e-03,-7.53385206e-03,-8.35714604e-03,-9.43758723e-03,-1.07505751e-02,-1.22053248e-02,-1.36746971e-02,-1.50307550e-02,-1.61770446e-02,-1.70683712e-02,-1.77109536e-02,-1.81467065e-02,-1.84336228e-02,-1.86306069e-02,-1.87867917e-02,-1.89313949e-02,-1.90610295e-02,-1.91341087e-02,-1.91004969e-02,-1.88656209e-02,-1.83765107e-02,-1.76333788e-02,-1.67051433e-02,-1.57132263e-02
1.66664716e-02,1.67590971e-02,1.61488645e-02,1.46623627e-02,1.23305601e-02,9.42543239e-03,6.42880980e-03,3.86644399e-03,2.10476150e-03,1.26171745e-03,1.25426024e-03,1.88673601e-03,2.94991283e-03,4.23751062e-03,5.56654625e-03,6.77349244e-03,7.71519637e-03,8.27913674e-03,8.39318179e-03,8.05751382e-03,7.23876638e-03,5.89613143e-03,3.95046721e-03,1.30933823e-03,-2.05463313e-03,-6.01742288e-03,-1.02916664e-02,-1.44982624e-02,-1.82820275e-02,-2.13962227e-02,-2.37262711e-02,-2.52722222e-02,-2.61184716e-02,-2.64137920e-02,-2.63401977e-02,-2.60160497e-02,-2.56276397e-02,-2.53263732e-02,-2.52046513e-02,-2.52811416e-02,-2.55367140e-02,-2.58206765e-02,-2.59604349e-02,-2.58340890e-02,-2.52713654e-02,-2.42290479e-02,-2.27083337e-02,-2.07462242e-02,-1.84054674e-02,-1.57711314e-02,-1.29469778e-02,-1.00462325e-02,-7.17634416e-03,-4.42098894e-03,-1.82500525e-03,6.10679291e-04,2.91909540e-03,5.14242225e-03,7.30516503e-03,9.39850792e-03,1.13802927e-02,1.31852834e-02,1.47345964e-02,1.59349392e-02
-2.13134759e-02,-2.14140527e-02,-2.15986654e-02,-2.17833444e-02,-2.18455066e-02,-2.16274188e-02,-2.09364927e-02,-1.96606354e-02,-1.77612686e-02,-1.52693556e-02,-1.22645248e-02,-8.85439612e-03,-5.16133250e-03,-1.31529686e-03,2.55115535e-03,6.30805184e-03,9.83722384e-03,1.30332794e-02,1.58018049e-02,1.80557650e-02,1.97162004e-02,2.07219793e-02,2.10447028e-02,2.07844700e-02,2.00165911e-02,1.88309225e-02,1.73439897e-02,1.56306854e-02,1.37343833e-02,1.17009932e-02,9.60102114e-03,7.51691265e-03,5.50562788e-03,3.56837097e-03,1.64742017e-03,-3.56007533e-04,-2.55913815e-03,-5.07976173e-03,-8.03395745e-03,-1.15510734e-02,-1.57890601e-02,-2.09066873e-02,-2.69429804e-02,-3.36259478e-02,-4.02821461e-02,-4.60347505e-02,-5.01833579e-02,-5.24592602e-02,-5.31256062e-02,-5.24585211e-02,-5.04522986e-02,-4.75770066e-02,-4.41510219e-02,-4.04438396e-02,-3.66929585e-02,-3.31099032e-02,-2.98785588e-02,-2.71437213e-02,-2.49922554e-02,-2.34359563e-02,-2.24099803e-02,-2.17966173e-02,-2.14686090e-02,-2.13292500e-02
2.12097107e-02,1.94685867e-02,1.74573337e-02,1.53383961e-02,1.32581867e-02,1.12729910e-02,9.34670497e-03,7.41609932e-03,5.46877312e-03,3.57682874e-03,1.86689959e-03,4.57932563e-04,-5.82886450e-04,-1.24472141e-03,-1.55297479e-03,-1.55329218e-03,-1.28507263e-03,-7.91191112e-04,-1.07661615e-04,7.37799640e-04,1.72161769e-03,2.81322767e-03,3.96304595e-03,5.09978248e-03,6.14347116e-03,7.03273498e-03,7.75466844e-03,8.35768313e-03,8.93185265e-03,9.56424699e-03,1.02972193e-02,1.11117471e-02,1.19417868e-02,1.27087963e-02,1.33577940e-02,1.38789676e-02,1.43058221e-02,1.46924879e-02,1.50868495e-02,1.55185413e-02,1.60087443e-02,1.65933316e-02,1.73387631e-02,1.83337627e-02,1.96578251e-02,2.13440078e-02,2.33572064e-02,2.55962326e-02,2.79111686e-02,3.01226438e-02,3.20373313e-02,3.34643939e-02,3.42429545e-02,3.42463984e-02,3.36620160e-02,3.24622334e-02,3.08755592e-02,2.91840600e-02,2.76314025e-02,2.63530444e-02,2.53494208e-02,2.45065590e-02,2.36479412e-02,2.25926635e-02
1.42951275e-02,1.30474038e-02,1.24205559e-02,1.25656128e-02,1.33942425e-02,1.47884222e-02,1.65170163e-02,1.83597455e-02,2.01351736e-02,2.17064940e-02,2.29781102e-02,2.38907813e-02,2.44172759e-02,2.45524057e-02,2.43786513e-02,2.39204285e-02,2.32234037e-02,2.23396866e-02,2.12887323e-02,2.00472015e-02,1.85520811e-02,1.67211142e-02,1.44964371e-02,1.19076389e-02,9.12475691e-03,6.45205516e-03,4.24266519e-03,2.78415780e-03,2.23035641e-03,2.59547942e-03,3.79272918e-03,5.68220010e-03,8.07524680e-03,1.07577573e-02,1.34976061e-02,1.60535360e-02,1.81895501e-02,1.96995300e-02,2.04442640e-02,2.03889503e-02,1.97243056e-02,1.85740837e-02,1.72394236e-02,1.60082374e-02,1.50834999e-02,1.45562114e-02,1.44242709e-02,1.45940680e-02,1.49998924e-02,1.55620105e-02,1.62031852e-02,1.68631699e-02,1.74992477e-02,1.80860435e-02,1.86113451e-02,1.90672409e-02,1.94402393e-02,1.97035762e-02,1.98096438e-02,1.97003288e-02,1.93025850e-02,1.85240970e-02,1.73389809e-02,1.58443819e-02
1.06933869e-02,1.23566295e-02,1.35561613e-02,1.43039862e-02,1.46986988e-02,1.48985486e-02,1.50765087e-02,1.53839630e-02,1.59514776e-02,1.68740737e-02,1.81947596e-02,1.98932877e-02,2.18812512e-02,2.40031999e-02,2.60394973e-02,2.77102473e-02,2.86870880e-02,2.86005082e-02,2.74683061e-02,2.51017940e-02,2.17759611e-02,1.80171674e-02,1.43734030e-02,1.11784902e-02,8.47369944e-03,6.09987068e-03,3.84786462e-03,1.56691189e-03,-8.03548490e-04,-3.25772975e-03,-5.75484832e-03,-8.22423911e-03,-1.05576210e-02,-1.26189153e-02,-1.42770115e-02,-1.54386275e-02,-1.60617583e-02,-1.61907144e-02,-1.58353093e-02,-1.50669328e-02,-1.39967660e-02,-1.27606902e-02,-1.15081389e-02,-1.03818614e-02,-9.49287996e-03,-8.89681220e-03,-8.58083646e-03,-8.47114028e-03,-8.46361202e-03,-8.45841028e-03,-8.37657378e-03,-8.17417922e-03,-7.83955094e-03,-7.37662827e-03,-6.78503745e-03,-6.04343563e-03,-5.10411139e-03,-3.90426711e-03,-2.39095352e-03,-5.47822896e-04,1.58842210e-03,3.92587589e-03,6.32978101e-03,8.63971687e-03
-3.82779548e-02,-3.86072728e-02,-3.90497896e-02,-3.96229966e-02,-4.03237656e-02,-4.10876692e-02,-4.17811646e-02,-4.22391746e-02,-4.23727304e-02,-4.20932066e-02,-4.12808878e-02,-3.99573440e-02,-3.81556510e-02,-3.59244056e-02,-3.33284209e-02,-3.04521054e-02,-2.74000439e-02,-2.42916869e-02,-2.12520411e-02,-1.84033796e-02,-1.58630411e-02,-1.37489286e-02,-1.21878976e-02,-1.13144152e-02,-1.11793426e-02,-1.18577712e-02,-1.32371451e-02,-1.50505764e-02,-1.69354147e-02,-1.85368057e-02,-1.95978752e-02,-2.00178245e-02,-1.98463322e-02,-1.90952316e-02,-1.79467590e-02,-1.66088464e-02,-1.53064051e-02,-1.42663776e-02,-1.37013449e-02,-1.36986767e-02,-1.44136453e-02,-1.58199972e-02,-1.78034959e-02,-2.01723558e-02,-2.27124817e-02,-2.52560189e-02,-2.77235960e-02,-3.01134471e-02,-3.24474578e-02,-3.47123137e-02,-3.68344292e-02,-3.86997845e-02,-4.01947069e-02,-4.12365522e-02,-4.17911005e-02,-4.19229835e-02,-4.16416336e-02,-4.10043428e-02,-4.01771616e-02,-3.93403441e-02,-3.86544616e-02,-3.82196873e-02,-3.80500356e-02,-3.80687918e-02
3.58449824e-02,3.29402846e-02,3.07716975e-02,2.93826239e-02,2.86820751e-02,2.85758355e-02,2.88805613e-02,2.96142400e-02,3.07385235e-02,3.21872531e-02,3.38664652e-02,3.56492755e-02,3.73841108e-02,3.89079225e-02,4.00566099e-02,4.06696200e-02,4.05939562e-02,3.98813359e-02,3.83622499e-02,3.60860061e-02,3.32380523e-02,3.00835566e-02,2.68628911e-02,2.37077199e-02,2.06496444e-02,1.77071137e-02,1.49727685e-02,1.26308786e-02,1.08916909e-02,9.89816176e-03,9.68040981e-03,1.01150379e-02,1.11047736e-02,1.25111174e-02,1.41931319e-02,1.60171753e-02,1.78486756e-02,1.95546977e-02,2.10247213e-02,2.22058424e-02,2.31337881e-02,2.39316076e-02,2.47644103e-02,2.57795065e-02,2.70612850e-02,2.86118145e-02,3.03635136e-02,3.22120657e-02,3.40509307e-02,3.57969177e-02,3.74047071e-02,3.88714481e-02,4.02320678e-02,4.15446220e-02,4.28656587e-02,4.42182980e-02,4.55589684e-02,4.67529041e-02,4.75705673e-02,4.76125022e-02,4.69338066e-02,4.52127935e-02,4.25116016e-02,3.92043185e-02
-9.82513146e-03,-9.88623593e-03,-9.61014015e-03,-9.18718904e-03,-8.87212691e-03,-8.89545517e-03,-9.52305181e-03,-1.09088259e-02,-1.30548198e-02,-1.57492293e-02,-1.85870713e-02,-2.10995074e-02,-2.29233788e-02,-2.39030587e-02,-2.41366468e-02,-2.37265952e-02,-2.28888019e-02,-2.18864297e-02,-2.09787076e-02,-2.04196819e-02,-2.03583879e-02,-2.10356464e-02,-2.25582432e-02,-2.48737426e-02,-2.77373756e-02,-3.07441539e-02,-3.34376379e-02,-3.54385852e-02,-3.65336264e-02,-3.67825972e-02,-3.61582575e-02,-3.47233013e-02,-3.26668378e-02,-3.01803619e-02,-2.74597693e-02,-2.46998610e-02,-2.20795596e-02,-1.97392100e-02,-1.77557783e-02,-1.61260834e-02,-1.47696637e-02,-1.35569295e-02,-1.23560782e-02,-1.10823408e-02,-9.72823094e-03,-8.36057658e-03,-7.08870816e-03,-6.01955355e-03,-5.21618081e-03,-4.67418246e-03,-4.32649791e-03,-4.07618289e-03,-3.84000250e-03,-3.58208261e-03,-3.32540805e-03,-3.14349795e-03,-3.13189666e-03,-3.39480649e-03,-3.99644942e-03,-4.93067866e-03,-6.10665082e-03,-7.36413356e-03,-8.51097136e-03,-9.36983398e-03
1.32682850e-02,1.55894497e-02,1.79853975e-02,2.04434972e-02,2.29417045e-02,2.54587063e-02,2.79879732e-02,3.05467347e-02,3.31752898e-02,3.59276093e-02,3.88574845e-02,4.20049766e-02,4.53868127e-02,4.89926062e-02,5.27867882e-02,5.67144922e-02,6.07089204e-02,6.46979855e-02,6.86088758e-02,7.23701985e-02,7.59122898e-02,7.91669614e-02,8.20681579e-02,8.45544576e-02,8.65729518e-02,8.80821039e-02,8.90499777e-02,8.93930758e-02,8.92560393e-02,8.86619801e-02,8.74954934e-02,8.57762627e-02,8.35987585e-02,8.11084619e-02,7.84644408e-02,7.57782056e-02,7.30553485e-02,7.01696472e-02,6.68780904e-02,6.28695390e-02,5.78469904e-02,5.16467408e-02,4.43682254e-02,3.64426971e-02,2.85600679e-02,2.14494372e-02,1.56281128e-02,1.12684505e-02,8.23443928e-03,6.21959447e-03,4.88649667e-03,3.95364177e-03,3.22765088e-03,2.60506020e-03,2.06675407e-03,1.66934571e-03,1.52222463e-03,1.74203252e-03,2.40580611e-03,3.52454635e-03,5.04061565e-03,6.85778637e-03,8.87752316e-03,1.10269519e-02
-1.95750230e-02,-1.95128602e-02,-1.91493169e-02,-1.86660847e-02,-1.82060776e-02,-1.78741001e-02,-1.77239861e-02,-1.77320708e-02,-1.78567284e-02,-1.79674732e-02,-1.79567116e-02,-1.76974447e-02,-1.71412802e-02,-1.63170345e-02,-1.53204239e-02,-1.42772528e-02,-1.32950158e-02,-1.24212647e-02,-1.16287774e-02,-1.08357560e-02,-9.95030278e-03,-8.91610037e-03,-7.73531962e-03,-6.46178792e-03,-5.17631422e-03,-3.96020477e-03,-2.87731546e-03,-1.96646774e-03,-1.23872366e-03,-6.72782811e-04,-2.09311090e-04,2.45118391e-04,7.94273152e-04,1.51309543e-03,2.41546007e-03,3.44605073e-03,4.49633690e-03,5.42893986e-03,6.09376931e-03,6.33216485e-03,6.00492859e-03,5.01184468e-03,3.35824549e-03,1.25557154e-03,-8.95111953e-04,-2.62525902e-03,-3.58702883e-03,-3.68889122e-03,-2.99150850e-03,-1.73579066e-03,-2.33261662e-04,1.18674839e-03,2.21035977e-03,2.56668679e-03,2.06955127e-03,6.37200967e-04,-1.67051802e-03,-4.63168455e-03,-7.92766722e-03,-1.12113010e-02,-1.41667657e-02,-1.65528274e-02,-1.82371576e-02,-1.92105659e-02
-2.29329001e-02,-2.50795250e-02,-2.76076420e-02,-3.03344878e-02,-3.30478281e-02,-3.55538718e-02,-3.77018482e-02,-3.93879639e-02,-4.05570711e-02,-4.12130086e-02,-4.14391492e-02,-4.13767517e-02,-4.10894523e-02,-4.07526981e-02,-4.04684565e-02,-4.02653521e-02,-4.01083626e-02,-3.99268544e-02,-3.96482319e-02,-3.92535180e-02,-3.88048965e-02,-3.84164523e-02,-3.81906525e-02,-3.81426447e-02,-3.82623917e-02,-3.84354620e-02,-3.85265793e-02,-3.84666631e-02,-3.81496587e-02,-3.75959951e-02,-3.68656957e-02,-3.60377247e-02,-3.51818106e-02,-3.43424809e-02,-3.35379016e-02,-3.27692586e-02,-3.20326739e-02,-3.13273145e-02,-3.06580015e-02,-3.00335490e-02,-2.94618768e-02,-2.89429089e-02,-2.84625055e-02,-2.79922097e-02,-2.74975078e-02,-2.69529650e-02,-2.63571695e-02,-2.57365795e-02,-2.51315646e-02,-2.45699163e-02,-2.40445707e-02,-2.35121688e-02,-2.29163556e-02,-2.22253403e-02,-2.14594644e-02,-2.06873461e-02,-1.99954896e-02,-1.94551738e-02,-1.91083842e-02,-1.89702557e-02,-1.90431197e-02,-1.94013707e-02,-2.01161389e-02,-2.12739877e-02
-1.09947277e-02,-9.64067460e-03,-8.21286097e-03,-6.76098614e-03,-5.38283193e-03,-4.20605680e-03,-3.35465828e-03,-2.91232665e-03,-2.88188211e-03,-3.21281903e-03,-3.79051983e-03,-4.49319540e-03,-5.23096162e-03,-5.96454843e-03,-6.69732058e-03,-7.45043185e-03,-8.24132343e-03,-9.08562347e-03,-1.00262345e-02,-1.11693250e-02,-1.26962709e-02,-1.48271266e-02,-1.77312473e-02,-2.14200659e-02,-2.56990682e-02,-3.02375172e-02,-3.47064211e-02,-3.88645359e-02,-4.25459954e-02,-4.56089540e-02,-4.79143519e-02,-4.93479675e-02,-4.99007415e-02,-4.97731347e-02,-4.87459107e-02,-4.70293866e-02,-4.47765833e-02,-4.21564230e-02,-3.93523781e-02,-3.65632278e-02,-3.39945661e-02,-3.18347280e-02,-3.02165480e-02,-2.91770762e-02,-2.86374054e-02,-2.84226111e-02,-2.83261333e-02,-2.81515003e-02,-2.77289619e-02,-2.69922248e-02,-2.59715692e-02,-2.47635629e-02,-2.34908831e-02,-2.22646769e-02,-2.11571022e-02,-2.01878923e-02,-1.93266931e-02,-1.85100524e-02,-1.76675927e-02,-1.67481923e-02,-1.57345558e-02,-1.46384249e-02,-1.34805140e-02,-1.22694191e-02
-1.52381281e-02,-1.40156135e-02,-1.25791160e-02,-1.09529149e-02,-9.17976573e-03,-7.32195123e-03,-5.45599063e-03,-3.66490966e-03,-2.03012534e-03,-6.20771974e-04,5.23171708e-04,1.41257687e-03,2.12517223e-03,2.79991239e-03,3.60698598e-03,4.70524258e-03,6.20479380e-03,8.14722346e-03,1.05068378e-02,1.32070180e-02,1.61428093e-02,1.92030383e-02,2.22880527e-02,2.53203932e-02,2.82464913e-02,3.10301884e-02,3.36432275e-02,3.60601186e-02,3.82615406e-02,4.02429743e-02,4.20192317e-02,4.36168802e-02,4.50555014e-02,4.63279776e-02,4.73920678e-02,4.81798563e-02,4.86232178e-02,4.86518381e-02,4.83860289e-02,4.77517573e-02,4.67717570e-02,4.54770580e-02,4.38838068e-02,4.19908952e-02,3.97795532e-02,3.72125947e-02,3.42359872e-02,3.07858819e-02,2.67993836e-02,2.22261550e-02,1.70503010e-02,1.13442389e-02,5.34796539e-03,-5.06117862e-04,-5.70998806e-03,-9.91449861e-03,-1.30380518e-02,-1.51939849e-02,-1.65629464e-02,-1.73084569e-02,-1.75665222e-02,-1.74437718e-02,-1.69787218e-02,-1.62320006e-02
2.30197057e-02,2.21716099e-02,2.11869082e-02,1.98022467e-02,1.78066232e-02,1.51420642e-02,1.19439540e-02,8.48821649e-03,5.08205457e-03,1.97250960e-03,-6.90061325e-04,-2.85525680e-03,-4.57743469e-03,-6.01254689e-03,-7.39679447e-03,-9.00426317e-03,-1.10904933e-02,-1.38320264e-02,-1.72748501e-02,-2.13018326e-02,-2.56314363e-02,-2.98654168e-02,-3.35907985e-02,-3.65000547e-02,-3.84646273e-02,-3.95311487e-02,-3.98853421e-02,-3.97516542e-02,-3.91911149e-02,-3.84019630e-02,-3.75139593e-02,-3.66306240e-02,-3.58368645e-02,-3.51883260e-02,-3.46914758e-02,-3.42927089e-02,-3.38864010e-02,-3.33338159e-02,-3.25001651e-02,-3.12988259e-02,-2.97074746e-02,-2.77549159e-02,-2.54936441e-02,-2.29729797e-02,-2.02227713e-02,-1.72513747e-02,-1.40553761e-02,-1.06341110e-02,-7.00148393e-03,-3.19102601e-03,7.45194919e-04,4.73961846e-03,8.71359235e-03,1.25781736e-02,1.62315371e-02,1.95550253e-02,2.24109585e-02,2.46487692e-02,2.61279054e-02,2.67638399e-02,2.66354027e-02,2.59739709e-02,2.49761987e-02,2.39385552e-02
7.75683190e-03,9.76341768e-03,1.19616751e-02,1.43204654e-02,1.67969616e-02,1.93079647e-02,2.17133156e-02,2.38152512e-02,2.53758344e-02,2.61528601e-02,2.59780415e-02,2.49258953e-02,2.30119679e-02,2.05796052e-02,1.81064055e-02,1.60426648e-02,1.46725438e-02,1.40759584e-02,1.41757629e-02,1.47992532e-02,1.58433117e-02,1.71626771e-02,1.86400919e-02,2.01853912e-02,2.17323267e-02,2.32325143e-02,2.46466750e-02,2.59374774e-02,2.70690012e-02,2.80132492e-02,2.87578279e-02,2.93073651e-02,2.96772487e-02,2.98857826e-02,2.99498328e-02,2.99084606e-02,2.97809821e-02,2.95765069e-02,2.92936175e-02,2.89057751e-02,2.83732948e-02,2.76673507e-02,2.67927638e-02,2.57940622e-02,2.47382567e-02,2.36858450e-02,2.26716995e-02,2.17071044e-02,2.07930613e-02,1.99249612e-02,1.90786904e-02,1.81887527e-02,1.71413854e-02,1.57983666e-02,1.40524876e-02,1.19000718e-02,9.49347885e-03,7.12861931e-03,5.15493495e-03,3.85420868e-03,3.35995784e-03,3.64379875e-03,4.57394450e-03,5.99424731e-03
1.87163197e-02,1.88087679e-02,1.85252171e-02,1.78775705e-02,1.70471044e-02,1.63345062e-02,1.60489958e-02,1.63585624e-02,1.73070791e-02,1.88497613e-02,2.08348366e-02,2.30823976e-02,2.54184928e-02,2.76942009e-02,2.97961762e-02,3.16520180e-02,3.32320965e-02,3.45489948e-02,3.56539190e-02,3.66255462e-02,3.75470595e-02,3.84753954e-02,3.94135865e-02,4.02985125e-02,4.10137115e-02,4.14278070e-02,4.14245774e-02,4.10948987e-02,4.04019165e-02,3.94549785e-02,3.83779889e-02,3.72363009e-02,3.59976417e-02,3.45429988e-02,3.27152502e-02,3.03808540e-02,2.74833970e-02,2.40728808e-02,2.03094239e-02,1.64448941e-02,1.27741466e-02,9.55622680e-03,6.94425957e-03,4.97332598e-03,3.61084744e-03,2.82580930e-03,2.62673955e-03,3.03566303e-03,4.05557344e-03,5.61479133e-03,7.55428723e-03,9.65243937e-03,1.16642351e-02,1.33667725e-02,1.46053626e-02,1.53333951e-02,1.56312350e-02,1.56871105e-02,1.57205840e-02,1.58895879e-02,1.62837428e-02,1.68863904e-02,1.75954878e-02,1.82606865e-02
-2.68196791e-02,-2.46574251e-02,-2.19643223e-02,-1.88728188e-02,-1.54890154e-02,-1.18895835e-02,-8.12757215e-03,-4.24515142e-03,-2.88486100e-04,3.67911628e-03,7.56810454e-03,1.12576191e-02,1.45884490e-02,1.73548475e-02,1.92962985e-02,2.00921287e-02,1.94943970e-02,1.73335578e-02,1.35098852e-02,8.39602481e-03,2.71455584e-03,-2.73629309e-03,-7.40813838e-03,-1.11529783e-02,-1.41128205e-02,-1.65557363e-02,-1.87297766e-02,-2.07615855e-02,-2.26137952e-02,-2.41181424e-02,-2.50717641e-02,-2.53842789e-02,-2.50288231e-02,-2.39771670e-02,-2.23488144e-02,-2.02625841e-02,-1.78219730e-02,-1.51123044e-02,-1.22082128e-02,-9.18519667e-03,-6.12914732e-03,-3.13990825e-03,-3.27615011e-04,2.19678219e-03,4.33592986e-03,6.01997960e-03,7.20940613e-03,7.88320497e-03,8.01120988e-03,7.57238334e-03,6.46996244e-03,4.62705497e-03,2.01607496e-03,-1.31239034e-03,-5.22189215e-03,-9.51686948e-03,-1.39597049e-02,-1.82719045e-02,-2.21458827e-02,-2.52922994e-02,-2.75015943e-02,-2.86826856e-02,-2.89488189e-02,-2.83020610e-02
-1.10112030e-02,-1.15288659e-02,-1.19840924e-02,-1.23322734e-02,-1.25705997e-02,-1.27288826e-02,-1.28428377e-02,-1.29251351e-02,-1.29530830e-02,-1.28682694e-02,-1.25826084e-02,-1.20220890e-02,-1.11426639e-02,-9.93889874e-03,-8.43974647e-03,-6.69798973e-03,-4.77721337e-03,-2.73740391e-03,-6.21800330e-04,1.54914873e-03,3.77125024e-03,6.03773276e-03,8.31737328e-03,1.05386497e-02,1.25822261e-02,1.42781379e-02,1.54036098e-02,1.56743394e-02,1.48980404e-02,1.27848285e-02,9.19365805e-03,4.25617685e-03,-1.59346486e-03,-7.68114453e-03,-1.32870696e-02,-1.78083622e-02,-2.08716922e-02,-2.23875862e-02,-2.26339905e-02,-2.17277506e-02,-2.00090425e-02,-1.77900954e-02,-1.53184143e-02,-1.27743249e-02,-1.02751211e-02,-7.88740243e-03,-5.64945094e-03,-3.60134208e-03,-1.81258948e-03,-3.93830796e-04,5.15172524e-04,7.80754443e-04,3.33068879e-04,-7.92199457e-04,-2.41429015e-03,-4.23952929e-03,-5.95540836e-03,-7.33990540e-03,-8.31839294e-03,-8.94799647e-03,-9.35892562e-03,-9.69222071e-03,-1.00562051e-02,-1.05005717e-02
-1.06766128e-02,-1.05161264e-02,-1.03828233e-02,-1.03699486e-02,-1.05962929e-02,-1.11107422e-02,-1.18399440e-02,-1.25964798e-02,-1.31431260e-02,-1.33055763e-02,-1.29596880e-02,-1.20473917e-02,-1.05967114e-02,-8.67879637e-03,-6.39837024e-03,-3.88706775e-03,-1.29225631e-03,1.24029793e-03,3.58572254e-03,5.66150945e-03,7.43663870e-03,8.92827116e-03,1.01810884e-02,1.12341114e-02,1.20881423e-02,1.26876941e-02,1.29225867e-02,1.26751176e-02,1.18311718e-02,1.02693370e-02,7.92143065e-03,4.75602432e-03,8.07591613e-04,-3.75670294e-03,-8.58448325e-03,-1.32140036e-02,-1.72530684e-02,-2.05390132e-02,-2.31577452e-02,-2.53376550e-02,-2.73044359e-02,-2.91614064e-02,-3.08367594e-02,-3.21275808e-02,-3.28220838e-02,-3.29110191e-02,-3.22760259e-02,-3.10236844e-02,-2.93423738e-02,-2.74414751e-02,-2.55145215e-02,-2.37083720e-02,-2.20980088e-02,-2.06763066e-02,-1.93700144e-02,-1.80824475e-02,-1.67480908e-02,-1.53731124e-02,-1.40386928e-02,-1.28657222e-02,-1.19592787e-02,-1.13583983e-02,-1.10161528e-02,-1.08252938e-02
2.04594408e-02,1.65189171e-02,1.30043783e-02,1.01061497e-02,7.88369430e-03,6.30200042e-03,5.28325235e-03,4.74330231e-03,4.60911235e-03,4.81264711e-03,5.31296981e-03,6.07421621e-03,7.06313790e-03,8.24832596e-03,9.59601973e-03,1.10679777e-02,1.26221212e-02,1.42154520e-02,1.58077873e-02,1.73651684e-02,1.88628513e-02,2.02882350e-02,2.16429574e-02,2.29417446e-02,2.42061610e-02,2.54551662e-02,2.66981258e-02,2.79351522e-02,2.91638974e-02,3.03862114e-02,3.16086848e-02,3.28379665e-02,3.40772282e-02,3.53283701e-02,3.65982424e-02,3.79034078e-02,3.92698552e-02,4.07278730e-02,4.23036765e-02,4.40089056e-02,4.58297487e-02,4.77197078e-02,4.96014784e-02,5.13815219e-02,5.29751260e-02,5.43316948e-02,5.54442265e-02,5.63312334e-02,5.69963254e-02,5.73863850e-02,5.73493062e-02,5.68839688e-02,5.57624983e-02,5.39134466e-02,5.14277699e-02,4.85525629e-02,4.55966557e-02,4.27862260e-02,4.01690033e-02,3.76218714e-02,3.49324175e-02,3.18978534e-02,2.84125516e-02,2.45281274e-02
-8.19856761e-03,-8.30291046e-03,-8.57619139e-03,-8.97641122e-03,-9.45469430e-03,-9.93615360e-03,-1.03025850e-02,-1.04226897e-02,-1.01679107e-02,-9.44459303e-03,-8.25304224e-03,-6.66030017e-03,-4.76618497e-03,-2.66529107e-03,-4.20099649e-04,1.94725023e-03,4.44478579e-03,7.08822899e-03,9.87839658e-03,1.27863981e-02,1.57488241e-02,1.86703681e-02,2.14293961e-02,2.38829792e-02,2.58707450e-02,2.72203765e-02,2.77572174e-02,2.74328411e-02,2.62327931e-02,2.41018948e-02,2.11234919e-02,1.73981111e-02,1.30356385e-02,8.22183654e-03,3.28967801e-03,-1.31710037e-03,-5.20019142e-03,-8.17518973e-03,-1.02825346e-02,-1.17004813e-02,-1.26417833e-02,-1.32811701e-02,-1.37225166e-02,-1.39986264e-02,-1.41029090e-02,-1.40227623e-02,-1.37477852e-02,-1.33317938e-02,-1.28692560e-02,-1.24688739e-02,-1.22134287e-02,-1.21227140e-02,-1.21545697e-02,-1.22172467e-02,-1.22188378e-02,-1.20843637e-02,-1.17921394e-02,-1.13603753e-02,-1.08257134e-02,-1.02289345e-02,-9.61571590e-03,-9.04382375e-03,-8.58150810e-03,-8.29068239e-03
-2.97039075e-02,-2.67769358e-02,-2.37611321e-02,-2.06269948e-02,-1.73880282e-02,-1.41029177e-02,-1.08587199e-02,-7.74698326e-03,-4.84548389e-03,-2.21347658e-03,9.85902549e-05,2.03056404e-03,3.49928598e-03,4.40272036e-03,4.64489245e-03,4.19947199e-03,3.09389757e-03,1.45079178e-03,-5.36804934e-04,-2.64767158e-03,-4.66028145e-03,-6.37556675e-03,-7.65151951e-03,-8.43802336e-03,-8.78634615e-03,-8.83799965e-03,-8.74537090e-03,-8.67359711e-03,-8.73272203e-03,-8.99228992e-03,-9.45402419e-03,-1.00967210e-02,-1.09191436e-02,-1.19638718e-02,-1.32970311e-02,-1.49507251e-02,-1.68751358e-02,-1.89581155e-02,-2.11189910e-02,-2.34070205e-02,-2.60194999e-02,-2.92038747e-02,-3.30682832e-02,-3.74139631e-02,-4.17533318e-02,-4.55399232e-02,-4.84205597e-02,-5.03240578e-02,-5.13918226e-02,-5.18598940e-02,-5.19751779e-02,-5.18869357e-02,-5.16849694e-02,-5.13974372e-02,-5.09723585e-02,-5.03095289e-02,-4.92991330e-02,-4.78628956e-02,-4.59810369e-02,-4.36981452e-02,-4.11092238e-02,-3.83314713e-02,-3.54703472e-02,-3.25907200e-02
1.78649246e-02,1.19096041e-02,6.01613289e-03,3.55255419e-04,-5.05663030e-03,-1.01996480e-02,-1.49844057e-02,-1.92999981e-02,-2.30806990e-02,-2.63175025e-02,-2.90175914e-02,-3.11632446e-02,-3.27104851e-02,-3.36259439e-02,-3.39521049e-02,-3.37959651e-02,-3.31318094e-02,-3.20844125e-02,-3.07333906e-02,-2.91320509e-02,-2.73104250e-02,-2.52783819e-02,-2.30316893e-02,-2.05612603e-02,-1.78636878e-02,-1.49503302e-02,-1.18525884e-02,-8.62194233e-03,-5.32477751e-03,-2.03386461e-03,1.18026224e-03,4.25382163e-03,7.13054736e-03,9.75573225e-03,1.20729338e-02,1.40313761e-02,1.56067956e-02,1.68263538e-02,1.77784249e-02,1.85929785e-02,1.94006450e-02,2.02964246e-02,2.13246572e-02,2.24870613e-02,2.37651513e-02,2.51400849e-02,2.65978307e-02,2.81212490e-02,2.96798616e-02,3.12266319e-02,3.27033579e-02,3.40501606e-02,3.52140844e-02,3.61550505e-02,3.68493952e-02,3.72888097e-02,3.74664093e-02,3.73808150e-02,3.69881664e-02,3.61148480e-02,3.45361808e-02,3.19934123e-02,2.83006631e-02,2.34872130e-02
-2.29158341e-02,-2.35676572e-02,-2.42389164e-02,-2.49449395e-02,-2.56123416e-02,-2.61358806e-02,-2.64467396e-02,-2.65568378e-02,-2.65510614e-02,-2.65443086e-02,-2.66588718e-02,-2.69818915e-02,-2.74930000e-02,-2.80918282e-02,-2.86476454e-02,-2.90575456e-02,-2.92818166e-02,-2.93490573e-02,-2.93138426e-02,-2.92486579e-02,-2.92174298e-02,-2.92512103e-02,-2.93774805e-02,-2.95901245e-02,-2.98900891e-02,-3.03009790e-02,-3.08704685e-02,-3.16439741e-02,-3.26123712e-02,-3.36622408e-02,-3.45717839e-02,-3.50807282e-02,-3.51086254e-02,-3.44395696e-02,-3.31103465e-02,-3.12739217e-02,-2.91410051e-02,-2.69262523e-02,-2.48066175e-02,-2.28930974e-02,-2.12187332e-02,-1.97448720e-02,-1.83842304e-02,-1.70349757e-02,-1.56172720e-02,-1.41015371e-02,-1.25183281e-02,-1.09477576e-02,-9.49544155e-03,-8.26489290e-03,-7.33439037e-03,-6.74440874e-03,-6.49789216e-03,-6.57207103e-03,-6.98079258e-03,-7.76180485e-03,-8.98948909e-03,-1.07200253e-02,-1.29052716e-02,-1.53358139e-02,-1.76873235e-02,-1.96654498e-02,-2.11394919e-02,-2.21665705e-02
-2.97630660e-02,-2.89265368e-02,-2.76062953e-02,-2.58463469e-02,-2.37668840e-02,-2.15330387e-02,-1.93162135e-02,-1.72552541e-02,-1.54245497e-02,-1.38188912e-02,-1.23636186e-02,-1.09481308e-02,-9.46744734e-03,-7.85166559e-03,-6.07256262e-03,-4.13387484e-03,-2.05940138e-03,1.13360797e-04,2.33552096e-03,4.55089322e-03,6.70287621e-03,8.74006070e-03,1.06167876e-02,1.22871798e-02,1.36958397e-02,1.47707433e-02,1.54227417e-02,1.55481618e-02,1.51334584e-02,1.41005552e-02,1.24519946e-02,1.02474319e-02,7.56459710e-03,4.46353543e-03,9.68132994e-04,-2.90814486e-03,-7.08240461e-03,-1.13169620e-02,-1.52161441e-02,-1.83499300e-02,-2.04257975e-02,-2.13903542e-02,-2.14975138e-02,-2.08979800e-02,-1.99911436e-02,-1.91740073e-02,-1.87946690e-02,-1.90838280e-02,-2.03207632e-02,-2.24615653e-02,-2.51971055e-02,-2.79956362e-02,-3.03047345e-02,-3.17751850e-02,-3.23633781e-02,-3.23518062e-02,-3.18334740e-02,-3.11804450e-02,-3.06283108e-02,-3.02952950e-02,-3.01811855e-02,-3.02070888e-02,-3.02472720e-02,-3.01622297e-02
1.13793941e-02,1.20263910e-02,1.21442388e-02,1.18081375e-02,1.11197750e-02,1.03007183e-02,9.58416408e-03,9.12686553e-03,8.96920886e-03,9.03716361e-03,9.21498447e-03,9.38980070e-03,9.49414783e-03,9.54063865e-03,9.60380359e-03,9.76554183e-03,1.00662714e-02,1.04559993e-02,1.07874227e-02,1.08426023e-02,1.04313173e-02,9.36624549e-03,7.55044598e-03,4.98780035e-03,1.78777273e-03,-1.82732520e-03,-5.53738902e-03,-9.01955387e-03,-1.20541383e-02,-1.45732185e-02,-1.66247962e-02,-1.82996477e-02,-1.96715233e-02,-2.07698048e-02,-2.15807482e-02,-2.20672321e-02,-2.22184891e-02,-2.20200952e-02,-2.14469670e-02,-2.05286796e-02,-1.93011571e-02,-1.78079066e-02,-1.61062659e-02,-1.42745304e-02,-1.24111717e-02,-1.06201859e-02,-8.98506087e-03,-7.54330830e-03,-6.27746984e-03,-5.13155803e-03,-4.04553123e-03,-2.98636156e-03,-1.95593048e-03,-9.73936631e-04,-5.17552949e-05,8.24262078e-04,1.69256144e-03,2.60485950e-03,3.61350328e-03,4.75978786e-03,6.05911438e-03,7.48251742e-03,8.94312493e-03,1.02991955e-02
2.64966903e-02,3.00271446e-02,3.33070921e-02,3.62559922e-02,3.88469750e-02,4.11048184e-02,4.30870980e-02,4.48533326e-02,4.64332391e-02,4.78045679e-02,4.88869801e-02,4.95562360e-02,4.96113192e-02,4.91763003e-02,4.80852776e-02,4.63758367e-02,4.41784675e-02,4.16209215e-02,3.87561661e-02,3.55537511e-02,3.19712856e-02,2.80567334e-02,2.40022808e-02,2.00991129e-02,1.66242739e-02,1.37477784e-02,1.15140214e-02,9.88241605e-03,8.78529036e-03,8.17191252e-03,8.02510968e-03,8.31918420e-03,9.04231222e-03,1.01298833e-02,1.14603368e-02,1.28786150e-02,1.42315665e-02,1.54129668e-02,1.64015499e-02,1.72693634e-02,1.81455402e-02,1.91511870e-02,2.03382997e-02,2.16554200e-02,2.29519267e-02,2.40132942e-02,2.46054752e-02,2.45084054e-02,2.37014235e-02,2.20454597e-02,1.96279131e-02,1.66963670e-02,1.36227946e-02,1.08088118e-02,8.58017424e-03,7.13960652e-03,6.58353695e-03,6.91863725e-03,8.09393789e-03,1.00447380e-02,1.26457380e-02,1.57511595e-02,1.92032224e-02,2.28388665e-02
-2.20894504e-02,-2.03992150e-02,-1.89858987e-02,-1.77622570e-02,-1.66176127e-02,-1.54352128e-02,-1.41136989e-02,-1.25871163e-02,-1.08367108e-02,-8.89079497e-03,-6.81398594e-03,-4.69067208e-03,-2.60823207e-03,-6.43437166e-04,1.14743098e-03,2.73558143e-03,4.12279740e-03,5.33555428e-03,6.40939284e-03,7.36737341e-03,8.20413501e-03,8.88817242e-03,9.38607735e-03,9.69695093e-03,9.87324732e-03,1.00075839e-02,1.01883705e-02,1.04619215e-02,1.08069463e-02,1.11289093e-02,1.12672270e-02,1.10204690e-02,1.01491820e-02,8.34892268e-03,5.33073480e-03,9.04954908e-04,-4.86816081e-03,-1.15564051e-02,-1.84678566e-02,-2.49380601e-02,-3.05942943e-02,-3.54063137e-02,-3.95670918e-02,-4.33338828e-02,-4.69018195e-02,-5.03266055e-02,-5.35055909e-02,-5.62218717e-02,-5.82298169e-02,-5.93580374e-02,-5.96676349e-02,-5.91634569e-02,-5.77140853e-02,-5.55281083e-02,-5.27656144e-02,-4.95845312e-02,-4.61358767e-02,-4.25593995e-02,-3.89800027e-02,-3.55046457e-02,-3.22207783e-02,-2.91967314e-02,-2.64828049e-02,-2.41106765e-02
-2.74799380e-02,-2.58738004e-02,-2.41147524e-02,-2.22063029e-02,-2.01438680e-02,-1.79240167e-02,-1.55456052e-02,-1.30067490e-02,-1.03043076e-02,-7.43902779e-03,-4.42389875e-03,-1.29051347e-03,1.91027660e-03,5.11322383e-03,8.24960286e-03,1.12556641e-02,1.40803842e-02,1.66938701e-02,1.90986304e-02,2.13400708e-02,2.35048115e-02,2.56974256e-02,2.80018622e-02,3.04481307e-02,3.30039644e-02,3.55968593e-02,3.81538206e-02,4.06359700e-02,4.30488002e-02,4.54235883e-02,4.77807458e-02,5.00905017e-02,5.22396553e-02,5.40029220e-02,5.50084299e-02,5.47651682e-02,5.30904477e-02,4.91929900e-02,4.26511568e-02,3.36276760e-02,2.31143007e-02,1.26667803e-02,3.63861948e-03,-3.34825455e-03,-8.31388414e-03,-1.16076123e-02,-1.36754133e-02,-1.49706807e-02,-1.59070361e-02,-1.68258873e-02,-1.79689879e-02,-1.94483790e-02,-2.12438714e-02,-2.32368891e-02,-2.52646874e-02,-2.71698390e-02,-2.88254377e-02,-3.01351325e-02,-3.10236031e-02,-3.14401440e-02,-3.14522161e-02,-3.09782468e-02,-3.01011683e-02,-2.89077748e-02
1.77638222e-05,2.72702678e-03,5.19352580e-03,7.43491019e-03,9.48011185e-03,1.13480107e-02,1.30305225e-02,1.44898318e-02,1.56711719e-02,1.65225764e-02,1.70085887e-02,1.71073047e-02,1.68667149e-02,1.62762930e-02,1.53667775e-02,1.41971685e-02,1.28372319e-02,1.13506356e-02,9.77517300e-03,8.11169598e-03,6.32673707e-03,4.36442505e-03,2.16103224e-03,-3.40502218e-04,-3.17601162e-03,-6.34813436e-03,-9.82128785e-03,-1.35213743e-02,-1.73401365e-02,-2.11485418e-02,-2.48187094e-02,-2.82418007e-02,-3.13312140e-02,-3.40167076e-02,-3.62434039e-02,-3.79815955e-02,-3.92407669e-02,-4.00754193e-02,-4.05737755e-02,-4.08311396e-02,-4.09242192e-02,-4.09155908e-02,-4.07758979e-02,-4.04951817e-02,-4.00566400e-02,-3.94601360e-02,-3.87174219e-02,-3.78386735e-02,-3.68246974e-02,-3.56712876e-02,-3.43809330e-02,-3.29697025e-02,-3.14594363e-02,-2.98573753e-02,-2.81374340e-02,-2.62388159e-02,-2.40873209e-02,-2.16293121e-02,-1.88586071e-02,-1.58222517e-02,-1.26069706e-02,-9.31796467e-03,-6.06012620e-03,-2.92503689e-03
4.06244747e-02,4.18011474e-02,4.26749471e-02,4.32313871e-02,4.34578161e-02,4.33841178e-02,4.30419948e-02,4.24007646e-02,4.14908715e-02,4.03618774e-02,3.90683179e-02,3.76614357e-02,3.61931318e-02,3.47331267e-02,3.33870223e-02,3.22976999e-02,3.16234502e-02,3.15340710e-02,3.19460401e-02,3.29388460e-02,3.44400254e-02,3.63056180e-02,3.83639652e-02,4.04353097e-02,4.23510634e-02,4.39730834e-02,4.52108980e-02,4.60333346e-02,4.64688202e-02,4.65773214e-02,4.64865760e-02,4.62091220e-02,4.57114768e-02,4.49166356e-02,4.37001367e-02,4.19447139e-02,3.96179249e-02,3.68366604e-02,3.38722563e-02,3.10742741e-02,2.87492031e-02,2.70644196e-02,2.60184567e-02,2.54682723e-02,2.51864625e-02,2.49415757e-02,2.45656182e-02,2.39722525e-02,2.31928041e-02,2.23719865e-02,2.17093956e-02,2.13852687e-02,2.14976218e-02,2.20356769e-02,2.30096004e-02,2.43488962e-02,2.59674867e-02,2.77810769e-02,2.97157121e-02,3.17092972e-02,3.37073398e-02,3.56563679e-02,3.74991214e-02,3.91746946e-02
-4.09012102e-02,-3.87899002e-02,-3.67724011e-02,-3.48363231e-02,-3.29661477e-02,-3.11520984e-02,-2.93901274e-02,-2.76740612e-02,-2.59858832e-02,-2.42910015e-02,-2.25416075e-02,-2.06856295e-02,-1.86751879e-02,-1.64699239e-02,-1.40366193e-02,-1.13514747e-02,-8.40945095e-03,-5.23760027e-03,-1.90395778e-03,1.48466439e-03,4.79501350e-03,7.89441525e-03,1.06761191e-02,1.30829235e-02,1.51187363e-02,1.68379060e-02,1.83099285e-02,1.95708996e-02,2.05799719e-02,2.11915922e-02,2.11293456e-02,2.02377387e-02,1.81142161e-02,1.45660666e-02,9.68326384e-03,3.91077094e-03,-2.11248488e-03,-7.88963383e-03,-1.32766656e-02,-1.83468131e-02,-2.31715090e-02,-2.77162484e-02,-3.18887707e-02,-3.56372616e-02,-3.89861137e-02,-4.19904344e-02,-4.46685454e-02,-4.69800610e-02,-4.88710170e-02,-5.03425420e-02,-5.14777880e-02,-5.24065996e-02,-5.32375313e-02,-5.39932570e-02,-5.45860310e-02,-5.48753761e-02,-5.48532226e-02,-5.42963030e-02,-5.32059357e-02,-5.16516877e-02,-4.97434017e-02,-4.76060241e-02,-4.53593564e-02,-4.31020239e-02
-1.80731452e-02,-1.59083448e-02,-1.34901789e-02,-1.08447900e-02,-8.04815459e-03,-5.21037770e-03,-2.45073595e-03,1.24329278e-04,2.43132971e-03,4.40792168e-03,6.00285271e-03,7.16710058e-03,7.85120930e-03,8.00427853e-03,7.61162428e-03,6.62254187e-03,5.02199571e-03,2.85083495e-03,2.29277046e-04,-2.63518137e-03,-5.48958283e-03,-8.11206170e-03,-1.03680183e-02,-1.22235471e-02,-1.37230073e-02,-1.49559783e-02,-1.60279463e-02,-1.70319696e-02,-1.80151203e-02,-1.89481433e-02,-1.97240800e-02,-2.02033960e-02,-2.03197059e-02,-2.00282834e-02,-1.93851152e-02,-1.85321092e-02,-1.76305668e-02,-1.68155345e-02,-1.61657836e-02,-1.57023053e-02,-1.54145020e-02,-1.52910506e-02,-1.53187899e-02,-1.55233961e-02,-1.58832004e-02,-1.63466946e-02,-1.68481898e-02,-1.73445533e-02,-1.78450369e-02,-1.84171529e-02,-1.91641883e-02,-2.01741554e-02,-2.14574852e-02,-2.29120045e-02,-2.43433981e-02,-2.55307068e-02,-2.62967480e-02,-2.65755757e-02,-2.63864407e-02,-2.57037570e-02,-2.46374916e-02,-2.32902757e-02,-2.17365926e-02,-2.00035673e-02
-8.52521734e-03,-9.00354066e-03,-9.29904289e-03,-9.49964830e-03,-9.67300575e-03,-9.85439184e-03,-1.00360406e-02,-1.01636982e-02,-1.01663723e-02,-9.94023048e-03,-9.40423989e-03,-8.52322331e-03,-7.32842885e-03,-5.92182243e-03,-4.46684183e-03,-3.17280035e-03,-2.27919289e-03,-2.02660807e-03,-2.64396795e-03,-4.28894649e-03,-6.98086848e-03,-1.05502828e-02,-1.46412757e-02,-1.87964622e-02,-2.25947181e-02,-2.57720232e-02,-2.82705132e-02,-3.02083604e-02,-3.18037475e-02,-3.32970590e-02,-3.48940009e-02,-3.67245522e-02,-3.88083224e-02,-4.10248186e-02,-4.31071069e-02,-4.46943640e-02,-4.54646107e-02,-4.54601585e-02,-4.43422801e-02,-4.22432902e-02,-3.93638893e-02,-3.59307090e-02,-3.21489872e-02,-2.81805457e-02,-2.41380041e-02,-2.00914235e-02,-1.60837035e-02,-1.21502803e-02,-8.33797906e-03,-4.71853784e-03,-1.39442753e-03,1.50330940e-03,3.82300068e-03,5.41670619e-03,6.16589004e-03,6.01832158e-03,5.05100243e-03,3.37925199e-03,1.25361408e-03,-1.03842479e-03,-3.23218856e-03,-5.13794748e-03,-6.65604102e-03,-7.76994841e-03
-1.85143749e-02,-1.66076528e-02,-1.49214171e-02,-1.35515090e-02,-1.25539908e-02,-1.19396446e-02,-1.16820244e-02,-1.17168085e-02,-1.20239145e-02,-1.25540682e-02,-1.32591370e-02,-1.40710833e-02,-1.48881085e-02,-1.55772966e-02,-1.59972330e-02,-1.60709550e-02,-1.57046464e-02,-1.48757499e-02,-1.36162122e-02,-1.19929845e-02,-1.00930168e-02,-8.00822902e-03,-5.82268878e-03,-3.60281515e-03,-1.39101262e-03,7.96558102e-04,2.96762132e-03,5.14684731e-03,7.36700683e-03,9.66021699e-03,1.20487131e-02,1.45338208e-02,1.70828433e-02,1.96150507e-02,2.19883731e-02,2.39875655e-02,2.53123155e-02,2.55376481e-02,2.45146908e-02,2.17764829e-02,1.71364141e-02,1.08425257e-02,3.61803981e-03,-3.55982415e-03,-9.87550761e-03,-1.50026990e-02,-1.90354785e-02,-2.22914834e-02,-2.51108795e-02,-2.77130857e-02,-3.01262043e-02,-3.22041456e-02,-3.37241616e-02,-3.45175593e-02,-3.46434792e-02,-3.40582735e-02,-3.29264675e-02,-3.14571024e-02,-2.98175872e-02,-2.81008753e-02,-2.63278321e-02,-2.44789506e-02,-2.25380034e-02,-2.05264551e-02
-2.82664194e-02,-2.80864584e-02,-2.77984178e-02,-2.74584856e-02,-2.71647563e-02,-2.70164008e-02,-2.70363066e-02,-2.72721160e-02,-2.76525287e-02,-2.81014321e-02,-2.85810146e-02,-2.91215096e-02,-2.98076059e-02,-3.07222343e-02,-3.18715418e-02,-3.31459293e-02,-3.43528329e-02,-3.53005825e-02,-3.58764200e-02,-3.60850773e-02,-3.60155392e-02,-3.56785122e-02,-3.51579466e-02,-3.44639709e-02,-3.35522501e-02,-3.23500677e-02,-3.07910363e-02,-2.88441256e-02,-2.65253102e-02,-2.38912271e-02,-2.10227649e-02,-1.80077494e-02,-1.49284351e-02,-1.18552697e-02,-8.84556594e-03,-5.94523547e-03,-3.19330423e-03,-6.30260630e-04,1.69025370e-03,3.69161082e-03,5.27753743e-03,6.35130886e-03,6.85135937e-03,6.79128382e-03,6.30032254e-03,5.53544311e-03,4.69211821e-03,3.88758901e-03,3.10859930e-03,2.21223990e-03,9.70779278e-04,-8.63129281e-04,-3.48006294e-03,-6.93018109e-03,-1.10445749e-02,-1.54140053e-02,-1.95006153e-02,-2.28531126e-02,-2.52700327e-02,-2.68069902e-02,-2.76716340e-02,-2.81017665e-02,-2.82832402e-02,-2.83277219e-02
4.21058230e-03,5.78417829e-03,7.04579965e-03,7.98556941e-03,8.63816057e-03,9.07159231e-03,9.35924415e-03,9.54376098e-03,9.60896665e-03,9.48293643e-03,9.05466128e-03,8.19105221e-03,6.77093814e-03,4.68080183e-03,1.81597210e-03,-1.87326334e-03,-6.26788646e-03,-1.09922092e-02,-1.54772555e-02,-1.91855398e-02,-2.18150755e-02,-2.33386051e-02,-2.39240187e-02,-2.38827817e-02,-2.33380408e-02,-2.25529070e-02,-2.17272688e-02,-2.10296281e-02,-2.06007539e-02,-2.05068341e-02,-2.08279384e-02,-2.15819002e-02,-2.27194760e-02,-2.41580753e-02,-2.58023515e-02,-2.75623105e-02,-2.93646724e-02,-3.11524905e-02,-3.28716878e-02,-3.44570322e-02,-3.58359630e-02,-3.69502412e-02,-3.77724068e-02,-3.82983734e-02,-3.85289658e-02,-3.85169384e-02,-3.81518139e-02,-3.74025491e-02,-3.62337194e-02,-3.46317395e-02,-3.26061277e-02,-3.01878641e-02,-2.74300116e-02,-2.44104360e-02,-2.12313272e-02,-1.80103025e-02,-1.48622201e-02,-1.18763270e-02,-9.09765739e-03,-6.52262495e-03,-4.11414893e-03,-1.83150920e-03,3.39775104e-04,2.37341685e-03
-2.96065573e-02,-2.69365824e-02,-2.42571278e-02,-2.16698413e-02,-1.92529025e-02,-1.70530945e-02,-1.50832326e-02,-1.33276244e-02,-1.17543499e-02,-1.03298918e-02,-9.03053567e-03,-7.84638449e-03,-6.77733965e-03,-5.82429975e-03,-4.98088328e-03,-4.22993059e-03,-3.54551384e-03,-2.89776572e-03,-2.25748368e-03,-1.59983585e-03,-9.07448425e-04,-1.71113903e-04,6.13784963e-04,1.45179715e-03,2.34530665e-03,3.28348538e-03,4.22976442e-03,5.11782444e-03,5.85885132e-03,6.35405459e-03,6.50378501e-03,6.23077986e-03,5.46329509e-03,4.16937584e-03,2.40183706e-03,3.17731223e-04,-1.83526552e-03,-3.78770267e-03,-5.33956715e-03,-6.41149270e-03,-7.04405975e-03,-7.36712446e-03,-7.56457928e-03,-7.85434439e-03,-8.48001637e-03,-9.67247000e-03,-1.15978778e-02,-1.42936256e-02,-1.76218174e-02,-2.12880129e-02,-2.49394655e-02,-2.82856759e-02,-3.11649774e-02,-3.35382479e-02,-3.54413111e-02,-3.69280172e-02,-3.80207821e-02,-3.86885241e-02,-3.89112620e-02,-3.86614514e-02,-3.77963485e-02,-3.63640574e-02,-3.44447425e-02,-3.21506693e-02
-6.65227401e-03,-7.49087907e-03,-8.18531209e-03,-8.64076656e-03,-8.76071188e-03,-8.42643323e-03,-7.54157652e-03,-6.07793463e-03,-4.06948244e-03,-1.59593240e-03,1.24033373e-03,4.33111725e-03,7.57473643e-03,1.08780209e-02,1.41572340e-02,1.73388644e-02,2.03600697e-02,2.31685060e-02,2.57228132e-02,2.79960171e-02,2.99820568e-02,3.17006144e-02,3.31918386e-02,3.44968659e-02,3.56319932e-02,3.65736130e-02,3.72694511e-02,3.76796979e-02,3.78316184e-02,3.78636949e-02,3.79460751e-02,3.82217606e-02,3.88052383e-02,3.97008454e-02,4.07842261e-02,4.18382727e-02,4.26048142e-02,4.27837037e-02,4.23645403e-02,4.11447020e-02,3.90056856e-02,3.59752314e-02,3.22223004e-02,2.80611691e-02,2.38673594e-02,1.99130315e-02,1.62459982e-02,1.27238019e-02,9.18235229e-03,5.62135472e-03,2.27407268e-03,-5.08433022e-04,-2.46520448e-03,-3.55795601e-03,-3.94159933e-03,-3.85696310e-03,-3.54708258e-03,-3.22710447e-03,-3.05451727e-03,-3.12037596e-03,-3.46514501e-03,-4.06549670e-03,-4.85549654e-03,-5.74733077e-03
-1.28931719e-02,-1.08731832e-02,-9.08565322e-03,-7.68337083e-03,-6.83722002e-03,-6.67973402e-03,-7.36345384e-03,-8.95200809e-03,-1.13855706e-02,-1.44504978e-02,-1.78002499e-02,-2.10437377e-02,-2.38535776e-02,-2.60362105e-02,-2.75460637e-02,-2.84579637e-02,-2.89163657e-02,-2.90801461e-02,-2.90921366e-02,-2.89969229e-02,-2.88091708e-02,-2.84876815e-02,-2.79806079e-02,-2.72659424e-02,-2.63746451e-02,-2.53957528e-02,-2.44719252e-02,-2.37889000e-02,-2.35168946e-02,-2.37803428e-02,-2.47653355e-02,-2.64232139e-02,-2.85350515e-02,-3.07365309e-02,-3.26444264e-02,-3.39996944e-02,-3.47354954e-02,-3.49649018e-02,-3.48565203e-02,-3.45678753e-02,-3.42696779e-02,-3.40420710e-02,-3.38860623e-02,-3.37543015e-02,-3.35848439e-02,-3.33354227e-02,-3.30125811e-02,-3.26639195e-02,-3.23475092e-02,-3.20993517e-02,-3.19140239e-02,-3.17446740e-02,-3.15114239e-02,-3.11163127e-02,-3.04753399e-02,-2.95428053e-02,-2.83171924e-02,-2.68321791e-02,-2.51396209e-02,-2.32919871e-02,-2.13304438e-02,-1.92824325e-02,-1.71693929e-02,-1.50214883e-02
2.45309228e-02,2.17965836e-02,1.96810134e-02,1.82522600e-02,1.74914969e-02,1.73350465e-02,1.76313280e-02,1.83370469e-02,1.93859537e-02,2.07016076e-02,2.21872914e-02,2.37058907e-02,2.50811603e-02,2.61199817e-02,2.66444781e-02,2.65354771e-02,2.58380905e-02,2.45323832e-02,2.28054282e-02,2.09568798e-02,1.93270772e-02,1.81971636e-02,1.77161823e-02,1.78727754e-02,1.85605486e-02,1.97187866e-02,2.12437140e-02,2.30584460e-02,2.51056757e-02,2.73322164e-02,2.96789873e-02,3.20814642e-02,3.44777995e-02,3.68166704e-02,3.90575019e-02,4.11614816e-02,4.30788179e-02,4.47416434e-02,4.60709583e-02,4.70000390e-02,4.75063077e-02,4.76168784e-02,4.74970470e-02,4.71918892e-02,4.67639606e-02,4.62687741e-02,4.57354657e-02,4.51864460e-02,4.46450878e-02,4.41293734e-02,4.36472774e-02,4.32030680e-02,4.28064800e-02,4.24707242e-02,4.21947265e-02,4.19404670e-02,4.16240007e-02,4.11173689e-02,4.02561315e-02,3.88707786e-02,3.68442242e-02,3.41783871e-02,3.10340075e-02,2.77052545e-02
3.26076149e-02,3.16761318e-02,3.12627641e-02,3.13461068e-02,3.18047402e-02,3.25849452e-02,3.35479256e-02,3.45496632e-02,3.54468267e-02,3.61022589e-02,3.64004127e-02,3.63117203e-02,3.58825868e-02,3.51099358e-02,3.40649242e-02,3.28112920e-02,3.13948320e-02,2.98608394e-02,2.82705408e-02,2.66999386e-02,2.52289854e-02,2.39392681e-02,2.29222886e-02,2.22812812e-02,2.21172414e-02,2.23997180e-02,2.31222329e-02,2.41876109e-02,2.54205189e-02,2.66173851e-02,2.75680621e-02,2.80629566e-02,2.79109521e-02,2.70515416e-02,2.53152087e-02,2.27459802e-02,1.95880306e-02,1.62671871e-02,1.32689316e-02,1.09706453e-02,9.54589381e-03,8.98410774e-03,9.15789909e-03,9.90314640e-03,1.11049471e-02,1.26426693e-02,1.44323138e-02,1.64197079e-02,1.85686582e-02,2.08474066e-02,2.32179800e-02,2.56313892e-02,2.80281743e-02,3.03410829e-02,3.24966343e-02,3.44149057e-02,3.60097774e-02,3.71926998e-02,3.78804405e-02,3.79652088e-02,3.75871603e-02,3.66830065e-02,3.53795138e-02,3.39240811e-02
2.91953577e-02,2.94699391e-02,2.91520116e-02,2.82231392e-02,2.67145160e-02,2.47510799e-02,2.24917300e-02,2.01264698e-02,1.78766177e-02,1.59710850e-02,1.45950715e-02,1.38400174e-02,1.36956191e-02,1.40116838e-02,1.47046799e-02,1.56707847e-02,1.68414332e-02,1.81828000e-02,1.96636486e-02,2.12268208e-02,2.27803897e-02,2.42123199e-02,2.54201420e-02,2.63394206e-02,2.69544366e-02,2.72834309e-02,2.73409456e-02,2.71872805e-02,2.67985251e-02,2.61854488e-02,2.53957763e-02,2.45099756e-02,2.36316526e-02,2.28702136e-02,2.23224193e-02,2.20547101e-02,2.20890935e-02,2.23689527e-02,2.28689219e-02,2.34941898e-02,2.41188108e-02,2.45801004e-02,2.46651692e-02,2.42617620e-02,2.31895722e-02,2.14162819e-02,1.91121507e-02,1.66320324e-02,1.44045709e-02,1.27693187e-02,1.18725131e-02,1.16801662e-02,1.20010949e-02,1.27063861e-02,1.36694555e-02,1.48178508e-02,1.61374754e-02,1.76427848e-02,1.93420335e-02,2.12094880e-02,2.31717231e-02,2.51089144e-02,2.68678417e-02,2.82822757e-02
4.05844796e-02,4.07291066e-02,4.08998960e-02,4.11951482e-02,4.16911961e-02,4.24197980e-02,4.33696432e-02,4.45112798e-02,4.58242872e-02,4.73083098e-02,4.89726978e-02,5.08128872e-02,5.27873413e-02,5.48060536e-02,5.67342226e-02,5.84077265e-02,5.96527071e-02,6.03002033e-02,6.02550643e-02,5.96768140e-02,5.84560271e-02,5.67213443e-02,5.47002360e-02,5.26391646e-02,5.07325921e-02,4.90855104e-02,4.77280643e-02,4.66656251e-02,4.59267807e-02,4.55798212e-02,4.56578222e-02,4.61006891e-02,4.69178892e-02,4.79730433e-02,4.90700045e-02,5.00001412e-02,5.05814278e-02,5.06295181e-02,5.02567225e-02,4.93006841e-02,4.77247945e-02,4.55450561e-02,4.28395254e-02,3.97870340e-02,3.66617808e-02,3.37528001e-02,3.12567969e-02,2.92366618e-02,2.76744908e-02,2.65582463e-02,2.59291198e-02,2.58929670e-02,2.63573752e-02,2.73827189e-02,2.88513003e-02,3.05900224e-02,3.24211304e-02,3.41969176e-02,3.58166914e-02,3.72234934e-02,3.83886628e-02,3.92975963e-02,3.99472537e-02,4.03570099e-02
5.64129545e-03,4.41201471e-03,3.29029153e-03,2.15265307e-03,9.84310249e-04,-1.11493802e-04,-9.72815554e-04,-1.47237306e-03,-1.58882616e-03,-1.40519703e-03,-1.08322388e-03,-7.96467035e-04,-6.65269845e-04,-7.16230605e-04,-8.77545452e-04,-1.00697220e-03,-9.45251439e-04,-5.58010822e-04,2.22438343e-04,1.38411542e-03,2.83936078e-03,4.44024374e-03,5.99817347e-03,7.30592045e-03,8.16001227e-03,8.37668073e-03,7.84982183e-03,6.46663304e-03,4.19111336e-03,1.11304828e-03,-2.51920383e-03,-6.31812018e-03,-9.88708272e-03,-1.29427964e-02,-1.53576599e-02,-1.71240613e-02,-1.83031565e-02,-1.89901767e-02,-1.92878575e-02,-1.93089863e-02,-1.90473431e-02,-1.84768979e-02,-1.75170660e-02,-1.60841282e-02,-1.41380010e-02,-1.17019462e-02,-8.85170227e-03,-5.68955653e-03,-2.32197460e-03,1.14918826e-03,4.62119457e-03,7.98222732e-03,1.11038149e-02,1.38416040e-02,1.60445110e-02,1.75698589e-02,1.83009400e-02,1.81733657e-02,1.72818680e-02,1.56528824e-02,1.35209303e-02,1.12019298e-02,9.00663471e-03,7.13931247e-03
3.56787034e-02,3.62599354e-02,3.67268873e-02,3.70940524e-02,3.73469379e-02,3.74547063e-02,3.74066298e-02,3.71991466e-02,3.67928234e-02,3.61542822e-02,3.52413481e-02,3.40351562e-02,3.25996753e-02,3.11283521e-02,2.99227961e-02,2.92886101e-02,2.93978215e-02,3.01434824e-02,3.14849106e-02,3.31827063e-02,3.49599751e-02,3.65472437e-02,3.77065970e-02,3.82546197e-02,3.81456230e-02,3.74986732e-02,3.63299894e-02,3.48079207e-02,3.30810020e-02,3.12212692e-02,2.92376260e-02,2.71311225e-02,2.49459364e-02,2.27776476e-02,2.07320410e-02,1.88671371e-02,1.71643508e-02,1.55462550e-02,1.39204669e-02,1.22193853e-02,1.04217718e-02,8.56049945e-03,6.72618849e-03,5.06652037e-03,3.76933760e-03,3.02261529e-03,2.96482994e-03,3.62198680e-03,4.95383499e-03,6.82462067e-03,9.05961527e-03,1.14826808e-02,1.39480442e-02,1.63617703e-02,1.86880693e-02,2.09369383e-02,2.31362253e-02,2.52997770e-02,2.74061149e-02,2.93967354e-02,3.11939018e-02,3.27295186e-02,3.39718936e-02,3.49371750e-02
-3.80014593e-02,-3.74649133e-02,-3.64803688e-02,-3.51403315e-02,-3.36150169e-02,-3.21516154e-02,-3.10609163e-02,-3.06148107e-02,-3.09663562e-02,-3.24330242e-02,-3.49045285e-02,-3.80813867e-02,-4.15437937e-02,-4.49042440e-02,-4.79013373e-02,-5.03885607e-02,-5.22685638e-02,-5.34481114e-02,-5.38978551e-02,-5.37461361e-02,-5.27502141e-02,-5.11016501e-02,-4.89917732e-02,-4.66391998e-02,-4.42451358e-02,-4.19623224e-02,-3.98822749e-02,-3.80417471e-02,-3.64439431e-02,-3.50847194e-02,-3.39715851e-02,-3.31259111e-02,-3.25674058e-02,-3.22903313e-02,-3.22339167e-02,-3.23658766e-02,-3.26244692e-02,-3.29659845e-02,-3.33658352e-02,-3.37891286e-02,-3.41632641e-02,-3.43805473e-02,-3.43895005e-02,-3.40608874e-02,-3.33607786e-02,-3.23248159e-02,-3.10458087e-02,-2.96592922e-02,-2.83248165e-02,-2.72032157e-02,-2.64329283e-02,-2.60968834e-02,-2.61527414e-02,-2.66713591e-02,-2.75599012e-02,-2.87373150e-02,-3.01230031e-02,-3.16327318e-02,-3.31732389e-02,-3.46450860e-02,-3.59516775e-02,-3.70046379e-02,-3.77217843e-02,-3.80384233e-02
-1.56943121e-02,-1.62162405e-02,-1.68498113e-02,-1.74855636e-02,-1.80744529e-02,-1.86134352e-02,-1.91108093e-02,-1.95528449e-02,-1.98874651e-02,-2.00410175e-02,-1.99646167e-02,-1.95547086e-02,-1.87851576e-02,-1.76663019e-02,-1.62603982e-02,-1.46842670e-02,-1.30997765e-02,-1.16913871e-02,-1.06346617e-02,-1.00625948e-02,-9.99549961e-03,-1.04415083e-02,-1.12857937e-02,-1.23709794e-02,-1.35382319e-02,-1.46623653e-02,-1.56656827e-02,-1.65058436e-02,-1.71498277e-02,-1.75582055e-02,-1.77076256e-02,-1.76058304e-02,-1.72855602e-02,-1.68736121e-02,-1.65422347e-02,-1.64501266e-02,-1.67666020e-02,-1.76469307e-02,-1.91614380e-02,-2.12945026e-02,-2.39299905e-02,-2.68579598e-02,-2.98061349e-02,-3.24876896e-02,-3.46541089e-02,-3.61414645e-02,-3.69005581e-02,-3.70543411e-02,-3.66237423e-02,-3.57121109e-02,-3.44466724e-02,-3.29211940e-02,-3.12057965e-02,-2.93597632e-02,-2.74394259e-02,-2.54979239e-02,-2.35813041e-02,-2.17290203e-02,-1.99835213e-02,-1.84048876e-02,-1.70784492e-02,-1.61031953e-02,-1.55579895e-02,-1.54328430e-02
-5.17009809e-04,-8.54693248e-04,-1.60062117e-03,-2.91805473e-03,-4.96431391e-03,-7.82843032e-03,-1.14759743e-02,-1.57429556e-02,-2.03960609e-02,-2.52189154e-02,-3.00611170e-02,-3.48314481e-02,-3.94703737e-02,-4.39382517e-02,-4.82149896e-02,-5.22823819e-02,-5.60848572e-02,-5.95054196e-02,-6.23942677e-02,-6.46367108e-02,-6.62043843e-02,-6.71540625e-02,-6.75943380e-02,-6.76832102e-02,-6.74276008e-02,-6.67896893e-02,-6.57784437e-02,-6.43779299e-02,-6.25989619e-02,-6.04938247e-02,-5.81520740e-02,-5.56868467e-02,-5.32193256e-02,-5.08650449e-02,-4.87222733e-02,-4.68612881e-02,-4.53143160e-02,-4.40685766e-02,-4.30666123e-02,-4.22157045e-02,-4.14024202e-02,-4.05065977e-02,-3.94146817e-02,-3.80339640e-02,-3.63056641e-02,-3.42138203e-02,-3.17871302e-02,-2.90924799e-02,-2.62216890e-02,-2.32748344e-02,-2.03440712e-02,-1.75019845e-02,-1.47980306e-02,-1.22642980e-02,-9.92718387e-03,-7.81706715e-03,-5.96833881e-03,-4.40911035e-03,-3.14853570e-03,-2.17180749e-03,-1.44639783e-03,-9.34948348e-04,-6.08739241e-04,-4.60389054e-04
-2.78996800e-02,-2.64103391e-02,-2.41675484e-02,-2.13390498e-02,-1.80824942e-02,-1.45315775e-02,-1.08015795e-02,-7.00668255e-03,-3.28124131e-03,2.00981637e-04,3.21025126e-03,5.45606575e-03,6.59348336e-03,6.25811450e-03,4.21797500e-03,2.71198392e-04,-5.32392366e-03,-1.18020128e-02,-1.80783864e-02,-2.31634064e-02,-2.65088824e-02,-2.80541433e-02,-2.82246903e-02,-2.71097642e-02,-2.51273675e-02,-2.26165995e-02,-1.98570667e-02,-1.70823424e-02,-1.44928990e-02,-1.22665571e-02,-1.05637854e-02,-9.52704781e-03,-9.23523601e-03,-9.75606453e-03,-1.10727472e-02,-1.30260937e-02,-1.53255498e-02,-1.76026560e-02,-1.95198219e-02,-2.08679375e-02,-2.15996216e-02,-2.18188294e-02,-2.16739221e-02,-2.13656648e-02,-2.11420401e-02,-2.11562933e-02,-2.15839632e-02,-2.24069620e-02,-2.34426419e-02,-2.43988454e-02,-2.50047729e-02,-2.51650552e-02,-2.48641605e-02,-2.42249899e-02,-2.34710201e-02,-2.28385236e-02,-2.25309754e-02,-2.26332357e-02,-2.33071441e-02,-2.44832575e-02,-2.59450949e-02,-2.73330867e-02,-2.82517881e-02,-2.84956442e-02
-1.22379217e-02,-1.43305353e-02,-1.63063293e-02,-1.80155431e-02,-1.92862654e-02,-1.99751677e-02,-2.00837676e-02,-1.95688289e-02,-1.85278599e-02,-1.71027005e-02,-1.54407718e-02,-1.36719927e-02,-1.18948416e-02,-1.01703043e-02,-8.52101793e-03,-6.93504526e-03,-5.37551545e-03,-3.79609468e-03,-2.15870443e-03,-4.48256150e-04,1.31851030e-03,3.08983678e-03,4.78170505e-03,6.28343258e-03,7.46515465e-03,8.18646828e-03,8.30688864e-03,7.77118284e-03,6.53767584e-03,4.72932776e-03,2.62417104e-03,5.87885808e-04,-1.04346030e-03,-2.05797493e-03,-2.39128131e-03,-2.06491860e-03,-1.13594798e-03,3.17474548e-04,2.20336436e-03,4.41109330e-03,6.81280589e-03,9.27345540e-03,1.16657449e-02,1.38829230e-02,1.58424893e-02,1.74753964e-02,1.87012405e-02,1.93985645e-02,1.93695187e-02,1.85760246e-02,1.68014468e-02,1.40985011e-02,1.07637926e-02,7.28845827e-03,4.17170919e-03,1.71642694e-03,-4.92443844e-05,-1.31087103e-03,-2.34759655e-03,-3.42287323e-03,-4.71566182e-03,-6.29356284e-03,-8.12838205e-03,-1.01400933e-02
-9.09241924e-03,-1.39538397e-02,-1.72133050e-02,-1.87793828e-02,-1.90234011e-02,-1.81915019e-02,-1.67430690e-02,-1.50782665e-02,-1.35088356e-02,-1.22423247e-02,-1.13633875e-02,-1.08283028e-02,-1.04935087e-02,-1.01755756e-02,-9.71117412e-03,-9.01317724e-03,-8.08620496e-03,-7.00295162e-03,-5.86461898e-03,-4.76329741e-03,-3.75696690e-03,-2.86112398e-03,-2.05372298e-03,-1.28480189e-03,-4.84460231e-04,4.28470759e-04,1.53079048e-03,2.87286767e-03,4.46194838e-03,6.25915182e-03,8.19082163e-03,1.01686304e-02,1.21118561e-02,1.39658600e-02,1.57111924e-02,1.73599602e-02,1.89412018e-02,2.04819489e-02,2.19918217e-02,2.34566970e-02,2.48429159e-02,2.61080405e-02,2.72092673e-02,2.81013016e-02,2.87240729e-02,2.89887774e-02,2.88251247e-02,2.81887410e-02,2.70246229e-02,2.54196437e-02,2.35677310e-02,2.17185370e-02,2.00976892e-02,1.88406966e-02,1.79705385e-02,1.74113165e-02,1.70093872e-02,1.65474511e-02,1.57467231e-02,1.42618777e-02,1.17290623e-02,7.88488946e-03,2.74874614e-03,-3.21195483e-03
2.67612848e-02,2.82360519e-02,3.01060587e-02,3.22194127e-02,3.44206088e-02,3.65594794e-02,3.84978377e-02,4.01194413e-02,4.13436639e-02,4.21345700e-02,4.24912085e-02,4.24373552e-02,4.20228884e-02,4.11017365e-02,3.95158535e-02,3.70443440e-02,3.34520070e-02,2.86022763e-02,2.26136277e-02,1.59658267e-02,9.40917380e-03,3.66711102e-03,-8.34063330e-04,-3.99938930e-03,-5.94117378e-03,-6.83173660e-03,-6.88863744e-03,-6.21126483e-03,-4.94859344e-03,-3.23058252e-03,-1.16598567e-03,1.16572889e-03,3.71488701e-03,6.45115446e-03,9.34409120e-03,1.23485757e-02,1.54017961e-02,1.84312066e-02,2.13663654e-02,2.41467390e-02,2.67220359e-02,2.90480713e-02,3.10847180e-02,3.27997734e-02,3.41750623e-02,3.52059298e-02,3.58901156e-02,3.62152819e-02,3.61718966e-02,3.58279293e-02,3.51775486e-02,3.43289809e-02,3.34197991e-02,3.25557899e-02,3.17681999e-02,3.10150276e-02,3.02185118e-02,2.93125691e-02,2.82856118e-02,2.72096581e-02,2.62405187e-02,2.55816852e-02,2.54375607e-02,2.58107903e-02
-4.67626487e-02,-4.65989958e-02,-4.59476491e-02,-4.48819238e-02,-4.34617067e-02,-4.17662466e-02,-3.98952690e-02,-3.79664728e-02,-3.61088463e-02,-3.44510266e-02,-3.31058425e-02,-3.21520242e-02,-3.16125675e-02,-3.14284762e-02,-3.14725100e-02,-3.15715435e-02,-3.15461188e-02,-3.11723348e-02,-3.03262246e-02,-2.89940739e-02,-2.72439094e-02,-2.51877006e-02,-2.29485701e-02,-2.06385224e-02,-1.83439865e-02,-1.61148882e-02,-1.39576128e-02,-1.18374337e-02,-9.69604279e-03,-7.48257859e-03,-5.18612237e-03,-2.85305044e-03,-5.79506066e-04,1.51787396e-03,3.34155473e-03,4.84731865e-03,6.05294618e-03,7.01807270e-03,7.80477616e-03,8.44411229e-03,8.92959841e-03,9.23744140e-03,9.35237439e-03,9.27967356e-03,9.01527967e-03,8.50982707e-03,7.66601176e-03,6.34053041e-03,4.37637219e-03,1.64426506e-03,-1.91525148e-03,-6.24936586e-03,-1.11775439e-02,-1.64108633e-02,-2.16215602e-02,-2.65294919e-02,-3.09550395e-02,-3.48182816e-02,-3.81051095e-02,-4.08313468e-02,-4.30204161e-02,-4.46931238e-02,-4.58626182e-02,-4.65367251e-02
-6.58728946e-03,-1.23278027e-02,-1.85184844e-02,-2.42720194e-02,-2.88774521e-02,-3.20425857e-02,-3.38563435e-02,-3.46203236e-02,-3.47390866e-02,-3.44054974e-02,-3.38940028e-02,-3.33768403e-02,-3.29399006e-02,-3.25983911e-02,-3.23154116e-02,-3.20266151e-02,-3.16691552e-02,-3.12170223e-02,-3.07046314e-02,-3.02199353e-02,-2.98710752e-02,-2.97300214e-02,-2.98007817e-02,-3.00944132e-02,-3.04939497e-02,-3.08521184e-02,-3.10282258e-02,-3.09666828e-02,-3.05371776e-02,-2.97560156e-02,-2.86838132e-02,-2.74172414e-02,-2.60598851e-02,-2.46950477e-02,-2.33663221e-02,-2.20709319e-02,-2.07684468e-02,-1.94020121e-02,-1.79234743e-02,-1.63112978e-02,-1.45743784e-02,-1.27439676e-02,-1.08617321e-02,-8.96998240e-03,-7.10411676e-03,-5.28457803e-03,-3.50967021e-03,-1.75689690e-03,4.20363307e-08,1.76211554e-03,3.47958615e-03,5.04912407e-03,6.33710767e-03,7.22234376e-03,7.64326600e-03,7.62703287e-03,7.30478281e-03,6.80051530e-03,6.22779434e-03,5.59093088e-03,4.75521098e-03,3.45378240e-03,1.33069338e-03,-1.96192992e-03
-5.42769923e-02,-5.06678719e-02,-4.69875059e-02,-4.33238781e-02,-3.97406249e-02,-3.62671929e-02,-3.28970895e-02,-2.95958602e-02,-2.63172225e-02,-2.30220049e-02,-1.96923302e-02,-1.63348623e-02,-1.29720005e-02,-9.62594807e-03,-6.30408504e-03,-2.99315728e-03,3.34985599e-04,3.70956602e-03,7.14527599e-03,1.06337259e-02,1.41435680e-02,1.76266209e-02,2.10256281e-02,2.42790960e-02,2.73207866e-02,3.00748626e-02,3.24503844e-02,3.43385476e-02,3.56121116e-02,3.61186715e-02,3.58226017e-02,3.46782923e-02,3.25513543e-02,2.94772311e-02,2.55766453e-02,2.10023727e-02,1.58796018e-02,1.02889036e-02,4.31185753e-03,-1.90826980e-03,-8.14873336e-03,-1.41673087e-02,-1.97830329e-02,-2.49414355e-02,-2.97312219e-02,-3.43430119e-02,-3.89958360e-02,-4.38631739e-02,-4.90103252e-02,-5.43412313e-02,-5.95729467e-02,-6.42869954e-02,-6.80735800e-02,-7.06874288e-02,-7.21145048e-02,-7.25791019e-02,-7.24163721e-02,-7.15012237e-02,-7.01248915e-02,-6.83662998e-02,-6.62439458e-02,-6.37527523e-02,-6.08985994e-02,-5.77173621e-02
-1.70575072e-02,-1.82233482e-02,-2.02423125e-02,-2.29528369e-02,-2.60088756e-02,-2.89936123e-02,-3.15795775e-02,-3.36332508e-02,-3.52204671e-02,-3.65420051e-02,-3.78526542e-02,-3.93868278e-02,-4.12775821e-02,-4.34879437e-02,-4.58008050e-02,-4.78865429e-02,-4.94197562e-02,-5.01964668e-02,-5.02973449e-02,-4.95785200e-02,-4.81154231e-02,-4.60669981e-02,-4.35800157e-02,-4.07838403e-02,-3.77897991e-02,-3.46949826e-02,-3.15891197e-02,-2.85616459e-02,-2.57061096e-02,-2.31197704e-02,-2.08971248e-02,-1.91173630e-02,-1.78287169e-02,-1.70379158e-02,-1.67105246e-02,-1.67626558e-02,-1.72320854e-02,-1.81455086e-02,-1.95708631e-02,-2.15231576e-02,-2.38714463e-02,-2.63262231e-02,-2.85435489e-02,-3.02701823e-02,-3.14171451e-02,-3.20337449e-02,-3.22446308e-02,-3.21889988e-02,-3.19055575e-02,-3.14656671e-02,-3.08920692e-02,-3.01832132e-02,-2.93291961e-02,-2.83250762e-02,-2.71773994e-02,-2.59035873e-02,-2.45292705e-02,-2.30884252e-02,-2.16260884e-02,-2.02006588e-02,-1.88860930e-02,-1.77788707e-02,-1.70108187e-02,-1.67214542e-02
-2.16926048e-02,-2.21796918e-02,-2.30922528e-02,-2.41724511e-02,-2.50612197e-02,-2.54616741e-02,-2.52881653e-02,-2.43947601e-02,-2.29129272e-02,-2.09872416e-02,-1.87460376e-02,-1.62834603e-02,-1.36630730e-02,-1.09297779e-02,-8.11825457e-03,-5.25426549e-03,-2.35220481e-03,5.84949115e-04,3.55872199e-03,6.56132742e-03,9.56194846e-03,1.25004430e-02,1.52912495e-02,1.78336114e-02,2.00189458e-02,2.17255556e-02,2.27958666e-02,2.29835545e-02,2.21871786e-02,2.00371865e-02,1.62945851e-02,1.09632588e-02,4.38672986e-03,-2.77010684e-03,-9.70775102e-03,-1.58076398e-02,-2.07597243e-02,-2.45220646e-02,-2.71922623e-02,-2.88986069e-02,-2.97643234e-02,-2.99721556e-02,-2.96160561e-02,-2.88504698e-02,-2.78835456e-02,-2.68967206e-02,-2.60207692e-02,-2.53245563e-02,-2.48230727e-02,-2.44992199e-02,-2.43266213e-02,-2.42756561e-02,-2.43298032e-02,-2.44779912e-02,-2.46868072e-02,-2.49038722e-02,-2.50515055e-02,-2.50677214e-02,-2.48571325e-02,-2.43760102e-02,-2.36676633e-02,-2.28605070e-02,-2.21438388e-02,-2.17234102e-02
-1.42038289e-02,-1.49413385e-02,-1.55456789e-02,-1.59222720e-02,-1.59897277e-02,-1.56313632e-02,-1.47923212e-02,-1.34936810e-02,-1.18147826e-02,-9.87331870e-03,-7.80474339e-03,-5.74554413e-03,-3.82043828e-03,-2.13149414e-03,-7.47376780e-04,3.07376132e-04,1.06080684e-03,1.59593979e-03,2.04036077e-03,2.54341340e-03,3.24678085e-03,4.25701176e-03,5.62569108e-03,7.34141020e-03,9.33356549e-03,1.14847063e-02,1.36471183e-02,1.56603729e-02,1.73680402e-02,1.86322942e-02,1.93443240e-02,1.94142983e-02,1.89393373e-02,1.78958433e-02,1.64115113e-02,1.46583301e-02,1.27896574e-02,1.08897383e-02,8.95869170e-03,6.94641616e-03,4.81533150e-03,2.59388330e-03,3.87471634e-04,-1.65951668e-03,-3.42550694e-03,-4.85720365e-03,-5.97198619e-03,-6.82612706e-03,-7.47148829e-03,-7.92659295e-03,-8.17778875e-03,-8.22115692e-03,-8.06343069e-03,-7.77495225e-03,-7.47090944e-03,-7.28466519e-03,-7.31556473e-03,-7.65627218e-03,-8.31832539e-03,-9.24452397e-03,-1.03207625e-02,-1.14191248e-02,-1.24478087e-02,-1.33737093e-02
-4.44239159e-02,-4.50234616e-02,-4.46074097e-02,-4.30075145e-02,-4.04892848e-02,-3.72500632e-02,-3.34771162e-02,-2.93400512e-02,-2.49853855e-02,-2.05366951e-02,-1.60975784e-02,-1.17549372e-02,-7.58109777e-03,-3.63467080e-03,3.88810084e-05,3.40551814e-03,6.44034326e-03,9.12223709e-03,1.14226989e-02,1.32879982e-02,1.46181779e-02,1.52526813e-02,1.50011758e-02,1.37595640e-02,1.13824834e-02,7.98685984e-03,3.92374672e-03,-2.99727547e-04,-4.20550767e-03,-7.53628741e-03,-1.02932284e-02,-1.26365494e-02,-1.47524423e-02,-1.67592581e-02,-1.86791000e-02,-2.04659085e-02,-2.20575323e-02,-2.34149025e-02,-2.45312380e-02,-2.54185426e-02,-2.60868608e-02,-2.65263749e-02,-2.67115730e-02,-2.66381552e-02,-2.61946028e-02,-2.53553249e-02,-2.41203304e-02,-2.25329028e-02,-2.06720493e-02,-1.86417967e-02,-1.65675190e-02,-1.46017057e-02,-1.29346244e-02,-1.18004992e-02,-1.14200503e-02,-1.20224782e-02,-1.38169098e-02,-1.68264563e-02,-2.08927659e-02,-2.56797744e-02,-3.07255783e-02,-3.55230889e-02,-3.96098547e-02,-4.26396626e-02
1.13910354e-02,1.13723314e-02,1.15872279e-02,1.19961010e-02,1.25258000e-02,1.31145172e-02,1.37216906e-02,1.43317885e-02,1.49480092e-02,1.55769748e-02,1.62126421e-02,1.68295241e-02,1.73900187e-02,1.78610928e-02,1.82284251e-02,1.84974140e-02,1.86802351e-02,1.87789728e-02,1.87744059e-02,1.86599759e-02,1.83991590e-02,1.79825490e-02,1.74157521e-02,1.67092831e-02,1.58641519e-02,1.48634984e-02,1.36783689e-02,1.22872990e-02,1.07008331e-02,8.97805149e-03,7.22553502e-03,5.57892227e-03,4.17540951e-03,3.12608665e-03,2.49380264e-03,2.28052664e-03,2.42401266e-03,2.81870766e-03,3.34310001e-03,3.89379391e-03,4.42195202e-03,4.94100819e-03,5.50127264e-03,6.14668012e-03,6.88257413e-03,7.67312452e-03,8.46518776e-03,9.21938212e-03,9.92927965e-03,1.06211454e-02,1.13387686e-02,1.21229241e-02,1.29920327e-02,1.39261726e-02,1.48565175e-02,1.56655343e-02,1.62050166e-02,1.63317954e-02,1.60311177e-02,1.53146309e-02,1.43227853e-02,1.32713379e-02,1.23603039e-02,1.17178434e-02
1.64796811e-02,1.71262496e-02,1.75767207e-02,1.79034719e-02,1.81800674e-02,1.84957226e-02,1.89691424e-02,1.97430364e-02,2.09503758e-02,2.26697222e-02,2.49001198e-02,2.75679096e-02,3.05535023e-02,3.37177421e-02,3.69149485e-02,3.99920080e-02,4.27821038e-02,4.51050979e-02,4.67840886e-02,4.76839437e-02,4.77243738e-02,4.72002816e-02,4.60579239e-02,4.44646673e-02,4.25636203e-02,4.04004914e-02,3.79355449e-02,3.51049623e-02,3.18951747e-02,2.83937470e-02,2.47938529e-02,2.13555668e-02,1.83475096e-02,1.59882992e-02,1.43943606e-02,1.35415387e-02,1.32528979e-02,1.32096134e-02,1.30490482e-02,1.24398889e-02,1.11334873e-02,9.12061759e-03,6.65816520e-03,4.15561457e-03,1.97768152e-03,3.11576781e-04,-8.28671595e-04,-1.52220037e-03,-1.86668895e-03,-1.94197672e-03,-1.79056757e-03,-1.42591462e-03,-8.41625422e-04,-2.56395947e-05,1.02734015e-03,2.31148788e-03,3.81101014e-03,5.49868396e-03,7.32901608e-03,9.23073576e-03,1.11070072e-02,1.28483656e-02,1.43564235e-02,1.55697582e-02
-3.26797562e-02,-3.22030810e-02,-3.13508685e-02,-3.01798112e-02,-2.87540061e-02,-2.71416304e-02,-2.54088373e-02,-2.36149825e-02,-2.18111439e-02,-2.00406707e-02,-1.83381702e-02,-1.67242178e-02,-1.51971899e-02,-1.37279964e-02,-1.22641410e-02,-1.07447392e-02,-9.12037694e-03,-7.36705065e-03,-5.48784772e-03,-3.50680554e-03,-1.46511699e-03,5.75913772e-04,2.53137755e-03,4.30373970e-03,5.81095426e-03,7.02188518e-03,7.97636628e-03,8.77003628e-03,9.50904360e-03,1.02662145e-02,1.10660228e-02,1.18992173e-02,1.27469993e-02,1.35922514e-02,1.44123306e-02,1.51663059e-02,1.57923324e-02,1.62196626e-02,1.63859462e-02,1.62662329e-02,1.58482440e-02,1.51061447e-02,1.40311340e-02,1.26173930e-02,1.08783583e-02,8.86334420e-03,6.65786221e-03,4.36215220e-03,2.05854214e-03,-2.14636992e-04,-2.47280378e-03,-4.77926398e-03,-7.22651385e-03,-9.90533929e-03,-1.28623493e-02,-1.60607880e-02,-1.93696411e-02,-2.25949774e-02,-2.55378253e-02,-2.80443534e-02,-3.00260850e-02,-3.14527905e-02,-3.23324203e-02,-3.26990322e-02
-2.09718324e-03,-4.70260712e-03,-7.52310344e-03,-1.03772055e-02,-1.30867658e-02,-1.55235320e-02,-1.76300752e-02,-1.94154689e-02,-2.09287376e-02,-2.22211741e-02,-2.33167106e-02,-2.42055104e-02,-2.48595824e-02,-2.52547594e-02,-2.53954949e-02,-2.53023205e-02,-2.49490307e-02,-2.43525353e-02,-2.35253988e-02,-2.24911159e-02,-2.12946407e-02,-2.00062786e-02,-1.87165004e-02,-1.75211934e-02,-1.65001285e-02,-1.56958371e-02,-1.51025956e-02,-1.46715010e-02,-1.43279541e-02,-1.39903541e-02,-1.35834221e-02,-1.30499266e-02,-1.23639950e-02,-1.15428978e-02,-1.06490638e-02,-9.77548947e-03,-9.01536841e-03,-8.42572300e-03,-8.00175902e-03,-7.67796122e-03,-7.35592301e-03,-6.94123480e-03,-6.37076891e-03,-5.61536318e-03,-4.66582477e-03,-3.52094109e-03,-2.18700363e-03,-6.85398881e-04,9.40775148e-04,2.62652428e-03,4.29243998e-03,5.85234269e-03,7.21885674e-03,8.30601244e-03,9.03200667e-03,9.32724450e-03,9.16517493e-03,8.57630367e-03,7.62775616e-03,6.44401077e-03,5.12497454e-03,3.69095361e-03,2.07480208e-03,1.69474184e-04
1.57375511e-02,1.44383302e-02,1.32972186e-02,1.23507823e-02,1.16424929e-02,1.12140607e-02,1.11082354e-02,1.13401672e-02,1.19431420e-02,1.29186698e-02,1.42267914e-02,1.57942337e-02,1.75264943e-02,1.93256806e-02,2.11065291e-02,2.28051050e-02,2.43782426e-02,2.57951980e-02,2.70260096e-02,2.80330349e-02,2.87715256e-02,2.91999705e-02,2.92839411e-02,2.91042492e-02,2.86741967e-02,2.80749369e-02,2.74261048e-02,2.68530518e-02,2.64626834e-02,2.63101031e-02,2.63435854e-02,2.64474174e-02,2.64488994e-02,2.61996492e-02,2.55408514e-02,2.44256642e-02,2.29287840e-02,2.12234180e-02,1.95203567e-02,1.80050123e-02,1.68105900e-02,1.60327883e-02,1.57591282e-02,1.60339599e-02,1.68925190e-02,1.83368109e-02,2.02687127e-02,2.25227478e-02,2.48896236e-02,2.71486883e-02,2.91021106e-02,3.06027079e-02,3.15661952e-02,3.19603008e-02,3.18311088e-02,3.12386497e-02,3.01508980e-02,2.86212982e-02,2.67470093e-02,2.46738749e-02,2.25724995e-02,2.05862558e-02,1.87883499e-02,1.71817272e-02
-2.39951369e-02,-2.36107410e-02,-2.33689595e-02,-2.31885226e-02,-2.29566244e-02,-2.25743630e-02,-2.20121933e-02,-2.13188753e-02,-2.05910179e-02,-1.99263320e-02,-1.93810413e-02,-1.89477907e-02,-1.85624272e-02,-1.81329143e-02,-1.75786014e-02,-1.68640434e-02,-1.60038525e-02,-1.50400597e-02,-1.40123318e-02,-1.29397302e-02,-1.18214710e-02,-1.06525058e-02,-9.44286108e-03,-8.22966616e-03,-7.07677829e-03,-6.06415752e-03,-5.27313168e-03,-4.77497104e-03,-4.62119188e-03,-4.87322156e-03,-5.63353236e-03,-7.06674008e-03,-9.38909765e-03,-1.27621332e-02,-1.71065471e-02,-2.19588163e-02,-2.65613476e-02,-3.01947763e-02,-3.24756122e-02,-3.34137419e-02,-3.34235147e-02,-3.25416280e-02,-3.11703208e-02,-2.95628614e-02,-2.78981286e-02,-2.62999376e-02,-2.48592797e-02,-2.36514176e-02,-2.27382905e-02,-2.21557916e-02,-2.18973261e-02,-2.18833790e-02,-2.20934565e-02,-2.24558461e-02,-2.29387790e-02,-2.35331463e-02,-2.42180446e-02,-2.49236386e-02,-2.55233064e-02,-2.58757372e-02,-2.59341382e-02,-2.56553201e-02,-2.51345087e-02,-2.45309583e-02
-8.64150211e-03,-1.63959168e-02,-2.21346335e-02,-2.58121643e-02,-2.78157482e-02,-2.86601228e-02,-2.88472490e-02,-2.87080276e-02,-2.85608216e-02,-2.85537288e-02,-2.87739671e-02,-2.91502546e-02,-2.95588492e-02,-2.98979132e-02,-3.01287032e-02,-3.02645633e-02,-3.03293589e-02,-3.03335822e-02,-3.02250333e-02,-2.99073911e-02,-2.92766062e-02,-2.82576797e-02,-2.68240999e-02,-2.49930445e-02,-2.28084223e-02,-2.03253034e-02,-1.76027172e-02,-1.47041964e-02,-1.17009742e-02,-8.67261049e-03,-5.70265505e-03,-2.87000298e-03,-2.38347458e-04,2.15270594e-03,4.29106166e-03,6.18461446e-03,7.84425656e-03,9.26783515e-03,1.04386173e-02,1.13456743e-02,1.20177335e-02,1.25461043e-02,1.30711675e-02,1.37357905e-02,1.46364828e-02,1.57915079e-02,1.71417962e-02,1.85813285e-02,1.99983988e-02,2.13113715e-02,2.24881771e-02,2.35434231e-02,2.45147720e-02,2.54299008e-02,2.62778649e-02,2.69914795e-02,2.74357479e-02,2.73754907e-02,2.66669701e-02,2.48749384e-02,2.15651883e-02,1.63406736e-02,9.08879428e-03,3.33932997e-04
-1.13784099e-03,8.97167699e-04,3.24080087e-03,5.63924599e-03,7.89356692e-03,9.84856982e-03,1.13792857e-02,1.23791873e-02,1.27511093e-02,1.24436825e-02,1.14233381e-02,9.68683200e-03,7.37270077e-03,4.74827447e-03,2.16712662e-03,-3.89871507e-05,-1.67286787e-03,-2.72242300e-03,-3.32346219e-03,-3.67575977e-03,-3.95744863e-03,-4.26666928e-03,-4.60561500e-03,-4.91572986e-03,-5.13861940e-03,-5.25995623e-03,-5.31203929e-03,-5.34321100e-03,-5.38501970e-03,-5.43711229e-03,-5.48745507e-03,-5.55125858e-03,-5.69817981e-03,-6.04549342e-03,-6.70967987e-03,-7.74413452e-03,-9.09764053e-03,-1.06153268e-02,-1.20767477e-02,-1.32479604e-02,-1.39301075e-02,-1.40511159e-02,-1.35352139e-02,-1.24188912e-02,-1.07896447e-02,-8.74461501e-03,-6.36755504e-03,-3.72050016e-03,-8.49862635e-04,2.19636251e-03,5.34357706e-03,8.46542409e-03,1.13611589e-02,1.37434576e-02,1.52446007e-02,1.54424619e-02,1.42520726e-02,1.15276593e-02,7.67997099e-03,3.54754410e-03,5.17138274e-05,-2.18435382e-03,-2.99821016e-03,-2.55146703e-03
2.75592938e-03,1.92202213e-03,9.03910183e-04,-3.94048999e-04,-2.05692844e-03,-4.07509573e-03,-6.28361233e-03,-8.38740679e-03,-1.00828246e-02,-1.11938692e-02,-1.17299516e-02,-1.18571293e-02,-1.17653053e-02,-1.16503541e-02,-1.16328697e-02,-1.17910028e-02,-1.21724030e-02,-1.28332226e-02,-1.38338492e-02,-1.51879273e-02,-1.68088020e-02,-1.85147861e-02,-2.01086259e-02,-2.14729427e-02,-2.26096404e-02,-2.36085853e-02,-2.45803224e-02,-2.55856329e-02,-2.65805176e-02,-2.73969153e-02,-2.78006314e-02,-2.76826014e-02,-2.67527133e-02,-2.50052967e-02,-2.25343126e-02,-1.95189393e-02,-1.61715946e-02,-1.26974339e-02,-9.27131978e-03,-6.03071293e-03,-3.08026813e-03,-5.02154661e-04,1.63436994e-03,3.27021307e-03,4.36271221e-03,4.89442436e-03,4.88263717e-03,4.41913169e-03,3.60747659e-03,2.62678735e-03,1.67329007e-03,9.20700728e-04,4.84879957e-04,4.11052632e-04,6.81614029e-04,1.23457188e-03,1.97476626e-03,2.78300940e-03,3.52737654e-03,4.08280526e-03,4.35748098e-03,4.31623915e-03,3.99567237e-03,3.45338480e-03
3.56932242e-02,3.83343231e-02,4.09469932e-02,4.35040326e-02,4.59619207e-02,4.82566679e-02,5.03070489e-02,5.20293919e-02,5.33642001e-02,5.43062388e-02,5.49193446e-02,5.53162722e-02,5.56076853e-02,5.58573135e-02,5.60622066e-02,5.61359094e-02,5.60106175e-02,5.55683770e-02,5.46639912e-02,5.32005222e-02,5.11550536e-02,4.86159855e-02,4.58024907e-02,4.30303454e-02,4.06131316e-02,3.87419477e-02,3.74157282e-02,3.64632459e-02,3.56412730e-02,3.47422362e-02,3.36625140e-02,3.24382105e-02,3.12200220e-02,3.01780931e-02,2.93995217e-02,2.88509196e-02,2.84191817e-02,2.79819597e-02,2.74492720e-02,2.67667631e-02,2.58881616e-02,2.47349114e-02,2.31853364e-02,2.11234880e-02,1.85357035e-02,1.55906385e-02,1.26194036e-02,9.98716299e-03,7.95915671e-03,6.65936795e-03,6.11070347e-03,6.28037134e-03,7.09197991e-03,8.48032193e-03,1.03289837e-02,1.25098652e-02,1.49010093e-02,1.74053880e-02,1.99613718e-02,2.25409757e-02,2.51383535e-02,2.77554676e-02,3.03918579e-02,3.30413025e-02
-2.01223360e-02,-1.79268836e-02,-1.55015845e-02,-1.28563359e-02,-1.00295683e-02,-7.08458440e-03,-4.09645219e-03,-1.13372826e-03,1.75832182e-03,4.56728313e-03,7.31208965e-03,1.00311852e-02,1.27655289e-02,1.55402542e-02,1.83486007e-02,2.11406205e-02,2.38180345e-02,2.62358109e-02,2.82108075e-02,2.95378212e-02,3.00097444e-02,2.96287460e-02,2.84041786e-02,2.64181997e-02,2.39581560e-02,2.13508776e-02,1.88584373e-02,1.66257195e-02,1.46741138e-02,1.29111431e-02,1.11467480e-02,9.13215872e-03,6.63308763e-03,3.52756644e-03,-1.18135504e-04,-4.06457569e-03,-8.03957369e-03,-1.19097056e-02,-1.57493361e-02,-1.97741249e-02,-2.41723927e-02,-2.89138935e-02,-3.36644125e-02,-3.79058077e-02,-4.11842830e-02,-4.32885287e-02,-4.42724151e-02,-4.44449123e-02,-4.39042176e-02,-4.28934672e-02,-4.16150011e-02,-4.01901801e-02,-3.86842826e-02,-3.71361652e-02,-3.55804261e-02,-3.40526154e-02,-3.25798626e-02,-3.11683419e-02,-2.97984643e-02,-2.84308825e-02,-2.70185556e-02,-2.55171898e-02,-2.38890538e-02,-2.21010395e-02
-3.52591135e-02,-3.65160897e-02,-3.68589701e-02,-3.63243209e-02,-3.49717287e-02,-3.30370041e-02,-3.07319823e-02,-2.82455585e-02,-2.57429320e-02,-2.33695487e-02,-2.12603419e-02,-1.95514068e-02,-1.83868501e-02,-1.78877908e-02,-1.80806544e-02,-1.90948009e-02,-2.08493869e-02,-2.32021780e-02,-2.59663768e-02,-2.89277889e-02,-3.18345228e-02,-3.43863637e-02,-3.62691428e-02,-3.72466834e-02,-3.73753227e-02,-3.64999782e-02,-3.47210870e-02,-3.22043841e-02,-2.91005414e-02,-2.55296217e-02,-2.15861558e-02,-1.73527821e-02,-1.29145817e-02,-8.37031869e-03,-3.83922902e-03,5.37690686e-04,4.60197009e-03,8.19779414e-03,1.12007340e-02,1.35490160e-02,1.52652904e-02,1.64490095e-02,1.72318970e-02,1.77133338e-02,1.79051883e-02,1.77303947e-02,1.70442334e-02,1.56198831e-02,1.32828240e-02,9.98570410e-03,5.89098181e-03,1.38465683e-03,-3.02761430e-03,-6.91272842e-03,-1.00741861e-02,-1.25633047e-02,-1.46015024e-02,-1.64820531e-02,-1.84933580e-02,-2.08587332e-02,-2.36750132e-02,-2.68551675e-02,-3.01148119e-02,-3.30460124e-02
-2.67329439e-02,-2.58103858e-02,-2.52128538e-02,-2.48248168e-02,-2.45411630e-02,-2.43238323e-02,-2.42322320e-02,-2.44168780e-02,-2.51870028e-02,-2.68327220e-02,-2.95555176e-02,-3.33808177e-02,-3.81409802e-02,-4.35176618e-02,-4.91002892e-02,-5.44463469e-02,-5.91585391e-02,-6.29636600e-02,-6.57546267e-02,-6.75866282e-02,-6.86459331e-02,-6.92013763e-02,-6.95401569e-02,-6.99433938e-02,-7.07430687e-02,-7.22413865e-02,-7.45814707e-02,-7.76884905e-02,-8.12507869e-02,-8.47832592e-02,-8.77767869e-02,-8.98628761e-02,-9.09249851e-02,-9.11761978e-02,-9.06658267e-02,-8.93261717e-02,-8.74813130e-02,-8.53187726e-02,-8.30000859e-02,-8.06672269e-02,-7.84386420e-02,-7.63959322e-02,-7.45697014e-02,-7.29352709e-02,-7.14235390e-02,-6.99432528e-02,-6.84056922e-02,-6.67430472e-02,-6.49154687e-02,-6.29087703e-02,-6.07293399e-02,-5.83995462e-02,-5.59515368e-02,-5.34173778e-02,-5.08185223e-02,-4.81613394e-02,-4.54433624e-02,-4.26683607e-02,-3.98624391e-02,-3.70826356e-02,-3.44141765e-02,-3.19582452e-02,-2.98143810e-02,-2.80605392e-02
6.04548875e-03,6.81322612e-03,7.24198986e-03,7.38388807e-03,7.33387264e-03,7.21029237e-03,7.14867026e-03,7.27409850e-03,7.67268738e-03,8.39552673e-03,9.45011316e-03,1.08134097e-02,1.24353550e-02,1.42383686e-02,1.61234854e-02,1.79894324e-02,1.97590703e-02,2.13991128e-02,2.29208208e-02,2.43604352e-02,2.57497525e-02,2.70902153e-02,2.83387556e-02,2.94074878e-02,3.01758784e-02,3.05108987e-02,3.03463985e-02,2.96733782e-02,2.84477035e-02,2.67320890e-02,2.46212156e-02,2.22221050e-02,1.96618559e-02,1.71006771e-02,1.47163913e-02,1.26557186e-02,1.09898493e-02,9.71108782e-03,8.76752767e-03,8.10513881e-03,7.68983573e-03,7.49843301e-03,7.48545940e-03,7.53785457e-03,7.48086316e-03,7.09183274e-03,6.13910241e-03,4.48200499e-03,2.14470955e-03,-6.47756334e-04,-3.51383689e-03,-6.04367633e-03,-7.92579821e-03,-9.00599328e-03,-9.30262364e-03,-8.87728168e-03,-7.83761450e-03,-6.32082384e-03,-4.46677431e-03,-2.42034378e-03,-3.29173860e-04,1.66541270e-03,3.44312166e-03,4.91858012e-03
-1.20927214e-02,-1.28743565e-02,-1.37001085e-02,-1.45294356e-02,-1.53331970e-02,-1.60781340e-02,-1.67002083e-02,-1.70967221e-02,-1.71887805e-02,-1.68892411e-02,-1.61870592e-02,-1.51812420e-02,-1.40522364e-02,-1.30261395e-02,-1.23211736e-02,-1.20649896e-02,-1.22674980e-02,-1.28081157e-02,-1.34314034e-02,-1.38758294e-02,-1.39898966e-02,-1.36887677e-02,-1.29718055e-02,-1.18864955e-02,-1.04835638e-02,-8.80817762e-03,-6.90419886e-03,-4.82156013e-03,-2.62043550e-03,-3.70889484e-04,1.84938972e-03,3.95571921e-03,5.85358536e-03,7.43207358e-03,8.56101912e-03,9.09864665e-03,8.92559653e-03,8.02294797e-03,6.40260894e-03,4.23291431e-03,1.73882864e-03,-8.91217400e-04,-3.56060002e-03,-6.23205636e-03,-8.83884839e-03,-1.12275192e-02,-1.31843889e-02,-1.45253422e-02,-1.51777901e-02,-1.52518019e-02,-1.48239247e-02,-1.40924118e-02,-1.32323254e-02,-1.23734360e-02,-1.15963810e-02,-1.09436259e-02,-1.04369987e-02,-1.00915536e-02,-9.91947383e-03,-9.91022433e-03,-1.00691093e-02,-1.03776342e-02,-1.08232020e-02,-1.13990156e-02
-7.76249892e-03,-7.95086320e-03,-7.77688948e-03,-7.25151820e-03,-6.41600386e-03,-5.31974342e-03,-4.02771371e-03,-2.62703712e-03,-1.22027984e-03,9.57767755e-05,1.25572033e-03,2.24094257e-03,3.07098608e-03,3.77418215e-03,4.35771249e-03,4.79899142e-03,5.06188352e-03,5.11958452e-03,4.97348028e-03,4.62797002e-03,4.10485536e-03,3.45514587e-03,2.78077160e-03,2.23915864e-03,2.01116371e-03,2.24339368e-03,3.00477446e-03,4.28011173e-03,5.96864093e-03,7.90757814e-03,9.89189717e-03,1.16943037e-02,1.30872095e-02,1.38661392e-02,1.38562090e-02,1.30858487e-02,1.14711222e-02,9.10935576e-03,6.16063462e-03,2.82430354e-03,-6.82930296e-04,-4.13988939e-03,-7.33335144e-03,-1.00674726e-02,-1.21802665e-02,-1.35681771e-02,-1.42055474e-02,-1.42198138e-02,-1.36334373e-02,-1.26015596e-02,-1.12574591e-02,-9.72009632e-03,-8.10292710e-03,-6.52502512e-03,-5.11332211e-03,-3.99111754e-03,-3.25758903e-03,-2.96493753e-03,-3.10939555e-03,-3.64175119e-03,-4.46127452e-03,-5.43480512e-03,-6.40826912e-03,-7.22658655e-03
-1.67849352e-02,-1.70496607e-02,-1.70523577e-02,-1.68533430e-02,-1.66139107e-02,-1.64949404e-02,-1.66260404e-02,-1.71542374e-02,-1.81402812e-02,-1.95897545e-02,-2.14421559e-02,-2.35546718e-02,-2.56919170e-02,-2.75482440e-02,-2.88153552e-02,-2.93145819e-02,-2.90524212e-02,-2.78866861e-02,-2.59789415e-02,-2.34942979e-02,-2.05982256e-02,-1.74395388e-02,-1.41432769e-02,-1.08116066e-02,-7.52722432e-03,-4.35493059e-03,-1.33955142e-03,1.49831711e-03,4.16428801e-03,6.68355556e-03,9.08461979e-03,1.13809034e-02,1.35602151e-02,1.55875780e-02,1.74174363e-02,1.90053239e-02,2.03115551e-02,2.12972213e-02,2.19181108e-02,2.21194747e-02,2.19003041e-02,2.12344038e-02,2.01266742e-02,1.86817486e-02,1.70795012e-02,1.55298244e-02,1.41930737e-02,1.31118239e-02,1.21999039e-02,1.12921013e-02,1.02154006e-02,8.84303522e-03,7.11812030e-03,5.04660976e-03,2.67746912e-03,9.14908157e-05,-2.60064377e-03,-5.27027777e-03,-7.79826175e-03,-1.00971503e-02,-1.21136699e-02,-1.38146200e-02,-1.51730075e-02,-1.61660883e-02
-3.71071128e-02,-3.73010577e-02,-3.70945646e-02,-3.63442929e-02,-3.51324736e-02,-3.35773308e-02,-3.18019419e-02,-2.99030757e-02,-2.79467261e-02,-2.59866288e-02,-2.40894148e-02,-2.23456785e-02,-2.08542063e-02,-1.96855214e-02,-1.88490655e-02,-1.82912608e-02,-1.79325878e-02,-1.77238522e-02,-1.76700132e-02,-1.78608567e-02,-1.84578569e-02,-1.96096047e-02,-2.14008637e-02,-2.37990767e-02,-2.66394588e-02,-2.96564888e-02,-3.25433264e-02,-3.50131327e-02,-3.68498515e-02,-3.79466543e-02,-3.83477452e-02,-3.82360804e-02,-3.76305524e-02,-3.67781860e-02,-3.58416123e-02,-3.49066617e-02,-3.39773986e-02,-3.29967609e-02,-3.18886020e-02,-3.06058297e-02,-2.91618885e-02,-2.76314934e-02,-2.61289669e-02,-2.47824184e-02,-2.37152789e-02,-2.30331286e-02,-2.27847379e-02,-2.29686505e-02,-2.35972032e-02,-2.45497576e-02,-2.56835781e-02,-2.68761626e-02,-2.80581767e-02,-2.92113739e-02,-3.03363129e-02,-3.14146893e-02,-3.23951896e-02,-3.32175517e-02,-3.38583709e-02,-3.43595840e-02,-3.48159202e-02,-3.53309743e-02,-3.59505139e-02,-3.66024934e-02
3.59651414e-02,3.61324321e-02,3.60809266e-02,3.58274136e-02,3.53775921e-02,3.48037068e-02,3.41734482e-02,3.34995488e-02,3.27256880e-02,3.17611629e-02,3.05485189e-02,2.91347551e-02,2.76981555e-02,2.64924497e-02,2.57300767e-02,2.54805281e-02,2.55701299e-02,2.57533803e-02,2.56749988e-02,2.50881833e-02,2.37175913e-02,2.15290285e-02,1.87432046e-02,1.57621637e-02,1.30087411e-02,1.07655893e-02,9.10357154e-03,7.91566283e-03,7.01557377e-03,6.24751118e-03,5.56048092e-03,5.02018323e-03,4.75828969e-03,4.89089136e-03,5.45671037e-03,6.43892704e-03,7.75504443e-03,9.30085696e-03,1.09769539e-02,1.27056602e-02,1.44361745e-02,1.61373903e-02,1.77822134e-02,1.93327812e-02,2.07380192e-02,2.19499831e-02,2.29537953e-02,2.37924599e-02,2.45634471e-02,2.53823092e-02,2.63358903e-02,2.74478179e-02,2.86703783e-02,2.99061918e-02,3.10464475e-02,3.20072014e-02,3.27518189e-02,3.32963461e-02,3.36992858e-02,3.40384454e-02,3.43830409e-02,3.47723538e-02,3.52027881e-02,3.56265601e-02
4.00647220e-02,4.06467327e-02,4.09341117e-02,4.08717129e-02,4.04714883e-02,3.96170350e-02,3.82154385e-02,3.61519978e-02,3.33246220e-02,2.97107434e-02,2.54231776e-02,2.07058735e-02,1.58564550e-02,1.11246258e-02,6.65324720e-03,2.48303952e-03,-1.40101908e-03,-5.00699409e-03,-8.28485074e-03,-1.11246407e-02,-1.34057693e-02,-1.50530244e-02,-1.60523868e-02,-1.64417373e-02,-1.62969750e-02,-1.55868293e-02,-1.43543754e-02,-1.26417628e-02,-1.05023595e-02,-7.99884842e-03,-5.19906517e-03,-2.17412957e-03,1.00154595e-03,4.24956469e-03,7.49041280e-03,1.06455937e-02,1.36408171e-02,1.64096511e-02,1.88966432e-02,2.10591298e-02,2.28672426e-02,2.43019253e-02,2.53517378e-02,2.60121631e-02,2.62954390e-02,2.62672605e-02,2.60654756e-02,2.58329901e-02,2.58055831e-02,2.60951536e-02,2.68152790e-02,2.79375187e-02,2.93286690e-02,3.08072673e-02,3.22009479e-02,3.33909618e-02,3.43345609e-02,3.50634005e-02,3.56616629e-02,3.62319362e-02,3.68617366e-02,3.75977676e-02,3.84291318e-02,3.92871181e-02
3.18251497e-02,2.93446792e-02,2.69069570e-02,2.45907674e-02,2.24043374e-02,2.03622759e-02,1.85533506e-02,1.71475011e-02,1.63369096e-02,1.62735841e-02,1.68620623e-02,1.80973388e-02,1.98106499e-02,2.18030608e-02,2.38854299e-02,2.59045341e-02,2.77637851e-02,2.94315130e-02,3.09298593e-02,3.23062659e-02,3.36010796e-02,3.48266132e-02,3.59641446e-02,3.69750079e-02,3.78172246e-02,3.84616478e-02,3.89064444e-02,3.91885271e-02,3.93832645e-02,3.95804328e-02,3.98588815e-02,4.02705348e-02,4.08207179e-02,4.14622145e-02,4.21084083e-02,4.26567446e-02,4.30135778e-02,4.30999262e-02,4.29724236e-02,4.26343825e-02,4.21468906e-02,4.16197457e-02,4.11581311e-02,4.08268575e-02,4.06257681e-02,4.04939298e-02,4.03548888e-02,4.01531345e-02,3.98746240e-02,3.95594103e-02,3.92802933e-02,3.91000667e-02,3.90447720e-02,3.90781766e-02,3.91740900e-02,3.93039625e-02,3.94313596e-02,3.95126693e-02,3.94756827e-02,3.92548443e-02,3.87096049e-02,3.77116048e-02,3.61887090e-02,3.41761078e-02
-2.48407067e-02,-2.85732221e-02,-3.17593688e-02,-3.44308842e-02,-3.65685983e-02,-3.81081824e-02,-3.89932698e-02,-3.92704825e-02,-3.89982083e-02,-3.81420834e-02,-3.68158617e-02,-3.50974808e-02,-3.30605829e-02,-3.07935254e-02,-2.84090347e-02,-2.60412253e-02,-2.38316045e-02,-2.19088695e-02,-2.03686937e-02,-1.92620387e-02,-1.86008403e-02,-1.83646182e-02,-1.85427680e-02,-1.92218391e-02,-2.04556589e-02,-2.22478966e-02,-2.44577839e-02,-2.67687894e-02,-2.87727796e-02,-3.01253037e-02,-3.06825880e-02,-3.05747010e-02,-2.97251788e-02,-2.83315902e-02,-2.65137480e-02,-2.43551783e-02,-2.19274517e-02,-1.93159411e-02,-1.66350282e-02,-1.40267673e-02,-1.16441325e-02,-9.62303907e-03,-8.04870143e-03,-6.92550029e-03,-6.16451890e-03,-5.60092372e-03,-5.03617956e-03,-4.28696956e-03,-3.22826858e-03,-1.81671076e-03,-9.42148480e-05,1.82102569e-03,3.75152819e-03,5.48012927e-03,6.76438018e-03,7.34934848e-03,7.00440171e-03,5.57548357e-03,2.94274825e-03,-8.18866937e-04,-5.45040411e-03,-1.05552719e-02,-1.57011031e-02,-2.05315413e-02
-1.54042358e-03,-3.35269681e-03,-5.69952698e-03,-8.47828904e-03,-1.14975392e-02,-1.44966733e-02,-1.71757937e-02,-1.92448339e-02,-2.04870069e-02,-2.08639419e-02,-2.03927446e-02,-1.91435558e-02,-1.73263156e-02,-1.51697886e-02,-1.28970691e-02,-1.07038332e-02,-8.73721005e-03,-7.07339479e-03,-5.70037770e-03,-4.51975893e-03,-3.37853309e-03,-2.12466598e-03,-6.60363136e-04,1.03726479e-03,2.93501857e-03,4.98461540e-03,7.15400161e-03,9.43422676e-03,1.18237140e-02,1.43059577e-02,1.68378395e-02,1.93555808e-02,2.17932980e-02,2.41028057e-02,2.62645102e-02,2.82856304e-02,3.01890946e-02,3.19997945e-02,3.37332429e-02,3.53880660e-02,3.69415747e-02,3.83473126e-02,3.95334611e-02,4.04006922e-02,4.08167269e-02,4.06672901e-02,3.99054903e-02,3.83316725e-02,3.58738129e-02,3.25624138e-02,2.85531442e-02,2.41251199e-02,1.96320343e-02,1.54147324e-02,1.17172424e-02,8.65346496e-03,6.23242852e-03,4.40601278e-03,3.09920969e-03,2.21264179e-03,1.61318061e-03,1.13112632e-03,5.71191398e-04,-2.64142087e-04
3.13604454e-02,2.96512091e-02,2.84324811e-02,2.78519318e-02,2.78673264e-02,2.82345935e-02,2.87954999e-02,2.92955798e-02,2.95384276e-02,2.94353983e-02,2.89845800e-02,2.81584551e-02,2.69979132e-02,2.55595429e-02,2.39082701e-02,2.21194467e-02,2.02801963e-02,1.84847247e-02,1.68220073e-02,1.53589400e-02,1.41251160e-02,1.31042290e-02,1.22342845e-02,1.14188991e-02,1.05534096e-02,9.56604027e-03,8.46379042e-03,7.35608161e-03,6.42740647e-03,5.86434341e-03,5.78428769e-03,6.17354207e-03,6.97157980e-03,8.03830326e-03,9.20560119e-03,1.03065926e-02,1.12017223e-02,1.18035664e-02,1.20938079e-02,1.21222654e-02,1.20134559e-02,1.18888294e-02,1.19073025e-02,1.21756227e-02,1.28001178e-02,1.38232649e-02,1.52446008e-02,1.70308324e-02,1.91282111e-02,2.14714149e-02,2.39853306e-02,2.65812621e-02,2.91533046e-02,3.15811092e-02,3.37419023e-02,3.55293008e-02,3.68710553e-02,3.77344283e-02,3.81105794e-02,3.80236346e-02,3.75237146e-02,3.65329637e-02,3.50765614e-02,3.32736266e-02
-3.05659642e-02,-2.95016740e-02,-2.86672588e-02,-2.79525249e-02,-2.72680367e-02,-2.65674766e-02,-2.58399517e-02,-2.50784111e-02,-2.42508591e-02,-2.32966069e-02,-2.21501545e-02,-2.07750617e-02,-1.91812283e-02,-1.74139368e-02,-1.55267362e-02,-1.35587555e-02,-1.15288224e-02,-9.44529318e-03,-7.32159869e-03,-5.18674163e-03,-3.08504622e-03,-1.06575363e-03,8.32300197e-04,2.59396509e-03,4.23431893e-03,5.79680010e-03,7.34685759e-03,8.96178931e-03,1.07153646e-02,1.26574958e-02,1.47946905e-02,1.70806347e-02,1.94231998e-02,2.17056278e-02,2.38111249e-02,2.56368661e-02,2.70883942e-02,2.80569804e-02,2.83863885e-02,2.79901545e-02,2.66901615e-02,2.42626785e-02,2.05600863e-02,1.54593725e-02,8.84690500e-03,6.56940865e-04,-8.95707344e-03,-1.93466075e-02,-2.93704282e-02,-3.78582833e-02,-4.41564771e-02,-4.82210852e-02,-5.03663703e-02,-5.10733507e-02,-5.08432200e-02,-4.96316547e-02,-4.78189070e-02,-4.56112124e-02,-4.31718286e-02,-4.06390153e-02,-3.81385579e-02,-3.57902760e-02,-3.37023500e-02,-3.19527157e-02
1.03479141e-02,9.44743864e-03,8.83134432e-03,8.34567934e-03,7.86500052e-03,7.30468753e-03,6.63414667e-03,5.87905112e-03,5.10228329e-03,4.37381304e-03,3.75129599e-03,3.28025226e-03,3.00116570e-03,2.94488324e-03,3.10528307e-03,3.42893963e-03,3.79585217e-03,4.03548570e-03,3.95837692e-03,3.41923948e-03,2.32463971e-03,7.16254383e-04,-1.23633128e-03,-3.28069981e-03,-5.16880523e-03,-6.72657884e-03,-7.88429776e-03,-8.66496591e-03,-9.14574444e-03,-9.41091413e-03,-9.51660030e-03,-9.48495917e-03,-9.28540246e-03,-8.87902489e-03,-8.21635474e-03,-7.24268560e-03,-5.90397258e-03,-4.15927938e-03,-1.99415083e-03,5.74207738e-04,3.50170227e-03,6.72919200e-03,1.01908484e-02,1.38164759e-02,1.75306442e-02,2.12518882e-02,2.48940794e-02,2.83694254e-02,3.15906509e-02,3.44698512e-02,3.69132485e-02,3.88130756e-02,4.00351150e-02,4.03691304e-02,3.98725725e-02,3.83757025e-02,3.57903319e-02,3.22659028e-02,2.81354766e-02,2.38426110e-02,1.98196284e-02,1.63809782e-02,1.36768131e-02,1.17031947e-02
-3.30835402e-03,-7.08719729e-03,-1.01785595e-02,-1.24701513e-02,-1.39908339e-02,-1.48819474e-02,-1.53593371e-02,-1.56622213e-02,-1.60047830e-02,-1.65249417e-02,-1.72127197e-02,-1.78923059e-02,-1.82818789e-02,-1.81926291e-02,-1.73421912e-02,-1.56753277e-02,-1.32483385e-02,-1.02153373e-02,-6.79210473e-03,-3.22514122e-03,2.34244391e-04,3.35285099e-03,5.94495596e-03,7.89735479e-03,9.18329440e-03,9.85809304e-03,1.00312632e-02,9.85836369e-03,9.45881643e-03,8.96843716e-03,8.53680910e-03,8.30660691e-03,8.38962045e-03,8.83592418e-03,9.69689749e-03,1.09903708e-02,1.27215879e-02,1.48677067e-02,1.73586091e-02,2.00698953e-02,2.28325393e-02,2.54543820e-02,2.77465761e-02,2.95494411e-02,3.07523175e-02,3.13019181e-02,3.12193176e-02,3.06297938e-02,2.95257942e-02,2.80307149e-02,2.63093846e-02,2.45463893e-02,2.29064339e-02,2.14910706e-02,2.03200415e-02,1.93405866e-02,1.84447795e-02,1.74791516e-02,1.62491238e-02,1.45348667e-02,1.21393258e-02,8.97071769e-03,5.12340818e-03,8.92760580e-04
2.47804707e-02,2.27231672e-02,2.03825255e-02,1.79661133e-02,1.57159795e-02,1.38446323e-02,1.24554779e-02,1.15104299e-02,1.08712295e-02,1.03825772e-02,9.94327944e-03,9.53276271e-03,9.19050677e-03,8.95929608e-03,8.82134577e-03,8.66746118e-03,8.32776867e-03,7.62304297e-03,6.44207424e-03,4.79482942e-03,2.80099757e-03,6.24739654e-04,-1.58899106e-03,-3.72893767e-03,-5.68814772e-03,-7.33200044e-03,-8.49912862e-03,-9.04203641e-03,-8.91419009e-03,-8.04417338e-03,-6.50597328e-03,-4.42458604e-03,-1.94924771e-03,7.79537265e-04,3.65539249e-03,6.61811040e-03,9.64261799e-03,1.27142886e-02,1.58017875e-02,1.88386994e-02,2.17198853e-02,2.43127837e-02,2.64807790e-02,2.81136827e-02,2.91570078e-02,2.96299856e-02,2.96229970e-02,2.93223627e-02,2.87931607e-02,2.81659622e-02,2.75368086e-02,2.69651618e-02,2.64859693e-02,2.61265511e-02,2.59216607e-02,2.59259550e-02,2.61244838e-02,2.65445479e-02,2.71124287e-02,2.76787124e-02,2.80425008e-02,2.79893668e-02,2.74804797e-02,2.64001586e-02
4.46388779e-02,4.72199725e-02,5.02154465e-02,5.34526461e-02,5.67561272e-02,5.99584476e-02,6.29096082e-02,6.54837591e-02,6.75787172e-02,6.91012990e-02,6.99331507e-02,6.99046810e-02,6.91755832e-02,6.73766655e-02,6.43688059e-02,6.02388078e-02,5.54073150e-02,5.06154012e-02,4.66775556e-02,4.41489279e-02,4.32027914e-02,4.34837485e-02,4.46480723e-02,4.65411345e-02,4.88666546e-02,5.14002830e-02,5.39948899e-02,5.65530874e-02,5.90016230e-02,6.12747245e-02,6.33081568e-02,6.50425591e-02,6.64326245e-02,6.74578704e-02,6.81290678e-02,6.84829149e-02,6.85381862e-02,6.84088813e-02,6.80313052e-02,6.73505740e-02,6.63320119e-02,6.49749548e-02,6.33323077e-02,6.14962395e-02,5.95574838e-02,5.75763342e-02,5.55929895e-02,5.36646840e-02,5.18897958e-02,5.03874618e-02,4.92390936e-02,4.84352044e-02,4.78693374e-02,4.73833881e-02,4.68230695e-02,4.60683613e-02,4.50632259e-02,4.38476935e-02,4.25687457e-02,4.14553123e-02,4.07593422e-02,4.07460656e-02,4.13131456e-02,4.26288309e-02
-1.11718205e-02,-1.02175348e-02,-9.37384025e-03,-8.62192970e-03,-7.91579384e-03,-7.18746901e-03,-6.36072978e-03,-5.37680036e-03,-4.22580644e-03,-2.96935821e-03,-1.74164851e-03,-7.24886889e-04,-1.03224002e-04,-8.08005217e-06,-4.75156154e-04,-1.44287006e-03,-2.78606254e-03,-4.36493200e-03,-6.05179295e-03,-7.73435713e-03,-9.32110609e-03,-1.07636280e-02,-1.20817751e-02,-1.33674758e-02,-1.47583548e-02,-1.63891091e-02,-1.83364319e-02,-2.05779880e-02,-2.29827669e-02,-2.53392249e-02,-2.74131744e-02,-2.90125505e-02,-3.00304807e-02,-3.04588928e-02,-3.04487737e-02,-2.99741895e-02,-2.91933932e-02,-2.82217914e-02,-2.71588259e-02,-2.60855213e-02,-2.50609366e-02,-2.41174112e-02,-2.32581161e-02,-2.24625398e-02,-2.17017433e-02,-2.09578594e-02,-2.02374832e-02,-1.95711570e-02,-1.90001160e-02,-1.85586679e-02,-1.82610058e-02,-1.80969368e-02,-1.80357051e-02,-1.80312091e-02,-1.80366877e-02,-1.79994598e-02,-1.78585584e-02,-1.75620038e-02,-1.70719751e-02,-1.63745245e-02,-1.54857995e-02,-1.44519154e-02,-1.33406343e-02,-1.22261247e-02
-4.61221365e-03,-1.03060677e-04,4.50855093e-03,9.08324867e-03,1.34661438e-02,1.74905318e-02,2.09843604e-02,2.37791691e-02,2.57227465e-02,2.66955421e-02,2.66174837e-02,2.56575413e-02,2.37550992e-02,2.11250895e-02,1.81180110e-02,1.51871597e-02,1.27960848e-02,1.12911356e-02,1.08213941e-02,1.12886372e-02,1.25358967e-02,1.43520828e-02,1.64854268e-02,1.86920145e-02,2.07351447e-02,2.23872266e-02,2.34442872e-02,2.37481057e-02,2.33683870e-02,2.23542111e-02,2.08759773e-02,1.92006439e-02,1.75551675e-02,1.60553998e-02,1.46896351e-02,1.33530414e-02,1.19083924e-02,1.02464940e-02,8.33012082e-03,6.20964472e-03,4.00413245e-03,1.85602369e-03,-1.19545731e-04,-1.86798420e-03,-3.40068602e-03,-4.77836131e-03,-6.09440299e-03,-7.47015384e-03,-9.05415665e-03,-1.10035641e-02,-1.34278468e-02,-1.62997994e-02,-1.93854406e-02,-2.22731630e-02,-2.45225216e-02,-2.58373224e-02,-2.62077829e-02,-2.56682009e-02,-2.42897581e-02,-2.22286270e-02,-1.95936969e-02,-1.64568891e-02,-1.28732428e-02,-8.90055031e-03
1.10467190e-02,1.07500123e-02,1.03046088e-02,9.76919639e-03,9.24014985e-03,8.81878808e-03,8.58039098e-03,8.55955731e-03,8.72787418e-03,9.06031030e-03,9.50541643e-03,1.00165098e-02,1.05543656e-02,1.10804669e-02,1.15497133e-02,1.19103145e-02,1.21130248e-02,1.21220949e-02,1.19620160e-02,1.16558035e-02,1.12927700e-02,1.09987809e-02,1.09137989e-02,1.11270377e-02,1.16760689e-02,1.25122314e-02,1.35117915e-02,1.45237338e-02,1.54163596e-02,1.61126576e-02,1.66055352e-02,1.69514641e-02,1.72476432e-02,1.76040403e-02,1.81251183e-02,1.88958029e-02,1.99664542e-02,2.13416587e-02,2.29746510e-02,2.47682287e-02,2.65826066e-02,2.82496404e-02,2.95917156e-02,3.04404554e-02,3.06323725e-02,3.02361722e-02,2.91945663e-02,2.75803246e-02,2.55869607e-02,2.34488955e-02,2.13791653e-02,1.95177914e-02,1.79151201e-02,1.65534751e-02,1.53859587e-02,1.43688401e-02,1.34785241e-02,1.27159000e-02,1.21011589e-02,1.16588171e-02,1.13956485e-02,1.12815120e-02,1.12448076e-02,1.11935520e-02
-2.58513097e-03,-3.44866524e-03,-4.90043490e-03,-7.01457088e-03,-9.74056454e-03,-1.28849626e-02,-1.61363700e-02,-1.91284133e-02,-2.15206814e-02,-2.30672031e-02,-2.36832435e-02,-2.34762833e-02,-2.23994500e-02,-2.06730922e-02,-1.85234771e-02,-1.61794787e-02,-1.38452481e-02,-1.16709085e-02,-9.73058554e-03,-8.01686816e-03,-6.45747906e-03,-4.95135314e-03,-3.41289006e-03,-1.81062469e-03,-1.90618317e-04,1.31760083e-03,2.51180549e-03,3.14639610e-03,2.98209351e-03,1.88158181e-03,-1.87427071e-04,-3.02523150e-03,-6.26495523e-03,-9.50778531e-03,-1.24676558e-02,-1.50425448e-02,-1.72885231e-02,-1.93375810e-02,-2.13057670e-02,-2.32201600e-02,-2.49891326e-02,-2.64358969e-02,-2.73838225e-02,-2.77613264e-02,-2.76529249e-02,-2.70589614e-02,-2.61637837e-02,-2.51000159e-02,-2.39285137e-02,-2.26303841e-02,-2.11314508e-02,-1.93528663e-02,-1.72649614e-02,-1.49164596e-02,-1.24287172e-02,-9.96592700e-03,-7.69796301e-03,-5.76659405e-03,-4.25946234e-03,-3.19531252e-03,-2.52725524e-03,-2.17124660e-03,-2.05453055e-03,-2.16676441e-03
3.92897477e-03,6.11624885e-03,8.43550802e-03,1.08177910e-02,1.32257481e-02,1.56344874e-02,1.80150015e-02,2.03247519e-02,2.25056787e-02,2.44877736e-02,2.61958199e-02,2.75568978e-02,2.85066270e-02,2.89922519e-02,2.89598546e-02,2.84724723e-02,2.74211291e-02,2.57753887e-02,2.35004831e-02,2.05571716e-02,1.69227729e-02,1.26382319e-02,7.87054533e-03,2.94655765e-03,-1.69048432e-03,-5.59099514e-03,-8.44211903e-03,-1.01132310e-02,-1.06614715e-02,-1.02050458e-02,-8.85529798e-03,-6.77283508e-03,-4.10884095e-03,-1.01377959e-03,2.35886177e-03,5.85428180e-03,9.32532570e-03,1.26340616e-02,1.56518099e-02,1.82576517e-02,2.03392100e-02,2.17986095e-02,2.25624025e-02,2.25643754e-02,2.19392521e-02,2.06293059e-02,1.87630753e-02,1.65441387e-02,1.42370604e-02,1.21107141e-02,1.03535962e-02,9.01377960e-03,7.99904241e-03,7.12812138e-03,6.20134730e-03,5.06738564e-03,3.68206557e-03,2.14740352e-03,6.99983083e-04,-3.66703530e-04,-8.12515358e-04,-5.33027148e-04,4.43868029e-04,1.98695913e-03
2.91545460e-02,2.67778704e-02,2.40028390e-02,2.06510408e-02,1.65890060e-02,1.18129194e-02,6.47294097e-03,8.01314969e-04,-5.00353270e-03,-1.08233240e-02,-1.65434101e-02,-2.19639475e-02,-2.68253294e-02,-3.09285311e-02,-3.42223005e-02,-3.67865910e-02,-3.87589232e-02,-4.02745904e-02,-4.14427193e-02,-4.23408288e-02,-4.30100557e-02,-4.34522661e-02,-4.36477314e-02,-4.36373828e-02,-4.33486961e-02,-4.28568302e-02,-4.22652735e-02,-4.16809242e-02,-4.11630599e-02,-4.06921242e-02,-4.01690743e-02,-3.94351349e-02,-3.83174902e-02,-3.66886453e-02,-3.44976404e-02,-3.17663902e-02,-2.85674803e-02,-2.49983452e-02,-2.11593223e-02,-1.71380500e-02,-1.30012643e-02,-8.79498405e-03,-4.55306660e-03,-3.11469608e-04,3.87695087e-03,7.93496565e-03,1.17678603e-02,1.52813621e-02,1.84085890e-02,2.11364174e-02,2.35176506e-02,2.56568601e-02,2.76705024e-02,2.96384626e-02,3.15684003e-02,3.33855496e-02,3.49493150e-02,3.60894127e-02,3.66513180e-02,3.65665071e-02,3.59445111e-02,3.47641718e-02,3.31606348e-02,3.12689707e-02
3.34149305e-02,3.59412591e-02,3.83500488e-02,4.06511908e-02,4.28516015e-02,4.49454316e-02,4.69046913e-02,4.86726545e-02,5.01612432e-02,5.12518143e-02,5.17971140e-02,5.16970894e-02,5.10068498e-02,4.95628419e-02,4.73629586e-02,4.44492095e-02,4.08551070e-02,3.65905202e-02,3.16813265e-02,2.62443548e-02,2.05256731e-02,1.48402388e-02,9.45571862e-03,4.53774893e-03,1.91078935e-04,-3.48415602e-03,-6.39538714e-03,-8.49372973e-03,-9.78457639e-03,-1.03184650e-02,-1.02010532e-02,-9.46195026e-03,-8.21453674e-03,-6.59516292e-03,-4.76851687e-03,-2.91434047e-03,-1.20280795e-03,2.35523334e-04,1.33501520e-03,2.10341179e-03,2.60114208e-03,2.90442810e-03,3.07727197e-03,3.16915793e-03,3.23110296e-03,3.32628522e-03,3.52036383e-03,3.85619562e-03,4.33037925e-03,4.89492485e-03,5.48775504e-03,6.07714217e-03,6.69584728e-03,7.44399108e-03,8.45649715e-03,9.85132377e-03,1.16844807e-02,1.39341248e-02,1.65162635e-02,1.93167831e-02,2.22221471e-02,2.51388780e-02,2.80005504e-02,3.07661507e-02
-1.08843516e-02,-1.05772177e-02,-1.02784428e-02,-9.92931933e-03,-9.48862823e-03,-8.92737036e-03,-8.22933964e-03,-7.39755090e-03,-6.45893859e-03,-5.46196453e-03,-4.46889476e-03,-3.54816955e-03,-2.76993798e-03,-2.20260283e-03,-1.90570818e-03,-1.90834321e-03,-2.21493657e-03,-2.78861818e-03,-3.58249317e-03,-4.56802959e-03,-5.74139695e-03,-7.09159497e-03,-8.54789693e-03,-9.95137005e-03,-1.10882349e-02,-1.17747915e-02,-1.19609353e-02,-1.16795308e-02,-1.10720809e-02,-1.03313676e-02,-9.63868503e-03,-9.14391794e-03,-8.95526419e-03,-9.15458349e-03,-9.81625138e-03,-1.09294160e-02,-1.23801986e-02,-1.39586580e-02,-1.54392569e-02,-1.66911146e-02,-1.77369143e-02,-1.87262134e-02,-1.98549274e-02,-2.12670543e-02,-2.29748752e-02,-2.48439038e-02,-2.66503211e-02,-2.81703642e-02,-2.92440828e-02,-2.97918594e-02,-2.98663732e-02,-2.94010548e-02,-2.84249965e-02,-2.70013853e-02,-2.52224986e-02,-2.32053601e-02,-2.10794798e-02,-1.89729452e-02,-1.70008110e-02,-1.52563245e-02,-1.38036790e-02,-1.26712848e-02,-1.18467695e-02,-1.12779627e-02
-1.64869173e-02,-1.46020424e-02,-1.27355600e-02,-1.09703888e-02,-9.38164543e-03,-8.02780065e-03,-6.93662973e-03,-6.09420631e-03,-5.44677438e-03,-4.91812145e-03,-4.43391893e-03,-3.94028573e-03,-3.40979748e-03,-2.83769036e-03,-2.23586881e-03,-1.62920476e-03,-1.05113224e-03,-5.30370436e-04,-6.48590717e-05,4.06556039e-04,1.01085702e-03,1.90859377e-03,3.23627787e-03,5.05748043e-03,7.34803428e-03,1.00136916e-02,1.29216942e-02,1.59286675e-02,1.88960832e-02,2.16928963e-02,2.41909076e-02,2.62619961e-02,2.77866182e-02,2.86759383e-02,2.88829124e-02,2.85781549e-02,2.78192063e-02,2.67352782e-02,2.54592693e-02,2.40600311e-02,2.25579842e-02,2.09592603e-02,1.92702540e-02,1.74813719e-02,1.55428007e-02,1.33645718e-02,1.08486215e-02,7.93064943e-03,4.60172106e-03,9.01481330e-04,-3.09005629e-03,-7.23289400e-03,-1.13060247e-02,-1.50314975e-02,-1.81544607e-02,-2.05225514e-02,-2.21101536e-02,-2.29844655e-02,-2.32715681e-02,-2.30769609e-02,-2.24145846e-02,-2.13517646e-02,-1.99539712e-02,-1.83018240e-02
5.34078250e-03,8.39764798e-03,1.13505952e-02,1.40638053e-02,1.64482183e-02,1.84709043e-02,2.01549026e-02,2.15669008e-02,2.27947802e-02,2.39229152e-02,2.50143029e-02,2.61034043e-02,2.71971701e-02,2.82790752e-02,2.93132801e-02,3.02509622e-02,3.10426264e-02,3.16547576e-02,3.20802563e-02,3.23304732e-02,3.24065864e-02,3.23104505e-02,3.19912276e-02,3.13785050e-02,3.04441239e-02,2.92384165e-02,2.79136337e-02,2.66975737e-02,2.58237859e-02,2.54629348e-02,2.56376081e-02,2.62866395e-02,2.73374509e-02,2.86043741e-02,2.98708231e-02,3.09269100e-02,3.15986214e-02,3.17362813e-02,3.13825497e-02,3.04152444e-02,2.87475747e-02,2.63281955e-02,2.31612843e-02,1.93668617e-02,1.51991759e-02,1.09893148e-02,7.04791503e-03,3.59709471e-03,7.58776631e-04,-1.42681185e-03,-2.98599745e-03,-4.00776574e-03,-4.63482310e-03,-5.03946420e-03,-5.37996603e-03,-5.74729869e-03,-6.11911956e-03,-6.35674504e-03,-6.28795095e-03,-5.71571452e-03,-4.53820570e-03,-2.74389091e-03,-4.04389834e-04,2.34711984e-03
-2.61794655e-02,-2.79789763e-02,-2.91291771e-02,-2.96954334e-02,-2.98151551e-02,-2.95225577e-02,-2.88501300e-02,-2.78308878e-02,-2.65018640e-02,-2.49327439e-02,-2.32403582e-02,-2.15865796e-02,-2.01566495e-02,-1.91164309e-02,-1.85537452e-02,-1.84120635e-02,-1.85649489e-02,-1.87595916e-02,-1.87822487e-02,-1.84451280e-02,-1.76768277e-02,-1.65239187e-02,-1.51187162e-02,-1.36504923e-02,-1.23358338e-02,-1.13854876e-02,-1.09589389e-02,-1.11089414e-02,-1.18800934e-02,-1.31631657e-02,-1.47710617e-02,-1.64576326e-02,-1.79573564e-02,-1.90407378e-02,-1.95663095e-02,-1.95802487e-02,-1.90464551e-02,-1.81033652e-02,-1.68921998e-02,-1.55554802e-02,-1.42285923e-02,-1.30321979e-02,-1.20617018e-02,-1.13744929e-02,-1.09799443e-02,-1.08364030e-02,-1.08647504e-02,-1.09713436e-02,-1.10508373e-02,-1.10356221e-02,-1.08709555e-02,-1.05599323e-02,-1.01456356e-02,-9.70541338e-03,-9.34346339e-03,-9.17684048e-03,-9.31682306e-03,-9.90521565e-03,-1.10418104e-02,-1.27855057e-02,-1.51196849e-02,-1.79130195e-02,-2.09060268e-02,-2.37627747e-02
-1.66210999e-02,-1.95733479e-02,-2.12801268e-02,-2.19107234e-02,-2.17378736e-02,-2.09052974e-02,-1.97212603e-02,-1.84609949e-02,-1.73666563e-02,-1.66368405e-02,-1.63886155e-02,-1.66994908e-02,-1.76310994e-02,-1.91206996e-02,-2.10093532e-02,-2.30380506e-02,-2.48886825e-02,-2.62633549e-02,-2.69665452e-02,-2.70376769e-02,-2.64053661e-02,-2.52048010e-02,-2.35849441e-02,-2.16789556e-02,-1.95815149e-02,-1.73389252e-02,-1.49519300e-02,-1.23901214e-02,-9.61420738e-03,-6.59782604e-03,-3.33905102e-03,1.42959944e-04,3.82148417e-03,7.67676266e-03,1.17005594e-02,1.58886774e-02,2.02271418e-02,2.46794163e-02,2.91806195e-02,3.36406715e-02,3.79546349e-02,4.20165867e-02,4.57330600e-02,4.90329210e-02,5.18723036e-02,5.42354486e-02,5.61334065e-02,5.76006041e-02,5.86847431e-02,5.94231984e-02,5.98026474e-02,5.97312489e-02,5.91702981e-02,5.77721260e-02,5.51705590e-02,5.09799968e-02,4.49094173e-02,3.69539529e-02,2.75807652e-02,1.77072228e-02,8.33423167e-03,1.02137432e-04,-6.79351272e-03,-1.23630947e-02
-2.88376591e-03,-1.07760349e-03,3.92762567e-04,1.50581374e-03,2.26212398e-03,2.69997676e-03,2.90267315e-03,2.98355230e-03,3.04424032e-03,3.12200781e-03,3.15291379e-03,2.96841470e-03,2.34077828e-03,1.06267424e-03,-9.37879760e-04,-3.51643064e-03,-6.33029310e-03,-8.96276485e-03,-1.10844974e-02,-1.25549510e-02,-1.34251926e-02,-1.38710644e-02,-1.41037711e-02,-1.42980369e-02,-1.45571451e-02,-1.48942782e-02,-1.52610989e-02,-1.56030777e-02,-1.59047628e-02,-1.62036611e-02,-1.65771836e-02,-1.71149393e-02,-1.78869160e-02,-1.89256949e-02,-2.02311502e-02,-2.17895729e-02,-2.35874392e-02,-2.56023830e-02,-2.77716625e-02,-2.99611125e-02,-3.19677862e-02,-3.35700320e-02,-3.45999254e-02,-3.50134289e-02,-3.49523041e-02,-3.43850890e-02,-3.35266689e-02,-3.25411174e-02,-3.15581336e-02,-3.06582388e-02,-2.98633299e-02,-2.91356244e-02,-2.83869135e-02,-2.74980747e-02,-2.63490068e-02,-2.48517425e-02,-2.29717145e-02,-2.07315459e-02,-1.82021143e-02,-1.54869822e-02,-1.27040349e-02,-9.96739988e-03,-7.37352675e-03,-4.99511987e-03
1.84566236e-02,2.00257596e-02,2.17357963e-02,2.35905045e-02,2.55495456e-02,2.75422794e-02,2.94884343e-02,3.13145677e-02,3.29609561e-02,3.43810354e-02,3.55397675e-02,3.64158744e-02,3.70075424e-02,3.73361390e-02,3.74385012e-02,3.73871545e-02,3.72086704e-02,3.68886279e-02,3.63804767e-02,3.55841887e-02,3.43663166e-02,3.26034636e-02,3.02353475e-02,2.73058868e-02,2.39741581e-02,2.04895323e-02,1.71348886e-02,1.41502518e-02,1.16655376e-02,9.67870348e-03,8.09030300e-03,6.76695344e-03,5.59455650e-03,4.50176519e-03,3.45972259e-03,2.47507767e-03,1.58634562e-03,8.59069944e-04,3.68946455e-04,1.71098029e-04,2.68907113e-04,6.01275881e-04,1.05884900e-03,1.52056141e-03,1.89474820e-03,2.14561564e-03,2.29583593e-03,2.40706306e-03,2.54916290e-03,2.77381278e-03,3.10137447e-03,3.52449844e-03,4.02653849e-03,4.60383361e-03,5.27817853e-03,6.09090004e-03,7.08145031e-03,8.26367724e-03,9.61402905e-03,1.10773836e-02,1.25859873e-02,1.40830281e-02,1.55433123e-02,1.69837341e-02
-3.33298109e-02,-3.17146650e-02,-3.00666831e-02,-2.82754028e-02,-2.62271802e-02,-2.38555729e-02,-2.11725850e-02,-1.82669644e-02,-1.52766428e-02,-1.23507654e-02,-9.61330819e-03,-7.13506825e-03,-4.91885503e-03,-2.90248938e-03,-9.81669804e-04,9.52232277e-04,2.97295278e-03,5.09358099e-03,7.26668460e-03,9.40283628e-03,1.13978356e-02,1.31579120e-02,1.46166986e-02,1.57442379e-02,1.65523379e-02,1.70980105e-02,1.74785600e-02,1.78077663e-02,1.81777093e-02,1.86260503e-02,1.91172098e-02,1.95520821e-02,1.98074640e-02,1.97786906e-02,1.94630026e-02,1.88035443e-02,1.77444620e-02,1.61138154e-02,1.35778843e-02,9.68009799e-03,4.00773136e-03,-3.50708327e-03,-1.22636190e-02,-2.11303789e-02,-2.90001098e-02,-3.52654154e-02,-3.98559372e-02,-4.30099136e-02,-4.50565581e-02,-4.62995449e-02,-4.69748253e-02,-4.72484454e-02,-4.72689507e-02,-4.70158543e-02,-4.65250389e-02,-4.58207960e-02,-4.49319217e-02,-4.38865162e-02,-4.27005690e-02,-4.13753064e-02,-3.99098397e-02,-3.83214148e-02,-3.66560584e-02,-3.49764242e-02
-2.84590554e-02,-2.74611360e-02,-2.65623062e-02,-2.57513135e-02,-2.50355605e-02,-2.44220576e-02,-2.38956488e-02,-2.34073559e-02,-2.28780592e-02,-2.22159824e-02,-2.13439112e-02,-2.02233153e-02,-1.88639375e-02,-1.73212889e-02,-1.56916478e-02,-1.41104685e-02,-1.27519182e-02,-1.18204794e-02,-1.14912082e-02,-1.18986527e-02,-1.31075041e-02,-1.49862250e-02,-1.72726752e-02,-1.96619668e-02,-2.19073624e-02,-2.38752364e-02,-2.55439114e-02,-2.69742817e-02,-2.82807175e-02,-2.96118430e-02,-3.11326024e-02,-3.29900546e-02,-3.52560136e-02,-3.78697477e-02,-4.06249049e-02,-4.32256175e-02,-4.53851298e-02,-4.69104071e-02,-4.77437270e-02,-4.79920391e-02,-4.77808118e-02,-4.71981518e-02,-4.65049478e-02,-4.59282884e-02,-4.56462728e-02,-4.56684458e-02,-4.61436558e-02,-4.69494388e-02,-4.78702903e-02,-4.86376349e-02,-4.90272710e-02,-4.90314478e-02,-4.84675779e-02,-4.73996048e-02,-4.59346245e-02,-4.41838036e-02,-4.22433796e-02,-4.01949527e-02,-3.81140598e-02,-3.60770798e-02,-3.41591700e-02,-3.24223889e-02,-3.09004615e-02,-2.95905002e-02
3.37089502e-03,6.82010453e-03,1.01125629e-02,1.31600315e-02,1.58776507e-02,1.81927349e-02,2.00490023e-02,2.14092118e-02,2.22625178e-02,2.26407288e-02,2.26355429e-02,2.24173876e-02,2.20949063e-02,2.17935706e-02,2.15439956e-02,2.12749380e-02,2.08583340e-02,2.01615749e-02,1.91052344e-02,1.76975201e-02,1.60132402e-02,1.41301516e-02,1.20681867e-02,9.77112819e-03,7.13695120e-03,4.07558621e-03,5.61843899e-04,-3.34653079e-03,-7.53620436e-03,-1.18872509e-02,-1.62969557e-02,-2.06738324e-02,-2.49180416e-02,-2.89144565e-02,-3.25497895e-02,-3.57412251e-02,-3.84553317e-02,-4.07069217e-02,-4.25425456e-02,-4.40216231e-02,-4.52071164e-02,-4.61670296e-02,-4.69750227e-02,-4.76955280e-02,-4.83476770e-02,-4.88614401e-02,-4.90999858e-02,-4.89966937e-02,-4.82387066e-02,-4.67448285e-02,-4.45386823e-02,-4.17409278e-02,-3.85211351e-02,-3.50529287e-02,-3.14823909e-02,-2.79110030e-02,-2.43911944e-02,-2.09324515e-02,-1.75150694e-02,-1.41068115e-02,-1.06772954e-02,-7.20734766e-03,-3.69418350e-03,-1.54829114e-04
1.55130265e-02,1.46237639e-02,1.42173381e-02,1.41668083e-02,1.42772446e-02,1.44126476e-02,1.44689521e-02,1.44459513e-02,1.44152328e-02,1.44885247e-02,1.47580144e-02,1.52846762e-02,1.60625100e-02,1.70316088e-02,1.80973941e-02,1.91448430e-02,2.00458260e-02,2.06657991e-02,2.08764971e-02,2.06430449e-02,1.99583049e-02,1.88902741e-02,1.76150448e-02,1.63372496e-02,1.52226929e-02,1.43567266e-02,1.37439164e-02,1.33351277e-02,1.30580663e-02,1.28395369e-02,1.26209847e-02,1.23694996e-02,1.20829134e-02,1.17828180e-02,1.14946787e-02,1.12291206e-02,1.09806513e-02,1.07443752e-02,1.05351303e-02,1.03923425e-02,1.03660660e-02,1.04775962e-02,1.07334017e-02,1.11061259e-02,1.15579804e-02,1.20600115e-02,1.25947431e-02,1.31476343e-02,1.37040280e-02,1.42622043e-02,1.48532802e-02,1.55453943e-02,1.64194827e-02,1.75256733e-02,1.88420085e-02,2.02564254e-02,2.15784347e-02,2.25737953e-02,2.30121478e-02,2.27762669e-02,2.18810355e-02,2.04019679e-02,1.86237619e-02,1.68963020e-02
-1.11002818e-02,-1.30824901e-02,-1.56966853e-02,-1.89769652e-02,-2.27288043e-02,-2.65844605e-02,-3.01658836e-02,-3.32308030e-02,-3.57103211e-02,-3.76595645e-02,-3.91906887e-02,-4.04287276e-02,-4.14929171e-02,-4.24918727e-02,-4.35235687e-02,-4.46759449e-02,-4.60236420e-02,-4.76116109e-02,-4.94186992e-02,-5.13164014e-02,-5.30649672e-02,-5.43785995e-02,-5.50455654e-02,-5.51199692e-02,-5.44272169e-02,-5.30159226e-02,-5.10131018e-02,-4.85220276e-02,-4.56262199e-02,-4.23993254e-02,-3.89144399e-02,-3.52487666e-02,-3.14831027e-02,-2.76981360e-02,-2.39697134e-02,-2.03645763e-02,-1.69377609e-02,-1.37329203e-02,-1.07864934e-02,-8.13540010e-03,-5.82612532e-03,-3.92166999e-03,-2.50234406e-03,-1.65600096e-03,-1.44515342e-03,-1.87574587e-03,-2.83863975e-03,-4.09859697e-03,-5.34873309e-03,-6.31202019e-03,-6.82492222e-03,-6.88371243e-03,-6.53405919e-03,-5.91002638e-03,-5.16842086e-03,-4.47430197e-03,-3.99086558e-03,-3.84921678e-03,-4.13146255e-03,-4.82858065e-03,-5.83540339e-03,-7.00680127e-03,-8.24332232e-03,-9.56023883e-03
1.23899832e-02,1.36947938e-02,1.46821628e-02,1.55033288e-02,1.62583153e-02,1.69577171e-02,1.75257091e-02,1.78446830e-02,1.78214044e-02,1.75120319e-02,1.70030079e-02,1.65134172e-02,1.62713105e-02,1.64194775e-02,1.69854280e-02,1.79637932e-02,1.92781764e-02,2.08416336e-02,2.25684855e-02,2.43680244e-02,2.61360606e-02,2.77569118e-02,2.91192196e-02,3.01393846e-02,3.07819829e-02,3.10701558e-02,3.10828242e-02,3.09625304e-02,3.07838502e-02,3.06410086e-02,3.05545610e-02,3.04618888e-02,3.02634795e-02,2.98464185e-02,2.91307494e-02,2.80975443e-02,2.67673754e-02,2.51455454e-02,2.31724386e-02,2.07078201e-02,1.75531557e-02,1.35093918e-02,8.47883400e-03,2.60823852e-03,-3.60593396e-03,-9.40192897e-03,-1.41314130e-02,-1.75128062e-02,-1.96185180e-02,-2.06931306e-02,-2.10145968e-02,-2.07521589e-02,-1.99442116e-02,-1.86136575e-02,-1.67505871e-02,-1.43607049e-02,-1.14917819e-02,-8.24004419e-03,-4.74240309e-03,-1.16274337e-03,2.32237017e-03,5.53866502e-03,8.33915888e-03,1.06286588e-02
2.64867022e-02,2.52515727e-02,2.42074692e-02,2.33368184e-02,2.25655449e-02,2.17844989e-02,2.08659102e-02,1.96710763e-02,1.80574345e-02,1.58956444e-02,1.31034245e-02,9.69598398e-03,5.84049582e-03,1.88118516e-03,-1.71323893e-03,-4.48787318e-03,-6.17852970e-03,-6.78042817e-03,-6.46606996e-03,-5.46991961e-03,-4.06156912e-03,-2.45933347e-03,-8.14730425e-04,7.88228915e-04,2.32402534e-03,3.80646246e-03,5.25962011e-03,6.68831056e-03,8.06002277e-03,9.30633273e-03,1.03420161e-02,1.10924727e-02,1.15182830e-02,1.16288133e-02,1.15082586e-02,1.12521812e-02,1.09955708e-02,1.08830183e-02,1.10183859e-02,1.14444910e-02,1.21429747e-02,1.30134544e-02,1.39123931e-02,1.47040169e-02,1.53173952e-02,1.57838687e-02,1.62258448e-02,1.67982595e-02,1.76292997e-02,1.87793270e-02,2.02325180e-02,2.19190615e-02,2.37439404e-02,2.56058533e-02,2.74039189e-02,2.90366621e-02,3.03992868e-02,3.13857287e-02,3.19014468e-02,3.18753773e-02,3.14134686e-02,3.04934480e-02,2.92508523e-02,2.78599530e-02
-5.49328920e-03,-4.27322670e-03,-3.58178629e-03,-3.39658223e-03,-3.69424282e-03,-4.39953042e-03,-5.34866861e-03,-6.30101582e-03,-7.00734140e-03,-7.30471688e-03,-7.15988336e-03,-6.61752354e-03,-5.80008994e-03,-4.83108116e-03,-3.80260127e-03,-2.76030715e-03,-1.70256618e-03,-5.91655491e-04,6.23155965e-04,1.97350691e-03,3.43933911e-03,4.92644518e-03,6.25648452e-03,7.16849917e-03,7.32902862e-03,6.44206298e-03,4.19721549e-03,4.83815288e-04,-4.50812319e-03,-1.02900810e-02,-1.62577255e-02,-2.18854079e-02,-2.68255741e-02,-3.09024676e-02,-3.40731259e-02,-3.63947602e-02,-3.79981611e-02,-3.90625085e-02,-3.97911559e-02,-4.03894249e-02,-4.10496406e-02,-4.19284156e-02,-4.31021289e-02,-4.45382957e-02,-4.61039567e-02,-4.75988818e-02,-4.87964276e-02,-4.94983946e-02,-4.96685446e-02,-4.92022237e-02,-4.79975521e-02,-4.61508919e-02,-4.37622739e-02,-4.09306705e-02,-3.77423213e-02,-3.42712073e-02,-3.05885988e-02,-2.67745803e-02,-2.29258525e-02,-1.91566910e-02,-1.55923263e-02,-1.23559430e-02,-9.55237547e-03,-7.25369127e-03
-1.28324388e-03,-2.54571542e-04,1.01532867e-03,2.40632077e-03,3.74130202e-03,4.81451147e-03,5.42317696e-03,5.39926077e-03,4.70763175e-03,3.37156631e-03,1.61712310e-03,-2.13020991e-04,-1.77350395e-03,-2.84168622e-03,-3.35946366e-03,-3.40491042e-03,-3.07437593e-03,-2.46128594e-03,-1.60815765e-03,-5.14464199e-04,8.33957409e-04,2.43371425e-03,4.25030485e-03,6.22550549e-03,8.29645069e-03,1.04120047e-02,1.25369754e-02,1.46436450e-02,1.66973347e-02,1.86446443e-02,2.04097109e-02,2.18984677e-02,2.30076847e-02,2.36358577e-02,2.36729118e-02,2.32097178e-02,2.21973166e-02,2.07669312e-02,1.91145168e-02,1.74410899e-02,1.58980580e-02,1.45523373e-02,1.33802484e-02,1.22910092e-02,1.11771611e-02,9.97719397e-03,8.72233101e-03,7.53378949e-03,6.55886942e-03,5.88266027e-03,5.47460042e-03,5.19857315e-03,4.87223263e-03,4.33425421e-03,3.49545367e-03,2.37135523e-03,1.07780838e-03,-2.08093329e-04,-1.30705483e-03,-2.09604762e-03,-2.53407169e-03,-2.64753698e-03,-2.47228475e-03,-2.02148292e-03
-5.48267965e-02,-5.58401405e-02,-5.64505221e-02,-5.66618123e-02,-5.64973221e-02,-5.57753665e-02,-5.45505321e-02,-5.29104398e-02,-5.10039659e-02,-4.90174513e-02,-4.71415100e-02,-4.55321338e-02,-4.42729616e-02,-4.33531192e-02,-4.26761900e-02,-4.20982713e-02,-4.14717068e-02,-4.06847297e-02,-3.96880357e-02,-3.84851519e-02,-3.70999284e-02,-3.55469584e-02,-3.38182885e-02,-3.18874298e-02,-2.97236492e-02,-2.73068107e-02,-2.46362293e-02,-2.17334667e-02,-1.86432595e-02,-1.54361464e-02,-1.22130350e-02,-9.10922399e-03,-6.29442673e-03,-3.96547137e-03,-2.32926643e-03,-1.57281389e-03,-1.82225080e-03,-3.12642757e-03,-5.41617674e-03,-8.52290011e-03,-1.22042125e-02,-1.61633671e-02,-2.00547792e-02,-2.35088915e-02,-2.62059015e-02,-2.79672662e-02,-2.88063702e-02,-2.89575060e-02,-2.85784844e-02,-2.79930701e-02,-2.75135996e-02,-2.73560288e-02,-2.76975737e-02,-2.87122055e-02,-3.03971315e-02,-3.26530175e-02,-3.53146628e-02,-3.82074788e-02,-4.11855668e-02,-4.41292234e-02,-4.69235801e-02,-4.94554960e-02,-5.16370400e-02,-5.34276239e-02
1.67498660e-02,1.95490107e-02,2.23220751e-02,2.51817861e-02,2.82114483e-02,3.14373352e-02,3.48179994e-02,3.82535344e-02,4.16098195e-02,4.47481965e-02,4.75500654e-02,4.99276959e-02,5.18180170e-02,5.31656195e-02,5.39138094e-02,5.39723504e-02,5.35704052e-02,5.26334500e-02,5.13225868e-02,4.98940324e-02,4.85918449e-02,4.75618324e-02,4.68096713e-02,4.62179981e-02,4.55995116e-02,4.47351246e-02,4.33860844e-02,4.13256062e-02,3.83995981e-02,3.45948635e-02,3.00630807e-02,2.50422605e-02,1.96957099e-02,1.39932687e-02,7.74733796e-03,8.00007167e-04,-6.73010714e-03,-1.43024225e-02,-2.11264302e-02,-2.65181810e-02,-3.01722088e-02,-3.21745910e-02,-3.28747615e-02,-3.27386674e-02,-3.19522281e-02,-3.08906952e-02,-2.97808155e-02,-2.87345059e-02,-2.77574703e-02,-2.67718708e-02,-2.56523759e-02,-2.42680857e-02,-2.25176429e-02,-2.03447957e-02,-1.77371278e-02,-1.47197417e-02,-1.13504274e-02,-7.71521611e-03,-3.92097589e-03,-8.39320668e-05,3.68367940e-03,7.28919692e-03,1.06728039e-02,1.38164559e-02
-4.00591986e-02,-3.75656432e-02,-3.49155634e-02,-3.20786599e-02,-2.90313668e-02,-2.57739273e-02,-2.23394195e-02,-1.87930671e-02,-1.52239613e-02,-1.17328242e-02,-8.41869470e-03,-5.36614830e-03,-2.63420853e-03,-2.48471945e-04,1.80183625e-03,3.56118396e-03,5.09782478e-03,6.48785587e-03,7.79352996e-03,9.03601390e-03,1.01644141e-02,1.10253206e-02,1.13360609e-02,1.07337523e-02,8.77323498e-03,4.99580303e-03,-7.94704168e-04,-8.30381862e-03,-1.67193494e-02,-2.50541034e-02,-3.25470476e-02,-3.88479892e-02,-4.39650519e-02,-4.81257626e-02,-5.16453690e-02,-5.48256871e-02,-5.78841352e-02,-6.09125941e-02,-6.38734597e-02,-6.66341851e-02,-6.90209578e-02,-7.08644688e-02,-7.20292801e-02,-7.24784912e-02,-7.23825107e-02,-7.14248589e-02,-6.97513078e-02,-6.75186848e-02,-6.49292566e-02,-6.22087556e-02,-5.95813308e-02,-5.72436789e-02,-5.53389267e-02,-5.39311649e-02,-5.29882058e-02,-5.23873377e-02,-5.19510183e-02,-5.14849300e-02,-5.08016778e-02,-4.97744874e-02,-4.83697677e-02,-4.66265944e-02,-4.46176917e-02,-4.24135746e-02
2.42613650e-02,2.49256013e-02,2.52064137e-02,2.50967700e-02,2.46550238e-02,2.39603332e-02,2.32034146e-02,2.25892627e-02,2.22542024e-02,2.22131758e-02,2.23200558e-02,2.24275765e-02,2.23377041e-02,2.19479780e-02,2.11907369e-02,2.01035059e-02,1.87852996e-02,1.73638354e-02,1.59860809e-02,1.48209656e-02,1.40459939e-02,1.38106190e-02,1.41419508e-02,1.50287602e-02,1.63891169e-02,1.80878679e-02,1.99959943e-02,2.20139634e-02,2.40750109e-02,2.61323541e-02,2.81389065e-02,3.00275079e-02,3.16947652e-02,3.29873783e-02,3.36881949e-02,3.35227909e-02,3.24143440e-02,3.00784201e-02,2.65819237e-02,2.23354413e-02,1.80067251e-02,1.42488334e-02,1.14356981e-02,9.60848272e-03,8.60237603e-03,8.19753326e-03,8.20270580e-03,8.45212115e-03,8.83601938e-03,9.23645576e-03,9.57008675e-03,9.81578251e-03,1.00323025e-02,1.03374128e-02,1.08608514e-02,1.16934817e-02,1.28512137e-02,1.42761565e-02,1.58667824e-02,1.75156078e-02,1.91357032e-02,2.06670177e-02,2.20651227e-02,2.32834554e-02
-1.83685663e-02,-1.75156655e-02,-1.65190085e-02,-1.54064162e-02,-1.42386953e-02,-1.30886158e-02,-1.20237880e-02,-1.10985831e-02,-1.03521105e-02,-9.80481759e-03,-9.44998099e-03,-9.24573078e-03,-9.11866619e-03,-8.97960137e-03,-8.74144552e-03,-8.34519305e-03,-7.77814838e-03,-7.07966606e-03,-6.33356645e-03,-5.64996804e-03,-5.14551334e-03,-4.92615862e-03,-5.07832434e-03,-5.68357653e-03,-6.75492805e-03,-8.19916051e-03,-9.78675906e-03,-1.11958895e-02,-1.21309932e-02,-1.24616912e-02,-1.22204607e-02,-1.15543657e-02,-1.07027498e-02,-9.87502354e-03,-9.19572088e-03,-8.68158257e-03,-8.25595381e-03,-7.79033969e-03,-7.15601700e-03,-6.27129647e-03,-5.12401319e-03,-3.76677021e-03,-2.29677399e-03,-8.33315221e-04,4.99408211e-04,1.58199328e-03,2.30629551e-03,2.57246802e-03,2.28213861e-03,1.31364056e-03,-4.84431624e-04,-3.22241181e-03,-6.84629086e-03,-1.10042829e-02,-1.50693891e-02,-1.83939597e-02,-2.06042705e-02,-2.16957114e-02,-2.19556977e-02,-2.16447130e-02,-2.10591067e-02,-2.04030460e-02,-1.97539174e-02,-1.90959247e-02
-3.42510872e-02,-3.28178295e-02,-3.13766043e-02,-2.99874609e-02,-2.87300548e-02,-2.76994971e-02,-2.69845340e-02,-2.66321423e-02,-2.65853572e-02,-2.68122528e-02,-2.71578022e-02,-2.74565142e-02,-2.75819488e-02,-2.74661052e-02,-2.70137348e-02,-2.62441225e-02,-2.52277851e-02,-2.40851858e-02,-2.29634015e-02,-2.19997196e-02,-2.12820514e-02,-2.08203844e-02,-2.05448680e-02,-2.03348402e-02,-2.00493420e-02,-1.95529925e-02,-1.87457042e-02,-1.75702465e-02,-1.60162920e-02,-1.41290366e-02,-1.20162490e-02,-9.84449055e-03,-7.81968787e-03,-6.15200907e-03,-5.00909992e-03,-4.47038858e-03,-4.48201543e-03,-4.93496957e-03,-5.67083689e-03,-6.58307783e-03,-7.64156790e-03,-8.87051330e-03,-1.03088210e-02,-1.19851318e-02,-1.39116707e-02,-1.60810552e-02,-1.84580390e-02,-2.09737092e-02,-2.35295376e-02,-2.60104785e-02,-2.83061110e-02,-3.03394049e-02,-3.20922585e-02,-3.36081759e-02,-3.49622541e-02,-3.62086785e-02,-3.73312857e-02,-3.82314379e-02,-3.87774019e-02,-3.89276196e-02,-3.86436432e-02,-3.79195359e-02,-3.68761895e-02,-3.56245561e-02
-5.56508552e-02,-5.34848244e-02,-5.08469823e-02,-4.78319406e-02,-4.45584687e-02,-4.11656811e-02,-3.78010196e-02,-3.46034587e-02,-3.16871346e-02,-2.91299911e-02,-2.69694116e-02,-2.52030077e-02,-2.37901952e-02,-2.26518916e-02,-2.16708237e-02,-2.06974461e-02,-1.95651758e-02,-1.81176078e-02,-1.62406279e-02,-1.38846646e-02,-1.10709246e-02,-7.88509781e-03,-4.46459850e-03,-9.83800478e-04,2.35990647e-03,5.35828256e-03,7.80792617e-03,9.51710335e-03,1.03130824e-02,1.00697044e-02,8.78919245e-03,6.48471101e-03,3.40694364e-03,-6.50046729e-05,-3.56435583e-03,-6.90790288e-03,-1.01538925e-02,-1.35290977e-02,-1.72928168e-02,-2.15901780e-02,-2.63410963e-02,-3.12284522e-02,-3.58204356e-02,-3.97581227e-02,-4.28766094e-02,-4.51995922e-02,-4.68546041e-02,-4.79859680e-02,-4.87103816e-02,-4.91208104e-02,-4.93152736e-02,-4.94093930e-02,-4.95305278e-02,-4.98603949e-02,-5.05619064e-02,-5.16950909e-02,-5.31849839e-02,-5.48400237e-02,-5.64103262e-02,-5.76531679e-02,-5.83909758e-02,-5.86078896e-02,-5.82859871e-02,-5.72711433e-02
-1.84303786e-02,-1.82550858e-02,-1.85655884e-02,-1.91986296e-02,-1.99842277e-02,-2.08218248e-02,-2.17000772e-02,-2.26706531e-02,-2.37911980e-02,-2.50680085e-02,-2.64327089e-02,-2.77685440e-02,-2.89689522e-02,-2.99920431e-02,-3.08823840e-02,-3.17563296e-02,-3.27638700e-02,-3.40320562e-02,-3.56008269e-02,-3.73893594e-02,-3.92243697e-02,-4.09211348e-02,-4.23686026e-02,-4.35693377e-02,-4.46220911e-02,-4.56692472e-02,-4.68305686e-02,-4.81331877e-02,-4.94691059e-02,-5.06161502e-02,-5.13312827e-02,-5.15312640e-02,-5.11402943e-02,-5.00773615e-02,-4.85402924e-02,-4.67585159e-02,-4.49906580e-02,-4.35034785e-02,-4.25396835e-02,-4.22067487e-02,-4.25168243e-02,-4.35542235e-02,-4.50295287e-02,-4.66195301e-02,-4.80503305e-02,-4.91751690e-02,-4.99698846e-02,-5.04681682e-02,-5.06973984e-02,-5.07067470e-02,-5.03675253e-02,-4.95685243e-02,-4.82276590e-02,-4.63154684e-02,-4.38690648e-02,-4.09829948e-02,-3.77904284e-02,-3.44438074e-02,-3.10991597e-02,-2.79057248e-02,-2.50009447e-02,-2.25087878e-02,-2.05368198e-02,-1.91662521e-02
1.23979525e-02,1.32200946e-02,1.39058322e-02,1.44747467e-02,1.49420727e-02,1.53101209e-02,1.55722718e-02,1.57300958e-02,1.58135141e-02,1.58868882e-02,1.60277651e-02,1.63103535e-02,1.67807153e-02,1.74411217e-02,1.82527737e-02,1.91505588e-02,2.00624332e-02,2.09261515e-02,2.16976914e-02,2.23505273e-02,2.28703982e-02,2.32511727e-02,2.34938182e-02,2.36073504e-02,2.36067812e-02,2.35259608e-02,2.33602117e-02,2.30940455e-02,2.26630717e-02,2.19432248e-02,2.07591976e-02,1.89221267e-02,1.63005416e-02,1.29085121e-02,8.96158684e-03,4.83453752e-03,9.11563856e-04,-2.57186004e-03,-5.57748069e-03,-8.18380580e-03,-1.04728583e-02,-1.24700241e-02,-1.41520759e-02,-1.54905702e-02,-1.64845134e-02,-1.71578199e-02,-1.75287184e-02,-1.76083389e-02,-1.73260360e-02,-1.65804026e-02,-1.53020361e-02,-1.34846992e-02,-1.12013835e-02,-8.58792037e-03,-5.81059218e-03,-3.03388693e-03,-3.95675883e-04,2.00896225e-03,4.13631138e-03,5.99112852e-03,7.61018252e-03,9.03823931e-03,1.03069024e-02,1.14272410e-02
-5.92434147e-03,-2.57245070e-03,8.51476206e-04,4.21887633e-03,7.45311722e-03,1.05233938e-02,1.34350140e-02,1.62157332e-02,1.88992957e-02,2.15096180e-02,2.40497089e-02,2.64977269e-02,2.88094677e-02,3.09247299e-02,3.27760861e-02,3.43008778e-02,3.54566327e-02,3.62343962e-02,3.66567461e-02,3.67344276e-02,3.65382877e-02,3.59718128e-02,3.49143887e-02,3.32531346e-02,3.09489388e-02,2.81197922e-02,2.50574439e-02,2.21369595e-02,1.96730486e-02,1.78351511e-02,1.66691661e-02,1.61718342e-02,1.63241079e-02,1.70674380e-02,1.83932166e-02,2.01877583e-02,2.22837515e-02,2.44675201e-02,2.64818534e-02,2.80176271e-02,2.86910135e-02,2.81714880e-02,2.61941011e-02,2.24874386e-02,1.72995286e-02,1.13937317e-02,5.78563789e-03,1.26932935e-03,-1.85395408e-03,-3.70948296e-03,-4.64853939e-03,-5.08533074e-03,-5.40808004e-03,-5.94470388e-03,-6.91823904e-03,-8.39533278e-03,-1.02520594e-02,-1.21822379e-02,-1.37727581e-02,-1.46293399e-02,-1.46315571e-02,-1.35989014e-02,-1.16627662e-02,-9.02691529e-03
-1.09197636e-02,-1.03901908e-02,-9.45536793e-03,-8.16455165e-03,-6.57042412e-03,-4.72646360e-03,-2.68413910e-03,-4.88684894e-04,1.82277726e-03,4.21670486e-03,6.65213540e-03,9.06748739e-03,1.13732065e-02,1.34558274e-02,1.51949590e-02,1.64888841e-02,1.72796226e-02,1.75679775e-02,1.74447215e-02,1.70265759e-02,1.64408216e-02,1.58583080e-02,1.54370693e-02,1.53102183e-02,1.55472312e-02,1.62216879e-02,1.73865809e-02,1.90526473e-02,2.11854278e-02,2.36901005e-02,2.64040031e-02,2.91000407e-02,3.14997646e-02,3.32956177e-02,3.41844523e-02,3.39722082e-02,3.27279941e-02,3.03457467e-02,2.70301803e-02,2.30755712e-02,1.87466453e-02,1.42216112e-02,9.62071830e-03,5.08007534e-03,7.94148405e-04,-3.01532835e-03,-6.17667053e-03,-8.61772580e-03,-1.03471903e-02,-1.14105513e-02,-1.18642148e-02,-1.18162072e-02,-1.13087960e-02,-1.04941085e-02,-9.55208071e-03,-8.67436134e-03,-8.03594418e-03,-7.76127083e-03,-7.89612750e-03,-8.42612203e-03,-9.21260592e-03,-1.00440213e-02,-1.06965854e-02,-1.10054378e-02
9.39553289e-03,8.46814756e-03,7.66681698e-03,7.00391676e-03,6.39907350e-03,5.71305338e-03,4.79357072e-03,3.52313797e-03,1.86365495e-03,-1.17168033e-04,-2.25380047e-03,-4.33394170e-03,-6.17047769e-03,-7.65521492e-03,-8.77483964e-03,-9.59242848e-03,-1.02142232e-02,-1.07601745e-02,-1.13461628e-02,-1.20724534e-02,-1.30082020e-02,-1.41704614e-02,-1.55089397e-02,-1.69123580e-02,-1.82413966e-02,-1.93753380e-02,-2.02503117e-02,-2.08729253e-02,-2.13066593e-02,-2.16397732e-02,-2.19474952e-02,-2.22532570e-02,-2.24986172e-02,-2.25792031e-02,-2.23604668e-02,-2.16954857e-02,-2.05534191e-02,-1.89993394e-02,-1.71781031e-02,-1.52798227e-02,-1.35034250e-02,-1.20234786e-02,-1.09601640e-02,-1.03544977e-02,-1.01509560e-02,-1.02235211e-02,-1.03837658e-02,-1.04237468e-02,-1.01421584e-02,-9.37775804e-03,-8.05777721e-03,-6.19796208e-03,-3.89239963e-03,-1.29195465e-03,1.42189641e-03,4.06135376e-03,6.45988447e-03,8.48617502e-03,1.00496464e-02,1.10961908e-02,1.16025203e-02,1.15767799e-02,1.11269662e-02,1.03395313e-02
-8.51773068e-03,-6.14456748e-03,-3.74551820e-03,-1.27580452e-03,1.28904009e-03,3.93850721e-03,6.62886535e-03,9.29499808e-03,1.18644707e-02,1.42700085e-02,1.64587916e-02,1.83962058e-02,2.00600381e-02,2.14232949e-02,2.24315341e-02,2.29878277e-02,2.29470311e-02,2.23215324e-02,2.10047113e-02,1.90997704e-02,1.68273373e-02,1.44427508e-02,1.21220415e-02,9.88637164e-03,7.61262712e-03,5.11272685e-03,2.22875810e-03,-1.09980107e-03,-4.81494817e-03,-8.76671975e-03,-1.27600073e-02,-1.65986753e-02,-2.01156996e-02,-2.31914650e-02,-2.57692118e-02,-2.78622148e-02,-2.95382300e-02,-3.08814148e-02,-3.19497712e-02,-3.27482104e-02,-3.32324106e-02,-3.33780220e-02,-3.31415258e-02,-3.24565899e-02,-3.13870902e-02,-3.00505286e-02,-2.86153425e-02,-2.72803691e-02,-2.62415794e-02,-2.56427223e-02,-2.54887359e-02,-2.57310479e-02,-2.61668031e-02,-2.65123673e-02,-2.65828025e-02,-2.62134942e-02,-2.53444075e-02,-2.40196028e-02,-2.23141626e-02,-2.03097229e-02,-1.80884429e-02,-1.57325040e-02,-1.33185939e-02,-1.09050473e-02
4.84194479e-02,4.71540497e-02,4.54586397e-02,4.32853357e-02,4.05937283e-02,3.73768772e-02,3.36841844e-02,2.96327616e-02,2.53945021e-02,2.11494984e-02,1.70218534e-02,1.30436073e-02,9.18516452e-03,5.43927024e-03,1.89330329e-03,-1.27941848e-03,-3.91291492e-03,-5.96217065e-03,-7.53461955e-03,-8.84719065e-03,-1.01451642e-02,-1.16147187e-02,-1.33098673e-02,-1.51301398e-02,-1.68749634e-02,-1.83447023e-02,-1.94156513e-02,-2.00478792e-02,-2.02670978e-02,-2.01100969e-02,-1.95564840e-02,-1.86335310e-02,-1.73628584e-02,-1.57581505e-02,-1.38178340e-02,-1.15275683e-02,-8.87626601e-03,-5.87766776e-03,-2.58495783e-03,9.08999279e-04,4.48317978e-03,8.01072089e-03,1.13781193e-02,1.45001882e-02,1.73311748e-02,1.98723010e-02,2.21745176e-02,2.43316507e-02,2.64592709e-02,2.86623579e-02,3.10037434e-02,3.34865580e-02,3.60570435e-02,3.86238069e-02,4.10829753e-02,4.33394580e-02,4.53195122e-02,4.69742529e-02,4.82761099e-02,4.92115995e-02,4.97732919e-02,4.99328107e-02,4.97794220e-02,4.92890397e-02
8.60061824e-03,6.84982680e-03,5.52004914e-03,4.38768146e-03,3.21744184e-03,1.82189058e-03,1.04810819e-04,-1.91248324e-03,-4.09463312e-03,-6.23351876e-03,-8.10800397e-03,-9.54182423e-03,-1.04420169e-02,-1.08137156e-02,-1.07631529e-02,-1.03952231e-02,-9.86777331e-03,-9.30798952e-03,-8.79124374e-03,-8.33155094e-03,-7.88998934e-03,-7.39616160e-03,-6.77331067e-03,-5.95878829e-03,-4.91715808e-03,-3.65008614e-03,-2.20574776e-03,-6.83894935e-04,7.70595228e-04,1.99101169e-03,2.83584727e-03,3.24540695e-03,3.28553372e-03,3.15029631e-03,3.07360358e-03,3.25841659e-03,3.80352502e-03,4.71075696e-03,5.91501696e-03,7.33412340e-03,8.90298470e-03,1.05885765e-02,1.23869783e-02,1.43082419e-02,1.63579605e-02,1.85235246e-02,2.07685025e-02,2.30339176e-02,2.52430744e-02,2.73069219e-02,2.91283147e-02,3.06052098e-02,3.16349236e-02,3.21225564e-02,3.20195300e-02,3.13847180e-02,3.01533712e-02,2.83687201e-02,2.60816018e-02,2.33443006e-02,2.02466054e-02,1.69632150e-02,1.37575873e-02,1.09089831e-02
9.52841598e-03,9.39635542e-03,8.92614138e-03,8.15810097e-03,7.16330326e-03,6.01240602e-03,4.77684336e-03,3.54251695e-03,2.41972586e-03,1.53111495e-03,9.75633466e-04,7.87738290e-04,9.15289498e-04,1.23019810e-03,1.56086403e-03,1.73409379e-03,1.61938750e-03,1.16231117e-03,3.90280219e-04,-5.79233374e-04,-1.55884023e-03,-2.32038723e-03,-2.63940450e-03,-2.34333893e-03,-1.32998711e-03,3.92749572e-04,2.73559101e-03,5.56841760e-03,8.75613490e-03,1.21770425e-02,1.57246650e-02,1.92976577e-02,2.27855026e-02,2.60563034e-02,2.89502711e-02,3.12804908e-02,3.28410007e-02,3.34163388e-02,3.30170803e-02,3.16506065e-02,2.93479054e-02,2.63700678e-02,2.30321920e-02,1.96089413e-02,1.63037113e-02,1.32729429e-02,1.06507084e-02,8.53070434e-03,6.92290702e-03,5.73749985e-03,4.82306370e-03,4.03974912e-03,3.32647485e-03,2.72673360e-03,2.35660289e-03,2.33342173e-03,2.70055710e-03,3.43253363e-03,4.43393553e-03,5.58268540e-03,6.75428785e-03,7.83169347e-03,8.70848815e-03,9.29482825e-03
3.64192939e-02,3.50625632e-02,3.38865050e-02,3.29478627e-02,3.22009183e-02,3.15170183e-02,3.07195300e-02,2.96230091e-02,2.80803112e-02,2.60345908e-02,2.35413641e-02,2.07361877e-02,1.77641905e-02,1.47210333e-02,1.16465617e-02,8.56774165e-03,5.54847834e-03,2.70276872e-03,1.62492607e-04,-1.97080562e-03,-3.66038074e-03,-4.94352345e-03,-5.92270459e-03,-6.74509669e-03,-7.57038066e-03,-8.52704897e-03,-9.66128678e-03,-1.08979289e-02,-1.20417494e-02,-1.28333081e-02,-1.30777235e-02,-1.26416792e-02,-1.14837722e-02,-9.69718177e-03,-7.43269047e-03,-4.85779421e-03,-2.12837317e-03,6.23892719e-04,3.29144972e-03,5.78924344e-03,8.05601214e-03,1.00623093e-02,1.18176288e-02,1.33657135e-02,1.47657311e-02,1.60706455e-02,1.73183620e-02,1.85403226e-02,1.97768256e-02,2.10833339e-02,2.25217014e-02,2.41430679e-02,2.59726142e-02,2.80011534e-02,3.01824127e-02,3.24330860e-02,3.46348422e-02,3.66399634e-02,3.82831540e-02,3.94004348e-02,3.98492658e-02,3.96695152e-02,3.89587281e-02,3.77964475e-02
-7.24052553e-03,-7.40761287e-03,-6.94497192e-03,-5.94949182e-03,-4.61487783e-03,-3.18922922e-03,-1.92111395e-03,-1.00180380e-03,-5.21963481e-04,-4.60817346e-04,-7.24041966e-04,-1.20228369e-03,-1.82361225e-03,-2.56479899e-03,-3.42346560e-03,-4.37270067e-03,-5.32474386e-03,-6.12581190e-03,-6.58821773e-03,-6.59173346e-03,-6.03239782e-03,-4.93985965e-03,-3.41935435e-03,-1.62126655e-03,2.92910010e-04,2.17387061e-03,3.89776184e-03,5.36867264e-03,6.51665612e-03,7.29825823e-03,7.70413762e-03,7.77031526e-03,7.60733143e-03,7.33191484e-03,7.08543282e-03,6.97121552e-03,7.01882725e-03,7.17831370e-03,7.34208921e-03,7.36145541e-03,7.12199393e-03,6.56121120e-03,5.72797143e-03,4.77529243e-03,3.91444928e-03,3.34740754e-03,3.21229980e-03,3.55003779e-03,4.33407803e-03,5.46828725e-03,6.80224498e-03,8.14397718e-03,9.27356091e-03,9.96703368e-03,1.00257443e-02,9.41098415e-03,8.07447768e-03,6.13827804e-03,3.81084673e-03,1.32961255e-03,-1.08990347e-03,-3.27766934e-03,-5.10485786e-03,-6.45990211e-03
-5.46916524e-03,-4.30803726e-03,-2.88927597e-03,-1.33073339e-03,2.72137886e-04,1.83171409e-03,3.25844493e-03,4.46187847e-03,5.36357660e-03,5.91823337e-03,6.13707608e-03,6.10667085e-03,5.97759966e-03,5.92676786e-03,6.10705406e-03,6.58964413e-03,7.34182778e-03,8.23074188e-03,9.06624349e-03,9.65283644e-03,9.83871857e-03,9.58141313e-03,8.90606613e-03,7.92245323e-03,6.80655888e-03,5.75028930e-03,4.93359491e-03,4.50454024e-03,4.56097755e-03,5.11305082e-03,6.14102360e-03,7.55806328e-03,9.25669540e-03,1.11255474e-02,1.30541012e-02,1.49271307e-02,1.66159877e-02,1.79753656e-02,1.88543062e-02,1.91262849e-02,1.88245895e-02,1.80254298e-02,1.69342384e-02,1.58607514e-02,1.50807180e-02,1.47515971e-02,1.48716784e-02,1.53286389e-02,1.59772744e-02,1.66102202e-02,1.70264134e-02,1.70392186e-02,1.66013373e-02,1.55632811e-02,1.38547827e-02,1.14404796e-02,8.36994204e-03,4.85136813e-03,1.26953052e-03,-1.91359695e-03,-4.32703676e-03,-5.80756767e-03,-6.38749254e-03,-6.22297800e-03
7.71711706e-02,7.47858709e-02,7.23147603e-02,6.99558849e-02,6.80099714e-02,6.67889765e-02,6.65673381e-02,6.69989218e-02,6.81370131e-02,6.98275740e-02,7.17905401e-02,7.37505972e-02,7.54589091e-02,7.66922892e-02,7.72085728e-02,7.70562525e-02,7.63278508e-02,7.49778978e-02,7.32173478e-02,7.13470980e-02,6.96425559e-02,6.82939410e-02,6.74030310e-02,6.70240083e-02,6.70806627e-02,6.74465871e-02,6.81253339e-02,6.89930025e-02,6.98906870e-02,7.06572833e-02,7.11482589e-02,7.12083017e-02,7.09662511e-02,7.03248069e-02,6.93268852e-02,6.81332237e-02,6.69808353e-02,6.61341231e-02,6.58714141e-02,6.61081501e-02,6.68761033e-02,6.81757768e-02,6.98734103e-02,7.18099948e-02,7.38356919e-02,7.58175234e-02,7.76425289e-02,7.92255310e-02,8.05230449e-02,8.15455975e-02,8.23550623e-02,8.30407007e-02,8.36854147e-02,8.43386227e-02,8.49995467e-02,8.56111995e-02,8.60693521e-02,8.61899872e-02,8.60256599e-02,8.54839501e-02,8.44976312e-02,8.31014813e-02,8.13715073e-02,7.93795362e-02
-6.98669225e-03,-9.88605899e-03,-1.30885274e-02,-1.62932269e-02,-1.91255021e-02,-2.12590558e-02,-2.25293815e-02,-2.29802247e-02,-2.27722392e-02,-2.19892389e-02,-2.07891633e-02,-1.92711497e-02,-1.75100219e-02,-1.55847732e-02,-1.35866174e-02,-1.16019435e-02,-9.68434366e-03,-7.83696349e-03,-6.01867054e-03,-4.17136067e-03,-2.25223060e-03,-2.53828488e-04,1.79414558e-03,3.83670654e-03,5.81243577e-03,7.67285456e-03,9.40016157e-03,1.10178223e-02,1.25879237e-02,1.41938410e-02,1.59145074e-02,1.78000670e-02,1.98552099e-02,2.20306668e-02,2.42203132e-02,2.62630583e-02,2.79530992e-02,2.90636418e-02,2.93758655e-02,2.89558909e-02,2.78228496e-02,2.61464101e-02,2.41961740e-02,2.21411399e-02,1.99716690e-02,1.75452000e-02,1.47115190e-02,1.14476871e-02,7.93116413e-03,4.49640184e-03,1.49652894e-03,-8.29243061e-04,-2.39853942e-03,-3.25390908e-03,-3.50845145e-03,-3.29047913e-03,-2.74562455e-03,-2.04620498e-03,-1.38615539e-03,-9.69428462e-04,-9.76832273e-04,-1.54696812e-03,-2.74548657e-03,-4.57417102e-03
3.51118431e-03,1.81829099e-03,7.87435145e-04,4.28410674e-04,6.55176313e-04,1.32078392e-03,2.25348865e-03,3.27063938e-03,4.17524952e-03,4.74252142e-03,4.71488260e-03,3.88763194e-03,2.08426811e-03,-6.29803702e-04,-3.89727693e-03,-7.13426034e-03,-9.75698227e-03,-1.13994864e-02,-1.20001809e-02,-1.16951706e-02,-1.06438117e-02,-9.07694125e-03,-7.18869960e-03,-5.14177557e-03,-3.08413592e-03,-1.16676840e-03,4.49662760e-04,1.60566698e-03,2.17946327e-03,2.13370255e-03,1.56997597e-03,7.00869017e-04,-1.64385201e-04,-7.38329118e-04,-8.54831580e-04,-4.88436147e-04,2.67702825e-04,1.25694302e-03,2.30441255e-03,3.24003414e-03,3.91138256e-03,4.19772759e-03,4.03423002e-03,3.43073335e-03,2.46981372e-03,1.33984089e-03,3.09396395e-04,-3.22113238e-04,-3.12214786e-04,4.66166628e-04,1.98686363e-03,4.10166806e-03,6.58891598e-03,9.19610959e-03,1.16686238e-02,1.37662457e-02,1.52745161e-02,1.60175490e-02,1.58833583e-02,1.49387934e-02,1.32013807e-02,1.08905948e-02,8.30039018e-03,5.74505903e-03
-7.04454488e-03,-4.02666601e-03,-1.47546697e-03,5.67478744e-04,2.09734222e-03,3.14184486e-03,3.73496473e-03,3.88044466e-03,3.54381744e-03,2.64880563e-03,1.16108874e-03,-8.28059910e-04,-3.07414294e-03,-5.26094364e-03,-7.13467575e-03,-8.58557027e-03,-9.63108231e-03,-1.03443146e-02,-1.07898259e-02,-1.09954983e-02,-1.09825171e-02,-1.07117726e-02,-1.01702649e-02,-9.34610488e-03,-8.23994289e-03,-6.87391031e-03,-5.30247882e-03,-3.62164970e-03,-1.96943551e-03,-5.11014000e-04,5.92709617e-04,1.22605268e-03,1.35638955e-03,1.05017095e-03,4.31024056e-04,-3.64017066e-04,-1.26560169e-03,-2.33528423e-03,-3.78362505e-03,-5.92956348e-03,-9.09295747e-03,-1.34367272e-02,-1.88262888e-02,-2.48082736e-02,-3.07501928e-02,-3.60601992e-02,-4.03564287e-02,-4.35110929e-02,-4.55831162e-02,-4.67141002e-02,-4.70940833e-02,-4.69103913e-02,-4.60414056e-02,-4.45863918e-02,-4.25801729e-02,-4.00614635e-02,-3.70821054e-02,-3.37096754e-02,-3.00268284e-02,-2.61281439e-02,-2.21158508e-02,-1.80958401e-02,-1.41746962e-02,-1.04574263e-02
-3.47061452e-03,-1.91084894e-03,-1.80352134e-04,1.69530605e-03,3.67536160e-03,5.72358214e-03,7.82458347e-03,9.98964130e-03,1.22477591e-02,1.46240560e-02,1.71142312e-02,1.96664769e-02,2.21788187e-02,2.45133523e-02,2.65228884e-02,2.80813915e-02,2.91078300e-02,2.95764738e-02,2.95251915e-02,2.90847733e-02,2.82761391e-02,2.72023358e-02,2.59387563e-02,2.45049150e-02,2.28739173e-02,2.10227723e-02,1.89982011e-02,1.69508835e-02,1.51037254e-02,1.36690203e-02,1.27691557e-02,1.24031884e-02,1.24565115e-02,1.27558414e-02,1.31574358e-02,1.35308290e-02,1.38167182e-02,1.40162124e-02,1.41506777e-02,1.42130626e-02,1.41416386e-02,1.38356147e-02,1.31633281e-02,1.20474010e-02,1.05134618e-02,8.70072716e-03,6.80468288e-03,4.97691890e-03,3.25121707e-03,1.54747826e-03,-2.53906726e-04,-2.21487685e-03,-4.27380952e-03,-6.25387349e-03,-7.93606195e-03,-9.14708387e-03,-9.81025461e-03,-9.96799467e-03,-9.68427490e-03,-9.06657270e-03,-8.22092862e-03,-7.22163887e-03,-6.10259076e-03,-4.86043249e-03
-1.19495053e-02,-1.41999072e-02,-1.71966013e-02,-2.07710350e-02,-2.46059724e-02,-2.82854340e-02,-3.14081206e-02,-3.37074733e-02,-3.51069680e-02,-3.56979478e-02,-3.57394368e-02,-3.52686913e-02,-3.44764896e-02,-3.34656822e-02,-3.22974622e-02,-3.10165543e-02,-2.96644884e-02,-2.82774812e-02,-2.68776776e-02,-2.54714994e-02,-2.40617070e-02,-2.26673285e-02,-2.13376634e-02,-2.01493984e-02,-1.91869572e-02,-1.85155618e-02,-1.81573136e-02,-1.80665980e-02,-1.81824461e-02,-1.83978638e-02,-1.86028426e-02,-1.87233101e-02,-1.87441411e-02,-1.86683427e-02,-1.85315514e-02,-1.83566191e-02,-1.81345776e-02,-1.78290598e-02,-1.74029161e-02,-1.68516072e-02,-1.62182628e-02,-1.55813739e-02,-1.50255407e-02,-1.46117210e-02,-1.43607055e-02,-1.42573841e-02,-1.42633835e-02,-1.43788122e-02,-1.46233606e-02,-1.50388542e-02,-1.56313554e-02,-1.63091044e-02,-1.68714083e-02,-1.71050622e-02,-1.68781602e-02,-1.61156454e-02,-1.49409597e-02,-1.35529070e-02,-1.21638557e-02,-1.09586665e-02,-1.00844294e-02,-9.65941160e-03,-9.74375972e-03,-1.04806125e-02
-2.19958619e-02,-2.19656140e-02,-2.17198846e-02,-2.11959728e-02,-2.04040182e-02,-1.94173549e-02,-1.83306755e-02,-1.72147121e-02,-1.60902858e-02,-1.49318041e-02,-1.36950960e-02,-1.23538837e-02,-1.09266523e-02,-9.48248866e-03,-8.12543944e-03,-6.96406303e-03,-6.07532101e-03,-5.47280527e-03,-5.09030901e-03,-4.79089414e-03,-4.39856282e-03,-3.74716852e-03,-2.73278916e-03,-1.33826164e-03,3.76106591e-04,2.30153889e-03,4.31300168e-03,6.28796044e-03,8.10926578e-03,9.65699504e-03,1.07964305e-02,1.13706860e-02,1.12162249e-02,1.02691713e-02,8.46349829e-03,5.97305599e-03,3.16862414e-03,5.09803615e-04,-1.63387896e-03,-3.10570757e-03,-3.96058055e-03,-4.39304478e-03,-4.66968945e-03,-5.09363603e-03,-5.97535708e-03,-7.56100149e-03,-9.93262758e-03,-1.29233308e-02,-1.61306887e-02,-1.90632398e-02,-2.13363183e-02,-2.27889676e-02,-2.34786191e-02,-2.36251019e-02,-2.33969769e-02,-2.30063336e-02,-2.26078571e-02,-2.22821249e-02,-2.20514331e-02,-2.19053096e-02,-2.18277390e-02,-2.18078680e-02,-2.18473165e-02,-2.19312651e-02
1.73634100e-03,1.90462968e-03,2.14222297e-03,2.42173701e-03,2.73756918e-03,3.12449322e-03,3.66312598e-03,4.46415241e-03,5.63341728e-03,7.23391901e-03,9.26568561e-03,1.16714923e-02,1.43589837e-02,1.72240074e-02,2.01655278e-02,2.30905941e-02,2.59129407e-02,2.85502640e-02,3.09244552e-02,3.29674012e-02,3.46327639e-02,3.59109033e-02,3.68401972e-02,3.75061997e-02,3.80238695e-02,3.85089041e-02,3.90544432e-02,3.97187071e-02,4.05194758e-02,4.14379508e-02,4.24300052e-02,4.34348195e-02,4.43719412e-02,4.51265985e-02,4.55314202e-02,4.54023713e-02,4.46828946e-02,4.32010723e-02,4.10404384e-02,3.85277836e-02,3.61471628e-02,3.43457633e-02,3.33588545e-02,3.31946181e-02,3.35162864e-02,3.41558785e-02,3.47898427e-02,3.50594904e-02,3.47469036e-02,3.36713411e-02,3.16640930e-02,2.87356087e-02,2.50521297e-02,2.09122840e-02,1.66844884e-02,1.27227284e-02,9.29906659e-03,6.57056244e-03,4.57229895e-03,3.23170645e-03,2.40781896e-03,1.94605498e-03,1.72384787e-03,1.66716177e-03
1.00059925e-02,1.06838949e-02,1.05881037e-02,9.71593793e-03,8.06205432e-03,5.81064086e-03,3.19861873e-03,4.19519415e-04,-2.42876604e-03,-5.30733898e-03,-8.13890711e-03,-1.07440385e-02,-1.28818310e-02,-1.43725440e-02,-1.52026156e-02,-1.55405030e-02,-1.56666839e-02,-1.58961715e-02,-1.65393025e-02,-1.77537471e-02,-1.94597995e-02,-2.13419708e-02,-2.29765536e-02,-2.40235392e-02,-2.43872583e-02,-2.41621094e-02,-2.35507466e-02,-2.29603236e-02,-2.27652061e-02,-2.33393464e-02,-2.50518325e-02,-2.79436225e-02,-3.17033917e-02,-3.57122455e-02,-3.92961969e-02,-4.20040032e-02,-4.37051043e-02,-4.45113623e-02,-4.46884243e-02,-4.43552147e-02,-4.36362045e-02,-4.26473992e-02,-4.14611997e-02,-4.01404670e-02,-3.87483339e-02,-3.73370348e-02,-3.59262827e-02,-3.44865307e-02,-3.29388570e-02,-3.11749188e-02,-2.90912601e-02,-2.66232850e-02,-2.37634737e-02,-2.05602812e-02,-1.71053972e-02,-1.35177020e-02,-9.92683272e-03,-6.45563499e-03,-3.20194853e-03,-2.24458210e-04,2.45902109e-03,4.85413167e-03,6.95519034e-03,8.71027514e-03
-1.89789698e-02,-2.05743131e-02,-2.21438090e-02,-2.35189754e-02,-2.45455566e-02,-2.51474264e-02,-2.53557693e-02,-2.52676898e-02,-2.49806954e-02,-2.46460188e-02,-2.43834867e-02,-2.42659794e-02,-2.43062313e-02,-2.45502975e-02,-2.49892944e-02,-2.56118033e-02,-2.63890746e-02,-2.72700956e-02,-2.81885958e-02,-2.90740620e-02,-2.98556611e-02,-3.04604191e-02,-3.08210813e-02,-3.09227087e-02,-3.07565791e-02,-3.03488368e-02,-2.97991964e-02,-2.92025759e-02,-2.86151832e-02,-2.80391039e-02,-2.74338405e-02,-2.67482852e-02,-2.59588932e-02,-2.50941671e-02,-2.42319744e-02,-2.34725130e-02,-2.28986550e-02,-2.25379763e-02,-2.23443352e-02,-2.22161744e-02,-2.20272190e-02,-2.16579932e-02,-2.10501301e-02,-2.02175152e-02,-1.92289220e-02,-1.81787307e-02,-1.71569512e-02,-1.62249248e-02,-1.54015109e-02,-1.46637919e-02,-1.39626054e-02,-1.32480271e-02,-1.24969819e-02,-1.17340768e-02,-1.10379870e-02,-1.05293834e-02,-1.03273309e-02,-1.05152635e-02,-1.11382736e-02,-1.21269127e-02,-1.33491608e-02,-1.46754761e-02,-1.60424675e-02,-1.74639865e-02
1.30825830e-02,1.34720890e-02,1.39934795e-02,1.47580322e-02,1.58442074e-02,1.72638413e-02,1.89681406e-02,2.08791411e-02,2.29168093e-02,2.50025086e-02,2.70402585e-02,2.88923126e-02,3.03692413e-02,3.12481781e-02,3.12674814e-02,3.05501646e-02,2.89813019e-02,2.67990943e-02,2.43877031e-02,2.21484831e-02,2.03858643e-02,1.92553074e-02,1.87697820e-02,1.88189379e-02,1.91915839e-02,1.97056968e-02,2.01125948e-02,2.02057911e-02,1.99451334e-02,1.93122489e-02,1.83938360e-02,1.73316970e-02,1.62692243e-02,1.53316338e-02,1.46153676e-02,1.41732245e-02,1.40006290e-02,1.40305853e-02,1.41660700e-02,1.43168551e-02,1.43975663e-02,1.43652552e-02,1.42273044e-02,1.40156183e-02,1.38012056e-02,1.36695417e-02,1.37017633e-02,1.39280122e-02,1.43691085e-02,1.49744258e-02,1.56396968e-02,1.62249885e-02,1.65835638e-02,1.65864304e-02,1.62498252e-02,1.55658065e-02,1.46622090e-02,1.37163625e-02,1.29058387e-02,1.23614433e-02,1.21349745e-02,1.21862722e-02,1.24166271e-02,1.27366580e-02
9.91938069e-03,1.22881168e-02,1.43972334e-02,1.61815690e-02,1.76117816e-02,1.86894238e-02,1.94400845e-02,1.99086791e-02,2.01580274e-02,2.02695321e-02,2.03417439e-02,2.04708913e-02,2.07460281e-02,2.12271628e-02,2.19134401e-02,2.27276668e-02,2.35201143e-02,2.40854435e-02,2.41673285e-02,2.36583414e-02,2.23273768e-02,2.00878355e-02,1.70283778e-02,1.34200193e-02,9.65380373e-03,6.11680535e-03,3.08648487e-03,6.98811889e-04,-1.02756953e-03,-2.15859138e-03,-2.82590886e-03,-3.21152968e-03,-3.52594131e-03,-3.98076674e-03,-4.75346356e-03,-5.94945926e-03,-7.56949479e-03,-9.48785471e-03,-1.14610445e-02,-1.31857700e-02,-1.43923354e-02,-1.49331241e-02,-1.48661410e-02,-1.42178628e-02,-1.32007173e-02,-1.20353046e-02,-1.09183490e-02,-9.99092623e-03,-9.32095186e-03,-8.90428568e-03,-8.68251669e-03,-8.56873919e-03,-8.46988045e-03,-8.29243584e-03,-7.94922339e-03,-7.36851592e-03,-6.50218114e-03,-5.32810164e-03,-3.84387666e-03,-2.05811970e-03,1.08260495e-05,2.32559829e-03,4.81841197e-03,7.38964715e-03
-4.71368063e-02,-4.36763265e-02,-3.98956902e-02,-3.58532422e-02,-3.16251170e-02,-2.73046213e-02,-2.29998202e-02,-1.88275668e-02,-1.49027044e-02,-1.13222267e-02,-8.14629784e-03,-5.38126338e-03,-2.97268654e-03,-8.15794986e-04,1.21633657e-03,3.23745479e-03,5.32037658e-03,7.49182245e-03,9.74196238e-03,1.20398065e-02,1.43470612e-02,1.66274995e-02,1.88510902e-02,2.09923168e-02,2.30227791e-02,2.49003596e-02,2.65596809e-02,2.79097004e-02,2.88435504e-02,2.92623650e-02,2.91448729e-02,2.85667893e-02,2.75602751e-02,2.62706304e-02,2.48363039e-02,2.33368789e-02,2.17757558e-02,2.00924404e-02,1.81884390e-02,1.59511596e-02,1.32643699e-02,9.99657549e-03,5.97310324e-03,9.68170642e-04,-5.22986848e-03,-1.26638161e-02,-2.10802720e-02,-2.99456452e-02,-3.85984925e-02,-4.64113677e-02,-5.28974381e-02,-5.77818369e-02,-6.10340404e-02,-6.28343520e-02,-6.35026316e-02,-6.35119176e-02,-6.28386169e-02,-6.18002593e-02,-6.05208215e-02,-5.90349460e-02,-5.73154534e-02,-5.53076712e-02,-5.29590259e-02,-5.02373310e-02
-2.97633203e-02,-2.80991007e-02,-2.61604948e-02,-2.40834183e-02,-2.19590065e-02,-1.98571271e-02,-1.78453368e-02,-1.59958842e-02,-1.43801604e-02,-1.30568978e-02,-1.20619996e-02,-1.14034722e-02,-1.10594243e-02,-1.09696801e-02,-1.10679022e-02,-1.12662318e-02,-1.14811534e-02,-1.16561912e-02,-1.17635205e-02,-1.17943597e-02,-1.17318280e-02,-1.15377127e-02,-1.11638392e-02,-1.05678754e-02,-9.73287659e-03,-8.67331338e-03,-7.42677323e-03,-6.03897310e-03,-4.54969997e-03,-2.98339262e-03,-1.34594742e-03,3.70758441e-04,2.17679390e-03,4.06919432e-03,6.02317715e-03,7.99454806e-03,9.93099301e-03,1.17842633e-02,1.35148219e-02,1.50854773e-02,1.64482572e-02,1.75342816e-02,1.82551393e-02,1.85144285e-02,1.82725288e-02,1.74936528e-02,1.61524323e-02,1.42998530e-02,1.20412415e-02,9.53585684e-03,6.96489342e-03,4.45449889e-03,1.98757222e-03,-6.31711637e-04,-3.72010320e-03,-7.55566058e-03,-1.21790546e-02,-1.72674555e-02,-2.22081784e-02,-2.63588879e-02,-2.92978818e-02,-3.09114403e-02,-3.13920783e-02,-3.09537276e-02
5.24765253e-02,5.36224089e-02,5.41697416e-02,5.39926177e-02,5.30217731e-02,5.08807544e-02,4.73168124e-02,4.22216300e-02,3.57274862e-02,2.82203473e-02,2.01997379e-02,1.20875909e-02,4.16628301e-03,-3.32568026e-03,-1.00738461e-02,-1.57337264e-02,-2.00571716e-02,-2.29882154e-02,-2.46545130e-02,-2.52977890e-02,-2.52755739e-02,-2.46640364e-02,-2.37114441e-02,-2.25911039e-02,-2.14462288e-02,-2.03804156e-02,-1.94288638e-02,-1.85356812e-02,-1.75616609e-02,-1.63298039e-02,-1.46967820e-02,-1.26085181e-02,-1.01063391e-02,-7.29397252e-03,-4.29443517e-03,-1.21759084e-03,1.85531621e-03,4.87314193e-03,7.80886768e-03,1.06484064e-02,1.33792213e-02,1.59793807e-02,1.84089882e-02,2.06065663e-02,2.24931520e-02,2.39863979e-02,2.50253962e-02,2.56026176e-02,2.57906206e-02,2.57739648e-02,2.57559900e-02,2.59370441e-02,2.64882559e-02,2.75160707e-02,2.90367640e-02,3.09991468e-02,3.33149982e-02,3.58819805e-02,3.85951404e-02,4.13504311e-02,4.40460903e-02,4.65859983e-02,4.88848183e-02,5.08703198e-02
1.62160146e-02,1.82912985e-02,2.01482554e-02,2.16638357e-02,2.27193406e-02,2.32354258e-02,2.32023868e-02,2.27590565e-02,2.19547880e-02,2.09058162e-02,1.96502965e-02,1.81343984e-02,1.62709595e-02,1.40354597e-02,1.15316447e-02,8.95934163e-03,6.49304869e-03,4.17500163e-03,1.91356738e-03,-4.25987989e-04,-2.91613155e-03,-5.51572246e-03,-8.09935576e-03,-1.05254520e-02,-1.26879461e-02,-1.45266195e-02,-1.60107476e-02,-1.71208841e-02,-1.78387800e-02,-1.81510259e-02,-1.80962918e-02,-1.76105632e-02,-1.67278974e-02,-1.55096696e-02,-1.40715632e-02,-1.25841266e-02,-1.12543889e-02,-1.02952467e-02,-9.87790509e-03,-1.00872225e-02,-1.09942841e-02,-1.25259775e-02,-1.45208435e-02,-1.67389126e-02,-1.88863485e-02,-2.06570243e-02,-2.17903775e-02,-2.21739601e-02,-2.17804648e-02,-2.05800770e-02,-1.87162441e-02,-1.63593808e-02,-1.36855614e-02,-1.08557505e-02,-7.99951775e-03,-5.20511070e-03,-2.51792631e-03,5.21928363e-05,2.51796765e-03,4.90159217e-03,7.22660136e-03,9.51449558e-03,1.17804110e-02,1.40238141e-02
-6.32395098e-02,-5.98400689e-02,-5.58652269e-02,-5.14255922e-02,-4.66173687e-02,-4.15277359e-02,-3.62400991e-02,-3.08386579e-02,-2.54112795e-02,-2.00500370e-02,-1.48495264e-02,-9.90372438e-03,-5.30252354e-03,-1.12927110e-03,2.53888795e-03,5.62700258e-03,8.05937931e-03,9.75482622e-03,1.06339308e-02,1.06360005e-02,9.89193370e-03,8.51848624e-03,6.88417463e-03,5.42921298e-03,4.51397913e-03,4.30156018e-03,4.73050720e-03,5.65157163e-03,6.87644658e-03,8.24833588e-03,9.66396521e-03,1.10586709e-02,1.23800193e-02,1.35652773e-02,1.45297838e-02,1.51650478e-02,1.53378732e-02,1.49596212e-02,1.38953298e-02,1.20490483e-02,9.42292312e-03,6.14943475e-03,2.50638363e-03,-1.14719350e-03,-4.50340519e-03,-7.42513440e-03,-9.94200812e-03,-1.21717584e-02,-1.42492066e-02,-1.63123114e-02,-1.85396700e-02,-2.11995360e-02,-2.46610859e-02,-2.93156661e-02,-3.53715755e-02,-4.25850266e-02,-5.01656632e-02,-5.70696461e-02,-6.24814541e-02,-6.60601673e-02,-6.78818169e-02,-6.83690653e-02,-6.77536160e-02,-6.59324246e-02
4.02235047e-02,4.35101583e-02,4.66060641e-02,4.94123194e-02,5.18388951e-02,5.38242904e-02,5.53572042e-02,5.64873740e-02,5.73105390e-02,5.79254250e-02,5.83824191e-02,5.86445717e-02,5.85794115e-02,5.81297589e-02,5.70886300e-02,5.53841850e-02,5.31118001e-02,5.05316442e-02,4.79844405e-02,4.57695834e-02,4.40639977e-02,4.29108376e-02,4.22496470e-02,4.19526009e-02,4.18517797e-02,4.17789332e-02,4.16173735e-02,4.12607624e-02,4.06349309e-02,3.97122324e-02,3.84958677e-02,3.69967475e-02,3.52244714e-02,3.31970331e-02,3.09561261e-02,2.85727949e-02,2.61419031e-02,2.37745083e-02,2.15891961e-02,1.96913321e-02,1.81393701e-02,1.69216960e-02,1.59682989e-02,1.51914458e-02,1.45259467e-02,1.39473972e-02,1.34675683e-02,1.31163239e-02,1.29194467e-02,1.28825650e-02,1.29707445e-02,1.31684438e-02,1.34750350e-02,1.39360246e-02,1.46392888e-02,1.56832872e-02,1.71398469e-02,1.90327075e-02,2.13389000e-02,2.40041578e-02,2.69597143e-02,3.01331072e-02,3.34517792e-02,3.68416330e-02
2.14557027e-03,1.56009954e-03,1.70036958e-03,2.33103065e-03,3.14177518e-03,3.80506323e-03,4.02642387e-03,3.58188032e-03,2.31172131e-03,1.47185124e-04,-2.84595467e-03,-6.46637843e-03,-1.04219323e-02,-1.44111397e-02,-1.82074806e-02,-2.16997463e-02,-2.48826922e-02,-2.78185051e-02,-3.05864241e-02,-3.32319328e-02,-3.57358461e-02,-3.80293558e-02,-4.00534147e-02,-4.18153447e-02,-4.33916540e-02,-4.48716942e-02,-4.62774728e-02,-4.75114186e-02,-4.83789903e-02,-4.87259287e-02,-4.85512103e-02,-4.75973144e-02,-4.59458571e-02,-4.36670392e-02,-4.08339712e-02,-3.75098869e-02,-3.37549068e-02,-2.96392762e-02,-2.52520873e-02,-2.07005910e-02,-1.61011388e-02,-1.15662615e-02,-7.19308443e-03,-3.05705819e-03,7.87450915e-04,4.30050694e-03,7.45012099e-03,1.02071026e-02,1.25445752e-02,1.44411192e-02,1.58846618e-02,1.68749617e-02,1.74238824e-02,1.75509095e-02,1.73391381e-02,1.68112131e-02,1.60057222e-02,1.49485228e-02,1.36253541e-02,1.19928895e-02,1.00255857e-02,7.79080673e-03,5.50718774e-03,3.51591046e-03
-9.26070396e-03,-9.62619925e-03,-9.94461131e-03,-1.00675539e-02,-9.88157768e-03,-9.31042079e-03,-8.35027435e-03,-7.03848826e-03,-5.44725026e-03,-3.68565793e-03,-1.89838897e-03,-2.49156042e-04,1.11404080e-03,2.10549120e-03,2.73993753e-03,3.13798305e-03,3.49119247e-03,4.00104446e-03,4.82667725e-03,6.05351884e-03,7.68850964e-03,9.67725482e-03,1.19308597e-02,1.43525947e-02,1.68586368e-02,1.93912016e-02,2.19245694e-02,2.44640191e-02,2.70365692e-02,2.96737619e-02,3.23905897e-02,3.51675800e-02,3.79421533e-02,4.06111847e-02,4.30420852e-02,4.50869983e-02,4.65948382e-02,4.74212693e-02,4.74029746e-02,4.66961288e-02,4.50722786e-02,4.25413518e-02,3.92286668e-02,3.53594785e-02,3.12129645e-02,2.70424103e-02,2.30086320e-02,1.91663528e-02,1.54995017e-02,1.19731283e-02,8.57460024e-03,5.33221522e-03,2.30897793e-03,-4.22532474e-04,-2.80644563e-03,-4.81271217e-03,-6.42336531e-03,-7.62092736e-03,-8.40042018e-03,-8.79925116e-03,-8.91862270e-03,-8.89595938e-03,-8.88151350e-03,-8.99029868e-03
2.01962090e-04,2.56429721e-03,5.01749609e-03,7.55173772e-03,1.01864616e-02,1.29461747e-02,1.58373321e-02,1.88336500e-02,2.18720022e-02,2.48575083e-02,2.76764716e-02,3.02173340e-02,3.23990277e-02,3.42005094e-02,3.56767904e-02,3.69453786e-02,3.81445323e-02,3.93883176e-02,4.07419280e-02,4.22237994e-02,4.38278258e-02,4.55481462e-02,4.73896884e-02,4.93605900e-02,5.14543451e-02,5.36320782e-02,5.58114032e-02,5.78635828e-02,5.96183024e-02,6.08712071e-02,6.13411811e-02,6.10349718e-02,5.98664003e-02,5.76494728e-02,5.44296316e-02,5.03890957e-02,4.57820282e-02,4.08651676e-02,3.58612854e-02,3.09836020e-02,2.64774601e-02,2.26042756e-02,1.95553630e-02,1.73669805e-02,1.59047156e-02,1.49134544e-02,1.40913616e-02,1.31576993e-02,1.19018287e-02,1.02295187e-02,8.18938024e-03,5.93747285e-03,3.64620306e-03,1.42358414e-03,-6.93690356e-04,-2.67950140e-03,-4.45377789e-03,-5.87105575e-03,-6.76365268e-03,-7.02758794e-03,-6.61543929e-03,-5.56176990e-03,-3.98057229e-03,-2.01404515e-03
1.37725775e-02,1.42178056e-02,1.41889492e-02,1.36526632e-02,1.25327249e-02,1.09028278e-02,8.92426442e-03,6.81436938e-03,4.79138517e-03,3.01955278e-03,1.58091982e-03,4.71888244e-04,-3.95146314e-04,-1.18857730e-03,-2.13138725e-03,-3.44205326e-03,-5.25610182e-03,-7.56965147e-03,-1.02422477e-02,-1.30542593e-02,-1.57738286e-02,-1.81950118e-02,-2.01450696e-02,-2.14778603e-02,-2.20828553e-02,-2.20149073e-02,-2.11156424e-02,-1.94723500e-02,-1.72043108e-02,-1.44849132e-02,-1.15273416e-02,-8.57204838e-03,-5.87793837e-03,-3.70871095e-03,-2.30004961e-03,-1.79024123e-03,-2.15004503e-03,-3.13415939e-03,-4.33403740e-03,-5.33836072e-03,-5.87262202e-03,-5.87620601e-03,-5.34356101e-03,-4.36397991e-03,-3.02651641e-03,-1.41272062e-03,3.96085860e-04,2.31073576e-03,4.23579804e-03,6.07730126e-03,7.75061128e-03,9.18420030e-03,1.03200215e-02,1.11156925e-02,1.15525542e-02,1.16471350e-02,1.14943250e-02,1.11964276e-02,1.09113790e-02,1.08045129e-02,1.09792696e-02,1.14637473e-02,1.21980092e-02,1.30325841e-02
-1.59203851e-02,-1.67498005e-02,-1.69465664e-02,-1.67104615e-02,-1.62963315e-02,-1.59331009e-02,-1.57818705e-02,-1.59435658e-02,-1.65104380e-02,-1.74641570e-02,-1.86915417e-02,-1.99884465e-02,-2.11167093e-02,-2.18909275e-02,-2.22379084e-02,-2.22408615e-02,-2.18991742e-02,-2.12947807e-02,-2.04362015e-02,-1.92832752e-02,-1.77917291e-02,-1.59656588e-02,-1.38905035e-02,-1.17330047e-02,-9.71019785e-03,-8.03527070e-03,-6.84982923e-03,-6.16081553e-03,-5.81697618e-03,-5.55865035e-03,-5.10094828e-03,-4.23603092e-03,-2.89525298e-03,-1.14038407e-03,8.85736475e-04,3.01688292e-03,5.11451542e-03,7.09359816e-03,8.92762748e-03,1.06362565e-02,1.22636131e-02,1.38554853e-02,1.54397906e-02,1.70117460e-02,1.85255071e-02,1.98948393e-02,2.10029970e-02,2.17175552e-02,2.18992492e-02,2.15310066e-02,2.05380634e-02,1.89371080e-02,1.68627812e-02,1.45180618e-02,1.20991888e-02,9.70570447e-03,7.29620582e-03,4.72444175e-03,1.83427297e-03,-1.43607671e-03,-4.98248405e-03,-8.53589332e-03,-1.17360077e-02,-1.42560950e-02
-1.03992037e-02,-9.55130335e-03,-8.99306090e-03,-8.72746621e-03,-8.77646186e-03,-9.24876206e-03,-1.02402980e-02,-1.18340217e-02,-1.40535977e-02,-1.68160757e-02,-1.99015387e-02,-2.29807830e-02,-2.57153356e-02,-2.78737536e-02,-2.93840698e-02,-3.03024434e-02,-3.07449998e-02,-3.08529125e-02,-3.06978439e-02,-3.03412151e-02,-2.98512761e-02,-2.92832597e-02,-2.86768825e-02,-2.80489225e-02,-2.73925176e-02,-2.66868835e-02,-2.59135343e-02,-2.50711071e-02,-2.41834041e-02,-2.33019288e-02,-2.25071723e-02,-2.19093321e-02,-2.16282745e-02,-2.17163132e-02,-2.23192124e-02,-2.34199533e-02,-2.49299612e-02,-2.67014561e-02,-2.85780278e-02,-3.04335326e-02,-3.21761453e-02,-3.37313054e-02,-3.50353298e-02,-3.60534015e-02,-3.68022718e-02,-3.73478589e-02,-3.77707393e-02,-3.81160045e-02,-3.83524732e-02,-3.84154309e-02,-3.81820068e-02,-3.74923679e-02,-3.63029963e-02,-3.46405570e-02,-3.25829609e-02,-3.02276691e-02,-2.76704818e-02,-2.49998648e-02,-2.23020733e-02,-1.96684046e-02,-1.71962864e-02,-1.49798388e-02,-1.30920798e-02,-1.15678070e-02
-1.06323884e-03,-1.40208892e-03,-1.71380039e-03,-2.11360734e-03,-2.75038293e-03,-3.75286948e-03,-5.16538902e-03,-6.91111182e-03,-8.81975768e-03,-1.07137440e-02,-1.24959639e-02,-1.41846149e-02,-1.58919347e-02,-1.77815164e-02,-2.00328077e-02,-2.28124991e-02,-2.62294750e-02,-3.02593701e-02,-3.46771999e-02,-3.90822461e-02,-4.30482450e-02,-4.63042653e-02,-4.88138204e-02,-5.07220768e-02,-5.22397660e-02,-5.35372851e-02,-5.46806237e-02,-5.56202770e-02,-5.62384840e-02,-5.64648034e-02,-5.63065602e-02,-5.55635132e-02,-5.42644339e-02,-5.24039511e-02,-4.99754276e-02,-4.69796361e-02,-4.34387389e-02,-3.94052009e-02,-3.49625150e-02,-3.02207244e-02,-2.53114330e-02,-2.03849416e-02,-1.56086866e-02,-1.11631408e-02,-7.22972691e-03,-3.96626013e-03,-1.47097618e-03,2.52896842e-04,1.30892223e-03,1.87951727e-03,2.16088628e-03,2.30245195e-03,2.38162732e-03,2.41627954e-03,2.39467003e-03,2.30314889e-03,2.13795773e-03,1.90752516e-03,1.61984507e-03,1.27182909e-03,8.53801495e-04,3.69241706e-04,-1.48556648e-04,-6.42719413e-04
6.40883962e-03,9.16585406e-03,1.15602264e-02,1.34849960e-02,1.48355952e-02,1.55309633e-02,1.55391419e-02,1.50312127e-02,1.41368204e-02,1.31488475e-02,1.23288975e-02,1.18117573e-02,1.15679164e-02,1.14273483e-02,1.11469404e-02,1.04435493e-02,9.02640648e-03,6.69512559e-03,3.46844506e-03,-3.26616348e-04,-4.13401575e-03,-7.45181931e-03,-1.00692865e-02,-1.20745694e-02,-1.37066007e-02,-1.51853971e-02,-1.65959226e-02,-1.78540275e-02,-1.87641476e-02,-1.91525367e-02,-1.89759053e-02,-1.81538356e-02,-1.67888248e-02,-1.49952286e-02,-1.28758441e-02,-1.05116971e-02,-7.96566975e-03,-5.29192180e-03,-2.54523709e-03,2.11746189e-04,2.90313746e-03,5.43826431e-03,7.71343479e-03,9.61526584e-03,1.10246401e-02,1.18188538e-02,1.18637562e-02,1.11589167e-02,9.59189576e-03,7.21872931e-03,4.20862358e-03,8.23525837e-04,-2.63141894e-03,-5.85016084e-03,-8.54361179e-03,-1.04491605e-02,-1.13689294e-02,-1.13327236e-02,-1.02720608e-02,-8.36575854e-03,-5.82777560e-03,-2.88517898e-03,2.50249820e-04,3.39704794e-03
8.67075197e-03,7.87762108e-03,6.78271958e-03,5.40181377e-03,3.78277648e-03,2.00949849e-03,1.86385304e-04,-1.59438159e-03,-3.29194632e-03,-4.93447353e-03,-6.59372896e-03,-8.32695825e-03,-1.01216966e-02,-1.18774290e-02,-1.34296907e-02,-1.45963642e-02,-1.52244910e-02,-1.52918345e-02,-1.47281864e-02,-1.35946034e-02,-1.19852600e-02,-1.00065525e-02,-7.76603055e-03,-5.37277013e-03,-2.94065249e-03,-5.83665876e-04,1.60061697e-03,3.55363656e-03,5.26996298e-03,6.78910456e-03,8.16932095e-03,9.45708426e-03,1.06675760e-02,1.17825247e-02,1.27626021e-02,1.35671056e-02,1.41725700e-02,1.45832909e-02,1.48300279e-02,1.49570870e-02,1.50018066e-02,1.49778495e-02,1.48691912e-02,1.46292807e-02,1.42101838e-02,1.35821440e-02,1.27475509e-02,1.17361949e-02,1.05871757e-02,9.33668532e-03,8.02925074e-03,6.74793727e-03,5.63273997e-03,4.85484864e-03,4.55051407e-03,4.75070157e-03,5.37447814e-03,6.27053378e-03,7.25028069e-03,8.14601482e-03,8.83568704e-03,9.24780114e-03,9.35155305e-03,9.16101921e-03
1.42316163e-02,1.27276001e-02,1.05316192e-02,7.87406688e-03,5.18429592e-03,2.94711174e-03,1.51879398e-03,1.02605458e-03,1.38760183e-03,2.40675121e-03,3.86345788e-03,5.56371045e-03,7.36449970e-03,9.17107005e-03,1.09250189e-02,1.25947761e-02,1.41736845e-02,1.56832553e-02,1.71753745e-02,1.87284732e-02,2.04361271e-02,2.23895573e-02,2.46577310e-02,2.72705422e-02,3.02105027e-02,3.34154794e-02,3.67910689e-02,4.02284206e-02,4.36220171e-02,4.68815536e-02,4.99330374e-02,5.27076953e-02,5.51229590e-02,5.70652742e-02,5.83834714e-02,5.88521571e-02,5.85599240e-02,5.75062805e-02,5.56812537e-02,5.33415096e-02,5.08366696e-02,4.84830830e-02,4.64864895e-02,4.49290987e-02,4.37982841e-02,4.30178615e-02,4.24647672e-02,4.19823239e-02,4.13995314e-02,4.05419736e-02,3.92488661e-02,3.74023173e-02,3.49522980e-02,3.19371765e-02,2.85081377e-02,2.49443612e-02,2.16177806e-02,1.88866192e-02,1.69686992e-02,1.58769452e-02,1.54406547e-02,1.53692877e-02,1.53328640e-02,1.50424867e-02
-3.16101166e-03,-1.98254017e-03,-3.92506812e-04,1.62043542e-03,4.03424047e-03,6.79584875e-03,9.82485397e-03,1.30213605e-02,1.62775772e-02,1.94920974e-02,2.25843374e-02,2.55051910e-02,2.82394290e-02,3.07968138e-02,3.31924531e-02,3.54209232e-02,3.74310050e-02,3.91079321e-02,4.02666361e-02,4.06388010e-02,4.02144137e-02,3.88999952e-02,3.67311380e-02,3.40383642e-02,3.12690084e-02,2.87931676e-02,2.67710193e-02,2.51570591e-02,2.38059264e-02,2.25880775e-02,2.14527374e-02,2.04260334e-02,1.95641081e-02,1.89023282e-02,1.84354536e-02,1.81285722e-02,1.79350924e-02,1.78042290e-02,1.76774625e-02,1.74812095e-02,1.71183670e-02,1.64726200e-02,1.54364800e-02,1.39599099e-02,1.20970689e-02,1.00109705e-02,7.91360222e-03,5.97512435e-03,4.26913348e-03,2.78424953e-03,1.47240111e-03,2.88455073e-04,-7.96286037e-04,-1.79401506e-03,-2.69777089e-03,-3.47895846e-03,-4.09862234e-03,-4.53207754e-03,-4.78635308e-03,-4.89272376e-03,-4.88457419e-03,-4.75850616e-03,-4.47666667e-03,-3.97016394e-03
-1.21395195e-03,2.91387820e-05,1.13513407e-03,2.20117850e-03,3.35597894e-03,4.72818471e-03,6.41463263e-03,8.46247933e-03,1.08676110e-02,1.35816702e-02,1.65191988e-02,1.95613732e-02,2.25569956e-02,2.53226487e-02,2.76438160e-02,2.92796450e-02,2.99743592e-02,2.96134746e-02,2.81941237e-02,2.57206477e-02,2.25576256e-02,1.92556380e-02,1.63511829e-02,1.41751726e-02,1.27935959e-02,1.20840576e-02,1.18594077e-02,1.19468874e-02,1.22481044e-02,1.27180662e-02,1.33190394e-02,1.40184381e-02,1.47872340e-02,1.56051108e-02,1.64548096e-02,1.73021919e-02,1.80743522e-02,1.86506487e-02,1.88701037e-02,1.86038686e-02,1.77436480e-02,1.62177667e-02,1.40737937e-02,1.14432790e-02,8.49985730e-03,5.41146567e-03,2.31358123e-03,-6.89854279e-04,-3.51345154e-03,-6.08628146e-03,-8.35661783e-03,-1.02943618e-02,-1.18765098e-02,-1.30602363e-02,-1.37717551e-02,-1.39674083e-02,-1.36001267e-02,-1.26843656e-02,-1.13256751e-02,-9.66677796e-03,-7.85463193e-03,-6.01769736e-03,-4.25665196e-03,-2.64245524e-03
-4.73418412e-02,-4.72287390e-02,-4.67399166e-02,-4.58124091e-02,-4.44357442e-02,-4.26491011e-02,-4.05250820e-02,-3.81540185e-02,-3.56300461e-02,-3.30394976e-02,-3.04528134e-02,-2.79218291e-02,-2.54836469e-02,-2.31699746e-02,-2.10176256e-02,-1.90735358e-02,-1.73884824e-02,-1.59992946e-02,-1.49083218e-02,-1.40751386e-02,-1.34308627e-02,-1.29098745e-02,-1.24799182e-02,-1.21511838e-02,-1.19598869e-02,-1.19282652e-02,-1.20913129e-02,-1.24847328e-02,-1.31941050e-02,-1.43918870e-02,-1.63424884e-02,-1.93571752e-02,-2.36847098e-02,-2.93466146e-02,-3.59884752e-02,-4.28864720e-02,-4.91874393e-02,-5.42412523e-02,-5.77821976e-02,-5.98908369e-02,-6.08572527e-02,-6.10862199e-02,-6.08134737e-02,-6.02716995e-02,-5.97204341e-02,-5.92953222e-02,-5.90339830e-02,-5.88974042e-02,-5.88067885e-02,-5.86605577e-02,-5.83259806e-02,-5.77012319e-02,-5.67481737e-02,-5.54954149e-02,-5.40253398e-02,-5.24535014e-02,-5.09090975e-02,-4.95190856e-02,-4.83930454e-02,-4.76053396e-02,-4.71744520e-02,-4.70399760e-02,-4.71072072e-02,-4.72649217e-02
-1.27887899e-02,-1.38181747e-02,-1.43291169e-02,-1.43565134e-02,-1.38675388e-02,-1.29493190e-02,-1.17080061e-02,-1.02467880e-02,-8.63465978e-03,-6.88575475e-03,-4.95828237e-03,-2.77410681e-03,-2.51176557e-04,2.66480508e-03,5.98075085e-03,9.65358552e-03,1.35961319e-02,1.76860251e-02,2.17754661e-02,2.57036455e-02,2.93153661e-02,3.24873033e-02,3.51567196e-02,3.73387512e-02,3.91164040e-02,4.06013661e-02,4.18854682e-02,4.30075372e-02,4.39443233e-02,4.46163787e-02,4.48858690e-02,4.46787089e-02,4.38819833e-02,4.22890940e-02,3.97743755e-02,3.62867458e-02,3.18829655e-02,2.67589939e-02,2.12584730e-02,1.58348565e-02,1.09573086e-02,6.99293508e-03,4.12564377e-03,2.34681366e-03,1.50628092e-03,1.38773880e-03,1.76777548e-03,2.47224822e-03,3.36951081e-03,4.36414261e-03,5.37095992e-03,6.29043702e-03,6.99678361e-03,7.34180182e-03,7.17994352e-03,6.42000468e-03,4.99679443e-03,2.97498431e-03,5.26756082e-04,-2.11747740e-03,-4.74504510e-03,-7.20848130e-03,-9.41573240e-03,-1.12983287e-02
-5.24277052e-02,-5.06317174e-02,-4.80819205e-02,-4.49486171e-02,-4.13646481e-02,-3.74310603e-02,-3.32257470e-02,-2.88129620e-02,-2.42507596e-02,-1.95955188e-02,-1.49045875e-02,-1.02387364e-02,-5.66542060e-03,-1.26244061e-03,2.87930542e-03,6.65645038e-03,9.96564857e-03,1.27219784e-02,1.48876315e-02,1.64989400e-02,1.76713443e-02,1.85651314e-02,1.93216785e-02,2.00083909e-02,2.06009244e-02,2.10058520e-02,2.11050816e-02,2.08720577e-02,2.02600996e-02,1.92678844e-02,1.79034750e-02,1.61323806e-02,1.38631358e-02,1.09693755e-02,7.35275176e-03,3.04257534e-03,-1.70979665e-03,-6.42869253e-03,-1.06096997e-02,-1.39509414e-02,-1.64446900e-02,-1.82964752e-02,-1.97741204e-02,-2.10843961e-02,-2.23153306e-02,-2.34527483e-02,-2.44508624e-02,-2.53012763e-02,-2.60566511e-02,-2.68114753e-02,-2.76669216e-02,-2.87005279e-02,-2.99547988e-02,-3.14496929e-02,-3.32093204e-02,-3.52823252e-02,-3.77324382e-02,-4.05859094e-02,-4.37513687e-02,-4.69665197e-02,-4.98334969e-02,-5.19464417e-02,-5.30516321e-02,-5.32522176e-02
-4.28541046e-02,-3.95497479e-02,-3.60262564e-02,-3.22124503e-02,-2.80960029e-02,-2.37294890e-02,-1.92189070e-02,-1.47039895e-02,-1.03383061e-02,-6.27221082e-03,-2.63771725e-03,4.66720917e-04,2.99096012e-03,4.94897017e-03,6.42138035e-03,7.54558183e-03,8.49566074e-03,9.45638514e-03,1.05941052e-02,1.20251730e-02,1.37870002e-02,1.58255172e-02,1.80078091e-02,2.01558146e-02,2.20893419e-02,2.36649621e-02,2.47974356e-02,2.54528379e-02,2.56066086e-02,2.53155566e-02,2.45018211e-02,2.30976238e-02,2.10922223e-02,1.85562006e-02,1.56443720e-02,1.25222260e-02,9.25172558e-03,5.72762235e-03,1.72187283e-03,-2.98205601e-03,-8.42485308e-03,-1.43864097e-02,-2.04540111e-02,-2.62118438e-02,-3.14212925e-02,-3.60735734e-02,-4.03191896e-02,-4.43575652e-02,-4.83500925e-02,-5.23663255e-02,-5.63472800e-02,-6.00868197e-02,-6.32622331e-02,-6.55356475e-02,-6.67091075e-02,-6.69405558e-02,-6.61324214e-02,-6.43084369e-02,-6.17898724e-02,-5.88345093e-02,-5.56594430e-02,-5.24236463e-02,-4.92143831e-02,-4.60430267e-02
-1.31549666e-02,-1.46713997e-02,-1.58370586e-02,-1.66203017e-02,-1.70298533e-02,-1.71138099e-02,-1.68675590e-02,-1.62929753e-02,-1.54073007e-02,-1.42583106e-02,-1.29376954e-02,-1.15759204e-02,-1.03236552e-02,-9.32923085e-03,-8.72095933e-03,-8.57229544e-03,-8.95609658e-03,-9.91253152e-03,-1.14471079e-02,-1.35267486e-02,-1.60633524e-02,-1.89165140e-02,-2.19249079e-02,-2.49498608e-02,-2.79038037e-02,-3.07501698e-02,-3.34785623e-02,-3.60674967e-02,-3.84542481e-02,-4.05346311e-02,-4.21974010e-02,-4.33662829e-02,-4.40213066e-02,-4.42251778e-02,-4.40314198e-02,-4.33751163e-02,-4.23095862e-02,-4.08684135e-02,-3.90996013e-02,-3.70666001e-02,-3.48378902e-02,-3.24758362e-02,-3.00317108e-02,-2.75481137e-02,-2.50649882e-02,-2.26235556e-02,-2.02645374e-02,-1.80215964e-02,-1.59147377e-02,-1.39487695e-02,-1.21187407e-02,-1.04199827e-02,-8.85789070e-03,-7.45333403e-03,-6.24281538e-03,-5.27582570e-03,-4.61273377e-03,-4.31945174e-03,-4.45295522e-03,-5.07345526e-03,-6.18046938e-03,-7.70347739e-03,-9.49943356e-03,-1.13800455e-02
-4.82896787e-02,-4.63570453e-02,-4.39703674e-02,-4.12322777e-02,-3.82296000e-02,-3.50404712e-02,-3.17410731e-02,-2.84122214e-02,-2.51467349e-02,-2.20557985e-02,-1.92681659e-02,-1.69139933e-02,-1.50897951e-02,-1.38143160e-02,-1.30011398e-02,-1.24750049e-02,-1.20268372e-02,-1.14669375e-02,-1.06603283e-02,-9.53103757e-03,-8.04612574e-03,-6.20267326e-03,-4.02186088e-03,-1.54362385e-03,1.18203926e-03,4.10378546e-03,7.17446308e-03,1.03469348e-02,1.35665417e-02,1.67665620e-02,1.98713131e-02,2.28059400e-02,2.55066342e-02,2.79234902e-02,3.00116014e-02,3.17122437e-02,3.29306010e-02,3.35126989e-02,3.32802905e-02,3.21116138e-02,2.96486980e-02,2.56631034e-02,2.00692122e-02,1.30424262e-02,5.09166092e-03,-3.03681073e-03,-1.06228001e-02,-1.72739286e-02,-2.29162099e-02,-2.76278518e-02,-3.14879765e-02,-3.45397816e-02,-3.68465731e-02,-3.85544342e-02,-3.98979113e-02,-4.11523287e-02,-4.25625535e-02,-4.42498788e-02,-4.61356127e-02,-4.79558004e-02,-4.93749931e-02,-5.01406302e-02,-5.02718527e-02,-4.96440929e-02
-1.63683301e-03,-2.94198779e-03,-4.08923536e-03,-5.00609003e-03,-5.71233299e-03,-6.30645756e-03,-6.93914761e-03,-7.78107256e-03,-8.98066087e-03,-1.06127667e-02,-1.26351329e-02,-1.48847279e-02,-1.71362017e-02,-1.91962520e-02,-2.09704507e-02,-2.24662242e-02,-2.37533016e-02,-2.49239751e-02,-2.60726105e-02,-2.72835063e-02,-2.86065240e-02,-3.00159195e-02,-3.13761691e-02,-3.24502591e-02,-3.29796667e-02,-3.29272514e-02,-3.20219012e-02,-3.03338900e-02,-2.79984246e-02,-2.52081785e-02,-2.21762541e-02,-1.91156146e-02,-1.62269720e-02,-1.36869065e-02,-1.16306169e-02,-1.01284793e-02,-9.16355457e-03,-8.62566313e-03,-8.33776405e-03,-8.10988911e-03,-7.78648158e-03,-7.28817581e-03,-6.62871974e-03,-5.90558384e-03,-5.27333859e-03,-4.90250711e-03,-4.89819098e-03,-5.30161699e-03,-5.99325405e-03,-6.73941204e-03,-7.27115730e-03,-7.40594071e-03,-7.05141372e-03,-6.23275784e-03,-5.05184107e-03,-3.63979822e-03,-2.13847225e-03,-6.98246660e-04,5.22223102e-04,1.36679423e-03,1.71200627e-03,1.50440128e-03,7.82808223e-04,-3.28428519e-04
-3.55793203e-03,-2.75174924e-03,-2.20434843e-03,-1.84264972e-03,-1.59835659e-03,-1.42175283e-03,-1.26625140e-03,-1.06228997e-03,-7.08943104e-04,-9.83151524e-05,8.38482292e-04,2.09032405e-03,3.55244501e-03,5.04057789e-03,6.32403037e-03,7.16692475e-03,7.36837694e-03,6.84438344e-03,5.55958716e-03,3.60325487e-03,1.16887311e-03,-1.48883869e-03,-4.09310544e-03,-6.39565189e-03,-8.21707185e-03,-9.47821745e-03,-1.02054299e-02,-1.05053976e-02,-1.05362444e-02,-1.04207170e-02,-1.02618310e-02,-1.00991480e-02,-9.92395357e-03,-9.71033288e-03,-9.45030875e-03,-9.17446592e-03,-8.94758683e-03,-8.84118816e-03,-8.89843300e-03,-9.13401845e-03,-9.49005862e-03,-9.85985581e-03,-1.01224141e-02,-1.02026745e-02,-1.00892594e-02,-9.86516127e-03,-9.69254146e-03,-9.72505544e-03,-1.01256191e-02,-1.09505336e-02,-1.21404266e-02,-1.35132516e-02,-1.48046175e-02,-1.57468628e-02,-1.61645427e-02,-1.60493827e-02,-1.53701422e-02,-1.42494762e-02,-1.28113766e-02,-1.11682867e-02,-9.42426736e-03,-7.68602259e-03,-6.06565504e-03,-4.66667294e-03
-2.40356155e-02,-2.36975905e-02,-2.32352147e-02,-2.27832580e-02,-2.25248073e-02,-2.25684245e-02,-2.30881950e-02,-2.40400616e-02,-2.52248748e-02,-2.63374981e-02,-2.70921666e-02,-2.73584665e-02,-2.71244325e-02,-2.63749110e-02,-2.52153130e-02,-2.37211748e-02,-2.19420059e-02,-1.99231019e-02,-1.77292492e-02,-1.54558925e-02,-1.32256308e-02,-1.11778241e-02,-9.46096922e-03,-8.23252945e-03,-7.65253998e-03,-7.82835574e-03,-8.89814497e-03,-1.08036650e-02,-1.32687594e-02,-1.57972971e-02,-1.78190265e-02,-1.89052371e-02,-1.90200136e-02,-1.80981798e-02,-1.63836197e-02,-1.41490570e-02,-1.16397776e-02,-9.04227666e-03,-6.47263845e-03,-3.98029717e-03,-1.56532544e-03,7.93701490e-04,3.10870076e-03,5.35765293e-03,7.47437524e-03,9.34966689e-03,1.08396257e-02,1.17776109e-02,1.19826413e-02,1.13630714e-02,9.76622836e-03,7.13433483e-03,3.53395606e-03,-8.25294863e-04,-5.58174067e-03,-1.02793663e-02,-1.44784168e-02,-1.78782935e-02,-2.03861727e-02,-2.20894250e-02,-2.31660410e-02,-2.37946315e-02,-2.41027130e-02,-2.41767181e-02
5.18918924e-03,7.25292621e-03,9.23066894e-03,1.10367648e-02,1.26374106e-02,1.40486138e-02,1.53319951e-02,1.65828155e-02,1.79056027e-02,1.93810447e-02,2.10340788e-02,2.28139822e-02,2.45939453e-02,2.61922090e-02,2.74135524e-02,2.81063458e-02,2.81979703e-02,2.78858286e-02,2.72768083e-02,2.66289105e-02,2.61760143e-02,2.60434008e-02,2.61735485e-02,2.64973397e-02,2.69128086e-02,2.73364611e-02,2.77610522e-02,2.82499263e-02,2.89034466e-02,2.98206917e-02,3.10646200e-02,3.26395421e-02,3.44852301e-02,3.64831997e-02,3.84688382e-02,4.02456749e-02,4.16019150e-02,4.23347183e-02,4.22823299e-02,4.15795221e-02,4.01327046e-02,3.81184625e-02,3.58063246e-02,3.34525177e-02,3.12091799e-02,2.90858031e-02,2.69766764e-02,2.47322394e-02,2.22415071e-02,1.94965254e-02,1.66077438e-02,1.37527707e-02,1.10866330e-02,8.67616614e-03,6.49992439e-03,4.50366412e-03,2.67192996e-03,1.07592583e-03,-1.30160584e-04,-7.65463018e-04,-7.16162805e-04,3.72212409e-05,1.39331197e-03,3.17633309e-03
4.17869483e-02,4.30069385e-02,4.39269148e-02,4.44305964e-02,4.43966750e-02,4.38728600e-02,4.26405380e-02,4.05662261e-02,3.75615217e-02,3.36626805e-02,2.91088064e-02,2.43205181e-02,1.97503038e-02,1.57113506e-02,1.23194579e-02,9.55506367e-03,7.35828863e-03,5.69369244e-03,4.57107536e-03,4.02809302e-03,4.08979199e-03,4.70849497e-03,5.80706451e-03,7.23786672e-03,8.83374992e-03,1.04323082e-02,1.18929187e-02,1.31054697e-02,1.39945137e-02,1.45246121e-02,1.47124718e-02,1.46593400e-02,1.45176066e-02,1.44903359e-02,1.47689935e-02,1.55127707e-02,1.67944566e-02,1.86007617e-02,2.08600998e-02,2.34743545e-02,2.63423416e-02,2.93706374e-02,3.24733768e-02,3.55645885e-02,3.85468866e-02,4.13007157e-02,4.36792266e-02,4.55150224e-02,4.66430829e-02,4.68782212e-02,4.64446106e-02,4.53005365e-02,4.35947039e-02,4.16208989e-02,3.96749317e-02,3.79919355e-02,3.67267260e-02,3.59648027e-02,3.57591424e-02,3.59939921e-02,3.66569076e-02,3.76945673e-02,3.89875187e-02,4.03995133e-02
1.87740452e-02,1.93671027e-02,1.92509417e-02,1.84982081e-02,1.71743817e-02,1.55672027e-02,1.40180755e-02,1.27836128e-02,1.19461886e-02,1.14204978e-02,1.10292946e-02,1.05930344e-02,9.98717464e-03,9.17284617e-03,8.20728518e-03,7.22622957e-03,6.40337904e-03,5.89530034e-03,5.78716687e-03,6.03814882e-03,6.53169813e-03,7.06646048e-03,7.41587980e-03,7.37330105e-03,6.82287046e-03,5.63060685e-03,3.72968840e-03,1.09297887e-03,-2.22661096e-03,-6.03027899e-03,-9.95686174e-03,-1.35597393e-02,-1.64647400e-02,-1.84958105e-02,-1.96918027e-02,-2.02404513e-02,-2.03929259e-02,-2.03739346e-02,-2.03761400e-02,-2.05649861e-02,-2.10578421e-02,-2.18875857e-02,-2.29893028e-02,-2.41924410e-02,-2.52505379e-02,-2.59121847e-02,-2.60631785e-02,-2.55781433e-02,-2.44215376e-02,-2.26611563e-02,-2.03885329e-02,-1.76990858e-02,-1.46844284e-02,-1.14323490e-02,-8.02885269e-03,-4.55835664e-03,-1.10132364e-03,2.26872348e-03,5.48692699e-03,8.49885254e-03,1.12584968e-02,1.37239012e-02,1.58474612e-02,1.75624563e-02
1.06994313e-02,1.01415207e-02,1.03236942e-02,1.10511667e-02,1.21357333e-02,1.33713872e-02,1.46084007e-02,1.57635815e-02,1.68195611e-02,1.78150543e-02,1.88246799e-02,1.99301944e-02,2.11903482e-02,2.26178978e-02,2.41701474e-02,2.57544888e-02,2.72463776e-02,2.85171512e-02,2.94696134e-02,3.00751439e-02,3.03973306e-02,3.05806993e-02,3.07829409e-02,3.11234277e-02,3.16612121e-02,3.23713491e-02,3.31617254e-02,3.39143530e-02,3.45262445e-02,3.49396541e-02,3.51583267e-02,3.52444559e-02,3.52878539e-02,3.53515537e-02,3.54653355e-02,3.56128775e-02,3.57316159e-02,3.57369110e-02,3.56416804e-02,3.54660667e-02,3.53373329e-02,3.54169460e-02,3.57774209e-02,3.64735310e-02,3.74350333e-02,3.85107683e-02,3.95194528e-02,4.02989127e-02,4.07436313e-02,4.07964719e-02,4.05753778e-02,4.00418023e-02,3.92038424e-02,3.80385373e-02,3.64848608e-02,3.44858104e-02,3.20394219e-02,2.92241146e-02,2.61748834e-02,2.30293265e-02,1.98999185e-02,1.69055510e-02,1.42236469e-02,1.20867848e-02
-7.93738136e-03,-1.33258318e-02,-1.87552395e-02,-2.36717942e-02,-2.77308449e-02,-3.07910791e-02,-3.28683272e-02,-3.40770774e-02,-3.45711205e-02,-3.45786924e-02,-3.40462974e-02,-3.30352109e-02,-3.15418926e-02,-2.95737417e-02,-2.71814024e-02,-2.44639388e-02,-2.15482784e-02,-1.85548112e-02,-1.55644267e-02,-1.26001302e-02,-9.63040911e-03,-6.59239070e-03,-3.42360847e-03,-8.79121019e-05,3.41278405e-03,7.03984985e-03,1.07268599e-02,1.43880757e-02,1.79268390e-02,2.12449092e-02,2.42525285e-02,2.68758974e-02,2.90569138e-02,3.07423808e-02,3.18662663e-02,3.23321374e-02,3.20969499e-02,3.11343112e-02,2.93369753e-02,2.67605775e-02,2.35678009e-02,2.00010911e-02,1.63230721e-02,1.27391450e-02,9.33978089e-03,6.09644407e-03,2.91808267e-03,-2.56445105e-04,-3.37092457e-03,-6.21770882e-03,-8.49184285e-03,-9.90480737e-03,-1.03368512e-02,-9.78582845e-03,-8.37704822e-03,-6.35995332e-03,-4.01915463e-03,-1.64753135e-03,4.61479284e-04,2.00457538e-03,2.66542315e-03,2.13971836e-03,1.94650019e-04,-3.24889354e-03
1.82281867e-02,1.76339127e-02,1.64865524e-02,1.48990704e-02,1.30391574e-02,1.11051493e-02,9.29055228e-03,7.74914830e-03,6.57393995e-03,5.78987792e-03,5.35547867e-03,5.17553595e-03,5.12829039e-03,5.09986054e-03,5.00927914e-03,4.80406663e-03,4.45341880e-03,3.94160961e-03,3.27644016e-03,2.50929954e-03,1.74813866e-03,1.14371955e-03,8.46795286e-04,9.58192845e-04,1.50090665e-03,2.43604039e-03,3.68912397e-03,5.18437155e-03,6.85816249e-03,8.65289311e-03,1.05008539e-02,1.23117421e-02,1.39731073e-02,1.53650551e-02,1.63833752e-02,1.69599710e-02,1.70632049e-02,1.67668140e-02,1.60617640e-02,1.49682593e-02,1.34923690e-02,1.16211934e-02,9.35044176e-03,6.72271019e-03,3.86183558e-03,9.84995603e-04,-1.62319113e-03,-3.67514565e-03,-4.96306320e-03,-5.41342151e-03,-5.05609620e-03,-3.97866866e-03,-2.33148578e-03,-2.78699458e-04,2.01996911e-03,4.42662686e-03,6.83712321e-03,9.17902645e-03,1.13987760e-02,1.34432413e-02,1.52448462e-02,1.67171032e-02,1.77625521e-02,1.82894453e-02
-1.77060338e-02,-2.01618158e-02,-2.26730141e-02,-2.48895464e-02,-2.65587656e-02,-2.76183133e-02,-2.81667354e-02,-2.83718199e-02,-2.83999123e-02,-2.83308203e-02,-2.82223419e-02,-2.80881217e-02,-2.79157920e-02,-2.76666317e-02,-2.72694736e-02,-2.66314824e-02,-2.56775452e-02,-2.44000582e-02,-2.28863173e-02,-2.13065309e-02,-1.98681705e-02,-1.87537510e-02,-1.80636146e-02,-1.77867655e-02,-1.78010438e-02,-1.79998452e-02,-1.82576061e-02,-1.85158711e-02,-1.87622483e-02,-1.89950215e-02,-1.91896078e-02,-1.92892237e-02,-1.92392153e-02,-1.89376556e-02,-1.83392519e-02,-1.74424352e-02,-1.62933301e-02,-1.49689105e-02,-1.35523251e-02,-1.21101334e-02,-1.06794907e-02,-9.27012931e-03,-7.88112510e-03,-6.52649036e-03,-5.25820858e-03,-4.17351217e-03,-3.39769944e-03,-3.04158759e-03,-3.14569132e-03,-3.66696086e-03,-4.45872287e-03,-5.33765436e-03,-6.15788723e-03,-6.85970400e-03,-7.46673661e-03,-8.04437849e-03,-8.65168447e-03,-9.31426606e-03,-1.00297575e-02,-1.07960538e-02,-1.16415748e-02,-1.26423274e-02,-1.39169213e-02,-1.55882294e-02
-3.40927478e-02,-3.41294242e-02,-3.35662895e-02,-3.24027382e-02,-3.06935084e-02,-2.85339372e-02,-2.60436334e-02,-2.33505623e-02,-2.05772778e-02,-1.78309208e-02,-1.51976742e-02,-1.27415759e-02,-1.05069144e-02,-8.52302564e-03,-6.81031742e-03,-5.38643496e-03,-4.27109593e-03,-3.48780701e-03,-3.06234020e-03,-3.00783831e-03,-3.34635434e-03,-4.08407695e-03,-5.21769464e-03,-6.72795481e-03,-8.57186949e-03,-1.06805367e-02,-1.29647866e-02,-1.53225941e-02,-1.76416461e-02,-1.98002624e-02,-2.16754731e-02,-2.31584637e-02,-2.41669862e-02,-2.46519559e-02,-2.46774938e-02,-2.41758808e-02,-2.32268250e-02,-2.19432047e-02,-2.04789382e-02,-1.90126540e-02,-1.77269957e-02,-1.67902641e-02,-1.63366288e-02,-1.63719396e-02,-1.69851220e-02,-1.80907470e-02,-1.95615487e-02,-2.12306661e-02,-2.29058294e-02,-2.43856281e-02,-2.54933726e-02,-2.61290928e-02,-2.63264515e-02,-2.61925267e-02,-2.59147215e-02,-2.57401480e-02,-2.58133796e-02,-2.63177026e-02,-2.72508574e-02,-2.85172656e-02,-2.99584486e-02,-3.13977142e-02,-3.26655114e-02,-3.36069185e-02
8.91441984e-04,1.12038998e-03,9.44146918e-04,4.02209032e-04,-4.51509727e-04,-1.55972518e-03,-2.88707881e-03,-4.43120033e-03,-6.21535196e-03,-8.26684224e-03,-1.05927550e-02,-1.31648070e-02,-1.59186345e-02,-1.87611115e-02,-2.15733919e-02,-2.42076045e-02,-2.64938657e-02,-2.82771864e-02,-2.94776638e-02,-3.01381980e-02,-3.04263963e-02,-3.05756333e-02,-3.08440993e-02,-3.15227780e-02,-3.28202347e-02,-3.47983694e-02,-3.73324085e-02,-4.01262063e-02,-4.28018242e-02,-4.50225435e-02,-4.65786297e-02,-4.74114951e-02,-4.76359978e-02,-4.73232964e-02,-4.65095539e-02,-4.53662777e-02,-4.40405989e-02,-4.26855240e-02,-4.14666887e-02,-4.05515002e-02,-4.00713584e-02,-4.00068892e-02,-4.04154584e-02,-4.11330979e-02,-4.18815800e-02,-4.23699499e-02,-4.24665544e-02,-4.19936980e-02,-4.08555652e-02,-3.91009462e-02,-3.68059720e-02,-3.40609308e-02,-3.09602766e-02,-2.75971415e-02,-2.40617588e-02,-2.04434951e-02,-1.68354203e-02,-1.33382275e-02,-1.00591489e-02,-7.10313349e-03,-4.55789701e-03,-2.47944355e-03,-8.86767182e-04,2.29811753e-04
1.70073310e-02,1.35880254e-02,1.00503193e-02,6.55542528e-03,3.16157344e-03,-1.05093359e-04,-3.20413053e-03,-6.09849092e-03,-8.77877205e-03,-1.12331793e-02,-1.33848520e-02,-1.50676276e-02,-1.60830933e-02,-1.63548287e-02,-1.58540084e-02,-1.46891082e-02,-1.30995654e-02,-1.13645342e-02,-9.75180934e-03,-8.46748772e-03,-7.60990907e-03,-7.14194627e-03,-6.90512750e-03,-6.68082574e-03,-6.25267497e-03,-5.47939546e-03,-4.33034923e-03,-2.88072750e-03,-1.28323360e-03,2.69485865e-04,1.58160115e-03,2.48911510e-03,2.88547182e-03,2.74155598e-03,2.11727000e-03,1.14396883e-03,3.50484851e-05,-9.66632818e-04,-1.64678977e-03,-1.87139377e-03,-1.59072067e-03,-8.24094815e-04,3.61157026e-04,1.87718110e-03,3.63292067e-03,5.54410017e-03,7.53971959e-03,9.56521171e-03,1.15802419e-02,1.35512692e-02,1.54432901e-02,1.72171953e-02,1.88356886e-02,2.02739882e-02,2.15270749e-02,2.26067681e-02,2.35277029e-02,2.42860743e-02,2.48362866e-02,2.50683481e-02,2.48459844e-02,2.40232873e-02,2.24298597e-02,2.00432492e-02
2.37174358e-02,2.27107429e-02,2.11740353e-02,1.92450272e-02,1.72786379e-02,1.57319981e-02,1.49568143e-02,1.50517907e-02,1.58075874e-02,1.70161077e-02,1.83622208e-02,1.96078336e-02,2.06399810e-02,2.14705844e-02,2.21906244e-02,2.29026559e-02,2.36676480e-02,2.44817605e-02,2.52817194e-02,2.59684113e-02,2.64309369e-02,2.65513386e-02,2.62939420e-02,2.55496825e-02,2.42244819e-02,2.22753371e-02,1.97165736e-02,1.66277549e-02,1.31395469e-02,9.41537446e-03,5.65174992e-03,2.08896709e-03,-1.00205430e-03,-3.37133716e-03,-4.87169247e-03,-5.49783545e-03,-5.38526985e-03,-4.69608232e-03,-3.64049805e-03,-2.39284661e-03,-1.06970652e-03,2.74506963e-04,1.63529694e-03,3.03417154e-03,4.49135002e-03,6.00547579e-03,7.54765986e-03,9.07160930e-03,1.05343021e-02,1.19166994e-02,1.32338029e-02,1.45283811e-02,1.58505374e-02,1.72313780e-02,1.86609772e-02,2.00801974e-02,2.13930406e-02,2.24990751e-02,2.33340845e-02,2.38964507e-02,2.42375464e-02,2.44149181e-02,2.44294701e-02,2.42447587e-02
3.01156024e-02,2.67450619e-02,2.29648162e-02,1.85047445e-02,1.32222166e-02,7.27524957e-03,1.14349576e-03,-4.55635693e-03,-9.35001288e-03,-1.30526896e-02,-1.57016708e-02,-1.74275108e-02,-1.83569570e-02,-1.86174865e-02,-1.82530457e-02,-1.72736835e-02,-1.57354177e-02,-1.37023873e-02,-1.12483017e-02,-8.45507705e-03,-5.41669071e-03,-2.24751371e-03,9.10364684e-04,3.88503019e-03,6.49045284e-03,8.55398739e-03,9.95769365e-03,1.06815503e-02,1.08178956e-02,1.05821555e-02,1.01313592e-02,9.59014013e-03,8.97833794e-03,8.22704620e-03,7.23234391e-03,5.90709501e-03,4.21932154e-03,2.21766033e-03,4.59512602e-05,-2.06325708e-03,-3.83710419e-03,-5.03947491e-03,-5.53372208e-03,-5.29120653e-03,-4.30578403e-03,-2.63038467e-03,-3.30983542e-04,2.51084877e-03,5.79574864e-03,9.41359963e-03,1.32522355e-02,1.72074055e-02,2.11876681e-02,2.51111543e-02,2.88934219e-02,3.24286173e-02,3.55699165e-02,3.81187314e-02,3.98307008e-02,4.04230505e-02,3.99733159e-02,3.85131899e-02,3.61592141e-02,3.32667882e-02
1.00489759e-02,1.20481284e-02,1.41936362e-02,1.63721276e-02,1.84826789e-02,2.04655783e-02,2.23120594e-02,2.40527234e-02,2.57305451e-02,2.73709508e-02,2.89615928e-02,3.04490708e-02,3.17531383e-02,3.27934382e-02,3.35197247e-02,3.39327797e-02,3.40815825e-02,3.40534808e-02,3.39078729e-02,3.36380758e-02,3.32068317e-02,3.25290619e-02,3.14991799e-02,3.00368432e-02,2.81398718e-02,2.59179516e-02,2.35728359e-02,2.13177834e-02,1.92811351e-02,1.74572184e-02,1.57264267e-02,1.39162567e-02,1.18636554e-02,9.45555513e-03,6.63893951e-03,3.40755254e-03,-2.07151163e-04,-4.11598567e-03,-8.14464640e-03,-1.20555184e-02,-1.56250542e-02,-1.87177545e-02,-2.12949449e-02,-2.33660058e-02,-2.49322611e-02,-2.59583409e-02,-2.63964117e-02,-2.62889931e-02,-2.54647906e-02,-2.39498239e-02,-2.17926790e-02,-1.90972328e-02,-1.60140940e-02,-1.27224305e-02,-9.40904222e-03,-6.24801393e-03,-3.38231954e-03,-9.07574240e-04,1.14185699e-03,2.80322127e-03,4.18561552e-03,5.45020044e-03,6.77031082e-03,8.28245635e-03
4.97072732e-02,4.75475198e-02,4.45839790e-02,4.13238354e-02,3.83692149e-02,3.62195303e-02,3.51309032e-02,3.51346465e-02,3.58884227e-02,3.73949912e-02,3.94491548e-02,4.18641137e-02,4.44803694e-02,4.71587532e-02,4.97800240e-02,5.22485904e-02,5.44908100e-02,5.64397111e-02,5.80079953e-02,5.90594689e-02,5.92953910e-02,5.88064832e-02,5.73077020e-02,5.46041292e-02,5.07350511e-02,4.59577084e-02,4.07286090e-02,3.55935191e-02,3.10023137e-02,2.71597857e-02,2.40152904e-02,2.13823078e-02,1.90944688e-02,1.71110782e-02,1.55306065e-02,1.45179806e-02,1.42053754e-02,1.45703001e-02,1.55581798e-02,1.70515589e-02,1.88718684e-02,2.08258579e-02,2.27161801e-02,2.43558012e-02,2.55926426e-02,2.63405489e-02,2.66029338e-02,2.65261919e-02,2.62846374e-02,2.60776255e-02,2.61447092e-02,2.65907320e-02,2.75589884e-02,2.90920235e-02,3.11695679e-02,3.37199913e-02,3.66264970e-02,3.97330745e-02,4.28515913e-02,4.57695935e-02,4.82576835e-02,5.00743705e-02,5.09652831e-02,5.07998194e-02
7.49010875e-03,9.62679625e-03,1.17620420e-02,1.37034736e-02,1.52564812e-02,1.62496419e-02,1.65601596e-02,1.62107247e-02,1.52334049e-02,1.37215387e-02,1.18195958e-02,9.62591821e-03,7.15437461e-03,4.35469162e-03,1.19074476e-03,-2.25889334e-03,-5.74297030e-03,-8.90647618e-03,-1.14435223e-02,-1.32249822e-02,-1.43183611e-02,-1.49244406e-02,-1.52928909e-02,-1.56611483e-02,-1.62230984e-02,-1.70789990e-02,-1.82065637e-02,-1.94792676e-02,-2.07309176e-02,-2.18337296e-02,-2.27418768e-02,-2.34791787e-02,-2.40897770e-02,-2.45869252e-02,-2.49291036e-02,-2.50558817e-02,-2.49092818e-02,-2.43907384e-02,-2.34862154e-02,-2.22121101e-02,-2.06166523e-02,-1.87745327e-02,-1.67764751e-02,-1.47126184e-02,-1.26533351e-02,-1.06365580e-02,-8.67060737e-03,-6.75378743e-03,-4.90097868e-03,-3.16159318e-03,-1.61739405e-03,-3.59155177e-04,5.48114791e-04,1.09442685e-03,1.33091489e-03,1.34791494e-03,1.24792083e-03,1.12817887e-03,1.09298898e-03,1.25490306e-03,1.72380185e-03,2.58132038e-03,3.85739152e-03,5.52235236e-03
-3.96358387e-02,-4.13705978e-02,-4.24549951e-02,-4.28983517e-02,-4.28950590e-02,-4.24209200e-02,-4.17066944e-02,-4.09159620e-02,-4.01729317e-02,-3.95532513e-02,-3.90849085e-02,-3.87542380e-02,-3.85164376e-02,-3.83121724e-02,-3.80898176e-02,-3.78418167e-02,-3.76444418e-02,-3.76053788e-02,-3.79240706e-02,-3.88549903e-02,-4.05301822e-02,-4.29129949e-02,-4.57710449e-02,-4.87596748e-02,-5.15664094e-02,-5.40106831e-02,-5.60427225e-02,-5.76745431e-02,-5.89072877e-02,-5.96985502e-02,-6.00120811e-02,-5.99267741e-02,-5.92111220e-02,-5.79261864e-02,-5.61320506e-02,-5.39019933e-02,-5.13024449e-02,-4.83878043e-02,-4.52062745e-02,-4.18091007e-02,-3.82556978e-02,-3.46119276e-02,-3.09437480e-02,-2.73103103e-02,-2.37595654e-02,-2.03277413e-02,-1.70433105e-02,-1.39361921e-02,-1.10526951e-02,-8.47495108e-03,-6.34014412e-03,-4.85057976e-03,-4.24416084e-03,-4.74234061e-03,-6.48658401e-03,-9.37668584e-03,-1.30748686e-02,-1.71250704e-02,-2.11400200e-02,-2.49124923e-02,-2.83996453e-02,-3.16345897e-02,-3.46339577e-02,-3.73427487e-02
-1.07945148e-02,-1.14024309e-02,-1.23085880e-02,-1.36349297e-02,-1.54686722e-02,-1.78096567e-02,-2.05308644e-02,-2.33898479e-02,-2.61056194e-02,-2.84601801e-02,-3.03606340e-02,-3.18378482e-02,-3.30076018e-02,-3.40310608e-02,-3.50934827e-02,-3.63969265e-02,-3.81461416e-02,-4.05076651e-02,-4.35344851e-02,-4.70786726e-02,-5.07645269e-02,-5.40958180e-02,-5.66591660e-02,-5.82771003e-02,-5.90233827e-02,-5.91724652e-02,-5.88445542e-02,-5.82211172e-02,-5.74390758e-02,-5.65201282e-02,-5.54077536e-02,-5.40092006e-02,-5.22424721e-02,-5.00743881e-02,-4.75354920e-02,-4.47124130e-02,-4.17296764e-02,-3.87319017e-02,-3.58694080e-02,-3.32833086e-02,-3.10846169e-02,-2.93269894e-02,-2.79829190e-02,-2.69408511e-02,-2.60328170e-02,-2.50818781e-02,-2.39540348e-02,-2.25943725e-02,-2.10252267e-02,-1.93163721e-02,-1.75524378e-02,-1.58135605e-02,-1.41715527e-02,-1.26939139e-02,-1.14447426e-02,-1.04761937e-02,-9.81361750e-03,-9.44469512e-03,-9.31883409e-03,-9.36972194e-03,-9.53661321e-03,-9.76862524e-03,-1.00431085e-02,-1.03696439e-02
-3.17294466e-02,-3.28348490e-02,-3.38758949e-02,-3.50499216e-02,-3.65294860e-02,-3.84129929e-02,-4.06569782e-02,-4.30337886e-02,-4.51743214e-02,-4.67023628e-02,-4.73948879e-02,-4.73987613e-02,-4.65474544e-02,-4.51101199e-02,-4.33225293e-02,-4.13792814e-02,-3.94059898e-02,-3.74596433e-02,-3.55467421e-02,-3.36510217e-02,-3.17604334e-02,-2.98831127e-02,-2.80473927e-02,-2.62893700e-02,-2.46375157e-02,-2.31040289e-02,-2.16877390e-02,-2.03861938e-02,-1.92088844e-02,-1.81828738e-02,-1.73473946e-02,-1.67419587e-02,-1.63964283e-02,-1.63095396e-02,-1.64999533e-02,-1.69830763e-02,-1.77528613e-02,-1.87624853e-02,-1.98886204e-02,-2.09281124e-02,-2.16495628e-02,-2.19076818e-02,-2.16495678e-02,-2.08578983e-02,-1.96741401e-02,-1.82699741e-02,-1.68060081e-02,-1.53990818e-02,-1.41080108e-02,-1.29421747e-02,-1.18897440e-02,-1.09546942e-02,-1.01898040e-02,-9.71716710e-03,-9.67453374e-03,-1.02810331e-02,-1.16911414e-02,-1.39329003e-02,-1.68494176e-02,-2.01169837e-02,-2.33478653e-02,-2.62203255e-02,-2.85625378e-02,-3.03629604e-02
2.69964015e-02,2.91488684e-02,3.12184081e-02,3.30466303e-02,3.44993525e-02,3.55055859e-02,3.60794317e-02,3.63056970e-02,3.62967035e-02,3.61440339e-02,3.58247586e-02,3.52982453e-02,3.44979545e-02,3.33789051e-02,3.19587664e-02,3.03251798e-02,2.86016157e-02,2.68905422e-02,2.52281402e-02,2.35767439e-02,2.18572161e-02,2.00028495e-02,1.80098540e-02,1.59614353e-02,1.40124641e-02,1.23422402e-02,1.10996888e-02,1.03644775e-02,1.01347342e-02,1.03150118e-02,1.07931002e-02,1.14365471e-02,1.20983351e-02,1.26426188e-02,1.29562817e-02,1.29658523e-02,1.27206895e-02,1.22849049e-02,1.18221588e-02,1.14982926e-02,1.14232231e-02,1.15924412e-02,1.19574266e-02,1.24056355e-02,1.28083594e-02,1.30676166e-02,1.31460447e-02,1.30887669e-02,1.29684690e-02,1.28747420e-02,1.28828469e-02,1.30125016e-02,1.32832744e-02,1.36891126e-02,1.42208211e-02,1.48689722e-02,1.56246541e-02,1.64832898e-02,1.74510354e-02,1.85494615e-02,1.98139389e-02,2.12834727e-02,2.29833955e-02,2.49060401e-02
3.34353383e-02,3.23765726e-02,3.09643977e-02,2.91691750e-02,2.69849363e-02,2.44019273e-02,2.13805164e-02,1.78436658e-02,1.36991984e-02,8.88813184e-03,3.44134282e-03,-2.47923645e-03,-8.56822621e-03,-1.44368175e-02,-1.96961275e-02,-2.40406800e-02,-2.72962972e-02,-2.94231500e-02,-3.04925188e-02,-3.07233109e-02,-3.01839997e-02,-2.89973039e-02,-2.73115200e-02,-2.52512994e-02,-2.29256871e-02,-2.04262304e-02,-1.78190699e-02,-1.51374961e-02,-1.23818601e-02,-9.52949100e-03,-6.55167631e-03,-3.43130773e-03,-1.75131715e-04,3.18204572e-03,6.58174517e-03,9.95372958e-03,1.32303103e-02,1.63613932e-02,1.93258612e-02,2.21354168e-02,2.48293414e-02,2.74620123e-02,3.00872201e-02,3.27432984e-02,3.54417863e-02,3.81610615e-02,4.08452450e-02,4.34074466e-02,4.57354088e-02,4.76974502e-02,4.91478997e-02,4.99376109e-02,4.99173276e-02,4.92643086e-02,4.78326652e-02,4.57676100e-02,4.33586613e-02,4.09585367e-02,3.88750585e-02,3.72771178e-02,3.61647805e-02,3.54077737e-02,3.48176867e-02,3.42109863e-02
-8.00259505e-03,-9.01428994e-03,-1.00614974e-02,-1.11147781e-02,-1.21973203e-02,-1.33774861e-02,-1.47339159e-02,-1.62984563e-02,-1.80068870e-02,-1.96998917e-02,-2.11874079e-02,-2.23351990e-02,-2.31127293e-02,-2.35783619e-02,-2.38251937e-02,-2.39264868e-02,-2.39261942e-02,-2.37857897e-02,-2.34516953e-02,-2.28721943e-02,-2.20330762e-02,-2.09688229e-02,-1.97476960e-02,-1.84396388e-02,-1.70841581e-02,-1.56747078e-02,-1.41666183e-02,-1.25023305e-02,-1.06387640e-02,-8.56335544e-03,-6.29588275e-03,-3.88208236e-03,-1.38591214e-03,1.11651487e-03,3.54073037e-03,5.79982586e-03,7.80723013e-03,9.47814648e-03,1.07295856e-02,1.14828555e-02,1.16720573e-02,1.13188066e-02,1.04473678e-02,9.17951870e-03,7.71896739e-03,6.28999776e-03,5.07831107e-03,4.18679511e-03,3.61757918e-03,3.27649559e-03,2.99595975e-03,2.57745857e-03,1.84693826e-03,7.23626433e-04,-7.21681247e-04,-2.26685595e-03,-3.63211256e-03,-4.61492316e-03,-5.17934167e-03,-5.44826292e-03,-5.62107619e-03,-5.88978830e-03,-6.37397706e-03,-7.09551479e-03
-1.18573989e-02,-1.09424544e-02,-1.00462507e-02,-9.35513247e-03,-9.00778850e-03,-9.06783625e-03,-9.64619932e-03,-1.08029278e-02,-1.25856257e-02,-1.49948334e-02,-1.79465602e-02,-2.12443567e-02,-2.45815424e-02,-2.75882975e-02,-2.99124612e-02,-3.13050952e-02,-3.17426583e-02,-3.12603258e-02,-2.98404721e-02,-2.76902704e-02,-2.50031224e-02,-2.19511717e-02,-1.86749531e-02,-1.52823273e-02,-1.18584294e-02,-8.48289148e-03,-5.24617363e-03,-2.25537745e-03,3.76458636e-04,2.55475929e-03,4.23505077e-03,5.43702284e-03,6.23025184e-03,6.69420800e-03,6.87186464e-03,6.75001789e-03,6.27220065e-03,5.36364106e-03,4.01702275e-03,2.32983471e-03,5.06092944e-04,-1.19677246e-03,-2.55245271e-03,-3.43960220e-03,-3.86500322e-03,-3.94774101e-03,-3.85051029e-03,-3.75031581e-03,-3.77686913e-03,-4.00792508e-03,-4.44771197e-03,-5.04965241e-03,-5.74112883e-03,-6.45119033e-03,-7.13685982e-03,-7.80252488e-03,-8.50037165e-03,-9.30071342e-03,-1.02350316e-02,-1.12398766e-02,-1.21469077e-02,-1.27431293e-02,-1.29020433e-02,-1.25757634e-02
2.29549214e-02,2.66093271e-02,3.03903326e-02,3.42461555e-02,3.80941289e-02,4.18295162e-02,4.53298873e-02,4.84566346e-02,5.10583132e-02,5.29813959e-02,5.40952010e-02,5.42576700e-02,5.37826257e-02,5.25836990e-02,5.07842503e-02,4.85730807e-02,4.60697213e-02,4.32956729e-02,4.02148068e-02,3.68109387e-02,3.31486266e-02,2.93721411e-02,2.56442928e-02,2.20794620e-02,1.87226254e-02,1.55743296e-02,1.26296320e-02,9.90594494e-03,7.44451055e-03,5.27370115e-03,3.34275265e-03,1.46693419e-03,-6.67709328e-04,-3.41643057e-03,-7.00447417e-03,-1.13511424e-02,-1.60200118e-02,-2.03909598e-02,-2.39489773e-02,-2.64656182e-02,-2.79859716e-02,-2.87089419e-02,-2.88920945e-02,-2.86914780e-02,-2.82147931e-02,-2.75323364e-02,-2.66710367e-02,-2.56454257e-02,-2.44669977e-02,-2.31348945e-02,-2.16199684e-02,-1.98585569e-02,-1.77668452e-02,-1.52736934e-02,-1.23557339e-02,-9.05525997e-03,-5.47290312e-03,-1.74135789e-03,2.00790091e-03,5.67474862e-03,9.21503187e-03,1.26441091e-02,1.60243865e-02,1.94379797e-02
2.41651698e-02,2.44514063e-02,2.44411922e-02,2.42053124e-02,2.37868689e-02,2.32985068e-02,2.28266286e-02,2.24023655e-02,2.20006094e-02,2.15551598e-02,2.09746287e-02,2.01525006e-02,1.89764814e-02,1.73443399e-02,1.51905205e-02,1.25179930e-02,9.41731747e-03,6.05810067e-03,2.66215186e-03,-5.19401283e-04,-3.22431168e-03,-5.22683095e-03,-6.39515185e-03,-6.74240943e-03,-6.35803963e-03,-5.39404195e-03,-4.03451716e-03,-2.45011086e-03,-7.92000795e-04,8.03364817e-04,2.20921380e-03,3.31676939e-03,4.05530313e-03,4.42139613e-03,4.50260898e-03,4.48384522e-03,4.59896695e-03,5.08055073e-03,6.10531719e-03,7.74095202e-03,9.94898501e-03,1.26124563e-02,1.55743882e-02,1.86747696e-02,2.17807943e-02,2.48071055e-02,2.77206235e-02,3.05244257e-02,3.32213647e-02,3.57672287e-02,3.80277995e-02,3.97533186e-02,4.05814203e-02,4.02476999e-02,3.87202609e-02,3.59186489e-02,3.23140223e-02,2.86718041e-02,2.56983794e-02,2.37614319e-02,2.28590547e-02,2.27704622e-02,2.31052248e-02,2.36578965e-02
2.31757464e-02,2.27474290e-02,2.18486043e-02,2.04736396e-02,1.86910555e-02,1.66490385e-02,1.45521446e-02,1.26007161e-02,1.09310646e-02,9.59893482e-03,8.60572692e-03,7.93384329e-03,7.56558617e-03,7.48708191e-03,7.67268094e-03,8.12752567e-03,8.86328170e-03,9.89895310e-03,1.12497287e-02,1.29135390e-02,1.48686011e-02,1.70807962e-02,1.95123337e-02,2.21249188e-02,2.48775136e-02,2.77235722e-02,3.06119808e-02,3.34917224e-02,3.63166496e-02,3.90465148e-02,4.16433683e-02,4.40660139e-02,4.62666294e-02,4.81918302e-02,4.97866111e-02,5.09968559e-02,5.17653793e-02,5.19908847e-02,5.17570298e-02,5.10070535e-02,4.97001217e-02,4.79217468e-02,4.58273519e-02,4.36051321e-02,4.14319397e-02,3.94347467e-02,3.76721579e-02,3.61391580e-02,3.47879500e-02,3.35519578e-02,3.23628374e-02,3.11597150e-02,2.98964689e-02,2.85516571e-02,2.71404204e-02,2.57235751e-02,2.44068988e-02,2.33230747e-02,2.25938366e-02,2.22821276e-02,2.23394316e-02,2.26253152e-02,2.29931589e-02,2.32371534e-02
2.60772963e-02,2.52884412e-02,2.42624121e-02,2.30814473e-02,2.19065209e-02,2.09303568e-02,2.03210134e-02,2.01844929e-02,2.04553321e-02,2.10910664e-02,2.19641002e-02,2.29123216e-02,2.37875340e-02,2.44727744e-02,2.48893570e-02,2.49959581e-02,2.48560585e-02,2.45111625e-02,2.40480490e-02,2.35659846e-02,2.31265982e-02,2.27433266e-02,2.23957317e-02,2.20528205e-02,2.16902900e-02,2.12976896e-02,2.08785514e-02,2.04470089e-02,2.00227349e-02,1.96253847e-02,1.92709502e-02,1.89729651e-02,1.87489781e-02,1.86284210e-02,1.86540479e-02,1.88418175e-02,1.92197753e-02,1.97524923e-02,2.03449597e-02,2.08523927e-02,2.11093578e-02,2.09928111e-02,2.04955062e-02,1.96697979e-02,1.87398464e-02,1.80094597e-02,1.77600997e-02,1.80937103e-02,1.90215928e-02,2.04504283e-02,2.21926534e-02,2.40463929e-02,2.58281933e-02,2.73841877e-02,2.85905267e-02,2.93560738e-02,2.96337644e-02,2.95096908e-02,2.90960215e-02,2.85209553e-02,2.79504370e-02,2.74725108e-02,2.70681039e-02,2.66416989e-02
1.02472446e-02,1.27754919e-02,1.55427308e-02,1.84841081e-02,2.15368832e-02,2.46290633e-02,2.76738493e-02,3.05718302e-02,3.32182380e-02,3.55102429e-02,3.73506322e-02,3.86499831e-02,3.93384045e-02,3.93613657e-02,3.89262844e-02,3.80200022e-02,3.68295140e-02,3.55573584e-02,3.43487759e-02,3.32626146e-02,3.22804091e-02,3.13364648e-02,3.03527389e-02,2.92735498e-02,2.80974512e-02,2.68925042e-02,2.57736988e-02,2.48400836e-02,2.41062502e-02,2.34782997e-02,2.27934438e-02,2.18857932e-02,2.06461786e-02,1.90629520e-02,1.72115456e-02,1.51873890e-02,1.30212240e-02,1.06342584e-02,7.87041948e-03,4.60078480e-03,8.53773171e-04,-3.10671946e-03,-6.82570745e-03,-9.82500897e-03,-1.17586129e-02,-1.25156081e-02,-1.22052690e-02,-1.09439277e-02,-9.01685226e-03,-6.71539005e-03,-4.31039527e-03,-2.03081848e-03,-4.91379155e-05,1.52576459e-03,2.64896488e-03,3.33247645e-03,3.63913982e-03,3.68353195e-03,3.63724594e-03,3.70131303e-03,4.07176503e-03,4.89515019e-03,6.22551706e-03,8.03489300e-03
-5.28017003e-03,-1.51997607e-03,2.52271980e-03,6.75864628e-03,1.11026691e-02,1.54709824e-02,1.97790912e-02,2.39389177e-02,2.78562675e-02,3.14297069e-02,3.45504390e-02,3.71012749e-02,3.89533711e-02,3.99628283e-02,3.99232681e-02,3.89583031e-02,3.67194095e-02,3.30771992e-02,2.79749697e-02,2.14801835e-02,1.39060149e-02,5.90878307e-03,-1.62726994e-03,-7.94540948e-03,-1.27626124e-02,-1.62159504e-02,-1.86426721e-02,-2.04004015e-02,-2.17784804e-02,-2.29697251e-02,-2.40639560e-02,-2.50500962e-02,-2.58359644e-02,-2.62948284e-02,-2.63769206e-02,-2.59808825e-02,-2.50798826e-02,-2.37015324e-02,-2.18899526e-02,-1.97010464e-02,-1.72078987e-02,-1.45084383e-02,-1.17289524e-02,-9.02031276e-03,-6.54564870e-03,-4.45921984e-03,-2.87901170e-03,-1.86177907e-03,-1.39597621e-03,-1.41873696e-03,-1.87601961e-03,-2.75002264e-03,-4.06992205e-03,-5.86485099e-03,-8.08680270e-03,-1.05473066e-02,-1.29188809e-02,-1.48189390e-02,-1.59316420e-02,-1.61693167e-02,-1.54614704e-02,-1.38830658e-02,-1.15723358e-02,-8.66510489e-03
7.07753593e-04,1.47795435e-03,2.47353986e-03,3.52577929e-03,4.47804299e-03,5.19644170e-03,5.56532473e-03,5.48574101e-03,4.91314923e-03,3.82091885e-03,2.28175335e-03,4.32322440e-04,-1.56688506e-03,-3.56362541e-03,-5.41421657e-03,-6.97187687e-03,-8.10019707e-03,-8.70876892e-03,-8.81113858e-03,-8.43504887e-03,-7.68208980e-03,-6.66301889e-03,-5.47227318e-03,-4.18057098e-03,-2.83536209e-03,-1.46062152e-03,-5.35199024e-05,1.41504810e-03,2.98639945e-03,4.68748827e-03,6.50703627e-03,8.38888315e-03,1.02470566e-02,1.19946635e-02,1.35712808e-02,1.49532863e-02,1.61398991e-02,1.71219108e-02,1.78502276e-02,1.82190853e-02,1.80842548e-02,1.73632864e-02,1.59289424e-02,1.38130534e-02,1.11780818e-02,8.26289478e-03,5.29369539e-03,2.43572507e-03,-1.79233477e-04,-2.39771186e-03,-4.03815699e-03,-4.94455031e-03,-5.08522986e-03,-4.49394367e-03,-3.34873043e-03,-1.90820218e-03,-4.66136249e-04,6.97935314e-04,1.37823045e-03,1.50802772e-03,1.20273275e-03,7.10183730e-04,3.34962563e-04,3.07056075e-04
-2.42064577e-02,-2.30546103e-02,-2.16748276e-02,-2.00730867e-02,-1.82728023e-02,-1.63140282e-02,-1.42494785e-02,-1.21370776e-02,-1.00298469e-02,-7.96649065e-03,-5.96752514e-03,-4.04067022e-03,-2.19528448e-03,-4.60135286e-04,1.10513958e-03,2.41406042e-03,3.37748229e-03,3.93631591e-03,4.08730290e-03,3.89574797e-03,3.45051353e-03,2.86016530e-03,2.24013541e-03,1.70946540e-03,1.38683784e-03,1.37361907e-03,1.72722539e-03,2.46270263e-03,3.54416469e-03,4.90086370e-03,6.44361509e-03,8.08624970e-03,9.76799954e-03,1.14667073e-02,1.31928705e-02,1.49653822e-02,1.67833124e-02,1.86112067e-02,2.03857944e-02,2.20380254e-02,2.35151050e-02,2.47871681e-02,2.58322333e-02,2.66057249e-02,2.70061962e-02,2.68645644e-02,2.60546895e-02,2.42783427e-02,2.13273872e-02,1.71042660e-02,1.16926294e-02,5.39612224e-03,-1.29338066e-03,-7.79298268e-03,-1.35879612e-02,-1.83350286e-02,-2.18948469e-02,-2.43097261e-02,-2.57447318e-02,-2.64201381e-02,-2.65804381e-02,-2.63591806e-02,-2.58589105e-02,-2.51380425e-02
-5.10824824e-02,-4.98276216e-02,-4.80123085e-02,-4.57227568e-02,-4.31073868e-02,-4.03395316e-02,-3.75899244e-02,-3.50117494e-02,-3.27359531e-02,-3.08724661e-02,-2.95113174e-02,-2.87136031e-02,-2.84579345e-02,-2.86911626e-02,-2.93348562e-02,-3.01587877e-02,-3.09281966e-02,-3.14775559e-02,-3.17638899e-02,-3.18577170e-02,-3.18770208e-02,-3.19385430e-02,-3.21223262e-02,-3.23861106e-02,-3.25934446e-02,-3.26291150e-02,-3.23512795e-02,-3.16765475e-02,-3.06189737e-02,-2.92382929e-02,-2.76162913e-02,-2.58395946e-02,-2.39897625e-02,-2.21395339e-02,-2.03550865e-02,-1.87041647e-02,-1.72669652e-02,-1.61435876e-02,-1.54512049e-02,-1.52665202e-02,-1.56914147e-02,-1.67994711e-02,-1.85965877e-02,-2.10522283e-02,-2.41022202e-02,-2.76424164e-02,-3.15170504e-02,-3.55193882e-02,-3.94174737e-02,-4.29959869e-02,-4.60904687e-02,-4.85998477e-02,-5.04830091e-02,-5.17520752e-02,-5.24682001e-02,-5.27420069e-02,-5.27540995e-02,-5.25513698e-02,-5.23204298e-02,-5.21656427e-02,-5.21106581e-02,-5.21064531e-02,-5.20617844e-02,-5.17876711e-02
5.66828320e-02,5.63953546e-02,5.55036024e-02,5.39427649e-02,5.17697632e-02,4.91259477e-02,4.62212451e-02,4.32620169e-02,4.03402286e-02,3.73658319e-02,3.41013244e-02,3.02832942e-02,2.57798233e-02,2.07120494e-02,1.54457591e-02,1.04290533e-02,5.99306555e-03,2.25981309e-03,-8.23377071e-04,-3.40102030e-03,-5.63715034e-03,-7.66957830e-03,-9.58452478e-03,-1.14132335e-02,-1.31560740e-02,-1.48205741e-02,-1.64433319e-02,-1.80783936e-02,-1.97628404e-02,-2.14846350e-02,-2.31701253e-02,-2.46924795e-02,-2.58963046e-02,-2.66383904e-02,-2.68716323e-02,-2.65799095e-02,-2.57427362e-02,-2.44382639e-02,-2.27202630e-02,-2.06055429e-02,-1.80815350e-02,-1.51286528e-02,-1.17435589e-02,-7.95265556e-03,-3.81360925e-03,5.90890866e-04,5.16056880e-03,9.78743623e-03,1.43634562e-02,1.87877452e-02,2.29765454e-02,2.68744811e-02,3.04635342e-02,3.37646095e-02,3.68283154e-02,3.97166624e-02,4.24821158e-02,4.51508450e-02,4.77135717e-02,5.01239857e-02,5.23037042e-02,5.41532699e-02,5.55681325e-02,5.64540738e-02
1.05112264e-02,1.31532150e-02,1.60009236e-02,1.90596934e-02,2.23238724e-02,2.57783766e-02,2.93944941e-02,3.31229119e-02,3.68874003e-02,4.05812735e-02,4.40672841e-02,4.71813406e-02,4.97414990e-02,5.15643733e-02,5.24933626e-02,5.24694224e-02,5.17879050e-02,5.03978296e-02,4.85200498e-02,4.63617945e-02,4.40072605e-02,4.14266031e-02,3.85785466e-02,3.55352557e-02,3.25391750e-02,2.99303547e-02,2.79840195e-02,2.67818834e-02,2.61936565e-02,2.59397226e-02,2.56990102e-02,2.52041638e-02,2.42325430e-02,2.26860821e-02,2.06436086e-02,1.83363134e-02,1.60554187e-02,1.40436115e-02,1.24323859e-02,1.12413797e-02,1.04088621e-02,9.81983551e-03,9.32409737e-03,8.75534637e-03,7.95566521e-03,6.80327939e-03,5.23421522e-03,3.24551585e-03,8.90192662e-04,-1.71501550e-03,-4.36764655e-03,-6.78405724e-03,-8.65045922e-03,-9.70959773e-03,-9.89570168e-03,-9.18549809e-03,-7.73058454e-03,-5.75634201e-03,-3.49664636e-03,-1.14399655e-03,1.18508481e-03,3.46123574e-03,5.72535311e-03,8.05151353e-03
-2.00196216e-04,1.58393257e-03,3.63042870e-03,5.86142890e-03,8.19600345e-03,1.05342122e-02,1.27459838e-02,1.46706653e-02,1.61325943e-02,1.69745099e-02,1.70927117e-02,1.66285375e-02,1.56816954e-02,1.45290291e-02,1.34514020e-02,1.26175490e-02,1.20423936e-02,1.16161812e-02,1.11764889e-02,1.05807789e-02,9.76133965e-03,8.76304842e-03,7.73712923e-03,6.88400021e-03,6.37603520e-03,6.30726920e-03,6.65516722e-03,7.37466704e-03,8.36218400e-03,9.49784168e-03,1.06607367e-02,1.17382064e-02,1.26338095e-02,1.32732290e-02,1.36053702e-02,1.35924403e-02,1.32599845e-02,1.25824232e-02,1.16130779e-02,1.04670105e-02,9.32400316e-03,8.39310686e-03,7.85223895e-03,7.80132953e-03,8.19592892e-03,8.96859146e-03,9.95571338e-03,1.09645345e-02,1.18051130e-02,1.23155909e-02,1.23726547e-02,1.19721248e-02,1.10676100e-02,9.69861694e-03,7.94345022e-03,5.90770423e-03,3.72531799e-03,1.56577099e-03,-3.67970321e-04,-1.86682031e-03,-2.76886474e-03,-3.01117484e-03,-2.60578940e-03,-1.63208243e-03
-1.46811598e-03,-3.83571385e-03,-6.69829102e-03,-9.86120999e-03,-1.30174321e-02,-1.58329289e-02,-1.80425410e-02,-1.95165116e-02,-2.02741515e-02,-2.04717471e-02,-2.02558208e-02,-1.97949392e-02,-1.92249598e-02,-1.86047775e-02,-1.79239910e-02,-1.71286670e-02,-1.61585452e-02,-1.49804276e-02,-1.36025922e-02,-1.20689024e-02,-1.04452796e-02,-8.81313267e-03,-7.27619130e-03,-5.97697515e-03,-5.11349270e-03,-4.91034697e-03,-5.63847898e-03,-7.51131877e-03,-1.05621895e-02,-1.45379515e-02,-1.88960764e-02,-2.29759999e-02,-2.62397497e-02,-2.84030141e-02,-2.94207379e-02,-2.95269497e-02,-2.86987972e-02,-2.71403520e-02,-2.50397908e-02,-2.25780810e-02,-1.99248673e-02,-1.72292611e-02,-1.46086369e-02,-1.21394949e-02,-9.85573683e-03,-7.75759408e-03,-5.82894632e-03,-4.05489036e-03,-2.42987165e-03,-9.52340872e-04,3.87602373e-04,1.61373797e-03,2.75148684e-03,3.80238643e-03,4.72240357e-03,5.42179425e-03,5.79441047e-03,5.76734354e-03,5.37246641e-03,4.68327803e-03,3.82412211e-03,2.86145786e-03,1.75318624e-03,3.63422303e-04
4.14768285e-02,4.16594483e-02,4.19039957e-02,4.22971761e-02,4.29137579e-02,4.38107607e-02,4.50191912e-02,4.65352369e-02,4.83160242e-02,5.02835509e-02,5.23359866e-02,5.43628980e-02,5.62607105e-02,5.79447536e-02,5.93537481e-02,6.04435054e-02,6.11687972e-02,6.14314820e-02,6.12620673e-02,6.06114265e-02,5.93627565e-02,5.75322091e-02,5.52478656e-02,5.27364053e-02,5.02710659e-02,4.80878374e-02,4.63105166e-02,4.49194902e-02,4.37699524e-02,4.26418718e-02,4.12911757e-02,3.94905667e-02,3.70811897e-02,3.40345364e-02,3.04944684e-02,2.67658263e-02,2.32382126e-02,2.02743157e-02,1.81143776e-02,1.68302131e-02,1.63299969e-02,1.63856535e-02,1.67216967e-02,1.71220092e-02,1.73907357e-02,1.74435478e-02,1.73485274e-02,1.72126998e-02,1.72169402e-02,1.74837300e-02,1.81388762e-02,1.92293227e-02,2.07550769e-02,2.26837151e-02,2.49565411e-02,2.74855509e-02,3.01485560e-02,3.27915764e-02,3.52441760e-02,3.73480097e-02,3.89925010e-02,4.01448375e-02,4.08586631e-02,4.12538701e-02
-1.22388064e-02,-1.35112248e-02,-1.48603243e-02,-1.61681367e-02,-1.73166957e-02,-1.82264303e-02,-1.88819149e-02,-1.93268388e-02,-1.96298665e-02,-1.98401119e-02,-1.99536037e-02,-1.99423099e-02,-1.97119624e-02,-1.92133470e-02,-1.84602043e-02,-1.75354672e-02,-1.65613481e-02,-1.56557009e-02,-1.48958954e-02,-1.43048342e-02,-1.38602732e-02,-1.35152476e-02,-1.32142042e-02,-1.28981741e-02,-1.25031415e-02,-1.19593460e-02,-1.11959058e-02,-1.01518762e-02,-8.79236553e-03,-7.12350370e-03,-5.19732883e-03,-3.10218286e-03,-9.42268716e-04,1.18539968e-03,3.20876987e-03,5.08954534e-03,6.81776636e-03,8.39776064e-03,9.83040489e-03,1.10972092e-02,1.21485365e-02,1.28958160e-02,1.32073730e-02,1.29432786e-02,1.19808038e-02,1.02085780e-02,7.67070763e-03,4.56991703e-03,1.22152013e-03,-2.05285639e-03,-5.00927542e-03,-7.49011145e-03,-9.38405944e-03,-1.06159752e-02,-1.11746929e-02,-1.11934623e-02,-1.07877099e-02,-1.02024788e-02,-9.66671159e-03,-9.35393523e-03,-9.33120169e-03,-9.64051727e-03,-1.02536635e-02,-1.11334352e-02
-5.58883021e-02,-5.37449309e-02,-5.13760086e-02,-4.87390603e-02,-4.58227056e-02,-4.26557034e-02,-3.93068460e-02,-3.58746106e-02,-3.24681142e-02,-2.91831876e-02,-2.60795329e-02,-2.31666855e-02,-2.04061413e-02,-1.77323671e-02,-1.50867392e-02,-1.24502353e-02,-9.86022286e-03,-7.40730711e-03,-5.22200188e-03,-3.46560021e-03,-2.33123335e-03,-2.02792554e-03,-2.76875793e-03,-4.66702016e-03,-7.61540945e-03,-1.12292349e-02,-1.49575350e-02,-1.83299481e-02,-2.11422884e-02,-2.34544558e-02,-2.54583388e-02,-2.73325490e-02,-2.91532359e-02,-3.08893244e-02,-3.24732401e-02,-3.38884933e-02,-3.52105951e-02,-3.65880214e-02,-3.81907112e-02,-4.01567418e-02,-4.25643060e-02,-4.54342585e-02,-4.87370485e-02,-5.23800012e-02,-5.61859207e-02,-5.99027349e-02,-6.32657011e-02,-6.60800016e-02,-6.82674614e-02,-6.98542528e-02,-7.09211278e-02,-7.15527561e-02,-7.18180832e-02,-7.18288072e-02,-7.14781444e-02,-7.07558895e-02,-6.96905973e-02,-6.83373511e-02,-6.67751789e-02,-6.50858276e-02,-6.33327494e-02,-6.15491662e-02,-5.97358489e-02,-5.78651666e-02
-3.04194151e-03,-5.35313294e-03,-7.70588964e-03,-1.00200080e-02,-1.22639120e-02,-1.44216217e-02,-1.64514542e-02,-1.82698284e-02,-1.97628503e-02,-2.08085805e-02,-2.13025643e-02,-2.12786077e-02,-2.06193824e-02,-1.93998383e-02,-1.77232598e-02,-1.57302020e-02,-1.35742153e-02,-1.13917722e-02,-9.27199450e-03,-7.23398506e-03,-5.22198770e-03,-3.12551049e-03,-8.21226721e-04,1.77934884e-03,4.69622494e-03,7.87546647e-03,1.12056807e-02,1.45438876e-02,1.77418646e-02,2.06683636e-02,2.32261763e-02,2.53640320e-02,2.70823165e-02,2.84302792e-02,2.94930956e-02,3.03708126e-02,3.11550905e-02,3.19094519e-02,3.26547920e-02,3.33605667e-02,3.39449025e-02,3.42861363e-02,3.42365110e-02,3.37776947e-02,3.27729444e-02,3.12015903e-02,2.91169367e-02,2.66534020e-02,2.40265471e-02,2.14947576e-02,1.92781777e-02,1.74783833e-02,1.60527369e-02,1.48524726e-02,1.36919676e-02,1.24148069e-02,1.09426652e-02,9.29825641e-03,7.58344615e-03,5.90908757e-03,4.31406221e-03,2.73232939e-03,1.03460883e-03,-8.85633135e-04
-2.15927620e-02,-2.28807446e-02,-2.36681338e-02,-2.39873735e-02,-2.39890287e-02,-2.37278029e-02,-2.33419529e-02,-2.29117506e-02,-2.24721367e-02,-2.20182365e-02,-2.15164811e-02,-2.09192254e-02,-2.01788510e-02,-1.92564530e-02,-1.81240080e-02,-1.67640039e-02,-1.51702769e-02,-1.33495659e-02,-1.13206184e-02,-9.10931785e-03,-6.74237846e-03,-4.24459173e-03,-1.64273945e-03,1.02587357e-03,3.70594089e-03,6.32630809e-03,8.81013141e-03,1.10894822e-02,1.31169587e-02,1.48673389e-02,1.63266279e-02,1.74724948e-02,1.82553088e-02,1.85886145e-02,1.83901071e-02,1.76162926e-02,1.62331405e-02,1.43669766e-02,1.22669089e-02,1.02432369e-02,8.56904191e-03,7.39494431e-03,6.71608807e-03,6.39475058e-03,6.21671131e-03,5.96101379e-03,5.44759404e-03,4.56928432e-03,3.32152909e-03,1.79823454e-03,1.47786049e-04,-1.49409772e-03,-3.05245073e-03,-4.51050285e-03,-5.87673128e-03,-7.16339498e-03,-8.39235038e-03,-9.61197237e-03,-1.09007833e-02,-1.23476541e-02,-1.40150644e-02,-1.59005663e-02,-1.79131217e-02,-1.98798983e-02
8.41549094e-02,8.29010132e-02,8.15799331e-02,8.02316610e-02,7.88685696e-02,7.74394554e-02,7.58054780e-02,7.37478245e-02,7.10141625e-02,6.74110893e-02,6.29243838e-02,5.77933343e-02,5.24512719e-02,4.73434909e-02,4.27652250e-02,3.88369997e-02,3.55816565e-02,3.29969785e-02,3.10733316e-02,2.97784359e-02,2.90530016e-02,2.88395128e-02,2.90296984e-02,2.96150668e-02,3.06043595e-02,3.19523461e-02,3.35659188e-02,3.53007012e-02,3.69848796e-02,3.84650608e-02,3.96577028e-02,4.05841365e-02,4.13652801e-02,4.21716465e-02,4.31655970e-02,4.44593578e-02,4.60894775e-02,4.80191109e-02,5.01638457e-02,5.24218889e-02,5.46952092e-02,5.69009084e-02,5.89792932e-02,6.09034343e-02,6.26875110e-02,6.43855835e-02,6.60759553e-02,6.78362597e-02,6.97198333e-02,7.17418956e-02,7.38789503e-02,7.60788138e-02,7.82743962e-02,8.03944418e-02,8.23679725e-02,8.41236155e-02,8.55883141e-02,8.66906142e-02,8.73712528e-02,8.75630746e-02,8.74376874e-02,8.70075216e-02,8.62694690e-02,8.52954783e-02
-1.23760437e-02,-1.45607163e-02,-1.66806617e-02,-1.88625792e-02,-2.12331859e-02,-2.38641576e-02,-2.67108270e-02,-2.95868395e-02,-3.22123878e-02,-3.43182006e-02,-3.57354094e-02,-3.64258522e-02,-3.65286181e-02,-3.60176895e-02,-3.49692479e-02,-3.34450965e-02,-3.14802553e-02,-2.90993595e-02,-2.63310076e-02,-2.32155743e-02,-1.98064177e-02,-1.61671670e-02,-1.23676371e-02,-8.47962144e-03,-4.57282736e-03,-7.11031244e-04,3.05106841e-03,6.67060501e-03,1.01187043e-02,1.33805586e-02,1.64556254e-02,1.93573591e-02,2.21117243e-02,2.47532552e-02,2.73177197e-02,2.98316661e-02,3.23011092e-02,3.47035529e-02,3.69876757e-02,3.90817132e-02,4.09055060e-02,4.23761470e-02,4.33977906e-02,4.38298538e-02,4.35941015e-02,4.26035503e-02,4.06371611e-02,3.76478371e-02,3.37601774e-02,2.92847170e-02,2.46623672e-02,2.03388657e-02,1.66258465e-02,1.36206428e-02,1.12193349e-02,9.19732908e-03,7.30183453e-03,5.31864733e-03,3.11049838e-03,6.37215085e-04,-2.04311585e-03,-4.80215950e-03,-7.49928896e-03,-1.00345164e-02
2.88264792e-02,2.92215754e-02,2.92654598e-02,2.90030313e-02,2.84131121e-02,2.76005296e-02,2.66907472e-02,2.57475797e-02,2.47427064e-02,2.35875519e-02,2.22058947e-02,2.06084457e-02,1.89259553e-02,1.73698679e-02,1.61392464e-02,1.53357110e-02,1.49344527e-02,1.48110520e-02,1.47904886e-02,1.47142900e-02,1.44549156e-02,1.38951433e-02,1.29213751e-02,1.13739830e-02,9.00106855e-03,5.46716010e-03,4.76813495e-04,-5.95310696e-03,-1.32130505e-02,-2.02381811e-02,-2.60468538e-02,-3.01790215e-02,-3.26769032e-02,-3.38282904e-02,-3.40408154e-02,-3.34234588e-02,-3.21217377e-02,-3.02523092e-02,-2.78987982e-02,-2.51354980e-02,-2.20343398e-02,-1.86654301e-02,-1.50961812e-02,-1.13909274e-02,-7.61080837e-03,-3.81309801e-03,-4.99893580e-05,3.63138353e-03,7.18646048e-03,1.05672020e-02,1.37155275e-02,1.65628143e-02,1.90390981e-02,2.10905593e-02,2.26976072e-02,2.38838214e-02,2.47119043e-02,2.52723801e-02,2.56724568e-02,2.60231455e-02,2.64208689e-02,2.69275108e-02,2.75485729e-02,2.82213103e-02
2.10418315e-02,2.00693791e-02,1.91394156e-02,1.82937597e-02,1.75230246e-02,1.67705263e-02,1.59516094e-02,1.49793353e-02,1.37865920e-02,1.23389084e-02,1.06380124e-02,8.72094592e-03,6.65592864e-03,4.52902985e-03,2.41915793e-03,3.73917738e-04,-1.59117295e-03,-3.45623542e-03,-5.13724008e-03,-6.44656442e-03,-7.12350516e-03,-6.99395731e-03,-5.88348656e-03,-3.84360814e-03,-1.04654941e-03,2.26489542e-03,5.82761604e-03,9.40110637e-03,1.27829791e-02,1.58178153e-02,1.83969888e-02,2.04490157e-02,2.19211969e-02,2.27549403e-02,2.28374958e-02,2.22280466e-02,2.07497213e-02,1.84017363e-02,1.53573998e-02,1.19960617e-02,8.83647074e-03,6.35607765e-03,4.81883387e-03,4.22882255e-03,4.39841598e-03,5.06998022e-03,6.02414718e-03,7.10153080e-03,8.23805965e-03,9.44702777e-03,1.07802337e-02,1.22825571e-02,1.39570610e-02,1.57522721e-02,1.75726169e-02,1.93027288e-02,2.08323852e-02,2.20725678e-02,2.29611029e-02,2.34616901e-02,2.35519590e-02,2.33185608e-02,2.27684983e-02,2.19753855e-02
-2.48363319e-02,-2.29702846e-02,-2.07712432e-02,-1.83980663e-02,-1.59605189e-02,-1.35312577e-02,-1.11575806e-02,-8.87265608e-03,-6.70782474e-03,-4.70699302e-03,-2.93951443e-03,-1.50131121e-03,-4.91756551e-04,3.72788837e-05,1.42219314e-04,1.91058461e-05,-3.77751324e-05,2.68472576e-04,1.13817144e-03,2.62960312e-03,4.67736672e-03,7.14080696e-03,9.85137786e-03,1.26444962e-02,1.53757018e-02,1.79273120e-02,2.02124861e-02,2.21808531e-02,2.38249508e-02,2.51815143e-02,2.63198286e-02,2.73151272e-02,2.82162316e-02,2.90224511e-02,2.96811650e-02,3.01087462e-02,3.02208258e-02,3.00633613e-02,2.96676326e-02,2.91392139e-02,2.86145657e-02,2.81680772e-02,2.77683140e-02,2.72970362e-02,2.66053964e-02,2.55763572e-02,2.41873186e-02,2.25326838e-02,2.07807434e-02,1.90837886e-02,1.74879926e-02,1.58830333e-02,1.40042073e-02,1.14783954e-02,7.91759319e-03,3.08269279e-03,-2.90831703e-03,-9.44402989e-03,-1.56289370e-02,-2.06710843e-02,-2.41546087e-02,-2.60477007e-02,-2.66216479e-02,-2.61510826e-02
-3.12868315e-02,-2.69591718e-02,-2.28800674e-02,-1.90678371e-02,-1.55181401e-02,-1.22120268e-02,-9.12712088e-03,-6.24785746e-03,-3.57155236e-03,-1.11068670e-03,1.10571312e-03,3.03042465e-03,4.60514452e-03,5.78140934e-03,6.55790785e-03,7.01652061e-03,7.32522205e-03,7.68479357e-03,8.25227701e-03,9.08415621e-03,1.01149795e-02,1.11868006e-02,1.21060060e-02,1.27013388e-02,1.28629393e-02,1.25965497e-02,1.19075902e-02,1.08250973e-02,9.37682038e-03,7.57444968e-03,5.43026574e-03,2.96628631e-03,2.03331489e-04,-2.86288490e-03,-6.28407783e-03,-1.01638499e-02,-1.46340685e-02,-1.97944854e-02,-2.56216249e-02,-3.18922534e-02,-3.82001729e-02,-4.40955457e-02,-4.92569817e-02,-5.35743788e-02,-5.71178705e-02,-6.00530535e-02,-6.25601293e-02,-6.47770040e-02,-6.67652836e-02,-6.84981006e-02,-6.98719339e-02,-7.07469826e-02,-7.10635017e-02,-7.08750266e-02,-6.98501488e-02,-6.80410092e-02,-6.54924467e-02,-6.22863064e-02,-5.85301719e-02,-5.43464672e-02,-4.98626996e-02,-4.52040182e-02,-4.04877653e-02,-3.58190997e-02
-4.06243038e-02,-4.01694885e-02,-3.96485564e-02,-3.90482955e-02,-3.83488619e-02,-3.75357042e-02,-3.66138307e-02,-3.56249473e-02,-3.46644740e-02,-3.38916074e-02,-3.35041550e-02,-3.35735020e-02,-3.43981289e-02,-3.60127657e-02,-3.83145426e-02,-4.10459343e-02,-4.38837562e-02,-4.65673288e-02,-4.89864945e-02,-5.11789763e-02,-5.32565604e-02,-5.53131029e-02,-5.73592845e-02,-5.93108591e-02,-6.10256712e-02,-6.23557268e-02,-6.31874101e-02,-6.34988325e-02,-6.34022815e-02,-6.27120461e-02,-6.15575379e-02,-6.00393026e-02,-5.82662089e-02,-5.63404864e-02,-5.43509019e-02,-5.23743609e-02,-5.04843616e-02,-4.87612246e-02,-4.72983241e-02,-4.61992734e-02,-4.55555833e-02,-4.53659391e-02,-4.56307628e-02,-4.63624939e-02,-4.73652685e-02,-4.84153877e-02,-4.92923009e-02,-4.98298094e-02,-4.99909403e-02,-4.97598490e-02,-4.90744739e-02,-4.80487602e-02,-4.68054697e-02,-4.54862195e-02,-4.42367051e-02,-4.31849203e-02,-4.24146889e-02,-4.19428409e-02,-4.17151571e-02,-4.16312054e-02,-4.15898798e-02,-4.15027401e-02,-4.13107166e-02,-4.10108236e-02
-3.72524020e-04,-3.14583626e-03,-5.37874500e-03,-6.61910588e-03,-6.74786122e-03,-5.77254534e-03,-3.94374693e-03,-1.57054617e-03,1.04541034e-03,3.63877691e-03,5.99688862e-03,7.96056378e-03,9.42663629e-03,1.03542906e-02,1.07745428e-02,1.07910601e-02,1.05924641e-02,1.03522459e-02,1.02737420e-02,1.04885097e-02,1.10648892e-02,1.19964535e-02,1.32092335e-02,1.45935359e-02,1.60276629e-02,1.73942431e-02,1.85904480e-02,1.95344950e-02,2.01693722e-02,2.04637580e-02,2.04148100e-02,2.00738678e-02,1.94420247e-02,1.85671089e-02,1.74882665e-02,1.62200479e-02,1.47432724e-02,1.30062677e-02,1.09421258e-02,8.50649813e-03,5.73199830e-03,2.77711291e-03,-6.88651784e-05,-2.44922909e-03,-4.05876503e-03,-4.74671215e-03,-4.55181153e-03,-3.59673437e-03,-2.10866147e-03,-3.23521066e-04,1.55025403e-03,3.35047637e-03,4.96482419e-03,6.32280459e-03,7.38551028e-03,8.13766697e-03,8.58383999e-03,8.74320757e-03,8.64174946e-03,8.27421092e-03,7.57354320e-03,6.42689129e-03,4.71024461e-03,2.38734309e-03
-1.46221724e-02,-1.70815745e-02,-1.93604246e-02,-2.10959019e-02,-2.20947440e-02,-2.23708863e-02,-2.19518244e-02,-2.08907273e-02,-1.92973740e-02,-1.72700807e-02,-1.49005854e-02,-1.22776897e-02,-9.48873821e-03,-6.61964458e-03,-3.75614943e-03,-9.87690265e-04,1.58829083e-03,3.86710024e-03,5.75316857e-03,7.18655366e-03,8.17464161e-03,8.81024472e-03,9.25850794e-03,9.71000277e-03,1.03260576e-02,1.11996354e-02,1.23291072e-02,1.36131841e-02,1.48659712e-02,1.58477460e-02,1.63083091e-02,1.60723068e-02,1.51154484e-02,1.34855937e-02,1.14398444e-02,9.29676443e-03,7.30535306e-03,5.57232440e-03,4.08311667e-03,2.77311808e-03,1.58726259e-03,5.01026465e-04,-4.89403075e-04,-1.38864959e-03,-2.22113520e-03,-3.04079580e-03,-3.93071254e-03,-4.99252364e-03,-6.32229669e-03,-7.96825372e-03,-9.87793513e-03,-1.18674088e-02,-1.36537376e-02,-1.49505148e-02,-1.55695287e-02,-1.55587545e-02,-1.49003044e-02,-1.38027472e-02,-1.25092129e-02,-1.13001077e-02,-1.04782390e-02,-1.02818275e-02,-1.09223328e-02,-1.24371154e-02
1.02577775e-02,1.23481701e-02,1.42637187e-02,1.59980705e-02,1.75063367e-02,1.86805906e-02,1.93385879e-02,1.92316297e-02,1.82679251e-02,1.62235524e-02,1.31410910e-02,9.30543854e-03,5.22053814e-03,1.47187371e-03,-1.47145162e-03,-3.38373877e-03,-4.27823604e-03,-4.34337086e-03,-3.75964685e-03,-2.75321866e-03,-1.53199281e-03,-2.79935327e-04,8.52629817e-04,1.76168466e-03,2.39886958e-03,2.77176400e-03,2.93846766e-03,2.99958772e-03,3.08464408e-03,3.32787158e-03,3.84053353e-03,4.67741149e-03,5.82285562e-03,7.19742931e-03,8.67640523e-03,1.01102383e-02,1.13432656e-02,1.22309758e-02,1.26535914e-02,1.25296063e-02,1.18496289e-02,1.05683166e-02,8.73023224e-03,6.43765476e-03,3.84168549e-03,1.10335009e-03,-1.65450084e-03,-4.36450966e-03,-6.98197843e-03,-9.42582261e-03,-1.15447561e-02,-1.31379370e-02,-1.40191288e-02,-1.41552662e-02,-1.34871929e-02,-1.21110730e-02,-1.01764242e-02,-7.84239653e-03,-5.25351204e-03,-2.53069029e-03,2.27141798e-04,2.93866835e-03,5.54006306e-03,7.98727858e-03
7.55895561e-03,8.79561391e-03,1.02934704e-02,1.19606538e-02,1.36749440e-02,1.52928291e-02,1.66647119e-02,1.76558985e-02,1.81683112e-02,1.81451404e-02,1.76633160e-02,1.67071533e-02,1.53533550e-02,1.36840924e-02,1.17833397e-02,9.73916507e-03,7.63710095e-03,5.54016406e-03,3.46949559e-03,1.40437979e-03,-7.00137107e-04,-2.90316523e-03,-5.29187637e-03,-8.00100148e-03,-1.11930630e-02,-1.49707315e-02,-1.92437944e-02,-2.36484889e-02,-2.76380872e-02,-3.07239677e-02,-3.26743021e-02,-3.35401308e-02,-3.36349418e-02,-3.30282382e-02,-3.19520251e-02,-3.05288515e-02,-2.88132484e-02,-2.68314159e-02,-2.46115954e-02,-2.21958097e-02,-1.96339277e-02,-1.69700878e-02,-1.42325788e-02,-1.14333369e-02,-8.57688556e-03,-5.67410003e-03,-2.75491426e-03,1.24264796e-04,2.87902122e-03,5.40205992e-03,7.57233026e-03,9.26607737e-03,1.03744729e-02,1.08307508e-02,1.06606129e-02,9.99191350e-03,8.99940285e-03,7.93015225e-03,6.98960438e-03,6.29880689e-03,5.90579772e-03,5.82741716e-03,6.06499172e-03,6.64082407e-03
-3.91298110e-04,-8.25414156e-04,-1.71917667e-03,-2.88720403e-03,-4.09517076e-03,-5.15008872e-03,-5.96964765e-03,-6.59100500e-03,-7.12781602e-03,-7.71249647e-03,-8.44965171e-03,-9.39094464e-03,-1.05374285e-02,-1.18698132e-02,-1.33973979e-02,-1.52018858e-02,-1.74485948e-02,-2.03491630e-02,-2.40747970e-02,-2.86381258e-02,-3.37960681e-02,-3.90580574e-02,-4.38413801e-02,-4.76876343e-02,-5.03923726e-02,-5.19931009e-02,-5.26838781e-02,-5.27825727e-02,-5.23513090e-02,-5.15658142e-02,-5.05286012e-02,-4.92637872e-02,-4.77451084e-02,-4.59328447e-02,-4.38118215e-02,-4.14152601e-02,-3.88245389e-02,-3.61489344e-02,-3.34991206e-02,-3.09670578e-02,-2.86167373e-02,-2.64824919e-02,-2.45697839e-02,-2.28578607e-02,-2.13084108e-02,-1.98822721e-02,-1.85578035e-02,-1.73386009e-02,-1.62432645e-02,-1.52835447e-02,-1.44464865e-02,-1.36921300e-02,-1.29650902e-02,-1.22084081e-02,-1.13700828e-02,-1.04040106e-02,-9.27508608e-03,-7.97258437e-03,-6.52405914e-03,-4.99949628e-03,-3.50410032e-03,-2.16558100e-03,-1.12051031e-03,-4.97844156e-04
-4.29138689e-04,4.92031001e-04,1.85537074e-03,3.62081178e-03,5.73160803e-03,8.12762323e-03,1.07469978e-02,1.35245873e-02,1.63939163e-02,1.92937926e-02,2.21758992e-02,2.50080482e-02,2.77698479e-02,3.04423616e-02,3.29982564e-02,3.54001986e-02,3.76106023e-02,3.96067757e-02,4.13879995e-02,4.29629319e-02,4.43181994e-02,4.53818933e-02,4.59972099e-02,4.59041544e-02,4.50583280e-02,4.31098866e-02,3.99366026e-02,3.56343604e-02,3.05271213e-02,2.50769101e-02,1.97222950e-02,1.47479676e-02,1.02456670e-02,6.15357925e-03,2.34237284e-03,-1.28134062e-03,-4.69465154e-03,-7.75692954e-03,-1.02965787e-02,-1.22193251e-02,-1.35625718e-02,-1.44705340e-02,-1.51233250e-02,-1.56678088e-02,-1.61757627e-02,-1.66353600e-02,-1.69745099e-02,-1.71123158e-02,-1.69895407e-02,-1.65230565e-02,-1.56875741e-02,-1.44764261e-02,-1.29084293e-02,-1.10382699e-02,-8.96642597e-03,-6.84080126e-03,-4.84321908e-03,-3.15858141e-03,-1.93079723e-03,-1.21662822e-03,-9.55133007e-04,-9.74277527e-04,-1.03696824e-03,-9.12050392e-04
2.17503517e-02,2.42585017e-02,2.68104540e-02,2.94290361e-02,3.21293221e-02,3.48960695e-02,3.76754634e-02,4.03821394e-02,4.29166542e-02,4.51870214e-02,4.71282943e-02,4.87143356e-02,4.99572280e-02,5.08950480e-02,5.15759774e-02,5.20488770e-02,5.23642497e-02,5.25802250e-02,5.27630134e-02,5.29802158e-02,5.32976682e-02,5.37730049e-02,5.44418248e-02,5.53043947e-02,5.63179620e-02,5.73963744e-02,5.84165594e-02,5.92286766e-02,5.96634417e-02,5.95954467e-02,5.90638562e-02,5.79063814e-02,5.60953862e-02,5.36509143e-02,5.06000320e-02,4.69530322e-02,4.27026451e-02,3.78535574e-02,3.24797001e-02,2.67819753e-02,2.10891507e-02,1.57646768e-02,1.10770490e-02,7.14778102e-03,4.00595073e-03,1.66555203e-03,1.44655331e-04,-5.70130330e-04,-5.71556148e-04,-1.50897424e-05,8.98839123e-04,1.97873925e-03,3.08221693e-03,4.13354235e-03,5.11930589e-03,6.07032824e-03,7.04371799e-03,8.11194468e-03,9.35366921e-03,1.08378721e-02,1.26022020e-02,1.46373422e-02,1.68895234e-02,1.92827914e-02
-1.67510374e-02,-1.55832965e-02,-1.44686482e-02,-1.35131351e-02,-1.29058255e-02,-1.28269403e-02,-1.35333714e-02,-1.51481671e-02,-1.75857874e-02,-2.05417705e-02,-2.36077841e-02,-2.64518101e-02,-2.89325144e-02,-3.10922030e-02,-3.30751107e-02,-3.50347632e-02,-3.70596015e-02,-3.91279289e-02,-4.11033136e-02,-4.27696201e-02,-4.38907043e-02,-4.43285107e-02,-4.41147132e-02,-4.29805317e-02,-4.10286755e-02,-3.83646321e-02,-3.51300168e-02,-3.14819174e-02,-2.75792439e-02,-2.35753995e-02,-1.96134914e-02,-1.58210660e-02,-1.23038997e-02,-9.14162029e-03,-6.38963990e-03,-4.08983993e-03,-2.28666895e-03,-1.03974908e-03,-4.23815604e-04,-5.11924320e-04,-1.34991691e-03,-2.92143737e-03,-5.12153031e-03,-7.75200396e-03,-1.05541814e-02,-1.32724763e-02,-1.57131547e-02,-1.77647399e-02,-1.93845411e-02,-2.05814196e-02,-2.14101167e-02,-2.19650885e-02,-2.23583636e-02,-2.26849338e-02,-2.29886459e-02,-2.32411564e-02,-2.33639662e-02,-2.32953877e-02,-2.29299204e-02,-2.22648018e-02,-2.13502122e-02,-2.02713576e-02,-1.91129678e-02,-1.79316745e-02
-2.51768633e-02,-2.47090897e-02,-2.35284123e-02,-2.16155143e-02,-1.89995444e-02,-1.57665276e-02,-1.20500202e-02,-8.01133477e-03,-3.81823328e-03,3.72533858e-04,4.42667999e-03,8.24371175e-03,1.17633230e-02,1.49676845e-02,1.78772995e-02,2.05354586e-02,2.29831696e-02,2.52352093e-02,2.72712068e-02,2.90495069e-02,3.05393337e-02,3.17544159e-02,3.27655421e-02,3.36789647e-02,3.45922238e-02,3.55520828e-02,3.65286403e-02,3.74096548e-02,3.80089857e-02,3.80154889e-02,3.73949759e-02,3.57795085e-02,3.29832286e-02,2.89719421e-02,2.39118814e-02,1.81732216e-02,1.22547127e-02,6.65506389e-03,1.74719813e-03,-2.29316597e-03,-5.48246582e-03,-7.95749146e-03,-9.87601860e-03,-1.13487960e-02,-1.24212437e-02,-1.30975287e-02,-1.33829111e-02,-1.33292237e-02,-1.29479888e-02,-1.23179494e-02,-1.15371106e-02,-1.07422368e-02,-1.01187667e-02,-9.86632926e-03,-1.01599233e-02,-1.11374283e-02,-1.27652618e-02,-1.48677215e-02,-1.71845406e-02,-1.94564805e-02,-2.14849582e-02,-2.31418601e-02,-2.43439031e-02,-2.50233154e-02
-3.22377405e-02,-3.07874505e-02,-2.95847901e-02,-2.86332475e-02,-2.79011739e-02,-2.73239114e-02,-2.68232951e-02,-2.63359452e-02,-2.58368015e-02,-2.53415585e-02,-2.48819571e-02,-2.44703902e-02,-2.40778603e-02,-2.36357718e-02,-2.30570738e-02,-2.22682131e-02,-2.12350752e-02,-1.99721686e-02,-1.85387011e-02,-1.70280680e-02,-1.55545550e-02,-1.42389464e-02,-1.31943196e-02,-1.25142843e-02,-1.22534810e-02,-1.24369284e-02,-1.31262009e-02,-1.43562137e-02,-1.61692040e-02,-1.85760971e-02,-2.15001417e-02,-2.47436935e-02,-2.80225701e-02,-3.10635646e-02,-3.37026242e-02,-3.59204164e-02,-3.78052596e-02,-3.94811233e-02,-4.10480163e-02,-4.25652733e-02,-4.40771647e-02,-4.56439645e-02,-4.73348840e-02,-4.91729239e-02,-5.10716460e-02,-5.28325173e-02,-5.42276210e-02,-5.51074458e-02,-5.54611467e-02,-5.54598733e-02,-5.50622155e-02,-5.44291870e-02,-5.36139063e-02,-5.26121880e-02,-5.13898600e-02,-4.99185711e-02,-4.82001633e-02,-4.62712101e-02,-4.41931333e-02,-4.20378788e-02,-3.98757693e-02,-3.77681107e-02,-3.57651802e-02,-3.39089557e-02
-2.29406997e-02,-2.16692052e-02,-2.01551545e-02,-1.85564972e-02,-1.69869033e-02,-1.55106656e-02,-1.41509973e-02,-1.29084330e-02,-1.17817436e-02,-1.07834102e-02,-9.94554742e-03,-9.31744415e-03,-8.95880761e-03,-8.90549549e-03,-9.21097919e-03,-9.88014489e-03,-1.08726360e-02,-1.21074895e-02,-1.34847337e-02,-1.49097853e-02,-1.62993146e-02,-1.75668115e-02,-1.86086337e-02,-1.93107952e-02,-1.95932443e-02,-1.94406908e-02,-1.87852088e-02,-1.76797569e-02,-1.62082688e-02,-1.44888661e-02,-1.26674071e-02,-1.09042877e-02,-9.35592408e-03,-8.15365009e-03,-7.38405847e-03,-7.07081128e-03,-7.16646492e-03,-7.58599566e-03,-8.17039793e-03,-8.72750500e-03,-9.06313327e-03,-9.06851186e-03,-8.66163522e-03,-7.89454391e-03,-6.88870127e-03,-5.79887276e-03,-4.77671438e-03,-3.94882598e-03,-3.40974125e-03,-3.21893081e-03,-3.41133127e-03,-4.00427115e-03,-4.99511915e-03,-6.37788243e-03,-8.15064137e-03,-1.03045767e-02,-1.27891761e-02,-1.54746662e-02,-1.81456307e-02,-2.05387699e-02,-2.24054054e-02,-2.35712657e-02,-2.40022520e-02,-2.37839831e-02
9.91061606e-04,5.32780114e-04,-1.03350836e-03,-3.60750194e-03,-6.94800008e-03,-1.06959873e-02,-1.44525092e-02,-1.78877909e-02,-2.08279320e-02,-2.32890036e-02,-2.54623215e-02,-2.76694722e-02,-3.02959672e-02,-3.36794616e-02,-3.79444047e-02,-4.28695969e-02,-4.79363938e-02,-5.25835145e-02,-5.64654941e-02,-5.95150998e-02,-6.18362209e-02,-6.35706217e-02,-6.48249441e-02,-6.56600834e-02,-6.61138037e-02,-6.62523869e-02,-6.61232794e-02,-6.56289218e-02,-6.48042949e-02,-6.36453230e-02,-6.21464291e-02,-6.03043114e-02,-5.81234460e-02,-5.56260273e-02,-5.28630404e-02,-4.99191010e-02,-4.69058222e-02,-4.39446628e-02,-4.11454351e-02,-3.85884080e-02,-3.63166013e-02,-3.43412343e-02,-3.26580240e-02,-3.12667634e-02,-3.01838417e-02,-2.94389046e-02,-2.90507677e-02,-2.89684251e-02,-2.91489015e-02,-2.94355982e-02,-2.96172639e-02,-2.95592078e-02,-2.90274125e-02,-2.79162931e-02,-2.61815957e-02,-2.38396142e-02,-2.09565356e-02,-1.76443094e-02,-1.40593041e-02,-1.03985015e-02,-6.88970680e-03,-3.77535519e-03,-1.29193827e-03,3.51967027e-04
-5.57741134e-04,1.71872196e-04,6.66545936e-04,1.00889187e-03,1.30411050e-03,1.64673455e-03,2.09652481e-03,2.67172983e-03,3.35629611e-03,4.11247722e-03,4.89153311e-03,5.63932882e-03,6.29772775e-03,6.80687113e-03,7.11634427e-03,7.20964025e-03,7.14044636e-03,7.01476636e-03,6.97399198e-03,7.11652913e-03,7.44697882e-03,7.84794710e-03,8.09149843e-03,7.88923128e-03,6.98507399e-03,5.15968641e-03,2.42158071e-03,-9.21349372e-04,-4.29176535e-03,-7.06730728e-03,-8.82879456e-03,-9.48204807e-03,-9.17789430e-03,-8.15549300e-03,-6.75529440e-03,-5.30107539e-03,-4.07623908e-03,-3.31352945e-03,-3.17209893e-03,-3.76808601e-03,-5.12272315e-03,-7.14581461e-03,-9.62757068e-03,-1.22716767e-02,-1.47686946e-02,-1.68691018e-02,-1.84192046e-02,-1.93602103e-02,-1.97235301e-02,-1.96227185e-02,-1.91070559e-02,-1.83164185e-02,-1.73572563e-02,-1.62909538e-02,-1.51315496e-02,-1.38618238e-02,-1.24601195e-02,-1.09241637e-02,-9.28102717e-03,-7.58236916e-03,-5.89289888e-03,-4.28108109e-03,-2.81492525e-03,-1.55788875e-03
3.09668513e-02,3.08322585e-02,3.01876028e-02,2.88328136e-02,2.66639797e-02,2.36436473e-02,1.98258043e-02,1.53996156e-02,1.06870853e-02,6.04926233e-03,1.76060521e-03,-2.03300835e-03,-5.25053897e-03,-7.80307828e-03,-9.58178024e-03,-1.04985503e-02,-1.05975259e-02,-9.86177861e-03,-8.39326474e-03,-6.30280393e-03,-3.69504008e-03,-6.63066086e-04,2.71161372e-03,6.35726991e-03,1.02106221e-02,1.42131676e-02,1.83102139e-02,2.24519850e-02,2.65955866e-02,3.07055367e-02,3.47510880e-02,3.87005185e-02,4.25147166e-02,4.61432703e-02,4.95252901e-02,5.25951416e-02,5.52915795e-02,5.75683190e-02,5.94041748e-02,6.08100372e-02,6.18283129e-02,6.25213904e-02,6.29516403e-02,6.31629266e-02,6.31693518e-02,6.30426849e-02,6.27333106e-02,6.22281692e-02,6.15039485e-02,6.05056696e-02,5.91354992e-02,5.72608208e-02,5.47531143e-02,5.15585068e-02,4.77755366e-02,4.36864872e-02,3.96959855e-02,3.61994162e-02,3.34686763e-02,3.16144069e-02,3.06054152e-02,3.03081883e-02,3.04302567e-02,3.07386211e-02
2.08230549e-02,1.82284068e-02,1.51095634e-02,1.15076098e-02,7.64329636e-03,3.84890882e-03,4.46440284e-04,-2.35419475e-03,-4.48477361e-03,-5.97222128e-03,-6.86681185e-03,-7.20896162e-03,-7.03110583e-03,-6.34390279e-03,-5.22169787e-03,-3.78282023e-03,-2.17765069e-03,-5.62977200e-04,9.29010541e-04,2.22333260e-03,3.32928732e-03,4.34375313e-03,5.41919340e-03,6.70162905e-03,8.26792552e-03,1.00926020e-02,1.20553754e-02,1.39777189e-02,1.56685321e-02,1.69643689e-02,1.77562862e-02,1.79985850e-02,1.77665311e-02,1.71286577e-02,1.62004701e-02,1.51541445e-02,1.41678980e-02,1.34042450e-02,1.29945739e-02,1.30320879e-02,1.35004030e-02,1.44143564e-02,1.56988311e-02,1.72580486e-02,1.90033278e-02,2.08753168e-02,2.28504376e-02,2.49277831e-02,2.71031969e-02,2.93434403e-02,3.15713796e-02,3.36657466e-02,3.54721851e-02,3.68208922e-02,3.75508845e-02,3.75200074e-02,3.68668575e-02,3.55057372e-02,3.36013984e-02,3.14031906e-02,2.91572621e-02,2.70213951e-02,2.50135776e-02,2.30153036e-02
-1.04018323e-02,-9.54524106e-03,-8.44037877e-03,-7.15930077e-03,-5.77959658e-03,-4.38204686e-03,-3.05202702e-03,-1.87596306e-03,-9.27332136e-04,-2.44444010e-04,1.89650011e-04,4.51643656e-04,6.58887578e-04,9.33562422e-04,1.36903160e-03,2.01282662e-03,2.86899678e-03,3.91279549e-03,5.10703560e-03,6.41263540e-03,7.79207484e-03,9.20962380e-03,1.06324093e-02,1.20316491e-02,1.33792508e-02,1.46374705e-02,1.57472410e-02,1.66255908e-02,1.71779237e-02,1.73170292e-02,1.70460862e-02,1.63371888e-02,1.52010034e-02,1.36706969e-02,1.17811810e-02,9.58558129e-03,7.17868033e-03,4.69976098e-03,2.30350356e-03,1.16984088e-04,-1.78936230e-03,-3.40722117e-03,-4.77651583e-03,-5.96281913e-03,-7.03411073e-03,-8.04215394e-03,-9.01159828e-03,-9.93798351e-03,-1.07946141e-02,-1.15432801e-02,-1.21391124e-02,-1.25285260e-02,-1.26674061e-02,-1.25321501e-02,-1.21374731e-02,-1.15947285e-02,-1.10656410e-02,-1.07039621e-02,-1.05849132e-02,-1.06977768e-02,-1.09389868e-02,-1.11473695e-02,-1.11892136e-02,-1.09555087e-02
-4.00633815e-02,-4.17398894e-02,-4.32102030e-02,-4.42230802e-02,-4.46379445e-02,-4.45244879e-02,-4.36867911e-02,-4.22540546e-02,-4.03184842e-02,-3.79694960e-02,-3.52890314e-02,-3.23571447e-02,-2.92580034e-02,-2.60801449e-02,-2.29095424e-02,-1.98174925e-02,-1.68481373e-02,-1.40124295e-02,-1.12948304e-02,-8.67436913e-03,-6.15405987e-03,-3.78650641e-03,-1.68321135e-03,-7.13851028e-07,1.09424250e-03,1.47711104e-03,1.11902153e-03,9.82481893e-05,-1.40829099e-03,-3.17135574e-03,-4.99248048e-03,-6.76901663e-03,-8.52340243e-03,-1.03851740e-02,-1.25349579e-02,-1.51221556e-02,-1.81696190e-02,-2.15015924e-02,-2.47567514e-02,-2.75158040e-02,-2.94746299e-02,-3.05479753e-02,-3.08814812e-02,-3.06900468e-02,-3.01947614e-02,-2.96800204e-02,-2.93656251e-02,-2.93345626e-02,-2.96970021e-02,-3.04083195e-02,-3.13280371e-02,-3.22717636e-02,-3.30787071e-02,-3.36632440e-02,-3.40254801e-02,-3.42242943e-02,-3.43376122e-02,-3.44363483e-02,-3.45848365e-02,-3.48478236e-02,-3.52979170e-02,-3.60142226e-02,-3.70593150e-02,-3.84388596e-02
1.52108124e-02,1.70132826e-02,1.85362252e-02,1.98563758e-02,2.10587164e-02,2.22001061e-02,2.32820694e-02,2.42468117e-02,2.50006884e-02,2.54554240e-02,2.55592806e-02,2.53902197e-02,2.49834989e-02,2.44151011e-02,2.37597996e-02,2.30662394e-02,2.23733856e-02,2.17292060e-02,2.11926196e-02,2.08162470e-02,2.06217391e-02,2.05856584e-02,2.06240887e-02,2.06532222e-02,2.05694978e-02,2.02868831e-02,1.97256023e-02,1.88290224e-02,1.75557695e-02,1.58838737e-02,1.38321947e-02,1.14858602e-02,8.99388502e-03,6.51447320e-03,4.12407421e-03,1.74270716e-03,-8.78434269e-04,-4.09032989e-03,-8.18364492e-03,-1.31766499e-02,-1.86773262e-02,-2.39907431e-02,-2.84432482e-02,-3.16494198e-02,-3.35431168e-02,-3.42765202e-02,-3.42097809e-02,-3.32775742e-02,-3.17063591e-02,-2.96071244e-02,-2.70695412e-02,-2.41829900e-02,-2.10432219e-02,-1.77477553e-02,-1.43845247e-02,-1.10200776e-02,-7.69333352e-03,-4.41882134e-03,-1.19939655e-03,1.95639883e-03,5.01990876e-03,7.93977165e-03,1.06504050e-02,1.30882565e-02
7.14118263e-03,6.84016217e-03,6.54491091e-03,6.47288812e-03,6.79132671e-03,7.59781298e-03,8.89289255e-03,1.05983220e-02,1.25923787e-02,1.47395859e-02,1.69143005e-02,1.90186267e-02,2.09943552e-02,2.28270442e-02,2.45398639e-02,2.61758279e-02,2.77698724e-02,2.93162314e-02,3.07398116e-02,3.18813844e-02,3.25017184e-02,3.23279843e-02,3.12777104e-02,2.91059901e-02,2.58250600e-02,2.16077937e-02,1.67068746e-02,1.13670864e-02,5.79577313e-03,2.01878026e-04,-5.16015623e-03,-1.00213327e-02,-1.41846955e-02,-1.75707980e-02,-2.02017700e-02,-2.21542478e-02,-2.35175127e-02,-2.43660849e-02,-2.47476592e-02,-2.47540366e-02,-2.43219867e-02,-2.34903413e-02,-2.23066649e-02,-2.08435137e-02,-1.91838547e-02,-1.74010167e-02,-1.55441681e-02,-1.36357157e-02,-1.16807665e-02,-9.68293263e-03,-7.65823721e-03,-5.64132365e-03,-3.68318744e-03,-1.84258976e-03,-1.73105869e-04,1.29183563e-03,2.55077838e-03,3.63340212e-03,4.58330484e-03,5.43168004e-03,6.17557537e-03,6.77264832e-03,7.15727895e-03,7.27546922e-03
-8.35876313e-03,-5.74256324e-03,-3.20672927e-03,-8.15243527e-04,1.37118518e-03,3.29461452e-03,4.89591241e-03,6.10624879e-03,6.84051799e-03,6.99500109e-03,6.49692390e-03,5.24973913e-03,3.23535340e-03,5.67107444e-04,-2.45660014e-03,-5.35704217e-03,-7.60670068e-03,-8.79953571e-03,-8.86302078e-03,-7.75156874e-03,-5.67590830e-03,-2.89110941e-03,3.49099429e-04,3.81718755e-03,7.32506579e-03,1.07242637e-02,1.38988299e-02,1.67535914e-02,1.91963108e-02,2.11148521e-02,2.23516754e-02,2.26669911e-02,2.19329209e-02,1.98208246e-02,1.60686893e-02,1.06500673e-02,3.87406321e-03,-3.58751529e-03,-1.08527293e-02,-1.71941610e-02,-2.22289569e-02,-2.59279992e-02,-2.84918604e-02,-3.02098568e-02,-3.13637822e-02,-3.21786880e-02,-3.28017630e-02,-3.32941505e-02,-3.36360532e-02,-3.37749304e-02,-3.36806107e-02,-3.32490820e-02,-3.24924276e-02,-3.14410714e-02,-3.01342828e-02,-2.86066815e-02,-2.68863856e-02,-2.49980320e-02,-2.29630656e-02,-2.07968236e-02,-1.85074072e-02,-1.61001969e-02,-1.35866219e-02,-1.09920880e-02
-3.12075018e-02,-3.13392258e-02,-3.12812840e-02,-3.10226744e-02,-3.06187987e-02,-3.01342301e-02,-2.96587400e-02,-2.93039434e-02,-2.91619636e-02,-2.92796503e-02,-2.97308668e-02,-3.04452672e-02,-3.12900530e-02,-3.20965348e-02,-3.27086540e-02,-3.30228820e-02,-3.30508768e-02,-3.27274443e-02,-3.20789082e-02,-3.11365118e-02,-2.99331410e-02,-2.85077827e-02,-2.69134257e-02,-2.52223165e-02,-2.35248395e-02,-2.19206377e-02,-2.05027210e-02,-1.93382172e-02,-1.84526002e-02,-1.78250557e-02,-1.73986596e-02,-1.71013870e-02,-1.68678203e-02,-1.66522322e-02,-1.64297047e-02,-1.61870243e-02,-1.59119038e-02,-1.55923307e-02,-1.52325239e-02,-1.48815701e-02,-1.46582665e-02,-1.46905170e-02,-1.51917675e-02,-1.62746098e-02,-1.78967258e-02,-1.98219149e-02,-2.16911160e-02,-2.31666262e-02,-2.40577026e-02,-2.43742173e-02,-2.42625486e-02,-2.38891012e-02,-2.34997436e-02,-2.32842865e-02,-2.33038625e-02,-2.36514390e-02,-2.42901429e-02,-2.51627114e-02,-2.61961546e-02,-2.73077960e-02,-2.84084945e-02,-2.94104580e-02,-3.02395007e-02,-3.08456628e-02
1.95082737e-04,2.42816856e-03,4.37126624e-03,6.05705061e-03,7.52265807e-03,8.78459034e-03,9.82051602e-03,1.05693275e-02,1.09563943e-02,1.09372812e-02,1.05894899e-02,1.00212830e-02,9.44312132e-03,9.05307649e-03,8.97023071e-03,9.17916312e-03,9.60829171e-03,1.01110606e-02,1.05140838e-02,1.06509547e-02,1.04102955e-02,9.72394841e-03,8.59954971e-03,7.16054548e-03,5.62909018e-03,4.27281566e-03,3.32028026e-03,2.89315887e-03,2.99028748e-03,3.51499931e-03,4.34537616e-03,5.34838422e-03,6.40879262e-03,7.42364521e-03,8.28566238e-03,8.86788546e-03,9.01676794e-03,8.60022610e-03,7.46878676e-03,5.52782186e-03,2.78199050e-03,-6.52961781e-04,-4.56705679e-03,-8.71435506e-03,-1.28577792e-02,-1.67760997e-02,-2.02644121e-02,-2.31609370e-02,-2.53865517e-02,-2.69525606e-02,-2.79206458e-02,-2.83483721e-02,-2.83469576e-02,-2.78033539e-02,-2.67126281e-02,-2.50748434e-02,-2.29339006e-02,-2.03728984e-02,-1.74986245e-02,-1.44264977e-02,-1.12709177e-02,-8.14032730e-03,-5.13368751e-03,-2.33502858e-03
-8.20048828e-03,-5.72902011e-03,-3.76559531e-03,-2.46475920e-03,-1.96260385e-03,-2.33871959e-03,-3.55491778e-03,-5.40262872e-03,-7.55586533e-03,-9.69671923e-03,-1.16325417e-02,-1.33227422e-02,-1.48234356e-02,-1.62133903e-02,-1.75493520e-02,-1.88602246e-02,-2.01640620e-02,-2.14866321e-02,-2.28681255e-02,-2.43554180e-02,-2.59875743e-02,-2.77886163e-02,-2.97750063e-02,-3.19655892e-02,-3.43706159e-02,-3.69547880e-02,-3.96052910e-02,-4.21459827e-02,-4.43971934e-02,-4.62340164e-02,-4.76063286e-02,-4.85283906e-02,-4.90641559e-02,-4.93179070e-02,-4.94185648e-02,-4.94886201e-02,-4.96597841e-02,-5.00461886e-02,-5.06684648e-02,-5.14379682e-02,-5.21776349e-02,-5.26852624e-02,-5.28554072e-02,-5.26394535e-02,-5.18943330e-02,-5.06877066e-02,-4.90830512e-02,-4.71553813e-02,-4.49909516e-02,-4.26889027e-02,-4.03565564e-02,-3.80959318e-02,-3.59850573e-02,-3.40601520e-02,-3.23045667e-02,-3.06485902e-02,-2.89815162e-02,-2.71751536e-02,-2.51159701e-02,-2.27378931e-02,-2.00433860e-02,-1.71047252e-02,-1.40474670e-02,-1.10257155e-02
-1.82210096e-02,-1.99649739e-02,-2.17188831e-02,-2.32835725e-02,-2.44440029e-02,-2.50090999e-02,-2.49816635e-02,-2.41775136e-02,-2.26732018e-02,-2.05829083e-02,-1.80565773e-02,-1.52446833e-02,-1.22713957e-02,-9.22049344e-03,-6.13473526e-03,-3.02618932e-03,1.08799204e-04,3.27809538e-03,6.49045365e-03,9.75808820e-03,1.30973225e-02,1.65219541e-02,2.00309085e-02,2.35968213e-02,2.71616897e-02,3.06406997e-02,3.39300188e-02,3.69124021e-02,3.94571056e-02,4.14166303e-02,4.26247727e-02,4.28243076e-02,4.21836541e-02,4.04736006e-02,3.76939477e-02,3.40643107e-02,2.99738323e-02,2.59316257e-02,2.24491832e-02,1.98882321e-02,1.83578484e-02,1.77146126e-02,1.76414246e-02,1.77326322e-02,1.76259401e-02,1.69944696e-02,1.54971360e-02,1.29495177e-02,9.40513305e-03,5.21847198e-03,9.63976847e-04,-2.79594032e-03,-5.73143078e-03,-7.79963139e-03,-9.15479680e-03,-1.00363974e-02,-1.06795899e-02,-1.12606405e-02,-1.18765414e-02,-1.25609820e-02,-1.33300255e-02,-1.42234418e-02,-1.53081859e-02,-1.66411545e-02
